[Simulation Monitor: 14]
[2026-04-11 09:50:38.524 +0700] [PROCESS] [cadence.virtuoso.ade.simulationMonitor] - Simulation Monitor has successfully started up. Trying to set up communication channels to other components ... {"hostname": "dtvt_13", "processid": 2236, "logfile": "/home/dtvt_13/truong/logs_dtvt_13/logs0/Job14.log"}
[2026-04-11 09:50:38.524 +0700] [PROCESS] [cadence.virtuoso.ade.simulationMonitor] - Communication channels have been successfully set up. Start processing events ... {"hostname": "dtvt_13", "processid": 2236, "logfile": "/home/dtvt_13/truong/logs_dtvt_13/logs0/Job14.log"}
[2026-04-11 09:50:38.524 +0700] [PROCESS] [cadence.virtuoso.ade.simulationMonitor] - Considering to start history {"hostname": "dtvt_13", "processid": 2236, "history": "ExplorerRun.0", "logfile": "/home/dtvt_13/truong/logs_dtvt_13/logs0/Job14.log"}
[2026-04-11 09:50:38.526 +0700] [PROCESS] [cadence.virtuoso.ade.simulationMonitor] - HostInfo:
Host name (type):	dtvt_13 (x86_64)
Operating system:	Linux 3.10.0-1160.118.1.el7.x86_64 #1 SMP Wed Apr 24 16:01:50 UTC 2024 {"hostname": "dtvt_13", "processid": 2236, "history": "ExplorerRun.0", "logfile": "/home/dtvt_13/truong/logs_dtvt_13/logs0/Job14.log", "nodename": "dtvt_13", "domainname": "(none)", "machine": "x86_64", "sysname": "Linux", "release": "3.10.0-1160.118.1.el7.x86_64", "version": "#1 SMP Wed Apr 24 16:01:50 UTC 2024"}
[2026-04-11 09:50:38.526 +0700] [PROCESS] [cadence.virtuoso.ade.simulationMonitor] - UsageInfo:
pid=2236
totalPhysicalMemory=15.208324GB,Used=14.583611GB,totalVirtualMemory=22.895821GB,Used=14.623650GB
Cpu: Cores=24, Load average:0.590000,0.310000,0.250000 {"hostname": "dtvt_13", "processid": 2236, "history": "ExplorerRun.0", "logfile": "/home/dtvt_13/truong/logs_dtvt_13/logs0/Job14.log", "pid": "2236", "totalPhysicalMemory": "15.208324", "physicalMemoryUsed": "14.583611", "totalVirtualMemory": "22.895821", "virtualMemoryUsed": "14.623650", "cpuCores": "24", "processes": "2597", "loadAverage1": "0.590000", "loadAverage5": "0.310000", "loadAverage15": "0.250000", "loadAverage1Percent": "0.024583"}
[2026-04-11 09:50:38.526 +0700] [EVENT] [cadence.virtuoso.ade.simulationMonitor] - NewPoint {"history": "ExplorerRun.0", "point": 1, "testname": "my_lib_pmos_tb_1", "cornername": "Nominal", "event": "NewPoint", "EventSource": "Simulation Monitor", "HistoryName": "ExplorerRun.0", "logFile": "/home/dtvt_13/truong/logs_dtvt_13/logs0/Job14.log", "logFileSize": "2093"}
[2026-04-11 09:50:38.627 +0700] [EVENT] [cadence.virtuoso.ade.simulationMonitor] - NewPoint {"history": "ExplorerRun.0", "point": 1, "testname": "my_lib_pmos_tb_1", "cornername": "Nominal", "event": "NewPoint", "EventSource": "spectre", "HistoryName": "ExplorerRun.0", "logFile": "/home/dtvt_13/simulation/my_lib/pmos_tb/maestro/results/maestro/ExplorerRun.0/1/my_lib_pmos_tb_1/psf/spectre.out", "logFileSize": "-1"}
[2026-04-11 09:50:38.638 +0700] [PROCESS] [cadence.virtuoso.ade.simulationMonitor] - Simulator launched {"hostname": "dtvt_13", "processid": 2236, "history": "ExplorerRun.0", "testname": "my_lib_pmos_tb_1", "cornername": "Nominal", "point": 1, "logfile": "/home/dtvt_13/truong/logs_dtvt_13/logs0/Job14.log", "simid": "1"}
[2026-04-11 09:50:38.642 +0700] [PROCESS] [cadence.virtuoso.ade.simulationMonitor] - Expression evaluator launched {"hostname": "dtvt_13", "processid": 2236, "history": "ExplorerRun.0", "testname": "my_lib_pmos_tb_1", "cornername": "Nominal", "point": 1, "logfile": "/home/dtvt_13/truong/logs_dtvt_13/logs0/Job14.log"}
[2026-04-11 09:50:38.655 +0700] [PROCESS] [cadence.virtuoso.ade.simulationMonitor] - Started Simulation {"hostname": "dtvt_13", "processid": 2236, "history": "ExplorerRun.0", "testname": "my_lib_pmos_tb_1", "cornername": "Nominal", "point": 1, "logfile": "/home/dtvt_13/truong/logs_dtvt_13/logs0/Job14.log"}
[2026-04-11 09:50:41.156 +0700] [PROCESS] [cadence.virtuoso.ade.simulationMonitor] - Finished simulating for one point {"hostname": "dtvt_13", "processid": 2236, "history": "ExplorerRun.0", "testname": "my_lib_pmos_tb_1", "cornername": "Nominal", "point": 1, "logfile": "/home/dtvt_13/truong/logs_dtvt_13/logs0/Job14.log", "simid": "1"}
[2026-04-11 09:50:41.156 +0700] [INFO] [cadence.virtuoso.ade.simulationMonitor] - Peak resident memory used = 97.7 Mbytes. {"history": "ExplorerRun.0", "point": 1, "testname": "my_lib_pmos_tb_1", "cornername": "Nominal"}
[2026-04-11 09:50:41.156 +0700] [INFO] [cadence.virtuoso.ade.simulationMonitor] - Peak resident memory used = 106 Mbytes. {"history": "ExplorerRun.0", "point": 1, "testname": "my_lib_pmos_tb_1", "cornername": "Nominal"}
[2026-04-11 09:50:41.156 +0700] [INFO] [cadence.virtuoso.ade.simulationMonitor] - Notice from spectre during hierarchy flattening.
    The value 'psf' specified for the 'checklimitdest' option will no longer be supported in future releases. Use 'spectre -h' to see other recommended values for the 'checklimitdest' option. {"history": "ExplorerRun.0", "point": 1, "testname": "my_lib_pmos_tb_1", "cornername": "Nominal"}
[2026-04-11 09:50:41.156 +0700] [INFO] [cadence.virtuoso.ade.simulationMonitor] - Peak resident memory used = 107 Mbytes. {"history": "ExplorerRun.0", "point": 1, "testname": "my_lib_pmos_tb_1", "cornername": "Nominal"}
[2026-04-11 09:50:41.156 +0700] [INFO] [cadence.virtuoso.ade.simulationMonitor] - Notice from spectre during initial setup.
    Multithreading is disabled due to the size of the design being too small. {"history": "ExplorerRun.0", "point": 1, "testname": "my_lib_pmos_tb_1", "cornername": "Nominal"}
[2026-04-11 09:50:41.156 +0700] [INFO] [cadence.virtuoso.ade.simulationMonitor] -               nodes 8 {"history": "ExplorerRun.0", "point": 1, "testname": "my_lib_pmos_tb_1", "cornername": "Nominal"}
[2026-04-11 09:50:41.156 +0700] [INFO] [cadence.virtuoso.ade.simulationMonitor] - Notice from spectre during initial setup.
    APS enabled. {"history": "ExplorerRun.0", "point": 1, "testname": "my_lib_pmos_tb_1", "cornername": "Nominal"}
[2026-04-11 09:50:41.156 +0700] [INFO] [cadence.virtuoso.ade.simulationMonitor] - Peak resident memory used = 109 Mbytes. {"history": "ExplorerRun.0", "point": 1, "testname": "my_lib_pmos_tb_1", "cornername": "Nominal"}
[2026-04-11 09:50:41.156 +0700] [INFO] [cadence.virtuoso.ade.simulationMonitor] -    -   (APS) Multi-threading. The recommended number of threads is 1, consider adding +mt=1 on command line. {"history": "ExplorerRun.0", "point": 1, "testname": "my_lib_pmos_tb_1", "cornername": "Nominal"}
[2026-04-11 09:50:41.156 +0700] [INFO] [cadence.virtuoso.ade.simulationMonitor] - Total time required for dc analysis `dcOp': CPU = 976 us, elapsed = 1.90306 ms. {"history": "ExplorerRun.0", "point": 1, "testname": "my_lib_pmos_tb_1", "cornername": "Nominal"}
[2026-04-11 09:50:41.157 +0700] [INFO] [cadence.virtuoso.ade.simulationMonitor] - Peak resident memory used = 110 Mbytes. {"history": "ExplorerRun.0", "point": 1, "testname": "my_lib_pmos_tb_1", "cornername": "Nominal"}
[2026-04-11 09:50:41.157 +0700] [INFO] [cadence.virtuoso.ade.simulationMonitor] - Notice from spectre at vg = 740e-03 during DC analysis `dc'.
    The value of parameter 'vg' has been reset to the original value 0.74. {"history": "ExplorerRun.0", "point": 1, "testname": "my_lib_pmos_tb_1", "cornername": "Nominal"}
[2026-04-11 09:50:41.157 +0700] [INFO] [cadence.virtuoso.ade.simulationMonitor] - Total time required for dc analysis `dc': CPU = 4.972 ms, elapsed = 5.98598 ms. {"history": "ExplorerRun.0", "point": 1, "testname": "my_lib_pmos_tb_1", "cornername": "Nominal"}
[2026-04-11 09:50:41.157 +0700] [INFO] [cadence.virtuoso.ade.simulationMonitor] - Peak resident memory used = 111 Mbytes. {"history": "ExplorerRun.0", "point": 1, "testname": "my_lib_pmos_tb_1", "cornername": "Nominal"}
[2026-04-11 09:50:41.157 +0700] [INFO] [cadence.virtuoso.ade.simulationMonitor] - Time used: CPU = 555 ms, elapsed = 1.92 s, util. = 28.9%. {"history": "ExplorerRun.0", "point": 1, "testname": "my_lib_pmos_tb_1", "cornername": "Nominal"}
[2026-04-11 09:50:41.157 +0700] [INFO] [cadence.virtuoso.ade.simulationMonitor] - Time spent in licensing: elapsed = 938 ms, percentage of total = 48.9%. {"history": "ExplorerRun.0", "point": 1, "testname": "my_lib_pmos_tb_1", "cornername": "Nominal"}
[2026-04-11 09:50:41.157 +0700] [INFO] [cadence.virtuoso.ade.simulationMonitor] - Peak memory used = 113 Mbytes. {"history": "ExplorerRun.0", "point": 1, "testname": "my_lib_pmos_tb_1", "cornername": "Nominal"}
[2026-04-11 09:50:41.157 +0700] [PROCESS] [cadence.virtuoso.ade.simulationMonitor] - Simulation started at: 9:50:38 AM, Sat Apr 11, 2026, ended at: 9:50:40 AM, Sat Apr 11, 2026, with elapsed time (wall clock): 1.92 s. {"history": "ExplorerRun.0", "point": 1, "testname": "my_lib_pmos_tb_1", "cornername": "Nominal"}
[2026-04-11 09:50:41.157 +0700] [PROCESS] [cadence.virtuoso.ade.simulationMonitor] - spectre completes with 0 errors, 0 warnings, and 5 notices. {"history": "ExplorerRun.0", "point": 1, "testname": "my_lib_pmos_tb_1", "cornername": "Nominal"}
[2026-04-11 09:50:41.157 +0700] [PROCESS] [cadence.virtuoso.ade.simulationMonitor] - Simulator exited {"hostname": "dtvt_13", "processid": 2236, "history": "ExplorerRun.0", "testname": "my_lib_pmos_tb_1", "cornername": "Nominal", "point": 1, "logfile": "/home/dtvt_13/truong/logs_dtvt_13/logs0/Job14.log", "exitStatus": "0"}
[2026-04-11 09:50:41.157 +0700] [PROCESS] [cadence.virtuoso.ade.simulationMonitor] - Finished Simulation {"hostname": "dtvt_13", "processid": 2236, "history": "ExplorerRun.0", "testname": "my_lib_pmos_tb_1", "cornername": "Nominal", "point": 1, "logfile": "/home/dtvt_13/truong/logs_dtvt_13/logs0/Job14.log", "simid": "1"}
[2026-04-11 09:50:41.663 +0700] [PROCESS] [cadence.virtuoso.ade.simulationMonitor] - Point Finished {"hostname": "dtvt_13", "processid": 2236, "history": "ExplorerRun.0", "testname": "my_lib_pmos_tb_1", "cornername": "Nominal", "point": 1, "logfile": "/home/dtvt_13/truong/logs_dtvt_13/logs0/Job14.log"}
[2026-04-11 09:50:41.695 +0700] [PROCESS] [cadence.virtuoso.ade.simulationMonitor] - HostInfo:
Host name (type):	dtvt_13 (x86_64)
Operating system:	Linux 3.10.0-1160.118.1.el7.x86_64 #1 SMP Wed Apr 24 16:01:50 UTC 2024 {"hostname": "dtvt_13", "processid": 2236, "history": "ExplorerRun.0", "testname": "my_lib_pmos_tb_1", "cornername": "Nominal", "point": 1, "logfile": "/home/dtvt_13/truong/logs_dtvt_13/logs0/Job14.log", "nodename": "dtvt_13", "domainname": "(none)", "machine": "x86_64", "sysname": "Linux", "release": "3.10.0-1160.118.1.el7.x86_64", "version": "#1 SMP Wed Apr 24 16:01:50 UTC 2024"}
[2026-04-11 09:50:41.695 +0700] [PROCESS] [cadence.virtuoso.ade.simulationMonitor] - UsageInfo:
pid=2236
totalPhysicalMemory=15.208324GB,Used=14.820534GB,totalVirtualMemory=22.895821GB,Used=14.860573GB
Cpu: Cores=24, Load average:0.590000,0.310000,0.250000 {"hostname": "dtvt_13", "processid": 2236, "history": "ExplorerRun.0", "testname": "my_lib_pmos_tb_1", "cornername": "Nominal", "point": 1, "logfile": "/home/dtvt_13/truong/logs_dtvt_13/logs0/Job14.log", "pid": "2236", "totalPhysicalMemory": "15.208324", "physicalMemoryUsed": "14.820534", "totalVirtualMemory": "22.895821", "virtualMemoryUsed": "14.860573", "cpuCores": "24", "processes": "2631", "loadAverage1": "0.590000", "loadAverage5": "0.310000", "loadAverage15": "0.250000", "loadAverage1Percent": "0.024583"}
[2026-04-11 09:50:41.696 +0700] [EVENT] [cadence.virtuoso.ade.simulationMonitor] - NewPoint {"history": "ExplorerRun.0", "point": 2, "testname": "my_lib_pmos_tb_1", "cornername": "Nominal", "event": "NewPoint", "EventSource": "Simulation Monitor", "HistoryName": "ExplorerRun.0", "logFile": "/home/dtvt_13/truong/logs_dtvt_13/logs0/Job14.log", "logFileSize": "11362"}
[2026-04-11 09:50:41.797 +0700] [EVENT] [cadence.virtuoso.ade.simulationMonitor] - NewPoint {"history": "ExplorerRun.0", "point": 2, "testname": "my_lib_pmos_tb_1", "cornername": "Nominal", "event": "NewPoint", "EventSource": "spectre", "HistoryName": "ExplorerRun.0", "logFile": "/home/dtvt_13/simulation/my_lib/pmos_tb/maestro/results/maestro/ExplorerRun.0/2/my_lib_pmos_tb_1/psf/spectre.out", "logFileSize": "-1"}
[2026-04-11 09:50:41.807 +0700] [PROCESS] [cadence.virtuoso.ade.simulationMonitor] - Simulator launched {"hostname": "dtvt_13", "processid": 2236, "history": "ExplorerRun.0", "testname": "my_lib_pmos_tb_1", "cornername": "Nominal", "point": 2, "logfile": "/home/dtvt_13/truong/logs_dtvt_13/logs0/Job14.log", "simid": "2"}
[2026-04-11 09:50:41.808 +0700] [PROCESS] [cadence.virtuoso.ade.simulationMonitor] - Started Simulation {"hostname": "dtvt_13", "processid": 2236, "history": "ExplorerRun.0", "testname": "my_lib_pmos_tb_1", "cornername": "Nominal", "point": 2, "logfile": "/home/dtvt_13/truong/logs_dtvt_13/logs0/Job14.log"}
[2026-04-11 09:50:43.309 +0700] [PROCESS] [cadence.virtuoso.ade.simulationMonitor] - Finished simulating for one point {"hostname": "dtvt_13", "processid": 2236, "history": "ExplorerRun.0", "testname": "my_lib_pmos_tb_1", "cornername": "Nominal", "point": 2, "logfile": "/home/dtvt_13/truong/logs_dtvt_13/logs0/Job14.log", "simid": "2"}
[2026-04-11 09:50:43.309 +0700] [INFO] [cadence.virtuoso.ade.simulationMonitor] - Peak resident memory used = 96.2 Mbytes. {"history": "ExplorerRun.0", "point": 2, "testname": "my_lib_pmos_tb_1", "cornername": "Nominal"}
[2026-04-11 09:50:43.310 +0700] [INFO] [cadence.virtuoso.ade.simulationMonitor] - Peak resident memory used = 105 Mbytes. {"history": "ExplorerRun.0", "point": 2, "testname": "my_lib_pmos_tb_1", "cornername": "Nominal"}
[2026-04-11 09:50:43.310 +0700] [INFO] [cadence.virtuoso.ade.simulationMonitor] - Notice from spectre during hierarchy flattening.
    The value 'psf' specified for the 'checklimitdest' option will no longer be supported in future releases. Use 'spectre -h' to see other recommended values for the 'checklimitdest' option. {"history": "ExplorerRun.0", "point": 2, "testname": "my_lib_pmos_tb_1", "cornername": "Nominal"}
[2026-04-11 09:50:43.310 +0700] [INFO] [cadence.virtuoso.ade.simulationMonitor] - Peak resident memory used = 106 Mbytes. {"history": "ExplorerRun.0", "point": 2, "testname": "my_lib_pmos_tb_1", "cornername": "Nominal"}
[2026-04-11 09:50:43.311 +0700] [INFO] [cadence.virtuoso.ade.simulationMonitor] - Notice from spectre during initial setup.
    Multithreading is disabled due to the size of the design being too small. {"history": "ExplorerRun.0", "point": 2, "testname": "my_lib_pmos_tb_1", "cornername": "Nominal"}
[2026-04-11 09:50:43.311 +0700] [INFO] [cadence.virtuoso.ade.simulationMonitor] -               nodes 8 {"history": "ExplorerRun.0", "point": 2, "testname": "my_lib_pmos_tb_1", "cornername": "Nominal"}
[2026-04-11 09:50:43.311 +0700] [INFO] [cadence.virtuoso.ade.simulationMonitor] - Notice from spectre during initial setup.
    APS enabled. {"history": "ExplorerRun.0", "point": 2, "testname": "my_lib_pmos_tb_1", "cornername": "Nominal"}
[2026-04-11 09:50:43.312 +0700] [INFO] [cadence.virtuoso.ade.simulationMonitor] - Peak resident memory used = 107 Mbytes. {"history": "ExplorerRun.0", "point": 2, "testname": "my_lib_pmos_tb_1", "cornername": "Nominal"}
[2026-04-11 09:50:43.312 +0700] [INFO] [cadence.virtuoso.ade.simulationMonitor] -    -   (APS) Multi-threading. The recommended number of threads is 1, consider adding +mt=1 on command line. {"history": "ExplorerRun.0", "point": 2, "testname": "my_lib_pmos_tb_1", "cornername": "Nominal"}
[2026-04-11 09:50:43.312 +0700] [INFO] [cadence.virtuoso.ade.simulationMonitor] - Total time required for dc analysis `dcOp': CPU = 1.497 ms, elapsed = 2.4991 ms. {"history": "ExplorerRun.0", "point": 2, "testname": "my_lib_pmos_tb_1", "cornername": "Nominal"}
[2026-04-11 09:50:43.312 +0700] [INFO] [cadence.virtuoso.ade.simulationMonitor] - Peak resident memory used = 109 Mbytes. {"history": "ExplorerRun.0", "point": 2, "testname": "my_lib_pmos_tb_1", "cornername": "Nominal"}
[2026-04-11 09:50:43.312 +0700] [INFO] [cadence.virtuoso.ade.simulationMonitor] - Notice from spectre at vg = 740e-03 during DC analysis `dc'.
    The value of parameter 'vg' has been reset to the original value 0.74. {"history": "ExplorerRun.0", "point": 2, "testname": "my_lib_pmos_tb_1", "cornername": "Nominal"}
[2026-04-11 09:50:43.313 +0700] [INFO] [cadence.virtuoso.ade.simulationMonitor] - Total time required for dc analysis `dc': CPU = 5.311 ms, elapsed = 6.31881 ms. {"history": "ExplorerRun.0", "point": 2, "testname": "my_lib_pmos_tb_1", "cornername": "Nominal"}
[2026-04-11 09:50:43.313 +0700] [INFO] [cadence.virtuoso.ade.simulationMonitor] - Peak resident memory used = 110 Mbytes. {"history": "ExplorerRun.0", "point": 2, "testname": "my_lib_pmos_tb_1", "cornername": "Nominal"}
[2026-04-11 09:50:43.313 +0700] [INFO] [cadence.virtuoso.ade.simulationMonitor] - Time used: CPU = 508 ms, elapsed = 849 ms, util. = 59.8%. {"history": "ExplorerRun.0", "point": 2, "testname": "my_lib_pmos_tb_1", "cornername": "Nominal"}
[2026-04-11 09:50:43.313 +0700] [INFO] [cadence.virtuoso.ade.simulationMonitor] - Time spent in licensing: elapsed = 339 ms, percentage of total = 39.9%. {"history": "ExplorerRun.0", "point": 2, "testname": "my_lib_pmos_tb_1", "cornername": "Nominal"}
[2026-04-11 09:50:43.314 +0700] [INFO] [cadence.virtuoso.ade.simulationMonitor] - Peak memory used = 111 Mbytes. {"history": "ExplorerRun.0", "point": 2, "testname": "my_lib_pmos_tb_1", "cornername": "Nominal"}
[2026-04-11 09:50:43.314 +0700] [PROCESS] [cadence.virtuoso.ade.simulationMonitor] - Simulation started at: 9:50:41 AM, Sat Apr 11, 2026, ended at: 9:50:42 AM, Sat Apr 11, 2026, with elapsed time (wall clock): 849 ms. {"history": "ExplorerRun.0", "point": 2, "testname": "my_lib_pmos_tb_1", "cornername": "Nominal"}
[2026-04-11 09:50:43.314 +0700] [PROCESS] [cadence.virtuoso.ade.simulationMonitor] - spectre completes with 0 errors, 0 warnings, and 5 notices. {"history": "ExplorerRun.0", "point": 2, "testname": "my_lib_pmos_tb_1", "cornername": "Nominal"}
[2026-04-11 09:50:43.314 +0700] [PROCESS] [cadence.virtuoso.ade.simulationMonitor] - Simulator exited {"hostname": "dtvt_13", "processid": 2236, "history": "ExplorerRun.0", "testname": "my_lib_pmos_tb_1", "cornername": "Nominal", "point": 2, "logfile": "/home/dtvt_13/truong/logs_dtvt_13/logs0/Job14.log", "exitStatus": "0"}
[2026-04-11 09:50:43.314 +0700] [PROCESS] [cadence.virtuoso.ade.simulationMonitor] - Finished Simulation {"hostname": "dtvt_13", "processid": 2236, "history": "ExplorerRun.0", "testname": "my_lib_pmos_tb_1", "cornername": "Nominal", "point": 2, "logfile": "/home/dtvt_13/truong/logs_dtvt_13/logs0/Job14.log", "simid": "2"}
[2026-04-11 09:50:43.830 +0700] [PROCESS] [cadence.virtuoso.ade.simulationMonitor] - Point Finished {"hostname": "dtvt_13", "processid": 2236, "history": "ExplorerRun.0", "testname": "my_lib_pmos_tb_1", "cornername": "Nominal", "point": 2, "logfile": "/home/dtvt_13/truong/logs_dtvt_13/logs0/Job14.log"}
[2026-04-11 09:50:43.834 +0700] [PROCESS] [cadence.virtuoso.ade.simulationMonitor] - HostInfo:
Host name (type):	dtvt_13 (x86_64)
Operating system:	Linux 3.10.0-1160.118.1.el7.x86_64 #1 SMP Wed Apr 24 16:01:50 UTC 2024 {"hostname": "dtvt_13", "processid": 2236, "history": "ExplorerRun.0", "testname": "my_lib_pmos_tb_1", "cornername": "Nominal", "point": 2, "logfile": "/home/dtvt_13/truong/logs_dtvt_13/logs0/Job14.log", "nodename": "dtvt_13", "domainname": "(none)", "machine": "x86_64", "sysname": "Linux", "release": "3.10.0-1160.118.1.el7.x86_64", "version": "#1 SMP Wed Apr 24 16:01:50 UTC 2024"}
[2026-04-11 09:50:43.834 +0700] [PROCESS] [cadence.virtuoso.ade.simulationMonitor] - UsageInfo:
pid=2236
totalPhysicalMemory=15.208324GB,Used=14.820995GB,totalVirtualMemory=22.895821GB,Used=14.861034GB
Cpu: Cores=24, Load average:0.780000,0.360000,0.270000 {"hostname": "dtvt_13", "processid": 2236, "history": "ExplorerRun.0", "testname": "my_lib_pmos_tb_1", "cornername": "Nominal", "point": 2, "logfile": "/home/dtvt_13/truong/logs_dtvt_13/logs0/Job14.log", "pid": "2236", "totalPhysicalMemory": "15.208324", "physicalMemoryUsed": "14.820995", "totalVirtualMemory": "22.895821", "virtualMemoryUsed": "14.861034", "cpuCores": "24", "processes": "2631", "loadAverage1": "0.780000", "loadAverage5": "0.360000", "loadAverage15": "0.270000", "loadAverage1Percent": "0.032500"}
[2026-04-11 09:50:43.834 +0700] [EVENT] [cadence.virtuoso.ade.simulationMonitor] - NewPoint {"history": "ExplorerRun.0", "point": 3, "testname": "my_lib_pmos_tb_1", "cornername": "Nominal", "event": "NewPoint", "EventSource": "Simulation Monitor", "HistoryName": "ExplorerRun.0", "logFile": "/home/dtvt_13/truong/logs_dtvt_13/logs0/Job14.log", "logFileSize": "20314"}
[2026-04-11 09:50:43.935 +0700] [EVENT] [cadence.virtuoso.ade.simulationMonitor] - NewPoint {"history": "ExplorerRun.0", "point": 3, "testname": "my_lib_pmos_tb_1", "cornername": "Nominal", "event": "NewPoint", "EventSource": "spectre", "HistoryName": "ExplorerRun.0", "logFile": "/home/dtvt_13/simulation/my_lib/pmos_tb/maestro/results/maestro/ExplorerRun.0/3/my_lib_pmos_tb_1/psf/spectre.out", "logFileSize": "-1"}
[2026-04-11 09:50:43.946 +0700] [PROCESS] [cadence.virtuoso.ade.simulationMonitor] - Simulator launched {"hostname": "dtvt_13", "processid": 2236, "history": "ExplorerRun.0", "testname": "my_lib_pmos_tb_1", "cornername": "Nominal", "point": 3, "logfile": "/home/dtvt_13/truong/logs_dtvt_13/logs0/Job14.log", "simid": "3"}
[2026-04-11 09:50:43.947 +0700] [PROCESS] [cadence.virtuoso.ade.simulationMonitor] - Started Simulation {"hostname": "dtvt_13", "processid": 2236, "history": "ExplorerRun.0", "testname": "my_lib_pmos_tb_1", "cornername": "Nominal", "point": 3, "logfile": "/home/dtvt_13/truong/logs_dtvt_13/logs0/Job14.log"}
[2026-04-11 09:50:55.606 +0700] [PROCESS] [cadence.virtuoso.ade.simulationMonitor] - Finished simulating for one point {"hostname": "dtvt_13", "processid": 2236, "history": "ExplorerRun.0", "testname": "my_lib_pmos_tb_1", "cornername": "Nominal", "point": 3, "logfile": "/home/dtvt_13/truong/logs_dtvt_13/logs0/Job14.log", "simid": "3"}
[2026-04-11 09:50:55.607 +0700] [INFO] [cadence.virtuoso.ade.simulationMonitor] - Peak resident memory used = 96.2 Mbytes. {"history": "ExplorerRun.0", "point": 3, "testname": "my_lib_pmos_tb_1", "cornername": "Nominal"}
[2026-04-11 09:50:55.607 +0700] [INFO] [cadence.virtuoso.ade.simulationMonitor] - Peak resident memory used = 105 Mbytes. {"history": "ExplorerRun.0", "point": 3, "testname": "my_lib_pmos_tb_1", "cornername": "Nominal"}
[2026-04-11 09:50:55.607 +0700] [INFO] [cadence.virtuoso.ade.simulationMonitor] - Notice from spectre during hierarchy flattening.
    The value 'psf' specified for the 'checklimitdest' option will no longer be supported in future releases. Use 'spectre -h' to see other recommended values for the 'checklimitdest' option. {"history": "ExplorerRun.0", "point": 3, "testname": "my_lib_pmos_tb_1", "cornername": "Nominal"}
[2026-04-11 09:50:55.608 +0700] [INFO] [cadence.virtuoso.ade.simulationMonitor] - Peak resident memory used = 106 Mbytes. {"history": "ExplorerRun.0", "point": 3, "testname": "my_lib_pmos_tb_1", "cornername": "Nominal"}
[2026-04-11 09:50:55.608 +0700] [INFO] [cadence.virtuoso.ade.simulationMonitor] - Notice from spectre during initial setup.
    Multithreading is disabled due to the size of the design being too small. {"history": "ExplorerRun.0", "point": 3, "testname": "my_lib_pmos_tb_1", "cornername": "Nominal"}
[2026-04-11 09:50:55.608 +0700] [INFO] [cadence.virtuoso.ade.simulationMonitor] -               nodes 8 {"history": "ExplorerRun.0", "point": 3, "testname": "my_lib_pmos_tb_1", "cornername": "Nominal"}
[2026-04-11 09:50:55.609 +0700] [INFO] [cadence.virtuoso.ade.simulationMonitor] - Notice from spectre during initial setup.
    APS enabled. {"history": "ExplorerRun.0", "point": 3, "testname": "my_lib_pmos_tb_1", "cornername": "Nominal"}
[2026-04-11 09:50:55.609 +0700] [INFO] [cadence.virtuoso.ade.simulationMonitor] - Peak resident memory used = 107 Mbytes. {"history": "ExplorerRun.0", "point": 3, "testname": "my_lib_pmos_tb_1", "cornername": "Nominal"}
[2026-04-11 09:50:55.609 +0700] [INFO] [cadence.virtuoso.ade.simulationMonitor] -    -   (APS) Multi-threading. The recommended number of threads is 1, consider adding +mt=1 on command line. {"history": "ExplorerRun.0", "point": 3, "testname": "my_lib_pmos_tb_1", "cornername": "Nominal"}
[2026-04-11 09:50:55.609 +0700] [INFO] [cadence.virtuoso.ade.simulationMonitor] - Total time required for dc analysis `dcOp': CPU = 1.549 ms, elapsed = 2.5661 ms. {"history": "ExplorerRun.0", "point": 3, "testname": "my_lib_pmos_tb_1", "cornername": "Nominal"}
[2026-04-11 09:50:55.609 +0700] [INFO] [cadence.virtuoso.ade.simulationMonitor] - Peak resident memory used = 109 Mbytes. {"history": "ExplorerRun.0", "point": 3, "testname": "my_lib_pmos_tb_1", "cornername": "Nominal"}
[2026-04-11 09:50:55.610 +0700] [INFO] [cadence.virtuoso.ade.simulationMonitor] - Notice from spectre at vg = 740e-03 during DC analysis `dc'.
    The value of parameter 'vg' has been reset to the original value 0.74. {"history": "ExplorerRun.0", "point": 3, "testname": "my_lib_pmos_tb_1", "cornername": "Nominal"}
[2026-04-11 09:50:55.610 +0700] [INFO] [cadence.virtuoso.ade.simulationMonitor] - Total time required for dc analysis `dc': CPU = 5.705 ms, elapsed = 6.73294 ms. {"history": "ExplorerRun.0", "point": 3, "testname": "my_lib_pmos_tb_1", "cornername": "Nominal"}
[2026-04-11 09:50:55.610 +0700] [INFO] [cadence.virtuoso.ade.simulationMonitor] - Peak resident memory used = 110 Mbytes. {"history": "ExplorerRun.0", "point": 3, "testname": "my_lib_pmos_tb_1", "cornername": "Nominal"}
[2026-04-11 09:50:55.610 +0700] [INFO] [cadence.virtuoso.ade.simulationMonitor] - Time used: CPU = 518 ms, elapsed = 11.1 s, util. = 4.65%. {"history": "ExplorerRun.0", "point": 3, "testname": "my_lib_pmos_tb_1", "cornername": "Nominal"}
[2026-04-11 09:50:55.610 +0700] [INFO] [cadence.virtuoso.ade.simulationMonitor] - Time spent in licensing: elapsed = 10.6 s, percentage of total = 95.3%. {"history": "ExplorerRun.0", "point": 3, "testname": "my_lib_pmos_tb_1", "cornername": "Nominal"}
[2026-04-11 09:50:55.610 +0700] [INFO] [cadence.virtuoso.ade.simulationMonitor] - Peak memory used = 111 Mbytes. {"history": "ExplorerRun.0", "point": 3, "testname": "my_lib_pmos_tb_1", "cornername": "Nominal"}
[2026-04-11 09:50:55.611 +0700] [PROCESS] [cadence.virtuoso.ade.simulationMonitor] - Simulation started at: 9:50:44 AM, Sat Apr 11, 2026, ended at: 9:50:55 AM, Sat Apr 11, 2026, with elapsed time (wall clock): 11.1 s. {"history": "ExplorerRun.0", "point": 3, "testname": "my_lib_pmos_tb_1", "cornername": "Nominal"}
[2026-04-11 09:50:55.611 +0700] [PROCESS] [cadence.virtuoso.ade.simulationMonitor] - spectre completes with 0 errors, 0 warnings, and 5 notices. {"history": "ExplorerRun.0", "point": 3, "testname": "my_lib_pmos_tb_1", "cornername": "Nominal"}
[2026-04-11 09:50:55.611 +0700] [PROCESS] [cadence.virtuoso.ade.simulationMonitor] - Simulator exited {"hostname": "dtvt_13", "processid": 2236, "history": "ExplorerRun.0", "testname": "my_lib_pmos_tb_1", "cornername": "Nominal", "point": 3, "logfile": "/home/dtvt_13/truong/logs_dtvt_13/logs0/Job14.log", "exitStatus": "0"}
[2026-04-11 09:50:55.611 +0700] [PROCESS] [cadence.virtuoso.ade.simulationMonitor] - Finished Simulation {"hostname": "dtvt_13", "processid": 2236, "history": "ExplorerRun.0", "testname": "my_lib_pmos_tb_1", "cornername": "Nominal", "point": 3, "logfile": "/home/dtvt_13/truong/logs_dtvt_13/logs0/Job14.log", "simid": "3"}
[2026-04-11 09:50:56.126 +0700] [PROCESS] [cadence.virtuoso.ade.simulationMonitor] - Point Finished {"hostname": "dtvt_13", "processid": 2236, "history": "ExplorerRun.0", "testname": "my_lib_pmos_tb_1", "cornername": "Nominal", "point": 3, "logfile": "/home/dtvt_13/truong/logs_dtvt_13/logs0/Job14.log"}
[2026-04-11 09:50:56.133 +0700] [PROCESS] [cadence.virtuoso.ade.simulationMonitor] - HostInfo:
Host name (type):	dtvt_13 (x86_64)
Operating system:	Linux 3.10.0-1160.118.1.el7.x86_64 #1 SMP Wed Apr 24 16:01:50 UTC 2024 {"hostname": "dtvt_13", "processid": 2236, "history": "ExplorerRun.0", "testname": "my_lib_pmos_tb_1", "cornername": "Nominal", "point": 3, "logfile": "/home/dtvt_13/truong/logs_dtvt_13/logs0/Job14.log", "nodename": "dtvt_13", "domainname": "(none)", "machine": "x86_64", "sysname": "Linux", "release": "3.10.0-1160.118.1.el7.x86_64", "version": "#1 SMP Wed Apr 24 16:01:50 UTC 2024"}
[2026-04-11 09:50:56.133 +0700] [PROCESS] [cadence.virtuoso.ade.simulationMonitor] - UsageInfo:
pid=2236
totalPhysicalMemory=15.208324GB,Used=14.823959GB,totalVirtualMemory=22.895821GB,Used=14.863998GB
Cpu: Cores=24, Load average:0.810000,0.380000,0.270000 {"hostname": "dtvt_13", "processid": 2236, "history": "ExplorerRun.0", "testname": "my_lib_pmos_tb_1", "cornername": "Nominal", "point": 3, "logfile": "/home/dtvt_13/truong/logs_dtvt_13/logs0/Job14.log", "pid": "2236", "totalPhysicalMemory": "15.208324", "physicalMemoryUsed": "14.823959", "totalVirtualMemory": "22.895821", "virtualMemoryUsed": "14.863998", "cpuCores": "24", "processes": "2635", "loadAverage1": "0.810000", "loadAverage5": "0.380000", "loadAverage15": "0.270000", "loadAverage1Percent": "0.033750"}
[2026-04-11 09:50:56.134 +0700] [EVENT] [cadence.virtuoso.ade.simulationMonitor] - NewPoint {"history": "ExplorerRun.0", "point": 4, "testname": "my_lib_pmos_tb_1", "cornername": "Nominal", "event": "NewPoint", "EventSource": "Simulation Monitor", "HistoryName": "ExplorerRun.0", "logFile": "/home/dtvt_13/truong/logs_dtvt_13/logs0/Job14.log", "logFileSize": "29266"}
[2026-04-11 09:50:56.235 +0700] [EVENT] [cadence.virtuoso.ade.simulationMonitor] - NewPoint {"history": "ExplorerRun.0", "point": 4, "testname": "my_lib_pmos_tb_1", "cornername": "Nominal", "event": "NewPoint", "EventSource": "spectre", "HistoryName": "ExplorerRun.0", "logFile": "/home/dtvt_13/simulation/my_lib/pmos_tb/maestro/results/maestro/ExplorerRun.0/4/my_lib_pmos_tb_1/psf/spectre.out", "logFileSize": "-1"}
[2026-04-11 09:50:56.245 +0700] [PROCESS] [cadence.virtuoso.ade.simulationMonitor] - Simulator launched {"hostname": "dtvt_13", "processid": 2236, "history": "ExplorerRun.0", "testname": "my_lib_pmos_tb_1", "cornername": "Nominal", "point": 4, "logfile": "/home/dtvt_13/truong/logs_dtvt_13/logs0/Job14.log", "simid": "4"}
[2026-04-11 09:50:56.246 +0700] [PROCESS] [cadence.virtuoso.ade.simulationMonitor] - Started Simulation {"hostname": "dtvt_13", "processid": 2236, "history": "ExplorerRun.0", "testname": "my_lib_pmos_tb_1", "cornername": "Nominal", "point": 4, "logfile": "/home/dtvt_13/truong/logs_dtvt_13/logs0/Job14.log"}
[2026-04-11 09:50:57.747 +0700] [PROCESS] [cadence.virtuoso.ade.simulationMonitor] - Finished simulating for one point {"hostname": "dtvt_13", "processid": 2236, "history": "ExplorerRun.0", "testname": "my_lib_pmos_tb_1", "cornername": "Nominal", "point": 4, "logfile": "/home/dtvt_13/truong/logs_dtvt_13/logs0/Job14.log", "simid": "4"}
[2026-04-11 09:50:57.747 +0700] [INFO] [cadence.virtuoso.ade.simulationMonitor] - Peak resident memory used = 96.2 Mbytes. {"history": "ExplorerRun.0", "point": 4, "testname": "my_lib_pmos_tb_1", "cornername": "Nominal"}
[2026-04-11 09:50:57.748 +0700] [INFO] [cadence.virtuoso.ade.simulationMonitor] - Peak resident memory used = 105 Mbytes. {"history": "ExplorerRun.0", "point": 4, "testname": "my_lib_pmos_tb_1", "cornername": "Nominal"}
[2026-04-11 09:50:57.748 +0700] [INFO] [cadence.virtuoso.ade.simulationMonitor] - Notice from spectre during hierarchy flattening.
    The value 'psf' specified for the 'checklimitdest' option will no longer be supported in future releases. Use 'spectre -h' to see other recommended values for the 'checklimitdest' option. {"history": "ExplorerRun.0", "point": 4, "testname": "my_lib_pmos_tb_1", "cornername": "Nominal"}
[2026-04-11 09:50:57.748 +0700] [INFO] [cadence.virtuoso.ade.simulationMonitor] - Peak resident memory used = 106 Mbytes. {"history": "ExplorerRun.0", "point": 4, "testname": "my_lib_pmos_tb_1", "cornername": "Nominal"}
[2026-04-11 09:50:57.748 +0700] [INFO] [cadence.virtuoso.ade.simulationMonitor] - Notice from spectre during initial setup.
    Multithreading is disabled due to the size of the design being too small. {"history": "ExplorerRun.0", "point": 4, "testname": "my_lib_pmos_tb_1", "cornername": "Nominal"}
[2026-04-11 09:50:57.749 +0700] [INFO] [cadence.virtuoso.ade.simulationMonitor] -               nodes 8 {"history": "ExplorerRun.0", "point": 4, "testname": "my_lib_pmos_tb_1", "cornername": "Nominal"}
[2026-04-11 09:50:57.749 +0700] [INFO] [cadence.virtuoso.ade.simulationMonitor] - Notice from spectre during initial setup.
    APS enabled. {"history": "ExplorerRun.0", "point": 4, "testname": "my_lib_pmos_tb_1", "cornername": "Nominal"}
[2026-04-11 09:50:57.749 +0700] [INFO] [cadence.virtuoso.ade.simulationMonitor] - Peak resident memory used = 107 Mbytes. {"history": "ExplorerRun.0", "point": 4, "testname": "my_lib_pmos_tb_1", "cornername": "Nominal"}
[2026-04-11 09:50:57.750 +0700] [INFO] [cadence.virtuoso.ade.simulationMonitor] -    -   (APS) Multi-threading. The recommended number of threads is 1, consider adding +mt=1 on command line. {"history": "ExplorerRun.0", "point": 4, "testname": "my_lib_pmos_tb_1", "cornername": "Nominal"}
[2026-04-11 09:50:57.750 +0700] [INFO] [cadence.virtuoso.ade.simulationMonitor] - Total time required for dc analysis `dcOp': CPU = 1.528 ms, elapsed = 2.53105 ms. {"history": "ExplorerRun.0", "point": 4, "testname": "my_lib_pmos_tb_1", "cornername": "Nominal"}
[2026-04-11 09:50:57.750 +0700] [INFO] [cadence.virtuoso.ade.simulationMonitor] - Peak resident memory used = 109 Mbytes. {"history": "ExplorerRun.0", "point": 4, "testname": "my_lib_pmos_tb_1", "cornername": "Nominal"}
[2026-04-11 09:50:57.750 +0700] [INFO] [cadence.virtuoso.ade.simulationMonitor] - Notice from spectre at vg = 740e-03 during DC analysis `dc'.
    The value of parameter 'vg' has been reset to the original value 0.74. {"history": "ExplorerRun.0", "point": 4, "testname": "my_lib_pmos_tb_1", "cornername": "Nominal"}
[2026-04-11 09:50:57.750 +0700] [INFO] [cadence.virtuoso.ade.simulationMonitor] - Total time required for dc analysis `dc': CPU = 10.868 ms, elapsed = 11.934 ms. {"history": "ExplorerRun.0", "point": 4, "testname": "my_lib_pmos_tb_1", "cornername": "Nominal"}
[2026-04-11 09:50:57.750 +0700] [INFO] [cadence.virtuoso.ade.simulationMonitor] - Peak resident memory used = 110 Mbytes. {"history": "ExplorerRun.0", "point": 4, "testname": "my_lib_pmos_tb_1", "cornername": "Nominal"}
[2026-04-11 09:50:57.751 +0700] [INFO] [cadence.virtuoso.ade.simulationMonitor] - Time used: CPU = 540 ms, elapsed = 926 ms, util. = 58.3%. {"history": "ExplorerRun.0", "point": 4, "testname": "my_lib_pmos_tb_1", "cornername": "Nominal"}
[2026-04-11 09:50:57.751 +0700] [INFO] [cadence.virtuoso.ade.simulationMonitor] - Time spent in licensing: elapsed = 392 ms, percentage of total = 42.3%. {"history": "ExplorerRun.0", "point": 4, "testname": "my_lib_pmos_tb_1", "cornername": "Nominal"}
[2026-04-11 09:50:57.751 +0700] [INFO] [cadence.virtuoso.ade.simulationMonitor] - Peak memory used = 111 Mbytes. {"history": "ExplorerRun.0", "point": 4, "testname": "my_lib_pmos_tb_1", "cornername": "Nominal"}
[2026-04-11 09:50:57.751 +0700] [PROCESS] [cadence.virtuoso.ade.simulationMonitor] - Simulation started at: 9:50:56 AM, Sat Apr 11, 2026, ended at: 9:50:57 AM, Sat Apr 11, 2026, with elapsed time (wall clock): 926 ms. {"history": "ExplorerRun.0", "point": 4, "testname": "my_lib_pmos_tb_1", "cornername": "Nominal"}
[2026-04-11 09:50:57.752 +0700] [PROCESS] [cadence.virtuoso.ade.simulationMonitor] - spectre completes with 0 errors, 0 warnings, and 5 notices. {"history": "ExplorerRun.0", "point": 4, "testname": "my_lib_pmos_tb_1", "cornername": "Nominal"}
[2026-04-11 09:50:57.752 +0700] [PROCESS] [cadence.virtuoso.ade.simulationMonitor] - Simulator exited {"hostname": "dtvt_13", "processid": 2236, "history": "ExplorerRun.0", "testname": "my_lib_pmos_tb_1", "cornername": "Nominal", "point": 4, "logfile": "/home/dtvt_13/truong/logs_dtvt_13/logs0/Job14.log", "exitStatus": "0"}
[2026-04-11 09:50:57.752 +0700] [PROCESS] [cadence.virtuoso.ade.simulationMonitor] - Finished Simulation {"hostname": "dtvt_13", "processid": 2236, "history": "ExplorerRun.0", "testname": "my_lib_pmos_tb_1", "cornername": "Nominal", "point": 4, "logfile": "/home/dtvt_13/truong/logs_dtvt_13/logs0/Job14.log", "simid": "4"}
[2026-04-11 09:50:58.266 +0700] [PROCESS] [cadence.virtuoso.ade.simulationMonitor] - Point Finished {"hostname": "dtvt_13", "processid": 2236, "history": "ExplorerRun.0", "testname": "my_lib_pmos_tb_1", "cornername": "Nominal", "point": 4, "logfile": "/home/dtvt_13/truong/logs_dtvt_13/logs0/Job14.log"}
[2026-04-11 09:50:58.273 +0700] [PROCESS] [cadence.virtuoso.ade.simulationMonitor] - HostInfo:
Host name (type):	dtvt_13 (x86_64)
Operating system:	Linux 3.10.0-1160.118.1.el7.x86_64 #1 SMP Wed Apr 24 16:01:50 UTC 2024 {"hostname": "dtvt_13", "processid": 2236, "history": "ExplorerRun.0", "testname": "my_lib_pmos_tb_1", "cornername": "Nominal", "point": 4, "logfile": "/home/dtvt_13/truong/logs_dtvt_13/logs0/Job14.log", "nodename": "dtvt_13", "domainname": "(none)", "machine": "x86_64", "sysname": "Linux", "release": "3.10.0-1160.118.1.el7.x86_64", "version": "#1 SMP Wed Apr 24 16:01:50 UTC 2024"}
[2026-04-11 09:50:58.274 +0700] [PROCESS] [cadence.virtuoso.ade.simulationMonitor] - UsageInfo:
pid=2236
totalPhysicalMemory=15.208324GB,Used=14.823997GB,totalVirtualMemory=22.895821GB,Used=14.864037GB
Cpu: Cores=24, Load average:0.810000,0.380000,0.270000 {"hostname": "dtvt_13", "processid": 2236, "history": "ExplorerRun.0", "testname": "my_lib_pmos_tb_1", "cornername": "Nominal", "point": 4, "logfile": "/home/dtvt_13/truong/logs_dtvt_13/logs0/Job14.log", "pid": "2236", "totalPhysicalMemory": "15.208324", "physicalMemoryUsed": "14.823997", "totalVirtualMemory": "22.895821", "virtualMemoryUsed": "14.864037", "cpuCores": "24", "processes": "2635", "loadAverage1": "0.810000", "loadAverage5": "0.380000", "loadAverage15": "0.270000", "loadAverage1Percent": "0.033750"}
[2026-04-11 09:50:58.275 +0700] [EVENT] [cadence.virtuoso.ade.simulationMonitor] - NewPoint {"history": "ExplorerRun.0", "point": 5, "testname": "my_lib_pmos_tb_1", "cornername": "Nominal", "event": "NewPoint", "EventSource": "Simulation Monitor", "HistoryName": "ExplorerRun.0", "logFile": "/home/dtvt_13/truong/logs_dtvt_13/logs0/Job14.log", "logFileSize": "38219"}
[2026-04-11 09:50:58.376 +0700] [EVENT] [cadence.virtuoso.ade.simulationMonitor] - NewPoint {"history": "ExplorerRun.0", "point": 5, "testname": "my_lib_pmos_tb_1", "cornername": "Nominal", "event": "NewPoint", "EventSource": "spectre", "HistoryName": "ExplorerRun.0", "logFile": "/home/dtvt_13/simulation/my_lib/pmos_tb/maestro/results/maestro/ExplorerRun.0/5/my_lib_pmos_tb_1/psf/spectre.out", "logFileSize": "-1"}
[2026-04-11 09:50:58.384 +0700] [PROCESS] [cadence.virtuoso.ade.simulationMonitor] - Simulator launched {"hostname": "dtvt_13", "processid": 2236, "history": "ExplorerRun.0", "testname": "my_lib_pmos_tb_1", "cornername": "Nominal", "point": 5, "logfile": "/home/dtvt_13/truong/logs_dtvt_13/logs0/Job14.log", "simid": "5"}
[2026-04-11 09:50:58.384 +0700] [PROCESS] [cadence.virtuoso.ade.simulationMonitor] - Started Simulation {"hostname": "dtvt_13", "processid": 2236, "history": "ExplorerRun.0", "testname": "my_lib_pmos_tb_1", "cornername": "Nominal", "point": 5, "logfile": "/home/dtvt_13/truong/logs_dtvt_13/logs0/Job14.log"}
[2026-04-11 09:50:59.885 +0700] [PROCESS] [cadence.virtuoso.ade.simulationMonitor] - Finished simulating for one point {"hostname": "dtvt_13", "processid": 2236, "history": "ExplorerRun.0", "testname": "my_lib_pmos_tb_1", "cornername": "Nominal", "point": 5, "logfile": "/home/dtvt_13/truong/logs_dtvt_13/logs0/Job14.log", "simid": "5"}
[2026-04-11 09:50:59.885 +0700] [INFO] [cadence.virtuoso.ade.simulationMonitor] - Peak resident memory used = 96.2 Mbytes. {"history": "ExplorerRun.0", "point": 5, "testname": "my_lib_pmos_tb_1", "cornername": "Nominal"}
[2026-04-11 09:50:59.885 +0700] [INFO] [cadence.virtuoso.ade.simulationMonitor] - Peak resident memory used = 105 Mbytes. {"history": "ExplorerRun.0", "point": 5, "testname": "my_lib_pmos_tb_1", "cornername": "Nominal"}
[2026-04-11 09:50:59.886 +0700] [INFO] [cadence.virtuoso.ade.simulationMonitor] - Notice from spectre during hierarchy flattening.
    The value 'psf' specified for the 'checklimitdest' option will no longer be supported in future releases. Use 'spectre -h' to see other recommended values for the 'checklimitdest' option. {"history": "ExplorerRun.0", "point": 5, "testname": "my_lib_pmos_tb_1", "cornername": "Nominal"}
[2026-04-11 09:50:59.886 +0700] [INFO] [cadence.virtuoso.ade.simulationMonitor] - Peak resident memory used = 106 Mbytes. {"history": "ExplorerRun.0", "point": 5, "testname": "my_lib_pmos_tb_1", "cornername": "Nominal"}
[2026-04-11 09:50:59.886 +0700] [INFO] [cadence.virtuoso.ade.simulationMonitor] - Notice from spectre during initial setup.
    Multithreading is disabled due to the size of the design being too small. {"history": "ExplorerRun.0", "point": 5, "testname": "my_lib_pmos_tb_1", "cornername": "Nominal"}
[2026-04-11 09:50:59.887 +0700] [INFO] [cadence.virtuoso.ade.simulationMonitor] -               nodes 8 {"history": "ExplorerRun.0", "point": 5, "testname": "my_lib_pmos_tb_1", "cornername": "Nominal"}
[2026-04-11 09:50:59.887 +0700] [INFO] [cadence.virtuoso.ade.simulationMonitor] - Notice from spectre during initial setup.
    APS enabled. {"history": "ExplorerRun.0", "point": 5, "testname": "my_lib_pmos_tb_1", "cornername": "Nominal"}
[2026-04-11 09:50:59.887 +0700] [INFO] [cadence.virtuoso.ade.simulationMonitor] - Peak resident memory used = 107 Mbytes. {"history": "ExplorerRun.0", "point": 5, "testname": "my_lib_pmos_tb_1", "cornername": "Nominal"}
[2026-04-11 09:50:59.887 +0700] [INFO] [cadence.virtuoso.ade.simulationMonitor] -    -   (APS) Multi-threading. The recommended number of threads is 1, consider adding +mt=1 on command line. {"history": "ExplorerRun.0", "point": 5, "testname": "my_lib_pmos_tb_1", "cornername": "Nominal"}
[2026-04-11 09:50:59.887 +0700] [INFO] [cadence.virtuoso.ade.simulationMonitor] - Total time required for dc analysis `dcOp': CPU = 1.562 ms, elapsed = 2.59805 ms. {"history": "ExplorerRun.0", "point": 5, "testname": "my_lib_pmos_tb_1", "cornername": "Nominal"}
[2026-04-11 09:50:59.888 +0700] [INFO] [cadence.virtuoso.ade.simulationMonitor] - Peak resident memory used = 109 Mbytes. {"history": "ExplorerRun.0", "point": 5, "testname": "my_lib_pmos_tb_1", "cornername": "Nominal"}
[2026-04-11 09:50:59.888 +0700] [INFO] [cadence.virtuoso.ade.simulationMonitor] - Notice from spectre at vg = 740e-03 during DC analysis `dc'.
    The value of parameter 'vg' has been reset to the original value 0.74. {"history": "ExplorerRun.0", "point": 5, "testname": "my_lib_pmos_tb_1", "cornername": "Nominal"}
[2026-04-11 09:50:59.888 +0700] [INFO] [cadence.virtuoso.ade.simulationMonitor] - Total time required for dc analysis `dc': CPU = 9.803 ms, elapsed = 10.8461 ms. {"history": "ExplorerRun.0", "point": 5, "testname": "my_lib_pmos_tb_1", "cornername": "Nominal"}
[2026-04-11 09:50:59.888 +0700] [INFO] [cadence.virtuoso.ade.simulationMonitor] - Peak resident memory used = 110 Mbytes. {"history": "ExplorerRun.0", "point": 5, "testname": "my_lib_pmos_tb_1", "cornername": "Nominal"}
[2026-04-11 09:50:59.888 +0700] [INFO] [cadence.virtuoso.ade.simulationMonitor] - Time used: CPU = 519 ms, elapsed = 870 ms, util. = 59.7%. {"history": "ExplorerRun.0", "point": 5, "testname": "my_lib_pmos_tb_1", "cornername": "Nominal"}
[2026-04-11 09:50:59.889 +0700] [INFO] [cadence.virtuoso.ade.simulationMonitor] - Time spent in licensing: elapsed = 326 ms, percentage of total = 37.5%. {"history": "ExplorerRun.0", "point": 5, "testname": "my_lib_pmos_tb_1", "cornername": "Nominal"}
[2026-04-11 09:50:59.889 +0700] [INFO] [cadence.virtuoso.ade.simulationMonitor] - Peak memory used = 111 Mbytes. {"history": "ExplorerRun.0", "point": 5, "testname": "my_lib_pmos_tb_1", "cornername": "Nominal"}
[2026-04-11 09:50:59.889 +0700] [PROCESS] [cadence.virtuoso.ade.simulationMonitor] - Simulation started at: 9:50:58 AM, Sat Apr 11, 2026, ended at: 9:50:59 AM, Sat Apr 11, 2026, with elapsed time (wall clock): 870 ms. {"history": "ExplorerRun.0", "point": 5, "testname": "my_lib_pmos_tb_1", "cornername": "Nominal"}
[2026-04-11 09:50:59.889 +0700] [PROCESS] [cadence.virtuoso.ade.simulationMonitor] - spectre completes with 0 errors, 0 warnings, and 5 notices. {"history": "ExplorerRun.0", "point": 5, "testname": "my_lib_pmos_tb_1", "cornername": "Nominal"}
[2026-04-11 09:50:59.889 +0700] [PROCESS] [cadence.virtuoso.ade.simulationMonitor] - Simulator exited {"hostname": "dtvt_13", "processid": 2236, "history": "ExplorerRun.0", "testname": "my_lib_pmos_tb_1", "cornername": "Nominal", "point": 5, "logfile": "/home/dtvt_13/truong/logs_dtvt_13/logs0/Job14.log", "exitStatus": "0"}
[2026-04-11 09:50:59.890 +0700] [PROCESS] [cadence.virtuoso.ade.simulationMonitor] - Finished Simulation {"hostname": "dtvt_13", "processid": 2236, "history": "ExplorerRun.0", "testname": "my_lib_pmos_tb_1", "cornername": "Nominal", "point": 5, "logfile": "/home/dtvt_13/truong/logs_dtvt_13/logs0/Job14.log", "simid": "5"}
[2026-04-11 09:51:00.404 +0700] [PROCESS] [cadence.virtuoso.ade.simulationMonitor] - Point Finished {"hostname": "dtvt_13", "processid": 2236, "history": "ExplorerRun.0", "testname": "my_lib_pmos_tb_1", "cornername": "Nominal", "point": 5, "logfile": "/home/dtvt_13/truong/logs_dtvt_13/logs0/Job14.log"}
[2026-04-11 09:51:00.411 +0700] [PROCESS] [cadence.virtuoso.ade.simulationMonitor] - HostInfo:
Host name (type):	dtvt_13 (x86_64)
Operating system:	Linux 3.10.0-1160.118.1.el7.x86_64 #1 SMP Wed Apr 24 16:01:50 UTC 2024 {"hostname": "dtvt_13", "processid": 2236, "history": "ExplorerRun.0", "testname": "my_lib_pmos_tb_1", "cornername": "Nominal", "point": 5, "logfile": "/home/dtvt_13/truong/logs_dtvt_13/logs0/Job14.log", "nodename": "dtvt_13", "domainname": "(none)", "machine": "x86_64", "sysname": "Linux", "release": "3.10.0-1160.118.1.el7.x86_64", "version": "#1 SMP Wed Apr 24 16:01:50 UTC 2024"}
[2026-04-11 09:51:00.411 +0700] [PROCESS] [cadence.virtuoso.ade.simulationMonitor] - UsageInfo:
pid=2236
totalPhysicalMemory=15.208324GB,Used=14.823593GB,totalVirtualMemory=22.895821GB,Used=14.863632GB
Cpu: Cores=24, Load average:0.820000,0.390000,0.280000 {"hostname": "dtvt_13", "processid": 2236, "history": "ExplorerRun.0", "testname": "my_lib_pmos_tb_1", "cornername": "Nominal", "point": 5, "logfile": "/home/dtvt_13/truong/logs_dtvt_13/logs0/Job14.log", "pid": "2236", "totalPhysicalMemory": "15.208324", "physicalMemoryUsed": "14.823593", "totalVirtualMemory": "22.895821", "virtualMemoryUsed": "14.863632", "cpuCores": "24", "processes": "2634", "loadAverage1": "0.820000", "loadAverage5": "0.390000", "loadAverage15": "0.280000", "loadAverage1Percent": "0.034167"}
[2026-04-11 09:51:00.412 +0700] [EVENT] [cadence.virtuoso.ade.simulationMonitor] - NewPoint {"history": "ExplorerRun.0", "point": 6, "testname": "my_lib_pmos_tb_1", "cornername": "Nominal", "event": "NewPoint", "EventSource": "Simulation Monitor", "HistoryName": "ExplorerRun.0", "logFile": "/home/dtvt_13/truong/logs_dtvt_13/logs0/Job14.log", "logFileSize": "47172"}
[2026-04-11 09:51:00.513 +0700] [EVENT] [cadence.virtuoso.ade.simulationMonitor] - NewPoint {"history": "ExplorerRun.0", "point": 6, "testname": "my_lib_pmos_tb_1", "cornername": "Nominal", "event": "NewPoint", "EventSource": "spectre", "HistoryName": "ExplorerRun.0", "logFile": "/home/dtvt_13/simulation/my_lib/pmos_tb/maestro/results/maestro/ExplorerRun.0/6/my_lib_pmos_tb_1/psf/spectre.out", "logFileSize": "-1"}
[2026-04-11 09:51:00.522 +0700] [PROCESS] [cadence.virtuoso.ade.simulationMonitor] - Simulator launched {"hostname": "dtvt_13", "processid": 2236, "history": "ExplorerRun.0", "testname": "my_lib_pmos_tb_1", "cornername": "Nominal", "point": 6, "logfile": "/home/dtvt_13/truong/logs_dtvt_13/logs0/Job14.log", "simid": "6"}
[2026-04-11 09:51:00.523 +0700] [PROCESS] [cadence.virtuoso.ade.simulationMonitor] - Started Simulation {"hostname": "dtvt_13", "processid": 2236, "history": "ExplorerRun.0", "testname": "my_lib_pmos_tb_1", "cornername": "Nominal", "point": 6, "logfile": "/home/dtvt_13/truong/logs_dtvt_13/logs0/Job14.log"}
[2026-04-11 09:51:11.671 +0700] [INFO] [cadence.virtuoso.ade.simulationMonitor] - Peak resident memory used = 96.2 Mbytes. {"history": "ExplorerRun.0", "point": 6, "testname": "my_lib_pmos_tb_1", "cornername": "Nominal"}
[2026-04-11 09:51:11.672 +0700] [INFO] [cadence.virtuoso.ade.simulationMonitor] - Peak resident memory used = 105 Mbytes. {"history": "ExplorerRun.0", "point": 6, "testname": "my_lib_pmos_tb_1", "cornername": "Nominal"}
[2026-04-11 09:51:11.672 +0700] [INFO] [cadence.virtuoso.ade.simulationMonitor] - Notice from spectre during hierarchy flattening.
    The value 'psf' specified for the 'checklimitdest' option will no longer be supported in future releases. Use 'spectre -h' to see other recommended values for the 'checklimitdest' option. {"history": "ExplorerRun.0", "point": 6, "testname": "my_lib_pmos_tb_1", "cornername": "Nominal"}
[2026-04-11 09:51:11.672 +0700] [INFO] [cadence.virtuoso.ade.simulationMonitor] - Peak resident memory used = 106 Mbytes. {"history": "ExplorerRun.0", "point": 6, "testname": "my_lib_pmos_tb_1", "cornername": "Nominal"}
[2026-04-11 09:51:11.672 +0700] [INFO] [cadence.virtuoso.ade.simulationMonitor] - Notice from spectre during initial setup.
    Multithreading is disabled due to the size of the design being too small. {"history": "ExplorerRun.0", "point": 6, "testname": "my_lib_pmos_tb_1", "cornername": "Nominal"}
[2026-04-11 09:51:11.673 +0700] [INFO] [cadence.virtuoso.ade.simulationMonitor] -               nodes 8 {"history": "ExplorerRun.0", "point": 6, "testname": "my_lib_pmos_tb_1", "cornername": "Nominal"}
[2026-04-11 09:51:11.674 +0700] [INFO] [cadence.virtuoso.ade.simulationMonitor] - Notice from spectre during initial setup.
    APS enabled. {"history": "ExplorerRun.0", "point": 6, "testname": "my_lib_pmos_tb_1", "cornername": "Nominal"}
[2026-04-11 09:51:11.674 +0700] [INFO] [cadence.virtuoso.ade.simulationMonitor] - Peak resident memory used = 107 Mbytes. {"history": "ExplorerRun.0", "point": 6, "testname": "my_lib_pmos_tb_1", "cornername": "Nominal"}
[2026-04-11 09:51:11.674 +0700] [INFO] [cadence.virtuoso.ade.simulationMonitor] -    -   (APS) Multi-threading. The recommended number of threads is 1, consider adding +mt=1 on command line. {"history": "ExplorerRun.0", "point": 6, "testname": "my_lib_pmos_tb_1", "cornername": "Nominal"}
[2026-04-11 09:51:11.675 +0700] [INFO] [cadence.virtuoso.ade.simulationMonitor] - Total time required for dc analysis `dcOp': CPU = 1.252 ms, elapsed = 2.3241 ms. {"history": "ExplorerRun.0", "point": 6, "testname": "my_lib_pmos_tb_1", "cornername": "Nominal"}
[2026-04-11 09:51:11.675 +0700] [INFO] [cadence.virtuoso.ade.simulationMonitor] - Peak resident memory used = 109 Mbytes. {"history": "ExplorerRun.0", "point": 6, "testname": "my_lib_pmos_tb_1", "cornername": "Nominal"}
[2026-04-11 09:51:11.675 +0700] [INFO] [cadence.virtuoso.ade.simulationMonitor] - Notice from spectre at vg = 740e-03 during DC analysis `dc'.
    The value of parameter 'vg' has been reset to the original value 0.74. {"history": "ExplorerRun.0", "point": 6, "testname": "my_lib_pmos_tb_1", "cornername": "Nominal"}
[2026-04-11 09:51:11.675 +0700] [INFO] [cadence.virtuoso.ade.simulationMonitor] - Total time required for dc analysis `dc': CPU = 5.209 ms, elapsed = 6.14405 ms. {"history": "ExplorerRun.0", "point": 6, "testname": "my_lib_pmos_tb_1", "cornername": "Nominal"}
[2026-04-11 09:51:11.676 +0700] [INFO] [cadence.virtuoso.ade.simulationMonitor] - Peak resident memory used = 110 Mbytes. {"history": "ExplorerRun.0", "point": 6, "testname": "my_lib_pmos_tb_1", "cornername": "Nominal"}
[2026-04-11 09:51:11.676 +0700] [INFO] [cadence.virtuoso.ade.simulationMonitor] - Time used: CPU = 519 ms, elapsed = 10.8 s, util. = 4.79%. {"history": "ExplorerRun.0", "point": 6, "testname": "my_lib_pmos_tb_1", "cornername": "Nominal"}
[2026-04-11 09:51:11.676 +0700] [INFO] [cadence.virtuoso.ade.simulationMonitor] - Time spent in licensing: elapsed = 10.3 s, percentage of total = 95.2%. {"history": "ExplorerRun.0", "point": 6, "testname": "my_lib_pmos_tb_1", "cornername": "Nominal"}
[2026-04-11 09:51:11.676 +0700] [INFO] [cadence.virtuoso.ade.simulationMonitor] - Peak memory used = 111 Mbytes. {"history": "ExplorerRun.0", "point": 6, "testname": "my_lib_pmos_tb_1", "cornername": "Nominal"}
[2026-04-11 09:51:11.676 +0700] [PROCESS] [cadence.virtuoso.ade.simulationMonitor] - Simulation started at: 9:51:00 AM, Sat Apr 11, 2026, ended at: 9:51:11 AM, Sat Apr 11, 2026, with elapsed time (wall clock): 10.8 s. {"history": "ExplorerRun.0", "point": 6, "testname": "my_lib_pmos_tb_1", "cornername": "Nominal"}
[2026-04-11 09:51:11.677 +0700] [PROCESS] [cadence.virtuoso.ade.simulationMonitor] - spectre completes with 0 errors, 0 warnings, and 5 notices. {"history": "ExplorerRun.0", "point": 6, "testname": "my_lib_pmos_tb_1", "cornername": "Nominal"}
[2026-04-11 09:51:12.177 +0700] [PROCESS] [cadence.virtuoso.ade.simulationMonitor] - Finished simulating for one point {"hostname": "dtvt_13", "processid": 2236, "history": "ExplorerRun.0", "testname": "my_lib_pmos_tb_1", "cornername": "Nominal", "point": 6, "logfile": "/home/dtvt_13/truong/logs_dtvt_13/logs0/Job14.log", "simid": "6"}
[2026-04-11 09:51:12.178 +0700] [PROCESS] [cadence.virtuoso.ade.simulationMonitor] - Simulator exited {"hostname": "dtvt_13", "processid": 2236, "history": "ExplorerRun.0", "testname": "my_lib_pmos_tb_1", "cornername": "Nominal", "point": 6, "logfile": "/home/dtvt_13/truong/logs_dtvt_13/logs0/Job14.log", "exitStatus": "0"}
[2026-04-11 09:51:12.178 +0700] [PROCESS] [cadence.virtuoso.ade.simulationMonitor] - Finished Simulation {"hostname": "dtvt_13", "processid": 2236, "history": "ExplorerRun.0", "testname": "my_lib_pmos_tb_1", "cornername": "Nominal", "point": 6, "logfile": "/home/dtvt_13/truong/logs_dtvt_13/logs0/Job14.log", "simid": "6"}
[2026-04-11 09:51:13.193 +0700] [PROCESS] [cadence.virtuoso.ade.simulationMonitor] - Point Finished {"hostname": "dtvt_13", "processid": 2236, "history": "ExplorerRun.0", "testname": "my_lib_pmos_tb_1", "cornername": "Nominal", "point": 6, "logfile": "/home/dtvt_13/truong/logs_dtvt_13/logs0/Job14.log"}
[2026-04-11 09:51:13.199 +0700] [PROCESS] [cadence.virtuoso.ade.simulationMonitor] - HostInfo:
Host name (type):	dtvt_13 (x86_64)
Operating system:	Linux 3.10.0-1160.118.1.el7.x86_64 #1 SMP Wed Apr 24 16:01:50 UTC 2024 {"hostname": "dtvt_13", "processid": 2236, "history": "ExplorerRun.0", "testname": "my_lib_pmos_tb_1", "cornername": "Nominal", "point": 6, "logfile": "/home/dtvt_13/truong/logs_dtvt_13/logs0/Job14.log", "nodename": "dtvt_13", "domainname": "(none)", "machine": "x86_64", "sysname": "Linux", "release": "3.10.0-1160.118.1.el7.x86_64", "version": "#1 SMP Wed Apr 24 16:01:50 UTC 2024"}
[2026-04-11 09:51:13.200 +0700] [PROCESS] [cadence.virtuoso.ade.simulationMonitor] - UsageInfo:
pid=2236
totalPhysicalMemory=15.208324GB,Used=14.815979GB,totalVirtualMemory=22.895821GB,Used=14.856750GB
Cpu: Cores=24, Load average:0.700000,0.380000,0.270000 {"hostname": "dtvt_13", "processid": 2236, "history": "ExplorerRun.0", "testname": "my_lib_pmos_tb_1", "cornername": "Nominal", "point": 6, "logfile": "/home/dtvt_13/truong/logs_dtvt_13/logs0/Job14.log", "pid": "2236", "totalPhysicalMemory": "15.208324", "physicalMemoryUsed": "14.815979", "totalVirtualMemory": "22.895821", "virtualMemoryUsed": "14.856750", "cpuCores": "24", "processes": "2629", "loadAverage1": "0.700000", "loadAverage5": "0.380000", "loadAverage15": "0.270000", "loadAverage1Percent": "0.029167"}
[2026-04-11 09:51:13.200 +0700] [EVENT] [cadence.virtuoso.ade.simulationMonitor] - NewPoint {"history": "ExplorerRun.0", "point": 7, "testname": "my_lib_pmos_tb_1", "cornername": "Nominal", "event": "NewPoint", "EventSource": "Simulation Monitor", "HistoryName": "ExplorerRun.0", "logFile": "/home/dtvt_13/truong/logs_dtvt_13/logs0/Job14.log", "logFileSize": "56124"}
[2026-04-11 09:51:13.302 +0700] [EVENT] [cadence.virtuoso.ade.simulationMonitor] - NewPoint {"history": "ExplorerRun.0", "point": 7, "testname": "my_lib_pmos_tb_1", "cornername": "Nominal", "event": "NewPoint", "EventSource": "spectre", "HistoryName": "ExplorerRun.0", "logFile": "/home/dtvt_13/simulation/my_lib/pmos_tb/maestro/results/maestro/ExplorerRun.0/7/my_lib_pmos_tb_1/psf/spectre.out", "logFileSize": "-1"}
[2026-04-11 09:51:13.311 +0700] [PROCESS] [cadence.virtuoso.ade.simulationMonitor] - Simulator launched {"hostname": "dtvt_13", "processid": 2236, "history": "ExplorerRun.0", "testname": "my_lib_pmos_tb_1", "cornername": "Nominal", "point": 7, "logfile": "/home/dtvt_13/truong/logs_dtvt_13/logs0/Job14.log", "simid": "7"}
[2026-04-11 09:51:13.312 +0700] [PROCESS] [cadence.virtuoso.ade.simulationMonitor] - Started Simulation {"hostname": "dtvt_13", "processid": 2236, "history": "ExplorerRun.0", "testname": "my_lib_pmos_tb_1", "cornername": "Nominal", "point": 7, "logfile": "/home/dtvt_13/truong/logs_dtvt_13/logs0/Job14.log"}
[2026-04-11 09:51:14.814 +0700] [PROCESS] [cadence.virtuoso.ade.simulationMonitor] - Finished simulating for one point {"hostname": "dtvt_13", "processid": 2236, "history": "ExplorerRun.0", "testname": "my_lib_pmos_tb_1", "cornername": "Nominal", "point": 7, "logfile": "/home/dtvt_13/truong/logs_dtvt_13/logs0/Job14.log", "simid": "7"}
[2026-04-11 09:51:14.815 +0700] [INFO] [cadence.virtuoso.ade.simulationMonitor] - Peak resident memory used = 96.2 Mbytes. {"history": "ExplorerRun.0", "point": 7, "testname": "my_lib_pmos_tb_1", "cornername": "Nominal"}
[2026-04-11 09:51:14.815 +0700] [INFO] [cadence.virtuoso.ade.simulationMonitor] - Peak resident memory used = 105 Mbytes. {"history": "ExplorerRun.0", "point": 7, "testname": "my_lib_pmos_tb_1", "cornername": "Nominal"}
[2026-04-11 09:51:14.815 +0700] [INFO] [cadence.virtuoso.ade.simulationMonitor] - Notice from spectre during hierarchy flattening.
    The value 'psf' specified for the 'checklimitdest' option will no longer be supported in future releases. Use 'spectre -h' to see other recommended values for the 'checklimitdest' option. {"history": "ExplorerRun.0", "point": 7, "testname": "my_lib_pmos_tb_1", "cornername": "Nominal"}
[2026-04-11 09:51:14.816 +0700] [INFO] [cadence.virtuoso.ade.simulationMonitor] - Peak resident memory used = 106 Mbytes. {"history": "ExplorerRun.0", "point": 7, "testname": "my_lib_pmos_tb_1", "cornername": "Nominal"}
[2026-04-11 09:51:14.816 +0700] [INFO] [cadence.virtuoso.ade.simulationMonitor] - Notice from spectre during initial setup.
    Multithreading is disabled due to the size of the design being too small. {"history": "ExplorerRun.0", "point": 7, "testname": "my_lib_pmos_tb_1", "cornername": "Nominal"}
[2026-04-11 09:51:14.816 +0700] [INFO] [cadence.virtuoso.ade.simulationMonitor] -               nodes 8 {"history": "ExplorerRun.0", "point": 7, "testname": "my_lib_pmos_tb_1", "cornername": "Nominal"}
[2026-04-11 09:51:14.817 +0700] [INFO] [cadence.virtuoso.ade.simulationMonitor] - Notice from spectre during initial setup.
    APS enabled. {"history": "ExplorerRun.0", "point": 7, "testname": "my_lib_pmos_tb_1", "cornername": "Nominal"}
[2026-04-11 09:51:14.817 +0700] [INFO] [cadence.virtuoso.ade.simulationMonitor] - Peak resident memory used = 107 Mbytes. {"history": "ExplorerRun.0", "point": 7, "testname": "my_lib_pmos_tb_1", "cornername": "Nominal"}
[2026-04-11 09:51:14.817 +0700] [INFO] [cadence.virtuoso.ade.simulationMonitor] -    -   (APS) Multi-threading. The recommended number of threads is 1, consider adding +mt=1 on command line. {"history": "ExplorerRun.0", "point": 7, "testname": "my_lib_pmos_tb_1", "cornername": "Nominal"}
[2026-04-11 09:51:14.817 +0700] [INFO] [cadence.virtuoso.ade.simulationMonitor] - Total time required for dc analysis `dcOp': CPU = 1.546 ms, elapsed = 2.60615 ms. {"history": "ExplorerRun.0", "point": 7, "testname": "my_lib_pmos_tb_1", "cornername": "Nominal"}
[2026-04-11 09:51:14.817 +0700] [INFO] [cadence.virtuoso.ade.simulationMonitor] - Peak resident memory used = 109 Mbytes. {"history": "ExplorerRun.0", "point": 7, "testname": "my_lib_pmos_tb_1", "cornername": "Nominal"}
[2026-04-11 09:51:14.817 +0700] [INFO] [cadence.virtuoso.ade.simulationMonitor] - Notice from spectre at vg = 740e-03 during DC analysis `dc'.
    The value of parameter 'vg' has been reset to the original value 0.74. {"history": "ExplorerRun.0", "point": 7, "testname": "my_lib_pmos_tb_1", "cornername": "Nominal"}
[2026-04-11 09:51:14.818 +0700] [INFO] [cadence.virtuoso.ade.simulationMonitor] - Total time required for dc analysis `dc': CPU = 9.544 ms, elapsed = 10.6089 ms. {"history": "ExplorerRun.0", "point": 7, "testname": "my_lib_pmos_tb_1", "cornername": "Nominal"}
[2026-04-11 09:51:14.818 +0700] [INFO] [cadence.virtuoso.ade.simulationMonitor] - Peak resident memory used = 110 Mbytes. {"history": "ExplorerRun.0", "point": 7, "testname": "my_lib_pmos_tb_1", "cornername": "Nominal"}
[2026-04-11 09:51:14.818 +0700] [INFO] [cadence.virtuoso.ade.simulationMonitor] - Time used: CPU = 522 ms, elapsed = 921 ms, util. = 56.7%. {"history": "ExplorerRun.0", "point": 7, "testname": "my_lib_pmos_tb_1", "cornername": "Nominal"}
[2026-04-11 09:51:14.818 +0700] [INFO] [cadence.virtuoso.ade.simulationMonitor] - Time spent in licensing: elapsed = 404 ms, percentage of total = 43.9%. {"history": "ExplorerRun.0", "point": 7, "testname": "my_lib_pmos_tb_1", "cornername": "Nominal"}
[2026-04-11 09:51:14.818 +0700] [INFO] [cadence.virtuoso.ade.simulationMonitor] - Peak memory used = 111 Mbytes. {"history": "ExplorerRun.0", "point": 7, "testname": "my_lib_pmos_tb_1", "cornername": "Nominal"}
[2026-04-11 09:51:14.819 +0700] [PROCESS] [cadence.virtuoso.ade.simulationMonitor] - Simulation started at: 9:51:13 AM, Sat Apr 11, 2026, ended at: 9:51:14 AM, Sat Apr 11, 2026, with elapsed time (wall clock): 921 ms. {"history": "ExplorerRun.0", "point": 7, "testname": "my_lib_pmos_tb_1", "cornername": "Nominal"}
[2026-04-11 09:51:14.819 +0700] [PROCESS] [cadence.virtuoso.ade.simulationMonitor] - spectre completes with 0 errors, 0 warnings, and 5 notices. {"history": "ExplorerRun.0", "point": 7, "testname": "my_lib_pmos_tb_1", "cornername": "Nominal"}
[2026-04-11 09:51:14.819 +0700] [PROCESS] [cadence.virtuoso.ade.simulationMonitor] - Simulator exited {"hostname": "dtvt_13", "processid": 2236, "history": "ExplorerRun.0", "testname": "my_lib_pmos_tb_1", "cornername": "Nominal", "point": 7, "logfile": "/home/dtvt_13/truong/logs_dtvt_13/logs0/Job14.log", "exitStatus": "0"}
[2026-04-11 09:51:14.819 +0700] [PROCESS] [cadence.virtuoso.ade.simulationMonitor] - Finished Simulation {"hostname": "dtvt_13", "processid": 2236, "history": "ExplorerRun.0", "testname": "my_lib_pmos_tb_1", "cornername": "Nominal", "point": 7, "logfile": "/home/dtvt_13/truong/logs_dtvt_13/logs0/Job14.log", "simid": "7"}
[2026-04-11 09:51:15.834 +0700] [PROCESS] [cadence.virtuoso.ade.simulationMonitor] - Point Finished {"hostname": "dtvt_13", "processid": 2236, "history": "ExplorerRun.0", "testname": "my_lib_pmos_tb_1", "cornername": "Nominal", "point": 7, "logfile": "/home/dtvt_13/truong/logs_dtvt_13/logs0/Job14.log"}
[2026-04-11 09:51:15.841 +0700] [PROCESS] [cadence.virtuoso.ade.simulationMonitor] - HostInfo:
Host name (type):	dtvt_13 (x86_64)
Operating system:	Linux 3.10.0-1160.118.1.el7.x86_64 #1 SMP Wed Apr 24 16:01:50 UTC 2024 {"hostname": "dtvt_13", "processid": 2236, "history": "ExplorerRun.0", "testname": "my_lib_pmos_tb_1", "cornername": "Nominal", "point": 7, "logfile": "/home/dtvt_13/truong/logs_dtvt_13/logs0/Job14.log", "nodename": "dtvt_13", "domainname": "(none)", "machine": "x86_64", "sysname": "Linux", "release": "3.10.0-1160.118.1.el7.x86_64", "version": "#1 SMP Wed Apr 24 16:01:50 UTC 2024"}
[2026-04-11 09:51:15.842 +0700] [PROCESS] [cadence.virtuoso.ade.simulationMonitor] - UsageInfo:
pid=2236
totalPhysicalMemory=15.208324GB,Used=14.816563GB,totalVirtualMemory=22.895821GB,Used=14.857334GB
Cpu: Cores=24, Load average:0.720000,0.390000,0.280000 {"hostname": "dtvt_13", "processid": 2236, "history": "ExplorerRun.0", "testname": "my_lib_pmos_tb_1", "cornername": "Nominal", "point": 7, "logfile": "/home/dtvt_13/truong/logs_dtvt_13/logs0/Job14.log", "pid": "2236", "totalPhysicalMemory": "15.208324", "physicalMemoryUsed": "14.816563", "totalVirtualMemory": "22.895821", "virtualMemoryUsed": "14.857334", "cpuCores": "24", "processes": "2629", "loadAverage1": "0.720000", "loadAverage5": "0.390000", "loadAverage15": "0.280000", "loadAverage1Percent": "0.030000"}
[2026-04-11 09:51:15.842 +0700] [EVENT] [cadence.virtuoso.ade.simulationMonitor] - NewPoint {"history": "ExplorerRun.0", "point": 8, "testname": "my_lib_pmos_tb_1", "cornername": "Nominal", "event": "NewPoint", "EventSource": "Simulation Monitor", "HistoryName": "ExplorerRun.0", "logFile": "/home/dtvt_13/truong/logs_dtvt_13/logs0/Job14.log", "logFileSize": "65077"}
[2026-04-11 09:51:15.944 +0700] [EVENT] [cadence.virtuoso.ade.simulationMonitor] - NewPoint {"history": "ExplorerRun.0", "point": 8, "testname": "my_lib_pmos_tb_1", "cornername": "Nominal", "event": "NewPoint", "EventSource": "spectre", "HistoryName": "ExplorerRun.0", "logFile": "/home/dtvt_13/simulation/my_lib/pmos_tb/maestro/results/maestro/ExplorerRun.0/8/my_lib_pmos_tb_1/psf/spectre.out", "logFileSize": "-1"}
[2026-04-11 09:51:15.955 +0700] [PROCESS] [cadence.virtuoso.ade.simulationMonitor] - Simulator launched {"hostname": "dtvt_13", "processid": 2236, "history": "ExplorerRun.0", "testname": "my_lib_pmos_tb_1", "cornername": "Nominal", "point": 8, "logfile": "/home/dtvt_13/truong/logs_dtvt_13/logs0/Job14.log", "simid": "8"}
[2026-04-11 09:51:15.956 +0700] [PROCESS] [cadence.virtuoso.ade.simulationMonitor] - Started Simulation {"hostname": "dtvt_13", "processid": 2236, "history": "ExplorerRun.0", "testname": "my_lib_pmos_tb_1", "cornername": "Nominal", "point": 8, "logfile": "/home/dtvt_13/truong/logs_dtvt_13/logs0/Job14.log"}
[2026-04-11 09:51:17.457 +0700] [PROCESS] [cadence.virtuoso.ade.simulationMonitor] - Finished simulating for one point {"hostname": "dtvt_13", "processid": 2236, "history": "ExplorerRun.0", "testname": "my_lib_pmos_tb_1", "cornername": "Nominal", "point": 8, "logfile": "/home/dtvt_13/truong/logs_dtvt_13/logs0/Job14.log", "simid": "8"}
[2026-04-11 09:51:17.458 +0700] [INFO] [cadence.virtuoso.ade.simulationMonitor] - Peak resident memory used = 96.2 Mbytes. {"history": "ExplorerRun.0", "point": 8, "testname": "my_lib_pmos_tb_1", "cornername": "Nominal"}
[2026-04-11 09:51:17.458 +0700] [INFO] [cadence.virtuoso.ade.simulationMonitor] - Peak resident memory used = 105 Mbytes. {"history": "ExplorerRun.0", "point": 8, "testname": "my_lib_pmos_tb_1", "cornername": "Nominal"}
[2026-04-11 09:51:17.458 +0700] [INFO] [cadence.virtuoso.ade.simulationMonitor] - Notice from spectre during hierarchy flattening.
    The value 'psf' specified for the 'checklimitdest' option will no longer be supported in future releases. Use 'spectre -h' to see other recommended values for the 'checklimitdest' option. {"history": "ExplorerRun.0", "point": 8, "testname": "my_lib_pmos_tb_1", "cornername": "Nominal"}
[2026-04-11 09:51:17.458 +0700] [INFO] [cadence.virtuoso.ade.simulationMonitor] - Peak resident memory used = 106 Mbytes. {"history": "ExplorerRun.0", "point": 8, "testname": "my_lib_pmos_tb_1", "cornername": "Nominal"}
[2026-04-11 09:51:17.459 +0700] [INFO] [cadence.virtuoso.ade.simulationMonitor] - Notice from spectre during initial setup.
    Multithreading is disabled due to the size of the design being too small. {"history": "ExplorerRun.0", "point": 8, "testname": "my_lib_pmos_tb_1", "cornername": "Nominal"}
[2026-04-11 09:51:17.459 +0700] [INFO] [cadence.virtuoso.ade.simulationMonitor] -               nodes 8 {"history": "ExplorerRun.0", "point": 8, "testname": "my_lib_pmos_tb_1", "cornername": "Nominal"}
[2026-04-11 09:51:17.459 +0700] [INFO] [cadence.virtuoso.ade.simulationMonitor] - Notice from spectre during initial setup.
    APS enabled. {"history": "ExplorerRun.0", "point": 8, "testname": "my_lib_pmos_tb_1", "cornername": "Nominal"}
[2026-04-11 09:51:17.459 +0700] [INFO] [cadence.virtuoso.ade.simulationMonitor] - Peak resident memory used = 107 Mbytes. {"history": "ExplorerRun.0", "point": 8, "testname": "my_lib_pmos_tb_1", "cornername": "Nominal"}
[2026-04-11 09:51:17.460 +0700] [INFO] [cadence.virtuoso.ade.simulationMonitor] -    -   (APS) Multi-threading. The recommended number of threads is 1, consider adding +mt=1 on command line. {"history": "ExplorerRun.0", "point": 8, "testname": "my_lib_pmos_tb_1", "cornername": "Nominal"}
[2026-04-11 09:51:17.460 +0700] [INFO] [cadence.virtuoso.ade.simulationMonitor] - Total time required for dc analysis `dcOp': CPU = 1.44 ms, elapsed = 2.38514 ms. {"history": "ExplorerRun.0", "point": 8, "testname": "my_lib_pmos_tb_1", "cornername": "Nominal"}
[2026-04-11 09:51:17.460 +0700] [INFO] [cadence.virtuoso.ade.simulationMonitor] - Peak resident memory used = 109 Mbytes. {"history": "ExplorerRun.0", "point": 8, "testname": "my_lib_pmos_tb_1", "cornername": "Nominal"}
[2026-04-11 09:51:17.460 +0700] [INFO] [cadence.virtuoso.ade.simulationMonitor] - Notice from spectre at vg = 740e-03 during DC analysis `dc'.
    The value of parameter 'vg' has been reset to the original value 0.74. {"history": "ExplorerRun.0", "point": 8, "testname": "my_lib_pmos_tb_1", "cornername": "Nominal"}
[2026-04-11 09:51:17.460 +0700] [INFO] [cadence.virtuoso.ade.simulationMonitor] - Total time required for dc analysis `dc': CPU = 5.376 ms, elapsed = 6.38819 ms. {"history": "ExplorerRun.0", "point": 8, "testname": "my_lib_pmos_tb_1", "cornername": "Nominal"}
[2026-04-11 09:51:17.461 +0700] [INFO] [cadence.virtuoso.ade.simulationMonitor] - Peak resident memory used = 110 Mbytes. {"history": "ExplorerRun.0", "point": 8, "testname": "my_lib_pmos_tb_1", "cornername": "Nominal"}
[2026-04-11 09:51:17.461 +0700] [INFO] [cadence.virtuoso.ade.simulationMonitor] - Time used: CPU = 507 ms, elapsed = 1.13 s, util. = 45%. {"history": "ExplorerRun.0", "point": 8, "testname": "my_lib_pmos_tb_1", "cornername": "Nominal"}
[2026-04-11 09:51:17.461 +0700] [INFO] [cadence.virtuoso.ade.simulationMonitor] - Time spent in licensing: elapsed = 630 ms, percentage of total = 55.9%. {"history": "ExplorerRun.0", "point": 8, "testname": "my_lib_pmos_tb_1", "cornername": "Nominal"}
[2026-04-11 09:51:17.461 +0700] [INFO] [cadence.virtuoso.ade.simulationMonitor] - Peak memory used = 111 Mbytes. {"history": "ExplorerRun.0", "point": 8, "testname": "my_lib_pmos_tb_1", "cornername": "Nominal"}
[2026-04-11 09:51:17.461 +0700] [PROCESS] [cadence.virtuoso.ade.simulationMonitor] - Simulation started at: 9:51:16 AM, Sat Apr 11, 2026, ended at: 9:51:17 AM, Sat Apr 11, 2026, with elapsed time (wall clock): 1.13 s. {"history": "ExplorerRun.0", "point": 8, "testname": "my_lib_pmos_tb_1", "cornername": "Nominal"}
[2026-04-11 09:51:17.462 +0700] [PROCESS] [cadence.virtuoso.ade.simulationMonitor] - spectre completes with 0 errors, 0 warnings, and 5 notices. {"history": "ExplorerRun.0", "point": 8, "testname": "my_lib_pmos_tb_1", "cornername": "Nominal"}
[2026-04-11 09:51:17.462 +0700] [PROCESS] [cadence.virtuoso.ade.simulationMonitor] - Simulator exited {"hostname": "dtvt_13", "processid": 2236, "history": "ExplorerRun.0", "testname": "my_lib_pmos_tb_1", "cornername": "Nominal", "point": 8, "logfile": "/home/dtvt_13/truong/logs_dtvt_13/logs0/Job14.log", "exitStatus": "0"}
[2026-04-11 09:51:17.462 +0700] [PROCESS] [cadence.virtuoso.ade.simulationMonitor] - Finished Simulation {"hostname": "dtvt_13", "processid": 2236, "history": "ExplorerRun.0", "testname": "my_lib_pmos_tb_1", "cornername": "Nominal", "point": 8, "logfile": "/home/dtvt_13/truong/logs_dtvt_13/logs0/Job14.log", "simid": "8"}
[2026-04-11 09:51:18.476 +0700] [PROCESS] [cadence.virtuoso.ade.simulationMonitor] - Point Finished {"hostname": "dtvt_13", "processid": 2236, "history": "ExplorerRun.0", "testname": "my_lib_pmos_tb_1", "cornername": "Nominal", "point": 8, "logfile": "/home/dtvt_13/truong/logs_dtvt_13/logs0/Job14.log"}
[2026-04-11 09:51:18.484 +0700] [PROCESS] [cadence.virtuoso.ade.simulationMonitor] - HostInfo:
Host name (type):	dtvt_13 (x86_64)
Operating system:	Linux 3.10.0-1160.118.1.el7.x86_64 #1 SMP Wed Apr 24 16:01:50 UTC 2024 {"hostname": "dtvt_13", "processid": 2236, "history": "ExplorerRun.0", "testname": "my_lib_pmos_tb_1", "cornername": "Nominal", "point": 8, "logfile": "/home/dtvt_13/truong/logs_dtvt_13/logs0/Job14.log", "nodename": "dtvt_13", "domainname": "(none)", "machine": "x86_64", "sysname": "Linux", "release": "3.10.0-1160.118.1.el7.x86_64", "version": "#1 SMP Wed Apr 24 16:01:50 UTC 2024"}
[2026-04-11 09:51:18.484 +0700] [PROCESS] [cadence.virtuoso.ade.simulationMonitor] - UsageInfo:
pid=2236
totalPhysicalMemory=15.208324GB,Used=14.815994GB,totalVirtualMemory=22.895821GB,Used=14.856766GB
Cpu: Cores=24, Load average:0.660000,0.380000,0.280000 {"hostname": "dtvt_13", "processid": 2236, "history": "ExplorerRun.0", "testname": "my_lib_pmos_tb_1", "cornername": "Nominal", "point": 8, "logfile": "/home/dtvt_13/truong/logs_dtvt_13/logs0/Job14.log", "pid": "2236", "totalPhysicalMemory": "15.208324", "physicalMemoryUsed": "14.815994", "totalVirtualMemory": "22.895821", "virtualMemoryUsed": "14.856766", "cpuCores": "24", "processes": "2629", "loadAverage1": "0.660000", "loadAverage5": "0.380000", "loadAverage15": "0.280000", "loadAverage1Percent": "0.027500"}
[2026-04-11 09:51:18.485 +0700] [EVENT] [cadence.virtuoso.ade.simulationMonitor] - NewPoint {"history": "ExplorerRun.0", "point": 9, "testname": "my_lib_pmos_tb_1", "cornername": "Nominal", "event": "NewPoint", "EventSource": "Simulation Monitor", "HistoryName": "ExplorerRun.0", "logFile": "/home/dtvt_13/truong/logs_dtvt_13/logs0/Job14.log", "logFileSize": "74027"}
[2026-04-11 09:51:18.591 +0700] [EVENT] [cadence.virtuoso.ade.simulationMonitor] - NewPoint {"history": "ExplorerRun.0", "point": 9, "testname": "my_lib_pmos_tb_1", "cornername": "Nominal", "event": "NewPoint", "EventSource": "spectre", "HistoryName": "ExplorerRun.0", "logFile": "/home/dtvt_13/simulation/my_lib/pmos_tb/maestro/results/maestro/ExplorerRun.0/9/my_lib_pmos_tb_1/psf/spectre.out", "logFileSize": "-1"}
[2026-04-11 09:51:18.601 +0700] [PROCESS] [cadence.virtuoso.ade.simulationMonitor] - Simulator launched {"hostname": "dtvt_13", "processid": 2236, "history": "ExplorerRun.0", "testname": "my_lib_pmos_tb_1", "cornername": "Nominal", "point": 9, "logfile": "/home/dtvt_13/truong/logs_dtvt_13/logs0/Job14.log", "simid": "9"}
[2026-04-11 09:51:18.602 +0700] [PROCESS] [cadence.virtuoso.ade.simulationMonitor] - Started Simulation {"hostname": "dtvt_13", "processid": 2236, "history": "ExplorerRun.0", "testname": "my_lib_pmos_tb_1", "cornername": "Nominal", "point": 9, "logfile": "/home/dtvt_13/truong/logs_dtvt_13/logs0/Job14.log"}
[2026-04-11 09:51:29.775 +0700] [INFO] [cadence.virtuoso.ade.simulationMonitor] - Peak resident memory used = 96.2 Mbytes. {"history": "ExplorerRun.0", "point": 9, "testname": "my_lib_pmos_tb_1", "cornername": "Nominal"}
[2026-04-11 09:51:29.775 +0700] [INFO] [cadence.virtuoso.ade.simulationMonitor] - Peak resident memory used = 105 Mbytes. {"history": "ExplorerRun.0", "point": 9, "testname": "my_lib_pmos_tb_1", "cornername": "Nominal"}
[2026-04-11 09:51:29.775 +0700] [INFO] [cadence.virtuoso.ade.simulationMonitor] - Notice from spectre during hierarchy flattening.
    The value 'psf' specified for the 'checklimitdest' option will no longer be supported in future releases. Use 'spectre -h' to see other recommended values for the 'checklimitdest' option. {"history": "ExplorerRun.0", "point": 9, "testname": "my_lib_pmos_tb_1", "cornername": "Nominal"}
[2026-04-11 09:51:29.776 +0700] [INFO] [cadence.virtuoso.ade.simulationMonitor] - Peak resident memory used = 106 Mbytes. {"history": "ExplorerRun.0", "point": 9, "testname": "my_lib_pmos_tb_1", "cornername": "Nominal"}
[2026-04-11 09:51:29.776 +0700] [INFO] [cadence.virtuoso.ade.simulationMonitor] - Notice from spectre during initial setup.
    Multithreading is disabled due to the size of the design being too small. {"history": "ExplorerRun.0", "point": 9, "testname": "my_lib_pmos_tb_1", "cornername": "Nominal"}
[2026-04-11 09:51:29.777 +0700] [INFO] [cadence.virtuoso.ade.simulationMonitor] -               nodes 8 {"history": "ExplorerRun.0", "point": 9, "testname": "my_lib_pmos_tb_1", "cornername": "Nominal"}
[2026-04-11 09:51:29.777 +0700] [INFO] [cadence.virtuoso.ade.simulationMonitor] - Notice from spectre during initial setup.
    APS enabled. {"history": "ExplorerRun.0", "point": 9, "testname": "my_lib_pmos_tb_1", "cornername": "Nominal"}
[2026-04-11 09:51:29.777 +0700] [INFO] [cadence.virtuoso.ade.simulationMonitor] - Peak resident memory used = 107 Mbytes. {"history": "ExplorerRun.0", "point": 9, "testname": "my_lib_pmos_tb_1", "cornername": "Nominal"}
[2026-04-11 09:51:29.777 +0700] [INFO] [cadence.virtuoso.ade.simulationMonitor] -    -   (APS) Multi-threading. The recommended number of threads is 1, consider adding +mt=1 on command line. {"history": "ExplorerRun.0", "point": 9, "testname": "my_lib_pmos_tb_1", "cornername": "Nominal"}
[2026-04-11 09:51:29.777 +0700] [INFO] [cadence.virtuoso.ade.simulationMonitor] - Total time required for dc analysis `dcOp': CPU = 1.548 ms, elapsed = 2.47598 ms. {"history": "ExplorerRun.0", "point": 9, "testname": "my_lib_pmos_tb_1", "cornername": "Nominal"}
[2026-04-11 09:51:29.777 +0700] [INFO] [cadence.virtuoso.ade.simulationMonitor] - Peak resident memory used = 109 Mbytes. {"history": "ExplorerRun.0", "point": 9, "testname": "my_lib_pmos_tb_1", "cornername": "Nominal"}
[2026-04-11 09:51:29.778 +0700] [INFO] [cadence.virtuoso.ade.simulationMonitor] - Notice from spectre at vg = 740e-03 during DC analysis `dc'.
    The value of parameter 'vg' has been reset to the original value 0.74. {"history": "ExplorerRun.0", "point": 9, "testname": "my_lib_pmos_tb_1", "cornername": "Nominal"}
[2026-04-11 09:51:29.778 +0700] [INFO] [cadence.virtuoso.ade.simulationMonitor] - Total time required for dc analysis `dc': CPU = 4.483 ms, elapsed = 5.52201 ms. {"history": "ExplorerRun.0", "point": 9, "testname": "my_lib_pmos_tb_1", "cornername": "Nominal"}
[2026-04-11 09:51:29.778 +0700] [INFO] [cadence.virtuoso.ade.simulationMonitor] - Peak resident memory used = 110 Mbytes. {"history": "ExplorerRun.0", "point": 9, "testname": "my_lib_pmos_tb_1", "cornername": "Nominal"}
[2026-04-11 09:51:29.778 +0700] [INFO] [cadence.virtuoso.ade.simulationMonitor] - Time used: CPU = 517 ms, elapsed = 10.8 s, util. = 4.77%. {"history": "ExplorerRun.0", "point": 9, "testname": "my_lib_pmos_tb_1", "cornername": "Nominal"}
[2026-04-11 09:51:29.778 +0700] [INFO] [cadence.virtuoso.ade.simulationMonitor] - Time spent in licensing: elapsed = 10.3 s, percentage of total = 95.3%. {"history": "ExplorerRun.0", "point": 9, "testname": "my_lib_pmos_tb_1", "cornername": "Nominal"}
[2026-04-11 09:51:29.779 +0700] [INFO] [cadence.virtuoso.ade.simulationMonitor] - Peak memory used = 111 Mbytes. {"history": "ExplorerRun.0", "point": 9, "testname": "my_lib_pmos_tb_1", "cornername": "Nominal"}
[2026-04-11 09:51:29.779 +0700] [PROCESS] [cadence.virtuoso.ade.simulationMonitor] - Simulation started at: 9:51:18 AM, Sat Apr 11, 2026, ended at: 9:51:29 AM, Sat Apr 11, 2026, with elapsed time (wall clock): 10.8 s. {"history": "ExplorerRun.0", "point": 9, "testname": "my_lib_pmos_tb_1", "cornername": "Nominal"}
[2026-04-11 09:51:29.779 +0700] [PROCESS] [cadence.virtuoso.ade.simulationMonitor] - spectre completes with 0 errors, 0 warnings, and 5 notices. {"history": "ExplorerRun.0", "point": 9, "testname": "my_lib_pmos_tb_1", "cornername": "Nominal"}
[2026-04-11 09:51:30.280 +0700] [PROCESS] [cadence.virtuoso.ade.simulationMonitor] - Finished simulating for one point {"hostname": "dtvt_13", "processid": 2236, "history": "ExplorerRun.0", "testname": "my_lib_pmos_tb_1", "cornername": "Nominal", "point": 9, "logfile": "/home/dtvt_13/truong/logs_dtvt_13/logs0/Job14.log", "simid": "9"}
[2026-04-11 09:51:30.280 +0700] [PROCESS] [cadence.virtuoso.ade.simulationMonitor] - Simulator exited {"hostname": "dtvt_13", "processid": 2236, "history": "ExplorerRun.0", "testname": "my_lib_pmos_tb_1", "cornername": "Nominal", "point": 9, "logfile": "/home/dtvt_13/truong/logs_dtvt_13/logs0/Job14.log", "exitStatus": "0"}
[2026-04-11 09:51:30.281 +0700] [PROCESS] [cadence.virtuoso.ade.simulationMonitor] - Finished Simulation {"hostname": "dtvt_13", "processid": 2236, "history": "ExplorerRun.0", "testname": "my_lib_pmos_tb_1", "cornername": "Nominal", "point": 9, "logfile": "/home/dtvt_13/truong/logs_dtvt_13/logs0/Job14.log", "simid": "9"}
[2026-04-11 09:51:30.795 +0700] [PROCESS] [cadence.virtuoso.ade.simulationMonitor] - Point Finished {"hostname": "dtvt_13", "processid": 2236, "history": "ExplorerRun.0", "testname": "my_lib_pmos_tb_1", "cornername": "Nominal", "point": 9, "logfile": "/home/dtvt_13/truong/logs_dtvt_13/logs0/Job14.log"}
[2026-04-11 09:51:30.802 +0700] [PROCESS] [cadence.virtuoso.ade.simulationMonitor] - HostInfo:
Host name (type):	dtvt_13 (x86_64)
Operating system:	Linux 3.10.0-1160.118.1.el7.x86_64 #1 SMP Wed Apr 24 16:01:50 UTC 2024 {"hostname": "dtvt_13", "processid": 2236, "history": "ExplorerRun.0", "testname": "my_lib_pmos_tb_1", "cornername": "Nominal", "point": 9, "logfile": "/home/dtvt_13/truong/logs_dtvt_13/logs0/Job14.log", "nodename": "dtvt_13", "domainname": "(none)", "machine": "x86_64", "sysname": "Linux", "release": "3.10.0-1160.118.1.el7.x86_64", "version": "#1 SMP Wed Apr 24 16:01:50 UTC 2024"}
[2026-04-11 09:51:30.803 +0700] [PROCESS] [cadence.virtuoso.ade.simulationMonitor] - UsageInfo:
pid=2236
totalPhysicalMemory=15.208324GB,Used=14.817287GB,totalVirtualMemory=22.895821GB,Used=14.858059GB
Cpu: Cores=24, Load average:0.560000,0.370000,0.270000 {"hostname": "dtvt_13", "processid": 2236, "history": "ExplorerRun.0", "testname": "my_lib_pmos_tb_1", "cornername": "Nominal", "point": 9, "logfile": "/home/dtvt_13/truong/logs_dtvt_13/logs0/Job14.log", "pid": "2236", "totalPhysicalMemory": "15.208324", "physicalMemoryUsed": "14.817287", "totalVirtualMemory": "22.895821", "virtualMemoryUsed": "14.858059", "cpuCores": "24", "processes": "2629", "loadAverage1": "0.560000", "loadAverage5": "0.370000", "loadAverage15": "0.270000", "loadAverage1Percent": "0.023333"}
[2026-04-11 09:51:30.803 +0700] [EVENT] [cadence.virtuoso.ade.simulationMonitor] - NewPoint {"history": "ExplorerRun.0", "point": 10, "testname": "my_lib_pmos_tb_1", "cornername": "Nominal", "event": "NewPoint", "EventSource": "Simulation Monitor", "HistoryName": "ExplorerRun.0", "logFile": "/home/dtvt_13/truong/logs_dtvt_13/logs0/Job14.log", "logFileSize": "82980"}
[2026-04-11 09:51:30.905 +0700] [EVENT] [cadence.virtuoso.ade.simulationMonitor] - NewPoint {"history": "ExplorerRun.0", "point": 10, "testname": "my_lib_pmos_tb_1", "cornername": "Nominal", "event": "NewPoint", "EventSource": "spectre", "HistoryName": "ExplorerRun.0", "logFile": "/home/dtvt_13/simulation/my_lib/pmos_tb/maestro/results/maestro/ExplorerRun.0/10/my_lib_pmos_tb_1/psf/spectre.out", "logFileSize": "-1"}
[2026-04-11 09:51:30.915 +0700] [PROCESS] [cadence.virtuoso.ade.simulationMonitor] - Simulator launched {"hostname": "dtvt_13", "processid": 2236, "history": "ExplorerRun.0", "testname": "my_lib_pmos_tb_1", "cornername": "Nominal", "point": 10, "logfile": "/home/dtvt_13/truong/logs_dtvt_13/logs0/Job14.log", "simid": "10"}
[2026-04-11 09:51:30.916 +0700] [PROCESS] [cadence.virtuoso.ade.simulationMonitor] - Started Simulation {"hostname": "dtvt_13", "processid": 2236, "history": "ExplorerRun.0", "testname": "my_lib_pmos_tb_1", "cornername": "Nominal", "point": 10, "logfile": "/home/dtvt_13/truong/logs_dtvt_13/logs0/Job14.log"}
[2026-04-11 09:51:42.595 +0700] [PROCESS] [cadence.virtuoso.ade.simulationMonitor] - Finished simulating for one point {"hostname": "dtvt_13", "processid": 2236, "history": "ExplorerRun.0", "testname": "my_lib_pmos_tb_1", "cornername": "Nominal", "point": 10, "logfile": "/home/dtvt_13/truong/logs_dtvt_13/logs0/Job14.log", "simid": "10"}
[2026-04-11 09:51:42.596 +0700] [INFO] [cadence.virtuoso.ade.simulationMonitor] - Peak resident memory used = 96.2 Mbytes. {"history": "ExplorerRun.0", "point": 10, "testname": "my_lib_pmos_tb_1", "cornername": "Nominal"}
[2026-04-11 09:51:42.596 +0700] [INFO] [cadence.virtuoso.ade.simulationMonitor] - Peak resident memory used = 105 Mbytes. {"history": "ExplorerRun.0", "point": 10, "testname": "my_lib_pmos_tb_1", "cornername": "Nominal"}
[2026-04-11 09:51:42.597 +0700] [INFO] [cadence.virtuoso.ade.simulationMonitor] - Notice from spectre during hierarchy flattening.
    The value 'psf' specified for the 'checklimitdest' option will no longer be supported in future releases. Use 'spectre -h' to see other recommended values for the 'checklimitdest' option. {"history": "ExplorerRun.0", "point": 10, "testname": "my_lib_pmos_tb_1", "cornername": "Nominal"}
[2026-04-11 09:51:42.597 +0700] [INFO] [cadence.virtuoso.ade.simulationMonitor] - Peak resident memory used = 106 Mbytes. {"history": "ExplorerRun.0", "point": 10, "testname": "my_lib_pmos_tb_1", "cornername": "Nominal"}
[2026-04-11 09:51:42.597 +0700] [INFO] [cadence.virtuoso.ade.simulationMonitor] - Notice from spectre during initial setup.
    Multithreading is disabled due to the size of the design being too small. {"history": "ExplorerRun.0", "point": 10, "testname": "my_lib_pmos_tb_1", "cornername": "Nominal"}
[2026-04-11 09:51:42.598 +0700] [INFO] [cadence.virtuoso.ade.simulationMonitor] -               nodes 8 {"history": "ExplorerRun.0", "point": 10, "testname": "my_lib_pmos_tb_1", "cornername": "Nominal"}
[2026-04-11 09:51:42.598 +0700] [INFO] [cadence.virtuoso.ade.simulationMonitor] - Notice from spectre during initial setup.
    APS enabled. {"history": "ExplorerRun.0", "point": 10, "testname": "my_lib_pmos_tb_1", "cornername": "Nominal"}
[2026-04-11 09:51:42.598 +0700] [INFO] [cadence.virtuoso.ade.simulationMonitor] - Peak resident memory used = 107 Mbytes. {"history": "ExplorerRun.0", "point": 10, "testname": "my_lib_pmos_tb_1", "cornername": "Nominal"}
[2026-04-11 09:51:42.598 +0700] [INFO] [cadence.virtuoso.ade.simulationMonitor] -    -   (APS) Multi-threading. The recommended number of threads is 1, consider adding +mt=1 on command line. {"history": "ExplorerRun.0", "point": 10, "testname": "my_lib_pmos_tb_1", "cornername": "Nominal"}
[2026-04-11 09:51:42.599 +0700] [INFO] [cadence.virtuoso.ade.simulationMonitor] - Total time required for dc analysis `dcOp': CPU = 1.61 ms, elapsed = 2.64502 ms. {"history": "ExplorerRun.0", "point": 10, "testname": "my_lib_pmos_tb_1", "cornername": "Nominal"}
[2026-04-11 09:51:42.599 +0700] [INFO] [cadence.virtuoso.ade.simulationMonitor] - Peak resident memory used = 109 Mbytes. {"history": "ExplorerRun.0", "point": 10, "testname": "my_lib_pmos_tb_1", "cornername": "Nominal"}
[2026-04-11 09:51:42.599 +0700] [INFO] [cadence.virtuoso.ade.simulationMonitor] - Notice from spectre at vg = 740e-03 during DC analysis `dc'.
    The value of parameter 'vg' has been reset to the original value 0.74. {"history": "ExplorerRun.0", "point": 10, "testname": "my_lib_pmos_tb_1", "cornername": "Nominal"}
[2026-04-11 09:51:42.599 +0700] [INFO] [cadence.virtuoso.ade.simulationMonitor] - Total time required for dc analysis `dc': CPU = 8.408 ms, elapsed = 9.41205 ms. {"history": "ExplorerRun.0", "point": 10, "testname": "my_lib_pmos_tb_1", "cornername": "Nominal"}
[2026-04-11 09:51:42.599 +0700] [INFO] [cadence.virtuoso.ade.simulationMonitor] - Peak resident memory used = 110 Mbytes. {"history": "ExplorerRun.0", "point": 10, "testname": "my_lib_pmos_tb_1", "cornername": "Nominal"}
[2026-04-11 09:51:42.600 +0700] [INFO] [cadence.virtuoso.ade.simulationMonitor] - Time used: CPU = 549 ms, elapsed = 11.2 s, util. = 4.89%. {"history": "ExplorerRun.0", "point": 10, "testname": "my_lib_pmos_tb_1", "cornername": "Nominal"}
[2026-04-11 09:51:42.600 +0700] [INFO] [cadence.virtuoso.ade.simulationMonitor] - Time spent in licensing: elapsed = 10.7 s, percentage of total = 95.2%. {"history": "ExplorerRun.0", "point": 10, "testname": "my_lib_pmos_tb_1", "cornername": "Nominal"}
[2026-04-11 09:51:42.600 +0700] [INFO] [cadence.virtuoso.ade.simulationMonitor] - Peak memory used = 111 Mbytes. {"history": "ExplorerRun.0", "point": 10, "testname": "my_lib_pmos_tb_1", "cornername": "Nominal"}
[2026-04-11 09:51:42.600 +0700] [PROCESS] [cadence.virtuoso.ade.simulationMonitor] - Simulation started at: 9:51:31 AM, Sat Apr 11, 2026, ended at: 9:51:42 AM, Sat Apr 11, 2026, with elapsed time (wall clock): 11.2 s. {"history": "ExplorerRun.0", "point": 10, "testname": "my_lib_pmos_tb_1", "cornername": "Nominal"}
[2026-04-11 09:51:42.600 +0700] [PROCESS] [cadence.virtuoso.ade.simulationMonitor] - spectre completes with 0 errors, 0 warnings, and 5 notices. {"history": "ExplorerRun.0", "point": 10, "testname": "my_lib_pmos_tb_1", "cornername": "Nominal"}
[2026-04-11 09:51:42.601 +0700] [PROCESS] [cadence.virtuoso.ade.simulationMonitor] - Simulator exited {"hostname": "dtvt_13", "processid": 2236, "history": "ExplorerRun.0", "testname": "my_lib_pmos_tb_1", "cornername": "Nominal", "point": 10, "logfile": "/home/dtvt_13/truong/logs_dtvt_13/logs0/Job14.log", "exitStatus": "0"}
[2026-04-11 09:51:42.601 +0700] [PROCESS] [cadence.virtuoso.ade.simulationMonitor] - Finished Simulation {"hostname": "dtvt_13", "processid": 2236, "history": "ExplorerRun.0", "testname": "my_lib_pmos_tb_1", "cornername": "Nominal", "point": 10, "logfile": "/home/dtvt_13/truong/logs_dtvt_13/logs0/Job14.log", "simid": "10"}
[2026-04-11 09:51:43.114 +0700] [PROCESS] [cadence.virtuoso.ade.simulationMonitor] - Point Finished {"hostname": "dtvt_13", "processid": 2236, "history": "ExplorerRun.0", "testname": "my_lib_pmos_tb_1", "cornername": "Nominal", "point": 10, "logfile": "/home/dtvt_13/truong/logs_dtvt_13/logs0/Job14.log"}
[2026-04-11 09:51:43.121 +0700] [PROCESS] [cadence.virtuoso.ade.simulationMonitor] - HostInfo:
Host name (type):	dtvt_13 (x86_64)
Operating system:	Linux 3.10.0-1160.118.1.el7.x86_64 #1 SMP Wed Apr 24 16:01:50 UTC 2024 {"hostname": "dtvt_13", "processid": 2236, "history": "ExplorerRun.0", "testname": "my_lib_pmos_tb_1", "cornername": "Nominal", "point": 10, "logfile": "/home/dtvt_13/truong/logs_dtvt_13/logs0/Job14.log", "nodename": "dtvt_13", "domainname": "(none)", "machine": "x86_64", "sysname": "Linux", "release": "3.10.0-1160.118.1.el7.x86_64", "version": "#1 SMP Wed Apr 24 16:01:50 UTC 2024"}
[2026-04-11 09:51:43.122 +0700] [PROCESS] [cadence.virtuoso.ade.simulationMonitor] - UsageInfo:
pid=2236
totalPhysicalMemory=15.208324GB,Used=14.818142GB,totalVirtualMemory=22.895821GB,Used=14.858913GB
Cpu: Cores=24, Load average:0.630000,0.390000,0.280000 {"hostname": "dtvt_13", "processid": 2236, "history": "ExplorerRun.0", "testname": "my_lib_pmos_tb_1", "cornername": "Nominal", "point": 10, "logfile": "/home/dtvt_13/truong/logs_dtvt_13/logs0/Job14.log", "pid": "2236", "totalPhysicalMemory": "15.208324", "physicalMemoryUsed": "14.818142", "totalVirtualMemory": "22.895821", "virtualMemoryUsed": "14.858913", "cpuCores": "24", "processes": "2628", "loadAverage1": "0.630000", "loadAverage5": "0.390000", "loadAverage15": "0.280000", "loadAverage1Percent": "0.026250"}
[2026-04-11 09:51:43.123 +0700] [EVENT] [cadence.virtuoso.ade.simulationMonitor] - NewPoint {"history": "ExplorerRun.0", "point": 11, "testname": "my_lib_pmos_tb_1", "cornername": "Nominal", "event": "NewPoint", "EventSource": "Simulation Monitor", "HistoryName": "ExplorerRun.0", "logFile": "/home/dtvt_13/truong/logs_dtvt_13/logs0/Job14.log", "logFileSize": "91965"}
[2026-04-11 09:51:43.225 +0700] [EVENT] [cadence.virtuoso.ade.simulationMonitor] - NewPoint {"history": "ExplorerRun.0", "point": 11, "testname": "my_lib_pmos_tb_1", "cornername": "Nominal", "event": "NewPoint", "EventSource": "spectre", "HistoryName": "ExplorerRun.0", "logFile": "/home/dtvt_13/simulation/my_lib/pmos_tb/maestro/results/maestro/ExplorerRun.0/11/my_lib_pmos_tb_1/psf/spectre.out", "logFileSize": "-1"}
[2026-04-11 09:51:43.235 +0700] [PROCESS] [cadence.virtuoso.ade.simulationMonitor] - Simulator launched {"hostname": "dtvt_13", "processid": 2236, "history": "ExplorerRun.0", "testname": "my_lib_pmos_tb_1", "cornername": "Nominal", "point": 11, "logfile": "/home/dtvt_13/truong/logs_dtvt_13/logs0/Job14.log", "simid": "11"}
[2026-04-11 09:51:43.236 +0700] [PROCESS] [cadence.virtuoso.ade.simulationMonitor] - Started Simulation {"hostname": "dtvt_13", "processid": 2236, "history": "ExplorerRun.0", "testname": "my_lib_pmos_tb_1", "cornername": "Nominal", "point": 11, "logfile": "/home/dtvt_13/truong/logs_dtvt_13/logs0/Job14.log"}
[2026-04-11 09:51:44.737 +0700] [PROCESS] [cadence.virtuoso.ade.simulationMonitor] - Finished simulating for one point {"hostname": "dtvt_13", "processid": 2236, "history": "ExplorerRun.0", "testname": "my_lib_pmos_tb_1", "cornername": "Nominal", "point": 11, "logfile": "/home/dtvt_13/truong/logs_dtvt_13/logs0/Job14.log", "simid": "11"}
[2026-04-11 09:51:44.738 +0700] [INFO] [cadence.virtuoso.ade.simulationMonitor] - Peak resident memory used = 96.2 Mbytes. {"history": "ExplorerRun.0", "point": 11, "testname": "my_lib_pmos_tb_1", "cornername": "Nominal"}
[2026-04-11 09:51:44.738 +0700] [INFO] [cadence.virtuoso.ade.simulationMonitor] - Peak resident memory used = 105 Mbytes. {"history": "ExplorerRun.0", "point": 11, "testname": "my_lib_pmos_tb_1", "cornername": "Nominal"}
[2026-04-11 09:51:44.739 +0700] [INFO] [cadence.virtuoso.ade.simulationMonitor] - Notice from spectre during hierarchy flattening.
    The value 'psf' specified for the 'checklimitdest' option will no longer be supported in future releases. Use 'spectre -h' to see other recommended values for the 'checklimitdest' option. {"history": "ExplorerRun.0", "point": 11, "testname": "my_lib_pmos_tb_1", "cornername": "Nominal"}
[2026-04-11 09:51:44.739 +0700] [INFO] [cadence.virtuoso.ade.simulationMonitor] - Peak resident memory used = 106 Mbytes. {"history": "ExplorerRun.0", "point": 11, "testname": "my_lib_pmos_tb_1", "cornername": "Nominal"}
[2026-04-11 09:51:44.739 +0700] [INFO] [cadence.virtuoso.ade.simulationMonitor] - Notice from spectre during initial setup.
    Multithreading is disabled due to the size of the design being too small. {"history": "ExplorerRun.0", "point": 11, "testname": "my_lib_pmos_tb_1", "cornername": "Nominal"}
[2026-04-11 09:51:44.740 +0700] [INFO] [cadence.virtuoso.ade.simulationMonitor] -               nodes 8 {"history": "ExplorerRun.0", "point": 11, "testname": "my_lib_pmos_tb_1", "cornername": "Nominal"}
[2026-04-11 09:51:44.740 +0700] [INFO] [cadence.virtuoso.ade.simulationMonitor] - Notice from spectre during initial setup.
    APS enabled. {"history": "ExplorerRun.0", "point": 11, "testname": "my_lib_pmos_tb_1", "cornername": "Nominal"}
[2026-04-11 09:51:44.740 +0700] [INFO] [cadence.virtuoso.ade.simulationMonitor] - Peak resident memory used = 107 Mbytes. {"history": "ExplorerRun.0", "point": 11, "testname": "my_lib_pmos_tb_1", "cornername": "Nominal"}
[2026-04-11 09:51:44.741 +0700] [INFO] [cadence.virtuoso.ade.simulationMonitor] -    -   (APS) Multi-threading. The recommended number of threads is 1, consider adding +mt=1 on command line. {"history": "ExplorerRun.0", "point": 11, "testname": "my_lib_pmos_tb_1", "cornername": "Nominal"}
[2026-04-11 09:51:44.741 +0700] [INFO] [cadence.virtuoso.ade.simulationMonitor] - Total time required for dc analysis `dcOp': CPU = 1.557 ms, elapsed = 2.61497 ms. {"history": "ExplorerRun.0", "point": 11, "testname": "my_lib_pmos_tb_1", "cornername": "Nominal"}
[2026-04-11 09:51:44.741 +0700] [INFO] [cadence.virtuoso.ade.simulationMonitor] - Peak resident memory used = 109 Mbytes. {"history": "ExplorerRun.0", "point": 11, "testname": "my_lib_pmos_tb_1", "cornername": "Nominal"}
[2026-04-11 09:51:44.741 +0700] [INFO] [cadence.virtuoso.ade.simulationMonitor] - Notice from spectre at vg = 740e-03 during DC analysis `dc'.
    The value of parameter 'vg' has been reset to the original value 0.74. {"history": "ExplorerRun.0", "point": 11, "testname": "my_lib_pmos_tb_1", "cornername": "Nominal"}
[2026-04-11 09:51:44.741 +0700] [INFO] [cadence.virtuoso.ade.simulationMonitor] - Total time required for dc analysis `dc': CPU = 10.326 ms, elapsed = 11.4138 ms. {"history": "ExplorerRun.0", "point": 11, "testname": "my_lib_pmos_tb_1", "cornername": "Nominal"}
[2026-04-11 09:51:44.742 +0700] [INFO] [cadence.virtuoso.ade.simulationMonitor] - Peak resident memory used = 110 Mbytes. {"history": "ExplorerRun.0", "point": 11, "testname": "my_lib_pmos_tb_1", "cornername": "Nominal"}
[2026-04-11 09:51:44.742 +0700] [INFO] [cadence.virtuoso.ade.simulationMonitor] - Time used: CPU = 527 ms, elapsed = 920 ms, util. = 57.3%. {"history": "ExplorerRun.0", "point": 11, "testname": "my_lib_pmos_tb_1", "cornername": "Nominal"}
[2026-04-11 09:51:44.742 +0700] [INFO] [cadence.virtuoso.ade.simulationMonitor] - Time spent in licensing: elapsed = 400 ms, percentage of total = 43.4%. {"history": "ExplorerRun.0", "point": 11, "testname": "my_lib_pmos_tb_1", "cornername": "Nominal"}
[2026-04-11 09:51:44.742 +0700] [INFO] [cadence.virtuoso.ade.simulationMonitor] - Peak memory used = 111 Mbytes. {"history": "ExplorerRun.0", "point": 11, "testname": "my_lib_pmos_tb_1", "cornername": "Nominal"}
[2026-04-11 09:51:44.743 +0700] [PROCESS] [cadence.virtuoso.ade.simulationMonitor] - Simulation started at: 9:51:43 AM, Sat Apr 11, 2026, ended at: 9:51:44 AM, Sat Apr 11, 2026, with elapsed time (wall clock): 920 ms. {"history": "ExplorerRun.0", "point": 11, "testname": "my_lib_pmos_tb_1", "cornername": "Nominal"}
[2026-04-11 09:51:44.743 +0700] [PROCESS] [cadence.virtuoso.ade.simulationMonitor] - spectre completes with 0 errors, 0 warnings, and 5 notices. {"history": "ExplorerRun.0", "point": 11, "testname": "my_lib_pmos_tb_1", "cornername": "Nominal"}
[2026-04-11 09:51:44.743 +0700] [PROCESS] [cadence.virtuoso.ade.simulationMonitor] - Simulator exited {"hostname": "dtvt_13", "processid": 2236, "history": "ExplorerRun.0", "testname": "my_lib_pmos_tb_1", "cornername": "Nominal", "point": 11, "logfile": "/home/dtvt_13/truong/logs_dtvt_13/logs0/Job14.log", "exitStatus": "0"}
[2026-04-11 09:51:44.743 +0700] [PROCESS] [cadence.virtuoso.ade.simulationMonitor] - Finished Simulation {"hostname": "dtvt_13", "processid": 2236, "history": "ExplorerRun.0", "testname": "my_lib_pmos_tb_1", "cornername": "Nominal", "point": 11, "logfile": "/home/dtvt_13/truong/logs_dtvt_13/logs0/Job14.log", "simid": "11"}
[2026-04-11 09:51:45.257 +0700] [PROCESS] [cadence.virtuoso.ade.simulationMonitor] - Point Finished {"hostname": "dtvt_13", "processid": 2236, "history": "ExplorerRun.0", "testname": "my_lib_pmos_tb_1", "cornername": "Nominal", "point": 11, "logfile": "/home/dtvt_13/truong/logs_dtvt_13/logs0/Job14.log"}
[2026-04-11 09:51:45.266 +0700] [PROCESS] [cadence.virtuoso.ade.simulationMonitor] - HostInfo:
Host name (type):	dtvt_13 (x86_64)
Operating system:	Linux 3.10.0-1160.118.1.el7.x86_64 #1 SMP Wed Apr 24 16:01:50 UTC 2024 {"hostname": "dtvt_13", "processid": 2236, "history": "ExplorerRun.0", "testname": "my_lib_pmos_tb_1", "cornername": "Nominal", "point": 11, "logfile": "/home/dtvt_13/truong/logs_dtvt_13/logs0/Job14.log", "nodename": "dtvt_13", "domainname": "(none)", "machine": "x86_64", "sysname": "Linux", "release": "3.10.0-1160.118.1.el7.x86_64", "version": "#1 SMP Wed Apr 24 16:01:50 UTC 2024"}
[2026-04-11 09:51:45.266 +0700] [PROCESS] [cadence.virtuoso.ade.simulationMonitor] - UsageInfo:
pid=2236
totalPhysicalMemory=15.208324GB,Used=14.817219GB,totalVirtualMemory=22.895821GB,Used=14.857990GB
Cpu: Cores=24, Load average:0.580000,0.380000,0.280000 {"hostname": "dtvt_13", "processid": 2236, "history": "ExplorerRun.0", "testname": "my_lib_pmos_tb_1", "cornername": "Nominal", "point": 11, "logfile": "/home/dtvt_13/truong/logs_dtvt_13/logs0/Job14.log", "pid": "2236", "totalPhysicalMemory": "15.208324", "physicalMemoryUsed": "14.817219", "totalVirtualMemory": "22.895821", "virtualMemoryUsed": "14.857990", "cpuCores": "24", "processes": "2628", "loadAverage1": "0.580000", "loadAverage5": "0.380000", "loadAverage15": "0.280000", "loadAverage1Percent": "0.024167"}
[2026-04-11 09:51:45.267 +0700] [EVENT] [cadence.virtuoso.ade.simulationMonitor] - NewPoint {"history": "ExplorerRun.0", "point": 12, "testname": "my_lib_pmos_tb_1", "cornername": "Nominal", "event": "NewPoint", "EventSource": "Simulation Monitor", "HistoryName": "ExplorerRun.0", "logFile": "/home/dtvt_13/truong/logs_dtvt_13/logs0/Job14.log", "logFileSize": "100952"}
[2026-04-11 09:51:45.368 +0700] [EVENT] [cadence.virtuoso.ade.simulationMonitor] - NewPoint {"history": "ExplorerRun.0", "point": 12, "testname": "my_lib_pmos_tb_1", "cornername": "Nominal", "event": "NewPoint", "EventSource": "spectre", "HistoryName": "ExplorerRun.0", "logFile": "/home/dtvt_13/simulation/my_lib/pmos_tb/maestro/results/maestro/ExplorerRun.0/12/my_lib_pmos_tb_1/psf/spectre.out", "logFileSize": "-1"}
[2026-04-11 09:51:45.378 +0700] [PROCESS] [cadence.virtuoso.ade.simulationMonitor] - Simulator launched {"hostname": "dtvt_13", "processid": 2236, "history": "ExplorerRun.0", "testname": "my_lib_pmos_tb_1", "cornername": "Nominal", "point": 12, "logfile": "/home/dtvt_13/truong/logs_dtvt_13/logs0/Job14.log", "simid": "12"}
[2026-04-11 09:51:45.379 +0700] [PROCESS] [cadence.virtuoso.ade.simulationMonitor] - Started Simulation {"hostname": "dtvt_13", "processid": 2236, "history": "ExplorerRun.0", "testname": "my_lib_pmos_tb_1", "cornername": "Nominal", "point": 12, "logfile": "/home/dtvt_13/truong/logs_dtvt_13/logs0/Job14.log"}
[2026-04-11 09:51:57.042 +0700] [PROCESS] [cadence.virtuoso.ade.simulationMonitor] - Finished simulating for one point {"hostname": "dtvt_13", "processid": 2236, "history": "ExplorerRun.0", "testname": "my_lib_pmos_tb_1", "cornername": "Nominal", "point": 12, "logfile": "/home/dtvt_13/truong/logs_dtvt_13/logs0/Job14.log", "simid": "12"}
[2026-04-11 09:51:57.043 +0700] [INFO] [cadence.virtuoso.ade.simulationMonitor] - Peak resident memory used = 96.2 Mbytes. {"history": "ExplorerRun.0", "point": 12, "testname": "my_lib_pmos_tb_1", "cornername": "Nominal"}
[2026-04-11 09:51:57.043 +0700] [INFO] [cadence.virtuoso.ade.simulationMonitor] - Peak resident memory used = 105 Mbytes. {"history": "ExplorerRun.0", "point": 12, "testname": "my_lib_pmos_tb_1", "cornername": "Nominal"}
[2026-04-11 09:51:57.043 +0700] [INFO] [cadence.virtuoso.ade.simulationMonitor] - Notice from spectre during hierarchy flattening.
    The value 'psf' specified for the 'checklimitdest' option will no longer be supported in future releases. Use 'spectre -h' to see other recommended values for the 'checklimitdest' option. {"history": "ExplorerRun.0", "point": 12, "testname": "my_lib_pmos_tb_1", "cornername": "Nominal"}
[2026-04-11 09:51:57.044 +0700] [INFO] [cadence.virtuoso.ade.simulationMonitor] - Peak resident memory used = 106 Mbytes. {"history": "ExplorerRun.0", "point": 12, "testname": "my_lib_pmos_tb_1", "cornername": "Nominal"}
[2026-04-11 09:51:57.044 +0700] [INFO] [cadence.virtuoso.ade.simulationMonitor] - Notice from spectre during initial setup.
    Multithreading is disabled due to the size of the design being too small. {"history": "ExplorerRun.0", "point": 12, "testname": "my_lib_pmos_tb_1", "cornername": "Nominal"}
[2026-04-11 09:51:57.045 +0700] [INFO] [cadence.virtuoso.ade.simulationMonitor] -               nodes 8 {"history": "ExplorerRun.0", "point": 12, "testname": "my_lib_pmos_tb_1", "cornername": "Nominal"}
[2026-04-11 09:51:57.045 +0700] [INFO] [cadence.virtuoso.ade.simulationMonitor] - Notice from spectre during initial setup.
    APS enabled. {"history": "ExplorerRun.0", "point": 12, "testname": "my_lib_pmos_tb_1", "cornername": "Nominal"}
[2026-04-11 09:51:57.045 +0700] [INFO] [cadence.virtuoso.ade.simulationMonitor] - Peak resident memory used = 107 Mbytes. {"history": "ExplorerRun.0", "point": 12, "testname": "my_lib_pmos_tb_1", "cornername": "Nominal"}
[2026-04-11 09:51:57.045 +0700] [INFO] [cadence.virtuoso.ade.simulationMonitor] -    -   (APS) Multi-threading. The recommended number of threads is 1, consider adding +mt=1 on command line. {"history": "ExplorerRun.0", "point": 12, "testname": "my_lib_pmos_tb_1", "cornername": "Nominal"}
[2026-04-11 09:51:57.045 +0700] [INFO] [cadence.virtuoso.ade.simulationMonitor] - Total time required for dc analysis `dcOp': CPU = 1.513 ms, elapsed = 2.45214 ms. {"history": "ExplorerRun.0", "point": 12, "testname": "my_lib_pmos_tb_1", "cornername": "Nominal"}
[2026-04-11 09:51:57.046 +0700] [INFO] [cadence.virtuoso.ade.simulationMonitor] - Peak resident memory used = 109 Mbytes. {"history": "ExplorerRun.0", "point": 12, "testname": "my_lib_pmos_tb_1", "cornername": "Nominal"}
[2026-04-11 09:51:57.046 +0700] [INFO] [cadence.virtuoso.ade.simulationMonitor] - Notice from spectre at vg = 740e-03 during DC analysis `dc'.
    The value of parameter 'vg' has been reset to the original value 0.74. {"history": "ExplorerRun.0", "point": 12, "testname": "my_lib_pmos_tb_1", "cornername": "Nominal"}
[2026-04-11 09:51:57.046 +0700] [INFO] [cadence.virtuoso.ade.simulationMonitor] - Total time required for dc analysis `dc': CPU = 9.954 ms, elapsed = 11.0788 ms. {"history": "ExplorerRun.0", "point": 12, "testname": "my_lib_pmos_tb_1", "cornername": "Nominal"}
[2026-04-11 09:51:57.046 +0700] [INFO] [cadence.virtuoso.ade.simulationMonitor] - Peak resident memory used = 110 Mbytes. {"history": "ExplorerRun.0", "point": 12, "testname": "my_lib_pmos_tb_1", "cornername": "Nominal"}
[2026-04-11 09:51:57.046 +0700] [INFO] [cadence.virtuoso.ade.simulationMonitor] - Time used: CPU = 532 ms, elapsed = 10.9 s, util. = 4.88%. {"history": "ExplorerRun.0", "point": 12, "testname": "my_lib_pmos_tb_1", "cornername": "Nominal"}
[2026-04-11 09:51:57.046 +0700] [INFO] [cadence.virtuoso.ade.simulationMonitor] - Time spent in licensing: elapsed = 10.4 s, percentage of total = 95.3%. {"history": "ExplorerRun.0", "point": 12, "testname": "my_lib_pmos_tb_1", "cornername": "Nominal"}
[2026-04-11 09:51:57.047 +0700] [INFO] [cadence.virtuoso.ade.simulationMonitor] - Peak memory used = 111 Mbytes. {"history": "ExplorerRun.0", "point": 12, "testname": "my_lib_pmos_tb_1", "cornername": "Nominal"}
[2026-04-11 09:51:57.047 +0700] [PROCESS] [cadence.virtuoso.ade.simulationMonitor] - Simulation started at: 9:51:45 AM, Sat Apr 11, 2026, ended at: 9:51:56 AM, Sat Apr 11, 2026, with elapsed time (wall clock): 10.9 s. {"history": "ExplorerRun.0", "point": 12, "testname": "my_lib_pmos_tb_1", "cornername": "Nominal"}
[2026-04-11 09:51:57.047 +0700] [PROCESS] [cadence.virtuoso.ade.simulationMonitor] - spectre completes with 0 errors, 0 warnings, and 5 notices. {"history": "ExplorerRun.0", "point": 12, "testname": "my_lib_pmos_tb_1", "cornername": "Nominal"}
[2026-04-11 09:51:57.047 +0700] [PROCESS] [cadence.virtuoso.ade.simulationMonitor] - Simulator exited {"hostname": "dtvt_13", "processid": 2236, "history": "ExplorerRun.0", "testname": "my_lib_pmos_tb_1", "cornername": "Nominal", "point": 12, "logfile": "/home/dtvt_13/truong/logs_dtvt_13/logs0/Job14.log", "exitStatus": "0"}
[2026-04-11 09:51:57.048 +0700] [PROCESS] [cadence.virtuoso.ade.simulationMonitor] - Finished Simulation {"hostname": "dtvt_13", "processid": 2236, "history": "ExplorerRun.0", "testname": "my_lib_pmos_tb_1", "cornername": "Nominal", "point": 12, "logfile": "/home/dtvt_13/truong/logs_dtvt_13/logs0/Job14.log", "simid": "12"}
[2026-04-11 09:51:57.562 +0700] [PROCESS] [cadence.virtuoso.ade.simulationMonitor] - Point Finished {"hostname": "dtvt_13", "processid": 2236, "history": "ExplorerRun.0", "testname": "my_lib_pmos_tb_1", "cornername": "Nominal", "point": 12, "logfile": "/home/dtvt_13/truong/logs_dtvt_13/logs0/Job14.log"}
[2026-04-11 09:51:57.568 +0700] [PROCESS] [cadence.virtuoso.ade.simulationMonitor] - HostInfo:
Host name (type):	dtvt_13 (x86_64)
Operating system:	Linux 3.10.0-1160.118.1.el7.x86_64 #1 SMP Wed Apr 24 16:01:50 UTC 2024 {"hostname": "dtvt_13", "processid": 2236, "history": "ExplorerRun.0", "testname": "my_lib_pmos_tb_1", "cornername": "Nominal", "point": 12, "logfile": "/home/dtvt_13/truong/logs_dtvt_13/logs0/Job14.log", "nodename": "dtvt_13", "domainname": "(none)", "machine": "x86_64", "sysname": "Linux", "release": "3.10.0-1160.118.1.el7.x86_64", "version": "#1 SMP Wed Apr 24 16:01:50 UTC 2024"}
[2026-04-11 09:51:57.568 +0700] [PROCESS] [cadence.virtuoso.ade.simulationMonitor] - UsageInfo:
pid=2236
totalPhysicalMemory=15.208324GB,Used=14.820221GB,totalVirtualMemory=22.895821GB,Used=14.860992GB
Cpu: Cores=24, Load average:0.490000,0.370000,0.280000 {"hostname": "dtvt_13", "processid": 2236, "history": "ExplorerRun.0", "testname": "my_lib_pmos_tb_1", "cornername": "Nominal", "point": 12, "logfile": "/home/dtvt_13/truong/logs_dtvt_13/logs0/Job14.log", "pid": "2236", "totalPhysicalMemory": "15.208324", "physicalMemoryUsed": "14.820221", "totalVirtualMemory": "22.895821", "virtualMemoryUsed": "14.860992", "cpuCores": "24", "processes": "2628", "loadAverage1": "0.490000", "loadAverage5": "0.370000", "loadAverage15": "0.280000", "loadAverage1Percent": "0.020417"}
[2026-04-11 09:51:57.569 +0700] [EVENT] [cadence.virtuoso.ade.simulationMonitor] - NewPoint {"history": "ExplorerRun.0", "point": 13, "testname": "my_lib_pmos_tb_1", "cornername": "Nominal", "event": "NewPoint", "EventSource": "Simulation Monitor", "HistoryName": "ExplorerRun.0", "logFile": "/home/dtvt_13/truong/logs_dtvt_13/logs0/Job14.log", "logFileSize": "109939"}
[2026-04-11 09:51:57.671 +0700] [EVENT] [cadence.virtuoso.ade.simulationMonitor] - NewPoint {"history": "ExplorerRun.0", "point": 13, "testname": "my_lib_pmos_tb_1", "cornername": "Nominal", "event": "NewPoint", "EventSource": "spectre", "HistoryName": "ExplorerRun.0", "logFile": "/home/dtvt_13/simulation/my_lib/pmos_tb/maestro/results/maestro/ExplorerRun.0/13/my_lib_pmos_tb_1/psf/spectre.out", "logFileSize": "-1"}
[2026-04-11 09:51:57.681 +0700] [PROCESS] [cadence.virtuoso.ade.simulationMonitor] - Simulator launched {"hostname": "dtvt_13", "processid": 2236, "history": "ExplorerRun.0", "testname": "my_lib_pmos_tb_1", "cornername": "Nominal", "point": 13, "logfile": "/home/dtvt_13/truong/logs_dtvt_13/logs0/Job14.log", "simid": "13"}
[2026-04-11 09:51:57.682 +0700] [PROCESS] [cadence.virtuoso.ade.simulationMonitor] - Started Simulation {"hostname": "dtvt_13", "processid": 2236, "history": "ExplorerRun.0", "testname": "my_lib_pmos_tb_1", "cornername": "Nominal", "point": 13, "logfile": "/home/dtvt_13/truong/logs_dtvt_13/logs0/Job14.log"}
[2026-04-11 09:52:08.890 +0700] [INFO] [cadence.virtuoso.ade.simulationMonitor] - Peak resident memory used = 96.2 Mbytes. {"history": "ExplorerRun.0", "point": 13, "testname": "my_lib_pmos_tb_1", "cornername": "Nominal"}
[2026-04-11 09:52:08.890 +0700] [INFO] [cadence.virtuoso.ade.simulationMonitor] - Peak resident memory used = 105 Mbytes. {"history": "ExplorerRun.0", "point": 13, "testname": "my_lib_pmos_tb_1", "cornername": "Nominal"}
[2026-04-11 09:52:08.890 +0700] [INFO] [cadence.virtuoso.ade.simulationMonitor] - Notice from spectre during hierarchy flattening.
    The value 'psf' specified for the 'checklimitdest' option will no longer be supported in future releases. Use 'spectre -h' to see other recommended values for the 'checklimitdest' option. {"history": "ExplorerRun.0", "point": 13, "testname": "my_lib_pmos_tb_1", "cornername": "Nominal"}
[2026-04-11 09:52:08.891 +0700] [INFO] [cadence.virtuoso.ade.simulationMonitor] - Peak resident memory used = 106 Mbytes. {"history": "ExplorerRun.0", "point": 13, "testname": "my_lib_pmos_tb_1", "cornername": "Nominal"}
[2026-04-11 09:52:08.891 +0700] [INFO] [cadence.virtuoso.ade.simulationMonitor] - Notice from spectre during initial setup.
    Multithreading is disabled due to the size of the design being too small. {"history": "ExplorerRun.0", "point": 13, "testname": "my_lib_pmos_tb_1", "cornername": "Nominal"}
[2026-04-11 09:52:08.892 +0700] [INFO] [cadence.virtuoso.ade.simulationMonitor] -               nodes 8 {"history": "ExplorerRun.0", "point": 13, "testname": "my_lib_pmos_tb_1", "cornername": "Nominal"}
[2026-04-11 09:52:08.892 +0700] [INFO] [cadence.virtuoso.ade.simulationMonitor] - Notice from spectre during initial setup.
    APS enabled. {"history": "ExplorerRun.0", "point": 13, "testname": "my_lib_pmos_tb_1", "cornername": "Nominal"}
[2026-04-11 09:52:08.892 +0700] [INFO] [cadence.virtuoso.ade.simulationMonitor] - Peak resident memory used = 107 Mbytes. {"history": "ExplorerRun.0", "point": 13, "testname": "my_lib_pmos_tb_1", "cornername": "Nominal"}
[2026-04-11 09:52:08.892 +0700] [INFO] [cadence.virtuoso.ade.simulationMonitor] -    -   (APS) Multi-threading. The recommended number of threads is 1, consider adding +mt=1 on command line. {"history": "ExplorerRun.0", "point": 13, "testname": "my_lib_pmos_tb_1", "cornername": "Nominal"}
[2026-04-11 09:52:08.893 +0700] [INFO] [cadence.virtuoso.ade.simulationMonitor] - Total time required for dc analysis `dcOp': CPU = 1.45 ms, elapsed = 2.37989 ms. {"history": "ExplorerRun.0", "point": 13, "testname": "my_lib_pmos_tb_1", "cornername": "Nominal"}
[2026-04-11 09:52:08.893 +0700] [INFO] [cadence.virtuoso.ade.simulationMonitor] - Peak resident memory used = 109 Mbytes. {"history": "ExplorerRun.0", "point": 13, "testname": "my_lib_pmos_tb_1", "cornername": "Nominal"}
[2026-04-11 09:52:08.893 +0700] [INFO] [cadence.virtuoso.ade.simulationMonitor] - Notice from spectre at vg = 740e-03 during DC analysis `dc'.
    The value of parameter 'vg' has been reset to the original value 0.74. {"history": "ExplorerRun.0", "point": 13, "testname": "my_lib_pmos_tb_1", "cornername": "Nominal"}
[2026-04-11 09:52:08.893 +0700] [INFO] [cadence.virtuoso.ade.simulationMonitor] - Total time required for dc analysis `dc': CPU = 5.396 ms, elapsed = 6.34909 ms. {"history": "ExplorerRun.0", "point": 13, "testname": "my_lib_pmos_tb_1", "cornername": "Nominal"}
[2026-04-11 09:52:08.893 +0700] [INFO] [cadence.virtuoso.ade.simulationMonitor] - Peak resident memory used = 110 Mbytes. {"history": "ExplorerRun.0", "point": 13, "testname": "my_lib_pmos_tb_1", "cornername": "Nominal"}
[2026-04-11 09:52:09.394 +0700] [PROCESS] [cadence.virtuoso.ade.simulationMonitor] - Finished simulating for one point {"hostname": "dtvt_13", "processid": 2236, "history": "ExplorerRun.0", "testname": "my_lib_pmos_tb_1", "cornername": "Nominal", "point": 13, "logfile": "/home/dtvt_13/truong/logs_dtvt_13/logs0/Job14.log", "simid": "13"}
[2026-04-11 09:52:09.394 +0700] [INFO] [cadence.virtuoso.ade.simulationMonitor] - Time used: CPU = 522 ms, elapsed = 10.9 s, util. = 4.81%. {"history": "ExplorerRun.0", "point": 13, "testname": "my_lib_pmos_tb_1", "cornername": "Nominal"}
[2026-04-11 09:52:09.395 +0700] [INFO] [cadence.virtuoso.ade.simulationMonitor] - Time spent in licensing: elapsed = 10.4 s, percentage of total = 95.5%. {"history": "ExplorerRun.0", "point": 13, "testname": "my_lib_pmos_tb_1", "cornername": "Nominal"}
[2026-04-11 09:52:09.395 +0700] [INFO] [cadence.virtuoso.ade.simulationMonitor] - Peak memory used = 111 Mbytes. {"history": "ExplorerRun.0", "point": 13, "testname": "my_lib_pmos_tb_1", "cornername": "Nominal"}
[2026-04-11 09:52:09.396 +0700] [PROCESS] [cadence.virtuoso.ade.simulationMonitor] - Simulation started at: 9:51:57 AM, Sat Apr 11, 2026, ended at: 9:52:08 AM, Sat Apr 11, 2026, with elapsed time (wall clock): 10.9 s. {"history": "ExplorerRun.0", "point": 13, "testname": "my_lib_pmos_tb_1", "cornername": "Nominal"}
[2026-04-11 09:52:09.396 +0700] [PROCESS] [cadence.virtuoso.ade.simulationMonitor] - spectre completes with 0 errors, 0 warnings, and 5 notices. {"history": "ExplorerRun.0", "point": 13, "testname": "my_lib_pmos_tb_1", "cornername": "Nominal"}
[2026-04-11 09:52:09.396 +0700] [PROCESS] [cadence.virtuoso.ade.simulationMonitor] - Simulator exited {"hostname": "dtvt_13", "processid": 2236, "history": "ExplorerRun.0", "testname": "my_lib_pmos_tb_1", "cornername": "Nominal", "point": 13, "logfile": "/home/dtvt_13/truong/logs_dtvt_13/logs0/Job14.log", "exitStatus": "0"}
[2026-04-11 09:52:09.396 +0700] [PROCESS] [cadence.virtuoso.ade.simulationMonitor] - Finished Simulation {"hostname": "dtvt_13", "processid": 2236, "history": "ExplorerRun.0", "testname": "my_lib_pmos_tb_1", "cornername": "Nominal", "point": 13, "logfile": "/home/dtvt_13/truong/logs_dtvt_13/logs0/Job14.log", "simid": "13"}
[2026-04-11 09:52:09.910 +0700] [PROCESS] [cadence.virtuoso.ade.simulationMonitor] - Point Finished {"hostname": "dtvt_13", "processid": 2236, "history": "ExplorerRun.0", "testname": "my_lib_pmos_tb_1", "cornername": "Nominal", "point": 13, "logfile": "/home/dtvt_13/truong/logs_dtvt_13/logs0/Job14.log"}
[2026-04-11 09:52:09.915 +0700] [PROCESS] [cadence.virtuoso.ade.simulationMonitor] - HostInfo:
Host name (type):	dtvt_13 (x86_64)
Operating system:	Linux 3.10.0-1160.118.1.el7.x86_64 #1 SMP Wed Apr 24 16:01:50 UTC 2024 {"hostname": "dtvt_13", "processid": 2236, "history": "ExplorerRun.0", "testname": "my_lib_pmos_tb_1", "cornername": "Nominal", "point": 13, "logfile": "/home/dtvt_13/truong/logs_dtvt_13/logs0/Job14.log", "nodename": "dtvt_13", "domainname": "(none)", "machine": "x86_64", "sysname": "Linux", "release": "3.10.0-1160.118.1.el7.x86_64", "version": "#1 SMP Wed Apr 24 16:01:50 UTC 2024"}
[2026-04-11 09:52:09.916 +0700] [PROCESS] [cadence.virtuoso.ade.simulationMonitor] - UsageInfo:
pid=2236
totalPhysicalMemory=15.208324GB,Used=14.821724GB,totalVirtualMemory=22.895821GB,Used=14.862495GB
Cpu: Cores=24, Load average:0.460000,0.370000,0.280000 {"hostname": "dtvt_13", "processid": 2236, "history": "ExplorerRun.0", "testname": "my_lib_pmos_tb_1", "cornername": "Nominal", "point": 13, "logfile": "/home/dtvt_13/truong/logs_dtvt_13/logs0/Job14.log", "pid": "2236", "totalPhysicalMemory": "15.208324", "physicalMemoryUsed": "14.821724", "totalVirtualMemory": "22.895821", "virtualMemoryUsed": "14.862495", "cpuCores": "24", "processes": "2638", "loadAverage1": "0.460000", "loadAverage5": "0.370000", "loadAverage15": "0.280000", "loadAverage1Percent": "0.019167"}
[2026-04-11 09:52:09.916 +0700] [EVENT] [cadence.virtuoso.ade.simulationMonitor] - NewPoint {"history": "ExplorerRun.0", "point": 14, "testname": "my_lib_pmos_tb_1", "cornername": "Nominal", "event": "NewPoint", "EventSource": "Simulation Monitor", "HistoryName": "ExplorerRun.0", "logFile": "/home/dtvt_13/truong/logs_dtvt_13/logs0/Job14.log", "logFileSize": "118925"}
[2026-04-11 09:52:10.018 +0700] [EVENT] [cadence.virtuoso.ade.simulationMonitor] - NewPoint {"history": "ExplorerRun.0", "point": 14, "testname": "my_lib_pmos_tb_1", "cornername": "Nominal", "event": "NewPoint", "EventSource": "spectre", "HistoryName": "ExplorerRun.0", "logFile": "/home/dtvt_13/simulation/my_lib/pmos_tb/maestro/results/maestro/ExplorerRun.0/14/my_lib_pmos_tb_1/psf/spectre.out", "logFileSize": "-1"}
[2026-04-11 09:52:10.023 +0700] [PROCESS] [cadence.virtuoso.ade.simulationMonitor] - Simulator launched {"hostname": "dtvt_13", "processid": 2236, "history": "ExplorerRun.0", "testname": "my_lib_pmos_tb_1", "cornername": "Nominal", "point": 14, "logfile": "/home/dtvt_13/truong/logs_dtvt_13/logs0/Job14.log", "simid": "14"}
[2026-04-11 09:52:10.023 +0700] [PROCESS] [cadence.virtuoso.ade.simulationMonitor] - Started Simulation {"hostname": "dtvt_13", "processid": 2236, "history": "ExplorerRun.0", "testname": "my_lib_pmos_tb_1", "cornername": "Nominal", "point": 14, "logfile": "/home/dtvt_13/truong/logs_dtvt_13/logs0/Job14.log"}
[2026-04-11 09:52:11.525 +0700] [PROCESS] [cadence.virtuoso.ade.simulationMonitor] - Finished simulating for one point {"hostname": "dtvt_13", "processid": 2236, "history": "ExplorerRun.0", "testname": "my_lib_pmos_tb_1", "cornername": "Nominal", "point": 14, "logfile": "/home/dtvt_13/truong/logs_dtvt_13/logs0/Job14.log", "simid": "14"}
[2026-04-11 09:52:11.525 +0700] [INFO] [cadence.virtuoso.ade.simulationMonitor] - Peak resident memory used = 96.2 Mbytes. {"history": "ExplorerRun.0", "point": 14, "testname": "my_lib_pmos_tb_1", "cornername": "Nominal"}
[2026-04-11 09:52:11.526 +0700] [INFO] [cadence.virtuoso.ade.simulationMonitor] - Peak resident memory used = 105 Mbytes. {"history": "ExplorerRun.0", "point": 14, "testname": "my_lib_pmos_tb_1", "cornername": "Nominal"}
[2026-04-11 09:52:11.526 +0700] [INFO] [cadence.virtuoso.ade.simulationMonitor] - Notice from spectre during hierarchy flattening.
    The value 'psf' specified for the 'checklimitdest' option will no longer be supported in future releases. Use 'spectre -h' to see other recommended values for the 'checklimitdest' option. {"history": "ExplorerRun.0", "point": 14, "testname": "my_lib_pmos_tb_1", "cornername": "Nominal"}
[2026-04-11 09:52:11.526 +0700] [INFO] [cadence.virtuoso.ade.simulationMonitor] - Peak resident memory used = 106 Mbytes. {"history": "ExplorerRun.0", "point": 14, "testname": "my_lib_pmos_tb_1", "cornername": "Nominal"}
[2026-04-11 09:52:11.527 +0700] [INFO] [cadence.virtuoso.ade.simulationMonitor] - Notice from spectre during initial setup.
    Multithreading is disabled due to the size of the design being too small. {"history": "ExplorerRun.0", "point": 14, "testname": "my_lib_pmos_tb_1", "cornername": "Nominal"}
[2026-04-11 09:52:11.527 +0700] [INFO] [cadence.virtuoso.ade.simulationMonitor] -               nodes 8 {"history": "ExplorerRun.0", "point": 14, "testname": "my_lib_pmos_tb_1", "cornername": "Nominal"}
[2026-04-11 09:52:11.527 +0700] [INFO] [cadence.virtuoso.ade.simulationMonitor] - Notice from spectre during initial setup.
    APS enabled. {"history": "ExplorerRun.0", "point": 14, "testname": "my_lib_pmos_tb_1", "cornername": "Nominal"}
[2026-04-11 09:52:11.528 +0700] [INFO] [cadence.virtuoso.ade.simulationMonitor] - Peak resident memory used = 107 Mbytes. {"history": "ExplorerRun.0", "point": 14, "testname": "my_lib_pmos_tb_1", "cornername": "Nominal"}
[2026-04-11 09:52:11.528 +0700] [INFO] [cadence.virtuoso.ade.simulationMonitor] -    -   (APS) Multi-threading. The recommended number of threads is 1, consider adding +mt=1 on command line. {"history": "ExplorerRun.0", "point": 14, "testname": "my_lib_pmos_tb_1", "cornername": "Nominal"}
[2026-04-11 09:52:11.528 +0700] [INFO] [cadence.virtuoso.ade.simulationMonitor] - Total time required for dc analysis `dcOp': CPU = 1.572 ms, elapsed = 2.67887 ms. {"history": "ExplorerRun.0", "point": 14, "testname": "my_lib_pmos_tb_1", "cornername": "Nominal"}
[2026-04-11 09:52:11.528 +0700] [INFO] [cadence.virtuoso.ade.simulationMonitor] - Peak resident memory used = 109 Mbytes. {"history": "ExplorerRun.0", "point": 14, "testname": "my_lib_pmos_tb_1", "cornername": "Nominal"}
[2026-04-11 09:52:11.528 +0700] [INFO] [cadence.virtuoso.ade.simulationMonitor] - Notice from spectre at vg = 740e-03 during DC analysis `dc'.
    The value of parameter 'vg' has been reset to the original value 0.74. {"history": "ExplorerRun.0", "point": 14, "testname": "my_lib_pmos_tb_1", "cornername": "Nominal"}
[2026-04-11 09:52:11.529 +0700] [INFO] [cadence.virtuoso.ade.simulationMonitor] - Total time required for dc analysis `dc': CPU = 10.36 ms, elapsed = 11.3511 ms. {"history": "ExplorerRun.0", "point": 14, "testname": "my_lib_pmos_tb_1", "cornername": "Nominal"}
[2026-04-11 09:52:11.529 +0700] [INFO] [cadence.virtuoso.ade.simulationMonitor] - Peak resident memory used = 110 Mbytes. {"history": "ExplorerRun.0", "point": 14, "testname": "my_lib_pmos_tb_1", "cornername": "Nominal"}
[2026-04-11 09:52:11.529 +0700] [INFO] [cadence.virtuoso.ade.simulationMonitor] - Time used: CPU = 553 ms, elapsed = 1.06 s, util. = 52.5%. {"history": "ExplorerRun.0", "point": 14, "testname": "my_lib_pmos_tb_1", "cornername": "Nominal"}
[2026-04-11 09:52:11.529 +0700] [INFO] [cadence.virtuoso.ade.simulationMonitor] - Time spent in licensing: elapsed = 531 ms, percentage of total = 50.3%. {"history": "ExplorerRun.0", "point": 14, "testname": "my_lib_pmos_tb_1", "cornername": "Nominal"}
[2026-04-11 09:52:11.529 +0700] [INFO] [cadence.virtuoso.ade.simulationMonitor] - Peak memory used = 111 Mbytes. {"history": "ExplorerRun.0", "point": 14, "testname": "my_lib_pmos_tb_1", "cornername": "Nominal"}
[2026-04-11 09:52:11.530 +0700] [PROCESS] [cadence.virtuoso.ade.simulationMonitor] - Simulation started at: 9:52:10 AM, Sat Apr 11, 2026, ended at: 9:52:11 AM, Sat Apr 11, 2026, with elapsed time (wall clock): 1.06 s. {"history": "ExplorerRun.0", "point": 14, "testname": "my_lib_pmos_tb_1", "cornername": "Nominal"}
[2026-04-11 09:52:11.530 +0700] [PROCESS] [cadence.virtuoso.ade.simulationMonitor] - spectre completes with 0 errors, 0 warnings, and 5 notices. {"history": "ExplorerRun.0", "point": 14, "testname": "my_lib_pmos_tb_1", "cornername": "Nominal"}
[2026-04-11 09:52:11.530 +0700] [PROCESS] [cadence.virtuoso.ade.simulationMonitor] - Simulator exited {"hostname": "dtvt_13", "processid": 2236, "history": "ExplorerRun.0", "testname": "my_lib_pmos_tb_1", "cornername": "Nominal", "point": 14, "logfile": "/home/dtvt_13/truong/logs_dtvt_13/logs0/Job14.log", "exitStatus": "0"}
[2026-04-11 09:52:11.530 +0700] [PROCESS] [cadence.virtuoso.ade.simulationMonitor] - Finished Simulation {"hostname": "dtvt_13", "processid": 2236, "history": "ExplorerRun.0", "testname": "my_lib_pmos_tb_1", "cornername": "Nominal", "point": 14, "logfile": "/home/dtvt_13/truong/logs_dtvt_13/logs0/Job14.log", "simid": "14"}
[2026-04-11 09:52:12.043 +0700] [PROCESS] [cadence.virtuoso.ade.simulationMonitor] - Point Finished {"hostname": "dtvt_13", "processid": 2236, "history": "ExplorerRun.0", "testname": "my_lib_pmos_tb_1", "cornername": "Nominal", "point": 14, "logfile": "/home/dtvt_13/truong/logs_dtvt_13/logs0/Job14.log"}
[2026-04-11 09:52:12.050 +0700] [PROCESS] [cadence.virtuoso.ade.simulationMonitor] - HostInfo:
Host name (type):	dtvt_13 (x86_64)
Operating system:	Linux 3.10.0-1160.118.1.el7.x86_64 #1 SMP Wed Apr 24 16:01:50 UTC 2024 {"hostname": "dtvt_13", "processid": 2236, "history": "ExplorerRun.0", "testname": "my_lib_pmos_tb_1", "cornername": "Nominal", "point": 14, "logfile": "/home/dtvt_13/truong/logs_dtvt_13/logs0/Job14.log", "nodename": "dtvt_13", "domainname": "(none)", "machine": "x86_64", "sysname": "Linux", "release": "3.10.0-1160.118.1.el7.x86_64", "version": "#1 SMP Wed Apr 24 16:01:50 UTC 2024"}
[2026-04-11 09:52:12.050 +0700] [PROCESS] [cadence.virtuoso.ade.simulationMonitor] - UsageInfo:
pid=2236
totalPhysicalMemory=15.208324GB,Used=14.820728GB,totalVirtualMemory=22.895821GB,Used=14.861500GB
Cpu: Cores=24, Load average:0.460000,0.370000,0.280000 {"hostname": "dtvt_13", "processid": 2236, "history": "ExplorerRun.0", "testname": "my_lib_pmos_tb_1", "cornername": "Nominal", "point": 14, "logfile": "/home/dtvt_13/truong/logs_dtvt_13/logs0/Job14.log", "pid": "2236", "totalPhysicalMemory": "15.208324", "physicalMemoryUsed": "14.820728", "totalVirtualMemory": "22.895821", "virtualMemoryUsed": "14.861500", "cpuCores": "24", "processes": "2639", "loadAverage1": "0.460000", "loadAverage5": "0.370000", "loadAverage15": "0.280000", "loadAverage1Percent": "0.019167"}
[2026-04-11 09:52:12.051 +0700] [EVENT] [cadence.virtuoso.ade.simulationMonitor] - NewPoint {"history": "ExplorerRun.0", "point": 15, "testname": "my_lib_pmos_tb_1", "cornername": "Nominal", "event": "NewPoint", "EventSource": "Simulation Monitor", "HistoryName": "ExplorerRun.0", "logFile": "/home/dtvt_13/truong/logs_dtvt_13/logs0/Job14.log", "logFileSize": "127912"}
[2026-04-11 09:52:12.152 +0700] [EVENT] [cadence.virtuoso.ade.simulationMonitor] - NewPoint {"history": "ExplorerRun.0", "point": 15, "testname": "my_lib_pmos_tb_1", "cornername": "Nominal", "event": "NewPoint", "EventSource": "spectre", "HistoryName": "ExplorerRun.0", "logFile": "/home/dtvt_13/simulation/my_lib/pmos_tb/maestro/results/maestro/ExplorerRun.0/15/my_lib_pmos_tb_1/psf/spectre.out", "logFileSize": "-1"}
[2026-04-11 09:52:12.162 +0700] [PROCESS] [cadence.virtuoso.ade.simulationMonitor] - Simulator launched {"hostname": "dtvt_13", "processid": 2236, "history": "ExplorerRun.0", "testname": "my_lib_pmos_tb_1", "cornername": "Nominal", "point": 15, "logfile": "/home/dtvt_13/truong/logs_dtvt_13/logs0/Job14.log", "simid": "15"}
[2026-04-11 09:52:12.163 +0700] [PROCESS] [cadence.virtuoso.ade.simulationMonitor] - Started Simulation {"hostname": "dtvt_13", "processid": 2236, "history": "ExplorerRun.0", "testname": "my_lib_pmos_tb_1", "cornername": "Nominal", "point": 15, "logfile": "/home/dtvt_13/truong/logs_dtvt_13/logs0/Job14.log"}
[2026-04-11 09:52:23.839 +0700] [PROCESS] [cadence.virtuoso.ade.simulationMonitor] - Finished simulating for one point {"hostname": "dtvt_13", "processid": 2236, "history": "ExplorerRun.0", "testname": "my_lib_pmos_tb_1", "cornername": "Nominal", "point": 15, "logfile": "/home/dtvt_13/truong/logs_dtvt_13/logs0/Job14.log", "simid": "15"}
[2026-04-11 09:52:23.839 +0700] [INFO] [cadence.virtuoso.ade.simulationMonitor] - Peak resident memory used = 96.2 Mbytes. {"history": "ExplorerRun.0", "point": 15, "testname": "my_lib_pmos_tb_1", "cornername": "Nominal"}
[2026-04-11 09:52:23.840 +0700] [INFO] [cadence.virtuoso.ade.simulationMonitor] - Peak resident memory used = 105 Mbytes. {"history": "ExplorerRun.0", "point": 15, "testname": "my_lib_pmos_tb_1", "cornername": "Nominal"}
[2026-04-11 09:52:23.840 +0700] [INFO] [cadence.virtuoso.ade.simulationMonitor] - Notice from spectre during hierarchy flattening.
    The value 'psf' specified for the 'checklimitdest' option will no longer be supported in future releases. Use 'spectre -h' to see other recommended values for the 'checklimitdest' option. {"history": "ExplorerRun.0", "point": 15, "testname": "my_lib_pmos_tb_1", "cornername": "Nominal"}
[2026-04-11 09:52:23.840 +0700] [INFO] [cadence.virtuoso.ade.simulationMonitor] - Peak resident memory used = 106 Mbytes. {"history": "ExplorerRun.0", "point": 15, "testname": "my_lib_pmos_tb_1", "cornername": "Nominal"}
[2026-04-11 09:52:23.841 +0700] [INFO] [cadence.virtuoso.ade.simulationMonitor] - Notice from spectre during initial setup.
    Multithreading is disabled due to the size of the design being too small. {"history": "ExplorerRun.0", "point": 15, "testname": "my_lib_pmos_tb_1", "cornername": "Nominal"}
[2026-04-11 09:52:23.841 +0700] [INFO] [cadence.virtuoso.ade.simulationMonitor] -               nodes 8 {"history": "ExplorerRun.0", "point": 15, "testname": "my_lib_pmos_tb_1", "cornername": "Nominal"}
[2026-04-11 09:52:23.841 +0700] [INFO] [cadence.virtuoso.ade.simulationMonitor] - Notice from spectre during initial setup.
    APS enabled. {"history": "ExplorerRun.0", "point": 15, "testname": "my_lib_pmos_tb_1", "cornername": "Nominal"}
[2026-04-11 09:52:23.842 +0700] [INFO] [cadence.virtuoso.ade.simulationMonitor] - Peak resident memory used = 107 Mbytes. {"history": "ExplorerRun.0", "point": 15, "testname": "my_lib_pmos_tb_1", "cornername": "Nominal"}
[2026-04-11 09:52:23.842 +0700] [INFO] [cadence.virtuoso.ade.simulationMonitor] -    -   (APS) Multi-threading. The recommended number of threads is 1, consider adding +mt=1 on command line. {"history": "ExplorerRun.0", "point": 15, "testname": "my_lib_pmos_tb_1", "cornername": "Nominal"}
[2026-04-11 09:52:23.842 +0700] [INFO] [cadence.virtuoso.ade.simulationMonitor] - Total time required for dc analysis `dcOp': CPU = 1.558 ms, elapsed = 2.57921 ms. {"history": "ExplorerRun.0", "point": 15, "testname": "my_lib_pmos_tb_1", "cornername": "Nominal"}
[2026-04-11 09:52:23.842 +0700] [INFO] [cadence.virtuoso.ade.simulationMonitor] - Peak resident memory used = 109 Mbytes. {"history": "ExplorerRun.0", "point": 15, "testname": "my_lib_pmos_tb_1", "cornername": "Nominal"}
[2026-04-11 09:52:23.842 +0700] [INFO] [cadence.virtuoso.ade.simulationMonitor] - Notice from spectre at vg = 740e-03 during DC analysis `dc'.
    The value of parameter 'vg' has been reset to the original value 0.74. {"history": "ExplorerRun.0", "point": 15, "testname": "my_lib_pmos_tb_1", "cornername": "Nominal"}
[2026-04-11 09:52:23.842 +0700] [INFO] [cadence.virtuoso.ade.simulationMonitor] - Total time required for dc analysis `dc': CPU = 10.785 ms, elapsed = 11.8601 ms. {"history": "ExplorerRun.0", "point": 15, "testname": "my_lib_pmos_tb_1", "cornername": "Nominal"}
[2026-04-11 09:52:23.843 +0700] [INFO] [cadence.virtuoso.ade.simulationMonitor] - Peak resident memory used = 110 Mbytes. {"history": "ExplorerRun.0", "point": 15, "testname": "my_lib_pmos_tb_1", "cornername": "Nominal"}
[2026-04-11 09:52:23.843 +0700] [INFO] [cadence.virtuoso.ade.simulationMonitor] - Time used: CPU = 535 ms, elapsed = 11 s, util. = 4.88%. {"history": "ExplorerRun.0", "point": 15, "testname": "my_lib_pmos_tb_1", "cornername": "Nominal"}
[2026-04-11 09:52:23.843 +0700] [INFO] [cadence.virtuoso.ade.simulationMonitor] - Time spent in licensing: elapsed = 10.4 s, percentage of total = 95.1%. {"history": "ExplorerRun.0", "point": 15, "testname": "my_lib_pmos_tb_1", "cornername": "Nominal"}
[2026-04-11 09:52:23.843 +0700] [INFO] [cadence.virtuoso.ade.simulationMonitor] - Peak memory used = 111 Mbytes. {"history": "ExplorerRun.0", "point": 15, "testname": "my_lib_pmos_tb_1", "cornername": "Nominal"}
[2026-04-11 09:52:23.843 +0700] [PROCESS] [cadence.virtuoso.ade.simulationMonitor] - Simulation started at: 9:52:12 AM, Sat Apr 11, 2026, ended at: 9:52:23 AM, Sat Apr 11, 2026, with elapsed time (wall clock): 11 s. {"history": "ExplorerRun.0", "point": 15, "testname": "my_lib_pmos_tb_1", "cornername": "Nominal"}
[2026-04-11 09:52:23.844 +0700] [PROCESS] [cadence.virtuoso.ade.simulationMonitor] - spectre completes with 0 errors, 0 warnings, and 5 notices. {"history": "ExplorerRun.0", "point": 15, "testname": "my_lib_pmos_tb_1", "cornername": "Nominal"}
[2026-04-11 09:52:23.844 +0700] [PROCESS] [cadence.virtuoso.ade.simulationMonitor] - Simulator exited {"hostname": "dtvt_13", "processid": 2236, "history": "ExplorerRun.0", "testname": "my_lib_pmos_tb_1", "cornername": "Nominal", "point": 15, "logfile": "/home/dtvt_13/truong/logs_dtvt_13/logs0/Job14.log", "exitStatus": "0"}
[2026-04-11 09:52:23.844 +0700] [PROCESS] [cadence.virtuoso.ade.simulationMonitor] - Finished Simulation {"hostname": "dtvt_13", "processid": 2236, "history": "ExplorerRun.0", "testname": "my_lib_pmos_tb_1", "cornername": "Nominal", "point": 15, "logfile": "/home/dtvt_13/truong/logs_dtvt_13/logs0/Job14.log", "simid": "15"}
[2026-04-11 09:52:24.359 +0700] [PROCESS] [cadence.virtuoso.ade.simulationMonitor] - Point Finished {"hostname": "dtvt_13", "processid": 2236, "history": "ExplorerRun.0", "testname": "my_lib_pmos_tb_1", "cornername": "Nominal", "point": 15, "logfile": "/home/dtvt_13/truong/logs_dtvt_13/logs0/Job14.log"}
[2026-04-11 09:52:24.364 +0700] [PROCESS] [cadence.virtuoso.ade.simulationMonitor] - HostInfo:
Host name (type):	dtvt_13 (x86_64)
Operating system:	Linux 3.10.0-1160.118.1.el7.x86_64 #1 SMP Wed Apr 24 16:01:50 UTC 2024 {"hostname": "dtvt_13", "processid": 2236, "history": "ExplorerRun.0", "testname": "my_lib_pmos_tb_1", "cornername": "Nominal", "point": 15, "logfile": "/home/dtvt_13/truong/logs_dtvt_13/logs0/Job14.log", "nodename": "dtvt_13", "domainname": "(none)", "machine": "x86_64", "sysname": "Linux", "release": "3.10.0-1160.118.1.el7.x86_64", "version": "#1 SMP Wed Apr 24 16:01:50 UTC 2024"}
[2026-04-11 09:52:24.365 +0700] [PROCESS] [cadence.virtuoso.ade.simulationMonitor] - UsageInfo:
pid=2236
totalPhysicalMemory=15.208324GB,Used=14.823586GB,totalVirtualMemory=22.895821GB,Used=14.864357GB
Cpu: Cores=24, Load average:0.360000,0.350000,0.270000 {"hostname": "dtvt_13", "processid": 2236, "history": "ExplorerRun.0", "testname": "my_lib_pmos_tb_1", "cornername": "Nominal", "point": 15, "logfile": "/home/dtvt_13/truong/logs_dtvt_13/logs0/Job14.log", "pid": "2236", "totalPhysicalMemory": "15.208324", "physicalMemoryUsed": "14.823586", "totalVirtualMemory": "22.895821", "virtualMemoryUsed": "14.864357", "cpuCores": "24", "processes": "2639", "loadAverage1": "0.360000", "loadAverage5": "0.350000", "loadAverage15": "0.270000", "loadAverage1Percent": "0.015000"}
[2026-04-11 09:52:24.365 +0700] [EVENT] [cadence.virtuoso.ade.simulationMonitor] - NewPoint {"history": "ExplorerRun.0", "point": 16, "testname": "my_lib_pmos_tb_1", "cornername": "Nominal", "event": "NewPoint", "EventSource": "Simulation Monitor", "HistoryName": "ExplorerRun.0", "logFile": "/home/dtvt_13/truong/logs_dtvt_13/logs0/Job14.log", "logFileSize": "136896"}
[2026-04-11 09:52:24.471 +0700] [EVENT] [cadence.virtuoso.ade.simulationMonitor] - NewPoint {"history": "ExplorerRun.0", "point": 16, "testname": "my_lib_pmos_tb_1", "cornername": "Nominal", "event": "NewPoint", "EventSource": "spectre", "HistoryName": "ExplorerRun.0", "logFile": "/home/dtvt_13/simulation/my_lib/pmos_tb/maestro/results/maestro/ExplorerRun.0/16/my_lib_pmos_tb_1/psf/spectre.out", "logFileSize": "-1"}
[2026-04-11 09:52:24.481 +0700] [PROCESS] [cadence.virtuoso.ade.simulationMonitor] - Simulator launched {"hostname": "dtvt_13", "processid": 2236, "history": "ExplorerRun.0", "testname": "my_lib_pmos_tb_1", "cornername": "Nominal", "point": 16, "logfile": "/home/dtvt_13/truong/logs_dtvt_13/logs0/Job14.log", "simid": "16"}
[2026-04-11 09:52:24.482 +0700] [PROCESS] [cadence.virtuoso.ade.simulationMonitor] - Started Simulation {"hostname": "dtvt_13", "processid": 2236, "history": "ExplorerRun.0", "testname": "my_lib_pmos_tb_1", "cornername": "Nominal", "point": 16, "logfile": "/home/dtvt_13/truong/logs_dtvt_13/logs0/Job14.log"}
[2026-04-11 09:52:35.618 +0700] [INFO] [cadence.virtuoso.ade.simulationMonitor] - Peak resident memory used = 96.2 Mbytes. {"history": "ExplorerRun.0", "point": 16, "testname": "my_lib_pmos_tb_1", "cornername": "Nominal"}
[2026-04-11 09:52:35.618 +0700] [INFO] [cadence.virtuoso.ade.simulationMonitor] - Peak resident memory used = 105 Mbytes. {"history": "ExplorerRun.0", "point": 16, "testname": "my_lib_pmos_tb_1", "cornername": "Nominal"}
[2026-04-11 09:52:35.619 +0700] [INFO] [cadence.virtuoso.ade.simulationMonitor] - Notice from spectre during hierarchy flattening.
    The value 'psf' specified for the 'checklimitdest' option will no longer be supported in future releases. Use 'spectre -h' to see other recommended values for the 'checklimitdest' option. {"history": "ExplorerRun.0", "point": 16, "testname": "my_lib_pmos_tb_1", "cornername": "Nominal"}
[2026-04-11 09:52:35.619 +0700] [INFO] [cadence.virtuoso.ade.simulationMonitor] - Peak resident memory used = 106 Mbytes. {"history": "ExplorerRun.0", "point": 16, "testname": "my_lib_pmos_tb_1", "cornername": "Nominal"}
[2026-04-11 09:52:35.619 +0700] [INFO] [cadence.virtuoso.ade.simulationMonitor] - Notice from spectre during initial setup.
    Multithreading is disabled due to the size of the design being too small. {"history": "ExplorerRun.0", "point": 16, "testname": "my_lib_pmos_tb_1", "cornername": "Nominal"}
[2026-04-11 09:52:35.620 +0700] [INFO] [cadence.virtuoso.ade.simulationMonitor] -               nodes 8 {"history": "ExplorerRun.0", "point": 16, "testname": "my_lib_pmos_tb_1", "cornername": "Nominal"}
[2026-04-11 09:52:35.620 +0700] [INFO] [cadence.virtuoso.ade.simulationMonitor] - Notice from spectre during initial setup.
    APS enabled. {"history": "ExplorerRun.0", "point": 16, "testname": "my_lib_pmos_tb_1", "cornername": "Nominal"}
[2026-04-11 09:52:35.621 +0700] [INFO] [cadence.virtuoso.ade.simulationMonitor] - Peak resident memory used = 107 Mbytes. {"history": "ExplorerRun.0", "point": 16, "testname": "my_lib_pmos_tb_1", "cornername": "Nominal"}
[2026-04-11 09:52:35.621 +0700] [INFO] [cadence.virtuoso.ade.simulationMonitor] -    -   (APS) Multi-threading. The recommended number of threads is 1, consider adding +mt=1 on command line. {"history": "ExplorerRun.0", "point": 16, "testname": "my_lib_pmos_tb_1", "cornername": "Nominal"}
[2026-04-11 09:52:36.122 +0700] [PROCESS] [cadence.virtuoso.ade.simulationMonitor] - Finished simulating for one point {"hostname": "dtvt_13", "processid": 2236, "history": "ExplorerRun.0", "testname": "my_lib_pmos_tb_1", "cornername": "Nominal", "point": 16, "logfile": "/home/dtvt_13/truong/logs_dtvt_13/logs0/Job14.log", "simid": "16"}
[2026-04-11 09:52:36.122 +0700] [INFO] [cadence.virtuoso.ade.simulationMonitor] - Total time required for dc analysis `dcOp': CPU = 1.519 ms, elapsed = 2.51579 ms. {"history": "ExplorerRun.0", "point": 16, "testname": "my_lib_pmos_tb_1", "cornername": "Nominal"}
[2026-04-11 09:52:36.123 +0700] [INFO] [cadence.virtuoso.ade.simulationMonitor] - Peak resident memory used = 109 Mbytes. {"history": "ExplorerRun.0", "point": 16, "testname": "my_lib_pmos_tb_1", "cornername": "Nominal"}
[2026-04-11 09:52:36.123 +0700] [INFO] [cadence.virtuoso.ade.simulationMonitor] - Notice from spectre at vg = 740e-03 during DC analysis `dc'.
    The value of parameter 'vg' has been reset to the original value 0.74. {"history": "ExplorerRun.0", "point": 16, "testname": "my_lib_pmos_tb_1", "cornername": "Nominal"}
[2026-04-11 09:52:36.123 +0700] [INFO] [cadence.virtuoso.ade.simulationMonitor] - Total time required for dc analysis `dc': CPU = 5.372 ms, elapsed = 6.37603 ms. {"history": "ExplorerRun.0", "point": 16, "testname": "my_lib_pmos_tb_1", "cornername": "Nominal"}
[2026-04-11 09:52:36.123 +0700] [INFO] [cadence.virtuoso.ade.simulationMonitor] - Peak resident memory used = 110 Mbytes. {"history": "ExplorerRun.0", "point": 16, "testname": "my_lib_pmos_tb_1", "cornername": "Nominal"}
[2026-04-11 09:52:36.124 +0700] [INFO] [cadence.virtuoso.ade.simulationMonitor] - Time used: CPU = 513 ms, elapsed = 10.9 s, util. = 4.71%. {"history": "ExplorerRun.0", "point": 16, "testname": "my_lib_pmos_tb_1", "cornername": "Nominal"}
[2026-04-11 09:52:36.124 +0700] [INFO] [cadence.virtuoso.ade.simulationMonitor] - Time spent in licensing: elapsed = 10.4 s, percentage of total = 95.3%. {"history": "ExplorerRun.0", "point": 16, "testname": "my_lib_pmos_tb_1", "cornername": "Nominal"}
[2026-04-11 09:52:36.124 +0700] [INFO] [cadence.virtuoso.ade.simulationMonitor] - Peak memory used = 111 Mbytes. {"history": "ExplorerRun.0", "point": 16, "testname": "my_lib_pmos_tb_1", "cornername": "Nominal"}
[2026-04-11 09:52:36.124 +0700] [PROCESS] [cadence.virtuoso.ade.simulationMonitor] - Simulation started at: 9:52:24 AM, Sat Apr 11, 2026, ended at: 9:52:35 AM, Sat Apr 11, 2026, with elapsed time (wall clock): 10.9 s. {"history": "ExplorerRun.0", "point": 16, "testname": "my_lib_pmos_tb_1", "cornername": "Nominal"}
[2026-04-11 09:52:36.124 +0700] [PROCESS] [cadence.virtuoso.ade.simulationMonitor] - spectre completes with 0 errors, 0 warnings, and 5 notices. {"history": "ExplorerRun.0", "point": 16, "testname": "my_lib_pmos_tb_1", "cornername": "Nominal"}
[2026-04-11 09:52:36.125 +0700] [PROCESS] [cadence.virtuoso.ade.simulationMonitor] - Simulator exited {"hostname": "dtvt_13", "processid": 2236, "history": "ExplorerRun.0", "testname": "my_lib_pmos_tb_1", "cornername": "Nominal", "point": 16, "logfile": "/home/dtvt_13/truong/logs_dtvt_13/logs0/Job14.log", "exitStatus": "0"}
[2026-04-11 09:52:36.125 +0700] [PROCESS] [cadence.virtuoso.ade.simulationMonitor] - Finished Simulation {"hostname": "dtvt_13", "processid": 2236, "history": "ExplorerRun.0", "testname": "my_lib_pmos_tb_1", "cornername": "Nominal", "point": 16, "logfile": "/home/dtvt_13/truong/logs_dtvt_13/logs0/Job14.log", "simid": "16"}
[2026-04-11 09:52:36.639 +0700] [PROCESS] [cadence.virtuoso.ade.simulationMonitor] - Point Finished {"hostname": "dtvt_13", "processid": 2236, "history": "ExplorerRun.0", "testname": "my_lib_pmos_tb_1", "cornername": "Nominal", "point": 16, "logfile": "/home/dtvt_13/truong/logs_dtvt_13/logs0/Job14.log"}
[2026-04-11 09:52:36.647 +0700] [PROCESS] [cadence.virtuoso.ade.simulationMonitor] - HostInfo:
Host name (type):	dtvt_13 (x86_64)
Operating system:	Linux 3.10.0-1160.118.1.el7.x86_64 #1 SMP Wed Apr 24 16:01:50 UTC 2024 {"hostname": "dtvt_13", "processid": 2236, "history": "ExplorerRun.0", "testname": "my_lib_pmos_tb_1", "cornername": "Nominal", "point": 16, "logfile": "/home/dtvt_13/truong/logs_dtvt_13/logs0/Job14.log", "nodename": "dtvt_13", "domainname": "(none)", "machine": "x86_64", "sysname": "Linux", "release": "3.10.0-1160.118.1.el7.x86_64", "version": "#1 SMP Wed Apr 24 16:01:50 UTC 2024"}
[2026-04-11 09:52:36.647 +0700] [PROCESS] [cadence.virtuoso.ade.simulationMonitor] - UsageInfo:
pid=2236
totalPhysicalMemory=15.208324GB,Used=14.822376GB,totalVirtualMemory=22.895821GB,Used=14.863148GB
Cpu: Cores=24, Load average:0.310000,0.340000,0.270000 {"hostname": "dtvt_13", "processid": 2236, "history": "ExplorerRun.0", "testname": "my_lib_pmos_tb_1", "cornername": "Nominal", "point": 16, "logfile": "/home/dtvt_13/truong/logs_dtvt_13/logs0/Job14.log", "pid": "2236", "totalPhysicalMemory": "15.208324", "physicalMemoryUsed": "14.822376", "totalVirtualMemory": "22.895821", "virtualMemoryUsed": "14.863148", "cpuCores": "24", "processes": "2639", "loadAverage1": "0.310000", "loadAverage5": "0.340000", "loadAverage15": "0.270000", "loadAverage1Percent": "0.012917"}
[2026-04-11 09:52:36.648 +0700] [EVENT] [cadence.virtuoso.ade.simulationMonitor] - NewPoint {"history": "ExplorerRun.0", "point": 17, "testname": "my_lib_pmos_tb_1", "cornername": "Nominal", "event": "NewPoint", "EventSource": "Simulation Monitor", "HistoryName": "ExplorerRun.0", "logFile": "/home/dtvt_13/truong/logs_dtvt_13/logs0/Job14.log", "logFileSize": "145883"}
[2026-04-11 09:52:36.749 +0700] [EVENT] [cadence.virtuoso.ade.simulationMonitor] - NewPoint {"history": "ExplorerRun.0", "point": 17, "testname": "my_lib_pmos_tb_1", "cornername": "Nominal", "event": "NewPoint", "EventSource": "spectre", "HistoryName": "ExplorerRun.0", "logFile": "/home/dtvt_13/simulation/my_lib/pmos_tb/maestro/results/maestro/ExplorerRun.0/17/my_lib_pmos_tb_1/psf/spectre.out", "logFileSize": "-1"}
[2026-04-11 09:52:36.758 +0700] [PROCESS] [cadence.virtuoso.ade.simulationMonitor] - Simulator launched {"hostname": "dtvt_13", "processid": 2236, "history": "ExplorerRun.0", "testname": "my_lib_pmos_tb_1", "cornername": "Nominal", "point": 17, "logfile": "/home/dtvt_13/truong/logs_dtvt_13/logs0/Job14.log", "simid": "17"}
[2026-04-11 09:52:36.759 +0700] [PROCESS] [cadence.virtuoso.ade.simulationMonitor] - Started Simulation {"hostname": "dtvt_13", "processid": 2236, "history": "ExplorerRun.0", "testname": "my_lib_pmos_tb_1", "cornername": "Nominal", "point": 17, "logfile": "/home/dtvt_13/truong/logs_dtvt_13/logs0/Job14.log"}
[2026-04-11 09:52:38.761 +0700] [PROCESS] [cadence.virtuoso.ade.simulationMonitor] - Finished simulating for one point {"hostname": "dtvt_13", "processid": 2236, "history": "ExplorerRun.0", "testname": "my_lib_pmos_tb_1", "cornername": "Nominal", "point": 17, "logfile": "/home/dtvt_13/truong/logs_dtvt_13/logs0/Job14.log", "simid": "17"}
[2026-04-11 09:52:38.762 +0700] [INFO] [cadence.virtuoso.ade.simulationMonitor] - Peak resident memory used = 96.2 Mbytes. {"history": "ExplorerRun.0", "point": 17, "testname": "my_lib_pmos_tb_1", "cornername": "Nominal"}
[2026-04-11 09:52:38.762 +0700] [INFO] [cadence.virtuoso.ade.simulationMonitor] - Peak resident memory used = 105 Mbytes. {"history": "ExplorerRun.0", "point": 17, "testname": "my_lib_pmos_tb_1", "cornername": "Nominal"}
[2026-04-11 09:52:38.763 +0700] [INFO] [cadence.virtuoso.ade.simulationMonitor] - Notice from spectre during hierarchy flattening.
    The value 'psf' specified for the 'checklimitdest' option will no longer be supported in future releases. Use 'spectre -h' to see other recommended values for the 'checklimitdest' option. {"history": "ExplorerRun.0", "point": 17, "testname": "my_lib_pmos_tb_1", "cornername": "Nominal"}
[2026-04-11 09:52:38.763 +0700] [INFO] [cadence.virtuoso.ade.simulationMonitor] - Peak resident memory used = 106 Mbytes. {"history": "ExplorerRun.0", "point": 17, "testname": "my_lib_pmos_tb_1", "cornername": "Nominal"}
[2026-04-11 09:52:38.763 +0700] [INFO] [cadence.virtuoso.ade.simulationMonitor] - Notice from spectre during initial setup.
    Multithreading is disabled due to the size of the design being too small. {"history": "ExplorerRun.0", "point": 17, "testname": "my_lib_pmos_tb_1", "cornername": "Nominal"}
[2026-04-11 09:52:38.764 +0700] [INFO] [cadence.virtuoso.ade.simulationMonitor] -               nodes 8 {"history": "ExplorerRun.0", "point": 17, "testname": "my_lib_pmos_tb_1", "cornername": "Nominal"}
[2026-04-11 09:52:38.764 +0700] [INFO] [cadence.virtuoso.ade.simulationMonitor] - Notice from spectre during initial setup.
    APS enabled. {"history": "ExplorerRun.0", "point": 17, "testname": "my_lib_pmos_tb_1", "cornername": "Nominal"}
[2026-04-11 09:52:38.764 +0700] [INFO] [cadence.virtuoso.ade.simulationMonitor] - Peak resident memory used = 107 Mbytes. {"history": "ExplorerRun.0", "point": 17, "testname": "my_lib_pmos_tb_1", "cornername": "Nominal"}
[2026-04-11 09:52:38.764 +0700] [INFO] [cadence.virtuoso.ade.simulationMonitor] -    -   (APS) Multi-threading. The recommended number of threads is 1, consider adding +mt=1 on command line. {"history": "ExplorerRun.0", "point": 17, "testname": "my_lib_pmos_tb_1", "cornername": "Nominal"}
[2026-04-11 09:52:38.765 +0700] [INFO] [cadence.virtuoso.ade.simulationMonitor] - Total time required for dc analysis `dcOp': CPU = 1.502 ms, elapsed = 2.50292 ms. {"history": "ExplorerRun.0", "point": 17, "testname": "my_lib_pmos_tb_1", "cornername": "Nominal"}
[2026-04-11 09:52:38.765 +0700] [INFO] [cadence.virtuoso.ade.simulationMonitor] - Peak resident memory used = 109 Mbytes. {"history": "ExplorerRun.0", "point": 17, "testname": "my_lib_pmos_tb_1", "cornername": "Nominal"}
[2026-04-11 09:52:38.765 +0700] [INFO] [cadence.virtuoso.ade.simulationMonitor] - Notice from spectre at vg = 740e-03 during DC analysis `dc'.
    The value of parameter 'vg' has been reset to the original value 0.74. {"history": "ExplorerRun.0", "point": 17, "testname": "my_lib_pmos_tb_1", "cornername": "Nominal"}
[2026-04-11 09:52:38.765 +0700] [INFO] [cadence.virtuoso.ade.simulationMonitor] - Total time required for dc analysis `dc': CPU = 5.447 ms, elapsed = 6.47902 ms. {"history": "ExplorerRun.0", "point": 17, "testname": "my_lib_pmos_tb_1", "cornername": "Nominal"}
[2026-04-11 09:52:38.765 +0700] [INFO] [cadence.virtuoso.ade.simulationMonitor] - Peak resident memory used = 110 Mbytes. {"history": "ExplorerRun.0", "point": 17, "testname": "my_lib_pmos_tb_1", "cornername": "Nominal"}
[2026-04-11 09:52:38.765 +0700] [INFO] [cadence.virtuoso.ade.simulationMonitor] - Time used: CPU = 530 ms, elapsed = 1.37 s, util. = 38.8%. {"history": "ExplorerRun.0", "point": 17, "testname": "my_lib_pmos_tb_1", "cornername": "Nominal"}
[2026-04-11 09:52:38.766 +0700] [INFO] [cadence.virtuoso.ade.simulationMonitor] - Time spent in licensing: elapsed = 837 ms, percentage of total = 61.2%. {"history": "ExplorerRun.0", "point": 17, "testname": "my_lib_pmos_tb_1", "cornername": "Nominal"}
[2026-04-11 09:52:38.766 +0700] [INFO] [cadence.virtuoso.ade.simulationMonitor] - Peak memory used = 111 Mbytes. {"history": "ExplorerRun.0", "point": 17, "testname": "my_lib_pmos_tb_1", "cornername": "Nominal"}
[2026-04-11 09:52:38.766 +0700] [PROCESS] [cadence.virtuoso.ade.simulationMonitor] - Simulation started at: 9:52:36 AM, Sat Apr 11, 2026, ended at: 9:52:38 AM, Sat Apr 11, 2026, with elapsed time (wall clock): 1.37 s. {"history": "ExplorerRun.0", "point": 17, "testname": "my_lib_pmos_tb_1", "cornername": "Nominal"}
[2026-04-11 09:52:38.766 +0700] [PROCESS] [cadence.virtuoso.ade.simulationMonitor] - spectre completes with 0 errors, 0 warnings, and 5 notices. {"history": "ExplorerRun.0", "point": 17, "testname": "my_lib_pmos_tb_1", "cornername": "Nominal"}
[2026-04-11 09:52:38.767 +0700] [PROCESS] [cadence.virtuoso.ade.simulationMonitor] - Simulator exited {"hostname": "dtvt_13", "processid": 2236, "history": "ExplorerRun.0", "testname": "my_lib_pmos_tb_1", "cornername": "Nominal", "point": 17, "logfile": "/home/dtvt_13/truong/logs_dtvt_13/logs0/Job14.log", "exitStatus": "0"}
[2026-04-11 09:52:38.767 +0700] [PROCESS] [cadence.virtuoso.ade.simulationMonitor] - Finished Simulation {"hostname": "dtvt_13", "processid": 2236, "history": "ExplorerRun.0", "testname": "my_lib_pmos_tb_1", "cornername": "Nominal", "point": 17, "logfile": "/home/dtvt_13/truong/logs_dtvt_13/logs0/Job14.log", "simid": "17"}
[2026-04-11 09:52:39.280 +0700] [PROCESS] [cadence.virtuoso.ade.simulationMonitor] - Point Finished {"hostname": "dtvt_13", "processid": 2236, "history": "ExplorerRun.0", "testname": "my_lib_pmos_tb_1", "cornername": "Nominal", "point": 17, "logfile": "/home/dtvt_13/truong/logs_dtvt_13/logs0/Job14.log"}
[2026-04-11 09:52:39.288 +0700] [PROCESS] [cadence.virtuoso.ade.simulationMonitor] - HostInfo:
Host name (type):	dtvt_13 (x86_64)
Operating system:	Linux 3.10.0-1160.118.1.el7.x86_64 #1 SMP Wed Apr 24 16:01:50 UTC 2024 {"hostname": "dtvt_13", "processid": 2236, "history": "ExplorerRun.0", "testname": "my_lib_pmos_tb_1", "cornername": "Nominal", "point": 17, "logfile": "/home/dtvt_13/truong/logs_dtvt_13/logs0/Job14.log", "nodename": "dtvt_13", "domainname": "(none)", "machine": "x86_64", "sysname": "Linux", "release": "3.10.0-1160.118.1.el7.x86_64", "version": "#1 SMP Wed Apr 24 16:01:50 UTC 2024"}
[2026-04-11 09:52:39.289 +0700] [PROCESS] [cadence.virtuoso.ade.simulationMonitor] - UsageInfo:
pid=2236
totalPhysicalMemory=15.208324GB,Used=14.822754GB,totalVirtualMemory=22.895821GB,Used=14.863525GB
Cpu: Cores=24, Load average:0.280000,0.330000,0.270000 {"hostname": "dtvt_13", "processid": 2236, "history": "ExplorerRun.0", "testname": "my_lib_pmos_tb_1", "cornername": "Nominal", "point": 17, "logfile": "/home/dtvt_13/truong/logs_dtvt_13/logs0/Job14.log", "pid": "2236", "totalPhysicalMemory": "15.208324", "physicalMemoryUsed": "14.822754", "totalVirtualMemory": "22.895821", "virtualMemoryUsed": "14.863525", "cpuCores": "24", "processes": "2638", "loadAverage1": "0.280000", "loadAverage5": "0.330000", "loadAverage15": "0.270000", "loadAverage1Percent": "0.011667"}
[2026-04-11 09:52:39.289 +0700] [EVENT] [cadence.virtuoso.ade.simulationMonitor] - NewPoint {"history": "ExplorerRun.0", "point": 18, "testname": "my_lib_pmos_tb_1", "cornername": "Nominal", "event": "NewPoint", "EventSource": "Simulation Monitor", "HistoryName": "ExplorerRun.0", "logFile": "/home/dtvt_13/truong/logs_dtvt_13/logs0/Job14.log", "logFileSize": "154870"}
[2026-04-11 09:52:39.391 +0700] [EVENT] [cadence.virtuoso.ade.simulationMonitor] - NewPoint {"history": "ExplorerRun.0", "point": 18, "testname": "my_lib_pmos_tb_1", "cornername": "Nominal", "event": "NewPoint", "EventSource": "spectre", "HistoryName": "ExplorerRun.0", "logFile": "/home/dtvt_13/simulation/my_lib/pmos_tb/maestro/results/maestro/ExplorerRun.0/18/my_lib_pmos_tb_1/psf/spectre.out", "logFileSize": "-1"}
[2026-04-11 09:52:39.397 +0700] [PROCESS] [cadence.virtuoso.ade.simulationMonitor] - Simulator launched {"hostname": "dtvt_13", "processid": 2236, "history": "ExplorerRun.0", "testname": "my_lib_pmos_tb_1", "cornername": "Nominal", "point": 18, "logfile": "/home/dtvt_13/truong/logs_dtvt_13/logs0/Job14.log", "simid": "18"}
[2026-04-11 09:52:39.398 +0700] [PROCESS] [cadence.virtuoso.ade.simulationMonitor] - Started Simulation {"hostname": "dtvt_13", "processid": 2236, "history": "ExplorerRun.0", "testname": "my_lib_pmos_tb_1", "cornername": "Nominal", "point": 18, "logfile": "/home/dtvt_13/truong/logs_dtvt_13/logs0/Job14.log"}
[2026-04-11 09:52:50.559 +0700] [INFO] [cadence.virtuoso.ade.simulationMonitor] - Peak resident memory used = 96.2 Mbytes. {"history": "ExplorerRun.0", "point": 18, "testname": "my_lib_pmos_tb_1", "cornername": "Nominal"}
[2026-04-11 09:52:50.559 +0700] [INFO] [cadence.virtuoso.ade.simulationMonitor] - Peak resident memory used = 105 Mbytes. {"history": "ExplorerRun.0", "point": 18, "testname": "my_lib_pmos_tb_1", "cornername": "Nominal"}
[2026-04-11 09:52:50.559 +0700] [INFO] [cadence.virtuoso.ade.simulationMonitor] - Notice from spectre during hierarchy flattening.
    The value 'psf' specified for the 'checklimitdest' option will no longer be supported in future releases. Use 'spectre -h' to see other recommended values for the 'checklimitdest' option. {"history": "ExplorerRun.0", "point": 18, "testname": "my_lib_pmos_tb_1", "cornername": "Nominal"}
[2026-04-11 09:52:50.560 +0700] [INFO] [cadence.virtuoso.ade.simulationMonitor] - Peak resident memory used = 106 Mbytes. {"history": "ExplorerRun.0", "point": 18, "testname": "my_lib_pmos_tb_1", "cornername": "Nominal"}
[2026-04-11 09:52:50.560 +0700] [INFO] [cadence.virtuoso.ade.simulationMonitor] - Notice from spectre during initial setup.
    Multithreading is disabled due to the size of the design being too small. {"history": "ExplorerRun.0", "point": 18, "testname": "my_lib_pmos_tb_1", "cornername": "Nominal"}
[2026-04-11 09:52:50.561 +0700] [INFO] [cadence.virtuoso.ade.simulationMonitor] -               nodes 8 {"history": "ExplorerRun.0", "point": 18, "testname": "my_lib_pmos_tb_1", "cornername": "Nominal"}
[2026-04-11 09:52:50.561 +0700] [INFO] [cadence.virtuoso.ade.simulationMonitor] - Notice from spectre during initial setup.
    APS enabled. {"history": "ExplorerRun.0", "point": 18, "testname": "my_lib_pmos_tb_1", "cornername": "Nominal"}
[2026-04-11 09:52:50.561 +0700] [INFO] [cadence.virtuoso.ade.simulationMonitor] - Peak resident memory used = 107 Mbytes. {"history": "ExplorerRun.0", "point": 18, "testname": "my_lib_pmos_tb_1", "cornername": "Nominal"}
[2026-04-11 09:52:50.562 +0700] [INFO] [cadence.virtuoso.ade.simulationMonitor] -    -   (APS) Multi-threading. The recommended number of threads is 1, consider adding +mt=1 on command line. {"history": "ExplorerRun.0", "point": 18, "testname": "my_lib_pmos_tb_1", "cornername": "Nominal"}
[2026-04-11 09:52:50.562 +0700] [INFO] [cadence.virtuoso.ade.simulationMonitor] - Total time required for dc analysis `dcOp': CPU = 1.624 ms, elapsed = 2.52891 ms. {"history": "ExplorerRun.0", "point": 18, "testname": "my_lib_pmos_tb_1", "cornername": "Nominal"}
[2026-04-11 09:52:50.562 +0700] [INFO] [cadence.virtuoso.ade.simulationMonitor] - Peak resident memory used = 109 Mbytes. {"history": "ExplorerRun.0", "point": 18, "testname": "my_lib_pmos_tb_1", "cornername": "Nominal"}
[2026-04-11 09:52:50.562 +0700] [INFO] [cadence.virtuoso.ade.simulationMonitor] - Notice from spectre at vg = 740e-03 during DC analysis `dc'.
    The value of parameter 'vg' has been reset to the original value 0.74. {"history": "ExplorerRun.0", "point": 18, "testname": "my_lib_pmos_tb_1", "cornername": "Nominal"}
[2026-04-11 09:52:50.562 +0700] [INFO] [cadence.virtuoso.ade.simulationMonitor] - Total time required for dc analysis `dc': CPU = 10.488 ms, elapsed = 11.6282 ms. {"history": "ExplorerRun.0", "point": 18, "testname": "my_lib_pmos_tb_1", "cornername": "Nominal"}
[2026-04-11 09:52:50.563 +0700] [INFO] [cadence.virtuoso.ade.simulationMonitor] - Peak resident memory used = 110 Mbytes. {"history": "ExplorerRun.0", "point": 18, "testname": "my_lib_pmos_tb_1", "cornername": "Nominal"}
[2026-04-11 09:52:50.563 +0700] [INFO] [cadence.virtuoso.ade.simulationMonitor] - Time used: CPU = 517 ms, elapsed = 10.9 s, util. = 4.76%. {"history": "ExplorerRun.0", "point": 18, "testname": "my_lib_pmos_tb_1", "cornername": "Nominal"}
[2026-04-11 09:52:50.563 +0700] [INFO] [cadence.virtuoso.ade.simulationMonitor] - Time spent in licensing: elapsed = 10.3 s, percentage of total = 95%. {"history": "ExplorerRun.0", "point": 18, "testname": "my_lib_pmos_tb_1", "cornername": "Nominal"}
[2026-04-11 09:52:50.563 +0700] [INFO] [cadence.virtuoso.ade.simulationMonitor] - Peak memory used = 111 Mbytes. {"history": "ExplorerRun.0", "point": 18, "testname": "my_lib_pmos_tb_1", "cornername": "Nominal"}
[2026-04-11 09:52:50.564 +0700] [PROCESS] [cadence.virtuoso.ade.simulationMonitor] - Simulation started at: 9:52:39 AM, Sat Apr 11, 2026, ended at: 9:52:50 AM, Sat Apr 11, 2026, with elapsed time (wall clock): 10.9 s. {"history": "ExplorerRun.0", "point": 18, "testname": "my_lib_pmos_tb_1", "cornername": "Nominal"}
[2026-04-11 09:52:50.564 +0700] [PROCESS] [cadence.virtuoso.ade.simulationMonitor] - spectre completes with 0 errors, 0 warnings, and 5 notices. {"history": "ExplorerRun.0", "point": 18, "testname": "my_lib_pmos_tb_1", "cornername": "Nominal"}
[2026-04-11 09:52:51.064 +0700] [PROCESS] [cadence.virtuoso.ade.simulationMonitor] - Finished simulating for one point {"hostname": "dtvt_13", "processid": 2236, "history": "ExplorerRun.0", "testname": "my_lib_pmos_tb_1", "cornername": "Nominal", "point": 18, "logfile": "/home/dtvt_13/truong/logs_dtvt_13/logs0/Job14.log", "simid": "18"}
[2026-04-11 09:52:51.065 +0700] [PROCESS] [cadence.virtuoso.ade.simulationMonitor] - Simulator exited {"hostname": "dtvt_13", "processid": 2236, "history": "ExplorerRun.0", "testname": "my_lib_pmos_tb_1", "cornername": "Nominal", "point": 18, "logfile": "/home/dtvt_13/truong/logs_dtvt_13/logs0/Job14.log", "exitStatus": "0"}
[2026-04-11 09:52:51.065 +0700] [PROCESS] [cadence.virtuoso.ade.simulationMonitor] - Finished Simulation {"hostname": "dtvt_13", "processid": 2236, "history": "ExplorerRun.0", "testname": "my_lib_pmos_tb_1", "cornername": "Nominal", "point": 18, "logfile": "/home/dtvt_13/truong/logs_dtvt_13/logs0/Job14.log", "simid": "18"}
[2026-04-11 09:52:52.083 +0700] [PROCESS] [cadence.virtuoso.ade.simulationMonitor] - Point Finished {"hostname": "dtvt_13", "processid": 2236, "history": "ExplorerRun.0", "testname": "my_lib_pmos_tb_1", "cornername": "Nominal", "point": 18, "logfile": "/home/dtvt_13/truong/logs_dtvt_13/logs0/Job14.log"}
[2026-04-11 09:52:52.090 +0700] [PROCESS] [cadence.virtuoso.ade.simulationMonitor] - HostInfo:
Host name (type):	dtvt_13 (x86_64)
Operating system:	Linux 3.10.0-1160.118.1.el7.x86_64 #1 SMP Wed Apr 24 16:01:50 UTC 2024 {"hostname": "dtvt_13", "processid": 2236, "history": "ExplorerRun.0", "testname": "my_lib_pmos_tb_1", "cornername": "Nominal", "point": 18, "logfile": "/home/dtvt_13/truong/logs_dtvt_13/logs0/Job14.log", "nodename": "dtvt_13", "domainname": "(none)", "machine": "x86_64", "sysname": "Linux", "release": "3.10.0-1160.118.1.el7.x86_64", "version": "#1 SMP Wed Apr 24 16:01:50 UTC 2024"}
[2026-04-11 09:52:52.090 +0700] [PROCESS] [cadence.virtuoso.ade.simulationMonitor] - UsageInfo:
pid=2236
totalPhysicalMemory=15.208324GB,Used=14.823883GB,totalVirtualMemory=22.895821GB,Used=14.864655GB
Cpu: Cores=24, Load average:0.240000,0.320000,0.270000 {"hostname": "dtvt_13", "processid": 2236, "history": "ExplorerRun.0", "testname": "my_lib_pmos_tb_1", "cornername": "Nominal", "point": 18, "logfile": "/home/dtvt_13/truong/logs_dtvt_13/logs0/Job14.log", "pid": "2236", "totalPhysicalMemory": "15.208324", "physicalMemoryUsed": "14.823883", "totalVirtualMemory": "22.895821", "virtualMemoryUsed": "14.864655", "cpuCores": "24", "processes": "2638", "loadAverage1": "0.240000", "loadAverage5": "0.320000", "loadAverage15": "0.270000", "loadAverage1Percent": "0.010000"}
[2026-04-11 09:52:52.091 +0700] [EVENT] [cadence.virtuoso.ade.simulationMonitor] - NewPoint {"history": "ExplorerRun.0", "point": 19, "testname": "my_lib_pmos_tb_1", "cornername": "Nominal", "event": "NewPoint", "EventSource": "Simulation Monitor", "HistoryName": "ExplorerRun.0", "logFile": "/home/dtvt_13/truong/logs_dtvt_13/logs0/Job14.log", "logFileSize": "163856"}
[2026-04-11 09:52:52.192 +0700] [EVENT] [cadence.virtuoso.ade.simulationMonitor] - NewPoint {"history": "ExplorerRun.0", "point": 19, "testname": "my_lib_pmos_tb_1", "cornername": "Nominal", "event": "NewPoint", "EventSource": "spectre", "HistoryName": "ExplorerRun.0", "logFile": "/home/dtvt_13/simulation/my_lib/pmos_tb/maestro/results/maestro/ExplorerRun.0/19/my_lib_pmos_tb_1/psf/spectre.out", "logFileSize": "-1"}
[2026-04-11 09:52:52.202 +0700] [PROCESS] [cadence.virtuoso.ade.simulationMonitor] - Simulator launched {"hostname": "dtvt_13", "processid": 2236, "history": "ExplorerRun.0", "testname": "my_lib_pmos_tb_1", "cornername": "Nominal", "point": 19, "logfile": "/home/dtvt_13/truong/logs_dtvt_13/logs0/Job14.log", "simid": "19"}
[2026-04-11 09:52:52.203 +0700] [PROCESS] [cadence.virtuoso.ade.simulationMonitor] - Started Simulation {"hostname": "dtvt_13", "processid": 2236, "history": "ExplorerRun.0", "testname": "my_lib_pmos_tb_1", "cornername": "Nominal", "point": 19, "logfile": "/home/dtvt_13/truong/logs_dtvt_13/logs0/Job14.log"}
[2026-04-11 09:53:03.852 +0700] [PROCESS] [cadence.virtuoso.ade.simulationMonitor] - Finished simulating for one point {"hostname": "dtvt_13", "processid": 2236, "history": "ExplorerRun.0", "testname": "my_lib_pmos_tb_1", "cornername": "Nominal", "point": 19, "logfile": "/home/dtvt_13/truong/logs_dtvt_13/logs0/Job14.log", "simid": "19"}
[2026-04-11 09:53:03.852 +0700] [INFO] [cadence.virtuoso.ade.simulationMonitor] - Peak resident memory used = 96.2 Mbytes. {"history": "ExplorerRun.0", "point": 19, "testname": "my_lib_pmos_tb_1", "cornername": "Nominal"}
[2026-04-11 09:53:03.852 +0700] [INFO] [cadence.virtuoso.ade.simulationMonitor] - Peak resident memory used = 105 Mbytes. {"history": "ExplorerRun.0", "point": 19, "testname": "my_lib_pmos_tb_1", "cornername": "Nominal"}
[2026-04-11 09:53:03.853 +0700] [INFO] [cadence.virtuoso.ade.simulationMonitor] - Notice from spectre during hierarchy flattening.
    The value 'psf' specified for the 'checklimitdest' option will no longer be supported in future releases. Use 'spectre -h' to see other recommended values for the 'checklimitdest' option. {"history": "ExplorerRun.0", "point": 19, "testname": "my_lib_pmos_tb_1", "cornername": "Nominal"}
[2026-04-11 09:53:03.853 +0700] [INFO] [cadence.virtuoso.ade.simulationMonitor] - Peak resident memory used = 106 Mbytes. {"history": "ExplorerRun.0", "point": 19, "testname": "my_lib_pmos_tb_1", "cornername": "Nominal"}
[2026-04-11 09:53:03.853 +0700] [INFO] [cadence.virtuoso.ade.simulationMonitor] - Notice from spectre during initial setup.
    Multithreading is disabled due to the size of the design being too small. {"history": "ExplorerRun.0", "point": 19, "testname": "my_lib_pmos_tb_1", "cornername": "Nominal"}
[2026-04-11 09:53:03.854 +0700] [INFO] [cadence.virtuoso.ade.simulationMonitor] -               nodes 8 {"history": "ExplorerRun.0", "point": 19, "testname": "my_lib_pmos_tb_1", "cornername": "Nominal"}
[2026-04-11 09:53:03.854 +0700] [INFO] [cadence.virtuoso.ade.simulationMonitor] - Notice from spectre during initial setup.
    APS enabled. {"history": "ExplorerRun.0", "point": 19, "testname": "my_lib_pmos_tb_1", "cornername": "Nominal"}
[2026-04-11 09:53:03.854 +0700] [INFO] [cadence.virtuoso.ade.simulationMonitor] - Peak resident memory used = 107 Mbytes. {"history": "ExplorerRun.0", "point": 19, "testname": "my_lib_pmos_tb_1", "cornername": "Nominal"}
[2026-04-11 09:53:03.854 +0700] [INFO] [cadence.virtuoso.ade.simulationMonitor] -    -   (APS) Multi-threading. The recommended number of threads is 1, consider adding +mt=1 on command line. {"history": "ExplorerRun.0", "point": 19, "testname": "my_lib_pmos_tb_1", "cornername": "Nominal"}
[2026-04-11 09:53:03.854 +0700] [INFO] [cadence.virtuoso.ade.simulationMonitor] - Total time required for dc analysis `dcOp': CPU = 1.554 ms, elapsed = 2.48599 ms. {"history": "ExplorerRun.0", "point": 19, "testname": "my_lib_pmos_tb_1", "cornername": "Nominal"}
[2026-04-11 09:53:03.855 +0700] [INFO] [cadence.virtuoso.ade.simulationMonitor] - Peak resident memory used = 109 Mbytes. {"history": "ExplorerRun.0", "point": 19, "testname": "my_lib_pmos_tb_1", "cornername": "Nominal"}
[2026-04-11 09:53:03.855 +0700] [INFO] [cadence.virtuoso.ade.simulationMonitor] - Notice from spectre at vg = 740e-03 during DC analysis `dc'.
    The value of parameter 'vg' has been reset to the original value 0.74. {"history": "ExplorerRun.0", "point": 19, "testname": "my_lib_pmos_tb_1", "cornername": "Nominal"}
[2026-04-11 09:53:03.855 +0700] [INFO] [cadence.virtuoso.ade.simulationMonitor] - Total time required for dc analysis `dc': CPU = 10.565 ms, elapsed = 11.6589 ms. {"history": "ExplorerRun.0", "point": 19, "testname": "my_lib_pmos_tb_1", "cornername": "Nominal"}
[2026-04-11 09:53:03.855 +0700] [INFO] [cadence.virtuoso.ade.simulationMonitor] - Peak resident memory used = 110 Mbytes. {"history": "ExplorerRun.0", "point": 19, "testname": "my_lib_pmos_tb_1", "cornername": "Nominal"}
[2026-04-11 09:53:03.856 +0700] [INFO] [cadence.virtuoso.ade.simulationMonitor] - Time used: CPU = 537 ms, elapsed = 10.9 s, util. = 4.93%. {"history": "ExplorerRun.0", "point": 19, "testname": "my_lib_pmos_tb_1", "cornername": "Nominal"}
[2026-04-11 09:53:03.856 +0700] [INFO] [cadence.virtuoso.ade.simulationMonitor] - Time spent in licensing: elapsed = 10.4 s, percentage of total = 95.3%. {"history": "ExplorerRun.0", "point": 19, "testname": "my_lib_pmos_tb_1", "cornername": "Nominal"}
[2026-04-11 09:53:03.856 +0700] [INFO] [cadence.virtuoso.ade.simulationMonitor] - Peak memory used = 111 Mbytes. {"history": "ExplorerRun.0", "point": 19, "testname": "my_lib_pmos_tb_1", "cornername": "Nominal"}
[2026-04-11 09:53:03.857 +0700] [PROCESS] [cadence.virtuoso.ade.simulationMonitor] - Simulation started at: 9:52:52 AM, Sat Apr 11, 2026, ended at: 9:53:03 AM, Sat Apr 11, 2026, with elapsed time (wall clock): 10.9 s. {"history": "ExplorerRun.0", "point": 19, "testname": "my_lib_pmos_tb_1", "cornername": "Nominal"}
[2026-04-11 09:53:03.857 +0700] [PROCESS] [cadence.virtuoso.ade.simulationMonitor] - spectre completes with 0 errors, 0 warnings, and 5 notices. {"history": "ExplorerRun.0", "point": 19, "testname": "my_lib_pmos_tb_1", "cornername": "Nominal"}
[2026-04-11 09:53:03.857 +0700] [PROCESS] [cadence.virtuoso.ade.simulationMonitor] - Simulator exited {"hostname": "dtvt_13", "processid": 2236, "history": "ExplorerRun.0", "testname": "my_lib_pmos_tb_1", "cornername": "Nominal", "point": 19, "logfile": "/home/dtvt_13/truong/logs_dtvt_13/logs0/Job14.log", "exitStatus": "0"}
[2026-04-11 09:53:03.857 +0700] [PROCESS] [cadence.virtuoso.ade.simulationMonitor] - Finished Simulation {"hostname": "dtvt_13", "processid": 2236, "history": "ExplorerRun.0", "testname": "my_lib_pmos_tb_1", "cornername": "Nominal", "point": 19, "logfile": "/home/dtvt_13/truong/logs_dtvt_13/logs0/Job14.log", "simid": "19"}
[2026-04-11 09:53:04.871 +0700] [PROCESS] [cadence.virtuoso.ade.simulationMonitor] - Point Finished {"hostname": "dtvt_13", "processid": 2236, "history": "ExplorerRun.0", "testname": "my_lib_pmos_tb_1", "cornername": "Nominal", "point": 19, "logfile": "/home/dtvt_13/truong/logs_dtvt_13/logs0/Job14.log"}
[2026-04-11 09:58:05.389 +0700] [PROCESS] [cadence.virtuoso.ade.simulationMonitor] - Current memory used: 32.2656 MBytes, peak memory used: 32.2656 MBytes {"hostname": "dtvt_13", "processid": 2236, "history": "ExplorerRun.0", "testname": "my_lib_pmos_tb_1", "cornername": "Nominal", "point": 19, "logfile": "/home/dtvt_13/truong/logs_dtvt_13/logs0/Job14.log"}
[2026-04-11 09:58:05.390 +0700] [PROCESS] [cadence.virtuoso.ade.simulationMonitor] - Simulation Monitor process exit. {"hostname": "dtvt_13", "processid": 2236, "history": "ExplorerRun.0", "testname": "my_lib_pmos_tb_1", "cornername": "Nominal", "point": 19, "logfile": "/home/dtvt_13/truong/logs_dtvt_13/logs0/Job14.log"}
