[Simulation Monitor: 17]
[2026-04-11 10:09:37.576 +0700] [PROCESS] [cadence.virtuoso.ade.simulationMonitor] - Simulation Monitor has successfully started up. Trying to set up communication channels to other components ... {"hostname": "dtvt_13", "processid": 12438, "logfile": "/home/dtvt_13/truong/logs_dtvt_13/logs0/Job17.log"}
[2026-04-11 10:09:37.577 +0700] [PROCESS] [cadence.virtuoso.ade.simulationMonitor] - Communication channels have been successfully set up. Start processing events ... {"hostname": "dtvt_13", "processid": 12438, "logfile": "/home/dtvt_13/truong/logs_dtvt_13/logs0/Job17.log"}
[2026-04-11 10:09:37.577 +0700] [PROCESS] [cadence.virtuoso.ade.simulationMonitor] - Considering to start history {"hostname": "dtvt_13", "processid": 12438, "history": "ExplorerRun.0", "logfile": "/home/dtvt_13/truong/logs_dtvt_13/logs0/Job17.log"}
[2026-04-11 10:09:37.578 +0700] [PROCESS] [cadence.virtuoso.ade.simulationMonitor] - HostInfo:
Host name (type):	dtvt_13 (x86_64)
Operating system:	Linux 3.10.0-1160.118.1.el7.x86_64 #1 SMP Wed Apr 24 16:01:50 UTC 2024 {"hostname": "dtvt_13", "processid": 12438, "history": "ExplorerRun.0", "logfile": "/home/dtvt_13/truong/logs_dtvt_13/logs0/Job17.log", "nodename": "dtvt_13", "domainname": "(none)", "machine": "x86_64", "sysname": "Linux", "release": "3.10.0-1160.118.1.el7.x86_64", "version": "#1 SMP Wed Apr 24 16:01:50 UTC 2024"}
[2026-04-11 10:09:37.579 +0700] [PROCESS] [cadence.virtuoso.ade.simulationMonitor] - UsageInfo:
pid=12438
totalPhysicalMemory=15.208324GB,Used=14.564693GB,totalVirtualMemory=22.895821GB,Used=14.605465GB
Cpu: Cores=24, Load average:0.490000,0.290000,0.240000 {"hostname": "dtvt_13", "processid": 12438, "history": "ExplorerRun.0", "logfile": "/home/dtvt_13/truong/logs_dtvt_13/logs0/Job17.log", "pid": "12438", "totalPhysicalMemory": "15.208324", "physicalMemoryUsed": "14.564693", "totalVirtualMemory": "22.895821", "virtualMemoryUsed": "14.605465", "cpuCores": "24", "processes": "2597", "loadAverage1": "0.490000", "loadAverage5": "0.290000", "loadAverage15": "0.240000", "loadAverage1Percent": "0.020417"}
[2026-04-11 10:09:37.579 +0700] [EVENT] [cadence.virtuoso.ade.simulationMonitor] - NewPoint {"history": "ExplorerRun.0", "point": 1, "testname": "my_lib_pmos_tb_1", "cornername": "Nominal", "event": "NewPoint", "EventSource": "Simulation Monitor", "HistoryName": "ExplorerRun.0", "logFile": "/home/dtvt_13/truong/logs_dtvt_13/logs0/Job17.log", "logFileSize": "2100"}
[2026-04-11 10:09:37.680 +0700] [EVENT] [cadence.virtuoso.ade.simulationMonitor] - NewPoint {"history": "ExplorerRun.0", "point": 1, "testname": "my_lib_pmos_tb_1", "cornername": "Nominal", "event": "NewPoint", "EventSource": "spectre", "HistoryName": "ExplorerRun.0", "logFile": "/home/dtvt_13/simulation/my_lib/pmos_tb/maestro/results/maestro/ExplorerRun.0/1/my_lib_pmos_tb_1/psf/spectre.out", "logFileSize": "-1"}
[2026-04-11 10:09:37.691 +0700] [PROCESS] [cadence.virtuoso.ade.simulationMonitor] - Simulator launched {"hostname": "dtvt_13", "processid": 12438, "history": "ExplorerRun.0", "testname": "my_lib_pmos_tb_1", "cornername": "Nominal", "point": 1, "logfile": "/home/dtvt_13/truong/logs_dtvt_13/logs0/Job17.log", "simid": "1"}
[2026-04-11 10:09:37.692 +0700] [PROCESS] [cadence.virtuoso.ade.simulationMonitor] - Expression evaluator launched {"hostname": "dtvt_13", "processid": 12438, "history": "ExplorerRun.0", "testname": "my_lib_pmos_tb_1", "cornername": "Nominal", "point": 1, "logfile": "/home/dtvt_13/truong/logs_dtvt_13/logs0/Job17.log"}
[2026-04-11 10:09:37.697 +0700] [PROCESS] [cadence.virtuoso.ade.simulationMonitor] - Started Simulation {"hostname": "dtvt_13", "processid": 12438, "history": "ExplorerRun.0", "testname": "my_lib_pmos_tb_1", "cornername": "Nominal", "point": 1, "logfile": "/home/dtvt_13/truong/logs_dtvt_13/logs0/Job17.log"}
[2026-04-11 10:09:59.511 +0700] [INFO] [cadence.virtuoso.ade.simulationMonitor] - Peak resident memory used = 96 Mbytes. {"history": "ExplorerRun.0", "point": 1, "testname": "my_lib_pmos_tb_1", "cornername": "Nominal"}
[2026-04-11 10:09:59.512 +0700] [INFO] [cadence.virtuoso.ade.simulationMonitor] - Peak resident memory used = 105 Mbytes. {"history": "ExplorerRun.0", "point": 1, "testname": "my_lib_pmos_tb_1", "cornername": "Nominal"}
[2026-04-11 10:09:59.512 +0700] [INFO] [cadence.virtuoso.ade.simulationMonitor] - Notice from spectre during hierarchy flattening.
    The value 'psf' specified for the 'checklimitdest' option will no longer be supported in future releases. Use 'spectre -h' to see other recommended values for the 'checklimitdest' option. {"history": "ExplorerRun.0", "point": 1, "testname": "my_lib_pmos_tb_1", "cornername": "Nominal"}
[2026-04-11 10:09:59.512 +0700] [INFO] [cadence.virtuoso.ade.simulationMonitor] - Peak resident memory used = 106 Mbytes. {"history": "ExplorerRun.0", "point": 1, "testname": "my_lib_pmos_tb_1", "cornername": "Nominal"}
[2026-04-11 10:09:59.513 +0700] [INFO] [cadence.virtuoso.ade.simulationMonitor] - Notice from spectre during initial setup.
    Multithreading is disabled due to the size of the design being too small. {"history": "ExplorerRun.0", "point": 1, "testname": "my_lib_pmos_tb_1", "cornername": "Nominal"}
[2026-04-11 10:09:59.513 +0700] [INFO] [cadence.virtuoso.ade.simulationMonitor] -               nodes 8 {"history": "ExplorerRun.0", "point": 1, "testname": "my_lib_pmos_tb_1", "cornername": "Nominal"}
[2026-04-11 10:09:59.514 +0700] [INFO] [cadence.virtuoso.ade.simulationMonitor] - Notice from spectre during initial setup.
    APS enabled. {"history": "ExplorerRun.0", "point": 1, "testname": "my_lib_pmos_tb_1", "cornername": "Nominal"}
[2026-04-11 10:09:59.514 +0700] [INFO] [cadence.virtuoso.ade.simulationMonitor] - Peak resident memory used = 107 Mbytes. {"history": "ExplorerRun.0", "point": 1, "testname": "my_lib_pmos_tb_1", "cornername": "Nominal"}
[2026-04-11 10:09:59.514 +0700] [INFO] [cadence.virtuoso.ade.simulationMonitor] -    -   (APS) Multi-threading. The recommended number of threads is 1, consider adding +mt=1 on command line. {"history": "ExplorerRun.0", "point": 1, "testname": "my_lib_pmos_tb_1", "cornername": "Nominal"}
[2026-04-11 10:09:59.515 +0700] [INFO] [cadence.virtuoso.ade.simulationMonitor] - Total time required for dc analysis `dcOp': CPU = 2.652 ms, elapsed = 3.66497 ms. {"history": "ExplorerRun.0", "point": 1, "testname": "my_lib_pmos_tb_1", "cornername": "Nominal"}
[2026-04-11 10:09:59.515 +0700] [INFO] [cadence.virtuoso.ade.simulationMonitor] - Peak resident memory used = 109 Mbytes. {"history": "ExplorerRun.0", "point": 1, "testname": "my_lib_pmos_tb_1", "cornername": "Nominal"}
[2026-04-11 10:09:59.515 +0700] [INFO] [cadence.virtuoso.ade.simulationMonitor] - Notice from spectre at vg = 740e-03 during DC analysis `dc'.
    The value of parameter 'vg' has been reset to the original value 0.74. {"history": "ExplorerRun.0", "point": 1, "testname": "my_lib_pmos_tb_1", "cornername": "Nominal"}
[2026-04-11 10:09:59.516 +0700] [INFO] [cadence.virtuoso.ade.simulationMonitor] - Total time required for dc analysis `dc': CPU = 9.394 ms, elapsed = 10.4671 ms. {"history": "ExplorerRun.0", "point": 1, "testname": "my_lib_pmos_tb_1", "cornername": "Nominal"}
[2026-04-11 10:09:59.516 +0700] [INFO] [cadence.virtuoso.ade.simulationMonitor] - Peak resident memory used = 110 Mbytes. {"history": "ExplorerRun.0", "point": 1, "testname": "my_lib_pmos_tb_1", "cornername": "Nominal"}
[2026-04-11 10:09:59.516 +0700] [INFO] [cadence.virtuoso.ade.simulationMonitor] - Time used: CPU = 532 ms, elapsed = 21.4 s, util. = 2.49%. {"history": "ExplorerRun.0", "point": 1, "testname": "my_lib_pmos_tb_1", "cornername": "Nominal"}
[2026-04-11 10:09:59.516 +0700] [INFO] [cadence.virtuoso.ade.simulationMonitor] - Time spent in licensing: elapsed = 20.8 s, percentage of total = 97.2%. {"history": "ExplorerRun.0", "point": 1, "testname": "my_lib_pmos_tb_1", "cornername": "Nominal"}
[2026-04-11 10:09:59.516 +0700] [INFO] [cadence.virtuoso.ade.simulationMonitor] - Peak memory used = 111 Mbytes. {"history": "ExplorerRun.0", "point": 1, "testname": "my_lib_pmos_tb_1", "cornername": "Nominal"}
[2026-04-11 10:09:59.517 +0700] [PROCESS] [cadence.virtuoso.ade.simulationMonitor] - Simulation started at: 10:09:37 AM, Sat Apr 11, 2026, ended at: 10:09:59 AM, Sat Apr 11, 2026, with elapsed time (wall clock): 21.4 s. {"history": "ExplorerRun.0", "point": 1, "testname": "my_lib_pmos_tb_1", "cornername": "Nominal"}
[2026-04-11 10:09:59.517 +0700] [PROCESS] [cadence.virtuoso.ade.simulationMonitor] - spectre completes with 0 errors, 0 warnings, and 5 notices. {"history": "ExplorerRun.0", "point": 1, "testname": "my_lib_pmos_tb_1", "cornername": "Nominal"}
[2026-04-11 10:10:00.018 +0700] [PROCESS] [cadence.virtuoso.ade.simulationMonitor] - Finished simulating for one point {"hostname": "dtvt_13", "processid": 12438, "history": "ExplorerRun.0", "testname": "my_lib_pmos_tb_1", "cornername": "Nominal", "point": 1, "logfile": "/home/dtvt_13/truong/logs_dtvt_13/logs0/Job17.log", "simid": "1"}
[2026-04-11 10:10:00.018 +0700] [PROCESS] [cadence.virtuoso.ade.simulationMonitor] - Simulator exited {"hostname": "dtvt_13", "processid": 12438, "history": "ExplorerRun.0", "testname": "my_lib_pmos_tb_1", "cornername": "Nominal", "point": 1, "logfile": "/home/dtvt_13/truong/logs_dtvt_13/logs0/Job17.log", "exitStatus": "0"}
[2026-04-11 10:10:00.018 +0700] [PROCESS] [cadence.virtuoso.ade.simulationMonitor] - Finished Simulation {"hostname": "dtvt_13", "processid": 12438, "history": "ExplorerRun.0", "testname": "my_lib_pmos_tb_1", "cornername": "Nominal", "point": 1, "logfile": "/home/dtvt_13/truong/logs_dtvt_13/logs0/Job17.log", "simid": "1"}
[2026-04-11 10:10:01.534 +0700] [PROCESS] [cadence.virtuoso.ade.simulationMonitor] - Point Finished {"hostname": "dtvt_13", "processid": 12438, "history": "ExplorerRun.0", "testname": "my_lib_pmos_tb_1", "cornername": "Nominal", "point": 1, "logfile": "/home/dtvt_13/truong/logs_dtvt_13/logs0/Job17.log"}
[2026-04-11 10:10:01.561 +0700] [PROCESS] [cadence.virtuoso.ade.simulationMonitor] - HostInfo:
Host name (type):	dtvt_13 (x86_64)
Operating system:	Linux 3.10.0-1160.118.1.el7.x86_64 #1 SMP Wed Apr 24 16:01:50 UTC 2024 {"hostname": "dtvt_13", "processid": 12438, "history": "ExplorerRun.0", "testname": "my_lib_pmos_tb_1", "cornername": "Nominal", "point": 1, "logfile": "/home/dtvt_13/truong/logs_dtvt_13/logs0/Job17.log", "nodename": "dtvt_13", "domainname": "(none)", "machine": "x86_64", "sysname": "Linux", "release": "3.10.0-1160.118.1.el7.x86_64", "version": "#1 SMP Wed Apr 24 16:01:50 UTC 2024"}
[2026-04-11 10:10:01.562 +0700] [PROCESS] [cadence.virtuoso.ade.simulationMonitor] - UsageInfo:
pid=12438
totalPhysicalMemory=15.208324GB,Used=14.823566GB,totalVirtualMemory=22.895821GB,Used=14.864338GB
Cpu: Cores=24, Load average:0.440000,0.300000,0.250000 {"hostname": "dtvt_13", "processid": 12438, "history": "ExplorerRun.0", "testname": "my_lib_pmos_tb_1", "cornername": "Nominal", "point": 1, "logfile": "/home/dtvt_13/truong/logs_dtvt_13/logs0/Job17.log", "pid": "12438", "totalPhysicalMemory": "15.208324", "physicalMemoryUsed": "14.823566", "totalVirtualMemory": "22.895821", "virtualMemoryUsed": "14.864338", "cpuCores": "24", "processes": "2634", "loadAverage1": "0.440000", "loadAverage5": "0.300000", "loadAverage15": "0.250000", "loadAverage1Percent": "0.018333"}
[2026-04-11 10:10:01.562 +0700] [EVENT] [cadence.virtuoso.ade.simulationMonitor] - NewPoint {"history": "ExplorerRun.0", "point": 2, "testname": "my_lib_pmos_tb_1", "cornername": "Nominal", "event": "NewPoint", "EventSource": "Simulation Monitor", "HistoryName": "ExplorerRun.0", "logFile": "/home/dtvt_13/truong/logs_dtvt_13/logs0/Job17.log", "logFileSize": "11382"}
[2026-04-11 10:10:01.664 +0700] [EVENT] [cadence.virtuoso.ade.simulationMonitor] - NewPoint {"history": "ExplorerRun.0", "point": 2, "testname": "my_lib_pmos_tb_1", "cornername": "Nominal", "event": "NewPoint", "EventSource": "spectre", "HistoryName": "ExplorerRun.0", "logFile": "/home/dtvt_13/simulation/my_lib/pmos_tb/maestro/results/maestro/ExplorerRun.0/2/my_lib_pmos_tb_1/psf/spectre.out", "logFileSize": "-1"}
[2026-04-11 10:10:01.673 +0700] [PROCESS] [cadence.virtuoso.ade.simulationMonitor] - Simulator launched {"hostname": "dtvt_13", "processid": 12438, "history": "ExplorerRun.0", "testname": "my_lib_pmos_tb_1", "cornername": "Nominal", "point": 2, "logfile": "/home/dtvt_13/truong/logs_dtvt_13/logs0/Job17.log", "simid": "2"}
[2026-04-11 10:10:01.673 +0700] [PROCESS] [cadence.virtuoso.ade.simulationMonitor] - Started Simulation {"hostname": "dtvt_13", "processid": 12438, "history": "ExplorerRun.0", "testname": "my_lib_pmos_tb_1", "cornername": "Nominal", "point": 2, "logfile": "/home/dtvt_13/truong/logs_dtvt_13/logs0/Job17.log"}
[2026-04-11 10:10:23.009 +0700] [PROCESS] [cadence.virtuoso.ade.simulationMonitor] - Finished simulating for one point {"hostname": "dtvt_13", "processid": 12438, "history": "ExplorerRun.0", "testname": "my_lib_pmos_tb_1", "cornername": "Nominal", "point": 2, "logfile": "/home/dtvt_13/truong/logs_dtvt_13/logs0/Job17.log", "simid": "2"}
[2026-04-11 10:10:23.009 +0700] [INFO] [cadence.virtuoso.ade.simulationMonitor] - Peak resident memory used = 96 Mbytes. {"history": "ExplorerRun.0", "point": 2, "testname": "my_lib_pmos_tb_1", "cornername": "Nominal"}
[2026-04-11 10:10:23.010 +0700] [INFO] [cadence.virtuoso.ade.simulationMonitor] - Peak resident memory used = 105 Mbytes. {"history": "ExplorerRun.0", "point": 2, "testname": "my_lib_pmos_tb_1", "cornername": "Nominal"}
[2026-04-11 10:10:23.010 +0700] [INFO] [cadence.virtuoso.ade.simulationMonitor] - Notice from spectre during hierarchy flattening.
    The value 'psf' specified for the 'checklimitdest' option will no longer be supported in future releases. Use 'spectre -h' to see other recommended values for the 'checklimitdest' option. {"history": "ExplorerRun.0", "point": 2, "testname": "my_lib_pmos_tb_1", "cornername": "Nominal"}
[2026-04-11 10:10:23.010 +0700] [INFO] [cadence.virtuoso.ade.simulationMonitor] - Peak resident memory used = 106 Mbytes. {"history": "ExplorerRun.0", "point": 2, "testname": "my_lib_pmos_tb_1", "cornername": "Nominal"}
[2026-04-11 10:10:23.010 +0700] [INFO] [cadence.virtuoso.ade.simulationMonitor] - Notice from spectre during initial setup.
    Multithreading is disabled due to the size of the design being too small. {"history": "ExplorerRun.0", "point": 2, "testname": "my_lib_pmos_tb_1", "cornername": "Nominal"}
[2026-04-11 10:10:23.011 +0700] [INFO] [cadence.virtuoso.ade.simulationMonitor] -               nodes 8 {"history": "ExplorerRun.0", "point": 2, "testname": "my_lib_pmos_tb_1", "cornername": "Nominal"}
[2026-04-11 10:10:23.011 +0700] [INFO] [cadence.virtuoso.ade.simulationMonitor] - Notice from spectre during initial setup.
    APS enabled. {"history": "ExplorerRun.0", "point": 2, "testname": "my_lib_pmos_tb_1", "cornername": "Nominal"}
[2026-04-11 10:10:23.011 +0700] [INFO] [cadence.virtuoso.ade.simulationMonitor] - Peak resident memory used = 107 Mbytes. {"history": "ExplorerRun.0", "point": 2, "testname": "my_lib_pmos_tb_1", "cornername": "Nominal"}
[2026-04-11 10:10:23.011 +0700] [INFO] [cadence.virtuoso.ade.simulationMonitor] -    -   (APS) Multi-threading. The recommended number of threads is 1, consider adding +mt=1 on command line. {"history": "ExplorerRun.0", "point": 2, "testname": "my_lib_pmos_tb_1", "cornername": "Nominal"}
[2026-04-11 10:10:23.012 +0700] [INFO] [cadence.virtuoso.ade.simulationMonitor] - Total time required for dc analysis `dcOp': CPU = 1.672 ms, elapsed = 2.68912 ms. {"history": "ExplorerRun.0", "point": 2, "testname": "my_lib_pmos_tb_1", "cornername": "Nominal"}
[2026-04-11 10:10:23.012 +0700] [INFO] [cadence.virtuoso.ade.simulationMonitor] - Peak resident memory used = 109 Mbytes. {"history": "ExplorerRun.0", "point": 2, "testname": "my_lib_pmos_tb_1", "cornername": "Nominal"}
[2026-04-11 10:10:23.012 +0700] [INFO] [cadence.virtuoso.ade.simulationMonitor] - Notice from spectre at vg = 740e-03 during DC analysis `dc'.
    The value of parameter 'vg' has been reset to the original value 0.74. {"history": "ExplorerRun.0", "point": 2, "testname": "my_lib_pmos_tb_1", "cornername": "Nominal"}
[2026-04-11 10:10:23.012 +0700] [INFO] [cadence.virtuoso.ade.simulationMonitor] - Total time required for dc analysis `dc': CPU = 5.899 ms, elapsed = 6.92821 ms. {"history": "ExplorerRun.0", "point": 2, "testname": "my_lib_pmos_tb_1", "cornername": "Nominal"}
[2026-04-11 10:10:23.013 +0700] [INFO] [cadence.virtuoso.ade.simulationMonitor] - Peak resident memory used = 110 Mbytes. {"history": "ExplorerRun.0", "point": 2, "testname": "my_lib_pmos_tb_1", "cornername": "Nominal"}
[2026-04-11 10:10:23.013 +0700] [INFO] [cadence.virtuoso.ade.simulationMonitor] - Time used: CPU = 518 ms, elapsed = 20.8 s, util. = 2.49%. {"history": "ExplorerRun.0", "point": 2, "testname": "my_lib_pmos_tb_1", "cornername": "Nominal"}
[2026-04-11 10:10:23.013 +0700] [INFO] [cadence.virtuoso.ade.simulationMonitor] - Time spent in licensing: elapsed = 20.3 s, percentage of total = 97.5%. {"history": "ExplorerRun.0", "point": 2, "testname": "my_lib_pmos_tb_1", "cornername": "Nominal"}
[2026-04-11 10:10:23.013 +0700] [INFO] [cadence.virtuoso.ade.simulationMonitor] - Peak memory used = 111 Mbytes. {"history": "ExplorerRun.0", "point": 2, "testname": "my_lib_pmos_tb_1", "cornername": "Nominal"}
[2026-04-11 10:10:23.014 +0700] [PROCESS] [cadence.virtuoso.ade.simulationMonitor] - Simulation started at: 10:10:01 AM, Sat Apr 11, 2026, ended at: 10:10:22 AM, Sat Apr 11, 2026, with elapsed time (wall clock): 20.8 s. {"history": "ExplorerRun.0", "point": 2, "testname": "my_lib_pmos_tb_1", "cornername": "Nominal"}
[2026-04-11 10:10:23.014 +0700] [PROCESS] [cadence.virtuoso.ade.simulationMonitor] - spectre completes with 0 errors, 0 warnings, and 5 notices. {"history": "ExplorerRun.0", "point": 2, "testname": "my_lib_pmos_tb_1", "cornername": "Nominal"}
[2026-04-11 10:10:23.014 +0700] [PROCESS] [cadence.virtuoso.ade.simulationMonitor] - Simulator exited {"hostname": "dtvt_13", "processid": 12438, "history": "ExplorerRun.0", "testname": "my_lib_pmos_tb_1", "cornername": "Nominal", "point": 2, "logfile": "/home/dtvt_13/truong/logs_dtvt_13/logs0/Job17.log", "exitStatus": "0"}
[2026-04-11 10:10:23.014 +0700] [PROCESS] [cadence.virtuoso.ade.simulationMonitor] - Finished Simulation {"hostname": "dtvt_13", "processid": 12438, "history": "ExplorerRun.0", "testname": "my_lib_pmos_tb_1", "cornername": "Nominal", "point": 2, "logfile": "/home/dtvt_13/truong/logs_dtvt_13/logs0/Job17.log", "simid": "2"}
[2026-04-11 10:10:23.528 +0700] [PROCESS] [cadence.virtuoso.ade.simulationMonitor] - Point Finished {"hostname": "dtvt_13", "processid": 12438, "history": "ExplorerRun.0", "testname": "my_lib_pmos_tb_1", "cornername": "Nominal", "point": 2, "logfile": "/home/dtvt_13/truong/logs_dtvt_13/logs0/Job17.log"}
[2026-04-11 10:10:23.531 +0700] [PROCESS] [cadence.virtuoso.ade.simulationMonitor] - HostInfo:
Host name (type):	dtvt_13 (x86_64)
Operating system:	Linux 3.10.0-1160.118.1.el7.x86_64 #1 SMP Wed Apr 24 16:01:50 UTC 2024 {"hostname": "dtvt_13", "processid": 12438, "history": "ExplorerRun.0", "testname": "my_lib_pmos_tb_1", "cornername": "Nominal", "point": 2, "logfile": "/home/dtvt_13/truong/logs_dtvt_13/logs0/Job17.log", "nodename": "dtvt_13", "domainname": "(none)", "machine": "x86_64", "sysname": "Linux", "release": "3.10.0-1160.118.1.el7.x86_64", "version": "#1 SMP Wed Apr 24 16:01:50 UTC 2024"}
[2026-04-11 10:10:23.531 +0700] [PROCESS] [cadence.virtuoso.ade.simulationMonitor] - UsageInfo:
pid=12438
totalPhysicalMemory=15.208324GB,Used=14.825218GB,totalVirtualMemory=22.895821GB,Used=14.865990GB
Cpu: Cores=24, Load average:0.320000,0.280000,0.240000 {"hostname": "dtvt_13", "processid": 12438, "history": "ExplorerRun.0", "testname": "my_lib_pmos_tb_1", "cornername": "Nominal", "point": 2, "logfile": "/home/dtvt_13/truong/logs_dtvt_13/logs0/Job17.log", "pid": "12438", "totalPhysicalMemory": "15.208324", "physicalMemoryUsed": "14.825218", "totalVirtualMemory": "22.895821", "virtualMemoryUsed": "14.865990", "cpuCores": "24", "processes": "2631", "loadAverage1": "0.320000", "loadAverage5": "0.280000", "loadAverage15": "0.240000", "loadAverage1Percent": "0.013333"}
[2026-04-11 10:10:23.532 +0700] [EVENT] [cadence.virtuoso.ade.simulationMonitor] - NewPoint {"history": "ExplorerRun.0", "point": 3, "testname": "my_lib_pmos_tb_1", "cornername": "Nominal", "event": "NewPoint", "EventSource": "Simulation Monitor", "HistoryName": "ExplorerRun.0", "logFile": "/home/dtvt_13/truong/logs_dtvt_13/logs0/Job17.log", "logFileSize": "20345"}
[2026-04-11 10:10:23.637 +0700] [EVENT] [cadence.virtuoso.ade.simulationMonitor] - NewPoint {"history": "ExplorerRun.0", "point": 3, "testname": "my_lib_pmos_tb_1", "cornername": "Nominal", "event": "NewPoint", "EventSource": "spectre", "HistoryName": "ExplorerRun.0", "logFile": "/home/dtvt_13/simulation/my_lib/pmos_tb/maestro/results/maestro/ExplorerRun.0/3/my_lib_pmos_tb_1/psf/spectre.out", "logFileSize": "-1"}
[2026-04-11 10:10:23.646 +0700] [PROCESS] [cadence.virtuoso.ade.simulationMonitor] - Simulator launched {"hostname": "dtvt_13", "processid": 12438, "history": "ExplorerRun.0", "testname": "my_lib_pmos_tb_1", "cornername": "Nominal", "point": 3, "logfile": "/home/dtvt_13/truong/logs_dtvt_13/logs0/Job17.log", "simid": "3"}
[2026-04-11 10:10:23.647 +0700] [PROCESS] [cadence.virtuoso.ade.simulationMonitor] - Started Simulation {"hostname": "dtvt_13", "processid": 12438, "history": "ExplorerRun.0", "testname": "my_lib_pmos_tb_1", "cornername": "Nominal", "point": 3, "logfile": "/home/dtvt_13/truong/logs_dtvt_13/logs0/Job17.log"}
[2026-04-11 10:10:44.925 +0700] [PROCESS] [cadence.virtuoso.ade.simulationMonitor] - Finished simulating for one point {"hostname": "dtvt_13", "processid": 12438, "history": "ExplorerRun.0", "testname": "my_lib_pmos_tb_1", "cornername": "Nominal", "point": 3, "logfile": "/home/dtvt_13/truong/logs_dtvt_13/logs0/Job17.log", "simid": "3"}
[2026-04-11 10:10:44.925 +0700] [INFO] [cadence.virtuoso.ade.simulationMonitor] - Peak resident memory used = 96 Mbytes. {"history": "ExplorerRun.0", "point": 3, "testname": "my_lib_pmos_tb_1", "cornername": "Nominal"}
[2026-04-11 10:10:44.926 +0700] [INFO] [cadence.virtuoso.ade.simulationMonitor] - Peak resident memory used = 105 Mbytes. {"history": "ExplorerRun.0", "point": 3, "testname": "my_lib_pmos_tb_1", "cornername": "Nominal"}
[2026-04-11 10:10:44.926 +0700] [INFO] [cadence.virtuoso.ade.simulationMonitor] - Notice from spectre during hierarchy flattening.
    The value 'psf' specified for the 'checklimitdest' option will no longer be supported in future releases. Use 'spectre -h' to see other recommended values for the 'checklimitdest' option. {"history": "ExplorerRun.0", "point": 3, "testname": "my_lib_pmos_tb_1", "cornername": "Nominal"}
[2026-04-11 10:10:44.926 +0700] [INFO] [cadence.virtuoso.ade.simulationMonitor] - Peak resident memory used = 106 Mbytes. {"history": "ExplorerRun.0", "point": 3, "testname": "my_lib_pmos_tb_1", "cornername": "Nominal"}
[2026-04-11 10:10:44.927 +0700] [INFO] [cadence.virtuoso.ade.simulationMonitor] - Notice from spectre during initial setup.
    Multithreading is disabled due to the size of the design being too small. {"history": "ExplorerRun.0", "point": 3, "testname": "my_lib_pmos_tb_1", "cornername": "Nominal"}
[2026-04-11 10:10:44.927 +0700] [INFO] [cadence.virtuoso.ade.simulationMonitor] -               nodes 8 {"history": "ExplorerRun.0", "point": 3, "testname": "my_lib_pmos_tb_1", "cornername": "Nominal"}
[2026-04-11 10:10:44.927 +0700] [INFO] [cadence.virtuoso.ade.simulationMonitor] - Notice from spectre during initial setup.
    APS enabled. {"history": "ExplorerRun.0", "point": 3, "testname": "my_lib_pmos_tb_1", "cornername": "Nominal"}
[2026-04-11 10:10:44.928 +0700] [INFO] [cadence.virtuoso.ade.simulationMonitor] - Peak resident memory used = 107 Mbytes. {"history": "ExplorerRun.0", "point": 3, "testname": "my_lib_pmos_tb_1", "cornername": "Nominal"}
[2026-04-11 10:10:44.928 +0700] [INFO] [cadence.virtuoso.ade.simulationMonitor] -    -   (APS) Multi-threading. The recommended number of threads is 1, consider adding +mt=1 on command line. {"history": "ExplorerRun.0", "point": 3, "testname": "my_lib_pmos_tb_1", "cornername": "Nominal"}
[2026-04-11 10:10:44.928 +0700] [INFO] [cadence.virtuoso.ade.simulationMonitor] - Total time required for dc analysis `dcOp': CPU = 1.634 ms, elapsed = 2.63 ms. {"history": "ExplorerRun.0", "point": 3, "testname": "my_lib_pmos_tb_1", "cornername": "Nominal"}
[2026-04-11 10:10:44.928 +0700] [INFO] [cadence.virtuoso.ade.simulationMonitor] - Peak resident memory used = 109 Mbytes. {"history": "ExplorerRun.0", "point": 3, "testname": "my_lib_pmos_tb_1", "cornername": "Nominal"}
[2026-04-11 10:10:44.928 +0700] [INFO] [cadence.virtuoso.ade.simulationMonitor] - Notice from spectre at vg = 740e-03 during DC analysis `dc'.
    The value of parameter 'vg' has been reset to the original value 0.74. {"history": "ExplorerRun.0", "point": 3, "testname": "my_lib_pmos_tb_1", "cornername": "Nominal"}
[2026-04-11 10:10:44.929 +0700] [INFO] [cadence.virtuoso.ade.simulationMonitor] - Total time required for dc analysis `dc': CPU = 6.626 ms, elapsed = 7.63392 ms. {"history": "ExplorerRun.0", "point": 3, "testname": "my_lib_pmos_tb_1", "cornername": "Nominal"}
[2026-04-11 10:10:44.929 +0700] [INFO] [cadence.virtuoso.ade.simulationMonitor] - Peak resident memory used = 110 Mbytes. {"history": "ExplorerRun.0", "point": 3, "testname": "my_lib_pmos_tb_1", "cornername": "Nominal"}
[2026-04-11 10:10:44.929 +0700] [INFO] [cadence.virtuoso.ade.simulationMonitor] - Time used: CPU = 526 ms, elapsed = 20.8 s, util. = 2.53%. {"history": "ExplorerRun.0", "point": 3, "testname": "my_lib_pmos_tb_1", "cornername": "Nominal"}
[2026-04-11 10:10:44.929 +0700] [INFO] [cadence.virtuoso.ade.simulationMonitor] - Time spent in licensing: elapsed = 20.3 s, percentage of total = 97.5%. {"history": "ExplorerRun.0", "point": 3, "testname": "my_lib_pmos_tb_1", "cornername": "Nominal"}
[2026-04-11 10:10:44.929 +0700] [INFO] [cadence.virtuoso.ade.simulationMonitor] - Peak memory used = 111 Mbytes. {"history": "ExplorerRun.0", "point": 3, "testname": "my_lib_pmos_tb_1", "cornername": "Nominal"}
[2026-04-11 10:10:44.930 +0700] [PROCESS] [cadence.virtuoso.ade.simulationMonitor] - Simulation started at: 10:10:23 AM, Sat Apr 11, 2026, ended at: 10:10:44 AM, Sat Apr 11, 2026, with elapsed time (wall clock): 20.8 s. {"history": "ExplorerRun.0", "point": 3, "testname": "my_lib_pmos_tb_1", "cornername": "Nominal"}
[2026-04-11 10:10:44.930 +0700] [PROCESS] [cadence.virtuoso.ade.simulationMonitor] - spectre completes with 0 errors, 0 warnings, and 5 notices. {"history": "ExplorerRun.0", "point": 3, "testname": "my_lib_pmos_tb_1", "cornername": "Nominal"}
[2026-04-11 10:10:44.930 +0700] [PROCESS] [cadence.virtuoso.ade.simulationMonitor] - Simulator exited {"hostname": "dtvt_13", "processid": 12438, "history": "ExplorerRun.0", "testname": "my_lib_pmos_tb_1", "cornername": "Nominal", "point": 3, "logfile": "/home/dtvt_13/truong/logs_dtvt_13/logs0/Job17.log", "exitStatus": "0"}
[2026-04-11 10:10:44.930 +0700] [PROCESS] [cadence.virtuoso.ade.simulationMonitor] - Finished Simulation {"hostname": "dtvt_13", "processid": 12438, "history": "ExplorerRun.0", "testname": "my_lib_pmos_tb_1", "cornername": "Nominal", "point": 3, "logfile": "/home/dtvt_13/truong/logs_dtvt_13/logs0/Job17.log", "simid": "3"}
[2026-04-11 10:10:45.943 +0700] [PROCESS] [cadence.virtuoso.ade.simulationMonitor] - Point Finished {"hostname": "dtvt_13", "processid": 12438, "history": "ExplorerRun.0", "testname": "my_lib_pmos_tb_1", "cornername": "Nominal", "point": 3, "logfile": "/home/dtvt_13/truong/logs_dtvt_13/logs0/Job17.log"}
[2026-04-11 10:10:45.951 +0700] [PROCESS] [cadence.virtuoso.ade.simulationMonitor] - HostInfo:
Host name (type):	dtvt_13 (x86_64)
Operating system:	Linux 3.10.0-1160.118.1.el7.x86_64 #1 SMP Wed Apr 24 16:01:50 UTC 2024 {"hostname": "dtvt_13", "processid": 12438, "history": "ExplorerRun.0", "testname": "my_lib_pmos_tb_1", "cornername": "Nominal", "point": 3, "logfile": "/home/dtvt_13/truong/logs_dtvt_13/logs0/Job17.log", "nodename": "dtvt_13", "domainname": "(none)", "machine": "x86_64", "sysname": "Linux", "release": "3.10.0-1160.118.1.el7.x86_64", "version": "#1 SMP Wed Apr 24 16:01:50 UTC 2024"}
[2026-04-11 10:10:45.952 +0700] [PROCESS] [cadence.virtuoso.ade.simulationMonitor] - UsageInfo:
pid=12438
totalPhysicalMemory=15.208324GB,Used=14.826752GB,totalVirtualMemory=22.895821GB,Used=14.867523GB
Cpu: Cores=24, Load average:0.210000,0.250000,0.230000 {"hostname": "dtvt_13", "processid": 12438, "history": "ExplorerRun.0", "testname": "my_lib_pmos_tb_1", "cornername": "Nominal", "point": 3, "logfile": "/home/dtvt_13/truong/logs_dtvt_13/logs0/Job17.log", "pid": "12438", "totalPhysicalMemory": "15.208324", "physicalMemoryUsed": "14.826752", "totalVirtualMemory": "22.895821", "virtualMemoryUsed": "14.867523", "cpuCores": "24", "processes": "2631", "loadAverage1": "0.210000", "loadAverage5": "0.250000", "loadAverage15": "0.230000", "loadAverage1Percent": "0.008750"}
[2026-04-11 10:10:45.952 +0700] [EVENT] [cadence.virtuoso.ade.simulationMonitor] - NewPoint {"history": "ExplorerRun.0", "point": 4, "testname": "my_lib_pmos_tb_1", "cornername": "Nominal", "event": "NewPoint", "EventSource": "Simulation Monitor", "HistoryName": "ExplorerRun.0", "logFile": "/home/dtvt_13/truong/logs_dtvt_13/logs0/Job17.log", "logFileSize": "29305"}
[2026-04-11 10:10:46.053 +0700] [EVENT] [cadence.virtuoso.ade.simulationMonitor] - NewPoint {"history": "ExplorerRun.0", "point": 4, "testname": "my_lib_pmos_tb_1", "cornername": "Nominal", "event": "NewPoint", "EventSource": "spectre", "HistoryName": "ExplorerRun.0", "logFile": "/home/dtvt_13/simulation/my_lib/pmos_tb/maestro/results/maestro/ExplorerRun.0/4/my_lib_pmos_tb_1/psf/spectre.out", "logFileSize": "-1"}
[2026-04-11 10:10:46.062 +0700] [PROCESS] [cadence.virtuoso.ade.simulationMonitor] - Simulator launched {"hostname": "dtvt_13", "processid": 12438, "history": "ExplorerRun.0", "testname": "my_lib_pmos_tb_1", "cornername": "Nominal", "point": 4, "logfile": "/home/dtvt_13/truong/logs_dtvt_13/logs0/Job17.log", "simid": "4"}
[2026-04-11 10:10:46.063 +0700] [PROCESS] [cadence.virtuoso.ade.simulationMonitor] - Started Simulation {"hostname": "dtvt_13", "processid": 12438, "history": "ExplorerRun.0", "testname": "my_lib_pmos_tb_1", "cornername": "Nominal", "point": 4, "logfile": "/home/dtvt_13/truong/logs_dtvt_13/logs0/Job17.log"}
[2026-04-11 10:11:07.428 +0700] [PROCESS] [cadence.virtuoso.ade.simulationMonitor] - Finished simulating for one point {"hostname": "dtvt_13", "processid": 12438, "history": "ExplorerRun.0", "testname": "my_lib_pmos_tb_1", "cornername": "Nominal", "point": 4, "logfile": "/home/dtvt_13/truong/logs_dtvt_13/logs0/Job17.log", "simid": "4"}
[2026-04-11 10:11:07.428 +0700] [INFO] [cadence.virtuoso.ade.simulationMonitor] - Peak resident memory used = 96 Mbytes. {"history": "ExplorerRun.0", "point": 4, "testname": "my_lib_pmos_tb_1", "cornername": "Nominal"}
[2026-04-11 10:11:07.428 +0700] [INFO] [cadence.virtuoso.ade.simulationMonitor] - Peak resident memory used = 105 Mbytes. {"history": "ExplorerRun.0", "point": 4, "testname": "my_lib_pmos_tb_1", "cornername": "Nominal"}
[2026-04-11 10:11:07.428 +0700] [INFO] [cadence.virtuoso.ade.simulationMonitor] - Notice from spectre during hierarchy flattening.
    The value 'psf' specified for the 'checklimitdest' option will no longer be supported in future releases. Use 'spectre -h' to see other recommended values for the 'checklimitdest' option. {"history": "ExplorerRun.0", "point": 4, "testname": "my_lib_pmos_tb_1", "cornername": "Nominal"}
[2026-04-11 10:11:07.429 +0700] [INFO] [cadence.virtuoso.ade.simulationMonitor] - Peak resident memory used = 106 Mbytes. {"history": "ExplorerRun.0", "point": 4, "testname": "my_lib_pmos_tb_1", "cornername": "Nominal"}
[2026-04-11 10:11:07.429 +0700] [INFO] [cadence.virtuoso.ade.simulationMonitor] - Notice from spectre during initial setup.
    Multithreading is disabled due to the size of the design being too small. {"history": "ExplorerRun.0", "point": 4, "testname": "my_lib_pmos_tb_1", "cornername": "Nominal"}
[2026-04-11 10:11:07.429 +0700] [INFO] [cadence.virtuoso.ade.simulationMonitor] -               nodes 8 {"history": "ExplorerRun.0", "point": 4, "testname": "my_lib_pmos_tb_1", "cornername": "Nominal"}
[2026-04-11 10:11:07.430 +0700] [INFO] [cadence.virtuoso.ade.simulationMonitor] - Notice from spectre during initial setup.
    APS enabled. {"history": "ExplorerRun.0", "point": 4, "testname": "my_lib_pmos_tb_1", "cornername": "Nominal"}
[2026-04-11 10:11:07.430 +0700] [INFO] [cadence.virtuoso.ade.simulationMonitor] - Peak resident memory used = 107 Mbytes. {"history": "ExplorerRun.0", "point": 4, "testname": "my_lib_pmos_tb_1", "cornername": "Nominal"}
[2026-04-11 10:11:07.430 +0700] [INFO] [cadence.virtuoso.ade.simulationMonitor] -    -   (APS) Multi-threading. The recommended number of threads is 1, consider adding +mt=1 on command line. {"history": "ExplorerRun.0", "point": 4, "testname": "my_lib_pmos_tb_1", "cornername": "Nominal"}
[2026-04-11 10:11:07.430 +0700] [INFO] [cadence.virtuoso.ade.simulationMonitor] - Total time required for dc analysis `dcOp': CPU = 1.665 ms, elapsed = 2.65503 ms. {"history": "ExplorerRun.0", "point": 4, "testname": "my_lib_pmos_tb_1", "cornername": "Nominal"}
[2026-04-11 10:11:07.430 +0700] [INFO] [cadence.virtuoso.ade.simulationMonitor] - Peak resident memory used = 109 Mbytes. {"history": "ExplorerRun.0", "point": 4, "testname": "my_lib_pmos_tb_1", "cornername": "Nominal"}
[2026-04-11 10:11:07.430 +0700] [INFO] [cadence.virtuoso.ade.simulationMonitor] - Notice from spectre at vg = 740e-03 during DC analysis `dc'.
    The value of parameter 'vg' has been reset to the original value 0.74. {"history": "ExplorerRun.0", "point": 4, "testname": "my_lib_pmos_tb_1", "cornername": "Nominal"}
[2026-04-11 10:11:07.431 +0700] [INFO] [cadence.virtuoso.ade.simulationMonitor] - Total time required for dc analysis `dc': CPU = 5.837 ms, elapsed = 6.91795 ms. {"history": "ExplorerRun.0", "point": 4, "testname": "my_lib_pmos_tb_1", "cornername": "Nominal"}
[2026-04-11 10:11:07.431 +0700] [INFO] [cadence.virtuoso.ade.simulationMonitor] - Peak resident memory used = 110 Mbytes. {"history": "ExplorerRun.0", "point": 4, "testname": "my_lib_pmos_tb_1", "cornername": "Nominal"}
[2026-04-11 10:11:07.431 +0700] [INFO] [cadence.virtuoso.ade.simulationMonitor] - Time used: CPU = 527 ms, elapsed = 20.9 s, util. = 2.52%. {"history": "ExplorerRun.0", "point": 4, "testname": "my_lib_pmos_tb_1", "cornername": "Nominal"}
[2026-04-11 10:11:07.431 +0700] [INFO] [cadence.virtuoso.ade.simulationMonitor] - Time spent in licensing: elapsed = 20.4 s, percentage of total = 97.4%. {"history": "ExplorerRun.0", "point": 4, "testname": "my_lib_pmos_tb_1", "cornername": "Nominal"}
[2026-04-11 10:11:07.431 +0700] [INFO] [cadence.virtuoso.ade.simulationMonitor] - Peak memory used = 111 Mbytes. {"history": "ExplorerRun.0", "point": 4, "testname": "my_lib_pmos_tb_1", "cornername": "Nominal"}
[2026-04-11 10:11:07.431 +0700] [PROCESS] [cadence.virtuoso.ade.simulationMonitor] - Simulation started at: 10:10:46 AM, Sat Apr 11, 2026, ended at: 10:11:07 AM, Sat Apr 11, 2026, with elapsed time (wall clock): 20.9 s. {"history": "ExplorerRun.0", "point": 4, "testname": "my_lib_pmos_tb_1", "cornername": "Nominal"}
[2026-04-11 10:11:07.431 +0700] [PROCESS] [cadence.virtuoso.ade.simulationMonitor] - spectre completes with 0 errors, 0 warnings, and 5 notices. {"history": "ExplorerRun.0", "point": 4, "testname": "my_lib_pmos_tb_1", "cornername": "Nominal"}
[2026-04-11 10:11:07.432 +0700] [PROCESS] [cadence.virtuoso.ade.simulationMonitor] - Simulator exited {"hostname": "dtvt_13", "processid": 12438, "history": "ExplorerRun.0", "testname": "my_lib_pmos_tb_1", "cornername": "Nominal", "point": 4, "logfile": "/home/dtvt_13/truong/logs_dtvt_13/logs0/Job17.log", "exitStatus": "0"}
[2026-04-11 10:11:07.432 +0700] [PROCESS] [cadence.virtuoso.ade.simulationMonitor] - Finished Simulation {"hostname": "dtvt_13", "processid": 12438, "history": "ExplorerRun.0", "testname": "my_lib_pmos_tb_1", "cornername": "Nominal", "point": 4, "logfile": "/home/dtvt_13/truong/logs_dtvt_13/logs0/Job17.log", "simid": "4"}
[2026-04-11 10:11:08.445 +0700] [PROCESS] [cadence.virtuoso.ade.simulationMonitor] - Point Finished {"hostname": "dtvt_13", "processid": 12438, "history": "ExplorerRun.0", "testname": "my_lib_pmos_tb_1", "cornername": "Nominal", "point": 4, "logfile": "/home/dtvt_13/truong/logs_dtvt_13/logs0/Job17.log"}
[2026-04-11 10:11:08.452 +0700] [PROCESS] [cadence.virtuoso.ade.simulationMonitor] - HostInfo:
Host name (type):	dtvt_13 (x86_64)
Operating system:	Linux 3.10.0-1160.118.1.el7.x86_64 #1 SMP Wed Apr 24 16:01:50 UTC 2024 {"hostname": "dtvt_13", "processid": 12438, "history": "ExplorerRun.0", "testname": "my_lib_pmos_tb_1", "cornername": "Nominal", "point": 4, "logfile": "/home/dtvt_13/truong/logs_dtvt_13/logs0/Job17.log", "nodename": "dtvt_13", "domainname": "(none)", "machine": "x86_64", "sysname": "Linux", "release": "3.10.0-1160.118.1.el7.x86_64", "version": "#1 SMP Wed Apr 24 16:01:50 UTC 2024"}
[2026-04-11 10:11:08.453 +0700] [PROCESS] [cadence.virtuoso.ade.simulationMonitor] - UsageInfo:
pid=12438
totalPhysicalMemory=15.208324GB,Used=14.829174GB,totalVirtualMemory=22.895821GB,Used=14.869946GB
Cpu: Cores=24, Load average:0.220000,0.250000,0.230000 {"hostname": "dtvt_13", "processid": 12438, "history": "ExplorerRun.0", "testname": "my_lib_pmos_tb_1", "cornername": "Nominal", "point": 4, "logfile": "/home/dtvt_13/truong/logs_dtvt_13/logs0/Job17.log", "pid": "12438", "totalPhysicalMemory": "15.208324", "physicalMemoryUsed": "14.829174", "totalVirtualMemory": "22.895821", "virtualMemoryUsed": "14.869946", "cpuCores": "24", "processes": "2643", "loadAverage1": "0.220000", "loadAverage5": "0.250000", "loadAverage15": "0.230000", "loadAverage1Percent": "0.009167"}
[2026-04-11 10:11:08.453 +0700] [EVENT] [cadence.virtuoso.ade.simulationMonitor] - NewPoint {"history": "ExplorerRun.0", "point": 5, "testname": "my_lib_pmos_tb_1", "cornername": "Nominal", "event": "NewPoint", "EventSource": "Simulation Monitor", "HistoryName": "ExplorerRun.0", "logFile": "/home/dtvt_13/truong/logs_dtvt_13/logs0/Job17.log", "logFileSize": "38268"}
[2026-04-11 10:11:08.554 +0700] [EVENT] [cadence.virtuoso.ade.simulationMonitor] - NewPoint {"history": "ExplorerRun.0", "point": 5, "testname": "my_lib_pmos_tb_1", "cornername": "Nominal", "event": "NewPoint", "EventSource": "spectre", "HistoryName": "ExplorerRun.0", "logFile": "/home/dtvt_13/simulation/my_lib/pmos_tb/maestro/results/maestro/ExplorerRun.0/5/my_lib_pmos_tb_1/psf/spectre.out", "logFileSize": "-1"}
[2026-04-11 10:11:08.559 +0700] [PROCESS] [cadence.virtuoso.ade.simulationMonitor] - Simulator launched {"hostname": "dtvt_13", "processid": 12438, "history": "ExplorerRun.0", "testname": "my_lib_pmos_tb_1", "cornername": "Nominal", "point": 5, "logfile": "/home/dtvt_13/truong/logs_dtvt_13/logs0/Job17.log", "simid": "5"}
[2026-04-11 10:11:08.560 +0700] [PROCESS] [cadence.virtuoso.ade.simulationMonitor] - Started Simulation {"hostname": "dtvt_13", "processid": 12438, "history": "ExplorerRun.0", "testname": "my_lib_pmos_tb_1", "cornername": "Nominal", "point": 5, "logfile": "/home/dtvt_13/truong/logs_dtvt_13/logs0/Job17.log"}
[2026-04-11 10:11:29.970 +0700] [PROCESS] [cadence.virtuoso.ade.simulationMonitor] - Finished simulating for one point {"hostname": "dtvt_13", "processid": 12438, "history": "ExplorerRun.0", "testname": "my_lib_pmos_tb_1", "cornername": "Nominal", "point": 5, "logfile": "/home/dtvt_13/truong/logs_dtvt_13/logs0/Job17.log", "simid": "5"}
[2026-04-11 10:11:29.971 +0700] [INFO] [cadence.virtuoso.ade.simulationMonitor] - Peak resident memory used = 96 Mbytes. {"history": "ExplorerRun.0", "point": 5, "testname": "my_lib_pmos_tb_1", "cornername": "Nominal"}
[2026-04-11 10:11:29.971 +0700] [INFO] [cadence.virtuoso.ade.simulationMonitor] - Peak resident memory used = 105 Mbytes. {"history": "ExplorerRun.0", "point": 5, "testname": "my_lib_pmos_tb_1", "cornername": "Nominal"}
[2026-04-11 10:11:29.972 +0700] [INFO] [cadence.virtuoso.ade.simulationMonitor] - Notice from spectre during hierarchy flattening.
    The value 'psf' specified for the 'checklimitdest' option will no longer be supported in future releases. Use 'spectre -h' to see other recommended values for the 'checklimitdest' option. {"history": "ExplorerRun.0", "point": 5, "testname": "my_lib_pmos_tb_1", "cornername": "Nominal"}
[2026-04-11 10:11:29.972 +0700] [INFO] [cadence.virtuoso.ade.simulationMonitor] - Peak resident memory used = 106 Mbytes. {"history": "ExplorerRun.0", "point": 5, "testname": "my_lib_pmos_tb_1", "cornername": "Nominal"}
[2026-04-11 10:11:29.973 +0700] [INFO] [cadence.virtuoso.ade.simulationMonitor] - Notice from spectre during initial setup.
    Multithreading is disabled due to the size of the design being too small. {"history": "ExplorerRun.0", "point": 5, "testname": "my_lib_pmos_tb_1", "cornername": "Nominal"}
[2026-04-11 10:11:29.973 +0700] [INFO] [cadence.virtuoso.ade.simulationMonitor] -               nodes 8 {"history": "ExplorerRun.0", "point": 5, "testname": "my_lib_pmos_tb_1", "cornername": "Nominal"}
[2026-04-11 10:11:29.973 +0700] [INFO] [cadence.virtuoso.ade.simulationMonitor] - Notice from spectre during initial setup.
    APS enabled. {"history": "ExplorerRun.0", "point": 5, "testname": "my_lib_pmos_tb_1", "cornername": "Nominal"}
[2026-04-11 10:11:29.974 +0700] [INFO] [cadence.virtuoso.ade.simulationMonitor] - Peak resident memory used = 107 Mbytes. {"history": "ExplorerRun.0", "point": 5, "testname": "my_lib_pmos_tb_1", "cornername": "Nominal"}
[2026-04-11 10:11:29.974 +0700] [INFO] [cadence.virtuoso.ade.simulationMonitor] -    -   (APS) Multi-threading. The recommended number of threads is 1, consider adding +mt=1 on command line. {"history": "ExplorerRun.0", "point": 5, "testname": "my_lib_pmos_tb_1", "cornername": "Nominal"}
[2026-04-11 10:11:29.974 +0700] [INFO] [cadence.virtuoso.ade.simulationMonitor] - Total time required for dc analysis `dcOp': CPU = 1.657 ms, elapsed = 2.64883 ms. {"history": "ExplorerRun.0", "point": 5, "testname": "my_lib_pmos_tb_1", "cornername": "Nominal"}
[2026-04-11 10:11:29.974 +0700] [INFO] [cadence.virtuoso.ade.simulationMonitor] - Peak resident memory used = 109 Mbytes. {"history": "ExplorerRun.0", "point": 5, "testname": "my_lib_pmos_tb_1", "cornername": "Nominal"}
[2026-04-11 10:11:29.974 +0700] [INFO] [cadence.virtuoso.ade.simulationMonitor] - Notice from spectre at vg = 740e-03 during DC analysis `dc'.
    The value of parameter 'vg' has been reset to the original value 0.74. {"history": "ExplorerRun.0", "point": 5, "testname": "my_lib_pmos_tb_1", "cornername": "Nominal"}
[2026-04-11 10:11:29.974 +0700] [INFO] [cadence.virtuoso.ade.simulationMonitor] - Total time required for dc analysis `dc': CPU = 10.493 ms, elapsed = 11.5309 ms. {"history": "ExplorerRun.0", "point": 5, "testname": "my_lib_pmos_tb_1", "cornername": "Nominal"}
[2026-04-11 10:11:29.974 +0700] [INFO] [cadence.virtuoso.ade.simulationMonitor] - Peak resident memory used = 110 Mbytes. {"history": "ExplorerRun.0", "point": 5, "testname": "my_lib_pmos_tb_1", "cornername": "Nominal"}
[2026-04-11 10:11:29.975 +0700] [INFO] [cadence.virtuoso.ade.simulationMonitor] - Time used: CPU = 536 ms, elapsed = 20.8 s, util. = 2.58%. {"history": "ExplorerRun.0", "point": 5, "testname": "my_lib_pmos_tb_1", "cornername": "Nominal"}
[2026-04-11 10:11:29.975 +0700] [INFO] [cadence.virtuoso.ade.simulationMonitor] - Time spent in licensing: elapsed = 20.3 s, percentage of total = 97.6%. {"history": "ExplorerRun.0", "point": 5, "testname": "my_lib_pmos_tb_1", "cornername": "Nominal"}
[2026-04-11 10:11:29.975 +0700] [INFO] [cadence.virtuoso.ade.simulationMonitor] - Peak memory used = 111 Mbytes. {"history": "ExplorerRun.0", "point": 5, "testname": "my_lib_pmos_tb_1", "cornername": "Nominal"}
[2026-04-11 10:11:29.975 +0700] [PROCESS] [cadence.virtuoso.ade.simulationMonitor] - Simulation started at: 10:11:08 AM, Sat Apr 11, 2026, ended at: 10:11:29 AM, Sat Apr 11, 2026, with elapsed time (wall clock): 20.8 s. {"history": "ExplorerRun.0", "point": 5, "testname": "my_lib_pmos_tb_1", "cornername": "Nominal"}
[2026-04-11 10:11:29.975 +0700] [PROCESS] [cadence.virtuoso.ade.simulationMonitor] - spectre completes with 0 errors, 0 warnings, and 5 notices. {"history": "ExplorerRun.0", "point": 5, "testname": "my_lib_pmos_tb_1", "cornername": "Nominal"}
[2026-04-11 10:11:29.975 +0700] [PROCESS] [cadence.virtuoso.ade.simulationMonitor] - Simulator exited {"hostname": "dtvt_13", "processid": 12438, "history": "ExplorerRun.0", "testname": "my_lib_pmos_tb_1", "cornername": "Nominal", "point": 5, "logfile": "/home/dtvt_13/truong/logs_dtvt_13/logs0/Job17.log", "exitStatus": "0"}
[2026-04-11 10:11:29.976 +0700] [PROCESS] [cadence.virtuoso.ade.simulationMonitor] - Finished Simulation {"hostname": "dtvt_13", "processid": 12438, "history": "ExplorerRun.0", "testname": "my_lib_pmos_tb_1", "cornername": "Nominal", "point": 5, "logfile": "/home/dtvt_13/truong/logs_dtvt_13/logs0/Job17.log", "simid": "5"}
[2026-04-11 10:11:30.489 +0700] [PROCESS] [cadence.virtuoso.ade.simulationMonitor] - Point Finished {"hostname": "dtvt_13", "processid": 12438, "history": "ExplorerRun.0", "testname": "my_lib_pmos_tb_1", "cornername": "Nominal", "point": 5, "logfile": "/home/dtvt_13/truong/logs_dtvt_13/logs0/Job17.log"}
[2026-04-11 10:11:30.491 +0700] [PROCESS] [cadence.virtuoso.ade.simulationMonitor] - HostInfo:
Host name (type):	dtvt_13 (x86_64)
Operating system:	Linux 3.10.0-1160.118.1.el7.x86_64 #1 SMP Wed Apr 24 16:01:50 UTC 2024 {"hostname": "dtvt_13", "processid": 12438, "history": "ExplorerRun.0", "testname": "my_lib_pmos_tb_1", "cornername": "Nominal", "point": 5, "logfile": "/home/dtvt_13/truong/logs_dtvt_13/logs0/Job17.log", "nodename": "dtvt_13", "domainname": "(none)", "machine": "x86_64", "sysname": "Linux", "release": "3.10.0-1160.118.1.el7.x86_64", "version": "#1 SMP Wed Apr 24 16:01:50 UTC 2024"}
[2026-04-11 10:11:30.491 +0700] [PROCESS] [cadence.virtuoso.ade.simulationMonitor] - UsageInfo:
pid=12438
totalPhysicalMemory=15.208324GB,Used=14.833664GB,totalVirtualMemory=22.895821GB,Used=14.874435GB
Cpu: Cores=24, Load average:0.280000,0.270000,0.230000 {"hostname": "dtvt_13", "processid": 12438, "history": "ExplorerRun.0", "testname": "my_lib_pmos_tb_1", "cornername": "Nominal", "point": 5, "logfile": "/home/dtvt_13/truong/logs_dtvt_13/logs0/Job17.log", "pid": "12438", "totalPhysicalMemory": "15.208324", "physicalMemoryUsed": "14.833664", "totalVirtualMemory": "22.895821", "virtualMemoryUsed": "14.874435", "cpuCores": "24", "processes": "2648", "loadAverage1": "0.280000", "loadAverage5": "0.270000", "loadAverage15": "0.230000", "loadAverage1Percent": "0.011667"}
[2026-04-11 10:11:30.491 +0700] [EVENT] [cadence.virtuoso.ade.simulationMonitor] - NewPoint {"history": "ExplorerRun.0", "point": 6, "testname": "my_lib_pmos_tb_1", "cornername": "Nominal", "event": "NewPoint", "EventSource": "Simulation Monitor", "HistoryName": "ExplorerRun.0", "logFile": "/home/dtvt_13/truong/logs_dtvt_13/logs0/Job17.log", "logFileSize": "47232"}
[2026-04-11 10:11:30.595 +0700] [EVENT] [cadence.virtuoso.ade.simulationMonitor] - NewPoint {"history": "ExplorerRun.0", "point": 6, "testname": "my_lib_pmos_tb_1", "cornername": "Nominal", "event": "NewPoint", "EventSource": "spectre", "HistoryName": "ExplorerRun.0", "logFile": "/home/dtvt_13/simulation/my_lib/pmos_tb/maestro/results/maestro/ExplorerRun.0/6/my_lib_pmos_tb_1/psf/spectre.out", "logFileSize": "-1"}
[2026-04-11 10:11:30.605 +0700] [PROCESS] [cadence.virtuoso.ade.simulationMonitor] - Simulator launched {"hostname": "dtvt_13", "processid": 12438, "history": "ExplorerRun.0", "testname": "my_lib_pmos_tb_1", "cornername": "Nominal", "point": 6, "logfile": "/home/dtvt_13/truong/logs_dtvt_13/logs0/Job17.log", "simid": "6"}
[2026-04-11 10:11:30.605 +0700] [PROCESS] [cadence.virtuoso.ade.simulationMonitor] - Started Simulation {"hostname": "dtvt_13", "processid": 12438, "history": "ExplorerRun.0", "testname": "my_lib_pmos_tb_1", "cornername": "Nominal", "point": 6, "logfile": "/home/dtvt_13/truong/logs_dtvt_13/logs0/Job17.log"}
[2026-04-11 10:11:51.992 +0700] [PROCESS] [cadence.virtuoso.ade.simulationMonitor] - Finished simulating for one point {"hostname": "dtvt_13", "processid": 12438, "history": "ExplorerRun.0", "testname": "my_lib_pmos_tb_1", "cornername": "Nominal", "point": 6, "logfile": "/home/dtvt_13/truong/logs_dtvt_13/logs0/Job17.log", "simid": "6"}
[2026-04-11 10:11:51.993 +0700] [INFO] [cadence.virtuoso.ade.simulationMonitor] - Peak resident memory used = 96 Mbytes. {"history": "ExplorerRun.0", "point": 6, "testname": "my_lib_pmos_tb_1", "cornername": "Nominal"}
[2026-04-11 10:11:51.993 +0700] [INFO] [cadence.virtuoso.ade.simulationMonitor] - Peak resident memory used = 105 Mbytes. {"history": "ExplorerRun.0", "point": 6, "testname": "my_lib_pmos_tb_1", "cornername": "Nominal"}
[2026-04-11 10:11:51.994 +0700] [INFO] [cadence.virtuoso.ade.simulationMonitor] - Notice from spectre during hierarchy flattening.
    The value 'psf' specified for the 'checklimitdest' option will no longer be supported in future releases. Use 'spectre -h' to see other recommended values for the 'checklimitdest' option. {"history": "ExplorerRun.0", "point": 6, "testname": "my_lib_pmos_tb_1", "cornername": "Nominal"}
[2026-04-11 10:11:51.994 +0700] [INFO] [cadence.virtuoso.ade.simulationMonitor] - Peak resident memory used = 106 Mbytes. {"history": "ExplorerRun.0", "point": 6, "testname": "my_lib_pmos_tb_1", "cornername": "Nominal"}
[2026-04-11 10:11:51.994 +0700] [INFO] [cadence.virtuoso.ade.simulationMonitor] - Notice from spectre during initial setup.
    Multithreading is disabled due to the size of the design being too small. {"history": "ExplorerRun.0", "point": 6, "testname": "my_lib_pmos_tb_1", "cornername": "Nominal"}
[2026-04-11 10:11:51.995 +0700] [INFO] [cadence.virtuoso.ade.simulationMonitor] -               nodes 8 {"history": "ExplorerRun.0", "point": 6, "testname": "my_lib_pmos_tb_1", "cornername": "Nominal"}
[2026-04-11 10:11:51.995 +0700] [INFO] [cadence.virtuoso.ade.simulationMonitor] - Notice from spectre during initial setup.
    APS enabled. {"history": "ExplorerRun.0", "point": 6, "testname": "my_lib_pmos_tb_1", "cornername": "Nominal"}
[2026-04-11 10:11:51.995 +0700] [INFO] [cadence.virtuoso.ade.simulationMonitor] - Peak resident memory used = 107 Mbytes. {"history": "ExplorerRun.0", "point": 6, "testname": "my_lib_pmos_tb_1", "cornername": "Nominal"}
[2026-04-11 10:11:51.996 +0700] [INFO] [cadence.virtuoso.ade.simulationMonitor] -    -   (APS) Multi-threading. The recommended number of threads is 1, consider adding +mt=1 on command line. {"history": "ExplorerRun.0", "point": 6, "testname": "my_lib_pmos_tb_1", "cornername": "Nominal"}
[2026-04-11 10:11:51.996 +0700] [INFO] [cadence.virtuoso.ade.simulationMonitor] - Total time required for dc analysis `dcOp': CPU = 1.695 ms, elapsed = 2.7349 ms. {"history": "ExplorerRun.0", "point": 6, "testname": "my_lib_pmos_tb_1", "cornername": "Nominal"}
[2026-04-11 10:11:51.996 +0700] [INFO] [cadence.virtuoso.ade.simulationMonitor] - Peak resident memory used = 109 Mbytes. {"history": "ExplorerRun.0", "point": 6, "testname": "my_lib_pmos_tb_1", "cornername": "Nominal"}
[2026-04-11 10:11:51.996 +0700] [INFO] [cadence.virtuoso.ade.simulationMonitor] - Notice from spectre at vg = 740e-03 during DC analysis `dc'.
    The value of parameter 'vg' has been reset to the original value 0.74. {"history": "ExplorerRun.0", "point": 6, "testname": "my_lib_pmos_tb_1", "cornername": "Nominal"}
[2026-04-11 10:11:51.997 +0700] [INFO] [cadence.virtuoso.ade.simulationMonitor] - Total time required for dc analysis `dc': CPU = 6.512 ms, elapsed = 7.50208 ms. {"history": "ExplorerRun.0", "point": 6, "testname": "my_lib_pmos_tb_1", "cornername": "Nominal"}
[2026-04-11 10:11:51.997 +0700] [INFO] [cadence.virtuoso.ade.simulationMonitor] - Peak resident memory used = 110 Mbytes. {"history": "ExplorerRun.0", "point": 6, "testname": "my_lib_pmos_tb_1", "cornername": "Nominal"}
[2026-04-11 10:11:51.997 +0700] [INFO] [cadence.virtuoso.ade.simulationMonitor] - Time used: CPU = 539 ms, elapsed = 20.8 s, util. = 2.59%. {"history": "ExplorerRun.0", "point": 6, "testname": "my_lib_pmos_tb_1", "cornername": "Nominal"}
[2026-04-11 10:11:51.997 +0700] [INFO] [cadence.virtuoso.ade.simulationMonitor] - Time spent in licensing: elapsed = 20.3 s, percentage of total = 97.6%. {"history": "ExplorerRun.0", "point": 6, "testname": "my_lib_pmos_tb_1", "cornername": "Nominal"}
[2026-04-11 10:11:51.997 +0700] [INFO] [cadence.virtuoso.ade.simulationMonitor] - Peak memory used = 111 Mbytes. {"history": "ExplorerRun.0", "point": 6, "testname": "my_lib_pmos_tb_1", "cornername": "Nominal"}
[2026-04-11 10:11:51.998 +0700] [PROCESS] [cadence.virtuoso.ade.simulationMonitor] - Simulation started at: 10:11:30 AM, Sat Apr 11, 2026, ended at: 10:11:51 AM, Sat Apr 11, 2026, with elapsed time (wall clock): 20.8 s. {"history": "ExplorerRun.0", "point": 6, "testname": "my_lib_pmos_tb_1", "cornername": "Nominal"}
[2026-04-11 10:11:51.998 +0700] [PROCESS] [cadence.virtuoso.ade.simulationMonitor] - spectre completes with 0 errors, 0 warnings, and 5 notices. {"history": "ExplorerRun.0", "point": 6, "testname": "my_lib_pmos_tb_1", "cornername": "Nominal"}
[2026-04-11 10:11:51.998 +0700] [PROCESS] [cadence.virtuoso.ade.simulationMonitor] - Simulator exited {"hostname": "dtvt_13", "processid": 12438, "history": "ExplorerRun.0", "testname": "my_lib_pmos_tb_1", "cornername": "Nominal", "point": 6, "logfile": "/home/dtvt_13/truong/logs_dtvt_13/logs0/Job17.log", "exitStatus": "0"}
[2026-04-11 10:11:51.998 +0700] [PROCESS] [cadence.virtuoso.ade.simulationMonitor] - Finished Simulation {"hostname": "dtvt_13", "processid": 12438, "history": "ExplorerRun.0", "testname": "my_lib_pmos_tb_1", "cornername": "Nominal", "point": 6, "logfile": "/home/dtvt_13/truong/logs_dtvt_13/logs0/Job17.log", "simid": "6"}
[2026-04-11 10:11:53.012 +0700] [PROCESS] [cadence.virtuoso.ade.simulationMonitor] - Point Finished {"hostname": "dtvt_13", "processid": 12438, "history": "ExplorerRun.0", "testname": "my_lib_pmos_tb_1", "cornername": "Nominal", "point": 6, "logfile": "/home/dtvt_13/truong/logs_dtvt_13/logs0/Job17.log"}
[2026-04-11 10:11:53.018 +0700] [PROCESS] [cadence.virtuoso.ade.simulationMonitor] - HostInfo:
Host name (type):	dtvt_13 (x86_64)
Operating system:	Linux 3.10.0-1160.118.1.el7.x86_64 #1 SMP Wed Apr 24 16:01:50 UTC 2024 {"hostname": "dtvt_13", "processid": 12438, "history": "ExplorerRun.0", "testname": "my_lib_pmos_tb_1", "cornername": "Nominal", "point": 6, "logfile": "/home/dtvt_13/truong/logs_dtvt_13/logs0/Job17.log", "nodename": "dtvt_13", "domainname": "(none)", "machine": "x86_64", "sysname": "Linux", "release": "3.10.0-1160.118.1.el7.x86_64", "version": "#1 SMP Wed Apr 24 16:01:50 UTC 2024"}
[2026-04-11 10:11:53.018 +0700] [PROCESS] [cadence.virtuoso.ade.simulationMonitor] - UsageInfo:
pid=12438
totalPhysicalMemory=15.208324GB,Used=14.836761GB,totalVirtualMemory=22.895821GB,Used=14.877533GB
Cpu: Cores=24, Load average:0.260000,0.260000,0.230000 {"hostname": "dtvt_13", "processid": 12438, "history": "ExplorerRun.0", "testname": "my_lib_pmos_tb_1", "cornername": "Nominal", "point": 6, "logfile": "/home/dtvt_13/truong/logs_dtvt_13/logs0/Job17.log", "pid": "12438", "totalPhysicalMemory": "15.208324", "physicalMemoryUsed": "14.836761", "totalVirtualMemory": "22.895821", "virtualMemoryUsed": "14.877533", "cpuCores": "24", "processes": "2643", "loadAverage1": "0.260000", "loadAverage5": "0.260000", "loadAverage15": "0.230000", "loadAverage1Percent": "0.010833"}
[2026-04-11 10:11:53.019 +0700] [EVENT] [cadence.virtuoso.ade.simulationMonitor] - NewPoint {"history": "ExplorerRun.0", "point": 7, "testname": "my_lib_pmos_tb_1", "cornername": "Nominal", "event": "NewPoint", "EventSource": "Simulation Monitor", "HistoryName": "ExplorerRun.0", "logFile": "/home/dtvt_13/truong/logs_dtvt_13/logs0/Job17.log", "logFileSize": "56194"}
[2026-04-11 10:11:53.122 +0700] [EVENT] [cadence.virtuoso.ade.simulationMonitor] - NewPoint {"history": "ExplorerRun.0", "point": 7, "testname": "my_lib_pmos_tb_1", "cornername": "Nominal", "event": "NewPoint", "EventSource": "spectre", "HistoryName": "ExplorerRun.0", "logFile": "/home/dtvt_13/simulation/my_lib/pmos_tb/maestro/results/maestro/ExplorerRun.0/7/my_lib_pmos_tb_1/psf/spectre.out", "logFileSize": "-1"}
[2026-04-11 10:11:53.131 +0700] [PROCESS] [cadence.virtuoso.ade.simulationMonitor] - Simulator launched {"hostname": "dtvt_13", "processid": 12438, "history": "ExplorerRun.0", "testname": "my_lib_pmos_tb_1", "cornername": "Nominal", "point": 7, "logfile": "/home/dtvt_13/truong/logs_dtvt_13/logs0/Job17.log", "simid": "7"}
[2026-04-11 10:11:53.132 +0700] [PROCESS] [cadence.virtuoso.ade.simulationMonitor] - Started Simulation {"hostname": "dtvt_13", "processid": 12438, "history": "ExplorerRun.0", "testname": "my_lib_pmos_tb_1", "cornername": "Nominal", "point": 7, "logfile": "/home/dtvt_13/truong/logs_dtvt_13/logs0/Job17.log"}
[2026-04-11 10:12:14.543 +0700] [PROCESS] [cadence.virtuoso.ade.simulationMonitor] - Finished simulating for one point {"hostname": "dtvt_13", "processid": 12438, "history": "ExplorerRun.0", "testname": "my_lib_pmos_tb_1", "cornername": "Nominal", "point": 7, "logfile": "/home/dtvt_13/truong/logs_dtvt_13/logs0/Job17.log", "simid": "7"}
[2026-04-11 10:12:14.544 +0700] [INFO] [cadence.virtuoso.ade.simulationMonitor] - Peak resident memory used = 96 Mbytes. {"history": "ExplorerRun.0", "point": 7, "testname": "my_lib_pmos_tb_1", "cornername": "Nominal"}
[2026-04-11 10:12:14.544 +0700] [INFO] [cadence.virtuoso.ade.simulationMonitor] - Peak resident memory used = 105 Mbytes. {"history": "ExplorerRun.0", "point": 7, "testname": "my_lib_pmos_tb_1", "cornername": "Nominal"}
[2026-04-11 10:12:14.544 +0700] [INFO] [cadence.virtuoso.ade.simulationMonitor] - Notice from spectre during hierarchy flattening.
    The value 'psf' specified for the 'checklimitdest' option will no longer be supported in future releases. Use 'spectre -h' to see other recommended values for the 'checklimitdest' option. {"history": "ExplorerRun.0", "point": 7, "testname": "my_lib_pmos_tb_1", "cornername": "Nominal"}
[2026-04-11 10:12:14.545 +0700] [INFO] [cadence.virtuoso.ade.simulationMonitor] - Peak resident memory used = 106 Mbytes. {"history": "ExplorerRun.0", "point": 7, "testname": "my_lib_pmos_tb_1", "cornername": "Nominal"}
[2026-04-11 10:12:14.545 +0700] [INFO] [cadence.virtuoso.ade.simulationMonitor] - Notice from spectre during initial setup.
    Multithreading is disabled due to the size of the design being too small. {"history": "ExplorerRun.0", "point": 7, "testname": "my_lib_pmos_tb_1", "cornername": "Nominal"}
[2026-04-11 10:12:14.545 +0700] [INFO] [cadence.virtuoso.ade.simulationMonitor] -               nodes 8 {"history": "ExplorerRun.0", "point": 7, "testname": "my_lib_pmos_tb_1", "cornername": "Nominal"}
[2026-04-11 10:12:14.546 +0700] [INFO] [cadence.virtuoso.ade.simulationMonitor] - Notice from spectre during initial setup.
    APS enabled. {"history": "ExplorerRun.0", "point": 7, "testname": "my_lib_pmos_tb_1", "cornername": "Nominal"}
[2026-04-11 10:12:14.546 +0700] [INFO] [cadence.virtuoso.ade.simulationMonitor] - Peak resident memory used = 107 Mbytes. {"history": "ExplorerRun.0", "point": 7, "testname": "my_lib_pmos_tb_1", "cornername": "Nominal"}
[2026-04-11 10:12:14.546 +0700] [INFO] [cadence.virtuoso.ade.simulationMonitor] -    -   (APS) Multi-threading. The recommended number of threads is 1, consider adding +mt=1 on command line. {"history": "ExplorerRun.0", "point": 7, "testname": "my_lib_pmos_tb_1", "cornername": "Nominal"}
[2026-04-11 10:12:14.546 +0700] [INFO] [cadence.virtuoso.ade.simulationMonitor] - Total time required for dc analysis `dcOp': CPU = 1.757 ms, elapsed = 2.6691 ms. {"history": "ExplorerRun.0", "point": 7, "testname": "my_lib_pmos_tb_1", "cornername": "Nominal"}
[2026-04-11 10:12:14.546 +0700] [INFO] [cadence.virtuoso.ade.simulationMonitor] - Peak resident memory used = 109 Mbytes. {"history": "ExplorerRun.0", "point": 7, "testname": "my_lib_pmos_tb_1", "cornername": "Nominal"}
[2026-04-11 10:12:14.546 +0700] [INFO] [cadence.virtuoso.ade.simulationMonitor] - Notice from spectre at vg = 740e-03 during DC analysis `dc'.
    The value of parameter 'vg' has been reset to the original value 0.74. {"history": "ExplorerRun.0", "point": 7, "testname": "my_lib_pmos_tb_1", "cornername": "Nominal"}
[2026-04-11 10:12:14.547 +0700] [INFO] [cadence.virtuoso.ade.simulationMonitor] - Total time required for dc analysis `dc': CPU = 5.662 ms, elapsed = 6.6998 ms. {"history": "ExplorerRun.0", "point": 7, "testname": "my_lib_pmos_tb_1", "cornername": "Nominal"}
[2026-04-11 10:12:14.547 +0700] [INFO] [cadence.virtuoso.ade.simulationMonitor] - Peak resident memory used = 110 Mbytes. {"history": "ExplorerRun.0", "point": 7, "testname": "my_lib_pmos_tb_1", "cornername": "Nominal"}
[2026-04-11 10:12:14.547 +0700] [INFO] [cadence.virtuoso.ade.simulationMonitor] - Time used: CPU = 545 ms, elapsed = 20.9 s, util. = 2.61%. {"history": "ExplorerRun.0", "point": 7, "testname": "my_lib_pmos_tb_1", "cornername": "Nominal"}
[2026-04-11 10:12:14.547 +0700] [INFO] [cadence.virtuoso.ade.simulationMonitor] - Time spent in licensing: elapsed = 20.4 s, percentage of total = 97.5%. {"history": "ExplorerRun.0", "point": 7, "testname": "my_lib_pmos_tb_1", "cornername": "Nominal"}
[2026-04-11 10:12:14.548 +0700] [INFO] [cadence.virtuoso.ade.simulationMonitor] - Peak memory used = 111 Mbytes. {"history": "ExplorerRun.0", "point": 7, "testname": "my_lib_pmos_tb_1", "cornername": "Nominal"}
[2026-04-11 10:12:14.548 +0700] [PROCESS] [cadence.virtuoso.ade.simulationMonitor] - Simulation started at: 10:11:53 AM, Sat Apr 11, 2026, ended at: 10:12:14 AM, Sat Apr 11, 2026, with elapsed time (wall clock): 20.9 s. {"history": "ExplorerRun.0", "point": 7, "testname": "my_lib_pmos_tb_1", "cornername": "Nominal"}
[2026-04-11 10:12:14.548 +0700] [PROCESS] [cadence.virtuoso.ade.simulationMonitor] - spectre completes with 0 errors, 0 warnings, and 5 notices. {"history": "ExplorerRun.0", "point": 7, "testname": "my_lib_pmos_tb_1", "cornername": "Nominal"}
[2026-04-11 10:12:14.548 +0700] [PROCESS] [cadence.virtuoso.ade.simulationMonitor] - Simulator exited {"hostname": "dtvt_13", "processid": 12438, "history": "ExplorerRun.0", "testname": "my_lib_pmos_tb_1", "cornername": "Nominal", "point": 7, "logfile": "/home/dtvt_13/truong/logs_dtvt_13/logs0/Job17.log", "exitStatus": "0"}
[2026-04-11 10:12:14.548 +0700] [PROCESS] [cadence.virtuoso.ade.simulationMonitor] - Finished Simulation {"hostname": "dtvt_13", "processid": 12438, "history": "ExplorerRun.0", "testname": "my_lib_pmos_tb_1", "cornername": "Nominal", "point": 7, "logfile": "/home/dtvt_13/truong/logs_dtvt_13/logs0/Job17.log", "simid": "7"}
[2026-04-11 10:12:15.062 +0700] [PROCESS] [cadence.virtuoso.ade.simulationMonitor] - Point Finished {"hostname": "dtvt_13", "processid": 12438, "history": "ExplorerRun.0", "testname": "my_lib_pmos_tb_1", "cornername": "Nominal", "point": 7, "logfile": "/home/dtvt_13/truong/logs_dtvt_13/logs0/Job17.log"}
[2026-04-11 10:12:15.069 +0700] [PROCESS] [cadence.virtuoso.ade.simulationMonitor] - HostInfo:
Host name (type):	dtvt_13 (x86_64)
Operating system:	Linux 3.10.0-1160.118.1.el7.x86_64 #1 SMP Wed Apr 24 16:01:50 UTC 2024 {"hostname": "dtvt_13", "processid": 12438, "history": "ExplorerRun.0", "testname": "my_lib_pmos_tb_1", "cornername": "Nominal", "point": 7, "logfile": "/home/dtvt_13/truong/logs_dtvt_13/logs0/Job17.log", "nodename": "dtvt_13", "domainname": "(none)", "machine": "x86_64", "sysname": "Linux", "release": "3.10.0-1160.118.1.el7.x86_64", "version": "#1 SMP Wed Apr 24 16:01:50 UTC 2024"}
[2026-04-11 10:12:15.070 +0700] [PROCESS] [cadence.virtuoso.ade.simulationMonitor] - UsageInfo:
pid=12438
totalPhysicalMemory=15.208324GB,Used=14.836575GB,totalVirtualMemory=22.895821GB,Used=14.877346GB
Cpu: Cores=24, Load average:0.170000,0.240000,0.230000 {"hostname": "dtvt_13", "processid": 12438, "history": "ExplorerRun.0", "testname": "my_lib_pmos_tb_1", "cornername": "Nominal", "point": 7, "logfile": "/home/dtvt_13/truong/logs_dtvt_13/logs0/Job17.log", "pid": "12438", "totalPhysicalMemory": "15.208324", "physicalMemoryUsed": "14.836575", "totalVirtualMemory": "22.895821", "virtualMemoryUsed": "14.877346", "cpuCores": "24", "processes": "2644", "loadAverage1": "0.170000", "loadAverage5": "0.240000", "loadAverage15": "0.230000", "loadAverage1Percent": "0.007083"}
[2026-04-11 10:12:15.070 +0700] [EVENT] [cadence.virtuoso.ade.simulationMonitor] - NewPoint {"history": "ExplorerRun.0", "point": 8, "testname": "my_lib_pmos_tb_1", "cornername": "Nominal", "event": "NewPoint", "EventSource": "Simulation Monitor", "HistoryName": "ExplorerRun.0", "logFile": "/home/dtvt_13/truong/logs_dtvt_13/logs0/Job17.log", "logFileSize": "65155"}
[2026-04-11 10:12:15.172 +0700] [EVENT] [cadence.virtuoso.ade.simulationMonitor] - NewPoint {"history": "ExplorerRun.0", "point": 8, "testname": "my_lib_pmos_tb_1", "cornername": "Nominal", "event": "NewPoint", "EventSource": "spectre", "HistoryName": "ExplorerRun.0", "logFile": "/home/dtvt_13/simulation/my_lib/pmos_tb/maestro/results/maestro/ExplorerRun.0/8/my_lib_pmos_tb_1/psf/spectre.out", "logFileSize": "-1"}
[2026-04-11 10:12:15.181 +0700] [PROCESS] [cadence.virtuoso.ade.simulationMonitor] - Simulator launched {"hostname": "dtvt_13", "processid": 12438, "history": "ExplorerRun.0", "testname": "my_lib_pmos_tb_1", "cornername": "Nominal", "point": 8, "logfile": "/home/dtvt_13/truong/logs_dtvt_13/logs0/Job17.log", "simid": "8"}
[2026-04-11 10:12:15.182 +0700] [PROCESS] [cadence.virtuoso.ade.simulationMonitor] - Started Simulation {"hostname": "dtvt_13", "processid": 12438, "history": "ExplorerRun.0", "testname": "my_lib_pmos_tb_1", "cornername": "Nominal", "point": 8, "logfile": "/home/dtvt_13/truong/logs_dtvt_13/logs0/Job17.log"}
[2026-04-11 10:12:36.591 +0700] [PROCESS] [cadence.virtuoso.ade.simulationMonitor] - Finished simulating for one point {"hostname": "dtvt_13", "processid": 12438, "history": "ExplorerRun.0", "testname": "my_lib_pmos_tb_1", "cornername": "Nominal", "point": 8, "logfile": "/home/dtvt_13/truong/logs_dtvt_13/logs0/Job17.log", "simid": "8"}
[2026-04-11 10:12:36.592 +0700] [INFO] [cadence.virtuoso.ade.simulationMonitor] - Peak resident memory used = 96 Mbytes. {"history": "ExplorerRun.0", "point": 8, "testname": "my_lib_pmos_tb_1", "cornername": "Nominal"}
[2026-04-11 10:12:36.592 +0700] [INFO] [cadence.virtuoso.ade.simulationMonitor] - Peak resident memory used = 105 Mbytes. {"history": "ExplorerRun.0", "point": 8, "testname": "my_lib_pmos_tb_1", "cornername": "Nominal"}
[2026-04-11 10:12:36.592 +0700] [INFO] [cadence.virtuoso.ade.simulationMonitor] - Notice from spectre during hierarchy flattening.
    The value 'psf' specified for the 'checklimitdest' option will no longer be supported in future releases. Use 'spectre -h' to see other recommended values for the 'checklimitdest' option. {"history": "ExplorerRun.0", "point": 8, "testname": "my_lib_pmos_tb_1", "cornername": "Nominal"}
[2026-04-11 10:12:36.592 +0700] [INFO] [cadence.virtuoso.ade.simulationMonitor] - Peak resident memory used = 106 Mbytes. {"history": "ExplorerRun.0", "point": 8, "testname": "my_lib_pmos_tb_1", "cornername": "Nominal"}
[2026-04-11 10:12:36.592 +0700] [INFO] [cadence.virtuoso.ade.simulationMonitor] - Notice from spectre during initial setup.
    Multithreading is disabled due to the size of the design being too small. {"history": "ExplorerRun.0", "point": 8, "testname": "my_lib_pmos_tb_1", "cornername": "Nominal"}
[2026-04-11 10:12:36.593 +0700] [INFO] [cadence.virtuoso.ade.simulationMonitor] -               nodes 8 {"history": "ExplorerRun.0", "point": 8, "testname": "my_lib_pmos_tb_1", "cornername": "Nominal"}
[2026-04-11 10:12:36.593 +0700] [INFO] [cadence.virtuoso.ade.simulationMonitor] - Notice from spectre during initial setup.
    APS enabled. {"history": "ExplorerRun.0", "point": 8, "testname": "my_lib_pmos_tb_1", "cornername": "Nominal"}
[2026-04-11 10:12:36.593 +0700] [INFO] [cadence.virtuoso.ade.simulationMonitor] - Peak resident memory used = 107 Mbytes. {"history": "ExplorerRun.0", "point": 8, "testname": "my_lib_pmos_tb_1", "cornername": "Nominal"}
[2026-04-11 10:12:36.593 +0700] [INFO] [cadence.virtuoso.ade.simulationMonitor] -    -   (APS) Multi-threading. The recommended number of threads is 1, consider adding +mt=1 on command line. {"history": "ExplorerRun.0", "point": 8, "testname": "my_lib_pmos_tb_1", "cornername": "Nominal"}
[2026-04-11 10:12:36.593 +0700] [INFO] [cadence.virtuoso.ade.simulationMonitor] - Total time required for dc analysis `dcOp': CPU = 1.713 ms, elapsed = 2.72608 ms. {"history": "ExplorerRun.0", "point": 8, "testname": "my_lib_pmos_tb_1", "cornername": "Nominal"}
[2026-04-11 10:12:36.594 +0700] [INFO] [cadence.virtuoso.ade.simulationMonitor] - Peak resident memory used = 109 Mbytes. {"history": "ExplorerRun.0", "point": 8, "testname": "my_lib_pmos_tb_1", "cornername": "Nominal"}
[2026-04-11 10:12:36.594 +0700] [INFO] [cadence.virtuoso.ade.simulationMonitor] - Notice from spectre at vg = 740e-03 during DC analysis `dc'.
    The value of parameter 'vg' has been reset to the original value 0.74. {"history": "ExplorerRun.0", "point": 8, "testname": "my_lib_pmos_tb_1", "cornername": "Nominal"}
[2026-04-11 10:12:36.594 +0700] [INFO] [cadence.virtuoso.ade.simulationMonitor] - Total time required for dc analysis `dc': CPU = 6.598 ms, elapsed = 7.66206 ms. {"history": "ExplorerRun.0", "point": 8, "testname": "my_lib_pmos_tb_1", "cornername": "Nominal"}
[2026-04-11 10:12:36.594 +0700] [INFO] [cadence.virtuoso.ade.simulationMonitor] - Peak resident memory used = 110 Mbytes. {"history": "ExplorerRun.0", "point": 8, "testname": "my_lib_pmos_tb_1", "cornername": "Nominal"}
[2026-04-11 10:12:36.595 +0700] [INFO] [cadence.virtuoso.ade.simulationMonitor] - Time used: CPU = 518 ms, elapsed = 20.9 s, util. = 2.48%. {"history": "ExplorerRun.0", "point": 8, "testname": "my_lib_pmos_tb_1", "cornername": "Nominal"}
[2026-04-11 10:12:36.595 +0700] [INFO] [cadence.virtuoso.ade.simulationMonitor] - Time spent in licensing: elapsed = 20.4 s, percentage of total = 97.5%. {"history": "ExplorerRun.0", "point": 8, "testname": "my_lib_pmos_tb_1", "cornername": "Nominal"}
[2026-04-11 10:12:36.595 +0700] [INFO] [cadence.virtuoso.ade.simulationMonitor] - Peak memory used = 111 Mbytes. {"history": "ExplorerRun.0", "point": 8, "testname": "my_lib_pmos_tb_1", "cornername": "Nominal"}
[2026-04-11 10:12:36.595 +0700] [PROCESS] [cadence.virtuoso.ade.simulationMonitor] - Simulation started at: 10:12:15 AM, Sat Apr 11, 2026, ended at: 10:12:36 AM, Sat Apr 11, 2026, with elapsed time (wall clock): 20.9 s. {"history": "ExplorerRun.0", "point": 8, "testname": "my_lib_pmos_tb_1", "cornername": "Nominal"}
[2026-04-11 10:12:36.595 +0700] [PROCESS] [cadence.virtuoso.ade.simulationMonitor] - spectre completes with 0 errors, 0 warnings, and 5 notices. {"history": "ExplorerRun.0", "point": 8, "testname": "my_lib_pmos_tb_1", "cornername": "Nominal"}
[2026-04-11 10:12:36.596 +0700] [PROCESS] [cadence.virtuoso.ade.simulationMonitor] - Simulator exited {"hostname": "dtvt_13", "processid": 12438, "history": "ExplorerRun.0", "testname": "my_lib_pmos_tb_1", "cornername": "Nominal", "point": 8, "logfile": "/home/dtvt_13/truong/logs_dtvt_13/logs0/Job17.log", "exitStatus": "0"}
[2026-04-11 10:12:36.596 +0700] [PROCESS] [cadence.virtuoso.ade.simulationMonitor] - Finished Simulation {"hostname": "dtvt_13", "processid": 12438, "history": "ExplorerRun.0", "testname": "my_lib_pmos_tb_1", "cornername": "Nominal", "point": 8, "logfile": "/home/dtvt_13/truong/logs_dtvt_13/logs0/Job17.log", "simid": "8"}
[2026-04-11 10:12:37.614 +0700] [PROCESS] [cadence.virtuoso.ade.simulationMonitor] - Point Finished {"hostname": "dtvt_13", "processid": 12438, "history": "ExplorerRun.0", "testname": "my_lib_pmos_tb_1", "cornername": "Nominal", "point": 8, "logfile": "/home/dtvt_13/truong/logs_dtvt_13/logs0/Job17.log"}
[2026-04-11 10:12:37.620 +0700] [PROCESS] [cadence.virtuoso.ade.simulationMonitor] - HostInfo:
Host name (type):	dtvt_13 (x86_64)
Operating system:	Linux 3.10.0-1160.118.1.el7.x86_64 #1 SMP Wed Apr 24 16:01:50 UTC 2024 {"hostname": "dtvt_13", "processid": 12438, "history": "ExplorerRun.0", "testname": "my_lib_pmos_tb_1", "cornername": "Nominal", "point": 8, "logfile": "/home/dtvt_13/truong/logs_dtvt_13/logs0/Job17.log", "nodename": "dtvt_13", "domainname": "(none)", "machine": "x86_64", "sysname": "Linux", "release": "3.10.0-1160.118.1.el7.x86_64", "version": "#1 SMP Wed Apr 24 16:01:50 UTC 2024"}
[2026-04-11 10:12:37.621 +0700] [PROCESS] [cadence.virtuoso.ade.simulationMonitor] - UsageInfo:
pid=12438
totalPhysicalMemory=15.208324GB,Used=14.855541GB,totalVirtualMemory=22.895821GB,Used=14.896313GB
Cpu: Cores=24, Load average:0.120000,0.230000,0.220000 {"hostname": "dtvt_13", "processid": 12438, "history": "ExplorerRun.0", "testname": "my_lib_pmos_tb_1", "cornername": "Nominal", "point": 8, "logfile": "/home/dtvt_13/truong/logs_dtvt_13/logs0/Job17.log", "pid": "12438", "totalPhysicalMemory": "15.208324", "physicalMemoryUsed": "14.855541", "totalVirtualMemory": "22.895821", "virtualMemoryUsed": "14.896313", "cpuCores": "24", "processes": "2653", "loadAverage1": "0.120000", "loadAverage5": "0.230000", "loadAverage15": "0.220000", "loadAverage1Percent": "0.005000"}
[2026-04-11 10:12:37.621 +0700] [EVENT] [cadence.virtuoso.ade.simulationMonitor] - NewPoint {"history": "ExplorerRun.0", "point": 9, "testname": "my_lib_pmos_tb_1", "cornername": "Nominal", "event": "NewPoint", "EventSource": "Simulation Monitor", "HistoryName": "ExplorerRun.0", "logFile": "/home/dtvt_13/truong/logs_dtvt_13/logs0/Job17.log", "logFileSize": "74118"}
[2026-04-11 10:12:37.726 +0700] [EVENT] [cadence.virtuoso.ade.simulationMonitor] - NewPoint {"history": "ExplorerRun.0", "point": 9, "testname": "my_lib_pmos_tb_1", "cornername": "Nominal", "event": "NewPoint", "EventSource": "spectre", "HistoryName": "ExplorerRun.0", "logFile": "/home/dtvt_13/simulation/my_lib/pmos_tb/maestro/results/maestro/ExplorerRun.0/9/my_lib_pmos_tb_1/psf/spectre.out", "logFileSize": "-1"}
[2026-04-11 10:12:37.736 +0700] [PROCESS] [cadence.virtuoso.ade.simulationMonitor] - Simulator launched {"hostname": "dtvt_13", "processid": 12438, "history": "ExplorerRun.0", "testname": "my_lib_pmos_tb_1", "cornername": "Nominal", "point": 9, "logfile": "/home/dtvt_13/truong/logs_dtvt_13/logs0/Job17.log", "simid": "9"}
[2026-04-11 10:12:37.737 +0700] [PROCESS] [cadence.virtuoso.ade.simulationMonitor] - Started Simulation {"hostname": "dtvt_13", "processid": 12438, "history": "ExplorerRun.0", "testname": "my_lib_pmos_tb_1", "cornername": "Nominal", "point": 9, "logfile": "/home/dtvt_13/truong/logs_dtvt_13/logs0/Job17.log"}
[2026-04-11 10:12:59.096 +0700] [PROCESS] [cadence.virtuoso.ade.simulationMonitor] - Finished simulating for one point {"hostname": "dtvt_13", "processid": 12438, "history": "ExplorerRun.0", "testname": "my_lib_pmos_tb_1", "cornername": "Nominal", "point": 9, "logfile": "/home/dtvt_13/truong/logs_dtvt_13/logs0/Job17.log", "simid": "9"}
[2026-04-11 10:12:59.097 +0700] [INFO] [cadence.virtuoso.ade.simulationMonitor] - Peak resident memory used = 96 Mbytes. {"history": "ExplorerRun.0", "point": 9, "testname": "my_lib_pmos_tb_1", "cornername": "Nominal"}
[2026-04-11 10:12:59.097 +0700] [INFO] [cadence.virtuoso.ade.simulationMonitor] - Peak resident memory used = 105 Mbytes. {"history": "ExplorerRun.0", "point": 9, "testname": "my_lib_pmos_tb_1", "cornername": "Nominal"}
[2026-04-11 10:12:59.097 +0700] [INFO] [cadence.virtuoso.ade.simulationMonitor] - Notice from spectre during hierarchy flattening.
    The value 'psf' specified for the 'checklimitdest' option will no longer be supported in future releases. Use 'spectre -h' to see other recommended values for the 'checklimitdest' option. {"history": "ExplorerRun.0", "point": 9, "testname": "my_lib_pmos_tb_1", "cornername": "Nominal"}
[2026-04-11 10:12:59.097 +0700] [INFO] [cadence.virtuoso.ade.simulationMonitor] - Peak resident memory used = 106 Mbytes. {"history": "ExplorerRun.0", "point": 9, "testname": "my_lib_pmos_tb_1", "cornername": "Nominal"}
[2026-04-11 10:12:59.098 +0700] [INFO] [cadence.virtuoso.ade.simulationMonitor] - Notice from spectre during initial setup.
    Multithreading is disabled due to the size of the design being too small. {"history": "ExplorerRun.0", "point": 9, "testname": "my_lib_pmos_tb_1", "cornername": "Nominal"}
[2026-04-11 10:12:59.098 +0700] [INFO] [cadence.virtuoso.ade.simulationMonitor] -               nodes 8 {"history": "ExplorerRun.0", "point": 9, "testname": "my_lib_pmos_tb_1", "cornername": "Nominal"}
[2026-04-11 10:12:59.098 +0700] [INFO] [cadence.virtuoso.ade.simulationMonitor] - Notice from spectre during initial setup.
    APS enabled. {"history": "ExplorerRun.0", "point": 9, "testname": "my_lib_pmos_tb_1", "cornername": "Nominal"}
[2026-04-11 10:12:59.099 +0700] [INFO] [cadence.virtuoso.ade.simulationMonitor] - Peak resident memory used = 107 Mbytes. {"history": "ExplorerRun.0", "point": 9, "testname": "my_lib_pmos_tb_1", "cornername": "Nominal"}
[2026-04-11 10:12:59.099 +0700] [INFO] [cadence.virtuoso.ade.simulationMonitor] -    -   (APS) Multi-threading. The recommended number of threads is 1, consider adding +mt=1 on command line. {"history": "ExplorerRun.0", "point": 9, "testname": "my_lib_pmos_tb_1", "cornername": "Nominal"}
[2026-04-11 10:12:59.099 +0700] [INFO] [cadence.virtuoso.ade.simulationMonitor] - Total time required for dc analysis `dcOp': CPU = 1.541 ms, elapsed = 2.42305 ms. {"history": "ExplorerRun.0", "point": 9, "testname": "my_lib_pmos_tb_1", "cornername": "Nominal"}
[2026-04-11 10:12:59.099 +0700] [INFO] [cadence.virtuoso.ade.simulationMonitor] - Peak resident memory used = 109 Mbytes. {"history": "ExplorerRun.0", "point": 9, "testname": "my_lib_pmos_tb_1", "cornername": "Nominal"}
[2026-04-11 10:12:59.099 +0700] [INFO] [cadence.virtuoso.ade.simulationMonitor] - Notice from spectre at vg = 740e-03 during DC analysis `dc'.
    The value of parameter 'vg' has been reset to the original value 0.74. {"history": "ExplorerRun.0", "point": 9, "testname": "my_lib_pmos_tb_1", "cornername": "Nominal"}
[2026-04-11 10:12:59.100 +0700] [INFO] [cadence.virtuoso.ade.simulationMonitor] - Total time required for dc analysis `dc': CPU = 8.603 ms, elapsed = 9.59301 ms. {"history": "ExplorerRun.0", "point": 9, "testname": "my_lib_pmos_tb_1", "cornername": "Nominal"}
[2026-04-11 10:12:59.100 +0700] [INFO] [cadence.virtuoso.ade.simulationMonitor] - Peak resident memory used = 110 Mbytes. {"history": "ExplorerRun.0", "point": 9, "testname": "my_lib_pmos_tb_1", "cornername": "Nominal"}
[2026-04-11 10:12:59.100 +0700] [INFO] [cadence.virtuoso.ade.simulationMonitor] - Time used: CPU = 564 ms, elapsed = 20.8 s, util. = 2.71%. {"history": "ExplorerRun.0", "point": 9, "testname": "my_lib_pmos_tb_1", "cornername": "Nominal"}
[2026-04-11 10:12:59.100 +0700] [INFO] [cadence.virtuoso.ade.simulationMonitor] - Time spent in licensing: elapsed = 20.3 s, percentage of total = 97.4%. {"history": "ExplorerRun.0", "point": 9, "testname": "my_lib_pmos_tb_1", "cornername": "Nominal"}
[2026-04-11 10:12:59.100 +0700] [INFO] [cadence.virtuoso.ade.simulationMonitor] - Peak memory used = 111 Mbytes. {"history": "ExplorerRun.0", "point": 9, "testname": "my_lib_pmos_tb_1", "cornername": "Nominal"}
[2026-04-11 10:12:59.100 +0700] [PROCESS] [cadence.virtuoso.ade.simulationMonitor] - Simulation started at: 10:12:37 AM, Sat Apr 11, 2026, ended at: 10:12:58 AM, Sat Apr 11, 2026, with elapsed time (wall clock): 20.8 s. {"history": "ExplorerRun.0", "point": 9, "testname": "my_lib_pmos_tb_1", "cornername": "Nominal"}
[2026-04-11 10:12:59.100 +0700] [PROCESS] [cadence.virtuoso.ade.simulationMonitor] - spectre completes with 0 errors, 0 warnings, and 5 notices. {"history": "ExplorerRun.0", "point": 9, "testname": "my_lib_pmos_tb_1", "cornername": "Nominal"}
[2026-04-11 10:12:59.101 +0700] [PROCESS] [cadence.virtuoso.ade.simulationMonitor] - Simulator exited {"hostname": "dtvt_13", "processid": 12438, "history": "ExplorerRun.0", "testname": "my_lib_pmos_tb_1", "cornername": "Nominal", "point": 9, "logfile": "/home/dtvt_13/truong/logs_dtvt_13/logs0/Job17.log", "exitStatus": "0"}
[2026-04-11 10:12:59.101 +0700] [PROCESS] [cadence.virtuoso.ade.simulationMonitor] - Finished Simulation {"hostname": "dtvt_13", "processid": 12438, "history": "ExplorerRun.0", "testname": "my_lib_pmos_tb_1", "cornername": "Nominal", "point": 9, "logfile": "/home/dtvt_13/truong/logs_dtvt_13/logs0/Job17.log", "simid": "9"}
[2026-04-11 10:12:59.612 +0700] [PROCESS] [cadence.virtuoso.ade.simulationMonitor] - Point Finished {"hostname": "dtvt_13", "processid": 12438, "history": "ExplorerRun.0", "testname": "my_lib_pmos_tb_1", "cornername": "Nominal", "point": 9, "logfile": "/home/dtvt_13/truong/logs_dtvt_13/logs0/Job17.log"}
[2026-04-11 10:12:59.617 +0700] [PROCESS] [cadence.virtuoso.ade.simulationMonitor] - HostInfo:
Host name (type):	dtvt_13 (x86_64)
Operating system:	Linux 3.10.0-1160.118.1.el7.x86_64 #1 SMP Wed Apr 24 16:01:50 UTC 2024 {"hostname": "dtvt_13", "processid": 12438, "history": "ExplorerRun.0", "testname": "my_lib_pmos_tb_1", "cornername": "Nominal", "point": 9, "logfile": "/home/dtvt_13/truong/logs_dtvt_13/logs0/Job17.log", "nodename": "dtvt_13", "domainname": "(none)", "machine": "x86_64", "sysname": "Linux", "release": "3.10.0-1160.118.1.el7.x86_64", "version": "#1 SMP Wed Apr 24 16:01:50 UTC 2024"}
[2026-04-11 10:12:59.617 +0700] [PROCESS] [cadence.virtuoso.ade.simulationMonitor] - UsageInfo:
pid=12438
totalPhysicalMemory=15.208324GB,Used=14.852840GB,totalVirtualMemory=22.895821GB,Used=14.893612GB
Cpu: Cores=24, Load average:0.360000,0.270000,0.240000 {"hostname": "dtvt_13", "processid": 12438, "history": "ExplorerRun.0", "testname": "my_lib_pmos_tb_1", "cornername": "Nominal", "point": 9, "logfile": "/home/dtvt_13/truong/logs_dtvt_13/logs0/Job17.log", "pid": "12438", "totalPhysicalMemory": "15.208324", "physicalMemoryUsed": "14.852840", "totalVirtualMemory": "22.895821", "virtualMemoryUsed": "14.893612", "cpuCores": "24", "processes": "2648", "loadAverage1": "0.360000", "loadAverage5": "0.270000", "loadAverage15": "0.240000", "loadAverage1Percent": "0.015000"}
[2026-04-11 10:12:59.618 +0700] [EVENT] [cadence.virtuoso.ade.simulationMonitor] - NewPoint {"history": "ExplorerRun.0", "point": 10, "testname": "my_lib_pmos_tb_1", "cornername": "Nominal", "event": "NewPoint", "EventSource": "Simulation Monitor", "HistoryName": "ExplorerRun.0", "logFile": "/home/dtvt_13/truong/logs_dtvt_13/logs0/Job17.log", "logFileSize": "83081"}
[2026-04-11 10:12:59.719 +0700] [EVENT] [cadence.virtuoso.ade.simulationMonitor] - NewPoint {"history": "ExplorerRun.0", "point": 10, "testname": "my_lib_pmos_tb_1", "cornername": "Nominal", "event": "NewPoint", "EventSource": "spectre", "HistoryName": "ExplorerRun.0", "logFile": "/home/dtvt_13/simulation/my_lib/pmos_tb/maestro/results/maestro/ExplorerRun.0/10/my_lib_pmos_tb_1/psf/spectre.out", "logFileSize": "-1"}
[2026-04-11 10:12:59.728 +0700] [PROCESS] [cadence.virtuoso.ade.simulationMonitor] - Simulator launched {"hostname": "dtvt_13", "processid": 12438, "history": "ExplorerRun.0", "testname": "my_lib_pmos_tb_1", "cornername": "Nominal", "point": 10, "logfile": "/home/dtvt_13/truong/logs_dtvt_13/logs0/Job17.log", "simid": "10"}
[2026-04-11 10:12:59.728 +0700] [PROCESS] [cadence.virtuoso.ade.simulationMonitor] - Started Simulation {"hostname": "dtvt_13", "processid": 12438, "history": "ExplorerRun.0", "testname": "my_lib_pmos_tb_1", "cornername": "Nominal", "point": 10, "logfile": "/home/dtvt_13/truong/logs_dtvt_13/logs0/Job17.log"}
[2026-04-11 10:13:21.631 +0700] [PROCESS] [cadence.virtuoso.ade.simulationMonitor] - Finished simulating for one point {"hostname": "dtvt_13", "processid": 12438, "history": "ExplorerRun.0", "testname": "my_lib_pmos_tb_1", "cornername": "Nominal", "point": 10, "logfile": "/home/dtvt_13/truong/logs_dtvt_13/logs0/Job17.log", "simid": "10"}
[2026-04-11 10:13:21.631 +0700] [INFO] [cadence.virtuoso.ade.simulationMonitor] - Peak resident memory used = 96 Mbytes. {"history": "ExplorerRun.0", "point": 10, "testname": "my_lib_pmos_tb_1", "cornername": "Nominal"}
[2026-04-11 10:13:21.631 +0700] [INFO] [cadence.virtuoso.ade.simulationMonitor] - Peak resident memory used = 105 Mbytes. {"history": "ExplorerRun.0", "point": 10, "testname": "my_lib_pmos_tb_1", "cornername": "Nominal"}
[2026-04-11 10:13:21.631 +0700] [INFO] [cadence.virtuoso.ade.simulationMonitor] - Notice from spectre during hierarchy flattening.
    The value 'psf' specified for the 'checklimitdest' option will no longer be supported in future releases. Use 'spectre -h' to see other recommended values for the 'checklimitdest' option. {"history": "ExplorerRun.0", "point": 10, "testname": "my_lib_pmos_tb_1", "cornername": "Nominal"}
[2026-04-11 10:13:21.632 +0700] [INFO] [cadence.virtuoso.ade.simulationMonitor] - Peak resident memory used = 106 Mbytes. {"history": "ExplorerRun.0", "point": 10, "testname": "my_lib_pmos_tb_1", "cornername": "Nominal"}
[2026-04-11 10:13:21.632 +0700] [INFO] [cadence.virtuoso.ade.simulationMonitor] - Notice from spectre during initial setup.
    Multithreading is disabled due to the size of the design being too small. {"history": "ExplorerRun.0", "point": 10, "testname": "my_lib_pmos_tb_1", "cornername": "Nominal"}
[2026-04-11 10:13:21.632 +0700] [INFO] [cadence.virtuoso.ade.simulationMonitor] -               nodes 8 {"history": "ExplorerRun.0", "point": 10, "testname": "my_lib_pmos_tb_1", "cornername": "Nominal"}
[2026-04-11 10:13:21.633 +0700] [INFO] [cadence.virtuoso.ade.simulationMonitor] - Notice from spectre during initial setup.
    APS enabled. {"history": "ExplorerRun.0", "point": 10, "testname": "my_lib_pmos_tb_1", "cornername": "Nominal"}
[2026-04-11 10:13:21.633 +0700] [INFO] [cadence.virtuoso.ade.simulationMonitor] - Peak resident memory used = 107 Mbytes. {"history": "ExplorerRun.0", "point": 10, "testname": "my_lib_pmos_tb_1", "cornername": "Nominal"}
[2026-04-11 10:13:21.633 +0700] [INFO] [cadence.virtuoso.ade.simulationMonitor] -    -   (APS) Multi-threading. The recommended number of threads is 1, consider adding +mt=1 on command line. {"history": "ExplorerRun.0", "point": 10, "testname": "my_lib_pmos_tb_1", "cornername": "Nominal"}
[2026-04-11 10:13:21.633 +0700] [INFO] [cadence.virtuoso.ade.simulationMonitor] - Total time required for dc analysis `dcOp': CPU = 1.645 ms, elapsed = 2.63095 ms. {"history": "ExplorerRun.0", "point": 10, "testname": "my_lib_pmos_tb_1", "cornername": "Nominal"}
[2026-04-11 10:13:21.634 +0700] [INFO] [cadence.virtuoso.ade.simulationMonitor] - Peak resident memory used = 109 Mbytes. {"history": "ExplorerRun.0", "point": 10, "testname": "my_lib_pmos_tb_1", "cornername": "Nominal"}
[2026-04-11 10:13:21.634 +0700] [INFO] [cadence.virtuoso.ade.simulationMonitor] - Notice from spectre at vg = 740e-03 during DC analysis `dc'.
    The value of parameter 'vg' has been reset to the original value 0.74. {"history": "ExplorerRun.0", "point": 10, "testname": "my_lib_pmos_tb_1", "cornername": "Nominal"}
[2026-04-11 10:13:21.634 +0700] [INFO] [cadence.virtuoso.ade.simulationMonitor] - Total time required for dc analysis `dc': CPU = 5.948 ms, elapsed = 6.97803 ms. {"history": "ExplorerRun.0", "point": 10, "testname": "my_lib_pmos_tb_1", "cornername": "Nominal"}
[2026-04-11 10:13:21.634 +0700] [INFO] [cadence.virtuoso.ade.simulationMonitor] - Peak resident memory used = 110 Mbytes. {"history": "ExplorerRun.0", "point": 10, "testname": "my_lib_pmos_tb_1", "cornername": "Nominal"}
[2026-04-11 10:13:21.634 +0700] [INFO] [cadence.virtuoso.ade.simulationMonitor] - Time used: CPU = 560 ms, elapsed = 21.3 s, util. = 2.63%. {"history": "ExplorerRun.0", "point": 10, "testname": "my_lib_pmos_tb_1", "cornername": "Nominal"}
[2026-04-11 10:13:21.634 +0700] [INFO] [cadence.virtuoso.ade.simulationMonitor] - Time spent in licensing: elapsed = 20.8 s, percentage of total = 97.5%. {"history": "ExplorerRun.0", "point": 10, "testname": "my_lib_pmos_tb_1", "cornername": "Nominal"}
[2026-04-11 10:13:21.635 +0700] [INFO] [cadence.virtuoso.ade.simulationMonitor] - Peak memory used = 111 Mbytes. {"history": "ExplorerRun.0", "point": 10, "testname": "my_lib_pmos_tb_1", "cornername": "Nominal"}
[2026-04-11 10:13:21.635 +0700] [PROCESS] [cadence.virtuoso.ade.simulationMonitor] - Simulation started at: 10:12:59 AM, Sat Apr 11, 2026, ended at: 10:13:21 AM, Sat Apr 11, 2026, with elapsed time (wall clock): 21.3 s. {"history": "ExplorerRun.0", "point": 10, "testname": "my_lib_pmos_tb_1", "cornername": "Nominal"}
[2026-04-11 10:13:21.635 +0700] [PROCESS] [cadence.virtuoso.ade.simulationMonitor] - spectre completes with 0 errors, 0 warnings, and 5 notices. {"history": "ExplorerRun.0", "point": 10, "testname": "my_lib_pmos_tb_1", "cornername": "Nominal"}
[2026-04-11 10:13:21.635 +0700] [PROCESS] [cadence.virtuoso.ade.simulationMonitor] - Simulator exited {"hostname": "dtvt_13", "processid": 12438, "history": "ExplorerRun.0", "testname": "my_lib_pmos_tb_1", "cornername": "Nominal", "point": 10, "logfile": "/home/dtvt_13/truong/logs_dtvt_13/logs0/Job17.log", "exitStatus": "0"}
[2026-04-11 10:13:21.635 +0700] [PROCESS] [cadence.virtuoso.ade.simulationMonitor] - Finished Simulation {"hostname": "dtvt_13", "processid": 12438, "history": "ExplorerRun.0", "testname": "my_lib_pmos_tb_1", "cornername": "Nominal", "point": 10, "logfile": "/home/dtvt_13/truong/logs_dtvt_13/logs0/Job17.log", "simid": "10"}
[2026-04-11 10:13:22.648 +0700] [PROCESS] [cadence.virtuoso.ade.simulationMonitor] - Point Finished {"hostname": "dtvt_13", "processid": 12438, "history": "ExplorerRun.0", "testname": "my_lib_pmos_tb_1", "cornername": "Nominal", "point": 10, "logfile": "/home/dtvt_13/truong/logs_dtvt_13/logs0/Job17.log"}
[2026-04-11 10:13:22.655 +0700] [PROCESS] [cadence.virtuoso.ade.simulationMonitor] - HostInfo:
Host name (type):	dtvt_13 (x86_64)
Operating system:	Linux 3.10.0-1160.118.1.el7.x86_64 #1 SMP Wed Apr 24 16:01:50 UTC 2024 {"hostname": "dtvt_13", "processid": 12438, "history": "ExplorerRun.0", "testname": "my_lib_pmos_tb_1", "cornername": "Nominal", "point": 10, "logfile": "/home/dtvt_13/truong/logs_dtvt_13/logs0/Job17.log", "nodename": "dtvt_13", "domainname": "(none)", "machine": "x86_64", "sysname": "Linux", "release": "3.10.0-1160.118.1.el7.x86_64", "version": "#1 SMP Wed Apr 24 16:01:50 UTC 2024"}
[2026-04-11 10:13:22.656 +0700] [PROCESS] [cadence.virtuoso.ade.simulationMonitor] - UsageInfo:
pid=12438
totalPhysicalMemory=15.208324GB,Used=14.834232GB,totalVirtualMemory=22.895821GB,Used=14.875004GB
Cpu: Cores=24, Load average:0.330000,0.270000,0.240000 {"hostname": "dtvt_13", "processid": 12438, "history": "ExplorerRun.0", "testname": "my_lib_pmos_tb_1", "cornername": "Nominal", "point": 10, "logfile": "/home/dtvt_13/truong/logs_dtvt_13/logs0/Job17.log", "pid": "12438", "totalPhysicalMemory": "15.208324", "physicalMemoryUsed": "14.834232", "totalVirtualMemory": "22.895821", "virtualMemoryUsed": "14.875004", "cpuCores": "24", "processes": "2645", "loadAverage1": "0.330000", "loadAverage5": "0.270000", "loadAverage15": "0.240000", "loadAverage1Percent": "0.013750"}
[2026-04-11 10:13:22.656 +0700] [EVENT] [cadence.virtuoso.ade.simulationMonitor] - NewPoint {"history": "ExplorerRun.0", "point": 11, "testname": "my_lib_pmos_tb_1", "cornername": "Nominal", "event": "NewPoint", "EventSource": "Simulation Monitor", "HistoryName": "ExplorerRun.0", "logFile": "/home/dtvt_13/truong/logs_dtvt_13/logs0/Job17.log", "logFileSize": "92077"}
[2026-04-11 10:13:22.757 +0700] [EVENT] [cadence.virtuoso.ade.simulationMonitor] - NewPoint {"history": "ExplorerRun.0", "point": 11, "testname": "my_lib_pmos_tb_1", "cornername": "Nominal", "event": "NewPoint", "EventSource": "spectre", "HistoryName": "ExplorerRun.0", "logFile": "/home/dtvt_13/simulation/my_lib/pmos_tb/maestro/results/maestro/ExplorerRun.0/11/my_lib_pmos_tb_1/psf/spectre.out", "logFileSize": "-1"}
[2026-04-11 10:13:22.765 +0700] [PROCESS] [cadence.virtuoso.ade.simulationMonitor] - Simulator launched {"hostname": "dtvt_13", "processid": 12438, "history": "ExplorerRun.0", "testname": "my_lib_pmos_tb_1", "cornername": "Nominal", "point": 11, "logfile": "/home/dtvt_13/truong/logs_dtvt_13/logs0/Job17.log", "simid": "11"}
[2026-04-11 10:13:22.766 +0700] [PROCESS] [cadence.virtuoso.ade.simulationMonitor] - Started Simulation {"hostname": "dtvt_13", "processid": 12438, "history": "ExplorerRun.0", "testname": "my_lib_pmos_tb_1", "cornername": "Nominal", "point": 11, "logfile": "/home/dtvt_13/truong/logs_dtvt_13/logs0/Job17.log"}
[2026-04-11 10:13:44.143 +0700] [PROCESS] [cadence.virtuoso.ade.simulationMonitor] - Finished simulating for one point {"hostname": "dtvt_13", "processid": 12438, "history": "ExplorerRun.0", "testname": "my_lib_pmos_tb_1", "cornername": "Nominal", "point": 11, "logfile": "/home/dtvt_13/truong/logs_dtvt_13/logs0/Job17.log", "simid": "11"}
[2026-04-11 10:13:44.144 +0700] [INFO] [cadence.virtuoso.ade.simulationMonitor] - Peak resident memory used = 96 Mbytes. {"history": "ExplorerRun.0", "point": 11, "testname": "my_lib_pmos_tb_1", "cornername": "Nominal"}
[2026-04-11 10:13:44.144 +0700] [INFO] [cadence.virtuoso.ade.simulationMonitor] - Peak resident memory used = 105 Mbytes. {"history": "ExplorerRun.0", "point": 11, "testname": "my_lib_pmos_tb_1", "cornername": "Nominal"}
[2026-04-11 10:13:44.144 +0700] [INFO] [cadence.virtuoso.ade.simulationMonitor] - Notice from spectre during hierarchy flattening.
    The value 'psf' specified for the 'checklimitdest' option will no longer be supported in future releases. Use 'spectre -h' to see other recommended values for the 'checklimitdest' option. {"history": "ExplorerRun.0", "point": 11, "testname": "my_lib_pmos_tb_1", "cornername": "Nominal"}
[2026-04-11 10:13:44.144 +0700] [INFO] [cadence.virtuoso.ade.simulationMonitor] - Peak resident memory used = 106 Mbytes. {"history": "ExplorerRun.0", "point": 11, "testname": "my_lib_pmos_tb_1", "cornername": "Nominal"}
[2026-04-11 10:13:44.145 +0700] [INFO] [cadence.virtuoso.ade.simulationMonitor] - Notice from spectre during initial setup.
    Multithreading is disabled due to the size of the design being too small. {"history": "ExplorerRun.0", "point": 11, "testname": "my_lib_pmos_tb_1", "cornername": "Nominal"}
[2026-04-11 10:13:44.145 +0700] [INFO] [cadence.virtuoso.ade.simulationMonitor] -               nodes 8 {"history": "ExplorerRun.0", "point": 11, "testname": "my_lib_pmos_tb_1", "cornername": "Nominal"}
[2026-04-11 10:13:44.145 +0700] [INFO] [cadence.virtuoso.ade.simulationMonitor] - Notice from spectre during initial setup.
    APS enabled. {"history": "ExplorerRun.0", "point": 11, "testname": "my_lib_pmos_tb_1", "cornername": "Nominal"}
[2026-04-11 10:13:44.146 +0700] [INFO] [cadence.virtuoso.ade.simulationMonitor] - Peak resident memory used = 107 Mbytes. {"history": "ExplorerRun.0", "point": 11, "testname": "my_lib_pmos_tb_1", "cornername": "Nominal"}
[2026-04-11 10:13:44.146 +0700] [INFO] [cadence.virtuoso.ade.simulationMonitor] -    -   (APS) Multi-threading. The recommended number of threads is 1, consider adding +mt=1 on command line. {"history": "ExplorerRun.0", "point": 11, "testname": "my_lib_pmos_tb_1", "cornername": "Nominal"}
[2026-04-11 10:13:44.146 +0700] [INFO] [cadence.virtuoso.ade.simulationMonitor] - Total time required for dc analysis `dcOp': CPU = 1.594 ms, elapsed = 2.57206 ms. {"history": "ExplorerRun.0", "point": 11, "testname": "my_lib_pmos_tb_1", "cornername": "Nominal"}
[2026-04-11 10:13:44.146 +0700] [INFO] [cadence.virtuoso.ade.simulationMonitor] - Peak resident memory used = 109 Mbytes. {"history": "ExplorerRun.0", "point": 11, "testname": "my_lib_pmos_tb_1", "cornername": "Nominal"}
[2026-04-11 10:13:44.146 +0700] [INFO] [cadence.virtuoso.ade.simulationMonitor] - Notice from spectre at vg = 740e-03 during DC analysis `dc'.
    The value of parameter 'vg' has been reset to the original value 0.74. {"history": "ExplorerRun.0", "point": 11, "testname": "my_lib_pmos_tb_1", "cornername": "Nominal"}
[2026-04-11 10:13:44.146 +0700] [INFO] [cadence.virtuoso.ade.simulationMonitor] - Total time required for dc analysis `dc': CPU = 6.902 ms, elapsed = 7.93195 ms. {"history": "ExplorerRun.0", "point": 11, "testname": "my_lib_pmos_tb_1", "cornername": "Nominal"}
[2026-04-11 10:13:44.146 +0700] [INFO] [cadence.virtuoso.ade.simulationMonitor] - Peak resident memory used = 110 Mbytes. {"history": "ExplorerRun.0", "point": 11, "testname": "my_lib_pmos_tb_1", "cornername": "Nominal"}
[2026-04-11 10:13:44.147 +0700] [INFO] [cadence.virtuoso.ade.simulationMonitor] - Time used: CPU = 535 ms, elapsed = 20.8 s, util. = 2.57%. {"history": "ExplorerRun.0", "point": 11, "testname": "my_lib_pmos_tb_1", "cornername": "Nominal"}
[2026-04-11 10:13:44.147 +0700] [INFO] [cadence.virtuoso.ade.simulationMonitor] - Time spent in licensing: elapsed = 20.3 s, percentage of total = 97.6%. {"history": "ExplorerRun.0", "point": 11, "testname": "my_lib_pmos_tb_1", "cornername": "Nominal"}
[2026-04-11 10:13:44.147 +0700] [INFO] [cadence.virtuoso.ade.simulationMonitor] - Peak memory used = 111 Mbytes. {"history": "ExplorerRun.0", "point": 11, "testname": "my_lib_pmos_tb_1", "cornername": "Nominal"}
[2026-04-11 10:13:44.147 +0700] [PROCESS] [cadence.virtuoso.ade.simulationMonitor] - Simulation started at: 10:13:22 AM, Sat Apr 11, 2026, ended at: 10:13:43 AM, Sat Apr 11, 2026, with elapsed time (wall clock): 20.8 s. {"history": "ExplorerRun.0", "point": 11, "testname": "my_lib_pmos_tb_1", "cornername": "Nominal"}
[2026-04-11 10:13:44.147 +0700] [PROCESS] [cadence.virtuoso.ade.simulationMonitor] - spectre completes with 0 errors, 0 warnings, and 5 notices. {"history": "ExplorerRun.0", "point": 11, "testname": "my_lib_pmos_tb_1", "cornername": "Nominal"}
[2026-04-11 10:13:44.147 +0700] [PROCESS] [cadence.virtuoso.ade.simulationMonitor] - Simulator exited {"hostname": "dtvt_13", "processid": 12438, "history": "ExplorerRun.0", "testname": "my_lib_pmos_tb_1", "cornername": "Nominal", "point": 11, "logfile": "/home/dtvt_13/truong/logs_dtvt_13/logs0/Job17.log", "exitStatus": "0"}
[2026-04-11 10:13:44.147 +0700] [PROCESS] [cadence.virtuoso.ade.simulationMonitor] - Finished Simulation {"hostname": "dtvt_13", "processid": 12438, "history": "ExplorerRun.0", "testname": "my_lib_pmos_tb_1", "cornername": "Nominal", "point": 11, "logfile": "/home/dtvt_13/truong/logs_dtvt_13/logs0/Job17.log", "simid": "11"}
[2026-04-11 10:13:44.659 +0700] [PROCESS] [cadence.virtuoso.ade.simulationMonitor] - Point Finished {"hostname": "dtvt_13", "processid": 12438, "history": "ExplorerRun.0", "testname": "my_lib_pmos_tb_1", "cornername": "Nominal", "point": 11, "logfile": "/home/dtvt_13/truong/logs_dtvt_13/logs0/Job17.log"}
[2026-04-11 10:13:44.665 +0700] [PROCESS] [cadence.virtuoso.ade.simulationMonitor] - HostInfo:
Host name (type):	dtvt_13 (x86_64)
Operating system:	Linux 3.10.0-1160.118.1.el7.x86_64 #1 SMP Wed Apr 24 16:01:50 UTC 2024 {"hostname": "dtvt_13", "processid": 12438, "history": "ExplorerRun.0", "testname": "my_lib_pmos_tb_1", "cornername": "Nominal", "point": 11, "logfile": "/home/dtvt_13/truong/logs_dtvt_13/logs0/Job17.log", "nodename": "dtvt_13", "domainname": "(none)", "machine": "x86_64", "sysname": "Linux", "release": "3.10.0-1160.118.1.el7.x86_64", "version": "#1 SMP Wed Apr 24 16:01:50 UTC 2024"}
[2026-04-11 10:13:44.665 +0700] [PROCESS] [cadence.virtuoso.ade.simulationMonitor] - UsageInfo:
pid=12438
totalPhysicalMemory=15.208324GB,Used=14.834560GB,totalVirtualMemory=22.895821GB,Used=14.875332GB
Cpu: Cores=24, Load average:0.470000,0.310000,0.250000 {"hostname": "dtvt_13", "processid": 12438, "history": "ExplorerRun.0", "testname": "my_lib_pmos_tb_1", "cornername": "Nominal", "point": 11, "logfile": "/home/dtvt_13/truong/logs_dtvt_13/logs0/Job17.log", "pid": "12438", "totalPhysicalMemory": "15.208324", "physicalMemoryUsed": "14.834560", "totalVirtualMemory": "22.895821", "virtualMemoryUsed": "14.875332", "cpuCores": "24", "processes": "2642", "loadAverage1": "0.470000", "loadAverage5": "0.310000", "loadAverage15": "0.250000", "loadAverage1Percent": "0.019583"}
[2026-04-11 10:13:44.666 +0700] [EVENT] [cadence.virtuoso.ade.simulationMonitor] - NewPoint {"history": "ExplorerRun.0", "point": 12, "testname": "my_lib_pmos_tb_1", "cornername": "Nominal", "event": "NewPoint", "EventSource": "Simulation Monitor", "HistoryName": "ExplorerRun.0", "logFile": "/home/dtvt_13/truong/logs_dtvt_13/logs0/Job17.log", "logFileSize": "101073"}
[2026-04-11 10:13:44.771 +0700] [EVENT] [cadence.virtuoso.ade.simulationMonitor] - NewPoint {"history": "ExplorerRun.0", "point": 12, "testname": "my_lib_pmos_tb_1", "cornername": "Nominal", "event": "NewPoint", "EventSource": "spectre", "HistoryName": "ExplorerRun.0", "logFile": "/home/dtvt_13/simulation/my_lib/pmos_tb/maestro/results/maestro/ExplorerRun.0/12/my_lib_pmos_tb_1/psf/spectre.out", "logFileSize": "-1"}
[2026-04-11 10:13:44.778 +0700] [PROCESS] [cadence.virtuoso.ade.simulationMonitor] - Simulator launched {"hostname": "dtvt_13", "processid": 12438, "history": "ExplorerRun.0", "testname": "my_lib_pmos_tb_1", "cornername": "Nominal", "point": 12, "logfile": "/home/dtvt_13/truong/logs_dtvt_13/logs0/Job17.log", "simid": "12"}
[2026-04-11 10:13:44.779 +0700] [PROCESS] [cadence.virtuoso.ade.simulationMonitor] - Started Simulation {"hostname": "dtvt_13", "processid": 12438, "history": "ExplorerRun.0", "testname": "my_lib_pmos_tb_1", "cornername": "Nominal", "point": 12, "logfile": "/home/dtvt_13/truong/logs_dtvt_13/logs0/Job17.log"}
[2026-04-11 10:14:06.663 +0700] [PROCESS] [cadence.virtuoso.ade.simulationMonitor] - Finished simulating for one point {"hostname": "dtvt_13", "processid": 12438, "history": "ExplorerRun.0", "testname": "my_lib_pmos_tb_1", "cornername": "Nominal", "point": 12, "logfile": "/home/dtvt_13/truong/logs_dtvt_13/logs0/Job17.log", "simid": "12"}
[2026-04-11 10:14:06.663 +0700] [INFO] [cadence.virtuoso.ade.simulationMonitor] - Peak resident memory used = 96 Mbytes. {"history": "ExplorerRun.0", "point": 12, "testname": "my_lib_pmos_tb_1", "cornername": "Nominal"}
[2026-04-11 10:14:06.664 +0700] [INFO] [cadence.virtuoso.ade.simulationMonitor] - Peak resident memory used = 105 Mbytes. {"history": "ExplorerRun.0", "point": 12, "testname": "my_lib_pmos_tb_1", "cornername": "Nominal"}
[2026-04-11 10:14:06.664 +0700] [INFO] [cadence.virtuoso.ade.simulationMonitor] - Notice from spectre during hierarchy flattening.
    The value 'psf' specified for the 'checklimitdest' option will no longer be supported in future releases. Use 'spectre -h' to see other recommended values for the 'checklimitdest' option. {"history": "ExplorerRun.0", "point": 12, "testname": "my_lib_pmos_tb_1", "cornername": "Nominal"}
[2026-04-11 10:14:06.665 +0700] [INFO] [cadence.virtuoso.ade.simulationMonitor] - Peak resident memory used = 106 Mbytes. {"history": "ExplorerRun.0", "point": 12, "testname": "my_lib_pmos_tb_1", "cornername": "Nominal"}
[2026-04-11 10:14:06.665 +0700] [INFO] [cadence.virtuoso.ade.simulationMonitor] - Notice from spectre during initial setup.
    Multithreading is disabled due to the size of the design being too small. {"history": "ExplorerRun.0", "point": 12, "testname": "my_lib_pmos_tb_1", "cornername": "Nominal"}
[2026-04-11 10:14:06.665 +0700] [INFO] [cadence.virtuoso.ade.simulationMonitor] -               nodes 8 {"history": "ExplorerRun.0", "point": 12, "testname": "my_lib_pmos_tb_1", "cornername": "Nominal"}
[2026-04-11 10:14:06.666 +0700] [INFO] [cadence.virtuoso.ade.simulationMonitor] - Notice from spectre during initial setup.
    APS enabled. {"history": "ExplorerRun.0", "point": 12, "testname": "my_lib_pmos_tb_1", "cornername": "Nominal"}
[2026-04-11 10:14:06.666 +0700] [INFO] [cadence.virtuoso.ade.simulationMonitor] - Peak resident memory used = 107 Mbytes. {"history": "ExplorerRun.0", "point": 12, "testname": "my_lib_pmos_tb_1", "cornername": "Nominal"}
[2026-04-11 10:14:06.666 +0700] [INFO] [cadence.virtuoso.ade.simulationMonitor] -    -   (APS) Multi-threading. The recommended number of threads is 1, consider adding +mt=1 on command line. {"history": "ExplorerRun.0", "point": 12, "testname": "my_lib_pmos_tb_1", "cornername": "Nominal"}
[2026-04-11 10:14:06.667 +0700] [INFO] [cadence.virtuoso.ade.simulationMonitor] - Total time required for dc analysis `dcOp': CPU = 1.581 ms, elapsed = 2.63405 ms. {"history": "ExplorerRun.0", "point": 12, "testname": "my_lib_pmos_tb_1", "cornername": "Nominal"}
[2026-04-11 10:14:06.667 +0700] [INFO] [cadence.virtuoso.ade.simulationMonitor] - Peak resident memory used = 109 Mbytes. {"history": "ExplorerRun.0", "point": 12, "testname": "my_lib_pmos_tb_1", "cornername": "Nominal"}
[2026-04-11 10:14:06.667 +0700] [INFO] [cadence.virtuoso.ade.simulationMonitor] - Notice from spectre at vg = 740e-03 during DC analysis `dc'.
    The value of parameter 'vg' has been reset to the original value 0.74. {"history": "ExplorerRun.0", "point": 12, "testname": "my_lib_pmos_tb_1", "cornername": "Nominal"}
[2026-04-11 10:14:06.667 +0700] [INFO] [cadence.virtuoso.ade.simulationMonitor] - Total time required for dc analysis `dc': CPU = 11.03 ms, elapsed = 11.9669 ms. {"history": "ExplorerRun.0", "point": 12, "testname": "my_lib_pmos_tb_1", "cornername": "Nominal"}
[2026-04-11 10:14:06.667 +0700] [INFO] [cadence.virtuoso.ade.simulationMonitor] - Peak resident memory used = 110 Mbytes. {"history": "ExplorerRun.0", "point": 12, "testname": "my_lib_pmos_tb_1", "cornername": "Nominal"}
[2026-04-11 10:14:06.668 +0700] [INFO] [cadence.virtuoso.ade.simulationMonitor] - Time used: CPU = 534 ms, elapsed = 21.3 s, util. = 2.5%. {"history": "ExplorerRun.0", "point": 12, "testname": "my_lib_pmos_tb_1", "cornername": "Nominal"}
[2026-04-11 10:14:06.668 +0700] [INFO] [cadence.virtuoso.ade.simulationMonitor] - Time spent in licensing: elapsed = 20.8 s, percentage of total = 97.5%. {"history": "ExplorerRun.0", "point": 12, "testname": "my_lib_pmos_tb_1", "cornername": "Nominal"}
[2026-04-11 10:14:06.668 +0700] [INFO] [cadence.virtuoso.ade.simulationMonitor] - Peak memory used = 111 Mbytes. {"history": "ExplorerRun.0", "point": 12, "testname": "my_lib_pmos_tb_1", "cornername": "Nominal"}
[2026-04-11 10:14:06.668 +0700] [PROCESS] [cadence.virtuoso.ade.simulationMonitor] - Simulation started at: 10:13:44 AM, Sat Apr 11, 2026, ended at: 10:14:06 AM, Sat Apr 11, 2026, with elapsed time (wall clock): 21.3 s. {"history": "ExplorerRun.0", "point": 12, "testname": "my_lib_pmos_tb_1", "cornername": "Nominal"}
[2026-04-11 10:14:06.668 +0700] [PROCESS] [cadence.virtuoso.ade.simulationMonitor] - spectre completes with 0 errors, 0 warnings, and 5 notices. {"history": "ExplorerRun.0", "point": 12, "testname": "my_lib_pmos_tb_1", "cornername": "Nominal"}
[2026-04-11 10:14:06.669 +0700] [PROCESS] [cadence.virtuoso.ade.simulationMonitor] - Simulator exited {"hostname": "dtvt_13", "processid": 12438, "history": "ExplorerRun.0", "testname": "my_lib_pmos_tb_1", "cornername": "Nominal", "point": 12, "logfile": "/home/dtvt_13/truong/logs_dtvt_13/logs0/Job17.log", "exitStatus": "0"}
[2026-04-11 10:14:06.669 +0700] [PROCESS] [cadence.virtuoso.ade.simulationMonitor] - Finished Simulation {"hostname": "dtvt_13", "processid": 12438, "history": "ExplorerRun.0", "testname": "my_lib_pmos_tb_1", "cornername": "Nominal", "point": 12, "logfile": "/home/dtvt_13/truong/logs_dtvt_13/logs0/Job17.log", "simid": "12"}
[2026-04-11 10:14:07.683 +0700] [PROCESS] [cadence.virtuoso.ade.simulationMonitor] - Point Finished {"hostname": "dtvt_13", "processid": 12438, "history": "ExplorerRun.0", "testname": "my_lib_pmos_tb_1", "cornername": "Nominal", "point": 12, "logfile": "/home/dtvt_13/truong/logs_dtvt_13/logs0/Job17.log"}
[2026-04-11 10:14:07.691 +0700] [PROCESS] [cadence.virtuoso.ade.simulationMonitor] - HostInfo:
Host name (type):	dtvt_13 (x86_64)
Operating system:	Linux 3.10.0-1160.118.1.el7.x86_64 #1 SMP Wed Apr 24 16:01:50 UTC 2024 {"hostname": "dtvt_13", "processid": 12438, "history": "ExplorerRun.0", "testname": "my_lib_pmos_tb_1", "cornername": "Nominal", "point": 12, "logfile": "/home/dtvt_13/truong/logs_dtvt_13/logs0/Job17.log", "nodename": "dtvt_13", "domainname": "(none)", "machine": "x86_64", "sysname": "Linux", "release": "3.10.0-1160.118.1.el7.x86_64", "version": "#1 SMP Wed Apr 24 16:01:50 UTC 2024"}
[2026-04-11 10:14:07.692 +0700] [PROCESS] [cadence.virtuoso.ade.simulationMonitor] - UsageInfo:
pid=12438
totalPhysicalMemory=15.208324GB,Used=14.836300GB,totalVirtualMemory=22.895821GB,Used=14.877071GB
Cpu: Cores=24, Load average:0.490000,0.330000,0.260000 {"hostname": "dtvt_13", "processid": 12438, "history": "ExplorerRun.0", "testname": "my_lib_pmos_tb_1", "cornername": "Nominal", "point": 12, "logfile": "/home/dtvt_13/truong/logs_dtvt_13/logs0/Job17.log", "pid": "12438", "totalPhysicalMemory": "15.208324", "physicalMemoryUsed": "14.836300", "totalVirtualMemory": "22.895821", "virtualMemoryUsed": "14.877071", "cpuCores": "24", "processes": "2643", "loadAverage1": "0.490000", "loadAverage5": "0.330000", "loadAverage15": "0.260000", "loadAverage1Percent": "0.020417"}
[2026-04-11 10:14:07.693 +0700] [EVENT] [cadence.virtuoso.ade.simulationMonitor] - NewPoint {"history": "ExplorerRun.0", "point": 13, "testname": "my_lib_pmos_tb_1", "cornername": "Nominal", "event": "NewPoint", "EventSource": "Simulation Monitor", "HistoryName": "ExplorerRun.0", "logFile": "/home/dtvt_13/truong/logs_dtvt_13/logs0/Job17.log", "logFileSize": "110069"}
[2026-04-11 10:14:07.794 +0700] [EVENT] [cadence.virtuoso.ade.simulationMonitor] - NewPoint {"history": "ExplorerRun.0", "point": 13, "testname": "my_lib_pmos_tb_1", "cornername": "Nominal", "event": "NewPoint", "EventSource": "spectre", "HistoryName": "ExplorerRun.0", "logFile": "/home/dtvt_13/simulation/my_lib/pmos_tb/maestro/results/maestro/ExplorerRun.0/13/my_lib_pmos_tb_1/psf/spectre.out", "logFileSize": "-1"}
[2026-04-11 10:14:07.803 +0700] [PROCESS] [cadence.virtuoso.ade.simulationMonitor] - Simulator launched {"hostname": "dtvt_13", "processid": 12438, "history": "ExplorerRun.0", "testname": "my_lib_pmos_tb_1", "cornername": "Nominal", "point": 13, "logfile": "/home/dtvt_13/truong/logs_dtvt_13/logs0/Job17.log", "simid": "13"}
[2026-04-11 10:14:07.804 +0700] [PROCESS] [cadence.virtuoso.ade.simulationMonitor] - Started Simulation {"hostname": "dtvt_13", "processid": 12438, "history": "ExplorerRun.0", "testname": "my_lib_pmos_tb_1", "cornername": "Nominal", "point": 13, "logfile": "/home/dtvt_13/truong/logs_dtvt_13/logs0/Job17.log"}
[2026-04-11 10:14:29.576 +0700] [PROCESS] [cadence.virtuoso.ade.simulationMonitor] - Finished simulating for one point {"hostname": "dtvt_13", "processid": 12438, "history": "ExplorerRun.0", "testname": "my_lib_pmos_tb_1", "cornername": "Nominal", "point": 13, "logfile": "/home/dtvt_13/truong/logs_dtvt_13/logs0/Job17.log", "simid": "13"}
[2026-04-11 10:14:29.577 +0700] [INFO] [cadence.virtuoso.ade.simulationMonitor] - Peak resident memory used = 96 Mbytes. {"history": "ExplorerRun.0", "point": 13, "testname": "my_lib_pmos_tb_1", "cornername": "Nominal"}
[2026-04-11 10:14:29.577 +0700] [INFO] [cadence.virtuoso.ade.simulationMonitor] - Peak resident memory used = 105 Mbytes. {"history": "ExplorerRun.0", "point": 13, "testname": "my_lib_pmos_tb_1", "cornername": "Nominal"}
[2026-04-11 10:14:29.578 +0700] [INFO] [cadence.virtuoso.ade.simulationMonitor] - Notice from spectre during hierarchy flattening.
    The value 'psf' specified for the 'checklimitdest' option will no longer be supported in future releases. Use 'spectre -h' to see other recommended values for the 'checklimitdest' option. {"history": "ExplorerRun.0", "point": 13, "testname": "my_lib_pmos_tb_1", "cornername": "Nominal"}
[2026-04-11 10:14:29.578 +0700] [INFO] [cadence.virtuoso.ade.simulationMonitor] - Peak resident memory used = 106 Mbytes. {"history": "ExplorerRun.0", "point": 13, "testname": "my_lib_pmos_tb_1", "cornername": "Nominal"}
[2026-04-11 10:14:29.578 +0700] [INFO] [cadence.virtuoso.ade.simulationMonitor] - Notice from spectre during initial setup.
    Multithreading is disabled due to the size of the design being too small. {"history": "ExplorerRun.0", "point": 13, "testname": "my_lib_pmos_tb_1", "cornername": "Nominal"}
[2026-04-11 10:14:29.579 +0700] [INFO] [cadence.virtuoso.ade.simulationMonitor] -               nodes 8 {"history": "ExplorerRun.0", "point": 13, "testname": "my_lib_pmos_tb_1", "cornername": "Nominal"}
[2026-04-11 10:14:29.579 +0700] [INFO] [cadence.virtuoso.ade.simulationMonitor] - Notice from spectre during initial setup.
    APS enabled. {"history": "ExplorerRun.0", "point": 13, "testname": "my_lib_pmos_tb_1", "cornername": "Nominal"}
[2026-04-11 10:14:29.579 +0700] [INFO] [cadence.virtuoso.ade.simulationMonitor] - Peak resident memory used = 107 Mbytes. {"history": "ExplorerRun.0", "point": 13, "testname": "my_lib_pmos_tb_1", "cornername": "Nominal"}
[2026-04-11 10:14:29.580 +0700] [INFO] [cadence.virtuoso.ade.simulationMonitor] -    -   (APS) Multi-threading. The recommended number of threads is 1, consider adding +mt=1 on command line. {"history": "ExplorerRun.0", "point": 13, "testname": "my_lib_pmos_tb_1", "cornername": "Nominal"}
[2026-04-11 10:14:29.580 +0700] [INFO] [cadence.virtuoso.ade.simulationMonitor] - Total time required for dc analysis `dcOp': CPU = 1.637 ms, elapsed = 2.64001 ms. {"history": "ExplorerRun.0", "point": 13, "testname": "my_lib_pmos_tb_1", "cornername": "Nominal"}
[2026-04-11 10:14:29.580 +0700] [INFO] [cadence.virtuoso.ade.simulationMonitor] - Peak resident memory used = 109 Mbytes. {"history": "ExplorerRun.0", "point": 13, "testname": "my_lib_pmos_tb_1", "cornername": "Nominal"}
[2026-04-11 10:14:29.580 +0700] [INFO] [cadence.virtuoso.ade.simulationMonitor] - Notice from spectre at vg = 740e-03 during DC analysis `dc'.
    The value of parameter 'vg' has been reset to the original value 0.74. {"history": "ExplorerRun.0", "point": 13, "testname": "my_lib_pmos_tb_1", "cornername": "Nominal"}
[2026-04-11 10:14:29.580 +0700] [INFO] [cadence.virtuoso.ade.simulationMonitor] - Total time required for dc analysis `dc': CPU = 9.378 ms, elapsed = 10.2761 ms. {"history": "ExplorerRun.0", "point": 13, "testname": "my_lib_pmos_tb_1", "cornername": "Nominal"}
[2026-04-11 10:14:29.581 +0700] [INFO] [cadence.virtuoso.ade.simulationMonitor] - Peak resident memory used = 110 Mbytes. {"history": "ExplorerRun.0", "point": 13, "testname": "my_lib_pmos_tb_1", "cornername": "Nominal"}
[2026-04-11 10:14:29.581 +0700] [INFO] [cadence.virtuoso.ade.simulationMonitor] - Time used: CPU = 562 ms, elapsed = 21.3 s, util. = 2.64%. {"history": "ExplorerRun.0", "point": 13, "testname": "my_lib_pmos_tb_1", "cornername": "Nominal"}
[2026-04-11 10:14:29.581 +0700] [INFO] [cadence.virtuoso.ade.simulationMonitor] - Time spent in licensing: elapsed = 20.7 s, percentage of total = 97.2%. {"history": "ExplorerRun.0", "point": 13, "testname": "my_lib_pmos_tb_1", "cornername": "Nominal"}
[2026-04-11 10:14:29.581 +0700] [INFO] [cadence.virtuoso.ade.simulationMonitor] - Peak memory used = 111 Mbytes. {"history": "ExplorerRun.0", "point": 13, "testname": "my_lib_pmos_tb_1", "cornername": "Nominal"}
[2026-04-11 10:14:29.581 +0700] [PROCESS] [cadence.virtuoso.ade.simulationMonitor] - Simulation started at: 10:14:08 AM, Sat Apr 11, 2026, ended at: 10:14:29 AM, Sat Apr 11, 2026, with elapsed time (wall clock): 21.3 s. {"history": "ExplorerRun.0", "point": 13, "testname": "my_lib_pmos_tb_1", "cornername": "Nominal"}
[2026-04-11 10:14:29.582 +0700] [PROCESS] [cadence.virtuoso.ade.simulationMonitor] - spectre completes with 0 errors, 0 warnings, and 5 notices. {"history": "ExplorerRun.0", "point": 13, "testname": "my_lib_pmos_tb_1", "cornername": "Nominal"}
[2026-04-11 10:14:29.582 +0700] [PROCESS] [cadence.virtuoso.ade.simulationMonitor] - Simulator exited {"hostname": "dtvt_13", "processid": 12438, "history": "ExplorerRun.0", "testname": "my_lib_pmos_tb_1", "cornername": "Nominal", "point": 13, "logfile": "/home/dtvt_13/truong/logs_dtvt_13/logs0/Job17.log", "exitStatus": "0"}
[2026-04-11 10:14:29.582 +0700] [PROCESS] [cadence.virtuoso.ade.simulationMonitor] - Finished Simulation {"hostname": "dtvt_13", "processid": 12438, "history": "ExplorerRun.0", "testname": "my_lib_pmos_tb_1", "cornername": "Nominal", "point": 13, "logfile": "/home/dtvt_13/truong/logs_dtvt_13/logs0/Job17.log", "simid": "13"}
[2026-04-11 10:14:30.596 +0700] [PROCESS] [cadence.virtuoso.ade.simulationMonitor] - Point Finished {"hostname": "dtvt_13", "processid": 12438, "history": "ExplorerRun.0", "testname": "my_lib_pmos_tb_1", "cornername": "Nominal", "point": 13, "logfile": "/home/dtvt_13/truong/logs_dtvt_13/logs0/Job17.log"}
[2026-04-11 10:14:30.603 +0700] [PROCESS] [cadence.virtuoso.ade.simulationMonitor] - HostInfo:
Host name (type):	dtvt_13 (x86_64)
Operating system:	Linux 3.10.0-1160.118.1.el7.x86_64 #1 SMP Wed Apr 24 16:01:50 UTC 2024 {"hostname": "dtvt_13", "processid": 12438, "history": "ExplorerRun.0", "testname": "my_lib_pmos_tb_1", "cornername": "Nominal", "point": 13, "logfile": "/home/dtvt_13/truong/logs_dtvt_13/logs0/Job17.log", "nodename": "dtvt_13", "domainname": "(none)", "machine": "x86_64", "sysname": "Linux", "release": "3.10.0-1160.118.1.el7.x86_64", "version": "#1 SMP Wed Apr 24 16:01:50 UTC 2024"}
[2026-04-11 10:14:30.604 +0700] [PROCESS] [cadence.virtuoso.ade.simulationMonitor] - UsageInfo:
pid=12438
totalPhysicalMemory=15.208324GB,Used=14.837364GB,totalVirtualMemory=22.895821GB,Used=14.878136GB
Cpu: Cores=24, Load average:0.400000,0.320000,0.250000 {"hostname": "dtvt_13", "processid": 12438, "history": "ExplorerRun.0", "testname": "my_lib_pmos_tb_1", "cornername": "Nominal", "point": 13, "logfile": "/home/dtvt_13/truong/logs_dtvt_13/logs0/Job17.log", "pid": "12438", "totalPhysicalMemory": "15.208324", "physicalMemoryUsed": "14.837364", "totalVirtualMemory": "22.895821", "virtualMemoryUsed": "14.878136", "cpuCores": "24", "processes": "2642", "loadAverage1": "0.400000", "loadAverage5": "0.320000", "loadAverage15": "0.250000", "loadAverage1Percent": "0.016667"}
[2026-04-11 10:14:30.604 +0700] [EVENT] [cadence.virtuoso.ade.simulationMonitor] - NewPoint {"history": "ExplorerRun.0", "point": 14, "testname": "my_lib_pmos_tb_1", "cornername": "Nominal", "event": "NewPoint", "EventSource": "Simulation Monitor", "HistoryName": "ExplorerRun.0", "logFile": "/home/dtvt_13/truong/logs_dtvt_13/logs0/Job17.log", "logFileSize": "119066"}
[2026-04-11 10:14:30.710 +0700] [EVENT] [cadence.virtuoso.ade.simulationMonitor] - NewPoint {"history": "ExplorerRun.0", "point": 14, "testname": "my_lib_pmos_tb_1", "cornername": "Nominal", "event": "NewPoint", "EventSource": "spectre", "HistoryName": "ExplorerRun.0", "logFile": "/home/dtvt_13/simulation/my_lib/pmos_tb/maestro/results/maestro/ExplorerRun.0/14/my_lib_pmos_tb_1/psf/spectre.out", "logFileSize": "-1"}
[2026-04-11 10:14:30.720 +0700] [PROCESS] [cadence.virtuoso.ade.simulationMonitor] - Simulator launched {"hostname": "dtvt_13", "processid": 12438, "history": "ExplorerRun.0", "testname": "my_lib_pmos_tb_1", "cornername": "Nominal", "point": 14, "logfile": "/home/dtvt_13/truong/logs_dtvt_13/logs0/Job17.log", "simid": "14"}
[2026-04-11 10:14:30.721 +0700] [PROCESS] [cadence.virtuoso.ade.simulationMonitor] - Started Simulation {"hostname": "dtvt_13", "processid": 12438, "history": "ExplorerRun.0", "testname": "my_lib_pmos_tb_1", "cornername": "Nominal", "point": 14, "logfile": "/home/dtvt_13/truong/logs_dtvt_13/logs0/Job17.log"}
[2026-04-11 10:14:52.506 +0700] [PROCESS] [cadence.virtuoso.ade.simulationMonitor] - Finished simulating for one point {"hostname": "dtvt_13", "processid": 12438, "history": "ExplorerRun.0", "testname": "my_lib_pmos_tb_1", "cornername": "Nominal", "point": 14, "logfile": "/home/dtvt_13/truong/logs_dtvt_13/logs0/Job17.log", "simid": "14"}
[2026-04-11 10:14:52.507 +0700] [INFO] [cadence.virtuoso.ade.simulationMonitor] - Peak resident memory used = 96 Mbytes. {"history": "ExplorerRun.0", "point": 14, "testname": "my_lib_pmos_tb_1", "cornername": "Nominal"}
[2026-04-11 10:14:52.507 +0700] [INFO] [cadence.virtuoso.ade.simulationMonitor] - Peak resident memory used = 105 Mbytes. {"history": "ExplorerRun.0", "point": 14, "testname": "my_lib_pmos_tb_1", "cornername": "Nominal"}
[2026-04-11 10:14:52.507 +0700] [INFO] [cadence.virtuoso.ade.simulationMonitor] - Notice from spectre during hierarchy flattening.
    The value 'psf' specified for the 'checklimitdest' option will no longer be supported in future releases. Use 'spectre -h' to see other recommended values for the 'checklimitdest' option. {"history": "ExplorerRun.0", "point": 14, "testname": "my_lib_pmos_tb_1", "cornername": "Nominal"}
[2026-04-11 10:14:52.507 +0700] [INFO] [cadence.virtuoso.ade.simulationMonitor] - Peak resident memory used = 106 Mbytes. {"history": "ExplorerRun.0", "point": 14, "testname": "my_lib_pmos_tb_1", "cornername": "Nominal"}
[2026-04-11 10:14:52.507 +0700] [INFO] [cadence.virtuoso.ade.simulationMonitor] - Notice from spectre during initial setup.
    Multithreading is disabled due to the size of the design being too small. {"history": "ExplorerRun.0", "point": 14, "testname": "my_lib_pmos_tb_1", "cornername": "Nominal"}
[2026-04-11 10:14:52.507 +0700] [INFO] [cadence.virtuoso.ade.simulationMonitor] -               nodes 8 {"history": "ExplorerRun.0", "point": 14, "testname": "my_lib_pmos_tb_1", "cornername": "Nominal"}
[2026-04-11 10:14:52.507 +0700] [INFO] [cadence.virtuoso.ade.simulationMonitor] - Notice from spectre during initial setup.
    APS enabled. {"history": "ExplorerRun.0", "point": 14, "testname": "my_lib_pmos_tb_1", "cornername": "Nominal"}
[2026-04-11 10:14:52.508 +0700] [INFO] [cadence.virtuoso.ade.simulationMonitor] - Peak resident memory used = 107 Mbytes. {"history": "ExplorerRun.0", "point": 14, "testname": "my_lib_pmos_tb_1", "cornername": "Nominal"}
[2026-04-11 10:14:52.508 +0700] [INFO] [cadence.virtuoso.ade.simulationMonitor] -    -   (APS) Multi-threading. The recommended number of threads is 1, consider adding +mt=1 on command line. {"history": "ExplorerRun.0", "point": 14, "testname": "my_lib_pmos_tb_1", "cornername": "Nominal"}
[2026-04-11 10:14:52.508 +0700] [INFO] [cadence.virtuoso.ade.simulationMonitor] - Total time required for dc analysis `dcOp': CPU = 1.519 ms, elapsed = 2.49004 ms. {"history": "ExplorerRun.0", "point": 14, "testname": "my_lib_pmos_tb_1", "cornername": "Nominal"}
[2026-04-11 10:14:52.508 +0700] [INFO] [cadence.virtuoso.ade.simulationMonitor] - Peak resident memory used = 109 Mbytes. {"history": "ExplorerRun.0", "point": 14, "testname": "my_lib_pmos_tb_1", "cornername": "Nominal"}
[2026-04-11 10:14:52.508 +0700] [INFO] [cadence.virtuoso.ade.simulationMonitor] - Notice from spectre at vg = 740e-03 during DC analysis `dc'.
    The value of parameter 'vg' has been reset to the original value 0.74. {"history": "ExplorerRun.0", "point": 14, "testname": "my_lib_pmos_tb_1", "cornername": "Nominal"}
[2026-04-11 10:14:52.508 +0700] [INFO] [cadence.virtuoso.ade.simulationMonitor] - Total time required for dc analysis `dc': CPU = 2.651 ms, elapsed = 3.63302 ms. {"history": "ExplorerRun.0", "point": 14, "testname": "my_lib_pmos_tb_1", "cornername": "Nominal"}
[2026-04-11 10:14:52.508 +0700] [INFO] [cadence.virtuoso.ade.simulationMonitor] - Peak resident memory used = 110 Mbytes. {"history": "ExplorerRun.0", "point": 14, "testname": "my_lib_pmos_tb_1", "cornername": "Nominal"}
[2026-04-11 10:14:52.508 +0700] [INFO] [cadence.virtuoso.ade.simulationMonitor] - Time used: CPU = 499 ms, elapsed = 21.3 s, util. = 2.34%. {"history": "ExplorerRun.0", "point": 14, "testname": "my_lib_pmos_tb_1", "cornername": "Nominal"}
[2026-04-11 10:14:52.508 +0700] [INFO] [cadence.virtuoso.ade.simulationMonitor] - Time spent in licensing: elapsed = 20.8 s, percentage of total = 97.6%. {"history": "ExplorerRun.0", "point": 14, "testname": "my_lib_pmos_tb_1", "cornername": "Nominal"}
[2026-04-11 10:14:52.508 +0700] [INFO] [cadence.virtuoso.ade.simulationMonitor] - Peak memory used = 111 Mbytes. {"history": "ExplorerRun.0", "point": 14, "testname": "my_lib_pmos_tb_1", "cornername": "Nominal"}
[2026-04-11 10:14:52.508 +0700] [PROCESS] [cadence.virtuoso.ade.simulationMonitor] - Simulation started at: 10:14:30 AM, Sat Apr 11, 2026, ended at: 10:14:52 AM, Sat Apr 11, 2026, with elapsed time (wall clock): 21.3 s. {"history": "ExplorerRun.0", "point": 14, "testname": "my_lib_pmos_tb_1", "cornername": "Nominal"}
[2026-04-11 10:14:52.508 +0700] [PROCESS] [cadence.virtuoso.ade.simulationMonitor] - spectre completes with 0 errors, 0 warnings, and 5 notices. {"history": "ExplorerRun.0", "point": 14, "testname": "my_lib_pmos_tb_1", "cornername": "Nominal"}
[2026-04-11 10:14:52.508 +0700] [PROCESS] [cadence.virtuoso.ade.simulationMonitor] - Simulator exited {"hostname": "dtvt_13", "processid": 12438, "history": "ExplorerRun.0", "testname": "my_lib_pmos_tb_1", "cornername": "Nominal", "point": 14, "logfile": "/home/dtvt_13/truong/logs_dtvt_13/logs0/Job17.log", "exitStatus": "0"}
[2026-04-11 10:14:52.508 +0700] [PROCESS] [cadence.virtuoso.ade.simulationMonitor] - Finished Simulation {"hostname": "dtvt_13", "processid": 12438, "history": "ExplorerRun.0", "testname": "my_lib_pmos_tb_1", "cornername": "Nominal", "point": 14, "logfile": "/home/dtvt_13/truong/logs_dtvt_13/logs0/Job17.log", "simid": "14"}
[2026-04-11 10:14:53.013 +0700] [PROCESS] [cadence.virtuoso.ade.simulationMonitor] - Point Finished {"hostname": "dtvt_13", "processid": 12438, "history": "ExplorerRun.0", "testname": "my_lib_pmos_tb_1", "cornername": "Nominal", "point": 14, "logfile": "/home/dtvt_13/truong/logs_dtvt_13/logs0/Job17.log"}
[2026-04-11 10:14:53.015 +0700] [PROCESS] [cadence.virtuoso.ade.simulationMonitor] - HostInfo:
Host name (type):	dtvt_13 (x86_64)
Operating system:	Linux 3.10.0-1160.118.1.el7.x86_64 #1 SMP Wed Apr 24 16:01:50 UTC 2024 {"hostname": "dtvt_13", "processid": 12438, "history": "ExplorerRun.0", "testname": "my_lib_pmos_tb_1", "cornername": "Nominal", "point": 14, "logfile": "/home/dtvt_13/truong/logs_dtvt_13/logs0/Job17.log", "nodename": "dtvt_13", "domainname": "(none)", "machine": "x86_64", "sysname": "Linux", "release": "3.10.0-1160.118.1.el7.x86_64", "version": "#1 SMP Wed Apr 24 16:01:50 UTC 2024"}
[2026-04-11 10:14:53.015 +0700] [PROCESS] [cadence.virtuoso.ade.simulationMonitor] - UsageInfo:
pid=12438
totalPhysicalMemory=15.208324GB,Used=14.448677GB,totalVirtualMemory=22.895821GB,Used=14.489449GB
Cpu: Cores=24, Load average:0.370000,0.310000,0.250000 {"hostname": "dtvt_13", "processid": 12438, "history": "ExplorerRun.0", "testname": "my_lib_pmos_tb_1", "cornername": "Nominal", "point": 14, "logfile": "/home/dtvt_13/truong/logs_dtvt_13/logs0/Job17.log", "pid": "12438", "totalPhysicalMemory": "15.208324", "physicalMemoryUsed": "14.448677", "totalVirtualMemory": "22.895821", "virtualMemoryUsed": "14.489449", "cpuCores": "24", "processes": "2584", "loadAverage1": "0.370000", "loadAverage5": "0.310000", "loadAverage15": "0.250000", "loadAverage1Percent": "0.015417"}
[2026-04-11 10:14:53.016 +0700] [EVENT] [cadence.virtuoso.ade.simulationMonitor] - NewPoint {"history": "ExplorerRun.0", "point": 15, "testname": "my_lib_pmos_tb_1", "cornername": "Nominal", "event": "NewPoint", "EventSource": "Simulation Monitor", "HistoryName": "ExplorerRun.0", "logFile": "/home/dtvt_13/truong/logs_dtvt_13/logs0/Job17.log", "logFileSize": "128063"}
[2026-04-11 10:14:53.120 +0700] [EVENT] [cadence.virtuoso.ade.simulationMonitor] - NewPoint {"history": "ExplorerRun.0", "point": 15, "testname": "my_lib_pmos_tb_1", "cornername": "Nominal", "event": "NewPoint", "EventSource": "spectre", "HistoryName": "ExplorerRun.0", "logFile": "/home/dtvt_13/simulation/my_lib/pmos_tb/maestro/results/maestro/ExplorerRun.0/15/my_lib_pmos_tb_1/psf/spectre.out", "logFileSize": "-1"}
[2026-04-11 10:14:53.123 +0700] [PROCESS] [cadence.virtuoso.ade.simulationMonitor] - Simulator launched {"hostname": "dtvt_13", "processid": 12438, "history": "ExplorerRun.0", "testname": "my_lib_pmos_tb_1", "cornername": "Nominal", "point": 15, "logfile": "/home/dtvt_13/truong/logs_dtvt_13/logs0/Job17.log", "simid": "15"}
[2026-04-11 10:14:53.123 +0700] [PROCESS] [cadence.virtuoso.ade.simulationMonitor] - Started Simulation {"hostname": "dtvt_13", "processid": 12438, "history": "ExplorerRun.0", "testname": "my_lib_pmos_tb_1", "cornername": "Nominal", "point": 15, "logfile": "/home/dtvt_13/truong/logs_dtvt_13/logs0/Job17.log"}
[2026-04-11 10:15:14.398 +0700] [PROCESS] [cadence.virtuoso.ade.simulationMonitor] - Finished simulating for one point {"hostname": "dtvt_13", "processid": 12438, "history": "ExplorerRun.0", "testname": "my_lib_pmos_tb_1", "cornername": "Nominal", "point": 15, "logfile": "/home/dtvt_13/truong/logs_dtvt_13/logs0/Job17.log", "simid": "15"}
[2026-04-11 10:15:14.399 +0700] [INFO] [cadence.virtuoso.ade.simulationMonitor] - Peak resident memory used = 96 Mbytes. {"history": "ExplorerRun.0", "point": 15, "testname": "my_lib_pmos_tb_1", "cornername": "Nominal"}
[2026-04-11 10:15:14.399 +0700] [INFO] [cadence.virtuoso.ade.simulationMonitor] - Peak resident memory used = 105 Mbytes. {"history": "ExplorerRun.0", "point": 15, "testname": "my_lib_pmos_tb_1", "cornername": "Nominal"}
[2026-04-11 10:15:14.400 +0700] [INFO] [cadence.virtuoso.ade.simulationMonitor] - Notice from spectre during hierarchy flattening.
    The value 'psf' specified for the 'checklimitdest' option will no longer be supported in future releases. Use 'spectre -h' to see other recommended values for the 'checklimitdest' option. {"history": "ExplorerRun.0", "point": 15, "testname": "my_lib_pmos_tb_1", "cornername": "Nominal"}
[2026-04-11 10:15:14.400 +0700] [INFO] [cadence.virtuoso.ade.simulationMonitor] - Peak resident memory used = 106 Mbytes. {"history": "ExplorerRun.0", "point": 15, "testname": "my_lib_pmos_tb_1", "cornername": "Nominal"}
[2026-04-11 10:15:14.400 +0700] [INFO] [cadence.virtuoso.ade.simulationMonitor] - Notice from spectre during initial setup.
    Multithreading is disabled due to the size of the design being too small. {"history": "ExplorerRun.0", "point": 15, "testname": "my_lib_pmos_tb_1", "cornername": "Nominal"}
[2026-04-11 10:15:14.401 +0700] [INFO] [cadence.virtuoso.ade.simulationMonitor] -               nodes 8 {"history": "ExplorerRun.0", "point": 15, "testname": "my_lib_pmos_tb_1", "cornername": "Nominal"}
[2026-04-11 10:15:14.401 +0700] [INFO] [cadence.virtuoso.ade.simulationMonitor] - Notice from spectre during initial setup.
    APS enabled. {"history": "ExplorerRun.0", "point": 15, "testname": "my_lib_pmos_tb_1", "cornername": "Nominal"}
[2026-04-11 10:15:14.402 +0700] [INFO] [cadence.virtuoso.ade.simulationMonitor] - Peak resident memory used = 107 Mbytes. {"history": "ExplorerRun.0", "point": 15, "testname": "my_lib_pmos_tb_1", "cornername": "Nominal"}
[2026-04-11 10:15:14.402 +0700] [INFO] [cadence.virtuoso.ade.simulationMonitor] -    -   (APS) Multi-threading. The recommended number of threads is 1, consider adding +mt=1 on command line. {"history": "ExplorerRun.0", "point": 15, "testname": "my_lib_pmos_tb_1", "cornername": "Nominal"}
[2026-04-11 10:15:14.402 +0700] [INFO] [cadence.virtuoso.ade.simulationMonitor] - Total time required for dc analysis `dcOp': CPU = 1.495 ms, elapsed = 2.38585 ms. {"history": "ExplorerRun.0", "point": 15, "testname": "my_lib_pmos_tb_1", "cornername": "Nominal"}
[2026-04-11 10:15:14.402 +0700] [INFO] [cadence.virtuoso.ade.simulationMonitor] - Peak resident memory used = 109 Mbytes. {"history": "ExplorerRun.0", "point": 15, "testname": "my_lib_pmos_tb_1", "cornername": "Nominal"}
[2026-04-11 10:15:14.402 +0700] [INFO] [cadence.virtuoso.ade.simulationMonitor] - Notice from spectre at vg = 740e-03 during DC analysis `dc'.
    The value of parameter 'vg' has been reset to the original value 0.74. {"history": "ExplorerRun.0", "point": 15, "testname": "my_lib_pmos_tb_1", "cornername": "Nominal"}
[2026-04-11 10:15:14.402 +0700] [INFO] [cadence.virtuoso.ade.simulationMonitor] - Total time required for dc analysis `dc': CPU = 6.53 ms, elapsed = 7.4861 ms. {"history": "ExplorerRun.0", "point": 15, "testname": "my_lib_pmos_tb_1", "cornername": "Nominal"}
[2026-04-11 10:15:14.403 +0700] [INFO] [cadence.virtuoso.ade.simulationMonitor] - Peak resident memory used = 110 Mbytes. {"history": "ExplorerRun.0", "point": 15, "testname": "my_lib_pmos_tb_1", "cornername": "Nominal"}
[2026-04-11 10:15:14.403 +0700] [INFO] [cadence.virtuoso.ade.simulationMonitor] - Time used: CPU = 485 ms, elapsed = 21.1 s, util. = 2.3%. {"history": "ExplorerRun.0", "point": 15, "testname": "my_lib_pmos_tb_1", "cornername": "Nominal"}
[2026-04-11 10:15:14.403 +0700] [INFO] [cadence.virtuoso.ade.simulationMonitor] - Time spent in licensing: elapsed = 20.6 s, percentage of total = 97.6%. {"history": "ExplorerRun.0", "point": 15, "testname": "my_lib_pmos_tb_1", "cornername": "Nominal"}
[2026-04-11 10:15:14.403 +0700] [INFO] [cadence.virtuoso.ade.simulationMonitor] - Peak memory used = 111 Mbytes. {"history": "ExplorerRun.0", "point": 15, "testname": "my_lib_pmos_tb_1", "cornername": "Nominal"}
[2026-04-11 10:15:14.403 +0700] [PROCESS] [cadence.virtuoso.ade.simulationMonitor] - Simulation started at: 10:14:53 AM, Sat Apr 11, 2026, ended at: 10:15:14 AM, Sat Apr 11, 2026, with elapsed time (wall clock): 21.1 s. {"history": "ExplorerRun.0", "point": 15, "testname": "my_lib_pmos_tb_1", "cornername": "Nominal"}
[2026-04-11 10:15:14.404 +0700] [PROCESS] [cadence.virtuoso.ade.simulationMonitor] - spectre completes with 0 errors, 0 warnings, and 5 notices. {"history": "ExplorerRun.0", "point": 15, "testname": "my_lib_pmos_tb_1", "cornername": "Nominal"}
[2026-04-11 10:15:14.404 +0700] [PROCESS] [cadence.virtuoso.ade.simulationMonitor] - Simulator exited {"hostname": "dtvt_13", "processid": 12438, "history": "ExplorerRun.0", "testname": "my_lib_pmos_tb_1", "cornername": "Nominal", "point": 15, "logfile": "/home/dtvt_13/truong/logs_dtvt_13/logs0/Job17.log", "exitStatus": "0"}
[2026-04-11 10:15:14.404 +0700] [PROCESS] [cadence.virtuoso.ade.simulationMonitor] - Finished Simulation {"hostname": "dtvt_13", "processid": 12438, "history": "ExplorerRun.0", "testname": "my_lib_pmos_tb_1", "cornername": "Nominal", "point": 15, "logfile": "/home/dtvt_13/truong/logs_dtvt_13/logs0/Job17.log", "simid": "15"}
[2026-04-11 10:15:14.917 +0700] [PROCESS] [cadence.virtuoso.ade.simulationMonitor] - Point Finished {"hostname": "dtvt_13", "processid": 12438, "history": "ExplorerRun.0", "testname": "my_lib_pmos_tb_1", "cornername": "Nominal", "point": 15, "logfile": "/home/dtvt_13/truong/logs_dtvt_13/logs0/Job17.log"}
[2026-04-11 10:15:14.923 +0700] [PROCESS] [cadence.virtuoso.ade.simulationMonitor] - HostInfo:
Host name (type):	dtvt_13 (x86_64)
Operating system:	Linux 3.10.0-1160.118.1.el7.x86_64 #1 SMP Wed Apr 24 16:01:50 UTC 2024 {"hostname": "dtvt_13", "processid": 12438, "history": "ExplorerRun.0", "testname": "my_lib_pmos_tb_1", "cornername": "Nominal", "point": 15, "logfile": "/home/dtvt_13/truong/logs_dtvt_13/logs0/Job17.log", "nodename": "dtvt_13", "domainname": "(none)", "machine": "x86_64", "sysname": "Linux", "release": "3.10.0-1160.118.1.el7.x86_64", "version": "#1 SMP Wed Apr 24 16:01:50 UTC 2024"}
[2026-04-11 10:15:14.923 +0700] [PROCESS] [cadence.virtuoso.ade.simulationMonitor] - UsageInfo:
pid=12438
totalPhysicalMemory=15.208324GB,Used=14.451405GB,totalVirtualMemory=22.895821GB,Used=14.492176GB
Cpu: Cores=24, Load average:0.570000,0.370000,0.270000 {"hostname": "dtvt_13", "processid": 12438, "history": "ExplorerRun.0", "testname": "my_lib_pmos_tb_1", "cornername": "Nominal", "point": 15, "logfile": "/home/dtvt_13/truong/logs_dtvt_13/logs0/Job17.log", "pid": "12438", "totalPhysicalMemory": "15.208324", "physicalMemoryUsed": "14.451405", "totalVirtualMemory": "22.895821", "virtualMemoryUsed": "14.492176", "cpuCores": "24", "processes": "2582", "loadAverage1": "0.570000", "loadAverage5": "0.370000", "loadAverage15": "0.270000", "loadAverage1Percent": "0.023750"}
[2026-04-11 10:15:14.924 +0700] [EVENT] [cadence.virtuoso.ade.simulationMonitor] - NewPoint {"history": "ExplorerRun.0", "point": 16, "testname": "my_lib_pmos_tb_1", "cornername": "Nominal", "event": "NewPoint", "EventSource": "Simulation Monitor", "HistoryName": "ExplorerRun.0", "logFile": "/home/dtvt_13/truong/logs_dtvt_13/logs0/Job17.log", "logFileSize": "137057"}
[2026-04-11 10:15:15.025 +0700] [EVENT] [cadence.virtuoso.ade.simulationMonitor] - NewPoint {"history": "ExplorerRun.0", "point": 16, "testname": "my_lib_pmos_tb_1", "cornername": "Nominal", "event": "NewPoint", "EventSource": "spectre", "HistoryName": "ExplorerRun.0", "logFile": "/home/dtvt_13/simulation/my_lib/pmos_tb/maestro/results/maestro/ExplorerRun.0/16/my_lib_pmos_tb_1/psf/spectre.out", "logFileSize": "-1"}
[2026-04-11 10:15:15.034 +0700] [PROCESS] [cadence.virtuoso.ade.simulationMonitor] - Simulator launched {"hostname": "dtvt_13", "processid": 12438, "history": "ExplorerRun.0", "testname": "my_lib_pmos_tb_1", "cornername": "Nominal", "point": 16, "logfile": "/home/dtvt_13/truong/logs_dtvt_13/logs0/Job17.log", "simid": "16"}
[2026-04-11 10:15:15.035 +0700] [PROCESS] [cadence.virtuoso.ade.simulationMonitor] - Started Simulation {"hostname": "dtvt_13", "processid": 12438, "history": "ExplorerRun.0", "testname": "my_lib_pmos_tb_1", "cornername": "Nominal", "point": 16, "logfile": "/home/dtvt_13/truong/logs_dtvt_13/logs0/Job17.log"}
[2026-04-11 10:15:36.284 +0700] [INFO] [cadence.virtuoso.ade.simulationMonitor] - Peak resident memory used = 96 Mbytes. {"history": "ExplorerRun.0", "point": 16, "testname": "my_lib_pmos_tb_1", "cornername": "Nominal"}
[2026-04-11 10:15:36.284 +0700] [INFO] [cadence.virtuoso.ade.simulationMonitor] - Peak resident memory used = 105 Mbytes. {"history": "ExplorerRun.0", "point": 16, "testname": "my_lib_pmos_tb_1", "cornername": "Nominal"}
[2026-04-11 10:15:36.285 +0700] [INFO] [cadence.virtuoso.ade.simulationMonitor] - Notice from spectre during hierarchy flattening.
    The value 'psf' specified for the 'checklimitdest' option will no longer be supported in future releases. Use 'spectre -h' to see other recommended values for the 'checklimitdest' option. {"history": "ExplorerRun.0", "point": 16, "testname": "my_lib_pmos_tb_1", "cornername": "Nominal"}
[2026-04-11 10:15:36.285 +0700] [INFO] [cadence.virtuoso.ade.simulationMonitor] - Peak resident memory used = 106 Mbytes. {"history": "ExplorerRun.0", "point": 16, "testname": "my_lib_pmos_tb_1", "cornername": "Nominal"}
[2026-04-11 10:15:36.285 +0700] [INFO] [cadence.virtuoso.ade.simulationMonitor] - Notice from spectre during initial setup.
    Multithreading is disabled due to the size of the design being too small. {"history": "ExplorerRun.0", "point": 16, "testname": "my_lib_pmos_tb_1", "cornername": "Nominal"}
[2026-04-11 10:15:36.286 +0700] [INFO] [cadence.virtuoso.ade.simulationMonitor] -               nodes 8 {"history": "ExplorerRun.0", "point": 16, "testname": "my_lib_pmos_tb_1", "cornername": "Nominal"}
[2026-04-11 10:15:36.286 +0700] [INFO] [cadence.virtuoso.ade.simulationMonitor] - Notice from spectre during initial setup.
    APS enabled. {"history": "ExplorerRun.0", "point": 16, "testname": "my_lib_pmos_tb_1", "cornername": "Nominal"}
[2026-04-11 10:15:36.286 +0700] [INFO] [cadence.virtuoso.ade.simulationMonitor] - Peak resident memory used = 107 Mbytes. {"history": "ExplorerRun.0", "point": 16, "testname": "my_lib_pmos_tb_1", "cornername": "Nominal"}
[2026-04-11 10:15:36.286 +0700] [INFO] [cadence.virtuoso.ade.simulationMonitor] -    -   (APS) Multi-threading. The recommended number of threads is 1, consider adding +mt=1 on command line. {"history": "ExplorerRun.0", "point": 16, "testname": "my_lib_pmos_tb_1", "cornername": "Nominal"}
[2026-04-11 10:15:36.286 +0700] [INFO] [cadence.virtuoso.ade.simulationMonitor] - Total time required for dc analysis `dcOp': CPU = 2.174 ms, elapsed = 24.276 ms. {"history": "ExplorerRun.0", "point": 16, "testname": "my_lib_pmos_tb_1", "cornername": "Nominal"}
[2026-04-11 10:15:36.287 +0700] [INFO] [cadence.virtuoso.ade.simulationMonitor] - Peak resident memory used = 109 Mbytes. {"history": "ExplorerRun.0", "point": 16, "testname": "my_lib_pmos_tb_1", "cornername": "Nominal"}
[2026-04-11 10:15:36.787 +0700] [PROCESS] [cadence.virtuoso.ade.simulationMonitor] - Finished simulating for one point {"hostname": "dtvt_13", "processid": 12438, "history": "ExplorerRun.0", "testname": "my_lib_pmos_tb_1", "cornername": "Nominal", "point": 16, "logfile": "/home/dtvt_13/truong/logs_dtvt_13/logs0/Job17.log", "simid": "16"}
[2026-04-11 10:15:36.788 +0700] [INFO] [cadence.virtuoso.ade.simulationMonitor] - Notice from spectre at vg = 740e-03 during DC analysis `dc'.
    The value of parameter 'vg' has been reset to the original value 0.74. {"history": "ExplorerRun.0", "point": 16, "testname": "my_lib_pmos_tb_1", "cornername": "Nominal"}
[2026-04-11 10:15:36.788 +0700] [INFO] [cadence.virtuoso.ade.simulationMonitor] - Total time required for dc analysis `dc': CPU = 11.481 ms, elapsed = 12.5079 ms. {"history": "ExplorerRun.0", "point": 16, "testname": "my_lib_pmos_tb_1", "cornername": "Nominal"}
[2026-04-11 10:15:36.788 +0700] [INFO] [cadence.virtuoso.ade.simulationMonitor] - Peak resident memory used = 110 Mbytes. {"history": "ExplorerRun.0", "point": 16, "testname": "my_lib_pmos_tb_1", "cornername": "Nominal"}
[2026-04-11 10:15:36.788 +0700] [INFO] [cadence.virtuoso.ade.simulationMonitor] - Time used: CPU = 534 ms, elapsed = 21.1 s, util. = 2.54%. {"history": "ExplorerRun.0", "point": 16, "testname": "my_lib_pmos_tb_1", "cornername": "Nominal"}
[2026-04-11 10:15:36.788 +0700] [INFO] [cadence.virtuoso.ade.simulationMonitor] - Time spent in licensing: elapsed = 20.5 s, percentage of total = 97.3%. {"history": "ExplorerRun.0", "point": 16, "testname": "my_lib_pmos_tb_1", "cornername": "Nominal"}
[2026-04-11 10:15:36.788 +0700] [INFO] [cadence.virtuoso.ade.simulationMonitor] - Peak memory used = 111 Mbytes. {"history": "ExplorerRun.0", "point": 16, "testname": "my_lib_pmos_tb_1", "cornername": "Nominal"}
[2026-04-11 10:15:36.789 +0700] [PROCESS] [cadence.virtuoso.ade.simulationMonitor] - Simulation started at: 10:15:15 AM, Sat Apr 11, 2026, ended at: 10:15:36 AM, Sat Apr 11, 2026, with elapsed time (wall clock): 21.1 s. {"history": "ExplorerRun.0", "point": 16, "testname": "my_lib_pmos_tb_1", "cornername": "Nominal"}
[2026-04-11 10:15:36.789 +0700] [PROCESS] [cadence.virtuoso.ade.simulationMonitor] - spectre completes with 0 errors, 0 warnings, and 5 notices. {"history": "ExplorerRun.0", "point": 16, "testname": "my_lib_pmos_tb_1", "cornername": "Nominal"}
[2026-04-11 10:15:36.789 +0700] [PROCESS] [cadence.virtuoso.ade.simulationMonitor] - Simulator exited {"hostname": "dtvt_13", "processid": 12438, "history": "ExplorerRun.0", "testname": "my_lib_pmos_tb_1", "cornername": "Nominal", "point": 16, "logfile": "/home/dtvt_13/truong/logs_dtvt_13/logs0/Job17.log", "exitStatus": "0"}
[2026-04-11 10:15:36.789 +0700] [PROCESS] [cadence.virtuoso.ade.simulationMonitor] - Finished Simulation {"hostname": "dtvt_13", "processid": 12438, "history": "ExplorerRun.0", "testname": "my_lib_pmos_tb_1", "cornername": "Nominal", "point": 16, "logfile": "/home/dtvt_13/truong/logs_dtvt_13/logs0/Job17.log", "simid": "16"}
[2026-04-11 10:15:37.302 +0700] [PROCESS] [cadence.virtuoso.ade.simulationMonitor] - Point Finished {"hostname": "dtvt_13", "processid": 12438, "history": "ExplorerRun.0", "testname": "my_lib_pmos_tb_1", "cornername": "Nominal", "point": 16, "logfile": "/home/dtvt_13/truong/logs_dtvt_13/logs0/Job17.log"}
[2026-04-11 10:15:37.307 +0700] [PROCESS] [cadence.virtuoso.ade.simulationMonitor] - HostInfo:
Host name (type):	dtvt_13 (x86_64)
Operating system:	Linux 3.10.0-1160.118.1.el7.x86_64 #1 SMP Wed Apr 24 16:01:50 UTC 2024 {"hostname": "dtvt_13", "processid": 12438, "history": "ExplorerRun.0", "testname": "my_lib_pmos_tb_1", "cornername": "Nominal", "point": 16, "logfile": "/home/dtvt_13/truong/logs_dtvt_13/logs0/Job17.log", "nodename": "dtvt_13", "domainname": "(none)", "machine": "x86_64", "sysname": "Linux", "release": "3.10.0-1160.118.1.el7.x86_64", "version": "#1 SMP Wed Apr 24 16:01:50 UTC 2024"}
[2026-04-11 10:15:37.308 +0700] [PROCESS] [cadence.virtuoso.ade.simulationMonitor] - UsageInfo:
pid=12438
totalPhysicalMemory=15.208324GB,Used=14.449913GB,totalVirtualMemory=22.895821GB,Used=14.490685GB
Cpu: Cores=24, Load average:0.620000,0.390000,0.280000 {"hostname": "dtvt_13", "processid": 12438, "history": "ExplorerRun.0", "testname": "my_lib_pmos_tb_1", "cornername": "Nominal", "point": 16, "logfile": "/home/dtvt_13/truong/logs_dtvt_13/logs0/Job17.log", "pid": "12438", "totalPhysicalMemory": "15.208324", "physicalMemoryUsed": "14.449913", "totalVirtualMemory": "22.895821", "virtualMemoryUsed": "14.490685", "cpuCores": "24", "processes": "2583", "loadAverage1": "0.620000", "loadAverage5": "0.390000", "loadAverage15": "0.280000", "loadAverage1Percent": "0.025833"}
[2026-04-11 10:15:37.308 +0700] [EVENT] [cadence.virtuoso.ade.simulationMonitor] - NewPoint {"history": "ExplorerRun.0", "point": 17, "testname": "my_lib_pmos_tb_1", "cornername": "Nominal", "event": "NewPoint", "EventSource": "Simulation Monitor", "HistoryName": "ExplorerRun.0", "logFile": "/home/dtvt_13/truong/logs_dtvt_13/logs0/Job17.log", "logFileSize": "146054"}
[2026-04-11 10:15:37.410 +0700] [EVENT] [cadence.virtuoso.ade.simulationMonitor] - NewPoint {"history": "ExplorerRun.0", "point": 17, "testname": "my_lib_pmos_tb_1", "cornername": "Nominal", "event": "NewPoint", "EventSource": "spectre", "HistoryName": "ExplorerRun.0", "logFile": "/home/dtvt_13/simulation/my_lib/pmos_tb/maestro/results/maestro/ExplorerRun.0/17/my_lib_pmos_tb_1/psf/spectre.out", "logFileSize": "-1"}
[2026-04-11 10:15:37.418 +0700] [PROCESS] [cadence.virtuoso.ade.simulationMonitor] - Simulator launched {"hostname": "dtvt_13", "processid": 12438, "history": "ExplorerRun.0", "testname": "my_lib_pmos_tb_1", "cornername": "Nominal", "point": 17, "logfile": "/home/dtvt_13/truong/logs_dtvt_13/logs0/Job17.log", "simid": "17"}
[2026-04-11 10:15:37.419 +0700] [PROCESS] [cadence.virtuoso.ade.simulationMonitor] - Started Simulation {"hostname": "dtvt_13", "processid": 12438, "history": "ExplorerRun.0", "testname": "my_lib_pmos_tb_1", "cornername": "Nominal", "point": 17, "logfile": "/home/dtvt_13/truong/logs_dtvt_13/logs0/Job17.log"}
[2026-04-11 10:15:58.797 +0700] [PROCESS] [cadence.virtuoso.ade.simulationMonitor] - Finished simulating for one point {"hostname": "dtvt_13", "processid": 12438, "history": "ExplorerRun.0", "testname": "my_lib_pmos_tb_1", "cornername": "Nominal", "point": 17, "logfile": "/home/dtvt_13/truong/logs_dtvt_13/logs0/Job17.log", "simid": "17"}
[2026-04-11 10:15:58.798 +0700] [INFO] [cadence.virtuoso.ade.simulationMonitor] - Peak resident memory used = 96 Mbytes. {"history": "ExplorerRun.0", "point": 17, "testname": "my_lib_pmos_tb_1", "cornername": "Nominal"}
[2026-04-11 10:15:58.798 +0700] [INFO] [cadence.virtuoso.ade.simulationMonitor] - Peak resident memory used = 105 Mbytes. {"history": "ExplorerRun.0", "point": 17, "testname": "my_lib_pmos_tb_1", "cornername": "Nominal"}
[2026-04-11 10:15:58.799 +0700] [INFO] [cadence.virtuoso.ade.simulationMonitor] - Notice from spectre during hierarchy flattening.
    The value 'psf' specified for the 'checklimitdest' option will no longer be supported in future releases. Use 'spectre -h' to see other recommended values for the 'checklimitdest' option. {"history": "ExplorerRun.0", "point": 17, "testname": "my_lib_pmos_tb_1", "cornername": "Nominal"}
[2026-04-11 10:15:58.799 +0700] [INFO] [cadence.virtuoso.ade.simulationMonitor] - Peak resident memory used = 106 Mbytes. {"history": "ExplorerRun.0", "point": 17, "testname": "my_lib_pmos_tb_1", "cornername": "Nominal"}
[2026-04-11 10:15:58.799 +0700] [INFO] [cadence.virtuoso.ade.simulationMonitor] - Notice from spectre during initial setup.
    Multithreading is disabled due to the size of the design being too small. {"history": "ExplorerRun.0", "point": 17, "testname": "my_lib_pmos_tb_1", "cornername": "Nominal"}
[2026-04-11 10:15:58.800 +0700] [INFO] [cadence.virtuoso.ade.simulationMonitor] -               nodes 8 {"history": "ExplorerRun.0", "point": 17, "testname": "my_lib_pmos_tb_1", "cornername": "Nominal"}
[2026-04-11 10:15:58.800 +0700] [INFO] [cadence.virtuoso.ade.simulationMonitor] - Notice from spectre during initial setup.
    APS enabled. {"history": "ExplorerRun.0", "point": 17, "testname": "my_lib_pmos_tb_1", "cornername": "Nominal"}
[2026-04-11 10:15:58.800 +0700] [INFO] [cadence.virtuoso.ade.simulationMonitor] - Peak resident memory used = 107 Mbytes. {"history": "ExplorerRun.0", "point": 17, "testname": "my_lib_pmos_tb_1", "cornername": "Nominal"}
[2026-04-11 10:15:58.800 +0700] [INFO] [cadence.virtuoso.ade.simulationMonitor] -    -   (APS) Multi-threading. The recommended number of threads is 1, consider adding +mt=1 on command line. {"history": "ExplorerRun.0", "point": 17, "testname": "my_lib_pmos_tb_1", "cornername": "Nominal"}
[2026-04-11 10:15:58.801 +0700] [INFO] [cadence.virtuoso.ade.simulationMonitor] - Total time required for dc analysis `dcOp': CPU = 1.625 ms, elapsed = 2.59018 ms. {"history": "ExplorerRun.0", "point": 17, "testname": "my_lib_pmos_tb_1", "cornername": "Nominal"}
[2026-04-11 10:15:58.801 +0700] [INFO] [cadence.virtuoso.ade.simulationMonitor] - Peak resident memory used = 109 Mbytes. {"history": "ExplorerRun.0", "point": 17, "testname": "my_lib_pmos_tb_1", "cornername": "Nominal"}
[2026-04-11 10:15:58.801 +0700] [INFO] [cadence.virtuoso.ade.simulationMonitor] - Notice from spectre at vg = 740e-03 during DC analysis `dc'.
    The value of parameter 'vg' has been reset to the original value 0.74. {"history": "ExplorerRun.0", "point": 17, "testname": "my_lib_pmos_tb_1", "cornername": "Nominal"}
[2026-04-11 10:15:58.801 +0700] [INFO] [cadence.virtuoso.ade.simulationMonitor] - Total time required for dc analysis `dc': CPU = 7.176 ms, elapsed = 8.14509 ms. {"history": "ExplorerRun.0", "point": 17, "testname": "my_lib_pmos_tb_1", "cornername": "Nominal"}
[2026-04-11 10:15:58.801 +0700] [INFO] [cadence.virtuoso.ade.simulationMonitor] - Peak resident memory used = 110 Mbytes. {"history": "ExplorerRun.0", "point": 17, "testname": "my_lib_pmos_tb_1", "cornername": "Nominal"}
[2026-04-11 10:15:58.801 +0700] [INFO] [cadence.virtuoso.ade.simulationMonitor] - Time used: CPU = 508 ms, elapsed = 20.8 s, util. = 2.44%. {"history": "ExplorerRun.0", "point": 17, "testname": "my_lib_pmos_tb_1", "cornername": "Nominal"}
[2026-04-11 10:15:58.801 +0700] [INFO] [cadence.virtuoso.ade.simulationMonitor] - Time spent in licensing: elapsed = 20.3 s, percentage of total = 97.6%. {"history": "ExplorerRun.0", "point": 17, "testname": "my_lib_pmos_tb_1", "cornername": "Nominal"}
[2026-04-11 10:15:58.802 +0700] [INFO] [cadence.virtuoso.ade.simulationMonitor] - Peak memory used = 111 Mbytes. {"history": "ExplorerRun.0", "point": 17, "testname": "my_lib_pmos_tb_1", "cornername": "Nominal"}
[2026-04-11 10:15:58.802 +0700] [PROCESS] [cadence.virtuoso.ade.simulationMonitor] - Simulation started at: 10:15:37 AM, Sat Apr 11, 2026, ended at: 10:15:58 AM, Sat Apr 11, 2026, with elapsed time (wall clock): 20.8 s. {"history": "ExplorerRun.0", "point": 17, "testname": "my_lib_pmos_tb_1", "cornername": "Nominal"}
[2026-04-11 10:15:58.802 +0700] [PROCESS] [cadence.virtuoso.ade.simulationMonitor] - spectre completes with 0 errors, 0 warnings, and 5 notices. {"history": "ExplorerRun.0", "point": 17, "testname": "my_lib_pmos_tb_1", "cornername": "Nominal"}
[2026-04-11 10:15:58.802 +0700] [PROCESS] [cadence.virtuoso.ade.simulationMonitor] - Simulator exited {"hostname": "dtvt_13", "processid": 12438, "history": "ExplorerRun.0", "testname": "my_lib_pmos_tb_1", "cornername": "Nominal", "point": 17, "logfile": "/home/dtvt_13/truong/logs_dtvt_13/logs0/Job17.log", "exitStatus": "0"}
[2026-04-11 10:15:58.802 +0700] [PROCESS] [cadence.virtuoso.ade.simulationMonitor] - Finished Simulation {"hostname": "dtvt_13", "processid": 12438, "history": "ExplorerRun.0", "testname": "my_lib_pmos_tb_1", "cornername": "Nominal", "point": 17, "logfile": "/home/dtvt_13/truong/logs_dtvt_13/logs0/Job17.log", "simid": "17"}
[2026-04-11 10:15:59.814 +0700] [PROCESS] [cadence.virtuoso.ade.simulationMonitor] - Point Finished {"hostname": "dtvt_13", "processid": 12438, "history": "ExplorerRun.0", "testname": "my_lib_pmos_tb_1", "cornername": "Nominal", "point": 17, "logfile": "/home/dtvt_13/truong/logs_dtvt_13/logs0/Job17.log"}
[2026-04-11 10:15:59.821 +0700] [PROCESS] [cadence.virtuoso.ade.simulationMonitor] - HostInfo:
Host name (type):	dtvt_13 (x86_64)
Operating system:	Linux 3.10.0-1160.118.1.el7.x86_64 #1 SMP Wed Apr 24 16:01:50 UTC 2024 {"hostname": "dtvt_13", "processid": 12438, "history": "ExplorerRun.0", "testname": "my_lib_pmos_tb_1", "cornername": "Nominal", "point": 17, "logfile": "/home/dtvt_13/truong/logs_dtvt_13/logs0/Job17.log", "nodename": "dtvt_13", "domainname": "(none)", "machine": "x86_64", "sysname": "Linux", "release": "3.10.0-1160.118.1.el7.x86_64", "version": "#1 SMP Wed Apr 24 16:01:50 UTC 2024"}
[2026-04-11 10:15:59.821 +0700] [PROCESS] [cadence.virtuoso.ade.simulationMonitor] - UsageInfo:
pid=12438
totalPhysicalMemory=15.208324GB,Used=14.452290GB,totalVirtualMemory=22.895821GB,Used=14.493061GB
Cpu: Cores=24, Load average:0.470000,0.380000,0.280000 {"hostname": "dtvt_13", "processid": 12438, "history": "ExplorerRun.0", "testname": "my_lib_pmos_tb_1", "cornername": "Nominal", "point": 17, "logfile": "/home/dtvt_13/truong/logs_dtvt_13/logs0/Job17.log", "pid": "12438", "totalPhysicalMemory": "15.208324", "physicalMemoryUsed": "14.452290", "totalVirtualMemory": "22.895821", "virtualMemoryUsed": "14.493061", "cpuCores": "24", "processes": "2577", "loadAverage1": "0.470000", "loadAverage5": "0.380000", "loadAverage15": "0.280000", "loadAverage1Percent": "0.019583"}
[2026-04-11 10:15:59.822 +0700] [EVENT] [cadence.virtuoso.ade.simulationMonitor] - NewPoint {"history": "ExplorerRun.0", "point": 18, "testname": "my_lib_pmos_tb_1", "cornername": "Nominal", "event": "NewPoint", "EventSource": "Simulation Monitor", "HistoryName": "ExplorerRun.0", "logFile": "/home/dtvt_13/truong/logs_dtvt_13/logs0/Job17.log", "logFileSize": "155051"}
[2026-04-11 10:15:59.926 +0700] [EVENT] [cadence.virtuoso.ade.simulationMonitor] - NewPoint {"history": "ExplorerRun.0", "point": 18, "testname": "my_lib_pmos_tb_1", "cornername": "Nominal", "event": "NewPoint", "EventSource": "spectre", "HistoryName": "ExplorerRun.0", "logFile": "/home/dtvt_13/simulation/my_lib/pmos_tb/maestro/results/maestro/ExplorerRun.0/18/my_lib_pmos_tb_1/psf/spectre.out", "logFileSize": "-1"}
[2026-04-11 10:15:59.936 +0700] [PROCESS] [cadence.virtuoso.ade.simulationMonitor] - Simulator launched {"hostname": "dtvt_13", "processid": 12438, "history": "ExplorerRun.0", "testname": "my_lib_pmos_tb_1", "cornername": "Nominal", "point": 18, "logfile": "/home/dtvt_13/truong/logs_dtvt_13/logs0/Job17.log", "simid": "18"}
[2026-04-11 10:15:59.936 +0700] [PROCESS] [cadence.virtuoso.ade.simulationMonitor] - Started Simulation {"hostname": "dtvt_13", "processid": 12438, "history": "ExplorerRun.0", "testname": "my_lib_pmos_tb_1", "cornername": "Nominal", "point": 18, "logfile": "/home/dtvt_13/truong/logs_dtvt_13/logs0/Job17.log"}
[2026-04-11 10:16:21.311 +0700] [INFO] [cadence.virtuoso.ade.simulationMonitor] - Peak resident memory used = 96 Mbytes. {"history": "ExplorerRun.0", "point": 18, "testname": "my_lib_pmos_tb_1", "cornername": "Nominal"}
[2026-04-11 10:16:21.813 +0700] [PROCESS] [cadence.virtuoso.ade.simulationMonitor] - Finished simulating for one point {"hostname": "dtvt_13", "processid": 12438, "history": "ExplorerRun.0", "testname": "my_lib_pmos_tb_1", "cornername": "Nominal", "point": 18, "logfile": "/home/dtvt_13/truong/logs_dtvt_13/logs0/Job17.log", "simid": "18"}
[2026-04-11 10:16:21.813 +0700] [INFO] [cadence.virtuoso.ade.simulationMonitor] - Peak resident memory used = 105 Mbytes. {"history": "ExplorerRun.0", "point": 18, "testname": "my_lib_pmos_tb_1", "cornername": "Nominal"}
[2026-04-11 10:16:21.814 +0700] [INFO] [cadence.virtuoso.ade.simulationMonitor] - Notice from spectre during hierarchy flattening.
    The value 'psf' specified for the 'checklimitdest' option will no longer be supported in future releases. Use 'spectre -h' to see other recommended values for the 'checklimitdest' option. {"history": "ExplorerRun.0", "point": 18, "testname": "my_lib_pmos_tb_1", "cornername": "Nominal"}
[2026-04-11 10:16:21.814 +0700] [INFO] [cadence.virtuoso.ade.simulationMonitor] - Peak resident memory used = 106 Mbytes. {"history": "ExplorerRun.0", "point": 18, "testname": "my_lib_pmos_tb_1", "cornername": "Nominal"}
[2026-04-11 10:16:21.815 +0700] [INFO] [cadence.virtuoso.ade.simulationMonitor] - Notice from spectre during initial setup.
    Multithreading is disabled due to the size of the design being too small. {"history": "ExplorerRun.0", "point": 18, "testname": "my_lib_pmos_tb_1", "cornername": "Nominal"}
[2026-04-11 10:16:21.815 +0700] [INFO] [cadence.virtuoso.ade.simulationMonitor] -               nodes 8 {"history": "ExplorerRun.0", "point": 18, "testname": "my_lib_pmos_tb_1", "cornername": "Nominal"}
[2026-04-11 10:16:21.815 +0700] [INFO] [cadence.virtuoso.ade.simulationMonitor] - Notice from spectre during initial setup.
    APS enabled. {"history": "ExplorerRun.0", "point": 18, "testname": "my_lib_pmos_tb_1", "cornername": "Nominal"}
[2026-04-11 10:16:21.816 +0700] [INFO] [cadence.virtuoso.ade.simulationMonitor] - Peak resident memory used = 107 Mbytes. {"history": "ExplorerRun.0", "point": 18, "testname": "my_lib_pmos_tb_1", "cornername": "Nominal"}
[2026-04-11 10:16:21.816 +0700] [INFO] [cadence.virtuoso.ade.simulationMonitor] -    -   (APS) Multi-threading. The recommended number of threads is 1, consider adding +mt=1 on command line. {"history": "ExplorerRun.0", "point": 18, "testname": "my_lib_pmos_tb_1", "cornername": "Nominal"}
[2026-04-11 10:16:21.816 +0700] [INFO] [cadence.virtuoso.ade.simulationMonitor] - Total time required for dc analysis `dcOp': CPU = 1.698 ms, elapsed = 2.67887 ms. {"history": "ExplorerRun.0", "point": 18, "testname": "my_lib_pmos_tb_1", "cornername": "Nominal"}
[2026-04-11 10:16:21.816 +0700] [INFO] [cadence.virtuoso.ade.simulationMonitor] - Peak resident memory used = 109 Mbytes. {"history": "ExplorerRun.0", "point": 18, "testname": "my_lib_pmos_tb_1", "cornername": "Nominal"}
[2026-04-11 10:16:21.816 +0700] [INFO] [cadence.virtuoso.ade.simulationMonitor] - Notice from spectre at vg = 740e-03 during DC analysis `dc'.
    The value of parameter 'vg' has been reset to the original value 0.74. {"history": "ExplorerRun.0", "point": 18, "testname": "my_lib_pmos_tb_1", "cornername": "Nominal"}
[2026-04-11 10:16:21.816 +0700] [INFO] [cadence.virtuoso.ade.simulationMonitor] - Total time required for dc analysis `dc': CPU = 6.064 ms, elapsed = 7.13396 ms. {"history": "ExplorerRun.0", "point": 18, "testname": "my_lib_pmos_tb_1", "cornername": "Nominal"}
[2026-04-11 10:16:21.817 +0700] [INFO] [cadence.virtuoso.ade.simulationMonitor] - Peak resident memory used = 110 Mbytes. {"history": "ExplorerRun.0", "point": 18, "testname": "my_lib_pmos_tb_1", "cornername": "Nominal"}
[2026-04-11 10:16:21.817 +0700] [INFO] [cadence.virtuoso.ade.simulationMonitor] - Time used: CPU = 539 ms, elapsed = 21.1 s, util. = 2.55%. {"history": "ExplorerRun.0", "point": 18, "testname": "my_lib_pmos_tb_1", "cornername": "Nominal"}
[2026-04-11 10:16:21.817 +0700] [INFO] [cadence.virtuoso.ade.simulationMonitor] - Time spent in licensing: elapsed = 20.6 s, percentage of total = 97.5%. {"history": "ExplorerRun.0", "point": 18, "testname": "my_lib_pmos_tb_1", "cornername": "Nominal"}
[2026-04-11 10:16:21.817 +0700] [INFO] [cadence.virtuoso.ade.simulationMonitor] - Peak memory used = 111 Mbytes. {"history": "ExplorerRun.0", "point": 18, "testname": "my_lib_pmos_tb_1", "cornername": "Nominal"}
[2026-04-11 10:16:21.817 +0700] [PROCESS] [cadence.virtuoso.ade.simulationMonitor] - Simulation started at: 10:16:00 AM, Sat Apr 11, 2026, ended at: 10:16:21 AM, Sat Apr 11, 2026, with elapsed time (wall clock): 21.1 s. {"history": "ExplorerRun.0", "point": 18, "testname": "my_lib_pmos_tb_1", "cornername": "Nominal"}
[2026-04-11 10:16:21.817 +0700] [PROCESS] [cadence.virtuoso.ade.simulationMonitor] - spectre completes with 0 errors, 0 warnings, and 5 notices. {"history": "ExplorerRun.0", "point": 18, "testname": "my_lib_pmos_tb_1", "cornername": "Nominal"}
[2026-04-11 10:16:21.818 +0700] [PROCESS] [cadence.virtuoso.ade.simulationMonitor] - Simulator exited {"hostname": "dtvt_13", "processid": 12438, "history": "ExplorerRun.0", "testname": "my_lib_pmos_tb_1", "cornername": "Nominal", "point": 18, "logfile": "/home/dtvt_13/truong/logs_dtvt_13/logs0/Job17.log", "exitStatus": "0"}
[2026-04-11 10:16:21.818 +0700] [PROCESS] [cadence.virtuoso.ade.simulationMonitor] - Finished Simulation {"hostname": "dtvt_13", "processid": 12438, "history": "ExplorerRun.0", "testname": "my_lib_pmos_tb_1", "cornername": "Nominal", "point": 18, "logfile": "/home/dtvt_13/truong/logs_dtvt_13/logs0/Job17.log", "simid": "18"}
[2026-04-11 10:16:22.830 +0700] [PROCESS] [cadence.virtuoso.ade.simulationMonitor] - Point Finished {"hostname": "dtvt_13", "processid": 12438, "history": "ExplorerRun.0", "testname": "my_lib_pmos_tb_1", "cornername": "Nominal", "point": 18, "logfile": "/home/dtvt_13/truong/logs_dtvt_13/logs0/Job17.log"}
[2026-04-11 10:16:22.838 +0700] [PROCESS] [cadence.virtuoso.ade.simulationMonitor] - HostInfo:
Host name (type):	dtvt_13 (x86_64)
Operating system:	Linux 3.10.0-1160.118.1.el7.x86_64 #1 SMP Wed Apr 24 16:01:50 UTC 2024 {"hostname": "dtvt_13", "processid": 12438, "history": "ExplorerRun.0", "testname": "my_lib_pmos_tb_1", "cornername": "Nominal", "point": 18, "logfile": "/home/dtvt_13/truong/logs_dtvt_13/logs0/Job17.log", "nodename": "dtvt_13", "domainname": "(none)", "machine": "x86_64", "sysname": "Linux", "release": "3.10.0-1160.118.1.el7.x86_64", "version": "#1 SMP Wed Apr 24 16:01:50 UTC 2024"}
[2026-04-11 10:16:22.838 +0700] [PROCESS] [cadence.virtuoso.ade.simulationMonitor] - UsageInfo:
pid=12438
totalPhysicalMemory=15.208324GB,Used=14.450829GB,totalVirtualMemory=22.895821GB,Used=14.491600GB
Cpu: Cores=24, Load average:0.330000,0.350000,0.280000 {"hostname": "dtvt_13", "processid": 12438, "history": "ExplorerRun.0", "testname": "my_lib_pmos_tb_1", "cornername": "Nominal", "point": 18, "logfile": "/home/dtvt_13/truong/logs_dtvt_13/logs0/Job17.log", "pid": "12438", "totalPhysicalMemory": "15.208324", "physicalMemoryUsed": "14.450829", "totalVirtualMemory": "22.895821", "virtualMemoryUsed": "14.491600", "cpuCores": "24", "processes": "2565", "loadAverage1": "0.330000", "loadAverage5": "0.350000", "loadAverage15": "0.280000", "loadAverage1Percent": "0.013750"}
[2026-04-11 10:16:22.839 +0700] [EVENT] [cadence.virtuoso.ade.simulationMonitor] - NewPoint {"history": "ExplorerRun.0", "point": 19, "testname": "my_lib_pmos_tb_1", "cornername": "Nominal", "event": "NewPoint", "EventSource": "Simulation Monitor", "HistoryName": "ExplorerRun.0", "logFile": "/home/dtvt_13/truong/logs_dtvt_13/logs0/Job17.log", "logFileSize": "164048"}
[2026-04-11 10:16:22.940 +0700] [EVENT] [cadence.virtuoso.ade.simulationMonitor] - NewPoint {"history": "ExplorerRun.0", "point": 19, "testname": "my_lib_pmos_tb_1", "cornername": "Nominal", "event": "NewPoint", "EventSource": "spectre", "HistoryName": "ExplorerRun.0", "logFile": "/home/dtvt_13/simulation/my_lib/pmos_tb/maestro/results/maestro/ExplorerRun.0/19/my_lib_pmos_tb_1/psf/spectre.out", "logFileSize": "-1"}
[2026-04-11 10:16:22.950 +0700] [PROCESS] [cadence.virtuoso.ade.simulationMonitor] - Simulator launched {"hostname": "dtvt_13", "processid": 12438, "history": "ExplorerRun.0", "testname": "my_lib_pmos_tb_1", "cornername": "Nominal", "point": 19, "logfile": "/home/dtvt_13/truong/logs_dtvt_13/logs0/Job17.log", "simid": "19"}
[2026-04-11 10:16:22.951 +0700] [PROCESS] [cadence.virtuoso.ade.simulationMonitor] - Started Simulation {"hostname": "dtvt_13", "processid": 12438, "history": "ExplorerRun.0", "testname": "my_lib_pmos_tb_1", "cornername": "Nominal", "point": 19, "logfile": "/home/dtvt_13/truong/logs_dtvt_13/logs0/Job17.log"}
[2026-04-11 10:16:44.832 +0700] [PROCESS] [cadence.virtuoso.ade.simulationMonitor] - Finished simulating for one point {"hostname": "dtvt_13", "processid": 12438, "history": "ExplorerRun.0", "testname": "my_lib_pmos_tb_1", "cornername": "Nominal", "point": 19, "logfile": "/home/dtvt_13/truong/logs_dtvt_13/logs0/Job17.log", "simid": "19"}
[2026-04-11 10:16:44.833 +0700] [INFO] [cadence.virtuoso.ade.simulationMonitor] - Peak resident memory used = 96 Mbytes. {"history": "ExplorerRun.0", "point": 19, "testname": "my_lib_pmos_tb_1", "cornername": "Nominal"}
[2026-04-11 10:16:44.833 +0700] [INFO] [cadence.virtuoso.ade.simulationMonitor] - Peak resident memory used = 105 Mbytes. {"history": "ExplorerRun.0", "point": 19, "testname": "my_lib_pmos_tb_1", "cornername": "Nominal"}
[2026-04-11 10:16:44.834 +0700] [INFO] [cadence.virtuoso.ade.simulationMonitor] - Notice from spectre during hierarchy flattening.
    The value 'psf' specified for the 'checklimitdest' option will no longer be supported in future releases. Use 'spectre -h' to see other recommended values for the 'checklimitdest' option. {"history": "ExplorerRun.0", "point": 19, "testname": "my_lib_pmos_tb_1", "cornername": "Nominal"}
[2026-04-11 10:16:44.834 +0700] [INFO] [cadence.virtuoso.ade.simulationMonitor] - Peak resident memory used = 106 Mbytes. {"history": "ExplorerRun.0", "point": 19, "testname": "my_lib_pmos_tb_1", "cornername": "Nominal"}
[2026-04-11 10:16:44.835 +0700] [INFO] [cadence.virtuoso.ade.simulationMonitor] - Notice from spectre during initial setup.
    Multithreading is disabled due to the size of the design being too small. {"history": "ExplorerRun.0", "point": 19, "testname": "my_lib_pmos_tb_1", "cornername": "Nominal"}
[2026-04-11 10:16:44.835 +0700] [INFO] [cadence.virtuoso.ade.simulationMonitor] -               nodes 8 {"history": "ExplorerRun.0", "point": 19, "testname": "my_lib_pmos_tb_1", "cornername": "Nominal"}
[2026-04-11 10:16:44.836 +0700] [INFO] [cadence.virtuoso.ade.simulationMonitor] - Notice from spectre during initial setup.
    APS enabled. {"history": "ExplorerRun.0", "point": 19, "testname": "my_lib_pmos_tb_1", "cornername": "Nominal"}
[2026-04-11 10:16:44.836 +0700] [INFO] [cadence.virtuoso.ade.simulationMonitor] - Peak resident memory used = 107 Mbytes. {"history": "ExplorerRun.0", "point": 19, "testname": "my_lib_pmos_tb_1", "cornername": "Nominal"}
[2026-04-11 10:16:44.836 +0700] [INFO] [cadence.virtuoso.ade.simulationMonitor] -    -   (APS) Multi-threading. The recommended number of threads is 1, consider adding +mt=1 on command line. {"history": "ExplorerRun.0", "point": 19, "testname": "my_lib_pmos_tb_1", "cornername": "Nominal"}
[2026-04-11 10:16:44.836 +0700] [INFO] [cadence.virtuoso.ade.simulationMonitor] - Total time required for dc analysis `dcOp': CPU = 2.322 ms, elapsed = 3.38817 ms. {"history": "ExplorerRun.0", "point": 19, "testname": "my_lib_pmos_tb_1", "cornername": "Nominal"}
[2026-04-11 10:16:44.836 +0700] [INFO] [cadence.virtuoso.ade.simulationMonitor] - Peak resident memory used = 109 Mbytes. {"history": "ExplorerRun.0", "point": 19, "testname": "my_lib_pmos_tb_1", "cornername": "Nominal"}
[2026-04-11 10:16:44.836 +0700] [INFO] [cadence.virtuoso.ade.simulationMonitor] - Notice from spectre at vg = 740e-03 during DC analysis `dc'.
    The value of parameter 'vg' has been reset to the original value 0.74. {"history": "ExplorerRun.0", "point": 19, "testname": "my_lib_pmos_tb_1", "cornername": "Nominal"}
[2026-04-11 10:16:44.837 +0700] [INFO] [cadence.virtuoso.ade.simulationMonitor] - Total time required for dc analysis `dc': CPU = 11.677 ms, elapsed = 12.6321 ms. {"history": "ExplorerRun.0", "point": 19, "testname": "my_lib_pmos_tb_1", "cornername": "Nominal"}
[2026-04-11 10:16:44.837 +0700] [INFO] [cadence.virtuoso.ade.simulationMonitor] - Peak resident memory used = 110 Mbytes. {"history": "ExplorerRun.0", "point": 19, "testname": "my_lib_pmos_tb_1", "cornername": "Nominal"}
[2026-04-11 10:16:44.837 +0700] [INFO] [cadence.virtuoso.ade.simulationMonitor] - Time used: CPU = 566 ms, elapsed = 21.1 s, util. = 2.69%. {"history": "ExplorerRun.0", "point": 19, "testname": "my_lib_pmos_tb_1", "cornername": "Nominal"}
[2026-04-11 10:16:44.837 +0700] [INFO] [cadence.virtuoso.ade.simulationMonitor] - Time spent in licensing: elapsed = 20.5 s, percentage of total = 97.2%. {"history": "ExplorerRun.0", "point": 19, "testname": "my_lib_pmos_tb_1", "cornername": "Nominal"}
[2026-04-11 10:16:44.837 +0700] [INFO] [cadence.virtuoso.ade.simulationMonitor] - Peak memory used = 111 Mbytes. {"history": "ExplorerRun.0", "point": 19, "testname": "my_lib_pmos_tb_1", "cornername": "Nominal"}
[2026-04-11 10:16:44.837 +0700] [PROCESS] [cadence.virtuoso.ade.simulationMonitor] - Simulation started at: 10:16:23 AM, Sat Apr 11, 2026, ended at: 10:16:44 AM, Sat Apr 11, 2026, with elapsed time (wall clock): 21.1 s. {"history": "ExplorerRun.0", "point": 19, "testname": "my_lib_pmos_tb_1", "cornername": "Nominal"}
[2026-04-11 10:16:44.837 +0700] [PROCESS] [cadence.virtuoso.ade.simulationMonitor] - spectre completes with 0 errors, 0 warnings, and 5 notices. {"history": "ExplorerRun.0", "point": 19, "testname": "my_lib_pmos_tb_1", "cornername": "Nominal"}
[2026-04-11 10:16:44.838 +0700] [PROCESS] [cadence.virtuoso.ade.simulationMonitor] - Simulator exited {"hostname": "dtvt_13", "processid": 12438, "history": "ExplorerRun.0", "testname": "my_lib_pmos_tb_1", "cornername": "Nominal", "point": 19, "logfile": "/home/dtvt_13/truong/logs_dtvt_13/logs0/Job17.log", "exitStatus": "0"}
[2026-04-11 10:16:44.838 +0700] [PROCESS] [cadence.virtuoso.ade.simulationMonitor] - Finished Simulation {"hostname": "dtvt_13", "processid": 12438, "history": "ExplorerRun.0", "testname": "my_lib_pmos_tb_1", "cornername": "Nominal", "point": 19, "logfile": "/home/dtvt_13/truong/logs_dtvt_13/logs0/Job17.log", "simid": "19"}
[2026-04-11 10:16:45.851 +0700] [PROCESS] [cadence.virtuoso.ade.simulationMonitor] - Point Finished {"hostname": "dtvt_13", "processid": 12438, "history": "ExplorerRun.0", "testname": "my_lib_pmos_tb_1", "cornername": "Nominal", "point": 19, "logfile": "/home/dtvt_13/truong/logs_dtvt_13/logs0/Job17.log"}
[2026-04-11 10:21:46.394 +0700] [PROCESS] [cadence.virtuoso.ade.simulationMonitor] - Current memory used: 32.2773 MBytes, peak memory used: 32.2773 MBytes {"hostname": "dtvt_13", "processid": 12438, "history": "ExplorerRun.0", "testname": "my_lib_pmos_tb_1", "cornername": "Nominal", "point": 19, "logfile": "/home/dtvt_13/truong/logs_dtvt_13/logs0/Job17.log"}
[2026-04-11 10:21:46.395 +0700] [PROCESS] [cadence.virtuoso.ade.simulationMonitor] - Simulation Monitor process exit. {"hostname": "dtvt_13", "processid": 12438, "history": "ExplorerRun.0", "testname": "my_lib_pmos_tb_1", "cornername": "Nominal", "point": 19, "logfile": "/home/dtvt_13/truong/logs_dtvt_13/logs0/Job17.log"}
