[Simulation Monitor: 22]
[2026-04-11 10:51:18.562 +0700] [PROCESS] [cadence.virtuoso.ade.simulationMonitor] - Simulation Monitor has successfully started up. Trying to set up communication channels to other components ... {"hostname": "dtvt_13", "processid": 9656, "logfile": "/home/dtvt_13/truong/logs_dtvt_13/logs0/Job22.log"}
[2026-04-11 10:51:18.563 +0700] [PROCESS] [cadence.virtuoso.ade.simulationMonitor] - Communication channels have been successfully set up. Start processing events ... {"hostname": "dtvt_13", "processid": 9656, "logfile": "/home/dtvt_13/truong/logs_dtvt_13/logs0/Job22.log"}
[2026-04-11 10:51:18.563 +0700] [PROCESS] [cadence.virtuoso.ade.simulationMonitor] - Considering to start history {"hostname": "dtvt_13", "processid": 9656, "history": "ExplorerRun.0", "logfile": "/home/dtvt_13/truong/logs_dtvt_13/logs0/Job22.log"}
[2026-04-11 10:51:18.564 +0700] [PROCESS] [cadence.virtuoso.ade.simulationMonitor] - HostInfo:
Host name (type):	dtvt_13 (x86_64)
Operating system:	Linux 3.10.0-1160.118.1.el7.x86_64 #1 SMP Wed Apr 24 16:01:50 UTC 2024 {"hostname": "dtvt_13", "processid": 9656, "history": "ExplorerRun.0", "logfile": "/home/dtvt_13/truong/logs_dtvt_13/logs0/Job22.log", "nodename": "dtvt_13", "domainname": "(none)", "machine": "x86_64", "sysname": "Linux", "release": "3.10.0-1160.118.1.el7.x86_64", "version": "#1 SMP Wed Apr 24 16:01:50 UTC 2024"}
[2026-04-11 10:51:18.564 +0700] [PROCESS] [cadence.virtuoso.ade.simulationMonitor] - UsageInfo:
pid=9656
totalPhysicalMemory=15.208324GB,Used=14.612343GB,totalVirtualMemory=22.895821GB,Used=14.656288GB
Cpu: Cores=24, Load average:0.540000,0.310000,0.330000 {"hostname": "dtvt_13", "processid": 9656, "history": "ExplorerRun.0", "logfile": "/home/dtvt_13/truong/logs_dtvt_13/logs0/Job22.log", "pid": "9656", "totalPhysicalMemory": "15.208324", "physicalMemoryUsed": "14.612343", "totalVirtualMemory": "22.895821", "virtualMemoryUsed": "14.656288", "cpuCores": "24", "processes": "2601", "loadAverage1": "0.540000", "loadAverage5": "0.310000", "loadAverage15": "0.330000", "loadAverage1Percent": "0.022500"}
[2026-04-11 10:51:18.565 +0700] [EVENT] [cadence.virtuoso.ade.simulationMonitor] - NewPoint {"history": "ExplorerRun.0", "point": 1, "testname": "my_lib_pmos_tb_1", "cornername": "Nominal", "event": "NewPoint", "EventSource": "Simulation Monitor", "HistoryName": "ExplorerRun.0", "logFile": "/home/dtvt_13/truong/logs_dtvt_13/logs0/Job22.log", "logFileSize": "2093"}
[2026-04-11 10:51:18.665 +0700] [EVENT] [cadence.virtuoso.ade.simulationMonitor] - NewPoint {"history": "ExplorerRun.0", "point": 1, "testname": "my_lib_pmos_tb_1", "cornername": "Nominal", "event": "NewPoint", "EventSource": "spectre", "HistoryName": "ExplorerRun.0", "logFile": "/home/dtvt_13/simulation/my_lib/pmos_tb/maestro/results/maestro/ExplorerRun.0/1/my_lib_pmos_tb_1/psf/spectre.out", "logFileSize": "-1"}
[2026-04-11 10:51:18.677 +0700] [PROCESS] [cadence.virtuoso.ade.simulationMonitor] - Simulator launched {"hostname": "dtvt_13", "processid": 9656, "history": "ExplorerRun.0", "testname": "my_lib_pmos_tb_1", "cornername": "Nominal", "point": 1, "logfile": "/home/dtvt_13/truong/logs_dtvt_13/logs0/Job22.log", "simid": "1"}
[2026-04-11 10:51:18.678 +0700] [PROCESS] [cadence.virtuoso.ade.simulationMonitor] - Expression evaluator launched {"hostname": "dtvt_13", "processid": 9656, "history": "ExplorerRun.0", "testname": "my_lib_pmos_tb_1", "cornername": "Nominal", "point": 1, "logfile": "/home/dtvt_13/truong/logs_dtvt_13/logs0/Job22.log"}
[2026-04-11 10:51:18.682 +0700] [PROCESS] [cadence.virtuoso.ade.simulationMonitor] - Started Simulation {"hostname": "dtvt_13", "processid": 9656, "history": "ExplorerRun.0", "testname": "my_lib_pmos_tb_1", "cornername": "Nominal", "point": 1, "logfile": "/home/dtvt_13/truong/logs_dtvt_13/logs0/Job22.log"}
[2026-04-11 10:51:40.063 +0700] [PROCESS] [cadence.virtuoso.ade.simulationMonitor] - Finished simulating for one point {"hostname": "dtvt_13", "processid": 9656, "history": "ExplorerRun.0", "testname": "my_lib_pmos_tb_1", "cornername": "Nominal", "point": 1, "logfile": "/home/dtvt_13/truong/logs_dtvt_13/logs0/Job22.log", "simid": "1"}
[2026-04-11 10:51:40.063 +0700] [INFO] [cadence.virtuoso.ade.simulationMonitor] - Peak resident memory used = 96 Mbytes. {"history": "ExplorerRun.0", "point": 1, "testname": "my_lib_pmos_tb_1", "cornername": "Nominal"}
[2026-04-11 10:51:40.064 +0700] [INFO] [cadence.virtuoso.ade.simulationMonitor] - Peak resident memory used = 105 Mbytes. {"history": "ExplorerRun.0", "point": 1, "testname": "my_lib_pmos_tb_1", "cornername": "Nominal"}
[2026-04-11 10:51:40.064 +0700] [INFO] [cadence.virtuoso.ade.simulationMonitor] - Notice from spectre during hierarchy flattening.
    The value 'psf' specified for the 'checklimitdest' option will no longer be supported in future releases. Use 'spectre -h' to see other recommended values for the 'checklimitdest' option. {"history": "ExplorerRun.0", "point": 1, "testname": "my_lib_pmos_tb_1", "cornername": "Nominal"}
[2026-04-11 10:51:40.064 +0700] [INFO] [cadence.virtuoso.ade.simulationMonitor] - Peak resident memory used = 106 Mbytes. {"history": "ExplorerRun.0", "point": 1, "testname": "my_lib_pmos_tb_1", "cornername": "Nominal"}
[2026-04-11 10:51:40.064 +0700] [INFO] [cadence.virtuoso.ade.simulationMonitor] - Notice from spectre during initial setup.
    Multithreading is disabled due to the size of the design being too small. {"history": "ExplorerRun.0", "point": 1, "testname": "my_lib_pmos_tb_1", "cornername": "Nominal"}
[2026-04-11 10:51:40.064 +0700] [INFO] [cadence.virtuoso.ade.simulationMonitor] -               nodes 8 {"history": "ExplorerRun.0", "point": 1, "testname": "my_lib_pmos_tb_1", "cornername": "Nominal"}
[2026-04-11 10:51:40.064 +0700] [INFO] [cadence.virtuoso.ade.simulationMonitor] - Notice from spectre during initial setup.
    APS enabled. {"history": "ExplorerRun.0", "point": 1, "testname": "my_lib_pmos_tb_1", "cornername": "Nominal"}
[2026-04-11 10:51:40.064 +0700] [INFO] [cadence.virtuoso.ade.simulationMonitor] - Peak resident memory used = 107 Mbytes. {"history": "ExplorerRun.0", "point": 1, "testname": "my_lib_pmos_tb_1", "cornername": "Nominal"}
[2026-04-11 10:51:40.064 +0700] [INFO] [cadence.virtuoso.ade.simulationMonitor] -    -   (APS) Multi-threading. The recommended number of threads is 1, consider adding +mt=1 on command line. {"history": "ExplorerRun.0", "point": 1, "testname": "my_lib_pmos_tb_1", "cornername": "Nominal"}
[2026-04-11 10:51:40.064 +0700] [INFO] [cadence.virtuoso.ade.simulationMonitor] - Total time required for dc analysis `dcOp': CPU = 1.458 ms, elapsed = 2.39205 ms. {"history": "ExplorerRun.0", "point": 1, "testname": "my_lib_pmos_tb_1", "cornername": "Nominal"}
[2026-04-11 10:51:40.064 +0700] [INFO] [cadence.virtuoso.ade.simulationMonitor] - Peak resident memory used = 109 Mbytes. {"history": "ExplorerRun.0", "point": 1, "testname": "my_lib_pmos_tb_1", "cornername": "Nominal"}
[2026-04-11 10:51:40.064 +0700] [INFO] [cadence.virtuoso.ade.simulationMonitor] - Notice from spectre at vg = 740e-03 during DC analysis `dc'.
    The value of parameter 'vg' has been reset to the original value 0.74. {"history": "ExplorerRun.0", "point": 1, "testname": "my_lib_pmos_tb_1", "cornername": "Nominal"}
[2026-04-11 10:51:40.064 +0700] [INFO] [cadence.virtuoso.ade.simulationMonitor] - Total time required for dc analysis `dc': CPU = 4.8 ms, elapsed = 5.73206 ms. {"history": "ExplorerRun.0", "point": 1, "testname": "my_lib_pmos_tb_1", "cornername": "Nominal"}
[2026-04-11 10:51:40.064 +0700] [INFO] [cadence.virtuoso.ade.simulationMonitor] - Peak resident memory used = 110 Mbytes. {"history": "ExplorerRun.0", "point": 1, "testname": "my_lib_pmos_tb_1", "cornername": "Nominal"}
[2026-04-11 10:51:40.064 +0700] [INFO] [cadence.virtuoso.ade.simulationMonitor] - Time used: CPU = 446 ms, elapsed = 20.8 s, util. = 2.15%. {"history": "ExplorerRun.0", "point": 1, "testname": "my_lib_pmos_tb_1", "cornername": "Nominal"}
[2026-04-11 10:51:40.065 +0700] [INFO] [cadence.virtuoso.ade.simulationMonitor] - Time spent in licensing: elapsed = 20.3 s, percentage of total = 97.6%. {"history": "ExplorerRun.0", "point": 1, "testname": "my_lib_pmos_tb_1", "cornername": "Nominal"}
[2026-04-11 10:51:40.065 +0700] [INFO] [cadence.virtuoso.ade.simulationMonitor] - Peak memory used = 111 Mbytes. {"history": "ExplorerRun.0", "point": 1, "testname": "my_lib_pmos_tb_1", "cornername": "Nominal"}
[2026-04-11 10:51:40.065 +0700] [PROCESS] [cadence.virtuoso.ade.simulationMonitor] - Simulation started at: 10:51:18 AM, Sat Apr 11, 2026, ended at: 10:51:39 AM, Sat Apr 11, 2026, with elapsed time (wall clock): 20.8 s. {"history": "ExplorerRun.0", "point": 1, "testname": "my_lib_pmos_tb_1", "cornername": "Nominal"}
[2026-04-11 10:51:40.065 +0700] [PROCESS] [cadence.virtuoso.ade.simulationMonitor] - spectre completes with 0 errors, 0 warnings, and 5 notices. {"history": "ExplorerRun.0", "point": 1, "testname": "my_lib_pmos_tb_1", "cornername": "Nominal"}
[2026-04-11 10:51:40.065 +0700] [PROCESS] [cadence.virtuoso.ade.simulationMonitor] - Simulator exited {"hostname": "dtvt_13", "processid": 9656, "history": "ExplorerRun.0", "testname": "my_lib_pmos_tb_1", "cornername": "Nominal", "point": 1, "logfile": "/home/dtvt_13/truong/logs_dtvt_13/logs0/Job22.log", "exitStatus": "0"}
[2026-04-11 10:51:40.065 +0700] [PROCESS] [cadence.virtuoso.ade.simulationMonitor] - Finished Simulation {"hostname": "dtvt_13", "processid": 9656, "history": "ExplorerRun.0", "testname": "my_lib_pmos_tb_1", "cornername": "Nominal", "point": 1, "logfile": "/home/dtvt_13/truong/logs_dtvt_13/logs0/Job22.log", "simid": "1"}
[2026-04-11 10:51:40.569 +0700] [PROCESS] [cadence.virtuoso.ade.simulationMonitor] - Point Finished {"hostname": "dtvt_13", "processid": 9656, "history": "ExplorerRun.0", "testname": "my_lib_pmos_tb_1", "cornername": "Nominal", "point": 1, "logfile": "/home/dtvt_13/truong/logs_dtvt_13/logs0/Job22.log"}
[2026-04-11 10:51:40.579 +0700] [PROCESS] [cadence.virtuoso.ade.simulationMonitor] - HostInfo:
Host name (type):	dtvt_13 (x86_64)
Operating system:	Linux 3.10.0-1160.118.1.el7.x86_64 #1 SMP Wed Apr 24 16:01:50 UTC 2024 {"hostname": "dtvt_13", "processid": 9656, "history": "ExplorerRun.0", "testname": "my_lib_pmos_tb_1", "cornername": "Nominal", "point": 1, "logfile": "/home/dtvt_13/truong/logs_dtvt_13/logs0/Job22.log", "nodename": "dtvt_13", "domainname": "(none)", "machine": "x86_64", "sysname": "Linux", "release": "3.10.0-1160.118.1.el7.x86_64", "version": "#1 SMP Wed Apr 24 16:01:50 UTC 2024"}
[2026-04-11 10:51:40.579 +0700] [PROCESS] [cadence.virtuoso.ade.simulationMonitor] - UsageInfo:
pid=9656
totalPhysicalMemory=15.208324GB,Used=14.848545GB,totalVirtualMemory=22.895821GB,Used=14.892490GB
Cpu: Cores=24, Load average:0.840000,0.390000,0.360000 {"hostname": "dtvt_13", "processid": 9656, "history": "ExplorerRun.0", "testname": "my_lib_pmos_tb_1", "cornername": "Nominal", "point": 1, "logfile": "/home/dtvt_13/truong/logs_dtvt_13/logs0/Job22.log", "pid": "9656", "totalPhysicalMemory": "15.208324", "physicalMemoryUsed": "14.848545", "totalVirtualMemory": "22.895821", "virtualMemoryUsed": "14.892490", "cpuCores": "24", "processes": "2640", "loadAverage1": "0.840000", "loadAverage5": "0.390000", "loadAverage15": "0.360000", "loadAverage1Percent": "0.035000"}
[2026-04-11 10:51:40.579 +0700] [EVENT] [cadence.virtuoso.ade.simulationMonitor] - NewPoint {"history": "ExplorerRun.0", "point": 2, "testname": "my_lib_pmos_tb_1", "cornername": "Nominal", "event": "NewPoint", "EventSource": "Simulation Monitor", "HistoryName": "ExplorerRun.0", "logFile": "/home/dtvt_13/truong/logs_dtvt_13/logs0/Job22.log", "logFileSize": "11362"}
[2026-04-11 10:51:40.680 +0700] [EVENT] [cadence.virtuoso.ade.simulationMonitor] - NewPoint {"history": "ExplorerRun.0", "point": 2, "testname": "my_lib_pmos_tb_1", "cornername": "Nominal", "event": "NewPoint", "EventSource": "spectre", "HistoryName": "ExplorerRun.0", "logFile": "/home/dtvt_13/simulation/my_lib/pmos_tb/maestro/results/maestro/ExplorerRun.0/2/my_lib_pmos_tb_1/psf/spectre.out", "logFileSize": "-1"}
[2026-04-11 10:51:40.683 +0700] [PROCESS] [cadence.virtuoso.ade.simulationMonitor] - Simulator launched {"hostname": "dtvt_13", "processid": 9656, "history": "ExplorerRun.0", "testname": "my_lib_pmos_tb_1", "cornername": "Nominal", "point": 2, "logfile": "/home/dtvt_13/truong/logs_dtvt_13/logs0/Job22.log", "simid": "2"}
[2026-04-11 10:51:40.683 +0700] [PROCESS] [cadence.virtuoso.ade.simulationMonitor] - Started Simulation {"hostname": "dtvt_13", "processid": 9656, "history": "ExplorerRun.0", "testname": "my_lib_pmos_tb_1", "cornername": "Nominal", "point": 2, "logfile": "/home/dtvt_13/truong/logs_dtvt_13/logs0/Job22.log"}
[2026-04-11 10:52:01.578 +0700] [INFO] [cadence.virtuoso.ade.simulationMonitor] - Peak resident memory used = 96 Mbytes. {"history": "ExplorerRun.0", "point": 2, "testname": "my_lib_pmos_tb_1", "cornername": "Nominal"}
[2026-04-11 10:52:01.579 +0700] [INFO] [cadence.virtuoso.ade.simulationMonitor] - Peak resident memory used = 105 Mbytes. {"history": "ExplorerRun.0", "point": 2, "testname": "my_lib_pmos_tb_1", "cornername": "Nominal"}
[2026-04-11 10:52:01.579 +0700] [INFO] [cadence.virtuoso.ade.simulationMonitor] - Notice from spectre during hierarchy flattening.
    The value 'psf' specified for the 'checklimitdest' option will no longer be supported in future releases. Use 'spectre -h' to see other recommended values for the 'checklimitdest' option. {"history": "ExplorerRun.0", "point": 2, "testname": "my_lib_pmos_tb_1", "cornername": "Nominal"}
[2026-04-11 10:52:01.579 +0700] [INFO] [cadence.virtuoso.ade.simulationMonitor] - Peak resident memory used = 106 Mbytes. {"history": "ExplorerRun.0", "point": 2, "testname": "my_lib_pmos_tb_1", "cornername": "Nominal"}
[2026-04-11 10:52:01.579 +0700] [INFO] [cadence.virtuoso.ade.simulationMonitor] - Notice from spectre during initial setup.
    Multithreading is disabled due to the size of the design being too small. {"history": "ExplorerRun.0", "point": 2, "testname": "my_lib_pmos_tb_1", "cornername": "Nominal"}
[2026-04-11 10:52:01.580 +0700] [INFO] [cadence.virtuoso.ade.simulationMonitor] -               nodes 8 {"history": "ExplorerRun.0", "point": 2, "testname": "my_lib_pmos_tb_1", "cornername": "Nominal"}
[2026-04-11 10:52:01.580 +0700] [INFO] [cadence.virtuoso.ade.simulationMonitor] - Notice from spectre during initial setup.
    APS enabled. {"history": "ExplorerRun.0", "point": 2, "testname": "my_lib_pmos_tb_1", "cornername": "Nominal"}
[2026-04-11 10:52:01.580 +0700] [INFO] [cadence.virtuoso.ade.simulationMonitor] - Peak resident memory used = 107 Mbytes. {"history": "ExplorerRun.0", "point": 2, "testname": "my_lib_pmos_tb_1", "cornername": "Nominal"}
[2026-04-11 10:52:01.580 +0700] [INFO] [cadence.virtuoso.ade.simulationMonitor] -    -   (APS) Multi-threading. The recommended number of threads is 1, consider adding +mt=1 on command line. {"history": "ExplorerRun.0", "point": 2, "testname": "my_lib_pmos_tb_1", "cornername": "Nominal"}
[2026-04-11 10:52:01.580 +0700] [INFO] [cadence.virtuoso.ade.simulationMonitor] - Total time required for dc analysis `dcOp': CPU = 1.592 ms, elapsed = 2.63095 ms. {"history": "ExplorerRun.0", "point": 2, "testname": "my_lib_pmos_tb_1", "cornername": "Nominal"}
[2026-04-11 10:52:01.580 +0700] [INFO] [cadence.virtuoso.ade.simulationMonitor] - Peak resident memory used = 109 Mbytes. {"history": "ExplorerRun.0", "point": 2, "testname": "my_lib_pmos_tb_1", "cornername": "Nominal"}
[2026-04-11 10:52:01.580 +0700] [INFO] [cadence.virtuoso.ade.simulationMonitor] - Notice from spectre at vg = 740e-03 during DC analysis `dc'.
    The value of parameter 'vg' has been reset to the original value 0.74. {"history": "ExplorerRun.0", "point": 2, "testname": "my_lib_pmos_tb_1", "cornername": "Nominal"}
[2026-04-11 10:52:01.581 +0700] [INFO] [cadence.virtuoso.ade.simulationMonitor] - Total time required for dc analysis `dc': CPU = 10.91 ms, elapsed = 11.977 ms. {"history": "ExplorerRun.0", "point": 2, "testname": "my_lib_pmos_tb_1", "cornername": "Nominal"}
[2026-04-11 10:52:01.581 +0700] [INFO] [cadence.virtuoso.ade.simulationMonitor] - Peak resident memory used = 110 Mbytes. {"history": "ExplorerRun.0", "point": 2, "testname": "my_lib_pmos_tb_1", "cornername": "Nominal"}
[2026-04-11 10:52:02.081 +0700] [PROCESS] [cadence.virtuoso.ade.simulationMonitor] - Finished simulating for one point {"hostname": "dtvt_13", "processid": 9656, "history": "ExplorerRun.0", "testname": "my_lib_pmos_tb_1", "cornername": "Nominal", "point": 2, "logfile": "/home/dtvt_13/truong/logs_dtvt_13/logs0/Job22.log", "simid": "2"}
[2026-04-11 10:52:02.082 +0700] [INFO] [cadence.virtuoso.ade.simulationMonitor] - Time used: CPU = 504 ms, elapsed = 20.8 s, util. = 2.42%. {"history": "ExplorerRun.0", "point": 2, "testname": "my_lib_pmos_tb_1", "cornername": "Nominal"}
[2026-04-11 10:52:02.082 +0700] [INFO] [cadence.virtuoso.ade.simulationMonitor] - Time spent in licensing: elapsed = 20.3 s, percentage of total = 97.6%. {"history": "ExplorerRun.0", "point": 2, "testname": "my_lib_pmos_tb_1", "cornername": "Nominal"}
[2026-04-11 10:52:02.082 +0700] [INFO] [cadence.virtuoso.ade.simulationMonitor] - Peak memory used = 111 Mbytes. {"history": "ExplorerRun.0", "point": 2, "testname": "my_lib_pmos_tb_1", "cornername": "Nominal"}
[2026-04-11 10:52:02.082 +0700] [PROCESS] [cadence.virtuoso.ade.simulationMonitor] - Simulation started at: 10:51:40 AM, Sat Apr 11, 2026, ended at: 10:52:01 AM, Sat Apr 11, 2026, with elapsed time (wall clock): 20.8 s. {"history": "ExplorerRun.0", "point": 2, "testname": "my_lib_pmos_tb_1", "cornername": "Nominal"}
[2026-04-11 10:52:02.082 +0700] [PROCESS] [cadence.virtuoso.ade.simulationMonitor] - spectre completes with 0 errors, 0 warnings, and 5 notices. {"history": "ExplorerRun.0", "point": 2, "testname": "my_lib_pmos_tb_1", "cornername": "Nominal"}
[2026-04-11 10:52:02.082 +0700] [PROCESS] [cadence.virtuoso.ade.simulationMonitor] - Simulator exited {"hostname": "dtvt_13", "processid": 9656, "history": "ExplorerRun.0", "testname": "my_lib_pmos_tb_1", "cornername": "Nominal", "point": 2, "logfile": "/home/dtvt_13/truong/logs_dtvt_13/logs0/Job22.log", "exitStatus": "0"}
[2026-04-11 10:52:02.083 +0700] [PROCESS] [cadence.virtuoso.ade.simulationMonitor] - Finished Simulation {"hostname": "dtvt_13", "processid": 9656, "history": "ExplorerRun.0", "testname": "my_lib_pmos_tb_1", "cornername": "Nominal", "point": 2, "logfile": "/home/dtvt_13/truong/logs_dtvt_13/logs0/Job22.log", "simid": "2"}
[2026-04-11 10:52:02.596 +0700] [PROCESS] [cadence.virtuoso.ade.simulationMonitor] - Point Finished {"hostname": "dtvt_13", "processid": 9656, "history": "ExplorerRun.0", "testname": "my_lib_pmos_tb_1", "cornername": "Nominal", "point": 2, "logfile": "/home/dtvt_13/truong/logs_dtvt_13/logs0/Job22.log"}
[2026-04-11 10:52:02.603 +0700] [PROCESS] [cadence.virtuoso.ade.simulationMonitor] - HostInfo:
Host name (type):	dtvt_13 (x86_64)
Operating system:	Linux 3.10.0-1160.118.1.el7.x86_64 #1 SMP Wed Apr 24 16:01:50 UTC 2024 {"hostname": "dtvt_13", "processid": 9656, "history": "ExplorerRun.0", "testname": "my_lib_pmos_tb_1", "cornername": "Nominal", "point": 2, "logfile": "/home/dtvt_13/truong/logs_dtvt_13/logs0/Job22.log", "nodename": "dtvt_13", "domainname": "(none)", "machine": "x86_64", "sysname": "Linux", "release": "3.10.0-1160.118.1.el7.x86_64", "version": "#1 SMP Wed Apr 24 16:01:50 UTC 2024"}
[2026-04-11 10:52:02.603 +0700] [PROCESS] [cadence.virtuoso.ade.simulationMonitor] - UsageInfo:
pid=9656
totalPhysicalMemory=15.208324GB,Used=14.849453GB,totalVirtualMemory=22.895821GB,Used=14.893398GB
Cpu: Cores=24, Load average:0.600000,0.370000,0.350000 {"hostname": "dtvt_13", "processid": 9656, "history": "ExplorerRun.0", "testname": "my_lib_pmos_tb_1", "cornername": "Nominal", "point": 2, "logfile": "/home/dtvt_13/truong/logs_dtvt_13/logs0/Job22.log", "pid": "9656", "totalPhysicalMemory": "15.208324", "physicalMemoryUsed": "14.849453", "totalVirtualMemory": "22.895821", "virtualMemoryUsed": "14.893398", "cpuCores": "24", "processes": "2636", "loadAverage1": "0.600000", "loadAverage5": "0.370000", "loadAverage15": "0.350000", "loadAverage1Percent": "0.025000"}
[2026-04-11 10:52:02.604 +0700] [EVENT] [cadence.virtuoso.ade.simulationMonitor] - NewPoint {"history": "ExplorerRun.0", "point": 3, "testname": "my_lib_pmos_tb_1", "cornername": "Nominal", "event": "NewPoint", "EventSource": "Simulation Monitor", "HistoryName": "ExplorerRun.0", "logFile": "/home/dtvt_13/truong/logs_dtvt_13/logs0/Job22.log", "logFileSize": "20314"}
[2026-04-11 10:52:02.709 +0700] [EVENT] [cadence.virtuoso.ade.simulationMonitor] - NewPoint {"history": "ExplorerRun.0", "point": 3, "testname": "my_lib_pmos_tb_1", "cornername": "Nominal", "event": "NewPoint", "EventSource": "spectre", "HistoryName": "ExplorerRun.0", "logFile": "/home/dtvt_13/simulation/my_lib/pmos_tb/maestro/results/maestro/ExplorerRun.0/3/my_lib_pmos_tb_1/psf/spectre.out", "logFileSize": "-1"}
[2026-04-11 10:52:02.718 +0700] [PROCESS] [cadence.virtuoso.ade.simulationMonitor] - Simulator launched {"hostname": "dtvt_13", "processid": 9656, "history": "ExplorerRun.0", "testname": "my_lib_pmos_tb_1", "cornername": "Nominal", "point": 3, "logfile": "/home/dtvt_13/truong/logs_dtvt_13/logs0/Job22.log", "simid": "3"}
[2026-04-11 10:52:02.719 +0700] [PROCESS] [cadence.virtuoso.ade.simulationMonitor] - Started Simulation {"hostname": "dtvt_13", "processid": 9656, "history": "ExplorerRun.0", "testname": "my_lib_pmos_tb_1", "cornername": "Nominal", "point": 3, "logfile": "/home/dtvt_13/truong/logs_dtvt_13/logs0/Job22.log"}
[2026-04-11 10:52:24.100 +0700] [PROCESS] [cadence.virtuoso.ade.simulationMonitor] - Finished simulating for one point {"hostname": "dtvt_13", "processid": 9656, "history": "ExplorerRun.0", "testname": "my_lib_pmos_tb_1", "cornername": "Nominal", "point": 3, "logfile": "/home/dtvt_13/truong/logs_dtvt_13/logs0/Job22.log", "simid": "3"}
[2026-04-11 10:52:24.101 +0700] [INFO] [cadence.virtuoso.ade.simulationMonitor] - Peak resident memory used = 96 Mbytes. {"history": "ExplorerRun.0", "point": 3, "testname": "my_lib_pmos_tb_1", "cornername": "Nominal"}
[2026-04-11 10:52:24.101 +0700] [INFO] [cadence.virtuoso.ade.simulationMonitor] - Peak resident memory used = 105 Mbytes. {"history": "ExplorerRun.0", "point": 3, "testname": "my_lib_pmos_tb_1", "cornername": "Nominal"}
[2026-04-11 10:52:24.102 +0700] [INFO] [cadence.virtuoso.ade.simulationMonitor] - Notice from spectre during hierarchy flattening.
    The value 'psf' specified for the 'checklimitdest' option will no longer be supported in future releases. Use 'spectre -h' to see other recommended values for the 'checklimitdest' option. {"history": "ExplorerRun.0", "point": 3, "testname": "my_lib_pmos_tb_1", "cornername": "Nominal"}
[2026-04-11 10:52:24.102 +0700] [INFO] [cadence.virtuoso.ade.simulationMonitor] - Peak resident memory used = 106 Mbytes. {"history": "ExplorerRun.0", "point": 3, "testname": "my_lib_pmos_tb_1", "cornername": "Nominal"}
[2026-04-11 10:52:24.103 +0700] [INFO] [cadence.virtuoso.ade.simulationMonitor] - Notice from spectre during initial setup.
    Multithreading is disabled due to the size of the design being too small. {"history": "ExplorerRun.0", "point": 3, "testname": "my_lib_pmos_tb_1", "cornername": "Nominal"}
[2026-04-11 10:52:24.104 +0700] [INFO] [cadence.virtuoso.ade.simulationMonitor] -               nodes 8 {"history": "ExplorerRun.0", "point": 3, "testname": "my_lib_pmos_tb_1", "cornername": "Nominal"}
[2026-04-11 10:52:24.104 +0700] [INFO] [cadence.virtuoso.ade.simulationMonitor] - Notice from spectre during initial setup.
    APS enabled. {"history": "ExplorerRun.0", "point": 3, "testname": "my_lib_pmos_tb_1", "cornername": "Nominal"}
[2026-04-11 10:52:24.104 +0700] [INFO] [cadence.virtuoso.ade.simulationMonitor] - Peak resident memory used = 107 Mbytes. {"history": "ExplorerRun.0", "point": 3, "testname": "my_lib_pmos_tb_1", "cornername": "Nominal"}
[2026-04-11 10:52:24.104 +0700] [INFO] [cadence.virtuoso.ade.simulationMonitor] -    -   (APS) Multi-threading. The recommended number of threads is 1, consider adding +mt=1 on command line. {"history": "ExplorerRun.0", "point": 3, "testname": "my_lib_pmos_tb_1", "cornername": "Nominal"}
[2026-04-11 10:52:24.104 +0700] [INFO] [cadence.virtuoso.ade.simulationMonitor] - Total time required for dc analysis `dcOp': CPU = 1.585 ms, elapsed = 2.52986 ms. {"history": "ExplorerRun.0", "point": 3, "testname": "my_lib_pmos_tb_1", "cornername": "Nominal"}
[2026-04-11 10:52:24.105 +0700] [INFO] [cadence.virtuoso.ade.simulationMonitor] - Peak resident memory used = 109 Mbytes. {"history": "ExplorerRun.0", "point": 3, "testname": "my_lib_pmos_tb_1", "cornername": "Nominal"}
[2026-04-11 10:52:24.105 +0700] [INFO] [cadence.virtuoso.ade.simulationMonitor] - Notice from spectre at vg = 740e-03 during DC analysis `dc'.
    The value of parameter 'vg' has been reset to the original value 0.74. {"history": "ExplorerRun.0", "point": 3, "testname": "my_lib_pmos_tb_1", "cornername": "Nominal"}
[2026-04-11 10:52:24.105 +0700] [INFO] [cadence.virtuoso.ade.simulationMonitor] - Total time required for dc analysis `dc': CPU = 10.068 ms, elapsed = 11.1301 ms. {"history": "ExplorerRun.0", "point": 3, "testname": "my_lib_pmos_tb_1", "cornername": "Nominal"}
[2026-04-11 10:52:24.105 +0700] [INFO] [cadence.virtuoso.ade.simulationMonitor] - Peak resident memory used = 110 Mbytes. {"history": "ExplorerRun.0", "point": 3, "testname": "my_lib_pmos_tb_1", "cornername": "Nominal"}
[2026-04-11 10:52:24.105 +0700] [INFO] [cadence.virtuoso.ade.simulationMonitor] - Time used: CPU = 545 ms, elapsed = 20.8 s, util. = 2.62%. {"history": "ExplorerRun.0", "point": 3, "testname": "my_lib_pmos_tb_1", "cornername": "Nominal"}
[2026-04-11 10:52:24.105 +0700] [INFO] [cadence.virtuoso.ade.simulationMonitor] - Time spent in licensing: elapsed = 20.3 s, percentage of total = 97.5%. {"history": "ExplorerRun.0", "point": 3, "testname": "my_lib_pmos_tb_1", "cornername": "Nominal"}
[2026-04-11 10:52:24.105 +0700] [INFO] [cadence.virtuoso.ade.simulationMonitor] - Peak memory used = 111 Mbytes. {"history": "ExplorerRun.0", "point": 3, "testname": "my_lib_pmos_tb_1", "cornername": "Nominal"}
[2026-04-11 10:52:24.106 +0700] [PROCESS] [cadence.virtuoso.ade.simulationMonitor] - Simulation started at: 10:52:02 AM, Sat Apr 11, 2026, ended at: 10:52:23 AM, Sat Apr 11, 2026, with elapsed time (wall clock): 20.8 s. {"history": "ExplorerRun.0", "point": 3, "testname": "my_lib_pmos_tb_1", "cornername": "Nominal"}
[2026-04-11 10:52:24.106 +0700] [PROCESS] [cadence.virtuoso.ade.simulationMonitor] - spectre completes with 0 errors, 0 warnings, and 5 notices. {"history": "ExplorerRun.0", "point": 3, "testname": "my_lib_pmos_tb_1", "cornername": "Nominal"}
[2026-04-11 10:52:24.106 +0700] [PROCESS] [cadence.virtuoso.ade.simulationMonitor] - Simulator exited {"hostname": "dtvt_13", "processid": 9656, "history": "ExplorerRun.0", "testname": "my_lib_pmos_tb_1", "cornername": "Nominal", "point": 3, "logfile": "/home/dtvt_13/truong/logs_dtvt_13/logs0/Job22.log", "exitStatus": "0"}
[2026-04-11 10:52:24.106 +0700] [PROCESS] [cadence.virtuoso.ade.simulationMonitor] - Finished Simulation {"hostname": "dtvt_13", "processid": 9656, "history": "ExplorerRun.0", "testname": "my_lib_pmos_tb_1", "cornername": "Nominal", "point": 3, "logfile": "/home/dtvt_13/truong/logs_dtvt_13/logs0/Job22.log", "simid": "3"}
[2026-04-11 10:52:24.618 +0700] [PROCESS] [cadence.virtuoso.ade.simulationMonitor] - Point Finished {"hostname": "dtvt_13", "processid": 9656, "history": "ExplorerRun.0", "testname": "my_lib_pmos_tb_1", "cornername": "Nominal", "point": 3, "logfile": "/home/dtvt_13/truong/logs_dtvt_13/logs0/Job22.log"}
[2026-04-11 10:52:24.620 +0700] [PROCESS] [cadence.virtuoso.ade.simulationMonitor] - HostInfo:
Host name (type):	dtvt_13 (x86_64)
Operating system:	Linux 3.10.0-1160.118.1.el7.x86_64 #1 SMP Wed Apr 24 16:01:50 UTC 2024 {"hostname": "dtvt_13", "processid": 9656, "history": "ExplorerRun.0", "testname": "my_lib_pmos_tb_1", "cornername": "Nominal", "point": 3, "logfile": "/home/dtvt_13/truong/logs_dtvt_13/logs0/Job22.log", "nodename": "dtvt_13", "domainname": "(none)", "machine": "x86_64", "sysname": "Linux", "release": "3.10.0-1160.118.1.el7.x86_64", "version": "#1 SMP Wed Apr 24 16:01:50 UTC 2024"}
[2026-04-11 10:52:24.620 +0700] [PROCESS] [cadence.virtuoso.ade.simulationMonitor] - UsageInfo:
pid=9656
totalPhysicalMemory=15.208324GB,Used=14.854332GB,totalVirtualMemory=22.895821GB,Used=14.898277GB
Cpu: Cores=24, Load average:0.540000,0.370000,0.350000 {"hostname": "dtvt_13", "processid": 9656, "history": "ExplorerRun.0", "testname": "my_lib_pmos_tb_1", "cornername": "Nominal", "point": 3, "logfile": "/home/dtvt_13/truong/logs_dtvt_13/logs0/Job22.log", "pid": "9656", "totalPhysicalMemory": "15.208324", "physicalMemoryUsed": "14.854332", "totalVirtualMemory": "22.895821", "virtualMemoryUsed": "14.898277", "cpuCores": "24", "processes": "2641", "loadAverage1": "0.540000", "loadAverage5": "0.370000", "loadAverage15": "0.350000", "loadAverage1Percent": "0.022500"}
[2026-04-11 10:52:24.620 +0700] [EVENT] [cadence.virtuoso.ade.simulationMonitor] - NewPoint {"history": "ExplorerRun.0", "point": 4, "testname": "my_lib_pmos_tb_1", "cornername": "Nominal", "event": "NewPoint", "EventSource": "Simulation Monitor", "HistoryName": "ExplorerRun.0", "logFile": "/home/dtvt_13/truong/logs_dtvt_13/logs0/Job22.log", "logFileSize": "28493"}
[2026-04-11 10:52:24.720 +0700] [EVENT] [cadence.virtuoso.ade.simulationMonitor] - NewPoint {"history": "ExplorerRun.0", "point": 4, "testname": "my_lib_pmos_tb_1", "cornername": "Nominal", "event": "NewPoint", "EventSource": "spectre", "HistoryName": "ExplorerRun.0", "logFile": "/home/dtvt_13/simulation/my_lib/pmos_tb/maestro/results/maestro/ExplorerRun.0/4/my_lib_pmos_tb_1/psf/spectre.out", "logFileSize": "-1"}
[2026-04-11 10:52:24.724 +0700] [PROCESS] [cadence.virtuoso.ade.simulationMonitor] - Simulator launched {"hostname": "dtvt_13", "processid": 9656, "history": "ExplorerRun.0", "testname": "my_lib_pmos_tb_1", "cornername": "Nominal", "point": 4, "logfile": "/home/dtvt_13/truong/logs_dtvt_13/logs0/Job22.log", "simid": "4"}
[2026-04-11 10:52:24.724 +0700] [PROCESS] [cadence.virtuoso.ade.simulationMonitor] - Started Simulation {"hostname": "dtvt_13", "processid": 9656, "history": "ExplorerRun.0", "testname": "my_lib_pmos_tb_1", "cornername": "Nominal", "point": 4, "logfile": "/home/dtvt_13/truong/logs_dtvt_13/logs0/Job22.log"}
[2026-04-11 10:52:45.619 +0700] [INFO] [cadence.virtuoso.ade.simulationMonitor] - Peak resident memory used = 96 Mbytes. {"history": "ExplorerRun.0", "point": 4, "testname": "my_lib_pmos_tb_1", "cornername": "Nominal"}
[2026-04-11 10:52:45.620 +0700] [INFO] [cadence.virtuoso.ade.simulationMonitor] - Peak resident memory used = 105 Mbytes. {"history": "ExplorerRun.0", "point": 4, "testname": "my_lib_pmos_tb_1", "cornername": "Nominal"}
[2026-04-11 10:52:45.620 +0700] [INFO] [cadence.virtuoso.ade.simulationMonitor] - Notice from spectre during hierarchy flattening.
    The value 'psf' specified for the 'checklimitdest' option will no longer be supported in future releases. Use 'spectre -h' to see other recommended values for the 'checklimitdest' option. {"history": "ExplorerRun.0", "point": 4, "testname": "my_lib_pmos_tb_1", "cornername": "Nominal"}
[2026-04-11 10:52:45.620 +0700] [INFO] [cadence.virtuoso.ade.simulationMonitor] - Peak resident memory used = 106 Mbytes. {"history": "ExplorerRun.0", "point": 4, "testname": "my_lib_pmos_tb_1", "cornername": "Nominal"}
[2026-04-11 10:52:45.620 +0700] [INFO] [cadence.virtuoso.ade.simulationMonitor] - Notice from spectre during initial setup.
    Multithreading is disabled due to the size of the design being too small. {"history": "ExplorerRun.0", "point": 4, "testname": "my_lib_pmos_tb_1", "cornername": "Nominal"}
[2026-04-11 10:52:45.620 +0700] [INFO] [cadence.virtuoso.ade.simulationMonitor] -               nodes 8 {"history": "ExplorerRun.0", "point": 4, "testname": "my_lib_pmos_tb_1", "cornername": "Nominal"}
[2026-04-11 10:52:45.621 +0700] [INFO] [cadence.virtuoso.ade.simulationMonitor] - Notice from spectre during initial setup.
    APS enabled. {"history": "ExplorerRun.0", "point": 4, "testname": "my_lib_pmos_tb_1", "cornername": "Nominal"}
[2026-04-11 10:52:45.621 +0700] [INFO] [cadence.virtuoso.ade.simulationMonitor] - Peak resident memory used = 107 Mbytes. {"history": "ExplorerRun.0", "point": 4, "testname": "my_lib_pmos_tb_1", "cornername": "Nominal"}
[2026-04-11 10:52:45.621 +0700] [INFO] [cadence.virtuoso.ade.simulationMonitor] -    -   (APS) Multi-threading. The recommended number of threads is 1, consider adding +mt=1 on command line. {"history": "ExplorerRun.0", "point": 4, "testname": "my_lib_pmos_tb_1", "cornername": "Nominal"}
[2026-04-11 10:52:46.121 +0700] [PROCESS] [cadence.virtuoso.ade.simulationMonitor] - Finished simulating for one point {"hostname": "dtvt_13", "processid": 9656, "history": "ExplorerRun.0", "testname": "my_lib_pmos_tb_1", "cornername": "Nominal", "point": 4, "logfile": "/home/dtvt_13/truong/logs_dtvt_13/logs0/Job22.log", "simid": "4"}
[2026-04-11 10:52:46.122 +0700] [INFO] [cadence.virtuoso.ade.simulationMonitor] - Total time required for dc analysis `dcOp': CPU = 1.473 ms, elapsed = 2.67005 ms. {"history": "ExplorerRun.0", "point": 4, "testname": "my_lib_pmos_tb_1", "cornername": "Nominal"}
[2026-04-11 10:52:46.122 +0700] [INFO] [cadence.virtuoso.ade.simulationMonitor] - Peak resident memory used = 109 Mbytes. {"history": "ExplorerRun.0", "point": 4, "testname": "my_lib_pmos_tb_1", "cornername": "Nominal"}
[2026-04-11 10:52:46.122 +0700] [INFO] [cadence.virtuoso.ade.simulationMonitor] - Notice from spectre at vg = 740e-03 during DC analysis `dc'.
    The value of parameter 'vg' has been reset to the original value 0.74. {"history": "ExplorerRun.0", "point": 4, "testname": "my_lib_pmos_tb_1", "cornername": "Nominal"}
[2026-04-11 10:52:46.122 +0700] [INFO] [cadence.virtuoso.ade.simulationMonitor] - Total time required for dc analysis `dc': CPU = 4.799 ms, elapsed = 5.8229 ms. {"history": "ExplorerRun.0", "point": 4, "testname": "my_lib_pmos_tb_1", "cornername": "Nominal"}
[2026-04-11 10:52:46.122 +0700] [INFO] [cadence.virtuoso.ade.simulationMonitor] - Peak resident memory used = 110 Mbytes. {"history": "ExplorerRun.0", "point": 4, "testname": "my_lib_pmos_tb_1", "cornername": "Nominal"}
[2026-04-11 10:52:46.122 +0700] [INFO] [cadence.virtuoso.ade.simulationMonitor] - Time used: CPU = 464 ms, elapsed = 20.7 s, util. = 2.24%. {"history": "ExplorerRun.0", "point": 4, "testname": "my_lib_pmos_tb_1", "cornername": "Nominal"}
[2026-04-11 10:52:46.122 +0700] [INFO] [cadence.virtuoso.ade.simulationMonitor] - Time spent in licensing: elapsed = 20.3 s, percentage of total = 97.7%. {"history": "ExplorerRun.0", "point": 4, "testname": "my_lib_pmos_tb_1", "cornername": "Nominal"}
[2026-04-11 10:52:46.122 +0700] [INFO] [cadence.virtuoso.ade.simulationMonitor] - Peak memory used = 111 Mbytes. {"history": "ExplorerRun.0", "point": 4, "testname": "my_lib_pmos_tb_1", "cornername": "Nominal"}
[2026-04-11 10:52:46.122 +0700] [PROCESS] [cadence.virtuoso.ade.simulationMonitor] - Simulation started at: 10:52:24 AM, Sat Apr 11, 2026, ended at: 10:52:45 AM, Sat Apr 11, 2026, with elapsed time (wall clock): 20.7 s. {"history": "ExplorerRun.0", "point": 4, "testname": "my_lib_pmos_tb_1", "cornername": "Nominal"}
[2026-04-11 10:52:46.122 +0700] [PROCESS] [cadence.virtuoso.ade.simulationMonitor] - spectre completes with 0 errors, 0 warnings, and 5 notices. {"history": "ExplorerRun.0", "point": 4, "testname": "my_lib_pmos_tb_1", "cornername": "Nominal"}
[2026-04-11 10:52:46.122 +0700] [PROCESS] [cadence.virtuoso.ade.simulationMonitor] - Simulator exited {"hostname": "dtvt_13", "processid": 9656, "history": "ExplorerRun.0", "testname": "my_lib_pmos_tb_1", "cornername": "Nominal", "point": 4, "logfile": "/home/dtvt_13/truong/logs_dtvt_13/logs0/Job22.log", "exitStatus": "0"}
[2026-04-11 10:52:46.123 +0700] [PROCESS] [cadence.virtuoso.ade.simulationMonitor] - Finished Simulation {"hostname": "dtvt_13", "processid": 9656, "history": "ExplorerRun.0", "testname": "my_lib_pmos_tb_1", "cornername": "Nominal", "point": 4, "logfile": "/home/dtvt_13/truong/logs_dtvt_13/logs0/Job22.log", "simid": "4"}
[2026-04-11 10:52:47.128 +0700] [PROCESS] [cadence.virtuoso.ade.simulationMonitor] - Point Finished {"hostname": "dtvt_13", "processid": 9656, "history": "ExplorerRun.0", "testname": "my_lib_pmos_tb_1", "cornername": "Nominal", "point": 4, "logfile": "/home/dtvt_13/truong/logs_dtvt_13/logs0/Job22.log"}
[2026-04-11 10:52:47.130 +0700] [PROCESS] [cadence.virtuoso.ade.simulationMonitor] - HostInfo:
Host name (type):	dtvt_13 (x86_64)
Operating system:	Linux 3.10.0-1160.118.1.el7.x86_64 #1 SMP Wed Apr 24 16:01:50 UTC 2024 {"hostname": "dtvt_13", "processid": 9656, "history": "ExplorerRun.0", "testname": "my_lib_pmos_tb_1", "cornername": "Nominal", "point": 4, "logfile": "/home/dtvt_13/truong/logs_dtvt_13/logs0/Job22.log", "nodename": "dtvt_13", "domainname": "(none)", "machine": "x86_64", "sysname": "Linux", "release": "3.10.0-1160.118.1.el7.x86_64", "version": "#1 SMP Wed Apr 24 16:01:50 UTC 2024"}
[2026-04-11 10:52:47.130 +0700] [PROCESS] [cadence.virtuoso.ade.simulationMonitor] - UsageInfo:
pid=9656
totalPhysicalMemory=15.208324GB,Used=14.856773GB,totalVirtualMemory=22.895821GB,Used=14.900719GB
Cpu: Cores=24, Load average:0.520000,0.380000,0.360000 {"hostname": "dtvt_13", "processid": 9656, "history": "ExplorerRun.0", "testname": "my_lib_pmos_tb_1", "cornername": "Nominal", "point": 4, "logfile": "/home/dtvt_13/truong/logs_dtvt_13/logs0/Job22.log", "pid": "9656", "totalPhysicalMemory": "15.208324", "physicalMemoryUsed": "14.856773", "totalVirtualMemory": "22.895821", "virtualMemoryUsed": "14.900719", "cpuCores": "24", "processes": "2649", "loadAverage1": "0.520000", "loadAverage5": "0.380000", "loadAverage15": "0.360000", "loadAverage1Percent": "0.021667"}
[2026-04-11 10:52:47.131 +0700] [EVENT] [cadence.virtuoso.ade.simulationMonitor] - NewPoint {"history": "ExplorerRun.0", "point": 5, "testname": "my_lib_pmos_tb_1", "cornername": "Nominal", "event": "NewPoint", "EventSource": "Simulation Monitor", "HistoryName": "ExplorerRun.0", "logFile": "/home/dtvt_13/truong/logs_dtvt_13/logs0/Job22.log", "logFileSize": "38220"}
[2026-04-11 10:52:47.231 +0700] [EVENT] [cadence.virtuoso.ade.simulationMonitor] - NewPoint {"history": "ExplorerRun.0", "point": 5, "testname": "my_lib_pmos_tb_1", "cornername": "Nominal", "event": "NewPoint", "EventSource": "spectre", "HistoryName": "ExplorerRun.0", "logFile": "/home/dtvt_13/simulation/my_lib/pmos_tb/maestro/results/maestro/ExplorerRun.0/5/my_lib_pmos_tb_1/psf/spectre.out", "logFileSize": "-1"}
[2026-04-11 10:52:47.234 +0700] [PROCESS] [cadence.virtuoso.ade.simulationMonitor] - Simulator launched {"hostname": "dtvt_13", "processid": 9656, "history": "ExplorerRun.0", "testname": "my_lib_pmos_tb_1", "cornername": "Nominal", "point": 5, "logfile": "/home/dtvt_13/truong/logs_dtvt_13/logs0/Job22.log", "simid": "5"}
[2026-04-11 10:52:47.234 +0700] [PROCESS] [cadence.virtuoso.ade.simulationMonitor] - Started Simulation {"hostname": "dtvt_13", "processid": 9656, "history": "ExplorerRun.0", "testname": "my_lib_pmos_tb_1", "cornername": "Nominal", "point": 5, "logfile": "/home/dtvt_13/truong/logs_dtvt_13/logs0/Job22.log"}
[2026-04-11 10:53:08.627 +0700] [PROCESS] [cadence.virtuoso.ade.simulationMonitor] - Finished simulating for one point {"hostname": "dtvt_13", "processid": 9656, "history": "ExplorerRun.0", "testname": "my_lib_pmos_tb_1", "cornername": "Nominal", "point": 5, "logfile": "/home/dtvt_13/truong/logs_dtvt_13/logs0/Job22.log", "simid": "5"}
[2026-04-11 10:53:08.627 +0700] [INFO] [cadence.virtuoso.ade.simulationMonitor] - Peak resident memory used = 96 Mbytes. {"history": "ExplorerRun.0", "point": 5, "testname": "my_lib_pmos_tb_1", "cornername": "Nominal"}
[2026-04-11 10:53:08.628 +0700] [INFO] [cadence.virtuoso.ade.simulationMonitor] - Peak resident memory used = 105 Mbytes. {"history": "ExplorerRun.0", "point": 5, "testname": "my_lib_pmos_tb_1", "cornername": "Nominal"}
[2026-04-11 10:53:08.628 +0700] [INFO] [cadence.virtuoso.ade.simulationMonitor] - Notice from spectre during hierarchy flattening.
    The value 'psf' specified for the 'checklimitdest' option will no longer be supported in future releases. Use 'spectre -h' to see other recommended values for the 'checklimitdest' option. {"history": "ExplorerRun.0", "point": 5, "testname": "my_lib_pmos_tb_1", "cornername": "Nominal"}
[2026-04-11 10:53:08.629 +0700] [INFO] [cadence.virtuoso.ade.simulationMonitor] - Peak resident memory used = 106 Mbytes. {"history": "ExplorerRun.0", "point": 5, "testname": "my_lib_pmos_tb_1", "cornername": "Nominal"}
[2026-04-11 10:53:08.629 +0700] [INFO] [cadence.virtuoso.ade.simulationMonitor] - Notice from spectre during initial setup.
    Multithreading is disabled due to the size of the design being too small. {"history": "ExplorerRun.0", "point": 5, "testname": "my_lib_pmos_tb_1", "cornername": "Nominal"}
[2026-04-11 10:53:08.629 +0700] [INFO] [cadence.virtuoso.ade.simulationMonitor] -               nodes 8 {"history": "ExplorerRun.0", "point": 5, "testname": "my_lib_pmos_tb_1", "cornername": "Nominal"}
[2026-04-11 10:53:08.630 +0700] [INFO] [cadence.virtuoso.ade.simulationMonitor] - Notice from spectre during initial setup.
    APS enabled. {"history": "ExplorerRun.0", "point": 5, "testname": "my_lib_pmos_tb_1", "cornername": "Nominal"}
[2026-04-11 10:53:08.630 +0700] [INFO] [cadence.virtuoso.ade.simulationMonitor] - Peak resident memory used = 107 Mbytes. {"history": "ExplorerRun.0", "point": 5, "testname": "my_lib_pmos_tb_1", "cornername": "Nominal"}
[2026-04-11 10:53:08.630 +0700] [INFO] [cadence.virtuoso.ade.simulationMonitor] -    -   (APS) Multi-threading. The recommended number of threads is 1, consider adding +mt=1 on command line. {"history": "ExplorerRun.0", "point": 5, "testname": "my_lib_pmos_tb_1", "cornername": "Nominal"}
[2026-04-11 10:53:08.630 +0700] [INFO] [cadence.virtuoso.ade.simulationMonitor] - Total time required for dc analysis `dcOp': CPU = 1.515 ms, elapsed = 2.44308 ms. {"history": "ExplorerRun.0", "point": 5, "testname": "my_lib_pmos_tb_1", "cornername": "Nominal"}
[2026-04-11 10:53:08.630 +0700] [INFO] [cadence.virtuoso.ade.simulationMonitor] - Peak resident memory used = 109 Mbytes. {"history": "ExplorerRun.0", "point": 5, "testname": "my_lib_pmos_tb_1", "cornername": "Nominal"}
[2026-04-11 10:53:08.630 +0700] [INFO] [cadence.virtuoso.ade.simulationMonitor] - Notice from spectre at vg = 740e-03 during DC analysis `dc'.
    The value of parameter 'vg' has been reset to the original value 0.74. {"history": "ExplorerRun.0", "point": 5, "testname": "my_lib_pmos_tb_1", "cornername": "Nominal"}
[2026-04-11 10:53:08.630 +0700] [INFO] [cadence.virtuoso.ade.simulationMonitor] - Total time required for dc analysis `dc': CPU = 6.267 ms, elapsed = 7.25508 ms. {"history": "ExplorerRun.0", "point": 5, "testname": "my_lib_pmos_tb_1", "cornername": "Nominal"}
[2026-04-11 10:53:08.631 +0700] [INFO] [cadence.virtuoso.ade.simulationMonitor] - Peak resident memory used = 110 Mbytes. {"history": "ExplorerRun.0", "point": 5, "testname": "my_lib_pmos_tb_1", "cornername": "Nominal"}
[2026-04-11 10:53:08.631 +0700] [INFO] [cadence.virtuoso.ade.simulationMonitor] - Time used: CPU = 482 ms, elapsed = 20.9 s, util. = 2.31%. {"history": "ExplorerRun.0", "point": 5, "testname": "my_lib_pmos_tb_1", "cornername": "Nominal"}
[2026-04-11 10:53:08.631 +0700] [INFO] [cadence.virtuoso.ade.simulationMonitor] - Time spent in licensing: elapsed = 20.4 s, percentage of total = 97.7%. {"history": "ExplorerRun.0", "point": 5, "testname": "my_lib_pmos_tb_1", "cornername": "Nominal"}
[2026-04-11 10:53:08.631 +0700] [INFO] [cadence.virtuoso.ade.simulationMonitor] - Peak memory used = 111 Mbytes. {"history": "ExplorerRun.0", "point": 5, "testname": "my_lib_pmos_tb_1", "cornername": "Nominal"}
[2026-04-11 10:53:08.631 +0700] [PROCESS] [cadence.virtuoso.ade.simulationMonitor] - Simulation started at: 10:52:47 AM, Sat Apr 11, 2026, ended at: 10:53:08 AM, Sat Apr 11, 2026, with elapsed time (wall clock): 20.9 s. {"history": "ExplorerRun.0", "point": 5, "testname": "my_lib_pmos_tb_1", "cornername": "Nominal"}
[2026-04-11 10:53:08.631 +0700] [PROCESS] [cadence.virtuoso.ade.simulationMonitor] - spectre completes with 0 errors, 0 warnings, and 5 notices. {"history": "ExplorerRun.0", "point": 5, "testname": "my_lib_pmos_tb_1", "cornername": "Nominal"}
[2026-04-11 10:53:08.631 +0700] [PROCESS] [cadence.virtuoso.ade.simulationMonitor] - Simulator exited {"hostname": "dtvt_13", "processid": 9656, "history": "ExplorerRun.0", "testname": "my_lib_pmos_tb_1", "cornername": "Nominal", "point": 5, "logfile": "/home/dtvt_13/truong/logs_dtvt_13/logs0/Job22.log", "exitStatus": "0"}
[2026-04-11 10:53:08.632 +0700] [PROCESS] [cadence.virtuoso.ade.simulationMonitor] - Finished Simulation {"hostname": "dtvt_13", "processid": 9656, "history": "ExplorerRun.0", "testname": "my_lib_pmos_tb_1", "cornername": "Nominal", "point": 5, "logfile": "/home/dtvt_13/truong/logs_dtvt_13/logs0/Job22.log", "simid": "5"}
[2026-04-11 10:53:09.645 +0700] [PROCESS] [cadence.virtuoso.ade.simulationMonitor] - Point Finished {"hostname": "dtvt_13", "processid": 9656, "history": "ExplorerRun.0", "testname": "my_lib_pmos_tb_1", "cornername": "Nominal", "point": 5, "logfile": "/home/dtvt_13/truong/logs_dtvt_13/logs0/Job22.log"}
[2026-04-11 10:53:09.650 +0700] [PROCESS] [cadence.virtuoso.ade.simulationMonitor] - HostInfo:
Host name (type):	dtvt_13 (x86_64)
Operating system:	Linux 3.10.0-1160.118.1.el7.x86_64 #1 SMP Wed Apr 24 16:01:50 UTC 2024 {"hostname": "dtvt_13", "processid": 9656, "history": "ExplorerRun.0", "testname": "my_lib_pmos_tb_1", "cornername": "Nominal", "point": 5, "logfile": "/home/dtvt_13/truong/logs_dtvt_13/logs0/Job22.log", "nodename": "dtvt_13", "domainname": "(none)", "machine": "x86_64", "sysname": "Linux", "release": "3.10.0-1160.118.1.el7.x86_64", "version": "#1 SMP Wed Apr 24 16:01:50 UTC 2024"}
[2026-04-11 10:53:09.651 +0700] [PROCESS] [cadence.virtuoso.ade.simulationMonitor] - UsageInfo:
pid=9656
totalPhysicalMemory=15.208324GB,Used=14.858227GB,totalVirtualMemory=22.895821GB,Used=14.902172GB
Cpu: Cores=24, Load average:0.550000,0.400000,0.360000 {"hostname": "dtvt_13", "processid": 9656, "history": "ExplorerRun.0", "testname": "my_lib_pmos_tb_1", "cornername": "Nominal", "point": 5, "logfile": "/home/dtvt_13/truong/logs_dtvt_13/logs0/Job22.log", "pid": "9656", "totalPhysicalMemory": "15.208324", "physicalMemoryUsed": "14.858227", "totalVirtualMemory": "22.895821", "virtualMemoryUsed": "14.902172", "cpuCores": "24", "processes": "2648", "loadAverage1": "0.550000", "loadAverage5": "0.400000", "loadAverage15": "0.360000", "loadAverage1Percent": "0.022917"}
[2026-04-11 10:53:09.651 +0700] [EVENT] [cadence.virtuoso.ade.simulationMonitor] - NewPoint {"history": "ExplorerRun.0", "point": 6, "testname": "my_lib_pmos_tb_1", "cornername": "Nominal", "event": "NewPoint", "EventSource": "Simulation Monitor", "HistoryName": "ExplorerRun.0", "logFile": "/home/dtvt_13/truong/logs_dtvt_13/logs0/Job22.log", "logFileSize": "47173"}
[2026-04-11 10:53:09.758 +0700] [EVENT] [cadence.virtuoso.ade.simulationMonitor] - NewPoint {"history": "ExplorerRun.0", "point": 6, "testname": "my_lib_pmos_tb_1", "cornername": "Nominal", "event": "NewPoint", "EventSource": "spectre", "HistoryName": "ExplorerRun.0", "logFile": "/home/dtvt_13/simulation/my_lib/pmos_tb/maestro/results/maestro/ExplorerRun.0/6/my_lib_pmos_tb_1/psf/spectre.out", "logFileSize": "-1"}
[2026-04-11 10:53:09.769 +0700] [PROCESS] [cadence.virtuoso.ade.simulationMonitor] - Simulator launched {"hostname": "dtvt_13", "processid": 9656, "history": "ExplorerRun.0", "testname": "my_lib_pmos_tb_1", "cornername": "Nominal", "point": 6, "logfile": "/home/dtvt_13/truong/logs_dtvt_13/logs0/Job22.log", "simid": "6"}
[2026-04-11 10:53:09.770 +0700] [PROCESS] [cadence.virtuoso.ade.simulationMonitor] - Started Simulation {"hostname": "dtvt_13", "processid": 9656, "history": "ExplorerRun.0", "testname": "my_lib_pmos_tb_1", "cornername": "Nominal", "point": 6, "logfile": "/home/dtvt_13/truong/logs_dtvt_13/logs0/Job22.log"}
[2026-04-11 10:53:31.151 +0700] [PROCESS] [cadence.virtuoso.ade.simulationMonitor] - Finished simulating for one point {"hostname": "dtvt_13", "processid": 9656, "history": "ExplorerRun.0", "testname": "my_lib_pmos_tb_1", "cornername": "Nominal", "point": 6, "logfile": "/home/dtvt_13/truong/logs_dtvt_13/logs0/Job22.log", "simid": "6"}
[2026-04-11 10:53:31.152 +0700] [INFO] [cadence.virtuoso.ade.simulationMonitor] - Peak resident memory used = 96 Mbytes. {"history": "ExplorerRun.0", "point": 6, "testname": "my_lib_pmos_tb_1", "cornername": "Nominal"}
[2026-04-11 10:53:31.152 +0700] [INFO] [cadence.virtuoso.ade.simulationMonitor] - Peak resident memory used = 105 Mbytes. {"history": "ExplorerRun.0", "point": 6, "testname": "my_lib_pmos_tb_1", "cornername": "Nominal"}
[2026-04-11 10:53:31.153 +0700] [INFO] [cadence.virtuoso.ade.simulationMonitor] - Notice from spectre during hierarchy flattening.
    The value 'psf' specified for the 'checklimitdest' option will no longer be supported in future releases. Use 'spectre -h' to see other recommended values for the 'checklimitdest' option. {"history": "ExplorerRun.0", "point": 6, "testname": "my_lib_pmos_tb_1", "cornername": "Nominal"}
[2026-04-11 10:53:31.153 +0700] [INFO] [cadence.virtuoso.ade.simulationMonitor] - Peak resident memory used = 106 Mbytes. {"history": "ExplorerRun.0", "point": 6, "testname": "my_lib_pmos_tb_1", "cornername": "Nominal"}
[2026-04-11 10:53:31.154 +0700] [INFO] [cadence.virtuoso.ade.simulationMonitor] - Notice from spectre during initial setup.
    Multithreading is disabled due to the size of the design being too small. {"history": "ExplorerRun.0", "point": 6, "testname": "my_lib_pmos_tb_1", "cornername": "Nominal"}
[2026-04-11 10:53:31.154 +0700] [INFO] [cadence.virtuoso.ade.simulationMonitor] -               nodes 8 {"history": "ExplorerRun.0", "point": 6, "testname": "my_lib_pmos_tb_1", "cornername": "Nominal"}
[2026-04-11 10:53:31.154 +0700] [INFO] [cadence.virtuoso.ade.simulationMonitor] - Notice from spectre during initial setup.
    APS enabled. {"history": "ExplorerRun.0", "point": 6, "testname": "my_lib_pmos_tb_1", "cornername": "Nominal"}
[2026-04-11 10:53:31.154 +0700] [INFO] [cadence.virtuoso.ade.simulationMonitor] - Peak resident memory used = 107 Mbytes. {"history": "ExplorerRun.0", "point": 6, "testname": "my_lib_pmos_tb_1", "cornername": "Nominal"}
[2026-04-11 10:53:31.155 +0700] [INFO] [cadence.virtuoso.ade.simulationMonitor] -    -   (APS) Multi-threading. The recommended number of threads is 1, consider adding +mt=1 on command line. {"history": "ExplorerRun.0", "point": 6, "testname": "my_lib_pmos_tb_1", "cornername": "Nominal"}
[2026-04-11 10:53:31.155 +0700] [INFO] [cadence.virtuoso.ade.simulationMonitor] - Total time required for dc analysis `dcOp': CPU = 1.482 ms, elapsed = 2.42519 ms. {"history": "ExplorerRun.0", "point": 6, "testname": "my_lib_pmos_tb_1", "cornername": "Nominal"}
[2026-04-11 10:53:31.155 +0700] [INFO] [cadence.virtuoso.ade.simulationMonitor] - Peak resident memory used = 109 Mbytes. {"history": "ExplorerRun.0", "point": 6, "testname": "my_lib_pmos_tb_1", "cornername": "Nominal"}
[2026-04-11 10:53:31.155 +0700] [INFO] [cadence.virtuoso.ade.simulationMonitor] - Notice from spectre at vg = 740e-03 during DC analysis `dc'.
    The value of parameter 'vg' has been reset to the original value 0.74. {"history": "ExplorerRun.0", "point": 6, "testname": "my_lib_pmos_tb_1", "cornername": "Nominal"}
[2026-04-11 10:53:31.155 +0700] [INFO] [cadence.virtuoso.ade.simulationMonitor] - Total time required for dc analysis `dc': CPU = 10.84 ms, elapsed = 11.914 ms. {"history": "ExplorerRun.0", "point": 6, "testname": "my_lib_pmos_tb_1", "cornername": "Nominal"}
[2026-04-11 10:53:31.155 +0700] [INFO] [cadence.virtuoso.ade.simulationMonitor] - Peak resident memory used = 110 Mbytes. {"history": "ExplorerRun.0", "point": 6, "testname": "my_lib_pmos_tb_1", "cornername": "Nominal"}
[2026-04-11 10:53:31.155 +0700] [INFO] [cadence.virtuoso.ade.simulationMonitor] - Time used: CPU = 522 ms, elapsed = 20.8 s, util. = 2.51%. {"history": "ExplorerRun.0", "point": 6, "testname": "my_lib_pmos_tb_1", "cornername": "Nominal"}
[2026-04-11 10:53:31.156 +0700] [INFO] [cadence.virtuoso.ade.simulationMonitor] - Time spent in licensing: elapsed = 20.3 s, percentage of total = 97.5%. {"history": "ExplorerRun.0", "point": 6, "testname": "my_lib_pmos_tb_1", "cornername": "Nominal"}
[2026-04-11 10:53:31.156 +0700] [INFO] [cadence.virtuoso.ade.simulationMonitor] - Peak memory used = 111 Mbytes. {"history": "ExplorerRun.0", "point": 6, "testname": "my_lib_pmos_tb_1", "cornername": "Nominal"}
[2026-04-11 10:53:31.156 +0700] [PROCESS] [cadence.virtuoso.ade.simulationMonitor] - Simulation started at: 10:53:09 AM, Sat Apr 11, 2026, ended at: 10:53:30 AM, Sat Apr 11, 2026, with elapsed time (wall clock): 20.8 s. {"history": "ExplorerRun.0", "point": 6, "testname": "my_lib_pmos_tb_1", "cornername": "Nominal"}
[2026-04-11 10:53:31.156 +0700] [PROCESS] [cadence.virtuoso.ade.simulationMonitor] - spectre completes with 0 errors, 0 warnings, and 5 notices. {"history": "ExplorerRun.0", "point": 6, "testname": "my_lib_pmos_tb_1", "cornername": "Nominal"}
[2026-04-11 10:53:31.156 +0700] [PROCESS] [cadence.virtuoso.ade.simulationMonitor] - Simulator exited {"hostname": "dtvt_13", "processid": 9656, "history": "ExplorerRun.0", "testname": "my_lib_pmos_tb_1", "cornername": "Nominal", "point": 6, "logfile": "/home/dtvt_13/truong/logs_dtvt_13/logs0/Job22.log", "exitStatus": "0"}
[2026-04-11 10:53:31.156 +0700] [PROCESS] [cadence.virtuoso.ade.simulationMonitor] - Finished Simulation {"hostname": "dtvt_13", "processid": 9656, "history": "ExplorerRun.0", "testname": "my_lib_pmos_tb_1", "cornername": "Nominal", "point": 6, "logfile": "/home/dtvt_13/truong/logs_dtvt_13/logs0/Job22.log", "simid": "6"}
[2026-04-11 10:53:31.670 +0700] [PROCESS] [cadence.virtuoso.ade.simulationMonitor] - Point Finished {"hostname": "dtvt_13", "processid": 9656, "history": "ExplorerRun.0", "testname": "my_lib_pmos_tb_1", "cornername": "Nominal", "point": 6, "logfile": "/home/dtvt_13/truong/logs_dtvt_13/logs0/Job22.log"}
[2026-04-11 10:54:35.655 +0700] [INFO] [cadence.virtuoso.ade.simulationMonitor] - SimulationMonitor has terminated the vds process '9762', reason: 'Force to stop the expression evalutor process because of new run' {"history": "ExplorerRun.0", "point": 6, "testname": "my_lib_pmos_tb_1", "cornername": "Nominal"}
[2026-04-11 10:54:35.655 +0700] [PROCESS] [cadence.virtuoso.ade.simulationMonitor] - HostInfo:
Host name (type):	dtvt_13 (x86_64)
Operating system:	Linux 3.10.0-1160.118.1.el7.x86_64 #1 SMP Wed Apr 24 16:01:50 UTC 2024 {"hostname": "dtvt_13", "processid": 9656, "history": "ExplorerRun.0", "testname": "my_lib_pmos_tb_1", "cornername": "Nominal", "point": 6, "logfile": "/home/dtvt_13/truong/logs_dtvt_13/logs0/Job22.log", "nodename": "dtvt_13", "domainname": "(none)", "machine": "x86_64", "sysname": "Linux", "release": "3.10.0-1160.118.1.el7.x86_64", "version": "#1 SMP Wed Apr 24 16:01:50 UTC 2024"}
[2026-04-11 10:54:35.655 +0700] [PROCESS] [cadence.virtuoso.ade.simulationMonitor] - UsageInfo:
pid=9656
totalPhysicalMemory=15.208324GB,Used=14.633957GB,totalVirtualMemory=22.895821GB,Used=14.677902GB
Cpu: Cores=24, Load average:0.550000,0.420000,0.370000 {"hostname": "dtvt_13", "processid": 9656, "history": "ExplorerRun.0", "testname": "my_lib_pmos_tb_1", "cornername": "Nominal", "point": 6, "logfile": "/home/dtvt_13/truong/logs_dtvt_13/logs0/Job22.log", "pid": "9656", "totalPhysicalMemory": "15.208324", "physicalMemoryUsed": "14.633957", "totalVirtualMemory": "22.895821", "virtualMemoryUsed": "14.677902", "cpuCores": "24", "processes": "2610", "loadAverage1": "0.550000", "loadAverage5": "0.420000", "loadAverage15": "0.370000", "loadAverage1Percent": "0.022917"}
[2026-04-11 10:54:35.656 +0700] [EVENT] [cadence.virtuoso.ade.simulationMonitor] - NewPoint {"history": "ExplorerRun.0", "point": 1, "testname": "my_lib_pmos_tb_1", "cornername": "Nominal", "event": "NewPoint", "EventSource": "Simulation Monitor", "HistoryName": "ExplorerRun.0", "logFile": "/home/dtvt_13/truong/logs_dtvt_13/logs0/Job22.log", "logFileSize": "56437"}
[2026-04-11 10:54:35.756 +0700] [EVENT] [cadence.virtuoso.ade.simulationMonitor] - NewPoint {"history": "ExplorerRun.0", "point": 1, "testname": "my_lib_pmos_tb_1", "cornername": "Nominal", "event": "NewPoint", "EventSource": "spectre", "HistoryName": "ExplorerRun.0", "logFile": "/home/dtvt_13/simulation/my_lib/pmos_tb/maestro/results/maestro/ExplorerRun.0/1/my_lib_pmos_tb_1/psf/spectre.out", "logFileSize": "-1"}
[2026-04-11 10:54:35.765 +0700] [PROCESS] [cadence.virtuoso.ade.simulationMonitor] - Simulator launched {"hostname": "dtvt_13", "processid": 9656, "history": "ExplorerRun.0", "testname": "my_lib_pmos_tb_1", "cornername": "Nominal", "point": 1, "logfile": "/home/dtvt_13/truong/logs_dtvt_13/logs0/Job22.log", "simid": "7"}
[2026-04-11 10:54:35.769 +0700] [PROCESS] [cadence.virtuoso.ade.simulationMonitor] - Expression evaluator launched {"hostname": "dtvt_13", "processid": 9656, "history": "ExplorerRun.0", "testname": "my_lib_pmos_tb_1", "cornername": "Nominal", "point": 1, "logfile": "/home/dtvt_13/truong/logs_dtvt_13/logs0/Job22.log"}
[2026-04-11 10:54:35.774 +0700] [PROCESS] [cadence.virtuoso.ade.simulationMonitor] - Started Simulation {"hostname": "dtvt_13", "processid": 9656, "history": "ExplorerRun.0", "testname": "my_lib_pmos_tb_1", "cornername": "Nominal", "point": 1, "logfile": "/home/dtvt_13/truong/logs_dtvt_13/logs0/Job22.log"}
[2026-04-11 10:54:57.581 +0700] [INFO] [cadence.virtuoso.ade.simulationMonitor] - Peak resident memory used = 96 Mbytes. {"history": "ExplorerRun.0", "point": 1, "testname": "my_lib_pmos_tb_1", "cornername": "Nominal"}
[2026-04-11 10:54:57.581 +0700] [INFO] [cadence.virtuoso.ade.simulationMonitor] - Peak resident memory used = 105 Mbytes. {"history": "ExplorerRun.0", "point": 1, "testname": "my_lib_pmos_tb_1", "cornername": "Nominal"}
[2026-04-11 10:54:57.581 +0700] [INFO] [cadence.virtuoso.ade.simulationMonitor] - Notice from spectre during hierarchy flattening.
    The value 'psf' specified for the 'checklimitdest' option will no longer be supported in future releases. Use 'spectre -h' to see other recommended values for the 'checklimitdest' option. {"history": "ExplorerRun.0", "point": 1, "testname": "my_lib_pmos_tb_1", "cornername": "Nominal"}
[2026-04-11 10:54:57.582 +0700] [INFO] [cadence.virtuoso.ade.simulationMonitor] - Peak resident memory used = 106 Mbytes. {"history": "ExplorerRun.0", "point": 1, "testname": "my_lib_pmos_tb_1", "cornername": "Nominal"}
[2026-04-11 10:54:57.582 +0700] [INFO] [cadence.virtuoso.ade.simulationMonitor] - Notice from spectre during initial setup.
    Multithreading is disabled due to the size of the design being too small. {"history": "ExplorerRun.0", "point": 1, "testname": "my_lib_pmos_tb_1", "cornername": "Nominal"}
[2026-04-11 10:54:57.583 +0700] [INFO] [cadence.virtuoso.ade.simulationMonitor] -               nodes 8 {"history": "ExplorerRun.0", "point": 1, "testname": "my_lib_pmos_tb_1", "cornername": "Nominal"}
[2026-04-11 10:54:57.583 +0700] [INFO] [cadence.virtuoso.ade.simulationMonitor] - Notice from spectre during initial setup.
    APS enabled. {"history": "ExplorerRun.0", "point": 1, "testname": "my_lib_pmos_tb_1", "cornername": "Nominal"}
[2026-04-11 10:54:57.583 +0700] [INFO] [cadence.virtuoso.ade.simulationMonitor] - Peak resident memory used = 107 Mbytes. {"history": "ExplorerRun.0", "point": 1, "testname": "my_lib_pmos_tb_1", "cornername": "Nominal"}
[2026-04-11 10:54:57.584 +0700] [INFO] [cadence.virtuoso.ade.simulationMonitor] -    -   (APS) Multi-threading. The recommended number of threads is 1, consider adding +mt=1 on command line. {"history": "ExplorerRun.0", "point": 1, "testname": "my_lib_pmos_tb_1", "cornername": "Nominal"}
[2026-04-11 10:54:57.584 +0700] [INFO] [cadence.virtuoso.ade.simulationMonitor] - Total time required for dc analysis `dcOp': CPU = 2.083 ms, elapsed = 3.17383 ms. {"history": "ExplorerRun.0", "point": 1, "testname": "my_lib_pmos_tb_1", "cornername": "Nominal"}
[2026-04-11 10:54:57.584 +0700] [INFO] [cadence.virtuoso.ade.simulationMonitor] - Peak resident memory used = 109 Mbytes. {"history": "ExplorerRun.0", "point": 1, "testname": "my_lib_pmos_tb_1", "cornername": "Nominal"}
[2026-04-11 10:54:57.584 +0700] [INFO] [cadence.virtuoso.ade.simulationMonitor] - Notice from spectre at vg = 740e-03 during DC analysis `dc'.
    The value of parameter 'vg' has been reset to the original value 0.74. {"history": "ExplorerRun.0", "point": 1, "testname": "my_lib_pmos_tb_1", "cornername": "Nominal"}
[2026-04-11 10:54:57.584 +0700] [INFO] [cadence.virtuoso.ade.simulationMonitor] - Total time required for dc analysis `dc': CPU = 11.903 ms, elapsed = 12.9821 ms. {"history": "ExplorerRun.0", "point": 1, "testname": "my_lib_pmos_tb_1", "cornername": "Nominal"}
[2026-04-11 10:54:57.585 +0700] [INFO] [cadence.virtuoso.ade.simulationMonitor] - Peak resident memory used = 110 Mbytes. {"history": "ExplorerRun.0", "point": 1, "testname": "my_lib_pmos_tb_1", "cornername": "Nominal"}
[2026-04-11 10:54:57.585 +0700] [INFO] [cadence.virtuoso.ade.simulationMonitor] - Time used: CPU = 502 ms, elapsed = 21.3 s, util. = 2.35%. {"history": "ExplorerRun.0", "point": 1, "testname": "my_lib_pmos_tb_1", "cornername": "Nominal"}
[2026-04-11 10:54:57.585 +0700] [INFO] [cadence.virtuoso.ade.simulationMonitor] - Time spent in licensing: elapsed = 20.8 s, percentage of total = 97.4%. {"history": "ExplorerRun.0", "point": 1, "testname": "my_lib_pmos_tb_1", "cornername": "Nominal"}
[2026-04-11 10:54:57.585 +0700] [INFO] [cadence.virtuoso.ade.simulationMonitor] - Peak memory used = 111 Mbytes. {"history": "ExplorerRun.0", "point": 1, "testname": "my_lib_pmos_tb_1", "cornername": "Nominal"}
[2026-04-11 10:54:57.586 +0700] [PROCESS] [cadence.virtuoso.ade.simulationMonitor] - Simulation started at: 10:54:35 AM, Sat Apr 11, 2026, ended at: 10:54:57 AM, Sat Apr 11, 2026, with elapsed time (wall clock): 21.3 s. {"history": "ExplorerRun.0", "point": 1, "testname": "my_lib_pmos_tb_1", "cornername": "Nominal"}
[2026-04-11 10:54:57.586 +0700] [PROCESS] [cadence.virtuoso.ade.simulationMonitor] - spectre completes with 0 errors, 0 warnings, and 5 notices. {"history": "ExplorerRun.0", "point": 1, "testname": "my_lib_pmos_tb_1", "cornername": "Nominal"}
[2026-04-11 10:54:58.087 +0700] [PROCESS] [cadence.virtuoso.ade.simulationMonitor] - Finished simulating for one point {"hostname": "dtvt_13", "processid": 9656, "history": "ExplorerRun.0", "testname": "my_lib_pmos_tb_1", "cornername": "Nominal", "point": 1, "logfile": "/home/dtvt_13/truong/logs_dtvt_13/logs0/Job22.log", "simid": "7"}
[2026-04-11 10:54:58.087 +0700] [PROCESS] [cadence.virtuoso.ade.simulationMonitor] - Simulator exited {"hostname": "dtvt_13", "processid": 9656, "history": "ExplorerRun.0", "testname": "my_lib_pmos_tb_1", "cornername": "Nominal", "point": 1, "logfile": "/home/dtvt_13/truong/logs_dtvt_13/logs0/Job22.log", "exitStatus": "0"}
[2026-04-11 10:54:58.088 +0700] [PROCESS] [cadence.virtuoso.ade.simulationMonitor] - Finished Simulation {"hostname": "dtvt_13", "processid": 9656, "history": "ExplorerRun.0", "testname": "my_lib_pmos_tb_1", "cornername": "Nominal", "point": 1, "logfile": "/home/dtvt_13/truong/logs_dtvt_13/logs0/Job22.log", "simid": "7"}
[2026-04-11 10:54:58.603 +0700] [PROCESS] [cadence.virtuoso.ade.simulationMonitor] - Point Finished {"hostname": "dtvt_13", "processid": 9656, "history": "ExplorerRun.0", "testname": "my_lib_pmos_tb_1", "cornername": "Nominal", "point": 1, "logfile": "/home/dtvt_13/truong/logs_dtvt_13/logs0/Job22.log"}
[2026-04-11 10:54:58.635 +0700] [PROCESS] [cadence.virtuoso.ade.simulationMonitor] - HostInfo:
Host name (type):	dtvt_13 (x86_64)
Operating system:	Linux 3.10.0-1160.118.1.el7.x86_64 #1 SMP Wed Apr 24 16:01:50 UTC 2024 {"hostname": "dtvt_13", "processid": 9656, "history": "ExplorerRun.0", "testname": "my_lib_pmos_tb_1", "cornername": "Nominal", "point": 1, "logfile": "/home/dtvt_13/truong/logs_dtvt_13/logs0/Job22.log", "nodename": "dtvt_13", "domainname": "(none)", "machine": "x86_64", "sysname": "Linux", "release": "3.10.0-1160.118.1.el7.x86_64", "version": "#1 SMP Wed Apr 24 16:01:50 UTC 2024"}
[2026-04-11 10:54:58.636 +0700] [PROCESS] [cadence.virtuoso.ade.simulationMonitor] - UsageInfo:
pid=9656
totalPhysicalMemory=15.208324GB,Used=14.867374GB,totalVirtualMemory=22.895821GB,Used=14.911320GB
Cpu: Cores=24, Load average:0.390000,0.390000,0.370000 {"hostname": "dtvt_13", "processid": 9656, "history": "ExplorerRun.0", "testname": "my_lib_pmos_tb_1", "cornername": "Nominal", "point": 1, "logfile": "/home/dtvt_13/truong/logs_dtvt_13/logs0/Job22.log", "pid": "9656", "totalPhysicalMemory": "15.208324", "physicalMemoryUsed": "14.867374", "totalVirtualMemory": "22.895821", "virtualMemoryUsed": "14.911320", "cpuCores": "24", "processes": "2644", "loadAverage1": "0.390000", "loadAverage5": "0.390000", "loadAverage15": "0.370000", "loadAverage1Percent": "0.016250"}
[2026-04-11 10:54:58.637 +0700] [EVENT] [cadence.virtuoso.ade.simulationMonitor] - NewPoint {"history": "ExplorerRun.0", "point": 2, "testname": "my_lib_pmos_tb_1", "cornername": "Nominal", "event": "NewPoint", "EventSource": "Simulation Monitor", "HistoryName": "ExplorerRun.0", "logFile": "/home/dtvt_13/truong/logs_dtvt_13/logs0/Job22.log", "logFileSize": "65710"}
[2026-04-11 10:54:58.738 +0700] [EVENT] [cadence.virtuoso.ade.simulationMonitor] - NewPoint {"history": "ExplorerRun.0", "point": 2, "testname": "my_lib_pmos_tb_1", "cornername": "Nominal", "event": "NewPoint", "EventSource": "spectre", "HistoryName": "ExplorerRun.0", "logFile": "/home/dtvt_13/simulation/my_lib/pmos_tb/maestro/results/maestro/ExplorerRun.0/2/my_lib_pmos_tb_1/psf/spectre.out", "logFileSize": "-1"}
[2026-04-11 10:54:58.748 +0700] [PROCESS] [cadence.virtuoso.ade.simulationMonitor] - Simulator launched {"hostname": "dtvt_13", "processid": 9656, "history": "ExplorerRun.0", "testname": "my_lib_pmos_tb_1", "cornername": "Nominal", "point": 2, "logfile": "/home/dtvt_13/truong/logs_dtvt_13/logs0/Job22.log", "simid": "8"}
[2026-04-11 10:54:58.749 +0700] [PROCESS] [cadence.virtuoso.ade.simulationMonitor] - Started Simulation {"hostname": "dtvt_13", "processid": 9656, "history": "ExplorerRun.0", "testname": "my_lib_pmos_tb_1", "cornername": "Nominal", "point": 2, "logfile": "/home/dtvt_13/truong/logs_dtvt_13/logs0/Job22.log"}
[2026-04-11 10:55:20.101 +0700] [PROCESS] [cadence.virtuoso.ade.simulationMonitor] - Finished simulating for one point {"hostname": "dtvt_13", "processid": 9656, "history": "ExplorerRun.0", "testname": "my_lib_pmos_tb_1", "cornername": "Nominal", "point": 2, "logfile": "/home/dtvt_13/truong/logs_dtvt_13/logs0/Job22.log", "simid": "8"}
[2026-04-11 10:55:20.102 +0700] [INFO] [cadence.virtuoso.ade.simulationMonitor] - Peak resident memory used = 96 Mbytes. {"history": "ExplorerRun.0", "point": 2, "testname": "my_lib_pmos_tb_1", "cornername": "Nominal"}
[2026-04-11 10:55:20.102 +0700] [INFO] [cadence.virtuoso.ade.simulationMonitor] - Peak resident memory used = 105 Mbytes. {"history": "ExplorerRun.0", "point": 2, "testname": "my_lib_pmos_tb_1", "cornername": "Nominal"}
[2026-04-11 10:55:20.103 +0700] [INFO] [cadence.virtuoso.ade.simulationMonitor] - Notice from spectre during hierarchy flattening.
    The value 'psf' specified for the 'checklimitdest' option will no longer be supported in future releases. Use 'spectre -h' to see other recommended values for the 'checklimitdest' option. {"history": "ExplorerRun.0", "point": 2, "testname": "my_lib_pmos_tb_1", "cornername": "Nominal"}
[2026-04-11 10:55:20.103 +0700] [INFO] [cadence.virtuoso.ade.simulationMonitor] - Peak resident memory used = 106 Mbytes. {"history": "ExplorerRun.0", "point": 2, "testname": "my_lib_pmos_tb_1", "cornername": "Nominal"}
[2026-04-11 10:55:20.103 +0700] [INFO] [cadence.virtuoso.ade.simulationMonitor] - Notice from spectre during initial setup.
    Multithreading is disabled due to the size of the design being too small. {"history": "ExplorerRun.0", "point": 2, "testname": "my_lib_pmos_tb_1", "cornername": "Nominal"}
[2026-04-11 10:55:20.104 +0700] [INFO] [cadence.virtuoso.ade.simulationMonitor] -               nodes 8 {"history": "ExplorerRun.0", "point": 2, "testname": "my_lib_pmos_tb_1", "cornername": "Nominal"}
[2026-04-11 10:55:20.104 +0700] [INFO] [cadence.virtuoso.ade.simulationMonitor] - Notice from spectre during initial setup.
    APS enabled. {"history": "ExplorerRun.0", "point": 2, "testname": "my_lib_pmos_tb_1", "cornername": "Nominal"}
[2026-04-11 10:55:20.105 +0700] [INFO] [cadence.virtuoso.ade.simulationMonitor] - Peak resident memory used = 107 Mbytes. {"history": "ExplorerRun.0", "point": 2, "testname": "my_lib_pmos_tb_1", "cornername": "Nominal"}
[2026-04-11 10:55:20.105 +0700] [INFO] [cadence.virtuoso.ade.simulationMonitor] -    -   (APS) Multi-threading. The recommended number of threads is 1, consider adding +mt=1 on command line. {"history": "ExplorerRun.0", "point": 2, "testname": "my_lib_pmos_tb_1", "cornername": "Nominal"}
[2026-04-11 10:55:20.105 +0700] [INFO] [cadence.virtuoso.ade.simulationMonitor] - Total time required for dc analysis `dcOp': CPU = 1.658 ms, elapsed = 2.707 ms. {"history": "ExplorerRun.0", "point": 2, "testname": "my_lib_pmos_tb_1", "cornername": "Nominal"}
[2026-04-11 10:55:20.105 +0700] [INFO] [cadence.virtuoso.ade.simulationMonitor] - Peak resident memory used = 109 Mbytes. {"history": "ExplorerRun.0", "point": 2, "testname": "my_lib_pmos_tb_1", "cornername": "Nominal"}
[2026-04-11 10:55:20.105 +0700] [INFO] [cadence.virtuoso.ade.simulationMonitor] - Notice from spectre at vg = 740e-03 during DC analysis `dc'.
    The value of parameter 'vg' has been reset to the original value 0.74. {"history": "ExplorerRun.0", "point": 2, "testname": "my_lib_pmos_tb_1", "cornername": "Nominal"}
[2026-04-11 10:55:20.105 +0700] [INFO] [cadence.virtuoso.ade.simulationMonitor] - Total time required for dc analysis `dc': CPU = 9.827 ms, elapsed = 10.88 ms. {"history": "ExplorerRun.0", "point": 2, "testname": "my_lib_pmos_tb_1", "cornername": "Nominal"}
[2026-04-11 10:55:20.106 +0700] [INFO] [cadence.virtuoso.ade.simulationMonitor] - Peak resident memory used = 110 Mbytes. {"history": "ExplorerRun.0", "point": 2, "testname": "my_lib_pmos_tb_1", "cornername": "Nominal"}
[2026-04-11 10:55:20.106 +0700] [INFO] [cadence.virtuoso.ade.simulationMonitor] - Time used: CPU = 547 ms, elapsed = 20.8 s, util. = 2.63%. {"history": "ExplorerRun.0", "point": 2, "testname": "my_lib_pmos_tb_1", "cornername": "Nominal"}
[2026-04-11 10:55:20.106 +0700] [INFO] [cadence.virtuoso.ade.simulationMonitor] - Time spent in licensing: elapsed = 20.3 s, percentage of total = 97.5%. {"history": "ExplorerRun.0", "point": 2, "testname": "my_lib_pmos_tb_1", "cornername": "Nominal"}
[2026-04-11 10:55:20.106 +0700] [INFO] [cadence.virtuoso.ade.simulationMonitor] - Peak memory used = 111 Mbytes. {"history": "ExplorerRun.0", "point": 2, "testname": "my_lib_pmos_tb_1", "cornername": "Nominal"}
[2026-04-11 10:55:20.106 +0700] [PROCESS] [cadence.virtuoso.ade.simulationMonitor] - Simulation started at: 10:54:58 AM, Sat Apr 11, 2026, ended at: 10:55:19 AM, Sat Apr 11, 2026, with elapsed time (wall clock): 20.8 s. {"history": "ExplorerRun.0", "point": 2, "testname": "my_lib_pmos_tb_1", "cornername": "Nominal"}
[2026-04-11 10:55:20.107 +0700] [PROCESS] [cadence.virtuoso.ade.simulationMonitor] - spectre completes with 0 errors, 0 warnings, and 5 notices. {"history": "ExplorerRun.0", "point": 2, "testname": "my_lib_pmos_tb_1", "cornername": "Nominal"}
[2026-04-11 10:55:20.107 +0700] [PROCESS] [cadence.virtuoso.ade.simulationMonitor] - Simulator exited {"hostname": "dtvt_13", "processid": 9656, "history": "ExplorerRun.0", "testname": "my_lib_pmos_tb_1", "cornername": "Nominal", "point": 2, "logfile": "/home/dtvt_13/truong/logs_dtvt_13/logs0/Job22.log", "exitStatus": "0"}
[2026-04-11 10:55:20.107 +0700] [PROCESS] [cadence.virtuoso.ade.simulationMonitor] - Finished Simulation {"hostname": "dtvt_13", "processid": 9656, "history": "ExplorerRun.0", "testname": "my_lib_pmos_tb_1", "cornername": "Nominal", "point": 2, "logfile": "/home/dtvt_13/truong/logs_dtvt_13/logs0/Job22.log", "simid": "8"}
[2026-04-11 10:55:20.621 +0700] [PROCESS] [cadence.virtuoso.ade.simulationMonitor] - Point Finished {"hostname": "dtvt_13", "processid": 9656, "history": "ExplorerRun.0", "testname": "my_lib_pmos_tb_1", "cornername": "Nominal", "point": 2, "logfile": "/home/dtvt_13/truong/logs_dtvt_13/logs0/Job22.log"}
[2026-04-11 10:55:20.627 +0700] [PROCESS] [cadence.virtuoso.ade.simulationMonitor] - HostInfo:
Host name (type):	dtvt_13 (x86_64)
Operating system:	Linux 3.10.0-1160.118.1.el7.x86_64 #1 SMP Wed Apr 24 16:01:50 UTC 2024 {"hostname": "dtvt_13", "processid": 9656, "history": "ExplorerRun.0", "testname": "my_lib_pmos_tb_1", "cornername": "Nominal", "point": 2, "logfile": "/home/dtvt_13/truong/logs_dtvt_13/logs0/Job22.log", "nodename": "dtvt_13", "domainname": "(none)", "machine": "x86_64", "sysname": "Linux", "release": "3.10.0-1160.118.1.el7.x86_64", "version": "#1 SMP Wed Apr 24 16:01:50 UTC 2024"}
[2026-04-11 10:55:20.628 +0700] [PROCESS] [cadence.virtuoso.ade.simulationMonitor] - UsageInfo:
pid=9656
totalPhysicalMemory=15.208324GB,Used=14.870815GB,totalVirtualMemory=22.895821GB,Used=14.914761GB
Cpu: Cores=24, Load average:0.260000,0.360000,0.360000 {"hostname": "dtvt_13", "processid": 9656, "history": "ExplorerRun.0", "testname": "my_lib_pmos_tb_1", "cornername": "Nominal", "point": 2, "logfile": "/home/dtvt_13/truong/logs_dtvt_13/logs0/Job22.log", "pid": "9656", "totalPhysicalMemory": "15.208324", "physicalMemoryUsed": "14.870815", "totalVirtualMemory": "22.895821", "virtualMemoryUsed": "14.914761", "cpuCores": "24", "processes": "2644", "loadAverage1": "0.260000", "loadAverage5": "0.360000", "loadAverage15": "0.360000", "loadAverage1Percent": "0.010833"}
[2026-04-11 10:55:20.628 +0700] [EVENT] [cadence.virtuoso.ade.simulationMonitor] - NewPoint {"history": "ExplorerRun.0", "point": 3, "testname": "my_lib_pmos_tb_1", "cornername": "Nominal", "event": "NewPoint", "EventSource": "Simulation Monitor", "HistoryName": "ExplorerRun.0", "logFile": "/home/dtvt_13/truong/logs_dtvt_13/logs0/Job22.log", "logFileSize": "74659"}
[2026-04-11 10:55:20.730 +0700] [EVENT] [cadence.virtuoso.ade.simulationMonitor] - NewPoint {"history": "ExplorerRun.0", "point": 3, "testname": "my_lib_pmos_tb_1", "cornername": "Nominal", "event": "NewPoint", "EventSource": "spectre", "HistoryName": "ExplorerRun.0", "logFile": "/home/dtvt_13/simulation/my_lib/pmos_tb/maestro/results/maestro/ExplorerRun.0/3/my_lib_pmos_tb_1/psf/spectre.out", "logFileSize": "-1"}
[2026-04-11 10:55:20.739 +0700] [PROCESS] [cadence.virtuoso.ade.simulationMonitor] - Simulator launched {"hostname": "dtvt_13", "processid": 9656, "history": "ExplorerRun.0", "testname": "my_lib_pmos_tb_1", "cornername": "Nominal", "point": 3, "logfile": "/home/dtvt_13/truong/logs_dtvt_13/logs0/Job22.log", "simid": "9"}
[2026-04-11 10:55:20.740 +0700] [PROCESS] [cadence.virtuoso.ade.simulationMonitor] - Started Simulation {"hostname": "dtvt_13", "processid": 9656, "history": "ExplorerRun.0", "testname": "my_lib_pmos_tb_1", "cornername": "Nominal", "point": 3, "logfile": "/home/dtvt_13/truong/logs_dtvt_13/logs0/Job22.log"}
[2026-04-11 10:55:42.548 +0700] [INFO] [cadence.virtuoso.ade.simulationMonitor] - Peak resident memory used = 96 Mbytes. {"history": "ExplorerRun.0", "point": 3, "testname": "my_lib_pmos_tb_1", "cornername": "Nominal"}
[2026-04-11 10:55:42.548 +0700] [INFO] [cadence.virtuoso.ade.simulationMonitor] - Peak resident memory used = 105 Mbytes. {"history": "ExplorerRun.0", "point": 3, "testname": "my_lib_pmos_tb_1", "cornername": "Nominal"}
[2026-04-11 10:55:42.548 +0700] [INFO] [cadence.virtuoso.ade.simulationMonitor] - Notice from spectre during hierarchy flattening.
    The value 'psf' specified for the 'checklimitdest' option will no longer be supported in future releases. Use 'spectre -h' to see other recommended values for the 'checklimitdest' option. {"history": "ExplorerRun.0", "point": 3, "testname": "my_lib_pmos_tb_1", "cornername": "Nominal"}
[2026-04-11 10:55:42.549 +0700] [INFO] [cadence.virtuoso.ade.simulationMonitor] - Peak resident memory used = 106 Mbytes. {"history": "ExplorerRun.0", "point": 3, "testname": "my_lib_pmos_tb_1", "cornername": "Nominal"}
[2026-04-11 10:55:42.549 +0700] [INFO] [cadence.virtuoso.ade.simulationMonitor] - Notice from spectre during initial setup.
    Multithreading is disabled due to the size of the design being too small. {"history": "ExplorerRun.0", "point": 3, "testname": "my_lib_pmos_tb_1", "cornername": "Nominal"}
[2026-04-11 10:55:42.549 +0700] [INFO] [cadence.virtuoso.ade.simulationMonitor] -               nodes 8 {"history": "ExplorerRun.0", "point": 3, "testname": "my_lib_pmos_tb_1", "cornername": "Nominal"}
[2026-04-11 10:55:42.550 +0700] [INFO] [cadence.virtuoso.ade.simulationMonitor] - Notice from spectre during initial setup.
    APS enabled. {"history": "ExplorerRun.0", "point": 3, "testname": "my_lib_pmos_tb_1", "cornername": "Nominal"}
[2026-04-11 10:55:42.550 +0700] [INFO] [cadence.virtuoso.ade.simulationMonitor] - Peak resident memory used = 107 Mbytes. {"history": "ExplorerRun.0", "point": 3, "testname": "my_lib_pmos_tb_1", "cornername": "Nominal"}
[2026-04-11 10:55:42.550 +0700] [INFO] [cadence.virtuoso.ade.simulationMonitor] -    -   (APS) Multi-threading. The recommended number of threads is 1, consider adding +mt=1 on command line. {"history": "ExplorerRun.0", "point": 3, "testname": "my_lib_pmos_tb_1", "cornername": "Nominal"}
[2026-04-11 10:55:42.551 +0700] [INFO] [cadence.virtuoso.ade.simulationMonitor] - Total time required for dc analysis `dcOp': CPU = 2.032 ms, elapsed = 3.06392 ms. {"history": "ExplorerRun.0", "point": 3, "testname": "my_lib_pmos_tb_1", "cornername": "Nominal"}
[2026-04-11 10:55:42.551 +0700] [INFO] [cadence.virtuoso.ade.simulationMonitor] - Peak resident memory used = 109 Mbytes. {"history": "ExplorerRun.0", "point": 3, "testname": "my_lib_pmos_tb_1", "cornername": "Nominal"}
[2026-04-11 10:55:42.551 +0700] [INFO] [cadence.virtuoso.ade.simulationMonitor] - Notice from spectre at vg = 740e-03 during DC analysis `dc'.
    The value of parameter 'vg' has been reset to the original value 0.74. {"history": "ExplorerRun.0", "point": 3, "testname": "my_lib_pmos_tb_1", "cornername": "Nominal"}
[2026-04-11 10:55:42.551 +0700] [INFO] [cadence.virtuoso.ade.simulationMonitor] - Total time required for dc analysis `dc': CPU = 11.484 ms, elapsed = 12.5811 ms. {"history": "ExplorerRun.0", "point": 3, "testname": "my_lib_pmos_tb_1", "cornername": "Nominal"}
[2026-04-11 10:55:42.552 +0700] [INFO] [cadence.virtuoso.ade.simulationMonitor] - Peak resident memory used = 110 Mbytes. {"history": "ExplorerRun.0", "point": 3, "testname": "my_lib_pmos_tb_1", "cornername": "Nominal"}
[2026-04-11 10:55:42.552 +0700] [INFO] [cadence.virtuoso.ade.simulationMonitor] - Time used: CPU = 565 ms, elapsed = 21.4 s, util. = 2.64%. {"history": "ExplorerRun.0", "point": 3, "testname": "my_lib_pmos_tb_1", "cornername": "Nominal"}
[2026-04-11 10:55:42.552 +0700] [INFO] [cadence.virtuoso.ade.simulationMonitor] - Time spent in licensing: elapsed = 20.8 s, percentage of total = 97.3%. {"history": "ExplorerRun.0", "point": 3, "testname": "my_lib_pmos_tb_1", "cornername": "Nominal"}
[2026-04-11 10:55:42.552 +0700] [INFO] [cadence.virtuoso.ade.simulationMonitor] - Peak memory used = 111 Mbytes. {"history": "ExplorerRun.0", "point": 3, "testname": "my_lib_pmos_tb_1", "cornername": "Nominal"}
[2026-04-11 10:55:42.552 +0700] [PROCESS] [cadence.virtuoso.ade.simulationMonitor] - Simulation started at: 10:55:20 AM, Sat Apr 11, 2026, ended at: 10:55:42 AM, Sat Apr 11, 2026, with elapsed time (wall clock): 21.4 s. {"history": "ExplorerRun.0", "point": 3, "testname": "my_lib_pmos_tb_1", "cornername": "Nominal"}
[2026-04-11 10:55:42.553 +0700] [PROCESS] [cadence.virtuoso.ade.simulationMonitor] - spectre completes with 0 errors, 0 warnings, and 5 notices. {"history": "ExplorerRun.0", "point": 3, "testname": "my_lib_pmos_tb_1", "cornername": "Nominal"}
[2026-04-11 10:55:43.053 +0700] [PROCESS] [cadence.virtuoso.ade.simulationMonitor] - Finished simulating for one point {"hostname": "dtvt_13", "processid": 9656, "history": "ExplorerRun.0", "testname": "my_lib_pmos_tb_1", "cornername": "Nominal", "point": 3, "logfile": "/home/dtvt_13/truong/logs_dtvt_13/logs0/Job22.log", "simid": "9"}
[2026-04-11 10:55:43.054 +0700] [PROCESS] [cadence.virtuoso.ade.simulationMonitor] - Simulator exited {"hostname": "dtvt_13", "processid": 9656, "history": "ExplorerRun.0", "testname": "my_lib_pmos_tb_1", "cornername": "Nominal", "point": 3, "logfile": "/home/dtvt_13/truong/logs_dtvt_13/logs0/Job22.log", "exitStatus": "0"}
[2026-04-11 10:55:43.054 +0700] [PROCESS] [cadence.virtuoso.ade.simulationMonitor] - Finished Simulation {"hostname": "dtvt_13", "processid": 9656, "history": "ExplorerRun.0", "testname": "my_lib_pmos_tb_1", "cornername": "Nominal", "point": 3, "logfile": "/home/dtvt_13/truong/logs_dtvt_13/logs0/Job22.log", "simid": "9"}
[2026-04-11 10:55:43.568 +0700] [PROCESS] [cadence.virtuoso.ade.simulationMonitor] - Point Finished {"hostname": "dtvt_13", "processid": 9656, "history": "ExplorerRun.0", "testname": "my_lib_pmos_tb_1", "cornername": "Nominal", "point": 3, "logfile": "/home/dtvt_13/truong/logs_dtvt_13/logs0/Job22.log"}
[2026-04-11 10:55:43.573 +0700] [PROCESS] [cadence.virtuoso.ade.simulationMonitor] - HostInfo:
Host name (type):	dtvt_13 (x86_64)
Operating system:	Linux 3.10.0-1160.118.1.el7.x86_64 #1 SMP Wed Apr 24 16:01:50 UTC 2024 {"hostname": "dtvt_13", "processid": 9656, "history": "ExplorerRun.0", "testname": "my_lib_pmos_tb_1", "cornername": "Nominal", "point": 3, "logfile": "/home/dtvt_13/truong/logs_dtvt_13/logs0/Job22.log", "nodename": "dtvt_13", "domainname": "(none)", "machine": "x86_64", "sysname": "Linux", "release": "3.10.0-1160.118.1.el7.x86_64", "version": "#1 SMP Wed Apr 24 16:01:50 UTC 2024"}
[2026-04-11 10:55:43.574 +0700] [PROCESS] [cadence.virtuoso.ade.simulationMonitor] - UsageInfo:
pid=9656
totalPhysicalMemory=15.208324GB,Used=14.868984GB,totalVirtualMemory=22.895821GB,Used=14.912930GB
Cpu: Cores=24, Load average:0.180000,0.340000,0.350000 {"hostname": "dtvt_13", "processid": 9656, "history": "ExplorerRun.0", "testname": "my_lib_pmos_tb_1", "cornername": "Nominal", "point": 3, "logfile": "/home/dtvt_13/truong/logs_dtvt_13/logs0/Job22.log", "pid": "9656", "totalPhysicalMemory": "15.208324", "physicalMemoryUsed": "14.868984", "totalVirtualMemory": "22.895821", "virtualMemoryUsed": "14.912930", "cpuCores": "24", "processes": "2644", "loadAverage1": "0.180000", "loadAverage5": "0.340000", "loadAverage15": "0.350000", "loadAverage1Percent": "0.007500"}
[2026-04-11 10:55:43.574 +0700] [EVENT] [cadence.virtuoso.ade.simulationMonitor] - NewPoint {"history": "ExplorerRun.0", "point": 4, "testname": "my_lib_pmos_tb_1", "cornername": "Nominal", "event": "NewPoint", "EventSource": "Simulation Monitor", "HistoryName": "ExplorerRun.0", "logFile": "/home/dtvt_13/truong/logs_dtvt_13/logs0/Job22.log", "logFileSize": "83613"}
[2026-04-11 10:55:43.683 +0700] [EVENT] [cadence.virtuoso.ade.simulationMonitor] - NewPoint {"history": "ExplorerRun.0", "point": 4, "testname": "my_lib_pmos_tb_1", "cornername": "Nominal", "event": "NewPoint", "EventSource": "spectre", "HistoryName": "ExplorerRun.0", "logFile": "/home/dtvt_13/simulation/my_lib/pmos_tb/maestro/results/maestro/ExplorerRun.0/4/my_lib_pmos_tb_1/psf/spectre.out", "logFileSize": "-1"}
[2026-04-11 10:55:43.692 +0700] [PROCESS] [cadence.virtuoso.ade.simulationMonitor] - Simulator launched {"hostname": "dtvt_13", "processid": 9656, "history": "ExplorerRun.0", "testname": "my_lib_pmos_tb_1", "cornername": "Nominal", "point": 4, "logfile": "/home/dtvt_13/truong/logs_dtvt_13/logs0/Job22.log", "simid": "10"}
[2026-04-11 10:55:43.693 +0700] [PROCESS] [cadence.virtuoso.ade.simulationMonitor] - Started Simulation {"hostname": "dtvt_13", "processid": 9656, "history": "ExplorerRun.0", "testname": "my_lib_pmos_tb_1", "cornername": "Nominal", "point": 4, "logfile": "/home/dtvt_13/truong/logs_dtvt_13/logs0/Job22.log"}
[2026-04-11 10:56:05.481 +0700] [PROCESS] [cadence.virtuoso.ade.simulationMonitor] - Finished simulating for one point {"hostname": "dtvt_13", "processid": 9656, "history": "ExplorerRun.0", "testname": "my_lib_pmos_tb_1", "cornername": "Nominal", "point": 4, "logfile": "/home/dtvt_13/truong/logs_dtvt_13/logs0/Job22.log", "simid": "10"}
[2026-04-11 10:56:05.482 +0700] [INFO] [cadence.virtuoso.ade.simulationMonitor] - Peak resident memory used = 96 Mbytes. {"history": "ExplorerRun.0", "point": 4, "testname": "my_lib_pmos_tb_1", "cornername": "Nominal"}
[2026-04-11 10:56:05.483 +0700] [INFO] [cadence.virtuoso.ade.simulationMonitor] - Peak resident memory used = 105 Mbytes. {"history": "ExplorerRun.0", "point": 4, "testname": "my_lib_pmos_tb_1", "cornername": "Nominal"}
[2026-04-11 10:56:05.483 +0700] [INFO] [cadence.virtuoso.ade.simulationMonitor] - Notice from spectre during hierarchy flattening.
    The value 'psf' specified for the 'checklimitdest' option will no longer be supported in future releases. Use 'spectre -h' to see other recommended values for the 'checklimitdest' option. {"history": "ExplorerRun.0", "point": 4, "testname": "my_lib_pmos_tb_1", "cornername": "Nominal"}
[2026-04-11 10:56:05.483 +0700] [INFO] [cadence.virtuoso.ade.simulationMonitor] - Peak resident memory used = 106 Mbytes. {"history": "ExplorerRun.0", "point": 4, "testname": "my_lib_pmos_tb_1", "cornername": "Nominal"}
[2026-04-11 10:56:05.484 +0700] [INFO] [cadence.virtuoso.ade.simulationMonitor] - Notice from spectre during initial setup.
    Multithreading is disabled due to the size of the design being too small. {"history": "ExplorerRun.0", "point": 4, "testname": "my_lib_pmos_tb_1", "cornername": "Nominal"}
[2026-04-11 10:56:05.484 +0700] [INFO] [cadence.virtuoso.ade.simulationMonitor] -               nodes 8 {"history": "ExplorerRun.0", "point": 4, "testname": "my_lib_pmos_tb_1", "cornername": "Nominal"}
[2026-04-11 10:56:05.484 +0700] [INFO] [cadence.virtuoso.ade.simulationMonitor] - Notice from spectre during initial setup.
    APS enabled. {"history": "ExplorerRun.0", "point": 4, "testname": "my_lib_pmos_tb_1", "cornername": "Nominal"}
[2026-04-11 10:56:05.485 +0700] [INFO] [cadence.virtuoso.ade.simulationMonitor] - Peak resident memory used = 107 Mbytes. {"history": "ExplorerRun.0", "point": 4, "testname": "my_lib_pmos_tb_1", "cornername": "Nominal"}
[2026-04-11 10:56:05.485 +0700] [INFO] [cadence.virtuoso.ade.simulationMonitor] -    -   (APS) Multi-threading. The recommended number of threads is 1, consider adding +mt=1 on command line. {"history": "ExplorerRun.0", "point": 4, "testname": "my_lib_pmos_tb_1", "cornername": "Nominal"}
[2026-04-11 10:56:05.485 +0700] [INFO] [cadence.virtuoso.ade.simulationMonitor] - Total time required for dc analysis `dcOp': CPU = 1.706 ms, elapsed = 2.68698 ms. {"history": "ExplorerRun.0", "point": 4, "testname": "my_lib_pmos_tb_1", "cornername": "Nominal"}
[2026-04-11 10:56:05.485 +0700] [INFO] [cadence.virtuoso.ade.simulationMonitor] - Peak resident memory used = 109 Mbytes. {"history": "ExplorerRun.0", "point": 4, "testname": "my_lib_pmos_tb_1", "cornername": "Nominal"}
[2026-04-11 10:56:05.485 +0700] [INFO] [cadence.virtuoso.ade.simulationMonitor] - Notice from spectre at vg = 740e-03 during DC analysis `dc'.
    The value of parameter 'vg' has been reset to the original value 0.74. {"history": "ExplorerRun.0", "point": 4, "testname": "my_lib_pmos_tb_1", "cornername": "Nominal"}
[2026-04-11 10:56:05.485 +0700] [INFO] [cadence.virtuoso.ade.simulationMonitor] - Total time required for dc analysis `dc': CPU = 11.064 ms, elapsed = 12.1279 ms. {"history": "ExplorerRun.0", "point": 4, "testname": "my_lib_pmos_tb_1", "cornername": "Nominal"}
[2026-04-11 10:56:05.486 +0700] [INFO] [cadence.virtuoso.ade.simulationMonitor] - Peak resident memory used = 110 Mbytes. {"history": "ExplorerRun.0", "point": 4, "testname": "my_lib_pmos_tb_1", "cornername": "Nominal"}
[2026-04-11 10:56:05.486 +0700] [INFO] [cadence.virtuoso.ade.simulationMonitor] - Time used: CPU = 530 ms, elapsed = 21.3 s, util. = 2.49%. {"history": "ExplorerRun.0", "point": 4, "testname": "my_lib_pmos_tb_1", "cornername": "Nominal"}
[2026-04-11 10:56:05.486 +0700] [INFO] [cadence.virtuoso.ade.simulationMonitor] - Time spent in licensing: elapsed = 20.8 s, percentage of total = 97.5%. {"history": "ExplorerRun.0", "point": 4, "testname": "my_lib_pmos_tb_1", "cornername": "Nominal"}
[2026-04-11 10:56:05.486 +0700] [INFO] [cadence.virtuoso.ade.simulationMonitor] - Peak memory used = 111 Mbytes. {"history": "ExplorerRun.0", "point": 4, "testname": "my_lib_pmos_tb_1", "cornername": "Nominal"}
[2026-04-11 10:56:05.486 +0700] [PROCESS] [cadence.virtuoso.ade.simulationMonitor] - Simulation started at: 10:55:43 AM, Sat Apr 11, 2026, ended at: 10:56:05 AM, Sat Apr 11, 2026, with elapsed time (wall clock): 21.3 s. {"history": "ExplorerRun.0", "point": 4, "testname": "my_lib_pmos_tb_1", "cornername": "Nominal"}
[2026-04-11 10:56:05.486 +0700] [PROCESS] [cadence.virtuoso.ade.simulationMonitor] - spectre completes with 0 errors, 0 warnings, and 5 notices. {"history": "ExplorerRun.0", "point": 4, "testname": "my_lib_pmos_tb_1", "cornername": "Nominal"}
[2026-04-11 10:56:05.487 +0700] [PROCESS] [cadence.virtuoso.ade.simulationMonitor] - Simulator exited {"hostname": "dtvt_13", "processid": 9656, "history": "ExplorerRun.0", "testname": "my_lib_pmos_tb_1", "cornername": "Nominal", "point": 4, "logfile": "/home/dtvt_13/truong/logs_dtvt_13/logs0/Job22.log", "exitStatus": "0"}
[2026-04-11 10:56:05.487 +0700] [PROCESS] [cadence.virtuoso.ade.simulationMonitor] - Finished Simulation {"hostname": "dtvt_13", "processid": 9656, "history": "ExplorerRun.0", "testname": "my_lib_pmos_tb_1", "cornername": "Nominal", "point": 4, "logfile": "/home/dtvt_13/truong/logs_dtvt_13/logs0/Job22.log", "simid": "10"}
[2026-04-11 10:56:06.000 +0700] [PROCESS] [cadence.virtuoso.ade.simulationMonitor] - Point Finished {"hostname": "dtvt_13", "processid": 9656, "history": "ExplorerRun.0", "testname": "my_lib_pmos_tb_1", "cornername": "Nominal", "point": 4, "logfile": "/home/dtvt_13/truong/logs_dtvt_13/logs0/Job22.log"}
[2026-04-11 10:56:06.005 +0700] [PROCESS] [cadence.virtuoso.ade.simulationMonitor] - HostInfo:
Host name (type):	dtvt_13 (x86_64)
Operating system:	Linux 3.10.0-1160.118.1.el7.x86_64 #1 SMP Wed Apr 24 16:01:50 UTC 2024 {"hostname": "dtvt_13", "processid": 9656, "history": "ExplorerRun.0", "testname": "my_lib_pmos_tb_1", "cornername": "Nominal", "point": 4, "logfile": "/home/dtvt_13/truong/logs_dtvt_13/logs0/Job22.log", "nodename": "dtvt_13", "domainname": "(none)", "machine": "x86_64", "sysname": "Linux", "release": "3.10.0-1160.118.1.el7.x86_64", "version": "#1 SMP Wed Apr 24 16:01:50 UTC 2024"}
[2026-04-11 10:56:06.005 +0700] [PROCESS] [cadence.virtuoso.ade.simulationMonitor] - UsageInfo:
pid=9656
totalPhysicalMemory=15.208324GB,Used=14.871208GB,totalVirtualMemory=22.895821GB,Used=14.915154GB
Cpu: Cores=24, Load average:0.120000,0.310000,0.340000 {"hostname": "dtvt_13", "processid": 9656, "history": "ExplorerRun.0", "testname": "my_lib_pmos_tb_1", "cornername": "Nominal", "point": 4, "logfile": "/home/dtvt_13/truong/logs_dtvt_13/logs0/Job22.log", "pid": "9656", "totalPhysicalMemory": "15.208324", "physicalMemoryUsed": "14.871208", "totalVirtualMemory": "22.895821", "virtualMemoryUsed": "14.915154", "cpuCores": "24", "processes": "2643", "loadAverage1": "0.120000", "loadAverage5": "0.310000", "loadAverage15": "0.340000", "loadAverage1Percent": "0.005000"}
[2026-04-11 10:56:06.005 +0700] [EVENT] [cadence.virtuoso.ade.simulationMonitor] - NewPoint {"history": "ExplorerRun.0", "point": 5, "testname": "my_lib_pmos_tb_1", "cornername": "Nominal", "event": "NewPoint", "EventSource": "Simulation Monitor", "HistoryName": "ExplorerRun.0", "logFile": "/home/dtvt_13/truong/logs_dtvt_13/logs0/Job22.log", "logFileSize": "92570"}
[2026-04-11 10:56:06.106 +0700] [EVENT] [cadence.virtuoso.ade.simulationMonitor] - NewPoint {"history": "ExplorerRun.0", "point": 5, "testname": "my_lib_pmos_tb_1", "cornername": "Nominal", "event": "NewPoint", "EventSource": "spectre", "HistoryName": "ExplorerRun.0", "logFile": "/home/dtvt_13/simulation/my_lib/pmos_tb/maestro/results/maestro/ExplorerRun.0/5/my_lib_pmos_tb_1/psf/spectre.out", "logFileSize": "-1"}
[2026-04-11 10:56:06.116 +0700] [PROCESS] [cadence.virtuoso.ade.simulationMonitor] - Simulator launched {"hostname": "dtvt_13", "processid": 9656, "history": "ExplorerRun.0", "testname": "my_lib_pmos_tb_1", "cornername": "Nominal", "point": 5, "logfile": "/home/dtvt_13/truong/logs_dtvt_13/logs0/Job22.log", "simid": "11"}
[2026-04-11 10:56:06.117 +0700] [PROCESS] [cadence.virtuoso.ade.simulationMonitor] - Started Simulation {"hostname": "dtvt_13", "processid": 9656, "history": "ExplorerRun.0", "testname": "my_lib_pmos_tb_1", "cornername": "Nominal", "point": 5, "logfile": "/home/dtvt_13/truong/logs_dtvt_13/logs0/Job22.log"}
[2026-04-11 10:56:27.392 +0700] [PROCESS] [cadence.virtuoso.ade.simulationMonitor] - Finished simulating for one point {"hostname": "dtvt_13", "processid": 9656, "history": "ExplorerRun.0", "testname": "my_lib_pmos_tb_1", "cornername": "Nominal", "point": 5, "logfile": "/home/dtvt_13/truong/logs_dtvt_13/logs0/Job22.log", "simid": "11"}
[2026-04-11 10:56:27.393 +0700] [INFO] [cadence.virtuoso.ade.simulationMonitor] - Peak resident memory used = 96 Mbytes. {"history": "ExplorerRun.0", "point": 5, "testname": "my_lib_pmos_tb_1", "cornername": "Nominal"}
[2026-04-11 10:56:27.394 +0700] [INFO] [cadence.virtuoso.ade.simulationMonitor] - Peak resident memory used = 105 Mbytes. {"history": "ExplorerRun.0", "point": 5, "testname": "my_lib_pmos_tb_1", "cornername": "Nominal"}
[2026-04-11 10:56:27.394 +0700] [INFO] [cadence.virtuoso.ade.simulationMonitor] - Notice from spectre during hierarchy flattening.
    The value 'psf' specified for the 'checklimitdest' option will no longer be supported in future releases. Use 'spectre -h' to see other recommended values for the 'checklimitdest' option. {"history": "ExplorerRun.0", "point": 5, "testname": "my_lib_pmos_tb_1", "cornername": "Nominal"}
[2026-04-11 10:56:27.394 +0700] [INFO] [cadence.virtuoso.ade.simulationMonitor] - Peak resident memory used = 106 Mbytes. {"history": "ExplorerRun.0", "point": 5, "testname": "my_lib_pmos_tb_1", "cornername": "Nominal"}
[2026-04-11 10:56:27.395 +0700] [INFO] [cadence.virtuoso.ade.simulationMonitor] - Notice from spectre during initial setup.
    Multithreading is disabled due to the size of the design being too small. {"history": "ExplorerRun.0", "point": 5, "testname": "my_lib_pmos_tb_1", "cornername": "Nominal"}
[2026-04-11 10:56:27.395 +0700] [INFO] [cadence.virtuoso.ade.simulationMonitor] -               nodes 8 {"history": "ExplorerRun.0", "point": 5, "testname": "my_lib_pmos_tb_1", "cornername": "Nominal"}
[2026-04-11 10:56:27.396 +0700] [INFO] [cadence.virtuoso.ade.simulationMonitor] - Notice from spectre during initial setup.
    APS enabled. {"history": "ExplorerRun.0", "point": 5, "testname": "my_lib_pmos_tb_1", "cornername": "Nominal"}
[2026-04-11 10:56:27.396 +0700] [INFO] [cadence.virtuoso.ade.simulationMonitor] - Peak resident memory used = 107 Mbytes. {"history": "ExplorerRun.0", "point": 5, "testname": "my_lib_pmos_tb_1", "cornername": "Nominal"}
[2026-04-11 10:56:27.396 +0700] [INFO] [cadence.virtuoso.ade.simulationMonitor] -    -   (APS) Multi-threading. The recommended number of threads is 1, consider adding +mt=1 on command line. {"history": "ExplorerRun.0", "point": 5, "testname": "my_lib_pmos_tb_1", "cornername": "Nominal"}
[2026-04-11 10:56:27.396 +0700] [INFO] [cadence.virtuoso.ade.simulationMonitor] - Total time required for dc analysis `dcOp': CPU = 1.611 ms, elapsed = 2.59399 ms. {"history": "ExplorerRun.0", "point": 5, "testname": "my_lib_pmos_tb_1", "cornername": "Nominal"}
[2026-04-11 10:56:27.397 +0700] [INFO] [cadence.virtuoso.ade.simulationMonitor] - Peak resident memory used = 109 Mbytes. {"history": "ExplorerRun.0", "point": 5, "testname": "my_lib_pmos_tb_1", "cornername": "Nominal"}
[2026-04-11 10:56:27.397 +0700] [INFO] [cadence.virtuoso.ade.simulationMonitor] - Notice from spectre at vg = 740e-03 during DC analysis `dc'.
    The value of parameter 'vg' has been reset to the original value 0.74. {"history": "ExplorerRun.0", "point": 5, "testname": "my_lib_pmos_tb_1", "cornername": "Nominal"}
[2026-04-11 10:56:27.397 +0700] [INFO] [cadence.virtuoso.ade.simulationMonitor] - Total time required for dc analysis `dc': CPU = 10.24 ms, elapsed = 11.2779 ms. {"history": "ExplorerRun.0", "point": 5, "testname": "my_lib_pmos_tb_1", "cornername": "Nominal"}
[2026-04-11 10:56:27.397 +0700] [INFO] [cadence.virtuoso.ade.simulationMonitor] - Peak resident memory used = 110 Mbytes. {"history": "ExplorerRun.0", "point": 5, "testname": "my_lib_pmos_tb_1", "cornername": "Nominal"}
[2026-04-11 10:56:27.397 +0700] [INFO] [cadence.virtuoso.ade.simulationMonitor] - Time used: CPU = 513 ms, elapsed = 20.9 s, util. = 2.46%. {"history": "ExplorerRun.0", "point": 5, "testname": "my_lib_pmos_tb_1", "cornername": "Nominal"}
[2026-04-11 10:56:27.398 +0700] [INFO] [cadence.virtuoso.ade.simulationMonitor] - Time spent in licensing: elapsed = 20.4 s, percentage of total = 97.5%. {"history": "ExplorerRun.0", "point": 5, "testname": "my_lib_pmos_tb_1", "cornername": "Nominal"}
[2026-04-11 10:56:27.398 +0700] [INFO] [cadence.virtuoso.ade.simulationMonitor] - Peak memory used = 111 Mbytes. {"history": "ExplorerRun.0", "point": 5, "testname": "my_lib_pmos_tb_1", "cornername": "Nominal"}
[2026-04-11 10:56:27.398 +0700] [PROCESS] [cadence.virtuoso.ade.simulationMonitor] - Simulation started at: 10:56:06 AM, Sat Apr 11, 2026, ended at: 10:56:27 AM, Sat Apr 11, 2026, with elapsed time (wall clock): 20.9 s. {"history": "ExplorerRun.0", "point": 5, "testname": "my_lib_pmos_tb_1", "cornername": "Nominal"}
[2026-04-11 10:56:27.398 +0700] [PROCESS] [cadence.virtuoso.ade.simulationMonitor] - spectre completes with 0 errors, 0 warnings, and 5 notices. {"history": "ExplorerRun.0", "point": 5, "testname": "my_lib_pmos_tb_1", "cornername": "Nominal"}
[2026-04-11 10:56:27.398 +0700] [PROCESS] [cadence.virtuoso.ade.simulationMonitor] - Simulator exited {"hostname": "dtvt_13", "processid": 9656, "history": "ExplorerRun.0", "testname": "my_lib_pmos_tb_1", "cornername": "Nominal", "point": 5, "logfile": "/home/dtvt_13/truong/logs_dtvt_13/logs0/Job22.log", "exitStatus": "0"}
[2026-04-11 10:56:27.399 +0700] [PROCESS] [cadence.virtuoso.ade.simulationMonitor] - Finished Simulation {"hostname": "dtvt_13", "processid": 9656, "history": "ExplorerRun.0", "testname": "my_lib_pmos_tb_1", "cornername": "Nominal", "point": 5, "logfile": "/home/dtvt_13/truong/logs_dtvt_13/logs0/Job22.log", "simid": "11"}
[2026-04-11 10:56:27.912 +0700] [PROCESS] [cadence.virtuoso.ade.simulationMonitor] - Point Finished {"hostname": "dtvt_13", "processid": 9656, "history": "ExplorerRun.0", "testname": "my_lib_pmos_tb_1", "cornername": "Nominal", "point": 5, "logfile": "/home/dtvt_13/truong/logs_dtvt_13/logs0/Job22.log"}
[2026-04-11 10:57:02.251 +0700] [INFO] [cadence.virtuoso.ade.simulationMonitor] - SimulationMonitor has terminated the vds process '12237', reason: 'Force to stop the expression evalutor process because of new run' {"history": "ExplorerRun.0", "point": 5, "testname": "my_lib_pmos_tb_1", "cornername": "Nominal"}
[2026-04-11 10:57:02.251 +0700] [PROCESS] [cadence.virtuoso.ade.simulationMonitor] - HostInfo:
Host name (type):	dtvt_13 (x86_64)
Operating system:	Linux 3.10.0-1160.118.1.el7.x86_64 #1 SMP Wed Apr 24 16:01:50 UTC 2024 {"hostname": "dtvt_13", "processid": 9656, "history": "ExplorerRun.0", "testname": "my_lib_pmos_tb_1", "cornername": "Nominal", "point": 5, "logfile": "/home/dtvt_13/truong/logs_dtvt_13/logs0/Job22.log", "nodename": "dtvt_13", "domainname": "(none)", "machine": "x86_64", "sysname": "Linux", "release": "3.10.0-1160.118.1.el7.x86_64", "version": "#1 SMP Wed Apr 24 16:01:50 UTC 2024"}
[2026-04-11 10:57:02.252 +0700] [PROCESS] [cadence.virtuoso.ade.simulationMonitor] - UsageInfo:
pid=9656
totalPhysicalMemory=15.208324GB,Used=14.635681GB,totalVirtualMemory=22.895821GB,Used=14.679626GB
Cpu: Cores=24, Load average:0.130000,0.270000,0.320000 {"hostname": "dtvt_13", "processid": 9656, "history": "ExplorerRun.0", "testname": "my_lib_pmos_tb_1", "cornername": "Nominal", "point": 5, "logfile": "/home/dtvt_13/truong/logs_dtvt_13/logs0/Job22.log", "pid": "9656", "totalPhysicalMemory": "15.208324", "physicalMemoryUsed": "14.635681", "totalVirtualMemory": "22.895821", "virtualMemoryUsed": "14.679626", "cpuCores": "24", "processes": "2606", "loadAverage1": "0.130000", "loadAverage5": "0.270000", "loadAverage15": "0.320000", "loadAverage1Percent": "0.005417"}
[2026-04-11 10:57:02.253 +0700] [EVENT] [cadence.virtuoso.ade.simulationMonitor] - NewPoint {"history": "ExplorerRun.0", "point": 1, "testname": "my_lib_pmos_tb_1", "cornername": "Nominal", "event": "NewPoint", "EventSource": "Simulation Monitor", "HistoryName": "ExplorerRun.0", "logFile": "/home/dtvt_13/truong/logs_dtvt_13/logs0/Job22.log", "logFileSize": "101839"}
[2026-04-11 10:57:02.354 +0700] [EVENT] [cadence.virtuoso.ade.simulationMonitor] - NewPoint {"history": "ExplorerRun.0", "point": 1, "testname": "my_lib_pmos_tb_1", "cornername": "Nominal", "event": "NewPoint", "EventSource": "spectre", "HistoryName": "ExplorerRun.0", "logFile": "/home/dtvt_13/simulation/my_lib/pmos_tb/maestro/results/maestro/ExplorerRun.0/1/my_lib_pmos_tb_1/psf/spectre.out", "logFileSize": "-1"}
[2026-04-11 10:57:02.363 +0700] [PROCESS] [cadence.virtuoso.ade.simulationMonitor] - Simulator launched {"hostname": "dtvt_13", "processid": 9656, "history": "ExplorerRun.0", "testname": "my_lib_pmos_tb_1", "cornername": "Nominal", "point": 1, "logfile": "/home/dtvt_13/truong/logs_dtvt_13/logs0/Job22.log", "simid": "12"}
[2026-04-11 10:57:02.367 +0700] [PROCESS] [cadence.virtuoso.ade.simulationMonitor] - Expression evaluator launched {"hostname": "dtvt_13", "processid": 9656, "history": "ExplorerRun.0", "testname": "my_lib_pmos_tb_1", "cornername": "Nominal", "point": 1, "logfile": "/home/dtvt_13/truong/logs_dtvt_13/logs0/Job22.log"}
[2026-04-11 10:57:02.372 +0700] [PROCESS] [cadence.virtuoso.ade.simulationMonitor] - Started Simulation {"hostname": "dtvt_13", "processid": 9656, "history": "ExplorerRun.0", "testname": "my_lib_pmos_tb_1", "cornername": "Nominal", "point": 1, "logfile": "/home/dtvt_13/truong/logs_dtvt_13/logs0/Job22.log"}
[2026-04-11 10:57:23.720 +0700] [PROCESS] [cadence.virtuoso.ade.simulationMonitor] - Finished simulating for one point {"hostname": "dtvt_13", "processid": 9656, "history": "ExplorerRun.0", "testname": "my_lib_pmos_tb_1", "cornername": "Nominal", "point": 1, "logfile": "/home/dtvt_13/truong/logs_dtvt_13/logs0/Job22.log", "simid": "12"}
[2026-04-11 10:57:23.720 +0700] [INFO] [cadence.virtuoso.ade.simulationMonitor] - Peak resident memory used = 96 Mbytes. {"history": "ExplorerRun.0", "point": 1, "testname": "my_lib_pmos_tb_1", "cornername": "Nominal"}
[2026-04-11 10:57:23.720 +0700] [INFO] [cadence.virtuoso.ade.simulationMonitor] - Peak resident memory used = 105 Mbytes. {"history": "ExplorerRun.0", "point": 1, "testname": "my_lib_pmos_tb_1", "cornername": "Nominal"}
[2026-04-11 10:57:23.720 +0700] [INFO] [cadence.virtuoso.ade.simulationMonitor] - Notice from spectre during hierarchy flattening.
    The value 'psf' specified for the 'checklimitdest' option will no longer be supported in future releases. Use 'spectre -h' to see other recommended values for the 'checklimitdest' option. {"history": "ExplorerRun.0", "point": 1, "testname": "my_lib_pmos_tb_1", "cornername": "Nominal"}
[2026-04-11 10:57:23.720 +0700] [INFO] [cadence.virtuoso.ade.simulationMonitor] - Peak resident memory used = 106 Mbytes. {"history": "ExplorerRun.0", "point": 1, "testname": "my_lib_pmos_tb_1", "cornername": "Nominal"}
[2026-04-11 10:57:23.720 +0700] [INFO] [cadence.virtuoso.ade.simulationMonitor] - Notice from spectre during initial setup.
    Multithreading is disabled due to the size of the design being too small. {"history": "ExplorerRun.0", "point": 1, "testname": "my_lib_pmos_tb_1", "cornername": "Nominal"}
[2026-04-11 10:57:23.721 +0700] [INFO] [cadence.virtuoso.ade.simulationMonitor] -               nodes 8 {"history": "ExplorerRun.0", "point": 1, "testname": "my_lib_pmos_tb_1", "cornername": "Nominal"}
[2026-04-11 10:57:23.721 +0700] [INFO] [cadence.virtuoso.ade.simulationMonitor] - Notice from spectre during initial setup.
    APS enabled. {"history": "ExplorerRun.0", "point": 1, "testname": "my_lib_pmos_tb_1", "cornername": "Nominal"}
[2026-04-11 10:57:23.721 +0700] [INFO] [cadence.virtuoso.ade.simulationMonitor] - Peak resident memory used = 107 Mbytes. {"history": "ExplorerRun.0", "point": 1, "testname": "my_lib_pmos_tb_1", "cornername": "Nominal"}
[2026-04-11 10:57:23.721 +0700] [INFO] [cadence.virtuoso.ade.simulationMonitor] -    -   (APS) Multi-threading. The recommended number of threads is 1, consider adding +mt=1 on command line. {"history": "ExplorerRun.0", "point": 1, "testname": "my_lib_pmos_tb_1", "cornername": "Nominal"}
[2026-04-11 10:57:23.721 +0700] [INFO] [cadence.virtuoso.ade.simulationMonitor] - Total time required for dc analysis `dcOp': CPU = 2.036 ms, elapsed = 3.09205 ms. {"history": "ExplorerRun.0", "point": 1, "testname": "my_lib_pmos_tb_1", "cornername": "Nominal"}
[2026-04-11 10:57:23.721 +0700] [INFO] [cadence.virtuoso.ade.simulationMonitor] - Peak resident memory used = 109 Mbytes. {"history": "ExplorerRun.0", "point": 1, "testname": "my_lib_pmos_tb_1", "cornername": "Nominal"}
[2026-04-11 10:57:23.721 +0700] [INFO] [cadence.virtuoso.ade.simulationMonitor] - Notice from spectre at vg = 740e-03 during DC analysis `dc'.
    The value of parameter 'vg' has been reset to the original value 0.74. {"history": "ExplorerRun.0", "point": 1, "testname": "my_lib_pmos_tb_1", "cornername": "Nominal"}
[2026-04-11 10:57:23.721 +0700] [INFO] [cadence.virtuoso.ade.simulationMonitor] - Total time required for dc analysis `dc': CPU = 8.894 ms, elapsed = 9.98688 ms. {"history": "ExplorerRun.0", "point": 1, "testname": "my_lib_pmos_tb_1", "cornername": "Nominal"}
[2026-04-11 10:57:23.722 +0700] [INFO] [cadence.virtuoso.ade.simulationMonitor] - Peak resident memory used = 110 Mbytes. {"history": "ExplorerRun.0", "point": 1, "testname": "my_lib_pmos_tb_1", "cornername": "Nominal"}
[2026-04-11 10:57:23.722 +0700] [INFO] [cadence.virtuoso.ade.simulationMonitor] - Time used: CPU = 545 ms, elapsed = 20.9 s, util. = 2.61%. {"history": "ExplorerRun.0", "point": 1, "testname": "my_lib_pmos_tb_1", "cornername": "Nominal"}
[2026-04-11 10:57:23.722 +0700] [INFO] [cadence.virtuoso.ade.simulationMonitor] - Time spent in licensing: elapsed = 20.3 s, percentage of total = 97.3%. {"history": "ExplorerRun.0", "point": 1, "testname": "my_lib_pmos_tb_1", "cornername": "Nominal"}
[2026-04-11 10:57:23.722 +0700] [INFO] [cadence.virtuoso.ade.simulationMonitor] - Peak memory used = 111 Mbytes. {"history": "ExplorerRun.0", "point": 1, "testname": "my_lib_pmos_tb_1", "cornername": "Nominal"}
[2026-04-11 10:57:23.722 +0700] [PROCESS] [cadence.virtuoso.ade.simulationMonitor] - Simulation started at: 10:57:02 AM, Sat Apr 11, 2026, ended at: 10:57:23 AM, Sat Apr 11, 2026, with elapsed time (wall clock): 20.9 s. {"history": "ExplorerRun.0", "point": 1, "testname": "my_lib_pmos_tb_1", "cornername": "Nominal"}
[2026-04-11 10:57:23.722 +0700] [PROCESS] [cadence.virtuoso.ade.simulationMonitor] - spectre completes with 0 errors, 0 warnings, and 5 notices. {"history": "ExplorerRun.0", "point": 1, "testname": "my_lib_pmos_tb_1", "cornername": "Nominal"}
[2026-04-11 10:57:23.722 +0700] [PROCESS] [cadence.virtuoso.ade.simulationMonitor] - Simulator exited {"hostname": "dtvt_13", "processid": 9656, "history": "ExplorerRun.0", "testname": "my_lib_pmos_tb_1", "cornername": "Nominal", "point": 1, "logfile": "/home/dtvt_13/truong/logs_dtvt_13/logs0/Job22.log", "exitStatus": "0"}
[2026-04-11 10:57:23.723 +0700] [PROCESS] [cadence.virtuoso.ade.simulationMonitor] - Finished Simulation {"hostname": "dtvt_13", "processid": 9656, "history": "ExplorerRun.0", "testname": "my_lib_pmos_tb_1", "cornername": "Nominal", "point": 1, "logfile": "/home/dtvt_13/truong/logs_dtvt_13/logs0/Job22.log", "simid": "12"}
[2026-04-11 10:57:24.734 +0700] [PROCESS] [cadence.virtuoso.ade.simulationMonitor] - Point Finished {"hostname": "dtvt_13", "processid": 9656, "history": "ExplorerRun.0", "testname": "my_lib_pmos_tb_1", "cornername": "Nominal", "point": 1, "logfile": "/home/dtvt_13/truong/logs_dtvt_13/logs0/Job22.log"}
[2026-04-11 10:57:24.743 +0700] [PROCESS] [cadence.virtuoso.ade.simulationMonitor] - HostInfo:
Host name (type):	dtvt_13 (x86_64)
Operating system:	Linux 3.10.0-1160.118.1.el7.x86_64 #1 SMP Wed Apr 24 16:01:50 UTC 2024 {"hostname": "dtvt_13", "processid": 9656, "history": "ExplorerRun.0", "testname": "my_lib_pmos_tb_1", "cornername": "Nominal", "point": 1, "logfile": "/home/dtvt_13/truong/logs_dtvt_13/logs0/Job22.log", "nodename": "dtvt_13", "domainname": "(none)", "machine": "x86_64", "sysname": "Linux", "release": "3.10.0-1160.118.1.el7.x86_64", "version": "#1 SMP Wed Apr 24 16:01:50 UTC 2024"}
[2026-04-11 10:57:24.743 +0700] [PROCESS] [cadence.virtuoso.ade.simulationMonitor] - UsageInfo:
pid=9656
totalPhysicalMemory=15.208324GB,Used=14.872494GB,totalVirtualMemory=22.895821GB,Used=14.916439GB
Cpu: Cores=24, Load average:0.350000,0.320000,0.330000 {"hostname": "dtvt_13", "processid": 9656, "history": "ExplorerRun.0", "testname": "my_lib_pmos_tb_1", "cornername": "Nominal", "point": 1, "logfile": "/home/dtvt_13/truong/logs_dtvt_13/logs0/Job22.log", "pid": "9656", "totalPhysicalMemory": "15.208324", "physicalMemoryUsed": "14.872494", "totalVirtualMemory": "22.895821", "virtualMemoryUsed": "14.916439", "cpuCores": "24", "processes": "2649", "loadAverage1": "0.350000", "loadAverage5": "0.320000", "loadAverage15": "0.330000", "loadAverage1Percent": "0.014583"}
[2026-04-11 10:57:24.744 +0700] [EVENT] [cadence.virtuoso.ade.simulationMonitor] - NewPoint {"history": "ExplorerRun.0", "point": 2, "testname": "my_lib_pmos_tb_1", "cornername": "Nominal", "event": "NewPoint", "EventSource": "Simulation Monitor", "HistoryName": "ExplorerRun.0", "logFile": "/home/dtvt_13/truong/logs_dtvt_13/logs0/Job22.log", "logFileSize": "111115"}
[2026-04-11 10:57:24.844 +0700] [EVENT] [cadence.virtuoso.ade.simulationMonitor] - NewPoint {"history": "ExplorerRun.0", "point": 2, "testname": "my_lib_pmos_tb_1", "cornername": "Nominal", "event": "NewPoint", "EventSource": "spectre", "HistoryName": "ExplorerRun.0", "logFile": "/home/dtvt_13/simulation/my_lib/pmos_tb/maestro/results/maestro/ExplorerRun.0/2/my_lib_pmos_tb_1/psf/spectre.out", "logFileSize": "-1"}
[2026-04-11 10:57:24.847 +0700] [PROCESS] [cadence.virtuoso.ade.simulationMonitor] - Simulator launched {"hostname": "dtvt_13", "processid": 9656, "history": "ExplorerRun.0", "testname": "my_lib_pmos_tb_1", "cornername": "Nominal", "point": 2, "logfile": "/home/dtvt_13/truong/logs_dtvt_13/logs0/Job22.log", "simid": "13"}
[2026-04-11 10:57:24.847 +0700] [PROCESS] [cadence.virtuoso.ade.simulationMonitor] - Started Simulation {"hostname": "dtvt_13", "processid": 9656, "history": "ExplorerRun.0", "testname": "my_lib_pmos_tb_1", "cornername": "Nominal", "point": 2, "logfile": "/home/dtvt_13/truong/logs_dtvt_13/logs0/Job22.log"}
[2026-04-11 10:57:45.743 +0700] [INFO] [cadence.virtuoso.ade.simulationMonitor] - Peak resident memory used = 96 Mbytes. {"history": "ExplorerRun.0", "point": 2, "testname": "my_lib_pmos_tb_1", "cornername": "Nominal"}
[2026-04-11 10:57:45.743 +0700] [INFO] [cadence.virtuoso.ade.simulationMonitor] - Peak resident memory used = 105 Mbytes. {"history": "ExplorerRun.0", "point": 2, "testname": "my_lib_pmos_tb_1", "cornername": "Nominal"}
[2026-04-11 10:57:45.743 +0700] [INFO] [cadence.virtuoso.ade.simulationMonitor] - Notice from spectre during hierarchy flattening.
    The value 'psf' specified for the 'checklimitdest' option will no longer be supported in future releases. Use 'spectre -h' to see other recommended values for the 'checklimitdest' option. {"history": "ExplorerRun.0", "point": 2, "testname": "my_lib_pmos_tb_1", "cornername": "Nominal"}
[2026-04-11 10:57:45.743 +0700] [INFO] [cadence.virtuoso.ade.simulationMonitor] - Peak resident memory used = 106 Mbytes. {"history": "ExplorerRun.0", "point": 2, "testname": "my_lib_pmos_tb_1", "cornername": "Nominal"}
[2026-04-11 10:57:45.744 +0700] [INFO] [cadence.virtuoso.ade.simulationMonitor] - Notice from spectre during initial setup.
    Multithreading is disabled due to the size of the design being too small. {"history": "ExplorerRun.0", "point": 2, "testname": "my_lib_pmos_tb_1", "cornername": "Nominal"}
[2026-04-11 10:57:45.744 +0700] [INFO] [cadence.virtuoso.ade.simulationMonitor] -               nodes 8 {"history": "ExplorerRun.0", "point": 2, "testname": "my_lib_pmos_tb_1", "cornername": "Nominal"}
[2026-04-11 10:57:45.744 +0700] [INFO] [cadence.virtuoso.ade.simulationMonitor] - Notice from spectre during initial setup.
    APS enabled. {"history": "ExplorerRun.0", "point": 2, "testname": "my_lib_pmos_tb_1", "cornername": "Nominal"}
[2026-04-11 10:57:45.744 +0700] [INFO] [cadence.virtuoso.ade.simulationMonitor] - Peak resident memory used = 107 Mbytes. {"history": "ExplorerRun.0", "point": 2, "testname": "my_lib_pmos_tb_1", "cornername": "Nominal"}
[2026-04-11 10:57:45.744 +0700] [INFO] [cadence.virtuoso.ade.simulationMonitor] -    -   (APS) Multi-threading. The recommended number of threads is 1, consider adding +mt=1 on command line. {"history": "ExplorerRun.0", "point": 2, "testname": "my_lib_pmos_tb_1", "cornername": "Nominal"}
[2026-04-11 10:57:45.744 +0700] [INFO] [cadence.virtuoso.ade.simulationMonitor] - Total time required for dc analysis `dcOp': CPU = 1.709 ms, elapsed = 2.72608 ms. {"history": "ExplorerRun.0", "point": 2, "testname": "my_lib_pmos_tb_1", "cornername": "Nominal"}
[2026-04-11 10:57:45.744 +0700] [INFO] [cadence.virtuoso.ade.simulationMonitor] - Peak resident memory used = 109 Mbytes. {"history": "ExplorerRun.0", "point": 2, "testname": "my_lib_pmos_tb_1", "cornername": "Nominal"}
[2026-04-11 10:57:45.745 +0700] [INFO] [cadence.virtuoso.ade.simulationMonitor] - Notice from spectre at vg = 740e-03 during DC analysis `dc'.
    The value of parameter 'vg' has been reset to the original value 0.74. {"history": "ExplorerRun.0", "point": 2, "testname": "my_lib_pmos_tb_1", "cornername": "Nominal"}
[2026-04-11 10:57:45.745 +0700] [INFO] [cadence.virtuoso.ade.simulationMonitor] - Total time required for dc analysis `dc': CPU = 10.532 ms, elapsed = 11.564 ms. {"history": "ExplorerRun.0", "point": 2, "testname": "my_lib_pmos_tb_1", "cornername": "Nominal"}
[2026-04-11 10:57:45.745 +0700] [INFO] [cadence.virtuoso.ade.simulationMonitor] - Peak resident memory used = 110 Mbytes. {"history": "ExplorerRun.0", "point": 2, "testname": "my_lib_pmos_tb_1", "cornername": "Nominal"}
[2026-04-11 10:57:46.245 +0700] [PROCESS] [cadence.virtuoso.ade.simulationMonitor] - Finished simulating for one point {"hostname": "dtvt_13", "processid": 9656, "history": "ExplorerRun.0", "testname": "my_lib_pmos_tb_1", "cornername": "Nominal", "point": 2, "logfile": "/home/dtvt_13/truong/logs_dtvt_13/logs0/Job22.log", "simid": "13"}
[2026-04-11 10:57:46.246 +0700] [INFO] [cadence.virtuoso.ade.simulationMonitor] - Time used: CPU = 482 ms, elapsed = 20.8 s, util. = 2.32%. {"history": "ExplorerRun.0", "point": 2, "testname": "my_lib_pmos_tb_1", "cornername": "Nominal"}
[2026-04-11 10:57:46.246 +0700] [INFO] [cadence.virtuoso.ade.simulationMonitor] - Time spent in licensing: elapsed = 20.3 s, percentage of total = 97.7%. {"history": "ExplorerRun.0", "point": 2, "testname": "my_lib_pmos_tb_1", "cornername": "Nominal"}
[2026-04-11 10:57:46.246 +0700] [INFO] [cadence.virtuoso.ade.simulationMonitor] - Peak memory used = 111 Mbytes. {"history": "ExplorerRun.0", "point": 2, "testname": "my_lib_pmos_tb_1", "cornername": "Nominal"}
[2026-04-11 10:57:46.246 +0700] [PROCESS] [cadence.virtuoso.ade.simulationMonitor] - Simulation started at: 10:57:24 AM, Sat Apr 11, 2026, ended at: 10:57:45 AM, Sat Apr 11, 2026, with elapsed time (wall clock): 20.8 s. {"history": "ExplorerRun.0", "point": 2, "testname": "my_lib_pmos_tb_1", "cornername": "Nominal"}
[2026-04-11 10:57:46.247 +0700] [PROCESS] [cadence.virtuoso.ade.simulationMonitor] - spectre completes with 0 errors, 0 warnings, and 5 notices. {"history": "ExplorerRun.0", "point": 2, "testname": "my_lib_pmos_tb_1", "cornername": "Nominal"}
[2026-04-11 10:57:46.247 +0700] [PROCESS] [cadence.virtuoso.ade.simulationMonitor] - Simulator exited {"hostname": "dtvt_13", "processid": 9656, "history": "ExplorerRun.0", "testname": "my_lib_pmos_tb_1", "cornername": "Nominal", "point": 2, "logfile": "/home/dtvt_13/truong/logs_dtvt_13/logs0/Job22.log", "exitStatus": "0"}
[2026-04-11 10:57:46.248 +0700] [PROCESS] [cadence.virtuoso.ade.simulationMonitor] - Finished Simulation {"hostname": "dtvt_13", "processid": 9656, "history": "ExplorerRun.0", "testname": "my_lib_pmos_tb_1", "cornername": "Nominal", "point": 2, "logfile": "/home/dtvt_13/truong/logs_dtvt_13/logs0/Job22.log", "simid": "13"}
[2026-04-11 10:57:47.262 +0700] [PROCESS] [cadence.virtuoso.ade.simulationMonitor] - Point Finished {"hostname": "dtvt_13", "processid": 9656, "history": "ExplorerRun.0", "testname": "my_lib_pmos_tb_1", "cornername": "Nominal", "point": 2, "logfile": "/home/dtvt_13/truong/logs_dtvt_13/logs0/Job22.log"}
[2026-04-11 10:57:47.268 +0700] [PROCESS] [cadence.virtuoso.ade.simulationMonitor] - HostInfo:
Host name (type):	dtvt_13 (x86_64)
Operating system:	Linux 3.10.0-1160.118.1.el7.x86_64 #1 SMP Wed Apr 24 16:01:50 UTC 2024 {"hostname": "dtvt_13", "processid": 9656, "history": "ExplorerRun.0", "testname": "my_lib_pmos_tb_1", "cornername": "Nominal", "point": 2, "logfile": "/home/dtvt_13/truong/logs_dtvt_13/logs0/Job22.log", "nodename": "dtvt_13", "domainname": "(none)", "machine": "x86_64", "sysname": "Linux", "release": "3.10.0-1160.118.1.el7.x86_64", "version": "#1 SMP Wed Apr 24 16:01:50 UTC 2024"}
[2026-04-11 10:57:47.269 +0700] [PROCESS] [cadence.virtuoso.ade.simulationMonitor] - UsageInfo:
pid=9656
totalPhysicalMemory=15.208324GB,Used=14.874214GB,totalVirtualMemory=22.895821GB,Used=14.918159GB
Cpu: Cores=24, Load average:0.310000,0.310000,0.330000 {"hostname": "dtvt_13", "processid": 9656, "history": "ExplorerRun.0", "testname": "my_lib_pmos_tb_1", "cornername": "Nominal", "point": 2, "logfile": "/home/dtvt_13/truong/logs_dtvt_13/logs0/Job22.log", "pid": "9656", "totalPhysicalMemory": "15.208324", "physicalMemoryUsed": "14.874214", "totalVirtualMemory": "22.895821", "virtualMemoryUsed": "14.918159", "cpuCores": "24", "processes": "2641", "loadAverage1": "0.310000", "loadAverage5": "0.310000", "loadAverage15": "0.330000", "loadAverage1Percent": "0.012917"}
[2026-04-11 10:57:47.270 +0700] [EVENT] [cadence.virtuoso.ade.simulationMonitor] - NewPoint {"history": "ExplorerRun.0", "point": 3, "testname": "my_lib_pmos_tb_1", "cornername": "Nominal", "event": "NewPoint", "EventSource": "Simulation Monitor", "HistoryName": "ExplorerRun.0", "logFile": "/home/dtvt_13/truong/logs_dtvt_13/logs0/Job22.log", "logFileSize": "120072"}
[2026-04-11 10:57:47.371 +0700] [EVENT] [cadence.virtuoso.ade.simulationMonitor] - NewPoint {"history": "ExplorerRun.0", "point": 3, "testname": "my_lib_pmos_tb_1", "cornername": "Nominal", "event": "NewPoint", "EventSource": "spectre", "HistoryName": "ExplorerRun.0", "logFile": "/home/dtvt_13/simulation/my_lib/pmos_tb/maestro/results/maestro/ExplorerRun.0/3/my_lib_pmos_tb_1/psf/spectre.out", "logFileSize": "-1"}
[2026-04-11 10:57:47.381 +0700] [PROCESS] [cadence.virtuoso.ade.simulationMonitor] - Simulator launched {"hostname": "dtvt_13", "processid": 9656, "history": "ExplorerRun.0", "testname": "my_lib_pmos_tb_1", "cornername": "Nominal", "point": 3, "logfile": "/home/dtvt_13/truong/logs_dtvt_13/logs0/Job22.log", "simid": "14"}
[2026-04-11 10:57:47.382 +0700] [PROCESS] [cadence.virtuoso.ade.simulationMonitor] - Started Simulation {"hostname": "dtvt_13", "processid": 9656, "history": "ExplorerRun.0", "testname": "my_lib_pmos_tb_1", "cornername": "Nominal", "point": 3, "logfile": "/home/dtvt_13/truong/logs_dtvt_13/logs0/Job22.log"}
[2026-04-11 10:58:08.669 +0700] [PROCESS] [cadence.virtuoso.ade.simulationMonitor] - Finished simulating for one point {"hostname": "dtvt_13", "processid": 9656, "history": "ExplorerRun.0", "testname": "my_lib_pmos_tb_1", "cornername": "Nominal", "point": 3, "logfile": "/home/dtvt_13/truong/logs_dtvt_13/logs0/Job22.log", "simid": "14"}
[2026-04-11 10:58:08.670 +0700] [INFO] [cadence.virtuoso.ade.simulationMonitor] - Peak resident memory used = 96 Mbytes. {"history": "ExplorerRun.0", "point": 3, "testname": "my_lib_pmos_tb_1", "cornername": "Nominal"}
[2026-04-11 10:58:08.670 +0700] [INFO] [cadence.virtuoso.ade.simulationMonitor] - Peak resident memory used = 105 Mbytes. {"history": "ExplorerRun.0", "point": 3, "testname": "my_lib_pmos_tb_1", "cornername": "Nominal"}
[2026-04-11 10:58:08.670 +0700] [INFO] [cadence.virtuoso.ade.simulationMonitor] - Notice from spectre during hierarchy flattening.
    The value 'psf' specified for the 'checklimitdest' option will no longer be supported in future releases. Use 'spectre -h' to see other recommended values for the 'checklimitdest' option. {"history": "ExplorerRun.0", "point": 3, "testname": "my_lib_pmos_tb_1", "cornername": "Nominal"}
[2026-04-11 10:58:08.671 +0700] [INFO] [cadence.virtuoso.ade.simulationMonitor] - Peak resident memory used = 106 Mbytes. {"history": "ExplorerRun.0", "point": 3, "testname": "my_lib_pmos_tb_1", "cornername": "Nominal"}
[2026-04-11 10:58:08.671 +0700] [INFO] [cadence.virtuoso.ade.simulationMonitor] - Notice from spectre during initial setup.
    Multithreading is disabled due to the size of the design being too small. {"history": "ExplorerRun.0", "point": 3, "testname": "my_lib_pmos_tb_1", "cornername": "Nominal"}
[2026-04-11 10:58:08.671 +0700] [INFO] [cadence.virtuoso.ade.simulationMonitor] -               nodes 8 {"history": "ExplorerRun.0", "point": 3, "testname": "my_lib_pmos_tb_1", "cornername": "Nominal"}
[2026-04-11 10:58:08.672 +0700] [INFO] [cadence.virtuoso.ade.simulationMonitor] - Notice from spectre during initial setup.
    APS enabled. {"history": "ExplorerRun.0", "point": 3, "testname": "my_lib_pmos_tb_1", "cornername": "Nominal"}
[2026-04-11 10:58:08.672 +0700] [INFO] [cadence.virtuoso.ade.simulationMonitor] - Peak resident memory used = 107 Mbytes. {"history": "ExplorerRun.0", "point": 3, "testname": "my_lib_pmos_tb_1", "cornername": "Nominal"}
[2026-04-11 10:58:08.672 +0700] [INFO] [cadence.virtuoso.ade.simulationMonitor] -    -   (APS) Multi-threading. The recommended number of threads is 1, consider adding +mt=1 on command line. {"history": "ExplorerRun.0", "point": 3, "testname": "my_lib_pmos_tb_1", "cornername": "Nominal"}
[2026-04-11 10:58:08.672 +0700] [INFO] [cadence.virtuoso.ade.simulationMonitor] - Total time required for dc analysis `dcOp': CPU = 1.565 ms, elapsed = 2.51698 ms. {"history": "ExplorerRun.0", "point": 3, "testname": "my_lib_pmos_tb_1", "cornername": "Nominal"}
[2026-04-11 10:58:08.672 +0700] [INFO] [cadence.virtuoso.ade.simulationMonitor] - Peak resident memory used = 109 Mbytes. {"history": "ExplorerRun.0", "point": 3, "testname": "my_lib_pmos_tb_1", "cornername": "Nominal"}
[2026-04-11 10:58:08.673 +0700] [INFO] [cadence.virtuoso.ade.simulationMonitor] - Notice from spectre at vg = 740e-03 during DC analysis `dc'.
    The value of parameter 'vg' has been reset to the original value 0.74. {"history": "ExplorerRun.0", "point": 3, "testname": "my_lib_pmos_tb_1", "cornername": "Nominal"}
[2026-04-11 10:58:08.673 +0700] [INFO] [cadence.virtuoso.ade.simulationMonitor] - Total time required for dc analysis `dc': CPU = 7.876 ms, elapsed = 8.883 ms. {"history": "ExplorerRun.0", "point": 3, "testname": "my_lib_pmos_tb_1", "cornername": "Nominal"}
[2026-04-11 10:58:08.673 +0700] [INFO] [cadence.virtuoso.ade.simulationMonitor] - Peak resident memory used = 110 Mbytes. {"history": "ExplorerRun.0", "point": 3, "testname": "my_lib_pmos_tb_1", "cornername": "Nominal"}
[2026-04-11 10:58:08.673 +0700] [INFO] [cadence.virtuoso.ade.simulationMonitor] - Time used: CPU = 544 ms, elapsed = 20.9 s, util. = 2.6%. {"history": "ExplorerRun.0", "point": 3, "testname": "my_lib_pmos_tb_1", "cornername": "Nominal"}
[2026-04-11 10:58:08.673 +0700] [INFO] [cadence.virtuoso.ade.simulationMonitor] - Time spent in licensing: elapsed = 20.3 s, percentage of total = 97.1%. {"history": "ExplorerRun.0", "point": 3, "testname": "my_lib_pmos_tb_1", "cornername": "Nominal"}
[2026-04-11 10:58:08.673 +0700] [INFO] [cadence.virtuoso.ade.simulationMonitor] - Peak memory used = 111 Mbytes. {"history": "ExplorerRun.0", "point": 3, "testname": "my_lib_pmos_tb_1", "cornername": "Nominal"}
[2026-04-11 10:58:08.674 +0700] [PROCESS] [cadence.virtuoso.ade.simulationMonitor] - Simulation started at: 10:57:47 AM, Sat Apr 11, 2026, ended at: 10:58:08 AM, Sat Apr 11, 2026, with elapsed time (wall clock): 20.9 s. {"history": "ExplorerRun.0", "point": 3, "testname": "my_lib_pmos_tb_1", "cornername": "Nominal"}
[2026-04-11 10:58:08.674 +0700] [PROCESS] [cadence.virtuoso.ade.simulationMonitor] - spectre completes with 0 errors, 0 warnings, and 5 notices. {"history": "ExplorerRun.0", "point": 3, "testname": "my_lib_pmos_tb_1", "cornername": "Nominal"}
[2026-04-11 10:58:08.674 +0700] [PROCESS] [cadence.virtuoso.ade.simulationMonitor] - Simulator exited {"hostname": "dtvt_13", "processid": 9656, "history": "ExplorerRun.0", "testname": "my_lib_pmos_tb_1", "cornername": "Nominal", "point": 3, "logfile": "/home/dtvt_13/truong/logs_dtvt_13/logs0/Job22.log", "exitStatus": "0"}
[2026-04-11 10:58:08.674 +0700] [PROCESS] [cadence.virtuoso.ade.simulationMonitor] - Finished Simulation {"hostname": "dtvt_13", "processid": 9656, "history": "ExplorerRun.0", "testname": "my_lib_pmos_tb_1", "cornername": "Nominal", "point": 3, "logfile": "/home/dtvt_13/truong/logs_dtvt_13/logs0/Job22.log", "simid": "14"}
[2026-04-11 10:58:09.688 +0700] [PROCESS] [cadence.virtuoso.ade.simulationMonitor] - Point Finished {"hostname": "dtvt_13", "processid": 9656, "history": "ExplorerRun.0", "testname": "my_lib_pmos_tb_1", "cornername": "Nominal", "point": 3, "logfile": "/home/dtvt_13/truong/logs_dtvt_13/logs0/Job22.log"}
[2026-04-11 10:58:09.695 +0700] [PROCESS] [cadence.virtuoso.ade.simulationMonitor] - HostInfo:
Host name (type):	dtvt_13 (x86_64)
Operating system:	Linux 3.10.0-1160.118.1.el7.x86_64 #1 SMP Wed Apr 24 16:01:50 UTC 2024 {"hostname": "dtvt_13", "processid": 9656, "history": "ExplorerRun.0", "testname": "my_lib_pmos_tb_1", "cornername": "Nominal", "point": 3, "logfile": "/home/dtvt_13/truong/logs_dtvt_13/logs0/Job22.log", "nodename": "dtvt_13", "domainname": "(none)", "machine": "x86_64", "sysname": "Linux", "release": "3.10.0-1160.118.1.el7.x86_64", "version": "#1 SMP Wed Apr 24 16:01:50 UTC 2024"}
[2026-04-11 10:58:09.696 +0700] [PROCESS] [cadence.virtuoso.ade.simulationMonitor] - UsageInfo:
pid=9656
totalPhysicalMemory=15.208324GB,Used=14.917656GB,totalVirtualMemory=22.895821GB,Used=14.961601GB
Cpu: Cores=24, Load average:0.200000,0.290000,0.320000 {"hostname": "dtvt_13", "processid": 9656, "history": "ExplorerRun.0", "testname": "my_lib_pmos_tb_1", "cornername": "Nominal", "point": 3, "logfile": "/home/dtvt_13/truong/logs_dtvt_13/logs0/Job22.log", "pid": "9656", "totalPhysicalMemory": "15.208324", "physicalMemoryUsed": "14.917656", "totalVirtualMemory": "22.895821", "virtualMemoryUsed": "14.961601", "cpuCores": "24", "processes": "2649", "loadAverage1": "0.200000", "loadAverage5": "0.290000", "loadAverage15": "0.320000", "loadAverage1Percent": "0.008333"}
[2026-04-11 10:58:09.696 +0700] [EVENT] [cadence.virtuoso.ade.simulationMonitor] - NewPoint {"history": "ExplorerRun.0", "point": 4, "testname": "my_lib_pmos_tb_1", "cornername": "Nominal", "event": "NewPoint", "EventSource": "Simulation Monitor", "HistoryName": "ExplorerRun.0", "logFile": "/home/dtvt_13/truong/logs_dtvt_13/logs0/Job22.log", "logFileSize": "129026"}
[2026-04-11 10:58:09.804 +0700] [EVENT] [cadence.virtuoso.ade.simulationMonitor] - NewPoint {"history": "ExplorerRun.0", "point": 4, "testname": "my_lib_pmos_tb_1", "cornername": "Nominal", "event": "NewPoint", "EventSource": "spectre", "HistoryName": "ExplorerRun.0", "logFile": "/home/dtvt_13/simulation/my_lib/pmos_tb/maestro/results/maestro/ExplorerRun.0/4/my_lib_pmos_tb_1/psf/spectre.out", "logFileSize": "-1"}
[2026-04-11 10:58:09.813 +0700] [PROCESS] [cadence.virtuoso.ade.simulationMonitor] - Simulator launched {"hostname": "dtvt_13", "processid": 9656, "history": "ExplorerRun.0", "testname": "my_lib_pmos_tb_1", "cornername": "Nominal", "point": 4, "logfile": "/home/dtvt_13/truong/logs_dtvt_13/logs0/Job22.log", "simid": "15"}
[2026-04-11 10:58:09.814 +0700] [PROCESS] [cadence.virtuoso.ade.simulationMonitor] - Started Simulation {"hostname": "dtvt_13", "processid": 9656, "history": "ExplorerRun.0", "testname": "my_lib_pmos_tb_1", "cornername": "Nominal", "point": 4, "logfile": "/home/dtvt_13/truong/logs_dtvt_13/logs0/Job22.log"}
[2026-04-11 10:58:31.593 +0700] [INFO] [cadence.virtuoso.ade.simulationMonitor] - Peak resident memory used = 96 Mbytes. {"history": "ExplorerRun.0", "point": 4, "testname": "my_lib_pmos_tb_1", "cornername": "Nominal"}
[2026-04-11 10:58:31.594 +0700] [INFO] [cadence.virtuoso.ade.simulationMonitor] - Peak resident memory used = 105 Mbytes. {"history": "ExplorerRun.0", "point": 4, "testname": "my_lib_pmos_tb_1", "cornername": "Nominal"}
[2026-04-11 10:58:31.594 +0700] [INFO] [cadence.virtuoso.ade.simulationMonitor] - Notice from spectre during hierarchy flattening.
    The value 'psf' specified for the 'checklimitdest' option will no longer be supported in future releases. Use 'spectre -h' to see other recommended values for the 'checklimitdest' option. {"history": "ExplorerRun.0", "point": 4, "testname": "my_lib_pmos_tb_1", "cornername": "Nominal"}
[2026-04-11 10:58:31.594 +0700] [INFO] [cadence.virtuoso.ade.simulationMonitor] - Peak resident memory used = 106 Mbytes. {"history": "ExplorerRun.0", "point": 4, "testname": "my_lib_pmos_tb_1", "cornername": "Nominal"}
[2026-04-11 10:58:31.594 +0700] [INFO] [cadence.virtuoso.ade.simulationMonitor] - Notice from spectre during initial setup.
    Multithreading is disabled due to the size of the design being too small. {"history": "ExplorerRun.0", "point": 4, "testname": "my_lib_pmos_tb_1", "cornername": "Nominal"}
[2026-04-11 10:58:31.595 +0700] [INFO] [cadence.virtuoso.ade.simulationMonitor] -               nodes 8 {"history": "ExplorerRun.0", "point": 4, "testname": "my_lib_pmos_tb_1", "cornername": "Nominal"}
[2026-04-11 10:58:31.595 +0700] [INFO] [cadence.virtuoso.ade.simulationMonitor] - Notice from spectre during initial setup.
    APS enabled. {"history": "ExplorerRun.0", "point": 4, "testname": "my_lib_pmos_tb_1", "cornername": "Nominal"}
[2026-04-11 10:58:31.595 +0700] [INFO] [cadence.virtuoso.ade.simulationMonitor] - Peak resident memory used = 107 Mbytes. {"history": "ExplorerRun.0", "point": 4, "testname": "my_lib_pmos_tb_1", "cornername": "Nominal"}
[2026-04-11 10:58:31.595 +0700] [INFO] [cadence.virtuoso.ade.simulationMonitor] -    -   (APS) Multi-threading. The recommended number of threads is 1, consider adding +mt=1 on command line. {"history": "ExplorerRun.0", "point": 4, "testname": "my_lib_pmos_tb_1", "cornername": "Nominal"}
[2026-04-11 10:58:31.596 +0700] [INFO] [cadence.virtuoso.ade.simulationMonitor] - Total time required for dc analysis `dcOp': CPU = 1.935 ms, elapsed = 2.93803 ms. {"history": "ExplorerRun.0", "point": 4, "testname": "my_lib_pmos_tb_1", "cornername": "Nominal"}
[2026-04-11 10:58:31.596 +0700] [INFO] [cadence.virtuoso.ade.simulationMonitor] - Peak resident memory used = 109 Mbytes. {"history": "ExplorerRun.0", "point": 4, "testname": "my_lib_pmos_tb_1", "cornername": "Nominal"}
[2026-04-11 10:58:31.596 +0700] [INFO] [cadence.virtuoso.ade.simulationMonitor] - Notice from spectre at vg = 740e-03 during DC analysis `dc'.
    The value of parameter 'vg' has been reset to the original value 0.74. {"history": "ExplorerRun.0", "point": 4, "testname": "my_lib_pmos_tb_1", "cornername": "Nominal"}
[2026-04-11 10:58:31.596 +0700] [INFO] [cadence.virtuoso.ade.simulationMonitor] - Total time required for dc analysis `dc': CPU = 12.163 ms, elapsed = 13.2329 ms. {"history": "ExplorerRun.0", "point": 4, "testname": "my_lib_pmos_tb_1", "cornername": "Nominal"}
[2026-04-11 10:58:31.596 +0700] [INFO] [cadence.virtuoso.ade.simulationMonitor] - Peak resident memory used = 110 Mbytes. {"history": "ExplorerRun.0", "point": 4, "testname": "my_lib_pmos_tb_1", "cornername": "Nominal"}
[2026-04-11 10:58:31.597 +0700] [INFO] [cadence.virtuoso.ade.simulationMonitor] - Time used: CPU = 562 ms, elapsed = 21.2 s, util. = 2.65%. {"history": "ExplorerRun.0", "point": 4, "testname": "my_lib_pmos_tb_1", "cornername": "Nominal"}
[2026-04-11 10:58:31.597 +0700] [INFO] [cadence.virtuoso.ade.simulationMonitor] - Time spent in licensing: elapsed = 20.5 s, percentage of total = 96.7%. {"history": "ExplorerRun.0", "point": 4, "testname": "my_lib_pmos_tb_1", "cornername": "Nominal"}
[2026-04-11 10:58:31.597 +0700] [INFO] [cadence.virtuoso.ade.simulationMonitor] - Peak memory used = 111 Mbytes. {"history": "ExplorerRun.0", "point": 4, "testname": "my_lib_pmos_tb_1", "cornername": "Nominal"}
[2026-04-11 10:58:31.597 +0700] [PROCESS] [cadence.virtuoso.ade.simulationMonitor] - Simulation started at: 10:58:10 AM, Sat Apr 11, 2026, ended at: 10:58:31 AM, Sat Apr 11, 2026, with elapsed time (wall clock): 21.2 s. {"history": "ExplorerRun.0", "point": 4, "testname": "my_lib_pmos_tb_1", "cornername": "Nominal"}
[2026-04-11 10:58:31.597 +0700] [PROCESS] [cadence.virtuoso.ade.simulationMonitor] - spectre completes with 0 errors, 0 warnings, and 5 notices. {"history": "ExplorerRun.0", "point": 4, "testname": "my_lib_pmos_tb_1", "cornername": "Nominal"}
[2026-04-11 10:58:32.098 +0700] [PROCESS] [cadence.virtuoso.ade.simulationMonitor] - Finished simulating for one point {"hostname": "dtvt_13", "processid": 9656, "history": "ExplorerRun.0", "testname": "my_lib_pmos_tb_1", "cornername": "Nominal", "point": 4, "logfile": "/home/dtvt_13/truong/logs_dtvt_13/logs0/Job22.log", "simid": "15"}
[2026-04-11 10:58:32.099 +0700] [PROCESS] [cadence.virtuoso.ade.simulationMonitor] - Simulator exited {"hostname": "dtvt_13", "processid": 9656, "history": "ExplorerRun.0", "testname": "my_lib_pmos_tb_1", "cornername": "Nominal", "point": 4, "logfile": "/home/dtvt_13/truong/logs_dtvt_13/logs0/Job22.log", "exitStatus": "0"}
[2026-04-11 10:58:32.099 +0700] [PROCESS] [cadence.virtuoso.ade.simulationMonitor] - Finished Simulation {"hostname": "dtvt_13", "processid": 9656, "history": "ExplorerRun.0", "testname": "my_lib_pmos_tb_1", "cornername": "Nominal", "point": 4, "logfile": "/home/dtvt_13/truong/logs_dtvt_13/logs0/Job22.log", "simid": "15"}
[2026-04-11 10:58:33.113 +0700] [PROCESS] [cadence.virtuoso.ade.simulationMonitor] - Point Finished {"hostname": "dtvt_13", "processid": 9656, "history": "ExplorerRun.0", "testname": "my_lib_pmos_tb_1", "cornername": "Nominal", "point": 4, "logfile": "/home/dtvt_13/truong/logs_dtvt_13/logs0/Job22.log"}
[2026-04-11 10:58:33.120 +0700] [PROCESS] [cadence.virtuoso.ade.simulationMonitor] - HostInfo:
Host name (type):	dtvt_13 (x86_64)
Operating system:	Linux 3.10.0-1160.118.1.el7.x86_64 #1 SMP Wed Apr 24 16:01:50 UTC 2024 {"hostname": "dtvt_13", "processid": 9656, "history": "ExplorerRun.0", "testname": "my_lib_pmos_tb_1", "cornername": "Nominal", "point": 4, "logfile": "/home/dtvt_13/truong/logs_dtvt_13/logs0/Job22.log", "nodename": "dtvt_13", "domainname": "(none)", "machine": "x86_64", "sysname": "Linux", "release": "3.10.0-1160.118.1.el7.x86_64", "version": "#1 SMP Wed Apr 24 16:01:50 UTC 2024"}
[2026-04-11 10:58:33.120 +0700] [PROCESS] [cadence.virtuoso.ade.simulationMonitor] - UsageInfo:
pid=9656
totalPhysicalMemory=15.208324GB,Used=14.912487GB,totalVirtualMemory=22.895821GB,Used=14.956432GB
Cpu: Cores=24, Load average:0.230000,0.280000,0.320000 {"hostname": "dtvt_13", "processid": 9656, "history": "ExplorerRun.0", "testname": "my_lib_pmos_tb_1", "cornername": "Nominal", "point": 4, "logfile": "/home/dtvt_13/truong/logs_dtvt_13/logs0/Job22.log", "pid": "9656", "totalPhysicalMemory": "15.208324", "physicalMemoryUsed": "14.912487", "totalVirtualMemory": "22.895821", "virtualMemoryUsed": "14.956432", "cpuCores": "24", "processes": "2652", "loadAverage1": "0.230000", "loadAverage5": "0.280000", "loadAverage15": "0.320000", "loadAverage1Percent": "0.009583"}
[2026-04-11 10:58:33.121 +0700] [EVENT] [cadence.virtuoso.ade.simulationMonitor] - NewPoint {"history": "ExplorerRun.0", "point": 5, "testname": "my_lib_pmos_tb_1", "cornername": "Nominal", "event": "NewPoint", "EventSource": "Simulation Monitor", "HistoryName": "ExplorerRun.0", "logFile": "/home/dtvt_13/truong/logs_dtvt_13/logs0/Job22.log", "logFileSize": "137984"}
[2026-04-11 10:58:33.222 +0700] [EVENT] [cadence.virtuoso.ade.simulationMonitor] - NewPoint {"history": "ExplorerRun.0", "point": 5, "testname": "my_lib_pmos_tb_1", "cornername": "Nominal", "event": "NewPoint", "EventSource": "spectre", "HistoryName": "ExplorerRun.0", "logFile": "/home/dtvt_13/simulation/my_lib/pmos_tb/maestro/results/maestro/ExplorerRun.0/5/my_lib_pmos_tb_1/psf/spectre.out", "logFileSize": "-1"}
[2026-04-11 10:58:33.232 +0700] [PROCESS] [cadence.virtuoso.ade.simulationMonitor] - Simulator launched {"hostname": "dtvt_13", "processid": 9656, "history": "ExplorerRun.0", "testname": "my_lib_pmos_tb_1", "cornername": "Nominal", "point": 5, "logfile": "/home/dtvt_13/truong/logs_dtvt_13/logs0/Job22.log", "simid": "16"}
[2026-04-11 10:58:33.233 +0700] [PROCESS] [cadence.virtuoso.ade.simulationMonitor] - Started Simulation {"hostname": "dtvt_13", "processid": 9656, "history": "ExplorerRun.0", "testname": "my_lib_pmos_tb_1", "cornername": "Nominal", "point": 5, "logfile": "/home/dtvt_13/truong/logs_dtvt_13/logs0/Job22.log"}
[2026-04-11 10:58:54.505 +0700] [PROCESS] [cadence.virtuoso.ade.simulationMonitor] - Finished simulating for one point {"hostname": "dtvt_13", "processid": 9656, "history": "ExplorerRun.0", "testname": "my_lib_pmos_tb_1", "cornername": "Nominal", "point": 5, "logfile": "/home/dtvt_13/truong/logs_dtvt_13/logs0/Job22.log", "simid": "16"}
[2026-04-11 10:58:54.505 +0700] [INFO] [cadence.virtuoso.ade.simulationMonitor] - Peak resident memory used = 96 Mbytes. {"history": "ExplorerRun.0", "point": 5, "testname": "my_lib_pmos_tb_1", "cornername": "Nominal"}
[2026-04-11 10:58:54.505 +0700] [INFO] [cadence.virtuoso.ade.simulationMonitor] - Peak resident memory used = 105 Mbytes. {"history": "ExplorerRun.0", "point": 5, "testname": "my_lib_pmos_tb_1", "cornername": "Nominal"}
[2026-04-11 10:58:54.506 +0700] [INFO] [cadence.virtuoso.ade.simulationMonitor] - Notice from spectre during hierarchy flattening.
    The value 'psf' specified for the 'checklimitdest' option will no longer be supported in future releases. Use 'spectre -h' to see other recommended values for the 'checklimitdest' option. {"history": "ExplorerRun.0", "point": 5, "testname": "my_lib_pmos_tb_1", "cornername": "Nominal"}
[2026-04-11 10:58:54.506 +0700] [INFO] [cadence.virtuoso.ade.simulationMonitor] - Peak resident memory used = 106 Mbytes. {"history": "ExplorerRun.0", "point": 5, "testname": "my_lib_pmos_tb_1", "cornername": "Nominal"}
[2026-04-11 10:58:54.506 +0700] [INFO] [cadence.virtuoso.ade.simulationMonitor] - Notice from spectre during initial setup.
    Multithreading is disabled due to the size of the design being too small. {"history": "ExplorerRun.0", "point": 5, "testname": "my_lib_pmos_tb_1", "cornername": "Nominal"}
[2026-04-11 10:58:54.506 +0700] [INFO] [cadence.virtuoso.ade.simulationMonitor] -               nodes 8 {"history": "ExplorerRun.0", "point": 5, "testname": "my_lib_pmos_tb_1", "cornername": "Nominal"}
[2026-04-11 10:58:54.506 +0700] [INFO] [cadence.virtuoso.ade.simulationMonitor] - Notice from spectre during initial setup.
    APS enabled. {"history": "ExplorerRun.0", "point": 5, "testname": "my_lib_pmos_tb_1", "cornername": "Nominal"}
[2026-04-11 10:58:54.506 +0700] [INFO] [cadence.virtuoso.ade.simulationMonitor] - Peak resident memory used = 107 Mbytes. {"history": "ExplorerRun.0", "point": 5, "testname": "my_lib_pmos_tb_1", "cornername": "Nominal"}
[2026-04-11 10:58:54.506 +0700] [INFO] [cadence.virtuoso.ade.simulationMonitor] -    -   (APS) Multi-threading. The recommended number of threads is 1, consider adding +mt=1 on command line. {"history": "ExplorerRun.0", "point": 5, "testname": "my_lib_pmos_tb_1", "cornername": "Nominal"}
[2026-04-11 10:58:54.506 +0700] [INFO] [cadence.virtuoso.ade.simulationMonitor] - Total time required for dc analysis `dcOp': CPU = 1.575 ms, elapsed = 2.52986 ms. {"history": "ExplorerRun.0", "point": 5, "testname": "my_lib_pmos_tb_1", "cornername": "Nominal"}
[2026-04-11 10:58:54.506 +0700] [INFO] [cadence.virtuoso.ade.simulationMonitor] - Peak resident memory used = 109 Mbytes. {"history": "ExplorerRun.0", "point": 5, "testname": "my_lib_pmos_tb_1", "cornername": "Nominal"}
[2026-04-11 10:58:54.506 +0700] [INFO] [cadence.virtuoso.ade.simulationMonitor] - Notice from spectre at vg = 740e-03 during DC analysis `dc'.
    The value of parameter 'vg' has been reset to the original value 0.74. {"history": "ExplorerRun.0", "point": 5, "testname": "my_lib_pmos_tb_1", "cornername": "Nominal"}
[2026-04-11 10:58:54.506 +0700] [INFO] [cadence.virtuoso.ade.simulationMonitor] - Total time required for dc analysis `dc': CPU = 5.193 ms, elapsed = 6.2151 ms. {"history": "ExplorerRun.0", "point": 5, "testname": "my_lib_pmos_tb_1", "cornername": "Nominal"}
[2026-04-11 10:58:54.506 +0700] [INFO] [cadence.virtuoso.ade.simulationMonitor] - Peak resident memory used = 110 Mbytes. {"history": "ExplorerRun.0", "point": 5, "testname": "my_lib_pmos_tb_1", "cornername": "Nominal"}
[2026-04-11 10:58:54.506 +0700] [INFO] [cadence.virtuoso.ade.simulationMonitor] - Time used: CPU = 486 ms, elapsed = 20.8 s, util. = 2.33%. {"history": "ExplorerRun.0", "point": 5, "testname": "my_lib_pmos_tb_1", "cornername": "Nominal"}
[2026-04-11 10:58:54.507 +0700] [INFO] [cadence.virtuoso.ade.simulationMonitor] - Time spent in licensing: elapsed = 20.3 s, percentage of total = 97.5%. {"history": "ExplorerRun.0", "point": 5, "testname": "my_lib_pmos_tb_1", "cornername": "Nominal"}
[2026-04-11 10:58:54.507 +0700] [INFO] [cadence.virtuoso.ade.simulationMonitor] - Peak memory used = 111 Mbytes. {"history": "ExplorerRun.0", "point": 5, "testname": "my_lib_pmos_tb_1", "cornername": "Nominal"}
[2026-04-11 10:58:54.507 +0700] [PROCESS] [cadence.virtuoso.ade.simulationMonitor] - Simulation started at: 10:58:33 AM, Sat Apr 11, 2026, ended at: 10:58:54 AM, Sat Apr 11, 2026, with elapsed time (wall clock): 20.8 s. {"history": "ExplorerRun.0", "point": 5, "testname": "my_lib_pmos_tb_1", "cornername": "Nominal"}
[2026-04-11 10:58:54.507 +0700] [PROCESS] [cadence.virtuoso.ade.simulationMonitor] - spectre completes with 0 errors, 0 warnings, and 5 notices. {"history": "ExplorerRun.0", "point": 5, "testname": "my_lib_pmos_tb_1", "cornername": "Nominal"}
[2026-04-11 10:58:54.507 +0700] [PROCESS] [cadence.virtuoso.ade.simulationMonitor] - Simulator exited {"hostname": "dtvt_13", "processid": 9656, "history": "ExplorerRun.0", "testname": "my_lib_pmos_tb_1", "cornername": "Nominal", "point": 5, "logfile": "/home/dtvt_13/truong/logs_dtvt_13/logs0/Job22.log", "exitStatus": "0"}
[2026-04-11 10:58:54.507 +0700] [PROCESS] [cadence.virtuoso.ade.simulationMonitor] - Finished Simulation {"hostname": "dtvt_13", "processid": 9656, "history": "ExplorerRun.0", "testname": "my_lib_pmos_tb_1", "cornername": "Nominal", "point": 5, "logfile": "/home/dtvt_13/truong/logs_dtvt_13/logs0/Job22.log", "simid": "16"}
[2026-04-11 10:58:55.511 +0700] [PROCESS] [cadence.virtuoso.ade.simulationMonitor] - Point Finished {"hostname": "dtvt_13", "processid": 9656, "history": "ExplorerRun.0", "testname": "my_lib_pmos_tb_1", "cornername": "Nominal", "point": 5, "logfile": "/home/dtvt_13/truong/logs_dtvt_13/logs0/Job22.log"}
[2026-04-11 11:03:55.953 +0700] [PROCESS] [cadence.virtuoso.ade.simulationMonitor] - Current memory used: 32.2852 MBytes, peak memory used: 32.2852 MBytes {"hostname": "dtvt_13", "processid": 9656, "history": "ExplorerRun.0", "testname": "my_lib_pmos_tb_1", "cornername": "Nominal", "point": 5, "logfile": "/home/dtvt_13/truong/logs_dtvt_13/logs0/Job22.log"}
[2026-04-11 11:03:55.953 +0700] [PROCESS] [cadence.virtuoso.ade.simulationMonitor] - Simulation Monitor process exit. {"hostname": "dtvt_13", "processid": 9656, "history": "ExplorerRun.0", "testname": "my_lib_pmos_tb_1", "cornername": "Nominal", "point": 5, "logfile": "/home/dtvt_13/truong/logs_dtvt_13/logs0/Job22.log"}
