[Simulation Monitor: 37]
[2026-04-09 01:21:47.859 +0700] [PROCESS] [cadence.virtuoso.ade.simulationMonitor] - Simulation Monitor has successfully started up. Trying to set up communication channels to other components ... {"hostname": "dtvt_13", "processid": 2986, "logfile": "/home/dtvt_13/truong/logs_dtvt_13/logs0/Job37.log"}
[2026-04-09 01:21:47.859 +0700] [PROCESS] [cadence.virtuoso.ade.simulationMonitor] - Communication channels have been successfully set up. Start processing events ... {"hostname": "dtvt_13", "processid": 2986, "logfile": "/home/dtvt_13/truong/logs_dtvt_13/logs0/Job37.log"}
[2026-04-09 01:21:47.859 +0700] [PROCESS] [cadence.virtuoso.ade.simulationMonitor] - Considering to start history {"hostname": "dtvt_13", "processid": 2986, "history": "ExplorerRun.0", "logfile": "/home/dtvt_13/truong/logs_dtvt_13/logs0/Job37.log"}
[2026-04-09 01:21:47.860 +0700] [PROCESS] [cadence.virtuoso.ade.simulationMonitor] - HostInfo:
Host name (type):	dtvt_13 (x86_64)
Operating system:	Linux 3.10.0-1160.118.1.el7.x86_64 #1 SMP Wed Apr 24 16:01:50 UTC 2024 {"hostname": "dtvt_13", "processid": 2986, "history": "ExplorerRun.0", "logfile": "/home/dtvt_13/truong/logs_dtvt_13/logs0/Job37.log", "nodename": "dtvt_13", "domainname": "(none)", "machine": "x86_64", "sysname": "Linux", "release": "3.10.0-1160.118.1.el7.x86_64", "version": "#1 SMP Wed Apr 24 16:01:50 UTC 2024"}
[2026-04-09 01:21:47.860 +0700] [PROCESS] [cadence.virtuoso.ade.simulationMonitor] - UsageInfo:
pid=2986
totalPhysicalMemory=15.208324GB,Used=13.946468GB,totalVirtualMemory=22.895821GB,Used=13.979671GB
Cpu: Cores=24, Load average:0.250000,0.110000,0.130000 {"hostname": "dtvt_13", "processid": 2986, "history": "ExplorerRun.0", "logfile": "/home/dtvt_13/truong/logs_dtvt_13/logs0/Job37.log", "pid": "2986", "totalPhysicalMemory": "15.208324", "physicalMemoryUsed": "13.946468", "totalVirtualMemory": "22.895821", "virtualMemoryUsed": "13.979671", "cpuCores": "24", "processes": "2509", "loadAverage1": "0.250000", "loadAverage5": "0.110000", "loadAverage15": "0.130000", "loadAverage1Percent": "0.010417"}
[2026-04-09 01:21:47.860 +0700] [EVENT] [cadence.virtuoso.ade.simulationMonitor] - NewPoint {"history": "ExplorerRun.0", "point": 1, "testname": "my_lib_cs_amp_1", "cornername": "Nominal", "event": "NewPoint", "EventSource": "Simulation Monitor", "HistoryName": "ExplorerRun.0", "logFile": "/home/dtvt_13/truong/logs_dtvt_13/logs0/Job37.log", "logFileSize": "2093"}
[2026-04-09 01:21:47.961 +0700] [EVENT] [cadence.virtuoso.ade.simulationMonitor] - NewPoint {"history": "ExplorerRun.0", "point": 1, "testname": "my_lib_cs_amp_1", "cornername": "Nominal", "event": "NewPoint", "EventSource": "spectre", "HistoryName": "ExplorerRun.0", "logFile": "/home/dtvt_13/simulation/my_lib/cs_amp/maestro/results/maestro/ExplorerRun.0/1/my_lib_cs_amp_1/psf/spectre.out", "logFileSize": "-1"}
[2026-04-09 01:21:47.966 +0700] [PROCESS] [cadence.virtuoso.ade.simulationMonitor] - Simulator launched {"hostname": "dtvt_13", "processid": 2986, "history": "ExplorerRun.0", "testname": "my_lib_cs_amp_1", "cornername": "Nominal", "point": 1, "logfile": "/home/dtvt_13/truong/logs_dtvt_13/logs0/Job37.log", "simid": "1"}
[2026-04-09 01:21:47.970 +0700] [PROCESS] [cadence.virtuoso.ade.simulationMonitor] - Expression evaluator launched {"hostname": "dtvt_13", "processid": 2986, "history": "ExplorerRun.0", "testname": "my_lib_cs_amp_1", "cornername": "Nominal", "point": 1, "logfile": "/home/dtvt_13/truong/logs_dtvt_13/logs0/Job37.log"}
[2026-04-09 01:21:47.981 +0700] [PROCESS] [cadence.virtuoso.ade.simulationMonitor] - Started Simulation {"hostname": "dtvt_13", "processid": 2986, "history": "ExplorerRun.0", "testname": "my_lib_cs_amp_1", "cornername": "Nominal", "point": 1, "logfile": "/home/dtvt_13/truong/logs_dtvt_13/logs0/Job37.log"}
[2026-04-09 01:22:09.344 +0700] [INFO] [cadence.virtuoso.ade.simulationMonitor] - Peak resident memory used = 95.5 Mbytes. {"history": "ExplorerRun.0", "point": 1, "testname": "my_lib_cs_amp_1", "cornername": "Nominal"}
[2026-04-09 01:22:09.344 +0700] [INFO] [cadence.virtuoso.ade.simulationMonitor] - Peak resident memory used = 104 Mbytes. {"history": "ExplorerRun.0", "point": 1, "testname": "my_lib_cs_amp_1", "cornername": "Nominal"}
[2026-04-09 01:22:09.344 +0700] [INFO] [cadence.virtuoso.ade.simulationMonitor] - Notice from spectre during hierarchy flattening.
    The value 'psf' specified for the 'checklimitdest' option will no longer be supported in future releases. Use 'spectre -h' to see other recommended values for the 'checklimitdest' option. {"history": "ExplorerRun.0", "point": 1, "testname": "my_lib_cs_amp_1", "cornername": "Nominal"}
[2026-04-09 01:22:09.345 +0700] [INFO] [cadence.virtuoso.ade.simulationMonitor] - Peak resident memory used = 105 Mbytes. {"history": "ExplorerRun.0", "point": 1, "testname": "my_lib_cs_amp_1", "cornername": "Nominal"}
[2026-04-09 01:22:09.345 +0700] [INFO] [cadence.virtuoso.ade.simulationMonitor] - Notice from spectre during initial setup.
    Multithreading is disabled due to the size of the design being too small. {"history": "ExplorerRun.0", "point": 1, "testname": "my_lib_cs_amp_1", "cornername": "Nominal"}
[2026-04-09 01:22:09.345 +0700] [INFO] [cadence.virtuoso.ade.simulationMonitor] -               nodes 4 {"history": "ExplorerRun.0", "point": 1, "testname": "my_lib_cs_amp_1", "cornername": "Nominal"}
[2026-04-09 01:22:09.345 +0700] [INFO] [cadence.virtuoso.ade.simulationMonitor] - Notice from spectre during initial setup.
    APS enabled. {"history": "ExplorerRun.0", "point": 1, "testname": "my_lib_cs_amp_1", "cornername": "Nominal"}
[2026-04-09 01:22:09.345 +0700] [INFO] [cadence.virtuoso.ade.simulationMonitor] - Peak resident memory used = 106 Mbytes. {"history": "ExplorerRun.0", "point": 1, "testname": "my_lib_cs_amp_1", "cornername": "Nominal"}
[2026-04-09 01:22:09.345 +0700] [INFO] [cadence.virtuoso.ade.simulationMonitor] -    -   (APS) Multi-threading. The recommended number of threads is 1, consider adding +mt=1 on command line. {"history": "ExplorerRun.0", "point": 1, "testname": "my_lib_cs_amp_1", "cornername": "Nominal"}
[2026-04-09 01:22:09.846 +0700] [PROCESS] [cadence.virtuoso.ade.simulationMonitor] - Finished simulating for one point {"hostname": "dtvt_13", "processid": 2986, "history": "ExplorerRun.0", "testname": "my_lib_cs_amp_1", "cornername": "Nominal", "point": 1, "logfile": "/home/dtvt_13/truong/logs_dtvt_13/logs0/Job37.log", "simid": "1"}
[2026-04-09 01:22:09.847 +0700] [INFO] [cadence.virtuoso.ade.simulationMonitor] - Total time required for dc analysis `dcOp': CPU = 1.515 ms, elapsed = 2.48384 ms. {"history": "ExplorerRun.0", "point": 1, "testname": "my_lib_cs_amp_1", "cornername": "Nominal"}
[2026-04-09 01:22:09.848 +0700] [INFO] [cadence.virtuoso.ade.simulationMonitor] - Peak resident memory used = 108 Mbytes. {"history": "ExplorerRun.0", "point": 1, "testname": "my_lib_cs_amp_1", "cornername": "Nominal"}
[2026-04-09 01:22:09.848 +0700] [INFO] [cadence.virtuoso.ade.simulationMonitor] - Time used: CPU = 535 ms, elapsed = 21 s, util. = 2.55%. {"history": "ExplorerRun.0", "point": 1, "testname": "my_lib_cs_amp_1", "cornername": "Nominal"}
[2026-04-09 01:22:09.848 +0700] [INFO] [cadence.virtuoso.ade.simulationMonitor] - Time spent in licensing: elapsed = 20.4 s, percentage of total = 97.3%. {"history": "ExplorerRun.0", "point": 1, "testname": "my_lib_cs_amp_1", "cornername": "Nominal"}
[2026-04-09 01:22:09.849 +0700] [INFO] [cadence.virtuoso.ade.simulationMonitor] - Peak memory used = 110 Mbytes. {"history": "ExplorerRun.0", "point": 1, "testname": "my_lib_cs_amp_1", "cornername": "Nominal"}
[2026-04-09 01:22:09.849 +0700] [PROCESS] [cadence.virtuoso.ade.simulationMonitor] - Simulation started at: 1:21:48 AM, Thur Apr 9, 2026, ended at: 1:22:09 AM, Thur Apr 9, 2026, with elapsed time (wall clock): 21 s. {"history": "ExplorerRun.0", "point": 1, "testname": "my_lib_cs_amp_1", "cornername": "Nominal"}
[2026-04-09 01:22:09.849 +0700] [PROCESS] [cadence.virtuoso.ade.simulationMonitor] - spectre completes with 0 errors, 0 warnings, and 4 notices. {"history": "ExplorerRun.0", "point": 1, "testname": "my_lib_cs_amp_1", "cornername": "Nominal"}
[2026-04-09 01:22:09.849 +0700] [PROCESS] [cadence.virtuoso.ade.simulationMonitor] - Simulator exited {"hostname": "dtvt_13", "processid": 2986, "history": "ExplorerRun.0", "testname": "my_lib_cs_amp_1", "cornername": "Nominal", "point": 1, "logfile": "/home/dtvt_13/truong/logs_dtvt_13/logs0/Job37.log", "exitStatus": "0"}
[2026-04-09 01:22:09.850 +0700] [PROCESS] [cadence.virtuoso.ade.simulationMonitor] - Finished Simulation {"hostname": "dtvt_13", "processid": 2986, "history": "ExplorerRun.0", "testname": "my_lib_cs_amp_1", "cornername": "Nominal", "point": 1, "logfile": "/home/dtvt_13/truong/logs_dtvt_13/logs0/Job37.log", "simid": "1"}
[2026-04-09 01:22:10.362 +0700] [PROCESS] [cadence.virtuoso.ade.simulationMonitor] - Point Finished {"hostname": "dtvt_13", "processid": 2986, "history": "ExplorerRun.0", "testname": "my_lib_cs_amp_1", "cornername": "Nominal", "point": 1, "logfile": "/home/dtvt_13/truong/logs_dtvt_13/logs0/Job37.log"}
[2026-04-09 01:23:19.513 +0700] [INFO] [cadence.virtuoso.ade.simulationMonitor] - SimulationMonitor has terminated the vds process '3102', reason: 'Force to stop the expression evalutor process because of new run' {"history": "ExplorerRun.0", "point": 1, "testname": "my_lib_cs_amp_1", "cornername": "Nominal"}
[2026-04-09 01:23:19.513 +0700] [PROCESS] [cadence.virtuoso.ade.simulationMonitor] - HostInfo:
Host name (type):	dtvt_13 (x86_64)
Operating system:	Linux 3.10.0-1160.118.1.el7.x86_64 #1 SMP Wed Apr 24 16:01:50 UTC 2024 {"hostname": "dtvt_13", "processid": 2986, "history": "ExplorerRun.0", "testname": "my_lib_cs_amp_1", "cornername": "Nominal", "point": 1, "logfile": "/home/dtvt_13/truong/logs_dtvt_13/logs0/Job37.log", "nodename": "dtvt_13", "domainname": "(none)", "machine": "x86_64", "sysname": "Linux", "release": "3.10.0-1160.118.1.el7.x86_64", "version": "#1 SMP Wed Apr 24 16:01:50 UTC 2024"}
[2026-04-09 01:23:19.514 +0700] [PROCESS] [cadence.virtuoso.ade.simulationMonitor] - UsageInfo:
pid=2986
totalPhysicalMemory=15.208324GB,Used=13.903179GB,totalVirtualMemory=22.895821GB,Used=13.936382GB
Cpu: Cores=24, Load average:0.200000,0.110000,0.130000 {"hostname": "dtvt_13", "processid": 2986, "history": "ExplorerRun.0", "testname": "my_lib_cs_amp_1", "cornername": "Nominal", "point": 1, "logfile": "/home/dtvt_13/truong/logs_dtvt_13/logs0/Job37.log", "pid": "2986", "totalPhysicalMemory": "15.208324", "physicalMemoryUsed": "13.903179", "totalVirtualMemory": "22.895821", "virtualMemoryUsed": "13.936382", "cpuCores": "24", "processes": "2532", "loadAverage1": "0.200000", "loadAverage5": "0.110000", "loadAverage15": "0.130000", "loadAverage1Percent": "0.008333"}
[2026-04-09 01:23:19.514 +0700] [EVENT] [cadence.virtuoso.ade.simulationMonitor] - NewPoint {"history": "ExplorerRun.0", "point": 1, "testname": "my_lib_cs_amp_1", "cornername": "Nominal", "event": "NewPoint", "EventSource": "Simulation Monitor", "HistoryName": "ExplorerRun.0", "logFile": "/home/dtvt_13/truong/logs_dtvt_13/logs0/Job37.log", "logFileSize": "10846"}
[2026-04-09 01:23:19.614 +0700] [EVENT] [cadence.virtuoso.ade.simulationMonitor] - NewPoint {"history": "ExplorerRun.0", "point": 1, "testname": "my_lib_cs_amp_1", "cornername": "Nominal", "event": "NewPoint", "EventSource": "spectre", "HistoryName": "ExplorerRun.0", "logFile": "/home/dtvt_13/simulation/my_lib/cs_amp/maestro/results/maestro/ExplorerRun.0/1/my_lib_cs_amp_1/psf/spectre.out", "logFileSize": "-1"}
[2026-04-09 01:23:19.617 +0700] [PROCESS] [cadence.virtuoso.ade.simulationMonitor] - Simulator launched {"hostname": "dtvt_13", "processid": 2986, "history": "ExplorerRun.0", "testname": "my_lib_cs_amp_1", "cornername": "Nominal", "point": 1, "logfile": "/home/dtvt_13/truong/logs_dtvt_13/logs0/Job37.log", "simid": "2"}
[2026-04-09 01:23:19.622 +0700] [PROCESS] [cadence.virtuoso.ade.simulationMonitor] - Expression evaluator launched {"hostname": "dtvt_13", "processid": 2986, "history": "ExplorerRun.0", "testname": "my_lib_cs_amp_1", "cornername": "Nominal", "point": 1, "logfile": "/home/dtvt_13/truong/logs_dtvt_13/logs0/Job37.log"}
[2026-04-09 01:23:19.627 +0700] [PROCESS] [cadence.virtuoso.ade.simulationMonitor] - Started Simulation {"hostname": "dtvt_13", "processid": 2986, "history": "ExplorerRun.0", "testname": "my_lib_cs_amp_1", "cornername": "Nominal", "point": 1, "logfile": "/home/dtvt_13/truong/logs_dtvt_13/logs0/Job37.log"}
[2026-04-09 01:23:41.508 +0700] [PROCESS] [cadence.virtuoso.ade.simulationMonitor] - Finished simulating for one point {"hostname": "dtvt_13", "processid": 2986, "history": "ExplorerRun.0", "testname": "my_lib_cs_amp_1", "cornername": "Nominal", "point": 1, "logfile": "/home/dtvt_13/truong/logs_dtvt_13/logs0/Job37.log", "simid": "2"}
[2026-04-09 01:23:41.508 +0700] [INFO] [cadence.virtuoso.ade.simulationMonitor] - Peak resident memory used = 95.5 Mbytes. {"history": "ExplorerRun.0", "point": 1, "testname": "my_lib_cs_amp_1", "cornername": "Nominal"}
[2026-04-09 01:23:41.509 +0700] [INFO] [cadence.virtuoso.ade.simulationMonitor] - Peak resident memory used = 104 Mbytes. {"history": "ExplorerRun.0", "point": 1, "testname": "my_lib_cs_amp_1", "cornername": "Nominal"}
[2026-04-09 01:23:41.509 +0700] [INFO] [cadence.virtuoso.ade.simulationMonitor] - Notice from spectre during hierarchy flattening.
    The value 'psf' specified for the 'checklimitdest' option will no longer be supported in future releases. Use 'spectre -h' to see other recommended values for the 'checklimitdest' option. {"history": "ExplorerRun.0", "point": 1, "testname": "my_lib_cs_amp_1", "cornername": "Nominal"}
[2026-04-09 01:23:41.509 +0700] [INFO] [cadence.virtuoso.ade.simulationMonitor] - Peak resident memory used = 105 Mbytes. {"history": "ExplorerRun.0", "point": 1, "testname": "my_lib_cs_amp_1", "cornername": "Nominal"}
[2026-04-09 01:23:41.510 +0700] [INFO] [cadence.virtuoso.ade.simulationMonitor] - Notice from spectre during initial setup.
    Multithreading is disabled due to the size of the design being too small. {"history": "ExplorerRun.0", "point": 1, "testname": "my_lib_cs_amp_1", "cornername": "Nominal"}
[2026-04-09 01:23:41.510 +0700] [INFO] [cadence.virtuoso.ade.simulationMonitor] -               nodes 4 {"history": "ExplorerRun.0", "point": 1, "testname": "my_lib_cs_amp_1", "cornername": "Nominal"}
[2026-04-09 01:23:41.510 +0700] [INFO] [cadence.virtuoso.ade.simulationMonitor] - Notice from spectre during initial setup.
    APS enabled. {"history": "ExplorerRun.0", "point": 1, "testname": "my_lib_cs_amp_1", "cornername": "Nominal"}
[2026-04-09 01:23:41.511 +0700] [INFO] [cadence.virtuoso.ade.simulationMonitor] - Peak resident memory used = 106 Mbytes. {"history": "ExplorerRun.0", "point": 1, "testname": "my_lib_cs_amp_1", "cornername": "Nominal"}
[2026-04-09 01:23:41.511 +0700] [INFO] [cadence.virtuoso.ade.simulationMonitor] -    -   (APS) Multi-threading. The recommended number of threads is 1, consider adding +mt=1 on command line. {"history": "ExplorerRun.0", "point": 1, "testname": "my_lib_cs_amp_1", "cornername": "Nominal"}
[2026-04-09 01:23:41.511 +0700] [INFO] [cadence.virtuoso.ade.simulationMonitor] - Total time required for dc analysis `dcOp': CPU = 1.108 ms, elapsed = 2.01297 ms. {"history": "ExplorerRun.0", "point": 1, "testname": "my_lib_cs_amp_1", "cornername": "Nominal"}
[2026-04-09 01:23:41.511 +0700] [INFO] [cadence.virtuoso.ade.simulationMonitor] - Peak resident memory used = 108 Mbytes. {"history": "ExplorerRun.0", "point": 1, "testname": "my_lib_cs_amp_1", "cornername": "Nominal"}
[2026-04-09 01:23:41.511 +0700] [INFO] [cadence.virtuoso.ade.simulationMonitor] - Time used: CPU = 542 ms, elapsed = 21.4 s, util. = 2.54%. {"history": "ExplorerRun.0", "point": 1, "testname": "my_lib_cs_amp_1", "cornername": "Nominal"}
[2026-04-09 01:23:41.511 +0700] [INFO] [cadence.virtuoso.ade.simulationMonitor] - Time spent in licensing: elapsed = 20.8 s, percentage of total = 97.4%. {"history": "ExplorerRun.0", "point": 1, "testname": "my_lib_cs_amp_1", "cornername": "Nominal"}
[2026-04-09 01:23:41.511 +0700] [INFO] [cadence.virtuoso.ade.simulationMonitor] - Peak memory used = 110 Mbytes. {"history": "ExplorerRun.0", "point": 1, "testname": "my_lib_cs_amp_1", "cornername": "Nominal"}
[2026-04-09 01:23:41.512 +0700] [PROCESS] [cadence.virtuoso.ade.simulationMonitor] - Simulation started at: 1:23:19 AM, Thur Apr 9, 2026, ended at: 1:23:41 AM, Thur Apr 9, 2026, with elapsed time (wall clock): 21.4 s. {"history": "ExplorerRun.0", "point": 1, "testname": "my_lib_cs_amp_1", "cornername": "Nominal"}
[2026-04-09 01:23:41.512 +0700] [PROCESS] [cadence.virtuoso.ade.simulationMonitor] - spectre completes with 0 errors, 0 warnings, and 4 notices. {"history": "ExplorerRun.0", "point": 1, "testname": "my_lib_cs_amp_1", "cornername": "Nominal"}
[2026-04-09 01:23:41.512 +0700] [PROCESS] [cadence.virtuoso.ade.simulationMonitor] - Simulator exited {"hostname": "dtvt_13", "processid": 2986, "history": "ExplorerRun.0", "testname": "my_lib_cs_amp_1", "cornername": "Nominal", "point": 1, "logfile": "/home/dtvt_13/truong/logs_dtvt_13/logs0/Job37.log", "exitStatus": "0"}
[2026-04-09 01:23:41.512 +0700] [PROCESS] [cadence.virtuoso.ade.simulationMonitor] - Finished Simulation {"hostname": "dtvt_13", "processid": 2986, "history": "ExplorerRun.0", "testname": "my_lib_cs_amp_1", "cornername": "Nominal", "point": 1, "logfile": "/home/dtvt_13/truong/logs_dtvt_13/logs0/Job37.log", "simid": "2"}
[2026-04-09 01:23:42.525 +0700] [PROCESS] [cadence.virtuoso.ade.simulationMonitor] - Point Finished {"hostname": "dtvt_13", "processid": 2986, "history": "ExplorerRun.0", "testname": "my_lib_cs_amp_1", "cornername": "Nominal", "point": 1, "logfile": "/home/dtvt_13/truong/logs_dtvt_13/logs0/Job37.log"}
[2026-04-09 01:24:36.092 +0700] [INFO] [cadence.virtuoso.ade.simulationMonitor] - SimulationMonitor has terminated the vds process '3885', reason: 'Force to stop the expression evalutor process because of new run' {"history": "ExplorerRun.0", "point": 1, "testname": "my_lib_cs_amp_1", "cornername": "Nominal"}
[2026-04-09 01:24:36.092 +0700] [PROCESS] [cadence.virtuoso.ade.simulationMonitor] - HostInfo:
Host name (type):	dtvt_13 (x86_64)
Operating system:	Linux 3.10.0-1160.118.1.el7.x86_64 #1 SMP Wed Apr 24 16:01:50 UTC 2024 {"hostname": "dtvt_13", "processid": 2986, "history": "ExplorerRun.0", "testname": "my_lib_cs_amp_1", "cornername": "Nominal", "point": 1, "logfile": "/home/dtvt_13/truong/logs_dtvt_13/logs0/Job37.log", "nodename": "dtvt_13", "domainname": "(none)", "machine": "x86_64", "sysname": "Linux", "release": "3.10.0-1160.118.1.el7.x86_64", "version": "#1 SMP Wed Apr 24 16:01:50 UTC 2024"}
[2026-04-09 01:24:36.092 +0700] [PROCESS] [cadence.virtuoso.ade.simulationMonitor] - UsageInfo:
pid=2986
totalPhysicalMemory=15.208324GB,Used=13.904385GB,totalVirtualMemory=22.895821GB,Used=13.937588GB
Cpu: Cores=24, Load average:0.120000,0.120000,0.130000 {"hostname": "dtvt_13", "processid": 2986, "history": "ExplorerRun.0", "testname": "my_lib_cs_amp_1", "cornername": "Nominal", "point": 1, "logfile": "/home/dtvt_13/truong/logs_dtvt_13/logs0/Job37.log", "pid": "2986", "totalPhysicalMemory": "15.208324", "physicalMemoryUsed": "13.904385", "totalVirtualMemory": "22.895821", "virtualMemoryUsed": "13.937588", "cpuCores": "24", "processes": "2531", "loadAverage1": "0.120000", "loadAverage5": "0.120000", "loadAverage15": "0.130000", "loadAverage1Percent": "0.005000"}
[2026-04-09 01:24:36.092 +0700] [EVENT] [cadence.virtuoso.ade.simulationMonitor] - NewPoint {"history": "ExplorerRun.0", "point": 1, "testname": "my_lib_cs_amp_1", "cornername": "Nominal", "event": "NewPoint", "EventSource": "Simulation Monitor", "HistoryName": "ExplorerRun.0", "logFile": "/home/dtvt_13/truong/logs_dtvt_13/logs0/Job37.log", "logFileSize": "19604"}
[2026-04-09 01:24:36.193 +0700] [EVENT] [cadence.virtuoso.ade.simulationMonitor] - NewPoint {"history": "ExplorerRun.0", "point": 1, "testname": "my_lib_cs_amp_1", "cornername": "Nominal", "event": "NewPoint", "EventSource": "spectre", "HistoryName": "ExplorerRun.0", "logFile": "/home/dtvt_13/simulation/my_lib/cs_amp/maestro/results/maestro/ExplorerRun.0/1/my_lib_cs_amp_1/psf/spectre.out", "logFileSize": "-1"}
[2026-04-09 01:24:36.201 +0700] [PROCESS] [cadence.virtuoso.ade.simulationMonitor] - Simulator launched {"hostname": "dtvt_13", "processid": 2986, "history": "ExplorerRun.0", "testname": "my_lib_cs_amp_1", "cornername": "Nominal", "point": 1, "logfile": "/home/dtvt_13/truong/logs_dtvt_13/logs0/Job37.log", "simid": "3"}
[2026-04-09 01:24:36.207 +0700] [PROCESS] [cadence.virtuoso.ade.simulationMonitor] - Expression evaluator launched {"hostname": "dtvt_13", "processid": 2986, "history": "ExplorerRun.0", "testname": "my_lib_cs_amp_1", "cornername": "Nominal", "point": 1, "logfile": "/home/dtvt_13/truong/logs_dtvt_13/logs0/Job37.log"}
[2026-04-09 01:24:36.218 +0700] [PROCESS] [cadence.virtuoso.ade.simulationMonitor] - Started Simulation {"hostname": "dtvt_13", "processid": 2986, "history": "ExplorerRun.0", "testname": "my_lib_cs_amp_1", "cornername": "Nominal", "point": 1, "logfile": "/home/dtvt_13/truong/logs_dtvt_13/logs0/Job37.log"}
[2026-04-09 01:24:57.612 +0700] [INFO] [cadence.virtuoso.ade.simulationMonitor] - Peak resident memory used = 95.5 Mbytes. {"history": "ExplorerRun.0", "point": 1, "testname": "my_lib_cs_amp_1", "cornername": "Nominal"}
[2026-04-09 01:24:57.613 +0700] [INFO] [cadence.virtuoso.ade.simulationMonitor] - Peak resident memory used = 104 Mbytes. {"history": "ExplorerRun.0", "point": 1, "testname": "my_lib_cs_amp_1", "cornername": "Nominal"}
[2026-04-09 01:24:57.613 +0700] [INFO] [cadence.virtuoso.ade.simulationMonitor] - Notice from spectre during hierarchy flattening.
    The value 'psf' specified for the 'checklimitdest' option will no longer be supported in future releases. Use 'spectre -h' to see other recommended values for the 'checklimitdest' option. {"history": "ExplorerRun.0", "point": 1, "testname": "my_lib_cs_amp_1", "cornername": "Nominal"}
[2026-04-09 01:24:57.614 +0700] [INFO] [cadence.virtuoso.ade.simulationMonitor] - Peak resident memory used = 105 Mbytes. {"history": "ExplorerRun.0", "point": 1, "testname": "my_lib_cs_amp_1", "cornername": "Nominal"}
[2026-04-09 01:24:57.614 +0700] [INFO] [cadence.virtuoso.ade.simulationMonitor] - Notice from spectre during initial setup.
    Multithreading is disabled due to the size of the design being too small. {"history": "ExplorerRun.0", "point": 1, "testname": "my_lib_cs_amp_1", "cornername": "Nominal"}
[2026-04-09 01:24:57.615 +0700] [INFO] [cadence.virtuoso.ade.simulationMonitor] -               nodes 4 {"history": "ExplorerRun.0", "point": 1, "testname": "my_lib_cs_amp_1", "cornername": "Nominal"}
[2026-04-09 01:24:57.615 +0700] [INFO] [cadence.virtuoso.ade.simulationMonitor] - Notice from spectre during initial setup.
    APS enabled. {"history": "ExplorerRun.0", "point": 1, "testname": "my_lib_cs_amp_1", "cornername": "Nominal"}
[2026-04-09 01:24:57.616 +0700] [INFO] [cadence.virtuoso.ade.simulationMonitor] - Peak resident memory used = 106 Mbytes. {"history": "ExplorerRun.0", "point": 1, "testname": "my_lib_cs_amp_1", "cornername": "Nominal"}
[2026-04-09 01:24:57.616 +0700] [INFO] [cadence.virtuoso.ade.simulationMonitor] -    -   (APS) Multi-threading. The recommended number of threads is 1, consider adding +mt=1 on command line. {"history": "ExplorerRun.0", "point": 1, "testname": "my_lib_cs_amp_1", "cornername": "Nominal"}
[2026-04-09 01:24:57.616 +0700] [INFO] [cadence.virtuoso.ade.simulationMonitor] - Total time required for dc analysis `dcOp': CPU = 1.746 ms, elapsed = 2.70891 ms. {"history": "ExplorerRun.0", "point": 1, "testname": "my_lib_cs_amp_1", "cornername": "Nominal"}
[2026-04-09 01:24:57.616 +0700] [INFO] [cadence.virtuoso.ade.simulationMonitor] - Peak resident memory used = 108 Mbytes. {"history": "ExplorerRun.0", "point": 1, "testname": "my_lib_cs_amp_1", "cornername": "Nominal"}
[2026-04-09 01:24:57.617 +0700] [INFO] [cadence.virtuoso.ade.simulationMonitor] - Time used: CPU = 548 ms, elapsed = 20.9 s, util. = 2.63%. {"history": "ExplorerRun.0", "point": 1, "testname": "my_lib_cs_amp_1", "cornername": "Nominal"}
[2026-04-09 01:24:57.617 +0700] [INFO] [cadence.virtuoso.ade.simulationMonitor] - Time spent in licensing: elapsed = 20.3 s, percentage of total = 97.3%. {"history": "ExplorerRun.0", "point": 1, "testname": "my_lib_cs_amp_1", "cornername": "Nominal"}
[2026-04-09 01:24:57.617 +0700] [INFO] [cadence.virtuoso.ade.simulationMonitor] - Peak memory used = 110 Mbytes. {"history": "ExplorerRun.0", "point": 1, "testname": "my_lib_cs_amp_1", "cornername": "Nominal"}
[2026-04-09 01:24:57.617 +0700] [PROCESS] [cadence.virtuoso.ade.simulationMonitor] - Simulation started at: 1:24:36 AM, Thur Apr 9, 2026, ended at: 1:24:57 AM, Thur Apr 9, 2026, with elapsed time (wall clock): 20.9 s. {"history": "ExplorerRun.0", "point": 1, "testname": "my_lib_cs_amp_1", "cornername": "Nominal"}
[2026-04-09 01:24:57.617 +0700] [PROCESS] [cadence.virtuoso.ade.simulationMonitor] - spectre completes with 0 errors, 0 warnings, and 4 notices. {"history": "ExplorerRun.0", "point": 1, "testname": "my_lib_cs_amp_1", "cornername": "Nominal"}
[2026-04-09 01:24:58.118 +0700] [PROCESS] [cadence.virtuoso.ade.simulationMonitor] - Finished simulating for one point {"hostname": "dtvt_13", "processid": 2986, "history": "ExplorerRun.0", "testname": "my_lib_cs_amp_1", "cornername": "Nominal", "point": 1, "logfile": "/home/dtvt_13/truong/logs_dtvt_13/logs0/Job37.log", "simid": "3"}
[2026-04-09 01:24:58.118 +0700] [PROCESS] [cadence.virtuoso.ade.simulationMonitor] - Simulator exited {"hostname": "dtvt_13", "processid": 2986, "history": "ExplorerRun.0", "testname": "my_lib_cs_amp_1", "cornername": "Nominal", "point": 1, "logfile": "/home/dtvt_13/truong/logs_dtvt_13/logs0/Job37.log", "exitStatus": "0"}
[2026-04-09 01:24:58.118 +0700] [PROCESS] [cadence.virtuoso.ade.simulationMonitor] - Finished Simulation {"hostname": "dtvt_13", "processid": 2986, "history": "ExplorerRun.0", "testname": "my_lib_cs_amp_1", "cornername": "Nominal", "point": 1, "logfile": "/home/dtvt_13/truong/logs_dtvt_13/logs0/Job37.log", "simid": "3"}
[2026-04-09 01:24:58.631 +0700] [PROCESS] [cadence.virtuoso.ade.simulationMonitor] - Point Finished {"hostname": "dtvt_13", "processid": 2986, "history": "ExplorerRun.0", "testname": "my_lib_cs_amp_1", "cornername": "Nominal", "point": 1, "logfile": "/home/dtvt_13/truong/logs_dtvt_13/logs0/Job37.log"}
[2026-04-09 01:25:21.405 +0700] [INFO] [cadence.virtuoso.ade.simulationMonitor] - SimulationMonitor has terminated the vds process '4615', reason: 'Force to stop the expression evalutor process because of new run' {"history": "ExplorerRun.0", "point": 1, "testname": "my_lib_cs_amp_1", "cornername": "Nominal"}
[2026-04-09 01:25:21.406 +0700] [PROCESS] [cadence.virtuoso.ade.simulationMonitor] - HostInfo:
Host name (type):	dtvt_13 (x86_64)
Operating system:	Linux 3.10.0-1160.118.1.el7.x86_64 #1 SMP Wed Apr 24 16:01:50 UTC 2024 {"hostname": "dtvt_13", "processid": 2986, "history": "ExplorerRun.0", "testname": "my_lib_cs_amp_1", "cornername": "Nominal", "point": 1, "logfile": "/home/dtvt_13/truong/logs_dtvt_13/logs0/Job37.log", "nodename": "dtvt_13", "domainname": "(none)", "machine": "x86_64", "sysname": "Linux", "release": "3.10.0-1160.118.1.el7.x86_64", "version": "#1 SMP Wed Apr 24 16:01:50 UTC 2024"}
[2026-04-09 01:25:21.406 +0700] [PROCESS] [cadence.virtuoso.ade.simulationMonitor] - UsageInfo:
pid=2986
totalPhysicalMemory=15.208324GB,Used=13.911800GB,totalVirtualMemory=22.895821GB,Used=13.945004GB
Cpu: Cores=24, Load average:0.240000,0.150000,0.140000 {"hostname": "dtvt_13", "processid": 2986, "history": "ExplorerRun.0", "testname": "my_lib_cs_amp_1", "cornername": "Nominal", "point": 1, "logfile": "/home/dtvt_13/truong/logs_dtvt_13/logs0/Job37.log", "pid": "2986", "totalPhysicalMemory": "15.208324", "physicalMemoryUsed": "13.911800", "totalVirtualMemory": "22.895821", "virtualMemoryUsed": "13.945004", "cpuCores": "24", "processes": "2530", "loadAverage1": "0.240000", "loadAverage5": "0.150000", "loadAverage15": "0.140000", "loadAverage1Percent": "0.010000"}
[2026-04-09 01:25:21.406 +0700] [EVENT] [cadence.virtuoso.ade.simulationMonitor] - NewPoint {"history": "ExplorerRun.0", "point": 1, "testname": "my_lib_cs_amp_1", "cornername": "Nominal", "event": "NewPoint", "EventSource": "Simulation Monitor", "HistoryName": "ExplorerRun.0", "logFile": "/home/dtvt_13/truong/logs_dtvt_13/logs0/Job37.log", "logFileSize": "28362"}
[2026-04-09 01:25:21.507 +0700] [EVENT] [cadence.virtuoso.ade.simulationMonitor] - NewPoint {"history": "ExplorerRun.0", "point": 1, "testname": "my_lib_cs_amp_1", "cornername": "Nominal", "event": "NewPoint", "EventSource": "spectre", "HistoryName": "ExplorerRun.0", "logFile": "/home/dtvt_13/simulation/my_lib/cs_amp/maestro/results/maestro/ExplorerRun.0/1/my_lib_cs_amp_1/psf/spectre.out", "logFileSize": "-1"}
[2026-04-09 01:25:21.517 +0700] [PROCESS] [cadence.virtuoso.ade.simulationMonitor] - Simulator launched {"hostname": "dtvt_13", "processid": 2986, "history": "ExplorerRun.0", "testname": "my_lib_cs_amp_1", "cornername": "Nominal", "point": 1, "logfile": "/home/dtvt_13/truong/logs_dtvt_13/logs0/Job37.log", "simid": "4"}
[2026-04-09 01:25:21.521 +0700] [PROCESS] [cadence.virtuoso.ade.simulationMonitor] - Expression evaluator launched {"hostname": "dtvt_13", "processid": 2986, "history": "ExplorerRun.0", "testname": "my_lib_cs_amp_1", "cornername": "Nominal", "point": 1, "logfile": "/home/dtvt_13/truong/logs_dtvt_13/logs0/Job37.log"}
[2026-04-09 01:25:21.534 +0700] [PROCESS] [cadence.virtuoso.ade.simulationMonitor] - Started Simulation {"hostname": "dtvt_13", "processid": 2986, "history": "ExplorerRun.0", "testname": "my_lib_cs_amp_1", "cornername": "Nominal", "point": 1, "logfile": "/home/dtvt_13/truong/logs_dtvt_13/logs0/Job37.log"}
[2026-04-09 01:25:42.822 +0700] [INFO] [cadence.virtuoso.ade.simulationMonitor] - Peak resident memory used = 95.5 Mbytes. {"history": "ExplorerRun.0", "point": 1, "testname": "my_lib_cs_amp_1", "cornername": "Nominal"}
[2026-04-09 01:25:42.822 +0700] [INFO] [cadence.virtuoso.ade.simulationMonitor] - Peak resident memory used = 104 Mbytes. {"history": "ExplorerRun.0", "point": 1, "testname": "my_lib_cs_amp_1", "cornername": "Nominal"}
[2026-04-09 01:25:42.823 +0700] [INFO] [cadence.virtuoso.ade.simulationMonitor] - Notice from spectre during hierarchy flattening.
    The value 'psf' specified for the 'checklimitdest' option will no longer be supported in future releases. Use 'spectre -h' to see other recommended values for the 'checklimitdest' option. {"history": "ExplorerRun.0", "point": 1, "testname": "my_lib_cs_amp_1", "cornername": "Nominal"}
[2026-04-09 01:25:42.823 +0700] [INFO] [cadence.virtuoso.ade.simulationMonitor] - Peak resident memory used = 105 Mbytes. {"history": "ExplorerRun.0", "point": 1, "testname": "my_lib_cs_amp_1", "cornername": "Nominal"}
[2026-04-09 01:25:42.823 +0700] [INFO] [cadence.virtuoso.ade.simulationMonitor] - Notice from spectre during initial setup.
    Multithreading is disabled due to the size of the design being too small. {"history": "ExplorerRun.0", "point": 1, "testname": "my_lib_cs_amp_1", "cornername": "Nominal"}
[2026-04-09 01:25:42.824 +0700] [INFO] [cadence.virtuoso.ade.simulationMonitor] -               nodes 4 {"history": "ExplorerRun.0", "point": 1, "testname": "my_lib_cs_amp_1", "cornername": "Nominal"}
[2026-04-09 01:25:42.825 +0700] [INFO] [cadence.virtuoso.ade.simulationMonitor] - Notice from spectre during initial setup.
    APS enabled. {"history": "ExplorerRun.0", "point": 1, "testname": "my_lib_cs_amp_1", "cornername": "Nominal"}
[2026-04-09 01:25:42.825 +0700] [INFO] [cadence.virtuoso.ade.simulationMonitor] - Peak resident memory used = 106 Mbytes. {"history": "ExplorerRun.0", "point": 1, "testname": "my_lib_cs_amp_1", "cornername": "Nominal"}
[2026-04-09 01:25:42.825 +0700] [INFO] [cadence.virtuoso.ade.simulationMonitor] -    -   (APS) Multi-threading. The recommended number of threads is 1, consider adding +mt=1 on command line. {"history": "ExplorerRun.0", "point": 1, "testname": "my_lib_cs_amp_1", "cornername": "Nominal"}
[2026-04-09 01:25:42.826 +0700] [INFO] [cadence.virtuoso.ade.simulationMonitor] - Total time required for dc analysis `dcOp': CPU = 1.491 ms, elapsed = 2.46906 ms. {"history": "ExplorerRun.0", "point": 1, "testname": "my_lib_cs_amp_1", "cornername": "Nominal"}
[2026-04-09 01:25:42.826 +0700] [INFO] [cadence.virtuoso.ade.simulationMonitor] - Peak resident memory used = 108 Mbytes. {"history": "ExplorerRun.0", "point": 1, "testname": "my_lib_cs_amp_1", "cornername": "Nominal"}
[2026-04-09 01:25:42.826 +0700] [INFO] [cadence.virtuoso.ade.simulationMonitor] - Time used: CPU = 535 ms, elapsed = 20.9 s, util. = 2.56%. {"history": "ExplorerRun.0", "point": 1, "testname": "my_lib_cs_amp_1", "cornername": "Nominal"}
[2026-04-09 01:25:42.827 +0700] [INFO] [cadence.virtuoso.ade.simulationMonitor] - Time spent in licensing: elapsed = 20.3 s, percentage of total = 97.3%. {"history": "ExplorerRun.0", "point": 1, "testname": "my_lib_cs_amp_1", "cornername": "Nominal"}
[2026-04-09 01:25:42.827 +0700] [INFO] [cadence.virtuoso.ade.simulationMonitor] - Peak memory used = 110 Mbytes. {"history": "ExplorerRun.0", "point": 1, "testname": "my_lib_cs_amp_1", "cornername": "Nominal"}
[2026-04-09 01:25:42.827 +0700] [PROCESS] [cadence.virtuoso.ade.simulationMonitor] - Simulation started at: 1:25:21 AM, Thur Apr 9, 2026, ended at: 1:25:42 AM, Thur Apr 9, 2026, with elapsed time (wall clock): 20.9 s. {"history": "ExplorerRun.0", "point": 1, "testname": "my_lib_cs_amp_1", "cornername": "Nominal"}
[2026-04-09 01:25:42.827 +0700] [PROCESS] [cadence.virtuoso.ade.simulationMonitor] - spectre completes with 0 errors, 0 warnings, and 4 notices. {"history": "ExplorerRun.0", "point": 1, "testname": "my_lib_cs_amp_1", "cornername": "Nominal"}
[2026-04-09 01:25:43.328 +0700] [PROCESS] [cadence.virtuoso.ade.simulationMonitor] - Finished simulating for one point {"hostname": "dtvt_13", "processid": 2986, "history": "ExplorerRun.0", "testname": "my_lib_cs_amp_1", "cornername": "Nominal", "point": 1, "logfile": "/home/dtvt_13/truong/logs_dtvt_13/logs0/Job37.log", "simid": "4"}
[2026-04-09 01:25:43.329 +0700] [PROCESS] [cadence.virtuoso.ade.simulationMonitor] - Simulator exited {"hostname": "dtvt_13", "processid": 2986, "history": "ExplorerRun.0", "testname": "my_lib_cs_amp_1", "cornername": "Nominal", "point": 1, "logfile": "/home/dtvt_13/truong/logs_dtvt_13/logs0/Job37.log", "exitStatus": "0"}
[2026-04-09 01:25:43.329 +0700] [PROCESS] [cadence.virtuoso.ade.simulationMonitor] - Finished Simulation {"hostname": "dtvt_13", "processid": 2986, "history": "ExplorerRun.0", "testname": "my_lib_cs_amp_1", "cornername": "Nominal", "point": 1, "logfile": "/home/dtvt_13/truong/logs_dtvt_13/logs0/Job37.log", "simid": "4"}
[2026-04-09 01:25:43.843 +0700] [PROCESS] [cadence.virtuoso.ade.simulationMonitor] - Point Finished {"hostname": "dtvt_13", "processid": 2986, "history": "ExplorerRun.0", "testname": "my_lib_cs_amp_1", "cornername": "Nominal", "point": 1, "logfile": "/home/dtvt_13/truong/logs_dtvt_13/logs0/Job37.log"}
[2026-04-09 01:26:21.270 +0700] [INFO] [cadence.virtuoso.ade.simulationMonitor] - SimulationMonitor has terminated the vds process '5238', reason: 'Force to stop the expression evalutor process because of new run' {"history": "ExplorerRun.0", "point": 1, "testname": "my_lib_cs_amp_1", "cornername": "Nominal"}
[2026-04-09 01:26:21.271 +0700] [PROCESS] [cadence.virtuoso.ade.simulationMonitor] - HostInfo:
Host name (type):	dtvt_13 (x86_64)
Operating system:	Linux 3.10.0-1160.118.1.el7.x86_64 #1 SMP Wed Apr 24 16:01:50 UTC 2024 {"hostname": "dtvt_13", "processid": 2986, "history": "ExplorerRun.0", "testname": "my_lib_cs_amp_1", "cornername": "Nominal", "point": 1, "logfile": "/home/dtvt_13/truong/logs_dtvt_13/logs0/Job37.log", "nodename": "dtvt_13", "domainname": "(none)", "machine": "x86_64", "sysname": "Linux", "release": "3.10.0-1160.118.1.el7.x86_64", "version": "#1 SMP Wed Apr 24 16:01:50 UTC 2024"}
[2026-04-09 01:26:21.271 +0700] [PROCESS] [cadence.virtuoso.ade.simulationMonitor] - UsageInfo:
pid=2986
totalPhysicalMemory=15.208324GB,Used=13.912991GB,totalVirtualMemory=22.895821GB,Used=13.946194GB
Cpu: Cores=24, Load average:0.170000,0.150000,0.140000 {"hostname": "dtvt_13", "processid": 2986, "history": "ExplorerRun.0", "testname": "my_lib_cs_amp_1", "cornername": "Nominal", "point": 1, "logfile": "/home/dtvt_13/truong/logs_dtvt_13/logs0/Job37.log", "pid": "2986", "totalPhysicalMemory": "15.208324", "physicalMemoryUsed": "13.912991", "totalVirtualMemory": "22.895821", "virtualMemoryUsed": "13.946194", "cpuCores": "24", "processes": "2530", "loadAverage1": "0.170000", "loadAverage5": "0.150000", "loadAverage15": "0.140000", "loadAverage1Percent": "0.007083"}
[2026-04-09 01:26:21.272 +0700] [EVENT] [cadence.virtuoso.ade.simulationMonitor] - NewPoint {"history": "ExplorerRun.0", "point": 1, "testname": "my_lib_cs_amp_1", "cornername": "Nominal", "event": "NewPoint", "EventSource": "Simulation Monitor", "HistoryName": "ExplorerRun.0", "logFile": "/home/dtvt_13/truong/logs_dtvt_13/logs0/Job37.log", "logFileSize": "37120"}
[2026-04-09 01:26:21.372 +0700] [EVENT] [cadence.virtuoso.ade.simulationMonitor] - NewPoint {"history": "ExplorerRun.0", "point": 1, "testname": "my_lib_cs_amp_1", "cornername": "Nominal", "event": "NewPoint", "EventSource": "spectre", "HistoryName": "ExplorerRun.0", "logFile": "/home/dtvt_13/simulation/my_lib/cs_amp/maestro/results/maestro/ExplorerRun.0/1/my_lib_cs_amp_1/psf/spectre.out", "logFileSize": "-1"}
[2026-04-09 01:26:21.382 +0700] [PROCESS] [cadence.virtuoso.ade.simulationMonitor] - Simulator launched {"hostname": "dtvt_13", "processid": 2986, "history": "ExplorerRun.0", "testname": "my_lib_cs_amp_1", "cornername": "Nominal", "point": 1, "logfile": "/home/dtvt_13/truong/logs_dtvt_13/logs0/Job37.log", "simid": "5"}
[2026-04-09 01:26:21.389 +0700] [PROCESS] [cadence.virtuoso.ade.simulationMonitor] - Expression evaluator launched {"hostname": "dtvt_13", "processid": 2986, "history": "ExplorerRun.0", "testname": "my_lib_cs_amp_1", "cornername": "Nominal", "point": 1, "logfile": "/home/dtvt_13/truong/logs_dtvt_13/logs0/Job37.log"}
[2026-04-09 01:26:21.402 +0700] [PROCESS] [cadence.virtuoso.ade.simulationMonitor] - Started Simulation {"hostname": "dtvt_13", "processid": 2986, "history": "ExplorerRun.0", "testname": "my_lib_cs_amp_1", "cornername": "Nominal", "point": 1, "logfile": "/home/dtvt_13/truong/logs_dtvt_13/logs0/Job37.log"}
[2026-04-09 01:26:42.701 +0700] [INFO] [cadence.virtuoso.ade.simulationMonitor] - Peak resident memory used = 95.5 Mbytes. {"history": "ExplorerRun.0", "point": 1, "testname": "my_lib_cs_amp_1", "cornername": "Nominal"}
[2026-04-09 01:26:42.701 +0700] [INFO] [cadence.virtuoso.ade.simulationMonitor] - Peak resident memory used = 104 Mbytes. {"history": "ExplorerRun.0", "point": 1, "testname": "my_lib_cs_amp_1", "cornername": "Nominal"}
[2026-04-09 01:26:42.701 +0700] [INFO] [cadence.virtuoso.ade.simulationMonitor] - Notice from spectre during hierarchy flattening.
    The value 'psf' specified for the 'checklimitdest' option will no longer be supported in future releases. Use 'spectre -h' to see other recommended values for the 'checklimitdest' option. {"history": "ExplorerRun.0", "point": 1, "testname": "my_lib_cs_amp_1", "cornername": "Nominal"}
[2026-04-09 01:26:42.702 +0700] [INFO] [cadence.virtuoso.ade.simulationMonitor] - Peak resident memory used = 105 Mbytes. {"history": "ExplorerRun.0", "point": 1, "testname": "my_lib_cs_amp_1", "cornername": "Nominal"}
[2026-04-09 01:26:42.702 +0700] [INFO] [cadence.virtuoso.ade.simulationMonitor] - Notice from spectre during initial setup.
    Multithreading is disabled due to the size of the design being too small. {"history": "ExplorerRun.0", "point": 1, "testname": "my_lib_cs_amp_1", "cornername": "Nominal"}
[2026-04-09 01:26:42.703 +0700] [INFO] [cadence.virtuoso.ade.simulationMonitor] -               nodes 4 {"history": "ExplorerRun.0", "point": 1, "testname": "my_lib_cs_amp_1", "cornername": "Nominal"}
[2026-04-09 01:26:42.703 +0700] [INFO] [cadence.virtuoso.ade.simulationMonitor] - Notice from spectre during initial setup.
    APS enabled. {"history": "ExplorerRun.0", "point": 1, "testname": "my_lib_cs_amp_1", "cornername": "Nominal"}
[2026-04-09 01:26:42.703 +0700] [INFO] [cadence.virtuoso.ade.simulationMonitor] - Peak resident memory used = 106 Mbytes. {"history": "ExplorerRun.0", "point": 1, "testname": "my_lib_cs_amp_1", "cornername": "Nominal"}
[2026-04-09 01:26:42.704 +0700] [INFO] [cadence.virtuoso.ade.simulationMonitor] -    -   (APS) Multi-threading. The recommended number of threads is 1, consider adding +mt=1 on command line. {"history": "ExplorerRun.0", "point": 1, "testname": "my_lib_cs_amp_1", "cornername": "Nominal"}
[2026-04-09 01:26:42.704 +0700] [INFO] [cadence.virtuoso.ade.simulationMonitor] - Total time required for dc analysis `dcOp': CPU = 1.77 ms, elapsed = 2.85101 ms. {"history": "ExplorerRun.0", "point": 1, "testname": "my_lib_cs_amp_1", "cornername": "Nominal"}
[2026-04-09 01:26:42.704 +0700] [INFO] [cadence.virtuoso.ade.simulationMonitor] - Peak resident memory used = 108 Mbytes. {"history": "ExplorerRun.0", "point": 1, "testname": "my_lib_cs_amp_1", "cornername": "Nominal"}
[2026-04-09 01:26:42.704 +0700] [INFO] [cadence.virtuoso.ade.simulationMonitor] - Time used: CPU = 553 ms, elapsed = 20.9 s, util. = 2.65%. {"history": "ExplorerRun.0", "point": 1, "testname": "my_lib_cs_amp_1", "cornername": "Nominal"}
[2026-04-09 01:26:42.704 +0700] [INFO] [cadence.virtuoso.ade.simulationMonitor] - Time spent in licensing: elapsed = 20.3 s, percentage of total = 97.2%. {"history": "ExplorerRun.0", "point": 1, "testname": "my_lib_cs_amp_1", "cornername": "Nominal"}
[2026-04-09 01:26:42.704 +0700] [INFO] [cadence.virtuoso.ade.simulationMonitor] - Peak memory used = 110 Mbytes. {"history": "ExplorerRun.0", "point": 1, "testname": "my_lib_cs_amp_1", "cornername": "Nominal"}
[2026-04-09 01:26:42.705 +0700] [PROCESS] [cadence.virtuoso.ade.simulationMonitor] - Simulation started at: 1:26:21 AM, Thur Apr 9, 2026, ended at: 1:26:42 AM, Thur Apr 9, 2026, with elapsed time (wall clock): 20.9 s. {"history": "ExplorerRun.0", "point": 1, "testname": "my_lib_cs_amp_1", "cornername": "Nominal"}
[2026-04-09 01:26:42.705 +0700] [PROCESS] [cadence.virtuoso.ade.simulationMonitor] - spectre completes with 0 errors, 0 warnings, and 4 notices. {"history": "ExplorerRun.0", "point": 1, "testname": "my_lib_cs_amp_1", "cornername": "Nominal"}
[2026-04-09 01:26:43.206 +0700] [PROCESS] [cadence.virtuoso.ade.simulationMonitor] - Finished simulating for one point {"hostname": "dtvt_13", "processid": 2986, "history": "ExplorerRun.0", "testname": "my_lib_cs_amp_1", "cornername": "Nominal", "point": 1, "logfile": "/home/dtvt_13/truong/logs_dtvt_13/logs0/Job37.log", "simid": "5"}
[2026-04-09 01:26:43.207 +0700] [PROCESS] [cadence.virtuoso.ade.simulationMonitor] - Simulator exited {"hostname": "dtvt_13", "processid": 2986, "history": "ExplorerRun.0", "testname": "my_lib_cs_amp_1", "cornername": "Nominal", "point": 1, "logfile": "/home/dtvt_13/truong/logs_dtvt_13/logs0/Job37.log", "exitStatus": "0"}
[2026-04-09 01:26:43.207 +0700] [PROCESS] [cadence.virtuoso.ade.simulationMonitor] - Finished Simulation {"hostname": "dtvt_13", "processid": 2986, "history": "ExplorerRun.0", "testname": "my_lib_cs_amp_1", "cornername": "Nominal", "point": 1, "logfile": "/home/dtvt_13/truong/logs_dtvt_13/logs0/Job37.log", "simid": "5"}
[2026-04-09 01:26:44.220 +0700] [PROCESS] [cadence.virtuoso.ade.simulationMonitor] - Point Finished {"hostname": "dtvt_13", "processid": 2986, "history": "ExplorerRun.0", "testname": "my_lib_cs_amp_1", "cornername": "Nominal", "point": 1, "logfile": "/home/dtvt_13/truong/logs_dtvt_13/logs0/Job37.log"}
[2026-04-09 01:27:16.261 +0700] [INFO] [cadence.virtuoso.ade.simulationMonitor] - SimulationMonitor has terminated the vds process '6221', reason: 'Force to stop the expression evalutor process because of new run' {"history": "ExplorerRun.0", "point": 1, "testname": "my_lib_cs_amp_1", "cornername": "Nominal"}
[2026-04-09 01:27:16.261 +0700] [PROCESS] [cadence.virtuoso.ade.simulationMonitor] - HostInfo:
Host name (type):	dtvt_13 (x86_64)
Operating system:	Linux 3.10.0-1160.118.1.el7.x86_64 #1 SMP Wed Apr 24 16:01:50 UTC 2024 {"hostname": "dtvt_13", "processid": 2986, "history": "ExplorerRun.0", "testname": "my_lib_cs_amp_1", "cornername": "Nominal", "point": 1, "logfile": "/home/dtvt_13/truong/logs_dtvt_13/logs0/Job37.log", "nodename": "dtvt_13", "domainname": "(none)", "machine": "x86_64", "sysname": "Linux", "release": "3.10.0-1160.118.1.el7.x86_64", "version": "#1 SMP Wed Apr 24 16:01:50 UTC 2024"}
[2026-04-09 01:27:16.262 +0700] [PROCESS] [cadence.virtuoso.ade.simulationMonitor] - UsageInfo:
pid=2986
totalPhysicalMemory=15.208324GB,Used=13.920929GB,totalVirtualMemory=22.895821GB,Used=13.954132GB
Cpu: Cores=24, Load average:0.180000,0.160000,0.140000 {"hostname": "dtvt_13", "processid": 2986, "history": "ExplorerRun.0", "testname": "my_lib_cs_amp_1", "cornername": "Nominal", "point": 1, "logfile": "/home/dtvt_13/truong/logs_dtvt_13/logs0/Job37.log", "pid": "2986", "totalPhysicalMemory": "15.208324", "physicalMemoryUsed": "13.920929", "totalVirtualMemory": "22.895821", "virtualMemoryUsed": "13.954132", "cpuCores": "24", "processes": "2531", "loadAverage1": "0.180000", "loadAverage5": "0.160000", "loadAverage15": "0.140000", "loadAverage1Percent": "0.007500"}
[2026-04-09 01:27:16.262 +0700] [EVENT] [cadence.virtuoso.ade.simulationMonitor] - NewPoint {"history": "ExplorerRun.0", "point": 1, "testname": "my_lib_cs_amp_1", "cornername": "Nominal", "event": "NewPoint", "EventSource": "Simulation Monitor", "HistoryName": "ExplorerRun.0", "logFile": "/home/dtvt_13/truong/logs_dtvt_13/logs0/Job37.log", "logFileSize": "45877"}
[2026-04-09 01:27:16.363 +0700] [EVENT] [cadence.virtuoso.ade.simulationMonitor] - NewPoint {"history": "ExplorerRun.0", "point": 1, "testname": "my_lib_cs_amp_1", "cornername": "Nominal", "event": "NewPoint", "EventSource": "spectre", "HistoryName": "ExplorerRun.0", "logFile": "/home/dtvt_13/simulation/my_lib/cs_amp/maestro/results/maestro/ExplorerRun.0/1/my_lib_cs_amp_1/psf/spectre.out", "logFileSize": "-1"}
[2026-04-09 01:27:16.372 +0700] [PROCESS] [cadence.virtuoso.ade.simulationMonitor] - Simulator launched {"hostname": "dtvt_13", "processid": 2986, "history": "ExplorerRun.0", "testname": "my_lib_cs_amp_1", "cornername": "Nominal", "point": 1, "logfile": "/home/dtvt_13/truong/logs_dtvt_13/logs0/Job37.log", "simid": "6"}
[2026-04-09 01:27:16.375 +0700] [PROCESS] [cadence.virtuoso.ade.simulationMonitor] - Expression evaluator launched {"hostname": "dtvt_13", "processid": 2986, "history": "ExplorerRun.0", "testname": "my_lib_cs_amp_1", "cornername": "Nominal", "point": 1, "logfile": "/home/dtvt_13/truong/logs_dtvt_13/logs0/Job37.log"}
[2026-04-09 01:27:16.387 +0700] [PROCESS] [cadence.virtuoso.ade.simulationMonitor] - Started Simulation {"hostname": "dtvt_13", "processid": 2986, "history": "ExplorerRun.0", "testname": "my_lib_cs_amp_1", "cornername": "Nominal", "point": 1, "logfile": "/home/dtvt_13/truong/logs_dtvt_13/logs0/Job37.log"}
[2026-04-09 01:27:37.672 +0700] [PROCESS] [cadence.virtuoso.ade.simulationMonitor] - Finished simulating for one point {"hostname": "dtvt_13", "processid": 2986, "history": "ExplorerRun.0", "testname": "my_lib_cs_amp_1", "cornername": "Nominal", "point": 1, "logfile": "/home/dtvt_13/truong/logs_dtvt_13/logs0/Job37.log", "simid": "6"}
[2026-04-09 01:27:37.672 +0700] [INFO] [cadence.virtuoso.ade.simulationMonitor] - Peak resident memory used = 95.5 Mbytes. {"history": "ExplorerRun.0", "point": 1, "testname": "my_lib_cs_amp_1", "cornername": "Nominal"}
[2026-04-09 01:27:37.672 +0700] [INFO] [cadence.virtuoso.ade.simulationMonitor] - Peak resident memory used = 104 Mbytes. {"history": "ExplorerRun.0", "point": 1, "testname": "my_lib_cs_amp_1", "cornername": "Nominal"}
[2026-04-09 01:27:37.673 +0700] [INFO] [cadence.virtuoso.ade.simulationMonitor] - Notice from spectre during hierarchy flattening.
    The value 'psf' specified for the 'checklimitdest' option will no longer be supported in future releases. Use 'spectre -h' to see other recommended values for the 'checklimitdest' option. {"history": "ExplorerRun.0", "point": 1, "testname": "my_lib_cs_amp_1", "cornername": "Nominal"}
[2026-04-09 01:27:37.673 +0700] [INFO] [cadence.virtuoso.ade.simulationMonitor] - Peak resident memory used = 105 Mbytes. {"history": "ExplorerRun.0", "point": 1, "testname": "my_lib_cs_amp_1", "cornername": "Nominal"}
[2026-04-09 01:27:37.673 +0700] [INFO] [cadence.virtuoso.ade.simulationMonitor] - Notice from spectre during initial setup.
    Multithreading is disabled due to the size of the design being too small. {"history": "ExplorerRun.0", "point": 1, "testname": "my_lib_cs_amp_1", "cornername": "Nominal"}
[2026-04-09 01:27:37.674 +0700] [INFO] [cadence.virtuoso.ade.simulationMonitor] -               nodes 4 {"history": "ExplorerRun.0", "point": 1, "testname": "my_lib_cs_amp_1", "cornername": "Nominal"}
[2026-04-09 01:27:37.674 +0700] [INFO] [cadence.virtuoso.ade.simulationMonitor] - Notice from spectre during initial setup.
    APS enabled. {"history": "ExplorerRun.0", "point": 1, "testname": "my_lib_cs_amp_1", "cornername": "Nominal"}
[2026-04-09 01:27:37.674 +0700] [INFO] [cadence.virtuoso.ade.simulationMonitor] - Peak resident memory used = 106 Mbytes. {"history": "ExplorerRun.0", "point": 1, "testname": "my_lib_cs_amp_1", "cornername": "Nominal"}
[2026-04-09 01:27:37.675 +0700] [INFO] [cadence.virtuoso.ade.simulationMonitor] -    -   (APS) Multi-threading. The recommended number of threads is 1, consider adding +mt=1 on command line. {"history": "ExplorerRun.0", "point": 1, "testname": "my_lib_cs_amp_1", "cornername": "Nominal"}
[2026-04-09 01:27:37.675 +0700] [INFO] [cadence.virtuoso.ade.simulationMonitor] - Total time required for dc analysis `dcOp': CPU = 1.794 ms, elapsed = 2.72107 ms. {"history": "ExplorerRun.0", "point": 1, "testname": "my_lib_cs_amp_1", "cornername": "Nominal"}
[2026-04-09 01:27:37.675 +0700] [INFO] [cadence.virtuoso.ade.simulationMonitor] - Peak resident memory used = 108 Mbytes. {"history": "ExplorerRun.0", "point": 1, "testname": "my_lib_cs_amp_1", "cornername": "Nominal"}
[2026-04-09 01:27:37.675 +0700] [INFO] [cadence.virtuoso.ade.simulationMonitor] - Time used: CPU = 521 ms, elapsed = 20.8 s, util. = 2.5%. {"history": "ExplorerRun.0", "point": 1, "testname": "my_lib_cs_amp_1", "cornername": "Nominal"}
[2026-04-09 01:27:37.675 +0700] [INFO] [cadence.virtuoso.ade.simulationMonitor] - Time spent in licensing: elapsed = 20.3 s, percentage of total = 97.4%. {"history": "ExplorerRun.0", "point": 1, "testname": "my_lib_cs_amp_1", "cornername": "Nominal"}
[2026-04-09 01:27:37.676 +0700] [INFO] [cadence.virtuoso.ade.simulationMonitor] - Peak memory used = 110 Mbytes. {"history": "ExplorerRun.0", "point": 1, "testname": "my_lib_cs_amp_1", "cornername": "Nominal"}
[2026-04-09 01:27:37.676 +0700] [PROCESS] [cadence.virtuoso.ade.simulationMonitor] - Simulation started at: 1:27:16 AM, Thur Apr 9, 2026, ended at: 1:27:37 AM, Thur Apr 9, 2026, with elapsed time (wall clock): 20.8 s. {"history": "ExplorerRun.0", "point": 1, "testname": "my_lib_cs_amp_1", "cornername": "Nominal"}
[2026-04-09 01:27:37.676 +0700] [PROCESS] [cadence.virtuoso.ade.simulationMonitor] - spectre completes with 0 errors, 0 warnings, and 4 notices. {"history": "ExplorerRun.0", "point": 1, "testname": "my_lib_cs_amp_1", "cornername": "Nominal"}
[2026-04-09 01:27:37.676 +0700] [PROCESS] [cadence.virtuoso.ade.simulationMonitor] - Simulator exited {"hostname": "dtvt_13", "processid": 2986, "history": "ExplorerRun.0", "testname": "my_lib_cs_amp_1", "cornername": "Nominal", "point": 1, "logfile": "/home/dtvt_13/truong/logs_dtvt_13/logs0/Job37.log", "exitStatus": "0"}
[2026-04-09 01:27:37.676 +0700] [PROCESS] [cadence.virtuoso.ade.simulationMonitor] - Finished Simulation {"hostname": "dtvt_13", "processid": 2986, "history": "ExplorerRun.0", "testname": "my_lib_cs_amp_1", "cornername": "Nominal", "point": 1, "logfile": "/home/dtvt_13/truong/logs_dtvt_13/logs0/Job37.log", "simid": "6"}
[2026-04-09 01:27:38.689 +0700] [PROCESS] [cadence.virtuoso.ade.simulationMonitor] - Point Finished {"hostname": "dtvt_13", "processid": 2986, "history": "ExplorerRun.0", "testname": "my_lib_cs_amp_1", "cornername": "Nominal", "point": 1, "logfile": "/home/dtvt_13/truong/logs_dtvt_13/logs0/Job37.log"}
[2026-04-09 01:28:20.640 +0700] [INFO] [cadence.virtuoso.ade.simulationMonitor] - SimulationMonitor has terminated the vds process '7097', reason: 'Force to stop the expression evalutor process because of new run' {"history": "ExplorerRun.0", "point": 1, "testname": "my_lib_cs_amp_1", "cornername": "Nominal"}
[2026-04-09 01:28:20.640 +0700] [PROCESS] [cadence.virtuoso.ade.simulationMonitor] - HostInfo:
Host name (type):	dtvt_13 (x86_64)
Operating system:	Linux 3.10.0-1160.118.1.el7.x86_64 #1 SMP Wed Apr 24 16:01:50 UTC 2024 {"hostname": "dtvt_13", "processid": 2986, "history": "ExplorerRun.0", "testname": "my_lib_cs_amp_1", "cornername": "Nominal", "point": 1, "logfile": "/home/dtvt_13/truong/logs_dtvt_13/logs0/Job37.log", "nodename": "dtvt_13", "domainname": "(none)", "machine": "x86_64", "sysname": "Linux", "release": "3.10.0-1160.118.1.el7.x86_64", "version": "#1 SMP Wed Apr 24 16:01:50 UTC 2024"}
[2026-04-09 01:28:20.641 +0700] [PROCESS] [cadence.virtuoso.ade.simulationMonitor] - UsageInfo:
pid=2986
totalPhysicalMemory=15.208324GB,Used=13.984104GB,totalVirtualMemory=22.895821GB,Used=14.017307GB
Cpu: Cores=24, Load average:0.420000,0.230000,0.170000 {"hostname": "dtvt_13", "processid": 2986, "history": "ExplorerRun.0", "testname": "my_lib_cs_amp_1", "cornername": "Nominal", "point": 1, "logfile": "/home/dtvt_13/truong/logs_dtvt_13/logs0/Job37.log", "pid": "2986", "totalPhysicalMemory": "15.208324", "physicalMemoryUsed": "13.984104", "totalVirtualMemory": "22.895821", "virtualMemoryUsed": "14.017307", "cpuCores": "24", "processes": "2530", "loadAverage1": "0.420000", "loadAverage5": "0.230000", "loadAverage15": "0.170000", "loadAverage1Percent": "0.017500"}
[2026-04-09 01:28:20.641 +0700] [EVENT] [cadence.virtuoso.ade.simulationMonitor] - NewPoint {"history": "ExplorerRun.0", "point": 1, "testname": "my_lib_cs_amp_1", "cornername": "Nominal", "event": "NewPoint", "EventSource": "Simulation Monitor", "HistoryName": "ExplorerRun.0", "logFile": "/home/dtvt_13/truong/logs_dtvt_13/logs0/Job37.log", "logFileSize": "54634"}
[2026-04-09 01:28:20.741 +0700] [EVENT] [cadence.virtuoso.ade.simulationMonitor] - NewPoint {"history": "ExplorerRun.0", "point": 1, "testname": "my_lib_cs_amp_1", "cornername": "Nominal", "event": "NewPoint", "EventSource": "spectre", "HistoryName": "ExplorerRun.0", "logFile": "/home/dtvt_13/simulation/my_lib/cs_amp/maestro/results/maestro/ExplorerRun.0/1/my_lib_cs_amp_1/psf/spectre.out", "logFileSize": "-1"}
[2026-04-09 01:28:20.745 +0700] [PROCESS] [cadence.virtuoso.ade.simulationMonitor] - Simulator launched {"hostname": "dtvt_13", "processid": 2986, "history": "ExplorerRun.0", "testname": "my_lib_cs_amp_1", "cornername": "Nominal", "point": 1, "logfile": "/home/dtvt_13/truong/logs_dtvt_13/logs0/Job37.log", "simid": "7"}
[2026-04-09 01:28:20.750 +0700] [PROCESS] [cadence.virtuoso.ade.simulationMonitor] - Expression evaluator launched {"hostname": "dtvt_13", "processid": 2986, "history": "ExplorerRun.0", "testname": "my_lib_cs_amp_1", "cornername": "Nominal", "point": 1, "logfile": "/home/dtvt_13/truong/logs_dtvt_13/logs0/Job37.log"}
[2026-04-09 01:28:20.753 +0700] [PROCESS] [cadence.virtuoso.ade.simulationMonitor] - Started Simulation {"hostname": "dtvt_13", "processid": 2986, "history": "ExplorerRun.0", "testname": "my_lib_cs_amp_1", "cornername": "Nominal", "point": 1, "logfile": "/home/dtvt_13/truong/logs_dtvt_13/logs0/Job37.log"}
[2026-04-09 01:28:42.550 +0700] [INFO] [cadence.virtuoso.ade.simulationMonitor] - Peak resident memory used = 95.5 Mbytes. {"history": "ExplorerRun.0", "point": 1, "testname": "my_lib_cs_amp_1", "cornername": "Nominal"}
[2026-04-09 01:28:42.550 +0700] [INFO] [cadence.virtuoso.ade.simulationMonitor] - Peak resident memory used = 104 Mbytes. {"history": "ExplorerRun.0", "point": 1, "testname": "my_lib_cs_amp_1", "cornername": "Nominal"}
[2026-04-09 01:28:42.551 +0700] [INFO] [cadence.virtuoso.ade.simulationMonitor] - Notice from spectre during hierarchy flattening.
    The value 'psf' specified for the 'checklimitdest' option will no longer be supported in future releases. Use 'spectre -h' to see other recommended values for the 'checklimitdest' option. {"history": "ExplorerRun.0", "point": 1, "testname": "my_lib_cs_amp_1", "cornername": "Nominal"}
[2026-04-09 01:28:42.551 +0700] [INFO] [cadence.virtuoso.ade.simulationMonitor] - Peak resident memory used = 105 Mbytes. {"history": "ExplorerRun.0", "point": 1, "testname": "my_lib_cs_amp_1", "cornername": "Nominal"}
[2026-04-09 01:28:42.551 +0700] [INFO] [cadence.virtuoso.ade.simulationMonitor] - Notice from spectre during initial setup.
    Multithreading is disabled due to the size of the design being too small. {"history": "ExplorerRun.0", "point": 1, "testname": "my_lib_cs_amp_1", "cornername": "Nominal"}
[2026-04-09 01:28:42.552 +0700] [INFO] [cadence.virtuoso.ade.simulationMonitor] -               nodes 4 {"history": "ExplorerRun.0", "point": 1, "testname": "my_lib_cs_amp_1", "cornername": "Nominal"}
[2026-04-09 01:28:42.552 +0700] [INFO] [cadence.virtuoso.ade.simulationMonitor] - Notice from spectre during initial setup.
    APS enabled. {"history": "ExplorerRun.0", "point": 1, "testname": "my_lib_cs_amp_1", "cornername": "Nominal"}
[2026-04-09 01:28:42.552 +0700] [INFO] [cadence.virtuoso.ade.simulationMonitor] - Peak resident memory used = 106 Mbytes. {"history": "ExplorerRun.0", "point": 1, "testname": "my_lib_cs_amp_1", "cornername": "Nominal"}
[2026-04-09 01:28:42.552 +0700] [INFO] [cadence.virtuoso.ade.simulationMonitor] -    -   (APS) Multi-threading. The recommended number of threads is 1, consider adding +mt=1 on command line. {"history": "ExplorerRun.0", "point": 1, "testname": "my_lib_cs_amp_1", "cornername": "Nominal"}
[2026-04-09 01:28:42.552 +0700] [INFO] [cadence.virtuoso.ade.simulationMonitor] - Total time required for dc analysis `dcOp': CPU = 1.623 ms, elapsed = 2.61807 ms. {"history": "ExplorerRun.0", "point": 1, "testname": "my_lib_cs_amp_1", "cornername": "Nominal"}
[2026-04-09 01:28:42.552 +0700] [INFO] [cadence.virtuoso.ade.simulationMonitor] - Peak resident memory used = 108 Mbytes. {"history": "ExplorerRun.0", "point": 1, "testname": "my_lib_cs_amp_1", "cornername": "Nominal"}
[2026-04-09 01:28:42.553 +0700] [INFO] [cadence.virtuoso.ade.simulationMonitor] - Time used: CPU = 530 ms, elapsed = 21.2 s, util. = 2.49%. {"history": "ExplorerRun.0", "point": 1, "testname": "my_lib_cs_amp_1", "cornername": "Nominal"}
[2026-04-09 01:28:42.553 +0700] [INFO] [cadence.virtuoso.ade.simulationMonitor] - Time spent in licensing: elapsed = 20.7 s, percentage of total = 97.4%. {"history": "ExplorerRun.0", "point": 1, "testname": "my_lib_cs_amp_1", "cornername": "Nominal"}
[2026-04-09 01:28:42.553 +0700] [INFO] [cadence.virtuoso.ade.simulationMonitor] - Peak memory used = 110 Mbytes. {"history": "ExplorerRun.0", "point": 1, "testname": "my_lib_cs_amp_1", "cornername": "Nominal"}
[2026-04-09 01:28:42.553 +0700] [PROCESS] [cadence.virtuoso.ade.simulationMonitor] - Simulation started at: 1:28:21 AM, Thur Apr 9, 2026, ended at: 1:28:42 AM, Thur Apr 9, 2026, with elapsed time (wall clock): 21.2 s. {"history": "ExplorerRun.0", "point": 1, "testname": "my_lib_cs_amp_1", "cornername": "Nominal"}
[2026-04-09 01:28:42.554 +0700] [PROCESS] [cadence.virtuoso.ade.simulationMonitor] - spectre completes with 0 errors, 0 warnings, and 4 notices. {"history": "ExplorerRun.0", "point": 1, "testname": "my_lib_cs_amp_1", "cornername": "Nominal"}
[2026-04-09 01:28:43.055 +0700] [PROCESS] [cadence.virtuoso.ade.simulationMonitor] - Finished simulating for one point {"hostname": "dtvt_13", "processid": 2986, "history": "ExplorerRun.0", "testname": "my_lib_cs_amp_1", "cornername": "Nominal", "point": 1, "logfile": "/home/dtvt_13/truong/logs_dtvt_13/logs0/Job37.log", "simid": "7"}
[2026-04-09 01:28:43.056 +0700] [PROCESS] [cadence.virtuoso.ade.simulationMonitor] - Simulator exited {"hostname": "dtvt_13", "processid": 2986, "history": "ExplorerRun.0", "testname": "my_lib_cs_amp_1", "cornername": "Nominal", "point": 1, "logfile": "/home/dtvt_13/truong/logs_dtvt_13/logs0/Job37.log", "exitStatus": "0"}
[2026-04-09 01:28:43.056 +0700] [PROCESS] [cadence.virtuoso.ade.simulationMonitor] - Finished Simulation {"hostname": "dtvt_13", "processid": 2986, "history": "ExplorerRun.0", "testname": "my_lib_cs_amp_1", "cornername": "Nominal", "point": 1, "logfile": "/home/dtvt_13/truong/logs_dtvt_13/logs0/Job37.log", "simid": "7"}
[2026-04-09 01:28:44.071 +0700] [PROCESS] [cadence.virtuoso.ade.simulationMonitor] - Point Finished {"hostname": "dtvt_13", "processid": 2986, "history": "ExplorerRun.0", "testname": "my_lib_cs_amp_1", "cornername": "Nominal", "point": 1, "logfile": "/home/dtvt_13/truong/logs_dtvt_13/logs0/Job37.log"}
[2026-04-09 01:32:33.559 +0700] [INFO] [cadence.virtuoso.ade.simulationMonitor] - SimulationMonitor has terminated the vds process '7849', reason: 'Force to stop the expression evalutor process because of new run' {"history": "ExplorerRun.0", "point": 1, "testname": "my_lib_cs_amp_1", "cornername": "Nominal"}
[2026-04-09 01:32:33.560 +0700] [PROCESS] [cadence.virtuoso.ade.simulationMonitor] - HostInfo:
Host name (type):	dtvt_13 (x86_64)
Operating system:	Linux 3.10.0-1160.118.1.el7.x86_64 #1 SMP Wed Apr 24 16:01:50 UTC 2024 {"hostname": "dtvt_13", "processid": 2986, "history": "ExplorerRun.0", "testname": "my_lib_cs_amp_1", "cornername": "Nominal", "point": 1, "logfile": "/home/dtvt_13/truong/logs_dtvt_13/logs0/Job37.log", "nodename": "dtvt_13", "domainname": "(none)", "machine": "x86_64", "sysname": "Linux", "release": "3.10.0-1160.118.1.el7.x86_64", "version": "#1 SMP Wed Apr 24 16:01:50 UTC 2024"}
[2026-04-09 01:32:33.560 +0700] [PROCESS] [cadence.virtuoso.ade.simulationMonitor] - UsageInfo:
pid=2986
totalPhysicalMemory=15.208324GB,Used=13.987534GB,totalVirtualMemory=22.895821GB,Used=14.020737GB
Cpu: Cores=24, Load average:0.250000,0.220000,0.170000 {"hostname": "dtvt_13", "processid": 2986, "history": "ExplorerRun.0", "testname": "my_lib_cs_amp_1", "cornername": "Nominal", "point": 1, "logfile": "/home/dtvt_13/truong/logs_dtvt_13/logs0/Job37.log", "pid": "2986", "totalPhysicalMemory": "15.208324", "physicalMemoryUsed": "13.987534", "totalVirtualMemory": "22.895821", "virtualMemoryUsed": "14.020737", "cpuCores": "24", "processes": "2530", "loadAverage1": "0.250000", "loadAverage5": "0.220000", "loadAverage15": "0.170000", "loadAverage1Percent": "0.010417"}
[2026-04-09 01:32:33.561 +0700] [EVENT] [cadence.virtuoso.ade.simulationMonitor] - NewPoint {"history": "ExplorerRun.0", "point": 1, "testname": "my_lib_cs_amp_1", "cornername": "Nominal", "event": "NewPoint", "EventSource": "Simulation Monitor", "HistoryName": "ExplorerRun.0", "logFile": "/home/dtvt_13/truong/logs_dtvt_13/logs0/Job37.log", "logFileSize": "63392"}
[2026-04-09 01:32:33.662 +0700] [EVENT] [cadence.virtuoso.ade.simulationMonitor] - NewPoint {"history": "ExplorerRun.0", "point": 1, "testname": "my_lib_cs_amp_1", "cornername": "Nominal", "event": "NewPoint", "EventSource": "spectre", "HistoryName": "ExplorerRun.0", "logFile": "/home/dtvt_13/simulation/my_lib/cs_amp/maestro/results/maestro/ExplorerRun.0/1/my_lib_cs_amp_1/psf/spectre.out", "logFileSize": "-1"}
[2026-04-09 01:32:33.672 +0700] [PROCESS] [cadence.virtuoso.ade.simulationMonitor] - Simulator launched {"hostname": "dtvt_13", "processid": 2986, "history": "ExplorerRun.0", "testname": "my_lib_cs_amp_1", "cornername": "Nominal", "point": 1, "logfile": "/home/dtvt_13/truong/logs_dtvt_13/logs0/Job37.log", "simid": "8"}
[2026-04-09 01:32:33.681 +0700] [PROCESS] [cadence.virtuoso.ade.simulationMonitor] - Expression evaluator launched {"hostname": "dtvt_13", "processid": 2986, "history": "ExplorerRun.0", "testname": "my_lib_cs_amp_1", "cornername": "Nominal", "point": 1, "logfile": "/home/dtvt_13/truong/logs_dtvt_13/logs0/Job37.log"}
[2026-04-09 01:32:33.695 +0700] [PROCESS] [cadence.virtuoso.ade.simulationMonitor] - Started Simulation {"hostname": "dtvt_13", "processid": 2986, "history": "ExplorerRun.0", "testname": "my_lib_cs_amp_1", "cornername": "Nominal", "point": 1, "logfile": "/home/dtvt_13/truong/logs_dtvt_13/logs0/Job37.log"}
[2026-04-09 01:32:55.589 +0700] [PROCESS] [cadence.virtuoso.ade.simulationMonitor] - Finished simulating for one point {"hostname": "dtvt_13", "processid": 2986, "history": "ExplorerRun.0", "testname": "my_lib_cs_amp_1", "cornername": "Nominal", "point": 1, "logfile": "/home/dtvt_13/truong/logs_dtvt_13/logs0/Job37.log", "simid": "8"}
[2026-04-09 01:32:55.590 +0700] [INFO] [cadence.virtuoso.ade.simulationMonitor] - Peak resident memory used = 95.5 Mbytes. {"history": "ExplorerRun.0", "point": 1, "testname": "my_lib_cs_amp_1", "cornername": "Nominal"}
[2026-04-09 01:32:55.590 +0700] [INFO] [cadence.virtuoso.ade.simulationMonitor] - Peak resident memory used = 104 Mbytes. {"history": "ExplorerRun.0", "point": 1, "testname": "my_lib_cs_amp_1", "cornername": "Nominal"}
[2026-04-09 01:32:55.591 +0700] [INFO] [cadence.virtuoso.ade.simulationMonitor] - Notice from spectre during hierarchy flattening.
    The value 'psf' specified for the 'checklimitdest' option will no longer be supported in future releases. Use 'spectre -h' to see other recommended values for the 'checklimitdest' option. {"history": "ExplorerRun.0", "point": 1, "testname": "my_lib_cs_amp_1", "cornername": "Nominal"}
[2026-04-09 01:32:55.591 +0700] [INFO] [cadence.virtuoso.ade.simulationMonitor] - Peak resident memory used = 105 Mbytes. {"history": "ExplorerRun.0", "point": 1, "testname": "my_lib_cs_amp_1", "cornername": "Nominal"}
[2026-04-09 01:32:55.591 +0700] [INFO] [cadence.virtuoso.ade.simulationMonitor] - Notice from spectre during initial setup.
    Multithreading is disabled due to the size of the design being too small. {"history": "ExplorerRun.0", "point": 1, "testname": "my_lib_cs_amp_1", "cornername": "Nominal"}
[2026-04-09 01:32:55.592 +0700] [INFO] [cadence.virtuoso.ade.simulationMonitor] -               nodes 4 {"history": "ExplorerRun.0", "point": 1, "testname": "my_lib_cs_amp_1", "cornername": "Nominal"}
[2026-04-09 01:32:55.592 +0700] [INFO] [cadence.virtuoso.ade.simulationMonitor] - Notice from spectre during initial setup.
    APS enabled. {"history": "ExplorerRun.0", "point": 1, "testname": "my_lib_cs_amp_1", "cornername": "Nominal"}
[2026-04-09 01:32:55.593 +0700] [INFO] [cadence.virtuoso.ade.simulationMonitor] - Peak resident memory used = 106 Mbytes. {"history": "ExplorerRun.0", "point": 1, "testname": "my_lib_cs_amp_1", "cornername": "Nominal"}
[2026-04-09 01:32:55.593 +0700] [INFO] [cadence.virtuoso.ade.simulationMonitor] -    -   (APS) Multi-threading. The recommended number of threads is 1, consider adding +mt=1 on command line. {"history": "ExplorerRun.0", "point": 1, "testname": "my_lib_cs_amp_1", "cornername": "Nominal"}
[2026-04-09 01:32:55.593 +0700] [INFO] [cadence.virtuoso.ade.simulationMonitor] - Total time required for dc analysis `dcOp': CPU = 1.808 ms, elapsed = 2.81096 ms. {"history": "ExplorerRun.0", "point": 1, "testname": "my_lib_cs_amp_1", "cornername": "Nominal"}
[2026-04-09 01:32:55.593 +0700] [INFO] [cadence.virtuoso.ade.simulationMonitor] - Peak resident memory used = 108 Mbytes. {"history": "ExplorerRun.0", "point": 1, "testname": "my_lib_cs_amp_1", "cornername": "Nominal"}
[2026-04-09 01:32:55.594 +0700] [INFO] [cadence.virtuoso.ade.simulationMonitor] - Time used: CPU = 552 ms, elapsed = 21.3 s, util. = 2.59%. {"history": "ExplorerRun.0", "point": 1, "testname": "my_lib_cs_amp_1", "cornername": "Nominal"}
[2026-04-09 01:32:55.594 +0700] [INFO] [cadence.virtuoso.ade.simulationMonitor] - Time spent in licensing: elapsed = 20.7 s, percentage of total = 97.2%. {"history": "ExplorerRun.0", "point": 1, "testname": "my_lib_cs_amp_1", "cornername": "Nominal"}
[2026-04-09 01:32:55.594 +0700] [INFO] [cadence.virtuoso.ade.simulationMonitor] - Peak memory used = 110 Mbytes. {"history": "ExplorerRun.0", "point": 1, "testname": "my_lib_cs_amp_1", "cornername": "Nominal"}
[2026-04-09 01:32:55.594 +0700] [PROCESS] [cadence.virtuoso.ade.simulationMonitor] - Simulation started at: 1:32:34 AM, Thur Apr 9, 2026, ended at: 1:32:55 AM, Thur Apr 9, 2026, with elapsed time (wall clock): 21.3 s. {"history": "ExplorerRun.0", "point": 1, "testname": "my_lib_cs_amp_1", "cornername": "Nominal"}
[2026-04-09 01:32:55.594 +0700] [PROCESS] [cadence.virtuoso.ade.simulationMonitor] - spectre completes with 0 errors, 0 warnings, and 4 notices. {"history": "ExplorerRun.0", "point": 1, "testname": "my_lib_cs_amp_1", "cornername": "Nominal"}
[2026-04-09 01:32:55.595 +0700] [PROCESS] [cadence.virtuoso.ade.simulationMonitor] - Simulator exited {"hostname": "dtvt_13", "processid": 2986, "history": "ExplorerRun.0", "testname": "my_lib_cs_amp_1", "cornername": "Nominal", "point": 1, "logfile": "/home/dtvt_13/truong/logs_dtvt_13/logs0/Job37.log", "exitStatus": "0"}
[2026-04-09 01:32:55.595 +0700] [PROCESS] [cadence.virtuoso.ade.simulationMonitor] - Finished Simulation {"hostname": "dtvt_13", "processid": 2986, "history": "ExplorerRun.0", "testname": "my_lib_cs_amp_1", "cornername": "Nominal", "point": 1, "logfile": "/home/dtvt_13/truong/logs_dtvt_13/logs0/Job37.log", "simid": "8"}
[2026-04-09 01:32:56.109 +0700] [PROCESS] [cadence.virtuoso.ade.simulationMonitor] - Point Finished {"hostname": "dtvt_13", "processid": 2986, "history": "ExplorerRun.0", "testname": "my_lib_cs_amp_1", "cornername": "Nominal", "point": 1, "logfile": "/home/dtvt_13/truong/logs_dtvt_13/logs0/Job37.log"}
[2026-04-09 01:33:49.417 +0700] [INFO] [cadence.virtuoso.ade.simulationMonitor] - SimulationMonitor has terminated the vds process '9497', reason: 'Force to stop the expression evalutor process because of new run' {"history": "ExplorerRun.0", "point": 1, "testname": "my_lib_cs_amp_1", "cornername": "Nominal"}
[2026-04-09 01:33:49.417 +0700] [PROCESS] [cadence.virtuoso.ade.simulationMonitor] - HostInfo:
Host name (type):	dtvt_13 (x86_64)
Operating system:	Linux 3.10.0-1160.118.1.el7.x86_64 #1 SMP Wed Apr 24 16:01:50 UTC 2024 {"hostname": "dtvt_13", "processid": 2986, "history": "ExplorerRun.0", "testname": "my_lib_cs_amp_1", "cornername": "Nominal", "point": 1, "logfile": "/home/dtvt_13/truong/logs_dtvt_13/logs0/Job37.log", "nodename": "dtvt_13", "domainname": "(none)", "machine": "x86_64", "sysname": "Linux", "release": "3.10.0-1160.118.1.el7.x86_64", "version": "#1 SMP Wed Apr 24 16:01:50 UTC 2024"}
[2026-04-09 01:33:49.417 +0700] [PROCESS] [cadence.virtuoso.ade.simulationMonitor] - UsageInfo:
pid=2986
totalPhysicalMemory=15.208324GB,Used=13.939423GB,totalVirtualMemory=22.895821GB,Used=13.972626GB
Cpu: Cores=24, Load average:0.370000,0.260000,0.190000 {"hostname": "dtvt_13", "processid": 2986, "history": "ExplorerRun.0", "testname": "my_lib_cs_amp_1", "cornername": "Nominal", "point": 1, "logfile": "/home/dtvt_13/truong/logs_dtvt_13/logs0/Job37.log", "pid": "2986", "totalPhysicalMemory": "15.208324", "physicalMemoryUsed": "13.939423", "totalVirtualMemory": "22.895821", "virtualMemoryUsed": "13.972626", "cpuCores": "24", "processes": "2529", "loadAverage1": "0.370000", "loadAverage5": "0.260000", "loadAverage15": "0.190000", "loadAverage1Percent": "0.015417"}
[2026-04-09 01:33:49.418 +0700] [EVENT] [cadence.virtuoso.ade.simulationMonitor] - NewPoint {"history": "ExplorerRun.0", "point": 1, "testname": "my_lib_cs_amp_1", "cornername": "Nominal", "event": "NewPoint", "EventSource": "Simulation Monitor", "HistoryName": "ExplorerRun.0", "logFile": "/home/dtvt_13/truong/logs_dtvt_13/logs0/Job37.log", "logFileSize": "72150"}
[2026-04-09 01:33:49.518 +0700] [EVENT] [cadence.virtuoso.ade.simulationMonitor] - NewPoint {"history": "ExplorerRun.0", "point": 1, "testname": "my_lib_cs_amp_1", "cornername": "Nominal", "event": "NewPoint", "EventSource": "spectre", "HistoryName": "ExplorerRun.0", "logFile": "/home/dtvt_13/simulation/my_lib/cs_amp/maestro/results/maestro/ExplorerRun.0/1/my_lib_cs_amp_1/psf/spectre.out", "logFileSize": "-1"}
[2026-04-09 01:33:49.522 +0700] [PROCESS] [cadence.virtuoso.ade.simulationMonitor] - Simulator launched {"hostname": "dtvt_13", "processid": 2986, "history": "ExplorerRun.0", "testname": "my_lib_cs_amp_1", "cornername": "Nominal", "point": 1, "logfile": "/home/dtvt_13/truong/logs_dtvt_13/logs0/Job37.log", "simid": "9"}
[2026-04-09 01:33:49.528 +0700] [PROCESS] [cadence.virtuoso.ade.simulationMonitor] - Expression evaluator launched {"hostname": "dtvt_13", "processid": 2986, "history": "ExplorerRun.0", "testname": "my_lib_cs_amp_1", "cornername": "Nominal", "point": 1, "logfile": "/home/dtvt_13/truong/logs_dtvt_13/logs0/Job37.log"}
[2026-04-09 01:33:49.535 +0700] [PROCESS] [cadence.virtuoso.ade.simulationMonitor] - Started Simulation {"hostname": "dtvt_13", "processid": 2986, "history": "ExplorerRun.0", "testname": "my_lib_cs_amp_1", "cornername": "Nominal", "point": 1, "logfile": "/home/dtvt_13/truong/logs_dtvt_13/logs0/Job37.log"}
[2026-04-09 01:34:10.836 +0700] [INFO] [cadence.virtuoso.ade.simulationMonitor] - Peak resident memory used = 95.5 Mbytes. {"history": "ExplorerRun.0", "point": 1, "testname": "my_lib_cs_amp_1", "cornername": "Nominal"}
[2026-04-09 01:34:10.836 +0700] [INFO] [cadence.virtuoso.ade.simulationMonitor] - Peak resident memory used = 104 Mbytes. {"history": "ExplorerRun.0", "point": 1, "testname": "my_lib_cs_amp_1", "cornername": "Nominal"}
[2026-04-09 01:34:10.837 +0700] [INFO] [cadence.virtuoso.ade.simulationMonitor] - Notice from spectre during hierarchy flattening.
    The value 'psf' specified for the 'checklimitdest' option will no longer be supported in future releases. Use 'spectre -h' to see other recommended values for the 'checklimitdest' option. {"history": "ExplorerRun.0", "point": 1, "testname": "my_lib_cs_amp_1", "cornername": "Nominal"}
[2026-04-09 01:34:10.837 +0700] [INFO] [cadence.virtuoso.ade.simulationMonitor] - Peak resident memory used = 105 Mbytes. {"history": "ExplorerRun.0", "point": 1, "testname": "my_lib_cs_amp_1", "cornername": "Nominal"}
[2026-04-09 01:34:10.837 +0700] [INFO] [cadence.virtuoso.ade.simulationMonitor] - Notice from spectre during initial setup.
    Multithreading is disabled due to the size of the design being too small. {"history": "ExplorerRun.0", "point": 1, "testname": "my_lib_cs_amp_1", "cornername": "Nominal"}
[2026-04-09 01:34:10.838 +0700] [INFO] [cadence.virtuoso.ade.simulationMonitor] -               nodes 4 {"history": "ExplorerRun.0", "point": 1, "testname": "my_lib_cs_amp_1", "cornername": "Nominal"}
[2026-04-09 01:34:10.838 +0700] [INFO] [cadence.virtuoso.ade.simulationMonitor] - Notice from spectre during initial setup.
    APS enabled. {"history": "ExplorerRun.0", "point": 1, "testname": "my_lib_cs_amp_1", "cornername": "Nominal"}
[2026-04-09 01:34:10.838 +0700] [INFO] [cadence.virtuoso.ade.simulationMonitor] - Peak resident memory used = 106 Mbytes. {"history": "ExplorerRun.0", "point": 1, "testname": "my_lib_cs_amp_1", "cornername": "Nominal"}
[2026-04-09 01:34:10.838 +0700] [INFO] [cadence.virtuoso.ade.simulationMonitor] -    -   (APS) Multi-threading. The recommended number of threads is 1, consider adding +mt=1 on command line. {"history": "ExplorerRun.0", "point": 1, "testname": "my_lib_cs_amp_1", "cornername": "Nominal"}
[2026-04-09 01:34:10.838 +0700] [INFO] [cadence.virtuoso.ade.simulationMonitor] - Total time required for dc analysis `dcOp': CPU = 2.629 ms, elapsed = 3.57604 ms. {"history": "ExplorerRun.0", "point": 1, "testname": "my_lib_cs_amp_1", "cornername": "Nominal"}
[2026-04-09 01:34:10.838 +0700] [INFO] [cadence.virtuoso.ade.simulationMonitor] - Peak resident memory used = 108 Mbytes. {"history": "ExplorerRun.0", "point": 1, "testname": "my_lib_cs_amp_1", "cornername": "Nominal"}
[2026-04-09 01:34:10.839 +0700] [INFO] [cadence.virtuoso.ade.simulationMonitor] - Time used: CPU = 558 ms, elapsed = 20.9 s, util. = 2.67%. {"history": "ExplorerRun.0", "point": 1, "testname": "my_lib_cs_amp_1", "cornername": "Nominal"}
[2026-04-09 01:34:10.839 +0700] [INFO] [cadence.virtuoso.ade.simulationMonitor] - Time spent in licensing: elapsed = 20.3 s, percentage of total = 97.2%. {"history": "ExplorerRun.0", "point": 1, "testname": "my_lib_cs_amp_1", "cornername": "Nominal"}
[2026-04-09 01:34:10.839 +0700] [INFO] [cadence.virtuoso.ade.simulationMonitor] - Peak memory used = 110 Mbytes. {"history": "ExplorerRun.0", "point": 1, "testname": "my_lib_cs_amp_1", "cornername": "Nominal"}
[2026-04-09 01:34:10.839 +0700] [PROCESS] [cadence.virtuoso.ade.simulationMonitor] - Simulation started at: 1:33:49 AM, Thur Apr 9, 2026, ended at: 1:34:10 AM, Thur Apr 9, 2026, with elapsed time (wall clock): 20.9 s. {"history": "ExplorerRun.0", "point": 1, "testname": "my_lib_cs_amp_1", "cornername": "Nominal"}
[2026-04-09 01:34:10.840 +0700] [PROCESS] [cadence.virtuoso.ade.simulationMonitor] - spectre completes with 0 errors, 0 warnings, and 4 notices. {"history": "ExplorerRun.0", "point": 1, "testname": "my_lib_cs_amp_1", "cornername": "Nominal"}
[2026-04-09 01:34:11.340 +0700] [PROCESS] [cadence.virtuoso.ade.simulationMonitor] - Finished simulating for one point {"hostname": "dtvt_13", "processid": 2986, "history": "ExplorerRun.0", "testname": "my_lib_cs_amp_1", "cornername": "Nominal", "point": 1, "logfile": "/home/dtvt_13/truong/logs_dtvt_13/logs0/Job37.log", "simid": "9"}
[2026-04-09 01:34:11.341 +0700] [PROCESS] [cadence.virtuoso.ade.simulationMonitor] - Simulator exited {"hostname": "dtvt_13", "processid": 2986, "history": "ExplorerRun.0", "testname": "my_lib_cs_amp_1", "cornername": "Nominal", "point": 1, "logfile": "/home/dtvt_13/truong/logs_dtvt_13/logs0/Job37.log", "exitStatus": "0"}
[2026-04-09 01:34:11.341 +0700] [PROCESS] [cadence.virtuoso.ade.simulationMonitor] - Finished Simulation {"hostname": "dtvt_13", "processid": 2986, "history": "ExplorerRun.0", "testname": "my_lib_cs_amp_1", "cornername": "Nominal", "point": 1, "logfile": "/home/dtvt_13/truong/logs_dtvt_13/logs0/Job37.log", "simid": "9"}
[2026-04-09 01:34:12.355 +0700] [PROCESS] [cadence.virtuoso.ade.simulationMonitor] - Point Finished {"hostname": "dtvt_13", "processid": 2986, "history": "ExplorerRun.0", "testname": "my_lib_cs_amp_1", "cornername": "Nominal", "point": 1, "logfile": "/home/dtvt_13/truong/logs_dtvt_13/logs0/Job37.log"}
[2026-04-09 01:34:45.822 +0700] [INFO] [cadence.virtuoso.ade.simulationMonitor] - SimulationMonitor has terminated the vds process '10217', reason: 'Force to stop the expression evalutor process because of new run' {"history": "ExplorerRun.0", "point": 1, "testname": "my_lib_cs_amp_1", "cornername": "Nominal"}
[2026-04-09 01:34:45.822 +0700] [PROCESS] [cadence.virtuoso.ade.simulationMonitor] - HostInfo:
Host name (type):	dtvt_13 (x86_64)
Operating system:	Linux 3.10.0-1160.118.1.el7.x86_64 #1 SMP Wed Apr 24 16:01:50 UTC 2024 {"hostname": "dtvt_13", "processid": 2986, "history": "ExplorerRun.0", "testname": "my_lib_cs_amp_1", "cornername": "Nominal", "point": 1, "logfile": "/home/dtvt_13/truong/logs_dtvt_13/logs0/Job37.log", "nodename": "dtvt_13", "domainname": "(none)", "machine": "x86_64", "sysname": "Linux", "release": "3.10.0-1160.118.1.el7.x86_64", "version": "#1 SMP Wed Apr 24 16:01:50 UTC 2024"}
[2026-04-09 01:34:45.822 +0700] [PROCESS] [cadence.virtuoso.ade.simulationMonitor] - UsageInfo:
pid=2986
totalPhysicalMemory=15.208324GB,Used=13.940842GB,totalVirtualMemory=22.895821GB,Used=13.974045GB
Cpu: Cores=24, Load average:0.230000,0.250000,0.190000 {"hostname": "dtvt_13", "processid": 2986, "history": "ExplorerRun.0", "testname": "my_lib_cs_amp_1", "cornername": "Nominal", "point": 1, "logfile": "/home/dtvt_13/truong/logs_dtvt_13/logs0/Job37.log", "pid": "2986", "totalPhysicalMemory": "15.208324", "physicalMemoryUsed": "13.940842", "totalVirtualMemory": "22.895821", "virtualMemoryUsed": "13.974045", "cpuCores": "24", "processes": "2527", "loadAverage1": "0.230000", "loadAverage5": "0.250000", "loadAverage15": "0.190000", "loadAverage1Percent": "0.009583"}
[2026-04-09 01:34:45.823 +0700] [EVENT] [cadence.virtuoso.ade.simulationMonitor] - NewPoint {"history": "ExplorerRun.0", "point": 1, "testname": "my_lib_cs_amp_1", "cornername": "Nominal", "event": "NewPoint", "EventSource": "Simulation Monitor", "HistoryName": "ExplorerRun.0", "logFile": "/home/dtvt_13/truong/logs_dtvt_13/logs0/Job37.log", "logFileSize": "80909"}
[2026-04-09 01:34:45.923 +0700] [EVENT] [cadence.virtuoso.ade.simulationMonitor] - NewPoint {"history": "ExplorerRun.0", "point": 1, "testname": "my_lib_cs_amp_1", "cornername": "Nominal", "event": "NewPoint", "EventSource": "spectre", "HistoryName": "ExplorerRun.0", "logFile": "/home/dtvt_13/simulation/my_lib/cs_amp/maestro/results/maestro/ExplorerRun.0/1/my_lib_cs_amp_1/psf/spectre.out", "logFileSize": "-1"}
[2026-04-09 01:34:45.926 +0700] [PROCESS] [cadence.virtuoso.ade.simulationMonitor] - Simulator launched {"hostname": "dtvt_13", "processid": 2986, "history": "ExplorerRun.0", "testname": "my_lib_cs_amp_1", "cornername": "Nominal", "point": 1, "logfile": "/home/dtvt_13/truong/logs_dtvt_13/logs0/Job37.log", "simid": "10"}
[2026-04-09 01:34:45.927 +0700] [PROCESS] [cadence.virtuoso.ade.simulationMonitor] - Expression evaluator launched {"hostname": "dtvt_13", "processid": 2986, "history": "ExplorerRun.0", "testname": "my_lib_cs_amp_1", "cornername": "Nominal", "point": 1, "logfile": "/home/dtvt_13/truong/logs_dtvt_13/logs0/Job37.log"}
[2026-04-09 01:34:45.931 +0700] [PROCESS] [cadence.virtuoso.ade.simulationMonitor] - Started Simulation {"hostname": "dtvt_13", "processid": 2986, "history": "ExplorerRun.0", "testname": "my_lib_cs_amp_1", "cornername": "Nominal", "point": 1, "logfile": "/home/dtvt_13/truong/logs_dtvt_13/logs0/Job37.log"}
[2026-04-09 01:35:07.331 +0700] [INFO] [cadence.virtuoso.ade.simulationMonitor] - Peak resident memory used = 95.5 Mbytes. {"history": "ExplorerRun.0", "point": 1, "testname": "my_lib_cs_amp_1", "cornername": "Nominal"}
[2026-04-09 01:35:07.331 +0700] [INFO] [cadence.virtuoso.ade.simulationMonitor] - Peak resident memory used = 104 Mbytes. {"history": "ExplorerRun.0", "point": 1, "testname": "my_lib_cs_amp_1", "cornername": "Nominal"}
[2026-04-09 01:35:07.331 +0700] [INFO] [cadence.virtuoso.ade.simulationMonitor] - Notice from spectre during hierarchy flattening.
    The value 'psf' specified for the 'checklimitdest' option will no longer be supported in future releases. Use 'spectre -h' to see other recommended values for the 'checklimitdest' option. {"history": "ExplorerRun.0", "point": 1, "testname": "my_lib_cs_amp_1", "cornername": "Nominal"}
[2026-04-09 01:35:07.332 +0700] [INFO] [cadence.virtuoso.ade.simulationMonitor] - Peak resident memory used = 105 Mbytes. {"history": "ExplorerRun.0", "point": 1, "testname": "my_lib_cs_amp_1", "cornername": "Nominal"}
[2026-04-09 01:35:07.332 +0700] [INFO] [cadence.virtuoso.ade.simulationMonitor] - Notice from spectre during initial setup.
    Multithreading is disabled due to the size of the design being too small. {"history": "ExplorerRun.0", "point": 1, "testname": "my_lib_cs_amp_1", "cornername": "Nominal"}
[2026-04-09 01:35:07.333 +0700] [INFO] [cadence.virtuoso.ade.simulationMonitor] -               nodes 4 {"history": "ExplorerRun.0", "point": 1, "testname": "my_lib_cs_amp_1", "cornername": "Nominal"}
[2026-04-09 01:35:07.333 +0700] [INFO] [cadence.virtuoso.ade.simulationMonitor] - Notice from spectre during initial setup.
    APS enabled. {"history": "ExplorerRun.0", "point": 1, "testname": "my_lib_cs_amp_1", "cornername": "Nominal"}
[2026-04-09 01:35:07.834 +0700] [PROCESS] [cadence.virtuoso.ade.simulationMonitor] - Finished simulating for one point {"hostname": "dtvt_13", "processid": 2986, "history": "ExplorerRun.0", "testname": "my_lib_cs_amp_1", "cornername": "Nominal", "point": 1, "logfile": "/home/dtvt_13/truong/logs_dtvt_13/logs0/Job37.log", "simid": "10"}
[2026-04-09 01:35:07.834 +0700] [INFO] [cadence.virtuoso.ade.simulationMonitor] - Peak resident memory used = 106 Mbytes. {"history": "ExplorerRun.0", "point": 1, "testname": "my_lib_cs_amp_1", "cornername": "Nominal"}
[2026-04-09 01:35:07.834 +0700] [INFO] [cadence.virtuoso.ade.simulationMonitor] -    -   (APS) Multi-threading. The recommended number of threads is 1, consider adding +mt=1 on command line. {"history": "ExplorerRun.0", "point": 1, "testname": "my_lib_cs_amp_1", "cornername": "Nominal"}
[2026-04-09 01:35:07.835 +0700] [INFO] [cadence.virtuoso.ade.simulationMonitor] - Total time required for dc analysis `dcOp': CPU = 1.547 ms, elapsed = 2.54083 ms. {"history": "ExplorerRun.0", "point": 1, "testname": "my_lib_cs_amp_1", "cornername": "Nominal"}
[2026-04-09 01:35:07.835 +0700] [INFO] [cadence.virtuoso.ade.simulationMonitor] - Peak resident memory used = 108 Mbytes. {"history": "ExplorerRun.0", "point": 1, "testname": "my_lib_cs_amp_1", "cornername": "Nominal"}
[2026-04-09 01:35:07.835 +0700] [INFO] [cadence.virtuoso.ade.simulationMonitor] - Time used: CPU = 491 ms, elapsed = 21.2 s, util. = 2.31%. {"history": "ExplorerRun.0", "point": 1, "testname": "my_lib_cs_amp_1", "cornername": "Nominal"}
[2026-04-09 01:35:07.835 +0700] [INFO] [cadence.virtuoso.ade.simulationMonitor] - Time spent in licensing: elapsed = 20.7 s, percentage of total = 97.6%. {"history": "ExplorerRun.0", "point": 1, "testname": "my_lib_cs_amp_1", "cornername": "Nominal"}
[2026-04-09 01:35:07.836 +0700] [INFO] [cadence.virtuoso.ade.simulationMonitor] - Peak memory used = 110 Mbytes. {"history": "ExplorerRun.0", "point": 1, "testname": "my_lib_cs_amp_1", "cornername": "Nominal"}
[2026-04-09 01:35:07.836 +0700] [PROCESS] [cadence.virtuoso.ade.simulationMonitor] - Simulation started at: 1:34:46 AM, Thur Apr 9, 2026, ended at: 1:35:07 AM, Thur Apr 9, 2026, with elapsed time (wall clock): 21.2 s. {"history": "ExplorerRun.0", "point": 1, "testname": "my_lib_cs_amp_1", "cornername": "Nominal"}
[2026-04-09 01:35:07.836 +0700] [PROCESS] [cadence.virtuoso.ade.simulationMonitor] - spectre completes with 0 errors, 0 warnings, and 4 notices. {"history": "ExplorerRun.0", "point": 1, "testname": "my_lib_cs_amp_1", "cornername": "Nominal"}
[2026-04-09 01:35:07.836 +0700] [PROCESS] [cadence.virtuoso.ade.simulationMonitor] - Simulator exited {"hostname": "dtvt_13", "processid": 2986, "history": "ExplorerRun.0", "testname": "my_lib_cs_amp_1", "cornername": "Nominal", "point": 1, "logfile": "/home/dtvt_13/truong/logs_dtvt_13/logs0/Job37.log", "exitStatus": "0"}
[2026-04-09 01:35:07.837 +0700] [PROCESS] [cadence.virtuoso.ade.simulationMonitor] - Finished Simulation {"hostname": "dtvt_13", "processid": 2986, "history": "ExplorerRun.0", "testname": "my_lib_cs_amp_1", "cornername": "Nominal", "point": 1, "logfile": "/home/dtvt_13/truong/logs_dtvt_13/logs0/Job37.log", "simid": "10"}
[2026-04-09 01:35:08.849 +0700] [PROCESS] [cadence.virtuoso.ade.simulationMonitor] - Point Finished {"hostname": "dtvt_13", "processid": 2986, "history": "ExplorerRun.0", "testname": "my_lib_cs_amp_1", "cornername": "Nominal", "point": 1, "logfile": "/home/dtvt_13/truong/logs_dtvt_13/logs0/Job37.log"}
[2026-04-09 01:35:48.545 +0700] [INFO] [cadence.virtuoso.ade.simulationMonitor] - SimulationMonitor has terminated the vds process '10869', reason: 'Force to stop the expression evalutor process because of new run' {"history": "ExplorerRun.0", "point": 1, "testname": "my_lib_cs_amp_1", "cornername": "Nominal"}
[2026-04-09 01:35:48.546 +0700] [PROCESS] [cadence.virtuoso.ade.simulationMonitor] - HostInfo:
Host name (type):	dtvt_13 (x86_64)
Operating system:	Linux 3.10.0-1160.118.1.el7.x86_64 #1 SMP Wed Apr 24 16:01:50 UTC 2024 {"hostname": "dtvt_13", "processid": 2986, "history": "ExplorerRun.0", "testname": "my_lib_cs_amp_1", "cornername": "Nominal", "point": 1, "logfile": "/home/dtvt_13/truong/logs_dtvt_13/logs0/Job37.log", "nodename": "dtvt_13", "domainname": "(none)", "machine": "x86_64", "sysname": "Linux", "release": "3.10.0-1160.118.1.el7.x86_64", "version": "#1 SMP Wed Apr 24 16:01:50 UTC 2024"}
[2026-04-09 01:35:48.546 +0700] [PROCESS] [cadence.virtuoso.ade.simulationMonitor] - UsageInfo:
pid=2986
totalPhysicalMemory=15.208324GB,Used=13.945236GB,totalVirtualMemory=22.895821GB,Used=13.978439GB
Cpu: Cores=24, Load average:0.250000,0.240000,0.190000 {"hostname": "dtvt_13", "processid": 2986, "history": "ExplorerRun.0", "testname": "my_lib_cs_amp_1", "cornername": "Nominal", "point": 1, "logfile": "/home/dtvt_13/truong/logs_dtvt_13/logs0/Job37.log", "pid": "2986", "totalPhysicalMemory": "15.208324", "physicalMemoryUsed": "13.945236", "totalVirtualMemory": "22.895821", "virtualMemoryUsed": "13.978439", "cpuCores": "24", "processes": "2528", "loadAverage1": "0.250000", "loadAverage5": "0.240000", "loadAverage15": "0.190000", "loadAverage1Percent": "0.010417"}
[2026-04-09 01:35:48.546 +0700] [EVENT] [cadence.virtuoso.ade.simulationMonitor] - NewPoint {"history": "ExplorerRun.0", "point": 1, "testname": "my_lib_cs_amp_1", "cornername": "Nominal", "event": "NewPoint", "EventSource": "Simulation Monitor", "HistoryName": "ExplorerRun.0", "logFile": "/home/dtvt_13/truong/logs_dtvt_13/logs0/Job37.log", "logFileSize": "89671"}
[2026-04-09 01:35:48.648 +0700] [EVENT] [cadence.virtuoso.ade.simulationMonitor] - NewPoint {"history": "ExplorerRun.0", "point": 1, "testname": "my_lib_cs_amp_1", "cornername": "Nominal", "event": "NewPoint", "EventSource": "spectre", "HistoryName": "ExplorerRun.0", "logFile": "/home/dtvt_13/simulation/my_lib/cs_amp/maestro/results/maestro/ExplorerRun.0/1/my_lib_cs_amp_1/psf/spectre.out", "logFileSize": "-1"}
[2026-04-09 01:35:48.657 +0700] [PROCESS] [cadence.virtuoso.ade.simulationMonitor] - Simulator launched {"hostname": "dtvt_13", "processid": 2986, "history": "ExplorerRun.0", "testname": "my_lib_cs_amp_1", "cornername": "Nominal", "point": 1, "logfile": "/home/dtvt_13/truong/logs_dtvt_13/logs0/Job37.log", "simid": "11"}
[2026-04-09 01:35:48.663 +0700] [PROCESS] [cadence.virtuoso.ade.simulationMonitor] - Expression evaluator launched {"hostname": "dtvt_13", "processid": 2986, "history": "ExplorerRun.0", "testname": "my_lib_cs_amp_1", "cornername": "Nominal", "point": 1, "logfile": "/home/dtvt_13/truong/logs_dtvt_13/logs0/Job37.log"}
[2026-04-09 01:35:48.676 +0700] [PROCESS] [cadence.virtuoso.ade.simulationMonitor] - Started Simulation {"hostname": "dtvt_13", "processid": 2986, "history": "ExplorerRun.0", "testname": "my_lib_cs_amp_1", "cornername": "Nominal", "point": 1, "logfile": "/home/dtvt_13/truong/logs_dtvt_13/logs0/Job37.log"}
[2026-04-09 01:36:10.474 +0700] [INFO] [cadence.virtuoso.ade.simulationMonitor] - Peak resident memory used = 95.5 Mbytes. {"history": "ExplorerRun.0", "point": 1, "testname": "my_lib_cs_amp_1", "cornername": "Nominal"}
[2026-04-09 01:36:10.475 +0700] [INFO] [cadence.virtuoso.ade.simulationMonitor] - Peak resident memory used = 104 Mbytes. {"history": "ExplorerRun.0", "point": 1, "testname": "my_lib_cs_amp_1", "cornername": "Nominal"}
[2026-04-09 01:36:10.475 +0700] [INFO] [cadence.virtuoso.ade.simulationMonitor] - Notice from spectre during hierarchy flattening.
    The value 'psf' specified for the 'checklimitdest' option will no longer be supported in future releases. Use 'spectre -h' to see other recommended values for the 'checklimitdest' option. {"history": "ExplorerRun.0", "point": 1, "testname": "my_lib_cs_amp_1", "cornername": "Nominal"}
[2026-04-09 01:36:10.476 +0700] [INFO] [cadence.virtuoso.ade.simulationMonitor] - Peak resident memory used = 105 Mbytes. {"history": "ExplorerRun.0", "point": 1, "testname": "my_lib_cs_amp_1", "cornername": "Nominal"}
[2026-04-09 01:36:10.476 +0700] [INFO] [cadence.virtuoso.ade.simulationMonitor] - Notice from spectre during initial setup.
    Multithreading is disabled due to the size of the design being too small. {"history": "ExplorerRun.0", "point": 1, "testname": "my_lib_cs_amp_1", "cornername": "Nominal"}
[2026-04-09 01:36:10.477 +0700] [INFO] [cadence.virtuoso.ade.simulationMonitor] -               nodes 4 {"history": "ExplorerRun.0", "point": 1, "testname": "my_lib_cs_amp_1", "cornername": "Nominal"}
[2026-04-09 01:36:10.477 +0700] [INFO] [cadence.virtuoso.ade.simulationMonitor] - Notice from spectre during initial setup.
    APS enabled. {"history": "ExplorerRun.0", "point": 1, "testname": "my_lib_cs_amp_1", "cornername": "Nominal"}
[2026-04-09 01:36:10.477 +0700] [INFO] [cadence.virtuoso.ade.simulationMonitor] - Peak resident memory used = 106 Mbytes. {"history": "ExplorerRun.0", "point": 1, "testname": "my_lib_cs_amp_1", "cornername": "Nominal"}
[2026-04-09 01:36:10.478 +0700] [INFO] [cadence.virtuoso.ade.simulationMonitor] -    -   (APS) Multi-threading. The recommended number of threads is 1, consider adding +mt=1 on command line. {"history": "ExplorerRun.0", "point": 1, "testname": "my_lib_cs_amp_1", "cornername": "Nominal"}
[2026-04-09 01:36:10.478 +0700] [INFO] [cadence.virtuoso.ade.simulationMonitor] - Total time required for dc analysis `dcOp': CPU = 1.565 ms, elapsed = 2.60615 ms. {"history": "ExplorerRun.0", "point": 1, "testname": "my_lib_cs_amp_1", "cornername": "Nominal"}
[2026-04-09 01:36:10.478 +0700] [INFO] [cadence.virtuoso.ade.simulationMonitor] - Peak resident memory used = 108 Mbytes. {"history": "ExplorerRun.0", "point": 1, "testname": "my_lib_cs_amp_1", "cornername": "Nominal"}
[2026-04-09 01:36:10.478 +0700] [INFO] [cadence.virtuoso.ade.simulationMonitor] - Time used: CPU = 550 ms, elapsed = 21.2 s, util. = 2.59%. {"history": "ExplorerRun.0", "point": 1, "testname": "my_lib_cs_amp_1", "cornername": "Nominal"}
[2026-04-09 01:36:10.479 +0700] [INFO] [cadence.virtuoso.ade.simulationMonitor] - Time spent in licensing: elapsed = 20.7 s, percentage of total = 97.4%. {"history": "ExplorerRun.0", "point": 1, "testname": "my_lib_cs_amp_1", "cornername": "Nominal"}
[2026-04-09 01:36:10.479 +0700] [INFO] [cadence.virtuoso.ade.simulationMonitor] - Peak memory used = 110 Mbytes. {"history": "ExplorerRun.0", "point": 1, "testname": "my_lib_cs_amp_1", "cornername": "Nominal"}
[2026-04-09 01:36:10.479 +0700] [PROCESS] [cadence.virtuoso.ade.simulationMonitor] - Simulation started at: 1:35:49 AM, Thur Apr 9, 2026, ended at: 1:36:10 AM, Thur Apr 9, 2026, with elapsed time (wall clock): 21.2 s. {"history": "ExplorerRun.0", "point": 1, "testname": "my_lib_cs_amp_1", "cornername": "Nominal"}
[2026-04-09 01:36:10.479 +0700] [PROCESS] [cadence.virtuoso.ade.simulationMonitor] - spectre completes with 0 errors, 0 warnings, and 4 notices. {"history": "ExplorerRun.0", "point": 1, "testname": "my_lib_cs_amp_1", "cornername": "Nominal"}
[2026-04-09 01:36:10.980 +0700] [PROCESS] [cadence.virtuoso.ade.simulationMonitor] - Finished simulating for one point {"hostname": "dtvt_13", "processid": 2986, "history": "ExplorerRun.0", "testname": "my_lib_cs_amp_1", "cornername": "Nominal", "point": 1, "logfile": "/home/dtvt_13/truong/logs_dtvt_13/logs0/Job37.log", "simid": "11"}
[2026-04-09 01:36:10.981 +0700] [PROCESS] [cadence.virtuoso.ade.simulationMonitor] - Simulator exited {"hostname": "dtvt_13", "processid": 2986, "history": "ExplorerRun.0", "testname": "my_lib_cs_amp_1", "cornername": "Nominal", "point": 1, "logfile": "/home/dtvt_13/truong/logs_dtvt_13/logs0/Job37.log", "exitStatus": "0"}
[2026-04-09 01:36:10.981 +0700] [PROCESS] [cadence.virtuoso.ade.simulationMonitor] - Finished Simulation {"hostname": "dtvt_13", "processid": 2986, "history": "ExplorerRun.0", "testname": "my_lib_cs_amp_1", "cornername": "Nominal", "point": 1, "logfile": "/home/dtvt_13/truong/logs_dtvt_13/logs0/Job37.log", "simid": "11"}
[2026-04-09 01:36:11.494 +0700] [PROCESS] [cadence.virtuoso.ade.simulationMonitor] - Point Finished {"hostname": "dtvt_13", "processid": 2986, "history": "ExplorerRun.0", "testname": "my_lib_cs_amp_1", "cornername": "Nominal", "point": 1, "logfile": "/home/dtvt_13/truong/logs_dtvt_13/logs0/Job37.log"}
[2026-04-09 01:36:12.502 +0700] [PROCESS] [cadence.virtuoso.ade.simulationMonitor] - Stay with the runId '58', Linger time '300', currentRunSyn '117', currentTestSyn '117' {"hostname": "dtvt_13", "processid": 2986, "history": "ExplorerRun.0", "testname": "my_lib_cs_amp_1", "cornername": "Nominal", "point": 1, "logfile": "/home/dtvt_13/truong/logs_dtvt_13/logs0/Job37.log"}
[2026-04-09 01:37:14.752 +0700] [INFO] [cadence.virtuoso.ade.simulationMonitor] - SimulationMonitor has terminated the vds process '11541', reason: 'Force to stop the expression evalutor process because of new run' {"history": "ExplorerRun.0", "point": 1, "testname": "my_lib_cs_amp_1", "cornername": "Nominal"}
[2026-04-09 01:37:14.753 +0700] [PROCESS] [cadence.virtuoso.ade.simulationMonitor] - HostInfo:
Host name (type):	dtvt_13 (x86_64)
Operating system:	Linux 3.10.0-1160.118.1.el7.x86_64 #1 SMP Wed Apr 24 16:01:50 UTC 2024 {"hostname": "dtvt_13", "processid": 2986, "history": "ExplorerRun.0", "testname": "my_lib_cs_amp_1", "cornername": "Nominal", "point": 1, "logfile": "/home/dtvt_13/truong/logs_dtvt_13/logs0/Job37.log", "nodename": "dtvt_13", "domainname": "(none)", "machine": "x86_64", "sysname": "Linux", "release": "3.10.0-1160.118.1.el7.x86_64", "version": "#1 SMP Wed Apr 24 16:01:50 UTC 2024"}
[2026-04-09 01:37:14.753 +0700] [PROCESS] [cadence.virtuoso.ade.simulationMonitor] - UsageInfo:
pid=2986
totalPhysicalMemory=15.208324GB,Used=13.951908GB,totalVirtualMemory=22.895821GB,Used=13.985111GB
Cpu: Cores=24, Load average:0.250000,0.270000,0.210000 {"hostname": "dtvt_13", "processid": 2986, "history": "ExplorerRun.0", "testname": "my_lib_cs_amp_1", "cornername": "Nominal", "point": 1, "logfile": "/home/dtvt_13/truong/logs_dtvt_13/logs0/Job37.log", "pid": "2986", "totalPhysicalMemory": "15.208324", "physicalMemoryUsed": "13.951908", "totalVirtualMemory": "22.895821", "virtualMemoryUsed": "13.985111", "cpuCores": "24", "processes": "2528", "loadAverage1": "0.250000", "loadAverage5": "0.270000", "loadAverage15": "0.210000", "loadAverage1Percent": "0.010417"}
[2026-04-09 01:37:14.753 +0700] [EVENT] [cadence.virtuoso.ade.simulationMonitor] - NewPoint {"history": "ExplorerRun.0", "point": 1, "testname": "my_lib_cs_amp_1", "cornername": "Nominal", "event": "NewPoint", "EventSource": "Simulation Monitor", "HistoryName": "ExplorerRun.0", "logFile": "/home/dtvt_13/truong/logs_dtvt_13/logs0/Job37.log", "logFileSize": "98808"}
[2026-04-09 01:37:14.854 +0700] [EVENT] [cadence.virtuoso.ade.simulationMonitor] - NewPoint {"history": "ExplorerRun.0", "point": 1, "testname": "my_lib_cs_amp_1", "cornername": "Nominal", "event": "NewPoint", "EventSource": "spectre", "HistoryName": "ExplorerRun.0", "logFile": "/home/dtvt_13/simulation/my_lib/cs_amp/maestro/results/maestro/ExplorerRun.0/1/my_lib_cs_amp_1/psf/spectre.out", "logFileSize": "-1"}
[2026-04-09 01:37:14.864 +0700] [PROCESS] [cadence.virtuoso.ade.simulationMonitor] - Simulator launched {"hostname": "dtvt_13", "processid": 2986, "history": "ExplorerRun.0", "testname": "my_lib_cs_amp_1", "cornername": "Nominal", "point": 1, "logfile": "/home/dtvt_13/truong/logs_dtvt_13/logs0/Job37.log", "simid": "12"}
[2026-04-09 01:37:14.873 +0700] [PROCESS] [cadence.virtuoso.ade.simulationMonitor] - Expression evaluator launched {"hostname": "dtvt_13", "processid": 2986, "history": "ExplorerRun.0", "testname": "my_lib_cs_amp_1", "cornername": "Nominal", "point": 1, "logfile": "/home/dtvt_13/truong/logs_dtvt_13/logs0/Job37.log"}
[2026-04-09 01:37:14.886 +0700] [PROCESS] [cadence.virtuoso.ade.simulationMonitor] - Started Simulation {"hostname": "dtvt_13", "processid": 2986, "history": "ExplorerRun.0", "testname": "my_lib_cs_amp_1", "cornername": "Nominal", "point": 1, "logfile": "/home/dtvt_13/truong/logs_dtvt_13/logs0/Job37.log"}
[2026-04-09 01:37:36.769 +0700] [PROCESS] [cadence.virtuoso.ade.simulationMonitor] - Finished simulating for one point {"hostname": "dtvt_13", "processid": 2986, "history": "ExplorerRun.0", "testname": "my_lib_cs_amp_1", "cornername": "Nominal", "point": 1, "logfile": "/home/dtvt_13/truong/logs_dtvt_13/logs0/Job37.log", "simid": "12"}
[2026-04-09 01:37:36.769 +0700] [INFO] [cadence.virtuoso.ade.simulationMonitor] - Peak resident memory used = 95.5 Mbytes. {"history": "ExplorerRun.0", "point": 1, "testname": "my_lib_cs_amp_1", "cornername": "Nominal"}
[2026-04-09 01:37:36.769 +0700] [INFO] [cadence.virtuoso.ade.simulationMonitor] - Peak resident memory used = 104 Mbytes. {"history": "ExplorerRun.0", "point": 1, "testname": "my_lib_cs_amp_1", "cornername": "Nominal"}
[2026-04-09 01:37:36.769 +0700] [INFO] [cadence.virtuoso.ade.simulationMonitor] - Notice from spectre during hierarchy flattening.
    The value 'psf' specified for the 'checklimitdest' option will no longer be supported in future releases. Use 'spectre -h' to see other recommended values for the 'checklimitdest' option. {"history": "ExplorerRun.0", "point": 1, "testname": "my_lib_cs_amp_1", "cornername": "Nominal"}
[2026-04-09 01:37:36.769 +0700] [INFO] [cadence.virtuoso.ade.simulationMonitor] - Peak resident memory used = 105 Mbytes. {"history": "ExplorerRun.0", "point": 1, "testname": "my_lib_cs_amp_1", "cornername": "Nominal"}
[2026-04-09 01:37:36.769 +0700] [INFO] [cadence.virtuoso.ade.simulationMonitor] - Notice from spectre during initial setup.
    Multithreading is disabled due to the size of the design being too small. {"history": "ExplorerRun.0", "point": 1, "testname": "my_lib_cs_amp_1", "cornername": "Nominal"}
[2026-04-09 01:37:36.770 +0700] [INFO] [cadence.virtuoso.ade.simulationMonitor] -               nodes 4 {"history": "ExplorerRun.0", "point": 1, "testname": "my_lib_cs_amp_1", "cornername": "Nominal"}
[2026-04-09 01:37:36.770 +0700] [INFO] [cadence.virtuoso.ade.simulationMonitor] - Notice from spectre during initial setup.
    APS enabled. {"history": "ExplorerRun.0", "point": 1, "testname": "my_lib_cs_amp_1", "cornername": "Nominal"}
[2026-04-09 01:37:36.770 +0700] [INFO] [cadence.virtuoso.ade.simulationMonitor] - Peak resident memory used = 106 Mbytes. {"history": "ExplorerRun.0", "point": 1, "testname": "my_lib_cs_amp_1", "cornername": "Nominal"}
[2026-04-09 01:37:36.770 +0700] [INFO] [cadence.virtuoso.ade.simulationMonitor] -    -   (APS) Multi-threading. The recommended number of threads is 1, consider adding +mt=1 on command line. {"history": "ExplorerRun.0", "point": 1, "testname": "my_lib_cs_amp_1", "cornername": "Nominal"}
[2026-04-09 01:37:36.770 +0700] [INFO] [cadence.virtuoso.ade.simulationMonitor] - Total time required for dc analysis `dcOp': CPU = 1.958 ms, elapsed = 2.88606 ms. {"history": "ExplorerRun.0", "point": 1, "testname": "my_lib_cs_amp_1", "cornername": "Nominal"}
[2026-04-09 01:37:36.771 +0700] [INFO] [cadence.virtuoso.ade.simulationMonitor] - Peak resident memory used = 108 Mbytes. {"history": "ExplorerRun.0", "point": 1, "testname": "my_lib_cs_amp_1", "cornername": "Nominal"}
[2026-04-09 01:37:36.771 +0700] [INFO] [cadence.virtuoso.ade.simulationMonitor] - Time used: CPU = 564 ms, elapsed = 21.1 s, util. = 2.68%. {"history": "ExplorerRun.0", "point": 1, "testname": "my_lib_cs_amp_1", "cornername": "Nominal"}
[2026-04-09 01:37:36.771 +0700] [INFO] [cadence.virtuoso.ade.simulationMonitor] - Time spent in licensing: elapsed = 20.5 s, percentage of total = 97.1%. {"history": "ExplorerRun.0", "point": 1, "testname": "my_lib_cs_amp_1", "cornername": "Nominal"}
[2026-04-09 01:37:36.771 +0700] [INFO] [cadence.virtuoso.ade.simulationMonitor] - Peak memory used = 110 Mbytes. {"history": "ExplorerRun.0", "point": 1, "testname": "my_lib_cs_amp_1", "cornername": "Nominal"}
[2026-04-09 01:37:36.771 +0700] [PROCESS] [cadence.virtuoso.ade.simulationMonitor] - Simulation started at: 1:37:15 AM, Thur Apr 9, 2026, ended at: 1:37:36 AM, Thur Apr 9, 2026, with elapsed time (wall clock): 21.1 s. {"history": "ExplorerRun.0", "point": 1, "testname": "my_lib_cs_amp_1", "cornername": "Nominal"}
[2026-04-09 01:37:36.771 +0700] [PROCESS] [cadence.virtuoso.ade.simulationMonitor] - spectre completes with 0 errors, 0 warnings, and 4 notices. {"history": "ExplorerRun.0", "point": 1, "testname": "my_lib_cs_amp_1", "cornername": "Nominal"}
[2026-04-09 01:37:36.771 +0700] [PROCESS] [cadence.virtuoso.ade.simulationMonitor] - Simulator exited {"hostname": "dtvt_13", "processid": 2986, "history": "ExplorerRun.0", "testname": "my_lib_cs_amp_1", "cornername": "Nominal", "point": 1, "logfile": "/home/dtvt_13/truong/logs_dtvt_13/logs0/Job37.log", "exitStatus": "0"}
[2026-04-09 01:37:36.772 +0700] [PROCESS] [cadence.virtuoso.ade.simulationMonitor] - Finished Simulation {"hostname": "dtvt_13", "processid": 2986, "history": "ExplorerRun.0", "testname": "my_lib_cs_amp_1", "cornername": "Nominal", "point": 1, "logfile": "/home/dtvt_13/truong/logs_dtvt_13/logs0/Job37.log", "simid": "12"}
[2026-04-09 01:37:37.786 +0700] [PROCESS] [cadence.virtuoso.ade.simulationMonitor] - Point Finished {"hostname": "dtvt_13", "processid": 2986, "history": "ExplorerRun.0", "testname": "my_lib_cs_amp_1", "cornername": "Nominal", "point": 1, "logfile": "/home/dtvt_13/truong/logs_dtvt_13/logs0/Job37.log"}
[2026-04-09 01:38:01.794 +0700] [INFO] [cadence.virtuoso.ade.simulationMonitor] - SimulationMonitor has terminated the vds process '12304', reason: 'Force to stop the expression evalutor process because of new run' {"history": "ExplorerRun.0", "point": 1, "testname": "my_lib_cs_amp_1", "cornername": "Nominal"}
[2026-04-09 01:38:01.794 +0700] [PROCESS] [cadence.virtuoso.ade.simulationMonitor] - HostInfo:
Host name (type):	dtvt_13 (x86_64)
Operating system:	Linux 3.10.0-1160.118.1.el7.x86_64 #1 SMP Wed Apr 24 16:01:50 UTC 2024 {"hostname": "dtvt_13", "processid": 2986, "history": "ExplorerRun.0", "testname": "my_lib_cs_amp_1", "cornername": "Nominal", "point": 1, "logfile": "/home/dtvt_13/truong/logs_dtvt_13/logs0/Job37.log", "nodename": "dtvt_13", "domainname": "(none)", "machine": "x86_64", "sysname": "Linux", "release": "3.10.0-1160.118.1.el7.x86_64", "version": "#1 SMP Wed Apr 24 16:01:50 UTC 2024"}
[2026-04-09 01:38:01.795 +0700] [PROCESS] [cadence.virtuoso.ade.simulationMonitor] - UsageInfo:
pid=2986
totalPhysicalMemory=15.208324GB,Used=13.956314GB,totalVirtualMemory=22.895821GB,Used=13.989517GB
Cpu: Cores=24, Load average:0.160000,0.240000,0.200000 {"hostname": "dtvt_13", "processid": 2986, "history": "ExplorerRun.0", "testname": "my_lib_cs_amp_1", "cornername": "Nominal", "point": 1, "logfile": "/home/dtvt_13/truong/logs_dtvt_13/logs0/Job37.log", "pid": "2986", "totalPhysicalMemory": "15.208324", "physicalMemoryUsed": "13.956314", "totalVirtualMemory": "22.895821", "virtualMemoryUsed": "13.989517", "cpuCores": "24", "processes": "2527", "loadAverage1": "0.160000", "loadAverage5": "0.240000", "loadAverage15": "0.200000", "loadAverage1Percent": "0.006667"}
[2026-04-09 01:38:01.795 +0700] [EVENT] [cadence.virtuoso.ade.simulationMonitor] - NewPoint {"history": "ExplorerRun.0", "point": 1, "testname": "my_lib_cs_amp_1", "cornername": "Nominal", "event": "NewPoint", "EventSource": "Simulation Monitor", "HistoryName": "ExplorerRun.0", "logFile": "/home/dtvt_13/truong/logs_dtvt_13/logs0/Job37.log", "logFileSize": "107570"}
[2026-04-09 01:38:01.895 +0700] [EVENT] [cadence.virtuoso.ade.simulationMonitor] - NewPoint {"history": "ExplorerRun.0", "point": 1, "testname": "my_lib_cs_amp_1", "cornername": "Nominal", "event": "NewPoint", "EventSource": "spectre", "HistoryName": "ExplorerRun.0", "logFile": "/home/dtvt_13/simulation/my_lib/cs_amp/maestro/results/maestro/ExplorerRun.0/1/my_lib_cs_amp_1/psf/spectre.out", "logFileSize": "-1"}
[2026-04-09 01:38:01.898 +0700] [PROCESS] [cadence.virtuoso.ade.simulationMonitor] - Simulator launched {"hostname": "dtvt_13", "processid": 2986, "history": "ExplorerRun.0", "testname": "my_lib_cs_amp_1", "cornername": "Nominal", "point": 1, "logfile": "/home/dtvt_13/truong/logs_dtvt_13/logs0/Job37.log", "simid": "13"}
[2026-04-09 01:38:01.899 +0700] [PROCESS] [cadence.virtuoso.ade.simulationMonitor] - Expression evaluator launched {"hostname": "dtvt_13", "processid": 2986, "history": "ExplorerRun.0", "testname": "my_lib_cs_amp_1", "cornername": "Nominal", "point": 1, "logfile": "/home/dtvt_13/truong/logs_dtvt_13/logs0/Job37.log"}
[2026-04-09 01:38:01.903 +0700] [PROCESS] [cadence.virtuoso.ade.simulationMonitor] - Started Simulation {"hostname": "dtvt_13", "processid": 2986, "history": "ExplorerRun.0", "testname": "my_lib_cs_amp_1", "cornername": "Nominal", "point": 1, "logfile": "/home/dtvt_13/truong/logs_dtvt_13/logs0/Job37.log"}
[2026-04-09 01:38:23.333 +0700] [PROCESS] [cadence.virtuoso.ade.simulationMonitor] - Finished simulating for one point {"hostname": "dtvt_13", "processid": 2986, "history": "ExplorerRun.0", "testname": "my_lib_cs_amp_1", "cornername": "Nominal", "point": 1, "logfile": "/home/dtvt_13/truong/logs_dtvt_13/logs0/Job37.log", "simid": "13"}
[2026-04-09 01:38:23.333 +0700] [INFO] [cadence.virtuoso.ade.simulationMonitor] - Peak resident memory used = 95.5 Mbytes. {"history": "ExplorerRun.0", "point": 1, "testname": "my_lib_cs_amp_1", "cornername": "Nominal"}
[2026-04-09 01:38:23.334 +0700] [INFO] [cadence.virtuoso.ade.simulationMonitor] - Peak resident memory used = 104 Mbytes. {"history": "ExplorerRun.0", "point": 1, "testname": "my_lib_cs_amp_1", "cornername": "Nominal"}
[2026-04-09 01:38:23.334 +0700] [INFO] [cadence.virtuoso.ade.simulationMonitor] - Notice from spectre during hierarchy flattening.
    The value 'psf' specified for the 'checklimitdest' option will no longer be supported in future releases. Use 'spectre -h' to see other recommended values for the 'checklimitdest' option. {"history": "ExplorerRun.0", "point": 1, "testname": "my_lib_cs_amp_1", "cornername": "Nominal"}
[2026-04-09 01:38:23.335 +0700] [INFO] [cadence.virtuoso.ade.simulationMonitor] - Peak resident memory used = 105 Mbytes. {"history": "ExplorerRun.0", "point": 1, "testname": "my_lib_cs_amp_1", "cornername": "Nominal"}
[2026-04-09 01:38:23.335 +0700] [INFO] [cadence.virtuoso.ade.simulationMonitor] - Notice from spectre during initial setup.
    Multithreading is disabled due to the size of the design being too small. {"history": "ExplorerRun.0", "point": 1, "testname": "my_lib_cs_amp_1", "cornername": "Nominal"}
[2026-04-09 01:38:23.335 +0700] [INFO] [cadence.virtuoso.ade.simulationMonitor] -               nodes 4 {"history": "ExplorerRun.0", "point": 1, "testname": "my_lib_cs_amp_1", "cornername": "Nominal"}
[2026-04-09 01:38:23.336 +0700] [INFO] [cadence.virtuoso.ade.simulationMonitor] - Notice from spectre during initial setup.
    APS enabled. {"history": "ExplorerRun.0", "point": 1, "testname": "my_lib_cs_amp_1", "cornername": "Nominal"}
[2026-04-09 01:38:23.336 +0700] [INFO] [cadence.virtuoso.ade.simulationMonitor] - Peak resident memory used = 106 Mbytes. {"history": "ExplorerRun.0", "point": 1, "testname": "my_lib_cs_amp_1", "cornername": "Nominal"}
[2026-04-09 01:38:23.336 +0700] [INFO] [cadence.virtuoso.ade.simulationMonitor] -    -   (APS) Multi-threading. The recommended number of threads is 1, consider adding +mt=1 on command line. {"history": "ExplorerRun.0", "point": 1, "testname": "my_lib_cs_amp_1", "cornername": "Nominal"}
[2026-04-09 01:38:23.336 +0700] [INFO] [cadence.virtuoso.ade.simulationMonitor] - Total time required for dc analysis `dcOp': CPU = 1.513 ms, elapsed = 2.59304 ms. {"history": "ExplorerRun.0", "point": 1, "testname": "my_lib_cs_amp_1", "cornername": "Nominal"}
[2026-04-09 01:38:23.336 +0700] [INFO] [cadence.virtuoso.ade.simulationMonitor] - Peak resident memory used = 108 Mbytes. {"history": "ExplorerRun.0", "point": 1, "testname": "my_lib_cs_amp_1", "cornername": "Nominal"}
[2026-04-09 01:38:23.337 +0700] [INFO] [cadence.virtuoso.ade.simulationMonitor] - Time used: CPU = 473 ms, elapsed = 21.2 s, util. = 2.23%. {"history": "ExplorerRun.0", "point": 1, "testname": "my_lib_cs_amp_1", "cornername": "Nominal"}
[2026-04-09 01:38:23.337 +0700] [INFO] [cadence.virtuoso.ade.simulationMonitor] - Time spent in licensing: elapsed = 20.8 s, percentage of total = 97.7%. {"history": "ExplorerRun.0", "point": 1, "testname": "my_lib_cs_amp_1", "cornername": "Nominal"}
[2026-04-09 01:38:23.337 +0700] [INFO] [cadence.virtuoso.ade.simulationMonitor] - Peak memory used = 110 Mbytes. {"history": "ExplorerRun.0", "point": 1, "testname": "my_lib_cs_amp_1", "cornername": "Nominal"}
[2026-04-09 01:38:23.337 +0700] [PROCESS] [cadence.virtuoso.ade.simulationMonitor] - Simulation started at: 1:38:02 AM, Thur Apr 9, 2026, ended at: 1:38:23 AM, Thur Apr 9, 2026, with elapsed time (wall clock): 21.2 s. {"history": "ExplorerRun.0", "point": 1, "testname": "my_lib_cs_amp_1", "cornername": "Nominal"}
[2026-04-09 01:38:23.337 +0700] [PROCESS] [cadence.virtuoso.ade.simulationMonitor] - spectre completes with 0 errors, 0 warnings, and 4 notices. {"history": "ExplorerRun.0", "point": 1, "testname": "my_lib_cs_amp_1", "cornername": "Nominal"}
[2026-04-09 01:38:23.337 +0700] [PROCESS] [cadence.virtuoso.ade.simulationMonitor] - Simulator exited {"hostname": "dtvt_13", "processid": 2986, "history": "ExplorerRun.0", "testname": "my_lib_cs_amp_1", "cornername": "Nominal", "point": 1, "logfile": "/home/dtvt_13/truong/logs_dtvt_13/logs0/Job37.log", "exitStatus": "0"}
[2026-04-09 01:38:23.338 +0700] [PROCESS] [cadence.virtuoso.ade.simulationMonitor] - Finished Simulation {"hostname": "dtvt_13", "processid": 2986, "history": "ExplorerRun.0", "testname": "my_lib_cs_amp_1", "cornername": "Nominal", "point": 1, "logfile": "/home/dtvt_13/truong/logs_dtvt_13/logs0/Job37.log", "simid": "13"}
[2026-04-09 01:38:24.351 +0700] [PROCESS] [cadence.virtuoso.ade.simulationMonitor] - Point Finished {"hostname": "dtvt_13", "processid": 2986, "history": "ExplorerRun.0", "testname": "my_lib_cs_amp_1", "cornername": "Nominal", "point": 1, "logfile": "/home/dtvt_13/truong/logs_dtvt_13/logs0/Job37.log"}
[2026-04-09 01:39:14.832 +0700] [INFO] [cadence.virtuoso.ade.simulationMonitor] - SimulationMonitor has terminated the vds process '12930', reason: 'Force to stop the expression evalutor process because of new run' {"history": "ExplorerRun.0", "point": 1, "testname": "my_lib_cs_amp_1", "cornername": "Nominal"}
[2026-04-09 01:39:14.832 +0700] [PROCESS] [cadence.virtuoso.ade.simulationMonitor] - HostInfo:
Host name (type):	dtvt_13 (x86_64)
Operating system:	Linux 3.10.0-1160.118.1.el7.x86_64 #1 SMP Wed Apr 24 16:01:50 UTC 2024 {"hostname": "dtvt_13", "processid": 2986, "history": "ExplorerRun.0", "testname": "my_lib_cs_amp_1", "cornername": "Nominal", "point": 1, "logfile": "/home/dtvt_13/truong/logs_dtvt_13/logs0/Job37.log", "nodename": "dtvt_13", "domainname": "(none)", "machine": "x86_64", "sysname": "Linux", "release": "3.10.0-1160.118.1.el7.x86_64", "version": "#1 SMP Wed Apr 24 16:01:50 UTC 2024"}
[2026-04-09 01:39:14.833 +0700] [PROCESS] [cadence.virtuoso.ade.simulationMonitor] - UsageInfo:
pid=2986
totalPhysicalMemory=15.208324GB,Used=13.962193GB,totalVirtualMemory=22.895821GB,Used=13.995396GB
Cpu: Cores=24, Load average:0.410000,0.300000,0.230000 {"hostname": "dtvt_13", "processid": 2986, "history": "ExplorerRun.0", "testname": "my_lib_cs_amp_1", "cornername": "Nominal", "point": 1, "logfile": "/home/dtvt_13/truong/logs_dtvt_13/logs0/Job37.log", "pid": "2986", "totalPhysicalMemory": "15.208324", "physicalMemoryUsed": "13.962193", "totalVirtualMemory": "22.895821", "virtualMemoryUsed": "13.995396", "cpuCores": "24", "processes": "2525", "loadAverage1": "0.410000", "loadAverage5": "0.300000", "loadAverage15": "0.230000", "loadAverage1Percent": "0.017083"}
[2026-04-09 01:39:14.833 +0700] [EVENT] [cadence.virtuoso.ade.simulationMonitor] - NewPoint {"history": "ExplorerRun.0", "point": 1, "testname": "my_lib_cs_amp_1", "cornername": "Nominal", "event": "NewPoint", "EventSource": "Simulation Monitor", "HistoryName": "ExplorerRun.0", "logFile": "/home/dtvt_13/truong/logs_dtvt_13/logs0/Job37.log", "logFileSize": "116333"}
[2026-04-09 01:39:14.934 +0700] [EVENT] [cadence.virtuoso.ade.simulationMonitor] - NewPoint {"history": "ExplorerRun.0", "point": 1, "testname": "my_lib_cs_amp_1", "cornername": "Nominal", "event": "NewPoint", "EventSource": "spectre", "HistoryName": "ExplorerRun.0", "logFile": "/home/dtvt_13/simulation/my_lib/cs_amp/maestro/results/maestro/ExplorerRun.0/1/my_lib_cs_amp_1/psf/spectre.out", "logFileSize": "-1"}
[2026-04-09 01:39:14.944 +0700] [PROCESS] [cadence.virtuoso.ade.simulationMonitor] - Simulator launched {"hostname": "dtvt_13", "processid": 2986, "history": "ExplorerRun.0", "testname": "my_lib_cs_amp_1", "cornername": "Nominal", "point": 1, "logfile": "/home/dtvt_13/truong/logs_dtvt_13/logs0/Job37.log", "simid": "14"}
[2026-04-09 01:39:14.951 +0700] [PROCESS] [cadence.virtuoso.ade.simulationMonitor] - Expression evaluator launched {"hostname": "dtvt_13", "processid": 2986, "history": "ExplorerRun.0", "testname": "my_lib_cs_amp_1", "cornername": "Nominal", "point": 1, "logfile": "/home/dtvt_13/truong/logs_dtvt_13/logs0/Job37.log"}
[2026-04-09 01:39:14.964 +0700] [PROCESS] [cadence.virtuoso.ade.simulationMonitor] - Started Simulation {"hostname": "dtvt_13", "processid": 2986, "history": "ExplorerRun.0", "testname": "my_lib_cs_amp_1", "cornername": "Nominal", "point": 1, "logfile": "/home/dtvt_13/truong/logs_dtvt_13/logs0/Job37.log"}
[2026-04-09 01:39:36.256 +0700] [INFO] [cadence.virtuoso.ade.simulationMonitor] - Peak resident memory used = 95.5 Mbytes. {"history": "ExplorerRun.0", "point": 1, "testname": "my_lib_cs_amp_1", "cornername": "Nominal"}
[2026-04-09 01:39:36.256 +0700] [INFO] [cadence.virtuoso.ade.simulationMonitor] - Peak resident memory used = 104 Mbytes. {"history": "ExplorerRun.0", "point": 1, "testname": "my_lib_cs_amp_1", "cornername": "Nominal"}
[2026-04-09 01:39:36.256 +0700] [INFO] [cadence.virtuoso.ade.simulationMonitor] - Notice from spectre during hierarchy flattening.
    The value 'psf' specified for the 'checklimitdest' option will no longer be supported in future releases. Use 'spectre -h' to see other recommended values for the 'checklimitdest' option. {"history": "ExplorerRun.0", "point": 1, "testname": "my_lib_cs_amp_1", "cornername": "Nominal"}
[2026-04-09 01:39:36.257 +0700] [INFO] [cadence.virtuoso.ade.simulationMonitor] - Peak resident memory used = 105 Mbytes. {"history": "ExplorerRun.0", "point": 1, "testname": "my_lib_cs_amp_1", "cornername": "Nominal"}
[2026-04-09 01:39:36.257 +0700] [INFO] [cadence.virtuoso.ade.simulationMonitor] - Notice from spectre during initial setup.
    Multithreading is disabled due to the size of the design being too small. {"history": "ExplorerRun.0", "point": 1, "testname": "my_lib_cs_amp_1", "cornername": "Nominal"}
[2026-04-09 01:39:36.257 +0700] [INFO] [cadence.virtuoso.ade.simulationMonitor] -               nodes 4 {"history": "ExplorerRun.0", "point": 1, "testname": "my_lib_cs_amp_1", "cornername": "Nominal"}
[2026-04-09 01:39:36.257 +0700] [INFO] [cadence.virtuoso.ade.simulationMonitor] - Notice from spectre during initial setup.
    APS enabled. {"history": "ExplorerRun.0", "point": 1, "testname": "my_lib_cs_amp_1", "cornername": "Nominal"}
[2026-04-09 01:39:36.258 +0700] [INFO] [cadence.virtuoso.ade.simulationMonitor] - Peak resident memory used = 106 Mbytes. {"history": "ExplorerRun.0", "point": 1, "testname": "my_lib_cs_amp_1", "cornername": "Nominal"}
[2026-04-09 01:39:36.258 +0700] [INFO] [cadence.virtuoso.ade.simulationMonitor] -    -   (APS) Multi-threading. The recommended number of threads is 1, consider adding +mt=1 on command line. {"history": "ExplorerRun.0", "point": 1, "testname": "my_lib_cs_amp_1", "cornername": "Nominal"}
[2026-04-09 01:39:36.759 +0700] [PROCESS] [cadence.virtuoso.ade.simulationMonitor] - Finished simulating for one point {"hostname": "dtvt_13", "processid": 2986, "history": "ExplorerRun.0", "testname": "my_lib_cs_amp_1", "cornername": "Nominal", "point": 1, "logfile": "/home/dtvt_13/truong/logs_dtvt_13/logs0/Job37.log", "simid": "14"}
[2026-04-09 01:39:36.759 +0700] [INFO] [cadence.virtuoso.ade.simulationMonitor] - Total time required for dc analysis `dcOp': CPU = 2.046 ms, elapsed = 3.02505 ms. {"history": "ExplorerRun.0", "point": 1, "testname": "my_lib_cs_amp_1", "cornername": "Nominal"}
[2026-04-09 01:39:36.759 +0700] [INFO] [cadence.virtuoso.ade.simulationMonitor] - Peak resident memory used = 108 Mbytes. {"history": "ExplorerRun.0", "point": 1, "testname": "my_lib_cs_amp_1", "cornername": "Nominal"}
[2026-04-09 01:39:36.760 +0700] [INFO] [cadence.virtuoso.ade.simulationMonitor] - Time used: CPU = 563 ms, elapsed = 21 s, util. = 2.68%. {"history": "ExplorerRun.0", "point": 1, "testname": "my_lib_cs_amp_1", "cornername": "Nominal"}
[2026-04-09 01:39:36.760 +0700] [INFO] [cadence.virtuoso.ade.simulationMonitor] - Time spent in licensing: elapsed = 20.4 s, percentage of total = 97.2%. {"history": "ExplorerRun.0", "point": 1, "testname": "my_lib_cs_amp_1", "cornername": "Nominal"}
[2026-04-09 01:39:36.761 +0700] [INFO] [cadence.virtuoso.ade.simulationMonitor] - Peak memory used = 110 Mbytes. {"history": "ExplorerRun.0", "point": 1, "testname": "my_lib_cs_amp_1", "cornername": "Nominal"}
[2026-04-09 01:39:36.761 +0700] [PROCESS] [cadence.virtuoso.ade.simulationMonitor] - Simulation started at: 1:39:15 AM, Thur Apr 9, 2026, ended at: 1:39:36 AM, Thur Apr 9, 2026, with elapsed time (wall clock): 21 s. {"history": "ExplorerRun.0", "point": 1, "testname": "my_lib_cs_amp_1", "cornername": "Nominal"}
[2026-04-09 01:39:36.761 +0700] [PROCESS] [cadence.virtuoso.ade.simulationMonitor] - spectre completes with 0 errors, 0 warnings, and 4 notices. {"history": "ExplorerRun.0", "point": 1, "testname": "my_lib_cs_amp_1", "cornername": "Nominal"}
[2026-04-09 01:39:36.761 +0700] [PROCESS] [cadence.virtuoso.ade.simulationMonitor] - Simulator exited {"hostname": "dtvt_13", "processid": 2986, "history": "ExplorerRun.0", "testname": "my_lib_cs_amp_1", "cornername": "Nominal", "point": 1, "logfile": "/home/dtvt_13/truong/logs_dtvt_13/logs0/Job37.log", "exitStatus": "0"}
[2026-04-09 01:39:36.762 +0700] [PROCESS] [cadence.virtuoso.ade.simulationMonitor] - Finished Simulation {"hostname": "dtvt_13", "processid": 2986, "history": "ExplorerRun.0", "testname": "my_lib_cs_amp_1", "cornername": "Nominal", "point": 1, "logfile": "/home/dtvt_13/truong/logs_dtvt_13/logs0/Job37.log", "simid": "14"}
[2026-04-09 01:39:37.775 +0700] [PROCESS] [cadence.virtuoso.ade.simulationMonitor] - Point Finished {"hostname": "dtvt_13", "processid": 2986, "history": "ExplorerRun.0", "testname": "my_lib_cs_amp_1", "cornername": "Nominal", "point": 1, "logfile": "/home/dtvt_13/truong/logs_dtvt_13/logs0/Job37.log"}
[2026-04-09 01:39:58.182 +0700] [INFO] [cadence.virtuoso.ade.simulationMonitor] - SimulationMonitor has terminated the vds process '13677', reason: 'Force to stop the expression evalutor process because of new run' {"history": "ExplorerRun.0", "point": 1, "testname": "my_lib_cs_amp_1", "cornername": "Nominal"}
[2026-04-09 01:39:58.182 +0700] [PROCESS] [cadence.virtuoso.ade.simulationMonitor] - HostInfo:
Host name (type):	dtvt_13 (x86_64)
Operating system:	Linux 3.10.0-1160.118.1.el7.x86_64 #1 SMP Wed Apr 24 16:01:50 UTC 2024 {"hostname": "dtvt_13", "processid": 2986, "history": "ExplorerRun.0", "testname": "my_lib_cs_amp_1", "cornername": "Nominal", "point": 1, "logfile": "/home/dtvt_13/truong/logs_dtvt_13/logs0/Job37.log", "nodename": "dtvt_13", "domainname": "(none)", "machine": "x86_64", "sysname": "Linux", "release": "3.10.0-1160.118.1.el7.x86_64", "version": "#1 SMP Wed Apr 24 16:01:50 UTC 2024"}
[2026-04-09 01:39:58.182 +0700] [PROCESS] [cadence.virtuoso.ade.simulationMonitor] - UsageInfo:
pid=2986
totalPhysicalMemory=15.208324GB,Used=13.965218GB,totalVirtualMemory=22.895821GB,Used=13.998421GB
Cpu: Cores=24, Load average:0.420000,0.300000,0.230000 {"hostname": "dtvt_13", "processid": 2986, "history": "ExplorerRun.0", "testname": "my_lib_cs_amp_1", "cornername": "Nominal", "point": 1, "logfile": "/home/dtvt_13/truong/logs_dtvt_13/logs0/Job37.log", "pid": "2986", "totalPhysicalMemory": "15.208324", "physicalMemoryUsed": "13.965218", "totalVirtualMemory": "22.895821", "virtualMemoryUsed": "13.998421", "cpuCores": "24", "processes": "2527", "loadAverage1": "0.420000", "loadAverage5": "0.300000", "loadAverage15": "0.230000", "loadAverage1Percent": "0.017500"}
[2026-04-09 01:39:58.182 +0700] [EVENT] [cadence.virtuoso.ade.simulationMonitor] - NewPoint {"history": "ExplorerRun.0", "point": 1, "testname": "my_lib_cs_amp_1", "cornername": "Nominal", "event": "NewPoint", "EventSource": "Simulation Monitor", "HistoryName": "ExplorerRun.0", "logFile": "/home/dtvt_13/truong/logs_dtvt_13/logs0/Job37.log", "logFileSize": "125092"}
[2026-04-09 01:39:58.283 +0700] [EVENT] [cadence.virtuoso.ade.simulationMonitor] - NewPoint {"history": "ExplorerRun.0", "point": 1, "testname": "my_lib_cs_amp_1", "cornername": "Nominal", "event": "NewPoint", "EventSource": "spectre", "HistoryName": "ExplorerRun.0", "logFile": "/home/dtvt_13/simulation/my_lib/cs_amp/maestro/results/maestro/ExplorerRun.0/1/my_lib_cs_amp_1/psf/spectre.out", "logFileSize": "-1"}
[2026-04-09 01:39:58.286 +0700] [PROCESS] [cadence.virtuoso.ade.simulationMonitor] - Simulator launched {"hostname": "dtvt_13", "processid": 2986, "history": "ExplorerRun.0", "testname": "my_lib_cs_amp_1", "cornername": "Nominal", "point": 1, "logfile": "/home/dtvt_13/truong/logs_dtvt_13/logs0/Job37.log", "simid": "15"}
[2026-04-09 01:39:58.287 +0700] [PROCESS] [cadence.virtuoso.ade.simulationMonitor] - Expression evaluator launched {"hostname": "dtvt_13", "processid": 2986, "history": "ExplorerRun.0", "testname": "my_lib_cs_amp_1", "cornername": "Nominal", "point": 1, "logfile": "/home/dtvt_13/truong/logs_dtvt_13/logs0/Job37.log"}
[2026-04-09 01:39:58.290 +0700] [PROCESS] [cadence.virtuoso.ade.simulationMonitor] - Started Simulation {"hostname": "dtvt_13", "processid": 2986, "history": "ExplorerRun.0", "testname": "my_lib_cs_amp_1", "cornername": "Nominal", "point": 1, "logfile": "/home/dtvt_13/truong/logs_dtvt_13/logs0/Job37.log"}
[2026-04-09 01:40:19.697 +0700] [PROCESS] [cadence.virtuoso.ade.simulationMonitor] - Finished simulating for one point {"hostname": "dtvt_13", "processid": 2986, "history": "ExplorerRun.0", "testname": "my_lib_cs_amp_1", "cornername": "Nominal", "point": 1, "logfile": "/home/dtvt_13/truong/logs_dtvt_13/logs0/Job37.log", "simid": "15"}
[2026-04-09 01:40:19.698 +0700] [INFO] [cadence.virtuoso.ade.simulationMonitor] - Peak resident memory used = 95.5 Mbytes. {"history": "ExplorerRun.0", "point": 1, "testname": "my_lib_cs_amp_1", "cornername": "Nominal"}
[2026-04-09 01:40:19.698 +0700] [INFO] [cadence.virtuoso.ade.simulationMonitor] - Peak resident memory used = 104 Mbytes. {"history": "ExplorerRun.0", "point": 1, "testname": "my_lib_cs_amp_1", "cornername": "Nominal"}
[2026-04-09 01:40:19.699 +0700] [INFO] [cadence.virtuoso.ade.simulationMonitor] - Notice from spectre during hierarchy flattening.
    The value 'psf' specified for the 'checklimitdest' option will no longer be supported in future releases. Use 'spectre -h' to see other recommended values for the 'checklimitdest' option. {"history": "ExplorerRun.0", "point": 1, "testname": "my_lib_cs_amp_1", "cornername": "Nominal"}
[2026-04-09 01:40:19.699 +0700] [INFO] [cadence.virtuoso.ade.simulationMonitor] - Peak resident memory used = 105 Mbytes. {"history": "ExplorerRun.0", "point": 1, "testname": "my_lib_cs_amp_1", "cornername": "Nominal"}
[2026-04-09 01:40:19.700 +0700] [INFO] [cadence.virtuoso.ade.simulationMonitor] - Notice from spectre during initial setup.
    Multithreading is disabled due to the size of the design being too small. {"history": "ExplorerRun.0", "point": 1, "testname": "my_lib_cs_amp_1", "cornername": "Nominal"}
[2026-04-09 01:40:19.700 +0700] [INFO] [cadence.virtuoso.ade.simulationMonitor] -               nodes 4 {"history": "ExplorerRun.0", "point": 1, "testname": "my_lib_cs_amp_1", "cornername": "Nominal"}
[2026-04-09 01:40:19.700 +0700] [INFO] [cadence.virtuoso.ade.simulationMonitor] - Notice from spectre during initial setup.
    APS enabled. {"history": "ExplorerRun.0", "point": 1, "testname": "my_lib_cs_amp_1", "cornername": "Nominal"}
[2026-04-09 01:40:19.701 +0700] [INFO] [cadence.virtuoso.ade.simulationMonitor] - Peak resident memory used = 106 Mbytes. {"history": "ExplorerRun.0", "point": 1, "testname": "my_lib_cs_amp_1", "cornername": "Nominal"}
[2026-04-09 01:40:19.701 +0700] [INFO] [cadence.virtuoso.ade.simulationMonitor] -    -   (APS) Multi-threading. The recommended number of threads is 1, consider adding +mt=1 on command line. {"history": "ExplorerRun.0", "point": 1, "testname": "my_lib_cs_amp_1", "cornername": "Nominal"}
[2026-04-09 01:40:19.701 +0700] [INFO] [cadence.virtuoso.ade.simulationMonitor] - Total time required for dc analysis `dcOp': CPU = 1.785 ms, elapsed = 2.86317 ms. {"history": "ExplorerRun.0", "point": 1, "testname": "my_lib_cs_amp_1", "cornername": "Nominal"}
[2026-04-09 01:40:19.701 +0700] [INFO] [cadence.virtuoso.ade.simulationMonitor] - Peak resident memory used = 108 Mbytes. {"history": "ExplorerRun.0", "point": 1, "testname": "my_lib_cs_amp_1", "cornername": "Nominal"}
[2026-04-09 01:40:19.701 +0700] [INFO] [cadence.virtuoso.ade.simulationMonitor] - Time used: CPU = 510 ms, elapsed = 20.9 s, util. = 2.44%. {"history": "ExplorerRun.0", "point": 1, "testname": "my_lib_cs_amp_1", "cornername": "Nominal"}
[2026-04-09 01:40:19.701 +0700] [INFO] [cadence.virtuoso.ade.simulationMonitor] - Time spent in licensing: elapsed = 20.4 s, percentage of total = 97.4%. {"history": "ExplorerRun.0", "point": 1, "testname": "my_lib_cs_amp_1", "cornername": "Nominal"}
[2026-04-09 01:40:19.701 +0700] [INFO] [cadence.virtuoso.ade.simulationMonitor] - Peak memory used = 110 Mbytes. {"history": "ExplorerRun.0", "point": 1, "testname": "my_lib_cs_amp_1", "cornername": "Nominal"}
[2026-04-09 01:40:19.702 +0700] [PROCESS] [cadence.virtuoso.ade.simulationMonitor] - Simulation started at: 1:39:58 AM, Thur Apr 9, 2026, ended at: 1:40:19 AM, Thur Apr 9, 2026, with elapsed time (wall clock): 20.9 s. {"history": "ExplorerRun.0", "point": 1, "testname": "my_lib_cs_amp_1", "cornername": "Nominal"}
[2026-04-09 01:40:19.702 +0700] [PROCESS] [cadence.virtuoso.ade.simulationMonitor] - spectre completes with 0 errors, 0 warnings, and 4 notices. {"history": "ExplorerRun.0", "point": 1, "testname": "my_lib_cs_amp_1", "cornername": "Nominal"}
[2026-04-09 01:40:19.702 +0700] [PROCESS] [cadence.virtuoso.ade.simulationMonitor] - Simulator exited {"hostname": "dtvt_13", "processid": 2986, "history": "ExplorerRun.0", "testname": "my_lib_cs_amp_1", "cornername": "Nominal", "point": 1, "logfile": "/home/dtvt_13/truong/logs_dtvt_13/logs0/Job37.log", "exitStatus": "0"}
[2026-04-09 01:40:19.702 +0700] [PROCESS] [cadence.virtuoso.ade.simulationMonitor] - Finished Simulation {"hostname": "dtvt_13", "processid": 2986, "history": "ExplorerRun.0", "testname": "my_lib_cs_amp_1", "cornername": "Nominal", "point": 1, "logfile": "/home/dtvt_13/truong/logs_dtvt_13/logs0/Job37.log", "simid": "15"}
[2026-04-09 01:40:20.714 +0700] [PROCESS] [cadence.virtuoso.ade.simulationMonitor] - Point Finished {"hostname": "dtvt_13", "processid": 2986, "history": "ExplorerRun.0", "testname": "my_lib_cs_amp_1", "cornername": "Nominal", "point": 1, "logfile": "/home/dtvt_13/truong/logs_dtvt_13/logs0/Job37.log"}
[2026-04-09 01:41:17.749 +0700] [INFO] [cadence.virtuoso.ade.simulationMonitor] - SimulationMonitor has terminated the vds process '14633', reason: 'Force to stop the expression evalutor process because of new run' {"history": "ExplorerRun.0", "point": 1, "testname": "my_lib_cs_amp_1", "cornername": "Nominal"}
[2026-04-09 01:41:17.749 +0700] [PROCESS] [cadence.virtuoso.ade.simulationMonitor] - HostInfo:
Host name (type):	dtvt_13 (x86_64)
Operating system:	Linux 3.10.0-1160.118.1.el7.x86_64 #1 SMP Wed Apr 24 16:01:50 UTC 2024 {"hostname": "dtvt_13", "processid": 2986, "history": "ExplorerRun.0", "testname": "my_lib_cs_amp_1", "cornername": "Nominal", "point": 1, "logfile": "/home/dtvt_13/truong/logs_dtvt_13/logs0/Job37.log", "nodename": "dtvt_13", "domainname": "(none)", "machine": "x86_64", "sysname": "Linux", "release": "3.10.0-1160.118.1.el7.x86_64", "version": "#1 SMP Wed Apr 24 16:01:50 UTC 2024"}
[2026-04-09 01:41:17.750 +0700] [PROCESS] [cadence.virtuoso.ade.simulationMonitor] - UsageInfo:
pid=2986
totalPhysicalMemory=15.208324GB,Used=13.969910GB,totalVirtualMemory=22.895821GB,Used=14.003113GB
Cpu: Cores=24, Load average:0.340000,0.310000,0.240000 {"hostname": "dtvt_13", "processid": 2986, "history": "ExplorerRun.0", "testname": "my_lib_cs_amp_1", "cornername": "Nominal", "point": 1, "logfile": "/home/dtvt_13/truong/logs_dtvt_13/logs0/Job37.log", "pid": "2986", "totalPhysicalMemory": "15.208324", "physicalMemoryUsed": "13.969910", "totalVirtualMemory": "22.895821", "virtualMemoryUsed": "14.003113", "cpuCores": "24", "processes": "2529", "loadAverage1": "0.340000", "loadAverage5": "0.310000", "loadAverage15": "0.240000", "loadAverage1Percent": "0.014167"}
[2026-04-09 01:41:17.750 +0700] [EVENT] [cadence.virtuoso.ade.simulationMonitor] - NewPoint {"history": "ExplorerRun.0", "point": 1, "testname": "my_lib_cs_amp_1", "cornername": "Nominal", "event": "NewPoint", "EventSource": "Simulation Monitor", "HistoryName": "ExplorerRun.0", "logFile": "/home/dtvt_13/truong/logs_dtvt_13/logs0/Job37.log", "logFileSize": "133855"}
[2026-04-09 01:41:17.851 +0700] [EVENT] [cadence.virtuoso.ade.simulationMonitor] - NewPoint {"history": "ExplorerRun.0", "point": 1, "testname": "my_lib_cs_amp_1", "cornername": "Nominal", "event": "NewPoint", "EventSource": "spectre", "HistoryName": "ExplorerRun.0", "logFile": "/home/dtvt_13/simulation/my_lib/cs_amp/maestro/results/maestro/ExplorerRun.0/1/my_lib_cs_amp_1/psf/spectre.out", "logFileSize": "-1"}
[2026-04-09 01:41:17.861 +0700] [PROCESS] [cadence.virtuoso.ade.simulationMonitor] - Simulator launched {"hostname": "dtvt_13", "processid": 2986, "history": "ExplorerRun.0", "testname": "my_lib_cs_amp_1", "cornername": "Nominal", "point": 1, "logfile": "/home/dtvt_13/truong/logs_dtvt_13/logs0/Job37.log", "simid": "16"}
[2026-04-09 01:41:17.868 +0700] [PROCESS] [cadence.virtuoso.ade.simulationMonitor] - Expression evaluator launched {"hostname": "dtvt_13", "processid": 2986, "history": "ExplorerRun.0", "testname": "my_lib_cs_amp_1", "cornername": "Nominal", "point": 1, "logfile": "/home/dtvt_13/truong/logs_dtvt_13/logs0/Job37.log"}
[2026-04-09 01:41:17.883 +0700] [PROCESS] [cadence.virtuoso.ade.simulationMonitor] - Started Simulation {"hostname": "dtvt_13", "processid": 2986, "history": "ExplorerRun.0", "testname": "my_lib_cs_amp_1", "cornername": "Nominal", "point": 1, "logfile": "/home/dtvt_13/truong/logs_dtvt_13/logs0/Job37.log"}
[2026-04-09 01:41:39.722 +0700] [PROCESS] [cadence.virtuoso.ade.simulationMonitor] - Finished simulating for one point {"hostname": "dtvt_13", "processid": 2986, "history": "ExplorerRun.0", "testname": "my_lib_cs_amp_1", "cornername": "Nominal", "point": 1, "logfile": "/home/dtvt_13/truong/logs_dtvt_13/logs0/Job37.log", "simid": "16"}
[2026-04-09 01:41:39.723 +0700] [INFO] [cadence.virtuoso.ade.simulationMonitor] - Peak resident memory used = 95.5 Mbytes. {"history": "ExplorerRun.0", "point": 1, "testname": "my_lib_cs_amp_1", "cornername": "Nominal"}
[2026-04-09 01:41:39.723 +0700] [INFO] [cadence.virtuoso.ade.simulationMonitor] - Peak resident memory used = 104 Mbytes. {"history": "ExplorerRun.0", "point": 1, "testname": "my_lib_cs_amp_1", "cornername": "Nominal"}
[2026-04-09 01:41:39.724 +0700] [INFO] [cadence.virtuoso.ade.simulationMonitor] - Notice from spectre during hierarchy flattening.
    The value 'psf' specified for the 'checklimitdest' option will no longer be supported in future releases. Use 'spectre -h' to see other recommended values for the 'checklimitdest' option. {"history": "ExplorerRun.0", "point": 1, "testname": "my_lib_cs_amp_1", "cornername": "Nominal"}
[2026-04-09 01:41:39.724 +0700] [INFO] [cadence.virtuoso.ade.simulationMonitor] - Peak resident memory used = 105 Mbytes. {"history": "ExplorerRun.0", "point": 1, "testname": "my_lib_cs_amp_1", "cornername": "Nominal"}
[2026-04-09 01:41:39.724 +0700] [INFO] [cadence.virtuoso.ade.simulationMonitor] - Notice from spectre during initial setup.
    Multithreading is disabled due to the size of the design being too small. {"history": "ExplorerRun.0", "point": 1, "testname": "my_lib_cs_amp_1", "cornername": "Nominal"}
[2026-04-09 01:41:39.725 +0700] [INFO] [cadence.virtuoso.ade.simulationMonitor] -               nodes 4 {"history": "ExplorerRun.0", "point": 1, "testname": "my_lib_cs_amp_1", "cornername": "Nominal"}
[2026-04-09 01:41:39.725 +0700] [INFO] [cadence.virtuoso.ade.simulationMonitor] - Notice from spectre during initial setup.
    APS enabled. {"history": "ExplorerRun.0", "point": 1, "testname": "my_lib_cs_amp_1", "cornername": "Nominal"}
[2026-04-09 01:41:39.725 +0700] [INFO] [cadence.virtuoso.ade.simulationMonitor] - Peak resident memory used = 106 Mbytes. {"history": "ExplorerRun.0", "point": 1, "testname": "my_lib_cs_amp_1", "cornername": "Nominal"}
[2026-04-09 01:41:39.725 +0700] [INFO] [cadence.virtuoso.ade.simulationMonitor] -    -   (APS) Multi-threading. The recommended number of threads is 1, consider adding +mt=1 on command line. {"history": "ExplorerRun.0", "point": 1, "testname": "my_lib_cs_amp_1", "cornername": "Nominal"}
[2026-04-09 01:41:39.726 +0700] [INFO] [cadence.virtuoso.ade.simulationMonitor] - Total time required for dc analysis `dcOp': CPU = 2.085 ms, elapsed = 3.01981 ms. {"history": "ExplorerRun.0", "point": 1, "testname": "my_lib_cs_amp_1", "cornername": "Nominal"}
[2026-04-09 01:41:39.726 +0700] [INFO] [cadence.virtuoso.ade.simulationMonitor] - Peak resident memory used = 108 Mbytes. {"history": "ExplorerRun.0", "point": 1, "testname": "my_lib_cs_amp_1", "cornername": "Nominal"}
[2026-04-09 01:41:39.726 +0700] [INFO] [cadence.virtuoso.ade.simulationMonitor] - Time used: CPU = 551 ms, elapsed = 21.1 s, util. = 2.62%. {"history": "ExplorerRun.0", "point": 1, "testname": "my_lib_cs_amp_1", "cornername": "Nominal"}
[2026-04-09 01:41:39.726 +0700] [INFO] [cadence.virtuoso.ade.simulationMonitor] - Time spent in licensing: elapsed = 20.5 s, percentage of total = 97.2%. {"history": "ExplorerRun.0", "point": 1, "testname": "my_lib_cs_amp_1", "cornername": "Nominal"}
[2026-04-09 01:41:39.726 +0700] [INFO] [cadence.virtuoso.ade.simulationMonitor] - Peak memory used = 110 Mbytes. {"history": "ExplorerRun.0", "point": 1, "testname": "my_lib_cs_amp_1", "cornername": "Nominal"}
[2026-04-09 01:41:39.727 +0700] [PROCESS] [cadence.virtuoso.ade.simulationMonitor] - Simulation started at: 1:41:18 AM, Thur Apr 9, 2026, ended at: 1:41:39 AM, Thur Apr 9, 2026, with elapsed time (wall clock): 21.1 s. {"history": "ExplorerRun.0", "point": 1, "testname": "my_lib_cs_amp_1", "cornername": "Nominal"}
[2026-04-09 01:41:39.727 +0700] [PROCESS] [cadence.virtuoso.ade.simulationMonitor] - spectre completes with 0 errors, 0 warnings, and 4 notices. {"history": "ExplorerRun.0", "point": 1, "testname": "my_lib_cs_amp_1", "cornername": "Nominal"}
[2026-04-09 01:41:39.727 +0700] [PROCESS] [cadence.virtuoso.ade.simulationMonitor] - Simulator exited {"hostname": "dtvt_13", "processid": 2986, "history": "ExplorerRun.0", "testname": "my_lib_cs_amp_1", "cornername": "Nominal", "point": 1, "logfile": "/home/dtvt_13/truong/logs_dtvt_13/logs0/Job37.log", "exitStatus": "0"}
[2026-04-09 01:41:39.727 +0700] [PROCESS] [cadence.virtuoso.ade.simulationMonitor] - Finished Simulation {"hostname": "dtvt_13", "processid": 2986, "history": "ExplorerRun.0", "testname": "my_lib_cs_amp_1", "cornername": "Nominal", "point": 1, "logfile": "/home/dtvt_13/truong/logs_dtvt_13/logs0/Job37.log", "simid": "16"}
[2026-04-09 01:41:40.742 +0700] [PROCESS] [cadence.virtuoso.ade.simulationMonitor] - Point Finished {"hostname": "dtvt_13", "processid": 2986, "history": "ExplorerRun.0", "testname": "my_lib_cs_amp_1", "cornername": "Nominal", "point": 1, "logfile": "/home/dtvt_13/truong/logs_dtvt_13/logs0/Job37.log"}
[2026-04-09 01:42:00.270 +0700] [INFO] [cadence.virtuoso.ade.simulationMonitor] - SimulationMonitor has terminated the vds process '15419', reason: 'Force to stop the expression evalutor process because of new run' {"history": "ExplorerRun.0", "point": 1, "testname": "my_lib_cs_amp_1", "cornername": "Nominal"}
[2026-04-09 01:42:00.270 +0700] [PROCESS] [cadence.virtuoso.ade.simulationMonitor] - HostInfo:
Host name (type):	dtvt_13 (x86_64)
Operating system:	Linux 3.10.0-1160.118.1.el7.x86_64 #1 SMP Wed Apr 24 16:01:50 UTC 2024 {"hostname": "dtvt_13", "processid": 2986, "history": "ExplorerRun.0", "testname": "my_lib_cs_amp_1", "cornername": "Nominal", "point": 1, "logfile": "/home/dtvt_13/truong/logs_dtvt_13/logs0/Job37.log", "nodename": "dtvt_13", "domainname": "(none)", "machine": "x86_64", "sysname": "Linux", "release": "3.10.0-1160.118.1.el7.x86_64", "version": "#1 SMP Wed Apr 24 16:01:50 UTC 2024"}
[2026-04-09 01:42:00.270 +0700] [PROCESS] [cadence.virtuoso.ade.simulationMonitor] - UsageInfo:
pid=2986
totalPhysicalMemory=15.208324GB,Used=13.973278GB,totalVirtualMemory=22.895821GB,Used=14.006481GB
Cpu: Cores=24, Load average:0.200000,0.280000,0.230000 {"hostname": "dtvt_13", "processid": 2986, "history": "ExplorerRun.0", "testname": "my_lib_cs_amp_1", "cornername": "Nominal", "point": 1, "logfile": "/home/dtvt_13/truong/logs_dtvt_13/logs0/Job37.log", "pid": "2986", "totalPhysicalMemory": "15.208324", "physicalMemoryUsed": "13.973278", "totalVirtualMemory": "22.895821", "virtualMemoryUsed": "14.006481", "cpuCores": "24", "processes": "2531", "loadAverage1": "0.200000", "loadAverage5": "0.280000", "loadAverage15": "0.230000", "loadAverage1Percent": "0.008333"}
[2026-04-09 01:42:00.271 +0700] [EVENT] [cadence.virtuoso.ade.simulationMonitor] - NewPoint {"history": "ExplorerRun.0", "point": 1, "testname": "my_lib_cs_amp_1", "cornername": "Nominal", "event": "NewPoint", "EventSource": "Simulation Monitor", "HistoryName": "ExplorerRun.0", "logFile": "/home/dtvt_13/truong/logs_dtvt_13/logs0/Job37.log", "logFileSize": "142618"}
[2026-04-09 01:42:00.371 +0700] [EVENT] [cadence.virtuoso.ade.simulationMonitor] - NewPoint {"history": "ExplorerRun.0", "point": 1, "testname": "my_lib_cs_amp_1", "cornername": "Nominal", "event": "NewPoint", "EventSource": "spectre", "HistoryName": "ExplorerRun.0", "logFile": "/home/dtvt_13/simulation/my_lib/cs_amp/maestro/results/maestro/ExplorerRun.0/1/my_lib_cs_amp_1/psf/spectre.out", "logFileSize": "-1"}
[2026-04-09 01:42:00.382 +0700] [PROCESS] [cadence.virtuoso.ade.simulationMonitor] - Simulator launched {"hostname": "dtvt_13", "processid": 2986, "history": "ExplorerRun.0", "testname": "my_lib_cs_amp_1", "cornername": "Nominal", "point": 1, "logfile": "/home/dtvt_13/truong/logs_dtvt_13/logs0/Job37.log", "simid": "17"}
[2026-04-09 01:42:00.384 +0700] [PROCESS] [cadence.virtuoso.ade.simulationMonitor] - Expression evaluator launched {"hostname": "dtvt_13", "processid": 2986, "history": "ExplorerRun.0", "testname": "my_lib_cs_amp_1", "cornername": "Nominal", "point": 1, "logfile": "/home/dtvt_13/truong/logs_dtvt_13/logs0/Job37.log"}
[2026-04-09 01:42:00.398 +0700] [PROCESS] [cadence.virtuoso.ade.simulationMonitor] - Started Simulation {"hostname": "dtvt_13", "processid": 2986, "history": "ExplorerRun.0", "testname": "my_lib_cs_amp_1", "cornername": "Nominal", "point": 1, "logfile": "/home/dtvt_13/truong/logs_dtvt_13/logs0/Job37.log"}
[2026-04-09 01:42:21.724 +0700] [PROCESS] [cadence.virtuoso.ade.simulationMonitor] - Finished simulating for one point {"hostname": "dtvt_13", "processid": 2986, "history": "ExplorerRun.0", "testname": "my_lib_cs_amp_1", "cornername": "Nominal", "point": 1, "logfile": "/home/dtvt_13/truong/logs_dtvt_13/logs0/Job37.log", "simid": "17"}
[2026-04-09 01:42:21.725 +0700] [INFO] [cadence.virtuoso.ade.simulationMonitor] - Peak resident memory used = 95.5 Mbytes. {"history": "ExplorerRun.0", "point": 1, "testname": "my_lib_cs_amp_1", "cornername": "Nominal"}
[2026-04-09 01:42:21.725 +0700] [INFO] [cadence.virtuoso.ade.simulationMonitor] - Peak resident memory used = 104 Mbytes. {"history": "ExplorerRun.0", "point": 1, "testname": "my_lib_cs_amp_1", "cornername": "Nominal"}
[2026-04-09 01:42:21.725 +0700] [INFO] [cadence.virtuoso.ade.simulationMonitor] - Notice from spectre during hierarchy flattening.
    The value 'psf' specified for the 'checklimitdest' option will no longer be supported in future releases. Use 'spectre -h' to see other recommended values for the 'checklimitdest' option. {"history": "ExplorerRun.0", "point": 1, "testname": "my_lib_cs_amp_1", "cornername": "Nominal"}
[2026-04-09 01:42:21.726 +0700] [INFO] [cadence.virtuoso.ade.simulationMonitor] - Peak resident memory used = 105 Mbytes. {"history": "ExplorerRun.0", "point": 1, "testname": "my_lib_cs_amp_1", "cornername": "Nominal"}
[2026-04-09 01:42:21.726 +0700] [INFO] [cadence.virtuoso.ade.simulationMonitor] - Notice from spectre during initial setup.
    Multithreading is disabled due to the size of the design being too small. {"history": "ExplorerRun.0", "point": 1, "testname": "my_lib_cs_amp_1", "cornername": "Nominal"}
[2026-04-09 01:42:21.726 +0700] [INFO] [cadence.virtuoso.ade.simulationMonitor] -               nodes 4 {"history": "ExplorerRun.0", "point": 1, "testname": "my_lib_cs_amp_1", "cornername": "Nominal"}
[2026-04-09 01:42:21.727 +0700] [INFO] [cadence.virtuoso.ade.simulationMonitor] - Notice from spectre during initial setup.
    APS enabled. {"history": "ExplorerRun.0", "point": 1, "testname": "my_lib_cs_amp_1", "cornername": "Nominal"}
[2026-04-09 01:42:21.727 +0700] [INFO] [cadence.virtuoso.ade.simulationMonitor] - Peak resident memory used = 106 Mbytes. {"history": "ExplorerRun.0", "point": 1, "testname": "my_lib_cs_amp_1", "cornername": "Nominal"}
[2026-04-09 01:42:21.727 +0700] [INFO] [cadence.virtuoso.ade.simulationMonitor] -    -   (APS) Multi-threading. The recommended number of threads is 1, consider adding +mt=1 on command line. {"history": "ExplorerRun.0", "point": 1, "testname": "my_lib_cs_amp_1", "cornername": "Nominal"}
[2026-04-09 01:42:21.727 +0700] [INFO] [cadence.virtuoso.ade.simulationMonitor] - Total time required for dc analysis `dcOp': CPU = 1.497 ms, elapsed = 2.45595 ms. {"history": "ExplorerRun.0", "point": 1, "testname": "my_lib_cs_amp_1", "cornername": "Nominal"}
[2026-04-09 01:42:21.728 +0700] [INFO] [cadence.virtuoso.ade.simulationMonitor] - Peak resident memory used = 108 Mbytes. {"history": "ExplorerRun.0", "point": 1, "testname": "my_lib_cs_amp_1", "cornername": "Nominal"}
[2026-04-09 01:42:21.728 +0700] [INFO] [cadence.virtuoso.ade.simulationMonitor] - Time used: CPU = 515 ms, elapsed = 20.8 s, util. = 2.48%. {"history": "ExplorerRun.0", "point": 1, "testname": "my_lib_cs_amp_1", "cornername": "Nominal"}
[2026-04-09 01:42:21.728 +0700] [INFO] [cadence.virtuoso.ade.simulationMonitor] - Time spent in licensing: elapsed = 20.3 s, percentage of total = 97.6%. {"history": "ExplorerRun.0", "point": 1, "testname": "my_lib_cs_amp_1", "cornername": "Nominal"}
[2026-04-09 01:42:21.729 +0700] [INFO] [cadence.virtuoso.ade.simulationMonitor] - Peak memory used = 110 Mbytes. {"history": "ExplorerRun.0", "point": 1, "testname": "my_lib_cs_amp_1", "cornername": "Nominal"}
[2026-04-09 01:42:21.729 +0700] [PROCESS] [cadence.virtuoso.ade.simulationMonitor] - Simulation started at: 1:42:00 AM, Thur Apr 9, 2026, ended at: 1:42:21 AM, Thur Apr 9, 2026, with elapsed time (wall clock): 20.8 s. {"history": "ExplorerRun.0", "point": 1, "testname": "my_lib_cs_amp_1", "cornername": "Nominal"}
[2026-04-09 01:42:21.729 +0700] [PROCESS] [cadence.virtuoso.ade.simulationMonitor] - spectre completes with 0 errors, 0 warnings, and 4 notices. {"history": "ExplorerRun.0", "point": 1, "testname": "my_lib_cs_amp_1", "cornername": "Nominal"}
[2026-04-09 01:42:21.729 +0700] [PROCESS] [cadence.virtuoso.ade.simulationMonitor] - Simulator exited {"hostname": "dtvt_13", "processid": 2986, "history": "ExplorerRun.0", "testname": "my_lib_cs_amp_1", "cornername": "Nominal", "point": 1, "logfile": "/home/dtvt_13/truong/logs_dtvt_13/logs0/Job37.log", "exitStatus": "0"}
[2026-04-09 01:42:21.730 +0700] [PROCESS] [cadence.virtuoso.ade.simulationMonitor] - Finished Simulation {"hostname": "dtvt_13", "processid": 2986, "history": "ExplorerRun.0", "testname": "my_lib_cs_amp_1", "cornername": "Nominal", "point": 1, "logfile": "/home/dtvt_13/truong/logs_dtvt_13/logs0/Job37.log", "simid": "17"}
[2026-04-09 01:42:22.245 +0700] [PROCESS] [cadence.virtuoso.ade.simulationMonitor] - Point Finished {"hostname": "dtvt_13", "processid": 2986, "history": "ExplorerRun.0", "testname": "my_lib_cs_amp_1", "cornername": "Nominal", "point": 1, "logfile": "/home/dtvt_13/truong/logs_dtvt_13/logs0/Job37.log"}
[2026-04-09 01:45:15.804 +0700] [INFO] [cadence.virtuoso.ade.simulationMonitor] - SimulationMonitor has terminated the vds process '16024', reason: 'Force to stop the expression evalutor process because of new run' {"history": "ExplorerRun.0", "point": 1, "testname": "my_lib_cs_amp_1", "cornername": "Nominal"}
[2026-04-09 01:45:15.804 +0700] [PROCESS] [cadence.virtuoso.ade.simulationMonitor] - HostInfo:
Host name (type):	dtvt_13 (x86_64)
Operating system:	Linux 3.10.0-1160.118.1.el7.x86_64 #1 SMP Wed Apr 24 16:01:50 UTC 2024 {"hostname": "dtvt_13", "processid": 2986, "history": "ExplorerRun.0", "testname": "my_lib_cs_amp_1", "cornername": "Nominal", "point": 1, "logfile": "/home/dtvt_13/truong/logs_dtvt_13/logs0/Job37.log", "nodename": "dtvt_13", "domainname": "(none)", "machine": "x86_64", "sysname": "Linux", "release": "3.10.0-1160.118.1.el7.x86_64", "version": "#1 SMP Wed Apr 24 16:01:50 UTC 2024"}
[2026-04-09 01:45:15.805 +0700] [PROCESS] [cadence.virtuoso.ade.simulationMonitor] - UsageInfo:
pid=2986
totalPhysicalMemory=15.208324GB,Used=14.407646GB,totalVirtualMemory=22.895821GB,Used=14.440849GB
Cpu: Cores=24, Load average:0.110000,0.200000,0.210000 {"hostname": "dtvt_13", "processid": 2986, "history": "ExplorerRun.0", "testname": "my_lib_cs_amp_1", "cornername": "Nominal", "point": 1, "logfile": "/home/dtvt_13/truong/logs_dtvt_13/logs0/Job37.log", "pid": "2986", "totalPhysicalMemory": "15.208324", "physicalMemoryUsed": "14.407646", "totalVirtualMemory": "22.895821", "virtualMemoryUsed": "14.440849", "cpuCores": "24", "processes": "2549", "loadAverage1": "0.110000", "loadAverage5": "0.200000", "loadAverage15": "0.210000", "loadAverage1Percent": "0.004583"}
[2026-04-09 01:45:15.805 +0700] [EVENT] [cadence.virtuoso.ade.simulationMonitor] - NewPoint {"history": "ExplorerRun.0", "point": 1, "testname": "my_lib_cs_amp_1", "cornername": "Nominal", "event": "NewPoint", "EventSource": "Simulation Monitor", "HistoryName": "ExplorerRun.0", "logFile": "/home/dtvt_13/truong/logs_dtvt_13/logs0/Job37.log", "logFileSize": "151381"}
[2026-04-09 01:45:15.906 +0700] [EVENT] [cadence.virtuoso.ade.simulationMonitor] - NewPoint {"history": "ExplorerRun.0", "point": 1, "testname": "my_lib_cs_amp_1", "cornername": "Nominal", "event": "NewPoint", "EventSource": "spectre", "HistoryName": "ExplorerRun.0", "logFile": "/home/dtvt_13/simulation/my_lib/cs_amp/maestro/results/maestro/ExplorerRun.0/1/my_lib_cs_amp_1/psf/spectre.out", "logFileSize": "-1"}
[2026-04-09 01:45:15.909 +0700] [PROCESS] [cadence.virtuoso.ade.simulationMonitor] - Simulator launched {"hostname": "dtvt_13", "processid": 2986, "history": "ExplorerRun.0", "testname": "my_lib_cs_amp_1", "cornername": "Nominal", "point": 1, "logfile": "/home/dtvt_13/truong/logs_dtvt_13/logs0/Job37.log", "simid": "18"}
[2026-04-09 01:45:15.914 +0700] [PROCESS] [cadence.virtuoso.ade.simulationMonitor] - Expression evaluator launched {"hostname": "dtvt_13", "processid": 2986, "history": "ExplorerRun.0", "testname": "my_lib_cs_amp_1", "cornername": "Nominal", "point": 1, "logfile": "/home/dtvt_13/truong/logs_dtvt_13/logs0/Job37.log"}
[2026-04-09 01:45:15.918 +0700] [PROCESS] [cadence.virtuoso.ade.simulationMonitor] - Started Simulation {"hostname": "dtvt_13", "processid": 2986, "history": "ExplorerRun.0", "testname": "my_lib_cs_amp_1", "cornername": "Nominal", "point": 1, "logfile": "/home/dtvt_13/truong/logs_dtvt_13/logs0/Job37.log"}
[2026-04-09 01:45:37.787 +0700] [PROCESS] [cadence.virtuoso.ade.simulationMonitor] - Finished simulating for one point {"hostname": "dtvt_13", "processid": 2986, "history": "ExplorerRun.0", "testname": "my_lib_cs_amp_1", "cornername": "Nominal", "point": 1, "logfile": "/home/dtvt_13/truong/logs_dtvt_13/logs0/Job37.log", "simid": "18"}
[2026-04-09 01:45:37.787 +0700] [INFO] [cadence.virtuoso.ade.simulationMonitor] - Peak resident memory used = 95.5 Mbytes. {"history": "ExplorerRun.0", "point": 1, "testname": "my_lib_cs_amp_1", "cornername": "Nominal"}
[2026-04-09 01:45:37.787 +0700] [INFO] [cadence.virtuoso.ade.simulationMonitor] - Peak resident memory used = 104 Mbytes. {"history": "ExplorerRun.0", "point": 1, "testname": "my_lib_cs_amp_1", "cornername": "Nominal"}
[2026-04-09 01:45:37.788 +0700] [INFO] [cadence.virtuoso.ade.simulationMonitor] - Notice from spectre during hierarchy flattening.
    The value 'psf' specified for the 'checklimitdest' option will no longer be supported in future releases. Use 'spectre -h' to see other recommended values for the 'checklimitdest' option. {"history": "ExplorerRun.0", "point": 1, "testname": "my_lib_cs_amp_1", "cornername": "Nominal"}
[2026-04-09 01:45:37.788 +0700] [INFO] [cadence.virtuoso.ade.simulationMonitor] - Peak resident memory used = 105 Mbytes. {"history": "ExplorerRun.0", "point": 1, "testname": "my_lib_cs_amp_1", "cornername": "Nominal"}
[2026-04-09 01:45:37.788 +0700] [INFO] [cadence.virtuoso.ade.simulationMonitor] - Notice from spectre during initial setup.
    Multithreading is disabled due to the size of the design being too small. {"history": "ExplorerRun.0", "point": 1, "testname": "my_lib_cs_amp_1", "cornername": "Nominal"}
[2026-04-09 01:45:37.789 +0700] [INFO] [cadence.virtuoso.ade.simulationMonitor] -               nodes 4 {"history": "ExplorerRun.0", "point": 1, "testname": "my_lib_cs_amp_1", "cornername": "Nominal"}
[2026-04-09 01:45:37.789 +0700] [INFO] [cadence.virtuoso.ade.simulationMonitor] - Notice from spectre during initial setup.
    APS enabled. {"history": "ExplorerRun.0", "point": 1, "testname": "my_lib_cs_amp_1", "cornername": "Nominal"}
[2026-04-09 01:45:37.789 +0700] [INFO] [cadence.virtuoso.ade.simulationMonitor] - Peak resident memory used = 106 Mbytes. {"history": "ExplorerRun.0", "point": 1, "testname": "my_lib_cs_amp_1", "cornername": "Nominal"}
[2026-04-09 01:45:37.789 +0700] [INFO] [cadence.virtuoso.ade.simulationMonitor] -    -   (APS) Multi-threading. The recommended number of threads is 1, consider adding +mt=1 on command line. {"history": "ExplorerRun.0", "point": 1, "testname": "my_lib_cs_amp_1", "cornername": "Nominal"}
[2026-04-09 01:45:37.789 +0700] [INFO] [cadence.virtuoso.ade.simulationMonitor] - Total time required for dc analysis `dcOp': CPU = 2.089 ms, elapsed = 3.09491 ms. {"history": "ExplorerRun.0", "point": 1, "testname": "my_lib_cs_amp_1", "cornername": "Nominal"}
[2026-04-09 01:45:37.790 +0700] [INFO] [cadence.virtuoso.ade.simulationMonitor] - Peak resident memory used = 108 Mbytes. {"history": "ExplorerRun.0", "point": 1, "testname": "my_lib_cs_amp_1", "cornername": "Nominal"}
[2026-04-09 01:45:37.790 +0700] [INFO] [cadence.virtuoso.ade.simulationMonitor] - Time used: CPU = 531 ms, elapsed = 21.2 s, util. = 2.51%. {"history": "ExplorerRun.0", "point": 1, "testname": "my_lib_cs_amp_1", "cornername": "Nominal"}
[2026-04-09 01:45:37.790 +0700] [INFO] [cadence.virtuoso.ade.simulationMonitor] - Time spent in licensing: elapsed = 20.6 s, percentage of total = 97.3%. {"history": "ExplorerRun.0", "point": 1, "testname": "my_lib_cs_amp_1", "cornername": "Nominal"}
[2026-04-09 01:45:37.790 +0700] [INFO] [cadence.virtuoso.ade.simulationMonitor] - Peak memory used = 110 Mbytes. {"history": "ExplorerRun.0", "point": 1, "testname": "my_lib_cs_amp_1", "cornername": "Nominal"}
[2026-04-09 01:45:37.790 +0700] [PROCESS] [cadence.virtuoso.ade.simulationMonitor] - Simulation started at: 1:45:16 AM, Thur Apr 9, 2026, ended at: 1:45:37 AM, Thur Apr 9, 2026, with elapsed time (wall clock): 21.2 s. {"history": "ExplorerRun.0", "point": 1, "testname": "my_lib_cs_amp_1", "cornername": "Nominal"}
[2026-04-09 01:45:37.790 +0700] [PROCESS] [cadence.virtuoso.ade.simulationMonitor] - spectre completes with 0 errors, 0 warnings, and 4 notices. {"history": "ExplorerRun.0", "point": 1, "testname": "my_lib_cs_amp_1", "cornername": "Nominal"}
[2026-04-09 01:45:37.791 +0700] [PROCESS] [cadence.virtuoso.ade.simulationMonitor] - Simulator exited {"hostname": "dtvt_13", "processid": 2986, "history": "ExplorerRun.0", "testname": "my_lib_cs_amp_1", "cornername": "Nominal", "point": 1, "logfile": "/home/dtvt_13/truong/logs_dtvt_13/logs0/Job37.log", "exitStatus": "0"}
[2026-04-09 01:45:37.791 +0700] [PROCESS] [cadence.virtuoso.ade.simulationMonitor] - Finished Simulation {"hostname": "dtvt_13", "processid": 2986, "history": "ExplorerRun.0", "testname": "my_lib_cs_amp_1", "cornername": "Nominal", "point": 1, "logfile": "/home/dtvt_13/truong/logs_dtvt_13/logs0/Job37.log", "simid": "18"}
[2026-04-09 01:45:38.304 +0700] [PROCESS] [cadence.virtuoso.ade.simulationMonitor] - Point Finished {"hostname": "dtvt_13", "processid": 2986, "history": "ExplorerRun.0", "testname": "my_lib_cs_amp_1", "cornername": "Nominal", "point": 1, "logfile": "/home/dtvt_13/truong/logs_dtvt_13/logs0/Job37.log"}
[2026-04-09 01:47:27.209 +0700] [INFO] [cadence.virtuoso.ade.simulationMonitor] - SimulationMonitor has terminated the vds process '17134', reason: 'Force to stop the expression evalutor process because of new run' {"history": "ExplorerRun.0", "point": 1, "testname": "my_lib_cs_amp_1", "cornername": "Nominal"}
[2026-04-09 01:47:27.210 +0700] [PROCESS] [cadence.virtuoso.ade.simulationMonitor] - HostInfo:
Host name (type):	dtvt_13 (x86_64)
Operating system:	Linux 3.10.0-1160.118.1.el7.x86_64 #1 SMP Wed Apr 24 16:01:50 UTC 2024 {"hostname": "dtvt_13", "processid": 2986, "history": "ExplorerRun.0", "testname": "my_lib_cs_amp_1", "cornername": "Nominal", "point": 1, "logfile": "/home/dtvt_13/truong/logs_dtvt_13/logs0/Job37.log", "nodename": "dtvt_13", "domainname": "(none)", "machine": "x86_64", "sysname": "Linux", "release": "3.10.0-1160.118.1.el7.x86_64", "version": "#1 SMP Wed Apr 24 16:01:50 UTC 2024"}
[2026-04-09 01:47:27.210 +0700] [PROCESS] [cadence.virtuoso.ade.simulationMonitor] - UsageInfo:
pid=2986
totalPhysicalMemory=15.208324GB,Used=14.040642GB,totalVirtualMemory=22.895821GB,Used=14.073845GB
Cpu: Cores=24, Load average:0.160000,0.210000,0.220000 {"hostname": "dtvt_13", "processid": 2986, "history": "ExplorerRun.0", "testname": "my_lib_cs_amp_1", "cornername": "Nominal", "point": 1, "logfile": "/home/dtvt_13/truong/logs_dtvt_13/logs0/Job37.log", "pid": "2986", "totalPhysicalMemory": "15.208324", "physicalMemoryUsed": "14.040642", "totalVirtualMemory": "22.895821", "virtualMemoryUsed": "14.073845", "cpuCores": "24", "processes": "2527", "loadAverage1": "0.160000", "loadAverage5": "0.210000", "loadAverage15": "0.220000", "loadAverage1Percent": "0.006667"}
[2026-04-09 01:47:27.211 +0700] [EVENT] [cadence.virtuoso.ade.simulationMonitor] - NewPoint {"history": "ExplorerRun.0", "point": 1, "testname": "my_lib_cs_amp_1", "cornername": "Nominal", "event": "NewPoint", "EventSource": "Simulation Monitor", "HistoryName": "ExplorerRun.0", "logFile": "/home/dtvt_13/truong/logs_dtvt_13/logs0/Job37.log", "logFileSize": "160144"}
[2026-04-09 01:47:27.312 +0700] [EVENT] [cadence.virtuoso.ade.simulationMonitor] - NewPoint {"history": "ExplorerRun.0", "point": 1, "testname": "my_lib_cs_amp_1", "cornername": "Nominal", "event": "NewPoint", "EventSource": "spectre", "HistoryName": "ExplorerRun.0", "logFile": "/home/dtvt_13/simulation/my_lib/cs_amp/maestro/results/maestro/ExplorerRun.0/1/my_lib_cs_amp_1/psf/spectre.out", "logFileSize": "-1"}
[2026-04-09 01:47:27.323 +0700] [PROCESS] [cadence.virtuoso.ade.simulationMonitor] - Simulator launched {"hostname": "dtvt_13", "processid": 2986, "history": "ExplorerRun.0", "testname": "my_lib_cs_amp_1", "cornername": "Nominal", "point": 1, "logfile": "/home/dtvt_13/truong/logs_dtvt_13/logs0/Job37.log", "simid": "19"}
[2026-04-09 01:47:27.330 +0700] [PROCESS] [cadence.virtuoso.ade.simulationMonitor] - Expression evaluator launched {"hostname": "dtvt_13", "processid": 2986, "history": "ExplorerRun.0", "testname": "my_lib_cs_amp_1", "cornername": "Nominal", "point": 1, "logfile": "/home/dtvt_13/truong/logs_dtvt_13/logs0/Job37.log"}
[2026-04-09 01:47:27.344 +0700] [PROCESS] [cadence.virtuoso.ade.simulationMonitor] - Started Simulation {"hostname": "dtvt_13", "processid": 2986, "history": "ExplorerRun.0", "testname": "my_lib_cs_amp_1", "cornername": "Nominal", "point": 1, "logfile": "/home/dtvt_13/truong/logs_dtvt_13/logs0/Job37.log"}
[2026-04-09 01:47:48.645 +0700] [INFO] [cadence.virtuoso.ade.simulationMonitor] - Peak resident memory used = 95.5 Mbytes. {"history": "ExplorerRun.0", "point": 1, "testname": "my_lib_cs_amp_1", "cornername": "Nominal"}
[2026-04-09 01:47:48.646 +0700] [INFO] [cadence.virtuoso.ade.simulationMonitor] - Peak resident memory used = 104 Mbytes. {"history": "ExplorerRun.0", "point": 1, "testname": "my_lib_cs_amp_1", "cornername": "Nominal"}
[2026-04-09 01:47:48.646 +0700] [INFO] [cadence.virtuoso.ade.simulationMonitor] - Notice from spectre during hierarchy flattening.
    The value 'psf' specified for the 'checklimitdest' option will no longer be supported in future releases. Use 'spectre -h' to see other recommended values for the 'checklimitdest' option. {"history": "ExplorerRun.0", "point": 1, "testname": "my_lib_cs_amp_1", "cornername": "Nominal"}
[2026-04-09 01:47:48.646 +0700] [INFO] [cadence.virtuoso.ade.simulationMonitor] - Peak resident memory used = 105 Mbytes. {"history": "ExplorerRun.0", "point": 1, "testname": "my_lib_cs_amp_1", "cornername": "Nominal"}
[2026-04-09 01:47:48.646 +0700] [INFO] [cadence.virtuoso.ade.simulationMonitor] - Notice from spectre during initial setup.
    Multithreading is disabled due to the size of the design being too small. {"history": "ExplorerRun.0", "point": 1, "testname": "my_lib_cs_amp_1", "cornername": "Nominal"}
[2026-04-09 01:47:48.647 +0700] [INFO] [cadence.virtuoso.ade.simulationMonitor] -               nodes 4 {"history": "ExplorerRun.0", "point": 1, "testname": "my_lib_cs_amp_1", "cornername": "Nominal"}
[2026-04-09 01:47:48.647 +0700] [INFO] [cadence.virtuoso.ade.simulationMonitor] - Notice from spectre during initial setup.
    APS enabled. {"history": "ExplorerRun.0", "point": 1, "testname": "my_lib_cs_amp_1", "cornername": "Nominal"}
[2026-04-09 01:47:48.647 +0700] [INFO] [cadence.virtuoso.ade.simulationMonitor] - Peak resident memory used = 106 Mbytes. {"history": "ExplorerRun.0", "point": 1, "testname": "my_lib_cs_amp_1", "cornername": "Nominal"}
[2026-04-09 01:47:48.648 +0700] [INFO] [cadence.virtuoso.ade.simulationMonitor] -    -   (APS) Multi-threading. The recommended number of threads is 1, consider adding +mt=1 on command line. {"history": "ExplorerRun.0", "point": 1, "testname": "my_lib_cs_amp_1", "cornername": "Nominal"}
[2026-04-09 01:47:48.648 +0700] [INFO] [cadence.virtuoso.ade.simulationMonitor] - Total time required for dc analysis `dcOp': CPU = 1.7 ms, elapsed = 2.74396 ms. {"history": "ExplorerRun.0", "point": 1, "testname": "my_lib_cs_amp_1", "cornername": "Nominal"}
[2026-04-09 01:47:48.648 +0700] [INFO] [cadence.virtuoso.ade.simulationMonitor] - Peak resident memory used = 108 Mbytes. {"history": "ExplorerRun.0", "point": 1, "testname": "my_lib_cs_amp_1", "cornername": "Nominal"}
[2026-04-09 01:47:48.648 +0700] [INFO] [cadence.virtuoso.ade.simulationMonitor] - Time used: CPU = 536 ms, elapsed = 20.8 s, util. = 2.57%. {"history": "ExplorerRun.0", "point": 1, "testname": "my_lib_cs_amp_1", "cornername": "Nominal"}
[2026-04-09 01:47:48.648 +0700] [INFO] [cadence.virtuoso.ade.simulationMonitor] - Time spent in licensing: elapsed = 20.3 s, percentage of total = 97.3%. {"history": "ExplorerRun.0", "point": 1, "testname": "my_lib_cs_amp_1", "cornername": "Nominal"}
[2026-04-09 01:47:48.648 +0700] [INFO] [cadence.virtuoso.ade.simulationMonitor] - Peak memory used = 110 Mbytes. {"history": "ExplorerRun.0", "point": 1, "testname": "my_lib_cs_amp_1", "cornername": "Nominal"}
[2026-04-09 01:47:48.649 +0700] [PROCESS] [cadence.virtuoso.ade.simulationMonitor] - Simulation started at: 1:47:27 AM, Thur Apr 9, 2026, ended at: 1:47:48 AM, Thur Apr 9, 2026, with elapsed time (wall clock): 20.8 s. {"history": "ExplorerRun.0", "point": 1, "testname": "my_lib_cs_amp_1", "cornername": "Nominal"}
[2026-04-09 01:47:48.649 +0700] [PROCESS] [cadence.virtuoso.ade.simulationMonitor] - spectre completes with 0 errors, 0 warnings, and 4 notices. {"history": "ExplorerRun.0", "point": 1, "testname": "my_lib_cs_amp_1", "cornername": "Nominal"}
[2026-04-09 01:47:49.150 +0700] [PROCESS] [cadence.virtuoso.ade.simulationMonitor] - Finished simulating for one point {"hostname": "dtvt_13", "processid": 2986, "history": "ExplorerRun.0", "testname": "my_lib_cs_amp_1", "cornername": "Nominal", "point": 1, "logfile": "/home/dtvt_13/truong/logs_dtvt_13/logs0/Job37.log", "simid": "19"}
[2026-04-09 01:47:49.150 +0700] [PROCESS] [cadence.virtuoso.ade.simulationMonitor] - Simulator exited {"hostname": "dtvt_13", "processid": 2986, "history": "ExplorerRun.0", "testname": "my_lib_cs_amp_1", "cornername": "Nominal", "point": 1, "logfile": "/home/dtvt_13/truong/logs_dtvt_13/logs0/Job37.log", "exitStatus": "0"}
[2026-04-09 01:47:49.151 +0700] [PROCESS] [cadence.virtuoso.ade.simulationMonitor] - Finished Simulation {"hostname": "dtvt_13", "processid": 2986, "history": "ExplorerRun.0", "testname": "my_lib_cs_amp_1", "cornername": "Nominal", "point": 1, "logfile": "/home/dtvt_13/truong/logs_dtvt_13/logs0/Job37.log", "simid": "19"}
[2026-04-09 01:47:49.663 +0700] [PROCESS] [cadence.virtuoso.ade.simulationMonitor] - Point Finished {"hostname": "dtvt_13", "processid": 2986, "history": "ExplorerRun.0", "testname": "my_lib_cs_amp_1", "cornername": "Nominal", "point": 1, "logfile": "/home/dtvt_13/truong/logs_dtvt_13/logs0/Job37.log"}
[2026-04-09 01:48:24.690 +0700] [INFO] [cadence.virtuoso.ade.simulationMonitor] - SimulationMonitor has terminated the vds process '18013', reason: 'Force to stop the expression evalutor process because of new run' {"history": "ExplorerRun.0", "point": 1, "testname": "my_lib_cs_amp_1", "cornername": "Nominal"}
[2026-04-09 01:48:24.690 +0700] [PROCESS] [cadence.virtuoso.ade.simulationMonitor] - HostInfo:
Host name (type):	dtvt_13 (x86_64)
Operating system:	Linux 3.10.0-1160.118.1.el7.x86_64 #1 SMP Wed Apr 24 16:01:50 UTC 2024 {"hostname": "dtvt_13", "processid": 2986, "history": "ExplorerRun.0", "testname": "my_lib_cs_amp_1", "cornername": "Nominal", "point": 1, "logfile": "/home/dtvt_13/truong/logs_dtvt_13/logs0/Job37.log", "nodename": "dtvt_13", "domainname": "(none)", "machine": "x86_64", "sysname": "Linux", "release": "3.10.0-1160.118.1.el7.x86_64", "version": "#1 SMP Wed Apr 24 16:01:50 UTC 2024"}
[2026-04-09 01:48:24.691 +0700] [PROCESS] [cadence.virtuoso.ade.simulationMonitor] - UsageInfo:
pid=2986
totalPhysicalMemory=15.208324GB,Used=14.374680GB,totalVirtualMemory=22.895821GB,Used=14.407883GB
Cpu: Cores=24, Load average:0.230000,0.220000,0.220000 {"hostname": "dtvt_13", "processid": 2986, "history": "ExplorerRun.0", "testname": "my_lib_cs_amp_1", "cornername": "Nominal", "point": 1, "logfile": "/home/dtvt_13/truong/logs_dtvt_13/logs0/Job37.log", "pid": "2986", "totalPhysicalMemory": "15.208324", "physicalMemoryUsed": "14.374680", "totalVirtualMemory": "22.895821", "virtualMemoryUsed": "14.407883", "cpuCores": "24", "processes": "2550", "loadAverage1": "0.230000", "loadAverage5": "0.220000", "loadAverage15": "0.220000", "loadAverage1Percent": "0.009583"}
[2026-04-09 01:48:24.691 +0700] [EVENT] [cadence.virtuoso.ade.simulationMonitor] - NewPoint {"history": "ExplorerRun.0", "point": 1, "testname": "my_lib_cs_amp_1", "cornername": "Nominal", "event": "NewPoint", "EventSource": "Simulation Monitor", "HistoryName": "ExplorerRun.0", "logFile": "/home/dtvt_13/truong/logs_dtvt_13/logs0/Job37.log", "logFileSize": "168131"}
[2026-04-09 01:48:24.792 +0700] [EVENT] [cadence.virtuoso.ade.simulationMonitor] - NewPoint {"history": "ExplorerRun.0", "point": 1, "testname": "my_lib_cs_amp_1", "cornername": "Nominal", "event": "NewPoint", "EventSource": "spectre", "HistoryName": "ExplorerRun.0", "logFile": "/home/dtvt_13/simulation/my_lib/cs_amp/maestro/results/maestro/ExplorerRun.0/1/my_lib_cs_amp_1/psf/spectre.out", "logFileSize": "-1"}
[2026-04-09 01:48:24.795 +0700] [PROCESS] [cadence.virtuoso.ade.simulationMonitor] - Simulator launched {"hostname": "dtvt_13", "processid": 2986, "history": "ExplorerRun.0", "testname": "my_lib_cs_amp_1", "cornername": "Nominal", "point": 1, "logfile": "/home/dtvt_13/truong/logs_dtvt_13/logs0/Job37.log", "simid": "20"}
[2026-04-09 01:48:24.796 +0700] [PROCESS] [cadence.virtuoso.ade.simulationMonitor] - Expression evaluator launched {"hostname": "dtvt_13", "processid": 2986, "history": "ExplorerRun.0", "testname": "my_lib_cs_amp_1", "cornername": "Nominal", "point": 1, "logfile": "/home/dtvt_13/truong/logs_dtvt_13/logs0/Job37.log"}
[2026-04-09 01:48:24.800 +0700] [PROCESS] [cadence.virtuoso.ade.simulationMonitor] - Started Simulation {"hostname": "dtvt_13", "processid": 2986, "history": "ExplorerRun.0", "testname": "my_lib_cs_amp_1", "cornername": "Nominal", "point": 1, "logfile": "/home/dtvt_13/truong/logs_dtvt_13/logs0/Job37.log"}
[2026-04-09 01:48:46.193 +0700] [PROCESS] [cadence.virtuoso.ade.simulationMonitor] - Finished simulating for one point {"hostname": "dtvt_13", "processid": 2986, "history": "ExplorerRun.0", "testname": "my_lib_cs_amp_1", "cornername": "Nominal", "point": 1, "logfile": "/home/dtvt_13/truong/logs_dtvt_13/logs0/Job37.log", "simid": "20"}
[2026-04-09 01:48:46.193 +0700] [INFO] [cadence.virtuoso.ade.simulationMonitor] - Peak resident memory used = 95.5 Mbytes. {"history": "ExplorerRun.0", "point": 1, "testname": "my_lib_cs_amp_1", "cornername": "Nominal"}
[2026-04-09 01:48:46.193 +0700] [INFO] [cadence.virtuoso.ade.simulationMonitor] - Peak resident memory used = 104 Mbytes. {"history": "ExplorerRun.0", "point": 1, "testname": "my_lib_cs_amp_1", "cornername": "Nominal"}
[2026-04-09 01:48:46.193 +0700] [INFO] [cadence.virtuoso.ade.simulationMonitor] - Notice from spectre during hierarchy flattening.
    The value 'psf' specified for the 'checklimitdest' option will no longer be supported in future releases. Use 'spectre -h' to see other recommended values for the 'checklimitdest' option. {"history": "ExplorerRun.0", "point": 1, "testname": "my_lib_cs_amp_1", "cornername": "Nominal"}
[2026-04-09 01:48:46.193 +0700] [INFO] [cadence.virtuoso.ade.simulationMonitor] - Peak resident memory used = 105 Mbytes. {"history": "ExplorerRun.0", "point": 1, "testname": "my_lib_cs_amp_1", "cornername": "Nominal"}
[2026-04-09 01:48:46.194 +0700] [INFO] [cadence.virtuoso.ade.simulationMonitor] - Notice from spectre during initial setup.
    Multithreading is disabled due to the size of the design being too small. {"history": "ExplorerRun.0", "point": 1, "testname": "my_lib_cs_amp_1", "cornername": "Nominal"}
[2026-04-09 01:48:46.194 +0700] [INFO] [cadence.virtuoso.ade.simulationMonitor] -               nodes 4 {"history": "ExplorerRun.0", "point": 1, "testname": "my_lib_cs_amp_1", "cornername": "Nominal"}
[2026-04-09 01:48:46.194 +0700] [INFO] [cadence.virtuoso.ade.simulationMonitor] - Notice from spectre during initial setup.
    APS enabled. {"history": "ExplorerRun.0", "point": 1, "testname": "my_lib_cs_amp_1", "cornername": "Nominal"}
[2026-04-09 01:48:46.194 +0700] [INFO] [cadence.virtuoso.ade.simulationMonitor] - Peak resident memory used = 106 Mbytes. {"history": "ExplorerRun.0", "point": 1, "testname": "my_lib_cs_amp_1", "cornername": "Nominal"}
[2026-04-09 01:48:46.194 +0700] [INFO] [cadence.virtuoso.ade.simulationMonitor] -    -   (APS) Multi-threading. The recommended number of threads is 1, consider adding +mt=1 on command line. {"history": "ExplorerRun.0", "point": 1, "testname": "my_lib_cs_amp_1", "cornername": "Nominal"}
[2026-04-09 01:48:46.194 +0700] [INFO] [cadence.virtuoso.ade.simulationMonitor] - Total time required for dc analysis `dcOp': CPU = 1.523 ms, elapsed = 2.40707 ms. {"history": "ExplorerRun.0", "point": 1, "testname": "my_lib_cs_amp_1", "cornername": "Nominal"}
[2026-04-09 01:48:46.194 +0700] [INFO] [cadence.virtuoso.ade.simulationMonitor] - Peak resident memory used = 108 Mbytes. {"history": "ExplorerRun.0", "point": 1, "testname": "my_lib_cs_amp_1", "cornername": "Nominal"}
[2026-04-09 01:48:46.194 +0700] [INFO] [cadence.virtuoso.ade.simulationMonitor] - Time used: CPU = 507 ms, elapsed = 20.8 s, util. = 2.44%. {"history": "ExplorerRun.0", "point": 1, "testname": "my_lib_cs_amp_1", "cornername": "Nominal"}
[2026-04-09 01:48:46.194 +0700] [INFO] [cadence.virtuoso.ade.simulationMonitor] - Time spent in licensing: elapsed = 20.3 s, percentage of total = 97.4%. {"history": "ExplorerRun.0", "point": 1, "testname": "my_lib_cs_amp_1", "cornername": "Nominal"}
[2026-04-09 01:48:46.194 +0700] [INFO] [cadence.virtuoso.ade.simulationMonitor] - Peak memory used = 110 Mbytes. {"history": "ExplorerRun.0", "point": 1, "testname": "my_lib_cs_amp_1", "cornername": "Nominal"}
[2026-04-09 01:48:46.195 +0700] [PROCESS] [cadence.virtuoso.ade.simulationMonitor] - Simulation started at: 1:48:24 AM, Thur Apr 9, 2026, ended at: 1:48:45 AM, Thur Apr 9, 2026, with elapsed time (wall clock): 20.8 s. {"history": "ExplorerRun.0", "point": 1, "testname": "my_lib_cs_amp_1", "cornername": "Nominal"}
[2026-04-09 01:48:46.195 +0700] [PROCESS] [cadence.virtuoso.ade.simulationMonitor] - spectre completes with 0 errors, 0 warnings, and 4 notices. {"history": "ExplorerRun.0", "point": 1, "testname": "my_lib_cs_amp_1", "cornername": "Nominal"}
[2026-04-09 01:48:46.195 +0700] [PROCESS] [cadence.virtuoso.ade.simulationMonitor] - Simulator exited {"hostname": "dtvt_13", "processid": 2986, "history": "ExplorerRun.0", "testname": "my_lib_cs_amp_1", "cornername": "Nominal", "point": 1, "logfile": "/home/dtvt_13/truong/logs_dtvt_13/logs0/Job37.log", "exitStatus": "0"}
[2026-04-09 01:48:46.195 +0700] [PROCESS] [cadence.virtuoso.ade.simulationMonitor] - Finished Simulation {"hostname": "dtvt_13", "processid": 2986, "history": "ExplorerRun.0", "testname": "my_lib_cs_amp_1", "cornername": "Nominal", "point": 1, "logfile": "/home/dtvt_13/truong/logs_dtvt_13/logs0/Job37.log", "simid": "20"}
[2026-04-09 01:48:47.200 +0700] [PROCESS] [cadence.virtuoso.ade.simulationMonitor] - Point Finished {"hostname": "dtvt_13", "processid": 2986, "history": "ExplorerRun.0", "testname": "my_lib_cs_amp_1", "cornername": "Nominal", "point": 1, "logfile": "/home/dtvt_13/truong/logs_dtvt_13/logs0/Job37.log"}
[2026-04-09 01:51:40.049 +0700] [INFO] [cadence.virtuoso.ade.simulationMonitor] - SimulationMonitor has terminated the vds process '18668', reason: 'Force to stop the expression evalutor process because of new run' {"history": "ExplorerRun.0", "point": 1, "testname": "my_lib_cs_amp_1", "cornername": "Nominal"}
[2026-04-09 01:51:40.049 +0700] [PROCESS] [cadence.virtuoso.ade.simulationMonitor] - HostInfo:
Host name (type):	dtvt_13 (x86_64)
Operating system:	Linux 3.10.0-1160.118.1.el7.x86_64 #1 SMP Wed Apr 24 16:01:50 UTC 2024 {"hostname": "dtvt_13", "processid": 2986, "history": "ExplorerRun.0", "testname": "my_lib_cs_amp_1", "cornername": "Nominal", "point": 1, "logfile": "/home/dtvt_13/truong/logs_dtvt_13/logs0/Job37.log", "nodename": "dtvt_13", "domainname": "(none)", "machine": "x86_64", "sysname": "Linux", "release": "3.10.0-1160.118.1.el7.x86_64", "version": "#1 SMP Wed Apr 24 16:01:50 UTC 2024"}
[2026-04-09 01:51:40.049 +0700] [PROCESS] [cadence.virtuoso.ade.simulationMonitor] - UsageInfo:
pid=2986
totalPhysicalMemory=15.208324GB,Used=13.995056GB,totalVirtualMemory=22.895821GB,Used=14.028259GB
Cpu: Cores=24, Load average:0.020000,0.120000,0.190000 {"hostname": "dtvt_13", "processid": 2986, "history": "ExplorerRun.0", "testname": "my_lib_cs_amp_1", "cornername": "Nominal", "point": 1, "logfile": "/home/dtvt_13/truong/logs_dtvt_13/logs0/Job37.log", "pid": "2986", "totalPhysicalMemory": "15.208324", "physicalMemoryUsed": "13.995056", "totalVirtualMemory": "22.895821", "virtualMemoryUsed": "14.028259", "cpuCores": "24", "processes": "2527", "loadAverage1": "0.020000", "loadAverage5": "0.120000", "loadAverage15": "0.190000", "loadAverage1Percent": "0.000833"}
[2026-04-09 01:51:40.050 +0700] [EVENT] [cadence.virtuoso.ade.simulationMonitor] - NewPoint {"history": "ExplorerRun.0", "point": 1, "testname": "my_lib_cs_amp_1", "cornername": "Nominal", "event": "NewPoint", "EventSource": "Simulation Monitor", "HistoryName": "ExplorerRun.0", "logFile": "/home/dtvt_13/truong/logs_dtvt_13/logs0/Job37.log", "logFileSize": "177668"}
[2026-04-09 01:51:40.150 +0700] [EVENT] [cadence.virtuoso.ade.simulationMonitor] - NewPoint {"history": "ExplorerRun.0", "point": 1, "testname": "my_lib_cs_amp_1", "cornername": "Nominal", "event": "NewPoint", "EventSource": "spectre", "HistoryName": "ExplorerRun.0", "logFile": "/home/dtvt_13/simulation/my_lib/cs_amp/maestro/results/maestro/ExplorerRun.0/1/my_lib_cs_amp_1/psf/spectre.out", "logFileSize": "-1"}
[2026-04-09 01:51:40.154 +0700] [PROCESS] [cadence.virtuoso.ade.simulationMonitor] - Simulator launched {"hostname": "dtvt_13", "processid": 2986, "history": "ExplorerRun.0", "testname": "my_lib_cs_amp_1", "cornername": "Nominal", "point": 1, "logfile": "/home/dtvt_13/truong/logs_dtvt_13/logs0/Job37.log", "simid": "21"}
[2026-04-09 01:51:40.159 +0700] [PROCESS] [cadence.virtuoso.ade.simulationMonitor] - Expression evaluator launched {"hostname": "dtvt_13", "processid": 2986, "history": "ExplorerRun.0", "testname": "my_lib_cs_amp_1", "cornername": "Nominal", "point": 1, "logfile": "/home/dtvt_13/truong/logs_dtvt_13/logs0/Job37.log"}
[2026-04-09 01:51:40.164 +0700] [PROCESS] [cadence.virtuoso.ade.simulationMonitor] - Started Simulation {"hostname": "dtvt_13", "processid": 2986, "history": "ExplorerRun.0", "testname": "my_lib_cs_amp_1", "cornername": "Nominal", "point": 1, "logfile": "/home/dtvt_13/truong/logs_dtvt_13/logs0/Job37.log"}
[2026-04-09 01:52:01.479 +0700] [PROCESS] [cadence.virtuoso.ade.simulationMonitor] - Finished simulating for one point {"hostname": "dtvt_13", "processid": 2986, "history": "ExplorerRun.0", "testname": "my_lib_cs_amp_1", "cornername": "Nominal", "point": 1, "logfile": "/home/dtvt_13/truong/logs_dtvt_13/logs0/Job37.log", "simid": "21"}
[2026-04-09 01:52:01.480 +0700] [INFO] [cadence.virtuoso.ade.simulationMonitor] - Peak resident memory used = 95.5 Mbytes. {"history": "ExplorerRun.0", "point": 1, "testname": "my_lib_cs_amp_1", "cornername": "Nominal"}
[2026-04-09 01:52:01.480 +0700] [INFO] [cadence.virtuoso.ade.simulationMonitor] - Peak resident memory used = 104 Mbytes. {"history": "ExplorerRun.0", "point": 1, "testname": "my_lib_cs_amp_1", "cornername": "Nominal"}
[2026-04-09 01:52:01.481 +0700] [INFO] [cadence.virtuoso.ade.simulationMonitor] - Notice from spectre during hierarchy flattening.
    The value 'psf' specified for the 'checklimitdest' option will no longer be supported in future releases. Use 'spectre -h' to see other recommended values for the 'checklimitdest' option. {"history": "ExplorerRun.0", "point": 1, "testname": "my_lib_cs_amp_1", "cornername": "Nominal"}
[2026-04-09 01:52:01.481 +0700] [INFO] [cadence.virtuoso.ade.simulationMonitor] - Peak resident memory used = 105 Mbytes. {"history": "ExplorerRun.0", "point": 1, "testname": "my_lib_cs_amp_1", "cornername": "Nominal"}
[2026-04-09 01:52:01.481 +0700] [INFO] [cadence.virtuoso.ade.simulationMonitor] - Notice from spectre during initial setup.
    Multithreading is disabled due to the size of the design being too small. {"history": "ExplorerRun.0", "point": 1, "testname": "my_lib_cs_amp_1", "cornername": "Nominal"}
[2026-04-09 01:52:01.482 +0700] [INFO] [cadence.virtuoso.ade.simulationMonitor] -               nodes 4 {"history": "ExplorerRun.0", "point": 1, "testname": "my_lib_cs_amp_1", "cornername": "Nominal"}
[2026-04-09 01:52:01.482 +0700] [INFO] [cadence.virtuoso.ade.simulationMonitor] - Notice from spectre during initial setup.
    APS enabled. {"history": "ExplorerRun.0", "point": 1, "testname": "my_lib_cs_amp_1", "cornername": "Nominal"}
[2026-04-09 01:52:01.482 +0700] [INFO] [cadence.virtuoso.ade.simulationMonitor] - Peak resident memory used = 106 Mbytes. {"history": "ExplorerRun.0", "point": 1, "testname": "my_lib_cs_amp_1", "cornername": "Nominal"}
[2026-04-09 01:52:01.483 +0700] [INFO] [cadence.virtuoso.ade.simulationMonitor] -    -   (APS) Multi-threading. The recommended number of threads is 1, consider adding +mt=1 on command line. {"history": "ExplorerRun.0", "point": 1, "testname": "my_lib_cs_amp_1", "cornername": "Nominal"}
[2026-04-09 01:52:01.483 +0700] [INFO] [cadence.virtuoso.ade.simulationMonitor] - Total time required for dc analysis `dcOp': CPU = 1.984 ms, elapsed = 3.08585 ms. {"history": "ExplorerRun.0", "point": 1, "testname": "my_lib_cs_amp_1", "cornername": "Nominal"}
[2026-04-09 01:52:01.483 +0700] [INFO] [cadence.virtuoso.ade.simulationMonitor] - Peak resident memory used = 108 Mbytes. {"history": "ExplorerRun.0", "point": 1, "testname": "my_lib_cs_amp_1", "cornername": "Nominal"}
[2026-04-09 01:52:01.483 +0700] [INFO] [cadence.virtuoso.ade.simulationMonitor] - Time used: CPU = 550 ms, elapsed = 20.8 s, util. = 2.64%. {"history": "ExplorerRun.0", "point": 1, "testname": "my_lib_cs_amp_1", "cornername": "Nominal"}
[2026-04-09 01:52:01.483 +0700] [INFO] [cadence.virtuoso.ade.simulationMonitor] - Time spent in licensing: elapsed = 20.3 s, percentage of total = 97.3%. {"history": "ExplorerRun.0", "point": 1, "testname": "my_lib_cs_amp_1", "cornername": "Nominal"}
[2026-04-09 01:52:01.484 +0700] [INFO] [cadence.virtuoso.ade.simulationMonitor] - Peak memory used = 110 Mbytes. {"history": "ExplorerRun.0", "point": 1, "testname": "my_lib_cs_amp_1", "cornername": "Nominal"}
[2026-04-09 01:52:01.484 +0700] [PROCESS] [cadence.virtuoso.ade.simulationMonitor] - Simulation started at: 1:51:40 AM, Thur Apr 9, 2026, ended at: 1:52:01 AM, Thur Apr 9, 2026, with elapsed time (wall clock): 20.8 s. {"history": "ExplorerRun.0", "point": 1, "testname": "my_lib_cs_amp_1", "cornername": "Nominal"}
[2026-04-09 01:52:01.484 +0700] [PROCESS] [cadence.virtuoso.ade.simulationMonitor] - spectre completes with 0 errors, 0 warnings, and 4 notices. {"history": "ExplorerRun.0", "point": 1, "testname": "my_lib_cs_amp_1", "cornername": "Nominal"}
[2026-04-09 01:52:01.484 +0700] [PROCESS] [cadence.virtuoso.ade.simulationMonitor] - Simulator exited {"hostname": "dtvt_13", "processid": 2986, "history": "ExplorerRun.0", "testname": "my_lib_cs_amp_1", "cornername": "Nominal", "point": 1, "logfile": "/home/dtvt_13/truong/logs_dtvt_13/logs0/Job37.log", "exitStatus": "0"}
[2026-04-09 01:52:01.484 +0700] [PROCESS] [cadence.virtuoso.ade.simulationMonitor] - Finished Simulation {"hostname": "dtvt_13", "processid": 2986, "history": "ExplorerRun.0", "testname": "my_lib_cs_amp_1", "cornername": "Nominal", "point": 1, "logfile": "/home/dtvt_13/truong/logs_dtvt_13/logs0/Job37.log", "simid": "21"}
[2026-04-09 01:52:02.000 +0700] [PROCESS] [cadence.virtuoso.ade.simulationMonitor] - Point Finished {"hostname": "dtvt_13", "processid": 2986, "history": "ExplorerRun.0", "testname": "my_lib_cs_amp_1", "cornername": "Nominal", "point": 1, "logfile": "/home/dtvt_13/truong/logs_dtvt_13/logs0/Job37.log"}
[2026-04-09 01:52:22.690 +0700] [INFO] [cadence.virtuoso.ade.simulationMonitor] - SimulationMonitor has terminated the vds process '19835', reason: 'Force to stop the expression evalutor process because of new run' {"history": "ExplorerRun.0", "point": 1, "testname": "my_lib_cs_amp_1", "cornername": "Nominal"}
[2026-04-09 01:52:22.691 +0700] [PROCESS] [cadence.virtuoso.ade.simulationMonitor] - HostInfo:
Host name (type):	dtvt_13 (x86_64)
Operating system:	Linux 3.10.0-1160.118.1.el7.x86_64 #1 SMP Wed Apr 24 16:01:50 UTC 2024 {"hostname": "dtvt_13", "processid": 2986, "history": "ExplorerRun.0", "testname": "my_lib_cs_amp_1", "cornername": "Nominal", "point": 1, "logfile": "/home/dtvt_13/truong/logs_dtvt_13/logs0/Job37.log", "nodename": "dtvt_13", "domainname": "(none)", "machine": "x86_64", "sysname": "Linux", "release": "3.10.0-1160.118.1.el7.x86_64", "version": "#1 SMP Wed Apr 24 16:01:50 UTC 2024"}
[2026-04-09 01:52:22.691 +0700] [PROCESS] [cadence.virtuoso.ade.simulationMonitor] - UsageInfo:
pid=2986
totalPhysicalMemory=15.208324GB,Used=14.008587GB,totalVirtualMemory=22.895821GB,Used=14.041790GB
Cpu: Cores=24, Load average:0.240000,0.170000,0.210000 {"hostname": "dtvt_13", "processid": 2986, "history": "ExplorerRun.0", "testname": "my_lib_cs_amp_1", "cornername": "Nominal", "point": 1, "logfile": "/home/dtvt_13/truong/logs_dtvt_13/logs0/Job37.log", "pid": "2986", "totalPhysicalMemory": "15.208324", "physicalMemoryUsed": "14.008587", "totalVirtualMemory": "22.895821", "virtualMemoryUsed": "14.041790", "cpuCores": "24", "processes": "2527", "loadAverage1": "0.240000", "loadAverage5": "0.170000", "loadAverage15": "0.210000", "loadAverage1Percent": "0.010000"}
[2026-04-09 01:52:22.691 +0700] [EVENT] [cadence.virtuoso.ade.simulationMonitor] - NewPoint {"history": "ExplorerRun.0", "point": 1, "testname": "my_lib_cs_amp_1", "cornername": "Nominal", "event": "NewPoint", "EventSource": "Simulation Monitor", "HistoryName": "ExplorerRun.0", "logFile": "/home/dtvt_13/truong/logs_dtvt_13/logs0/Job37.log", "logFileSize": "186431"}
[2026-04-09 01:52:22.792 +0700] [EVENT] [cadence.virtuoso.ade.simulationMonitor] - NewPoint {"history": "ExplorerRun.0", "point": 1, "testname": "my_lib_cs_amp_1", "cornername": "Nominal", "event": "NewPoint", "EventSource": "spectre", "HistoryName": "ExplorerRun.0", "logFile": "/home/dtvt_13/simulation/my_lib/cs_amp/maestro/results/maestro/ExplorerRun.0/1/my_lib_cs_amp_1/psf/spectre.out", "logFileSize": "-1"}
[2026-04-09 01:52:22.803 +0700] [PROCESS] [cadence.virtuoso.ade.simulationMonitor] - Simulator launched {"hostname": "dtvt_13", "processid": 2986, "history": "ExplorerRun.0", "testname": "my_lib_cs_amp_1", "cornername": "Nominal", "point": 1, "logfile": "/home/dtvt_13/truong/logs_dtvt_13/logs0/Job37.log", "simid": "22"}
[2026-04-09 01:52:22.805 +0700] [PROCESS] [cadence.virtuoso.ade.simulationMonitor] - Expression evaluator launched {"hostname": "dtvt_13", "processid": 2986, "history": "ExplorerRun.0", "testname": "my_lib_cs_amp_1", "cornername": "Nominal", "point": 1, "logfile": "/home/dtvt_13/truong/logs_dtvt_13/logs0/Job37.log"}
[2026-04-09 01:52:22.820 +0700] [PROCESS] [cadence.virtuoso.ade.simulationMonitor] - Started Simulation {"hostname": "dtvt_13", "processid": 2986, "history": "ExplorerRun.0", "testname": "my_lib_cs_amp_1", "cornername": "Nominal", "point": 1, "logfile": "/home/dtvt_13/truong/logs_dtvt_13/logs0/Job37.log"}
[2026-04-09 01:52:44.636 +0700] [PROCESS] [cadence.virtuoso.ade.simulationMonitor] - Finished simulating for one point {"hostname": "dtvt_13", "processid": 2986, "history": "ExplorerRun.0", "testname": "my_lib_cs_amp_1", "cornername": "Nominal", "point": 1, "logfile": "/home/dtvt_13/truong/logs_dtvt_13/logs0/Job37.log", "simid": "22"}
[2026-04-09 01:52:44.636 +0700] [INFO] [cadence.virtuoso.ade.simulationMonitor] - Peak resident memory used = 95.5 Mbytes. {"history": "ExplorerRun.0", "point": 1, "testname": "my_lib_cs_amp_1", "cornername": "Nominal"}
[2026-04-09 01:52:44.636 +0700] [INFO] [cadence.virtuoso.ade.simulationMonitor] - Peak resident memory used = 104 Mbytes. {"history": "ExplorerRun.0", "point": 1, "testname": "my_lib_cs_amp_1", "cornername": "Nominal"}
[2026-04-09 01:52:44.637 +0700] [INFO] [cadence.virtuoso.ade.simulationMonitor] - Notice from spectre during hierarchy flattening.
    The value 'psf' specified for the 'checklimitdest' option will no longer be supported in future releases. Use 'spectre -h' to see other recommended values for the 'checklimitdest' option. {"history": "ExplorerRun.0", "point": 1, "testname": "my_lib_cs_amp_1", "cornername": "Nominal"}
[2026-04-09 01:52:44.637 +0700] [INFO] [cadence.virtuoso.ade.simulationMonitor] - Peak resident memory used = 105 Mbytes. {"history": "ExplorerRun.0", "point": 1, "testname": "my_lib_cs_amp_1", "cornername": "Nominal"}
[2026-04-09 01:52:44.637 +0700] [INFO] [cadence.virtuoso.ade.simulationMonitor] - Notice from spectre during initial setup.
    Multithreading is disabled due to the size of the design being too small. {"history": "ExplorerRun.0", "point": 1, "testname": "my_lib_cs_amp_1", "cornername": "Nominal"}
[2026-04-09 01:52:44.638 +0700] [INFO] [cadence.virtuoso.ade.simulationMonitor] -               nodes 4 {"history": "ExplorerRun.0", "point": 1, "testname": "my_lib_cs_amp_1", "cornername": "Nominal"}
[2026-04-09 01:52:44.638 +0700] [INFO] [cadence.virtuoso.ade.simulationMonitor] - Notice from spectre during initial setup.
    APS enabled. {"history": "ExplorerRun.0", "point": 1, "testname": "my_lib_cs_amp_1", "cornername": "Nominal"}
[2026-04-09 01:52:44.638 +0700] [INFO] [cadence.virtuoso.ade.simulationMonitor] - Peak resident memory used = 106 Mbytes. {"history": "ExplorerRun.0", "point": 1, "testname": "my_lib_cs_amp_1", "cornername": "Nominal"}
[2026-04-09 01:52:44.638 +0700] [INFO] [cadence.virtuoso.ade.simulationMonitor] -    -   (APS) Multi-threading. The recommended number of threads is 1, consider adding +mt=1 on command line. {"history": "ExplorerRun.0", "point": 1, "testname": "my_lib_cs_amp_1", "cornername": "Nominal"}
[2026-04-09 01:52:44.638 +0700] [INFO] [cadence.virtuoso.ade.simulationMonitor] - Total time required for dc analysis `dcOp': CPU = 1.754 ms, elapsed = 2.74801 ms. {"history": "ExplorerRun.0", "point": 1, "testname": "my_lib_cs_amp_1", "cornername": "Nominal"}
[2026-04-09 01:52:44.639 +0700] [INFO] [cadence.virtuoso.ade.simulationMonitor] - Peak resident memory used = 108 Mbytes. {"history": "ExplorerRun.0", "point": 1, "testname": "my_lib_cs_amp_1", "cornername": "Nominal"}
[2026-04-09 01:52:44.639 +0700] [INFO] [cadence.virtuoso.ade.simulationMonitor] - Time used: CPU = 561 ms, elapsed = 21.2 s, util. = 2.64%. {"history": "ExplorerRun.0", "point": 1, "testname": "my_lib_cs_amp_1", "cornername": "Nominal"}
[2026-04-09 01:52:44.639 +0700] [INFO] [cadence.virtuoso.ade.simulationMonitor] - Time spent in licensing: elapsed = 20.7 s, percentage of total = 97.3%. {"history": "ExplorerRun.0", "point": 1, "testname": "my_lib_cs_amp_1", "cornername": "Nominal"}
[2026-04-09 01:52:44.640 +0700] [INFO] [cadence.virtuoso.ade.simulationMonitor] - Peak memory used = 110 Mbytes. {"history": "ExplorerRun.0", "point": 1, "testname": "my_lib_cs_amp_1", "cornername": "Nominal"}
[2026-04-09 01:52:44.640 +0700] [PROCESS] [cadence.virtuoso.ade.simulationMonitor] - Simulation started at: 1:52:23 AM, Thur Apr 9, 2026, ended at: 1:52:44 AM, Thur Apr 9, 2026, with elapsed time (wall clock): 21.2 s. {"history": "ExplorerRun.0", "point": 1, "testname": "my_lib_cs_amp_1", "cornername": "Nominal"}
[2026-04-09 01:52:44.640 +0700] [PROCESS] [cadence.virtuoso.ade.simulationMonitor] - spectre completes with 0 errors, 0 warnings, and 4 notices. {"history": "ExplorerRun.0", "point": 1, "testname": "my_lib_cs_amp_1", "cornername": "Nominal"}
[2026-04-09 01:52:44.640 +0700] [PROCESS] [cadence.virtuoso.ade.simulationMonitor] - Simulator exited {"hostname": "dtvt_13", "processid": 2986, "history": "ExplorerRun.0", "testname": "my_lib_cs_amp_1", "cornername": "Nominal", "point": 1, "logfile": "/home/dtvt_13/truong/logs_dtvt_13/logs0/Job37.log", "exitStatus": "0"}
[2026-04-09 01:52:44.640 +0700] [PROCESS] [cadence.virtuoso.ade.simulationMonitor] - Finished Simulation {"hostname": "dtvt_13", "processid": 2986, "history": "ExplorerRun.0", "testname": "my_lib_cs_amp_1", "cornername": "Nominal", "point": 1, "logfile": "/home/dtvt_13/truong/logs_dtvt_13/logs0/Job37.log", "simid": "22"}
[2026-04-09 01:52:45.653 +0700] [PROCESS] [cadence.virtuoso.ade.simulationMonitor] - Point Finished {"hostname": "dtvt_13", "processid": 2986, "history": "ExplorerRun.0", "testname": "my_lib_cs_amp_1", "cornername": "Nominal", "point": 1, "logfile": "/home/dtvt_13/truong/logs_dtvt_13/logs0/Job37.log"}
[2026-04-09 01:53:36.342 +0700] [INFO] [cadence.virtuoso.ade.simulationMonitor] - SimulationMonitor has terminated the vds process '20732', reason: 'Force to stop the expression evalutor process because of new run' {"history": "ExplorerRun.0", "point": 1, "testname": "my_lib_cs_amp_1", "cornername": "Nominal"}
[2026-04-09 01:53:36.343 +0700] [PROCESS] [cadence.virtuoso.ade.simulationMonitor] - HostInfo:
Host name (type):	dtvt_13 (x86_64)
Operating system:	Linux 3.10.0-1160.118.1.el7.x86_64 #1 SMP Wed Apr 24 16:01:50 UTC 2024 {"hostname": "dtvt_13", "processid": 2986, "history": "ExplorerRun.0", "testname": "my_lib_cs_amp_1", "cornername": "Nominal", "point": 1, "logfile": "/home/dtvt_13/truong/logs_dtvt_13/logs0/Job37.log", "nodename": "dtvt_13", "domainname": "(none)", "machine": "x86_64", "sysname": "Linux", "release": "3.10.0-1160.118.1.el7.x86_64", "version": "#1 SMP Wed Apr 24 16:01:50 UTC 2024"}
[2026-04-09 01:53:36.343 +0700] [PROCESS] [cadence.virtuoso.ade.simulationMonitor] - UsageInfo:
pid=2986
totalPhysicalMemory=15.208324GB,Used=14.076015GB,totalVirtualMemory=22.895821GB,Used=14.109219GB
Cpu: Cores=24, Load average:0.150000,0.160000,0.200000 {"hostname": "dtvt_13", "processid": 2986, "history": "ExplorerRun.0", "testname": "my_lib_cs_amp_1", "cornername": "Nominal", "point": 1, "logfile": "/home/dtvt_13/truong/logs_dtvt_13/logs0/Job37.log", "pid": "2986", "totalPhysicalMemory": "15.208324", "physicalMemoryUsed": "14.076015", "totalVirtualMemory": "22.895821", "virtualMemoryUsed": "14.109219", "cpuCores": "24", "processes": "2531", "loadAverage1": "0.150000", "loadAverage5": "0.160000", "loadAverage15": "0.200000", "loadAverage1Percent": "0.006250"}
[2026-04-09 01:53:36.343 +0700] [EVENT] [cadence.virtuoso.ade.simulationMonitor] - NewPoint {"history": "ExplorerRun.0", "point": 1, "testname": "my_lib_cs_amp_1", "cornername": "Nominal", "event": "NewPoint", "EventSource": "Simulation Monitor", "HistoryName": "ExplorerRun.0", "logFile": "/home/dtvt_13/truong/logs_dtvt_13/logs0/Job37.log", "logFileSize": "195194"}
[2026-04-09 01:53:36.444 +0700] [EVENT] [cadence.virtuoso.ade.simulationMonitor] - NewPoint {"history": "ExplorerRun.0", "point": 1, "testname": "my_lib_cs_amp_1", "cornername": "Nominal", "event": "NewPoint", "EventSource": "spectre", "HistoryName": "ExplorerRun.0", "logFile": "/home/dtvt_13/simulation/my_lib/cs_amp/maestro/results/maestro/ExplorerRun.0/1/my_lib_cs_amp_1/psf/spectre.out", "logFileSize": "-1"}
[2026-04-09 01:53:36.447 +0700] [PROCESS] [cadence.virtuoso.ade.simulationMonitor] - Simulator launched {"hostname": "dtvt_13", "processid": 2986, "history": "ExplorerRun.0", "testname": "my_lib_cs_amp_1", "cornername": "Nominal", "point": 1, "logfile": "/home/dtvt_13/truong/logs_dtvt_13/logs0/Job37.log", "simid": "23"}
[2026-04-09 01:53:36.452 +0700] [PROCESS] [cadence.virtuoso.ade.simulationMonitor] - Expression evaluator launched {"hostname": "dtvt_13", "processid": 2986, "history": "ExplorerRun.0", "testname": "my_lib_cs_amp_1", "cornername": "Nominal", "point": 1, "logfile": "/home/dtvt_13/truong/logs_dtvt_13/logs0/Job37.log"}
[2026-04-09 01:53:36.456 +0700] [PROCESS] [cadence.virtuoso.ade.simulationMonitor] - Started Simulation {"hostname": "dtvt_13", "processid": 2986, "history": "ExplorerRun.0", "testname": "my_lib_cs_amp_1", "cornername": "Nominal", "point": 1, "logfile": "/home/dtvt_13/truong/logs_dtvt_13/logs0/Job37.log"}
[2026-04-09 01:53:57.829 +0700] [PROCESS] [cadence.virtuoso.ade.simulationMonitor] - Finished simulating for one point {"hostname": "dtvt_13", "processid": 2986, "history": "ExplorerRun.0", "testname": "my_lib_cs_amp_1", "cornername": "Nominal", "point": 1, "logfile": "/home/dtvt_13/truong/logs_dtvt_13/logs0/Job37.log", "simid": "23"}
[2026-04-09 01:53:57.829 +0700] [INFO] [cadence.virtuoso.ade.simulationMonitor] - Peak resident memory used = 95.5 Mbytes. {"history": "ExplorerRun.0", "point": 1, "testname": "my_lib_cs_amp_1", "cornername": "Nominal"}
[2026-04-09 01:53:57.830 +0700] [INFO] [cadence.virtuoso.ade.simulationMonitor] - Peak resident memory used = 104 Mbytes. {"history": "ExplorerRun.0", "point": 1, "testname": "my_lib_cs_amp_1", "cornername": "Nominal"}
[2026-04-09 01:53:57.830 +0700] [INFO] [cadence.virtuoso.ade.simulationMonitor] - Notice from spectre during hierarchy flattening.
    The value 'psf' specified for the 'checklimitdest' option will no longer be supported in future releases. Use 'spectre -h' to see other recommended values for the 'checklimitdest' option. {"history": "ExplorerRun.0", "point": 1, "testname": "my_lib_cs_amp_1", "cornername": "Nominal"}
[2026-04-09 01:53:57.830 +0700] [INFO] [cadence.virtuoso.ade.simulationMonitor] - Peak resident memory used = 105 Mbytes. {"history": "ExplorerRun.0", "point": 1, "testname": "my_lib_cs_amp_1", "cornername": "Nominal"}
[2026-04-09 01:53:57.830 +0700] [INFO] [cadence.virtuoso.ade.simulationMonitor] - Notice from spectre during initial setup.
    Multithreading is disabled due to the size of the design being too small. {"history": "ExplorerRun.0", "point": 1, "testname": "my_lib_cs_amp_1", "cornername": "Nominal"}
[2026-04-09 01:53:57.831 +0700] [INFO] [cadence.virtuoso.ade.simulationMonitor] -               nodes 4 {"history": "ExplorerRun.0", "point": 1, "testname": "my_lib_cs_amp_1", "cornername": "Nominal"}
[2026-04-09 01:53:57.831 +0700] [INFO] [cadence.virtuoso.ade.simulationMonitor] - Notice from spectre during initial setup.
    APS enabled. {"history": "ExplorerRun.0", "point": 1, "testname": "my_lib_cs_amp_1", "cornername": "Nominal"}
[2026-04-09 01:53:57.831 +0700] [INFO] [cadence.virtuoso.ade.simulationMonitor] - Peak resident memory used = 106 Mbytes. {"history": "ExplorerRun.0", "point": 1, "testname": "my_lib_cs_amp_1", "cornername": "Nominal"}
[2026-04-09 01:53:57.832 +0700] [INFO] [cadence.virtuoso.ade.simulationMonitor] -    -   (APS) Multi-threading. The recommended number of threads is 1, consider adding +mt=1 on command line. {"history": "ExplorerRun.0", "point": 1, "testname": "my_lib_cs_amp_1", "cornername": "Nominal"}
[2026-04-09 01:53:57.832 +0700] [INFO] [cadence.virtuoso.ade.simulationMonitor] - Total time required for dc analysis `dcOp': CPU = 2.231 ms, elapsed = 3.20315 ms. {"history": "ExplorerRun.0", "point": 1, "testname": "my_lib_cs_amp_1", "cornername": "Nominal"}
[2026-04-09 01:53:57.832 +0700] [INFO] [cadence.virtuoso.ade.simulationMonitor] - Peak resident memory used = 108 Mbytes. {"history": "ExplorerRun.0", "point": 1, "testname": "my_lib_cs_amp_1", "cornername": "Nominal"}
[2026-04-09 01:53:57.832 +0700] [INFO] [cadence.virtuoso.ade.simulationMonitor] - Time used: CPU = 532 ms, elapsed = 20.8 s, util. = 2.55%. {"history": "ExplorerRun.0", "point": 1, "testname": "my_lib_cs_amp_1", "cornername": "Nominal"}
[2026-04-09 01:53:57.832 +0700] [INFO] [cadence.virtuoso.ade.simulationMonitor] - Time spent in licensing: elapsed = 20.3 s, percentage of total = 97.3%. {"history": "ExplorerRun.0", "point": 1, "testname": "my_lib_cs_amp_1", "cornername": "Nominal"}
[2026-04-09 01:53:57.832 +0700] [INFO] [cadence.virtuoso.ade.simulationMonitor] - Peak memory used = 110 Mbytes. {"history": "ExplorerRun.0", "point": 1, "testname": "my_lib_cs_amp_1", "cornername": "Nominal"}
[2026-04-09 01:53:57.832 +0700] [PROCESS] [cadence.virtuoso.ade.simulationMonitor] - Simulation started at: 1:53:36 AM, Thur Apr 9, 2026, ended at: 1:53:57 AM, Thur Apr 9, 2026, with elapsed time (wall clock): 20.8 s. {"history": "ExplorerRun.0", "point": 1, "testname": "my_lib_cs_amp_1", "cornername": "Nominal"}
[2026-04-09 01:53:57.833 +0700] [PROCESS] [cadence.virtuoso.ade.simulationMonitor] - spectre completes with 0 errors, 0 warnings, and 4 notices. {"history": "ExplorerRun.0", "point": 1, "testname": "my_lib_cs_amp_1", "cornername": "Nominal"}
[2026-04-09 01:53:57.833 +0700] [PROCESS] [cadence.virtuoso.ade.simulationMonitor] - Simulator exited {"hostname": "dtvt_13", "processid": 2986, "history": "ExplorerRun.0", "testname": "my_lib_cs_amp_1", "cornername": "Nominal", "point": 1, "logfile": "/home/dtvt_13/truong/logs_dtvt_13/logs0/Job37.log", "exitStatus": "0"}
[2026-04-09 01:53:57.833 +0700] [PROCESS] [cadence.virtuoso.ade.simulationMonitor] - Finished Simulation {"hostname": "dtvt_13", "processid": 2986, "history": "ExplorerRun.0", "testname": "my_lib_cs_amp_1", "cornername": "Nominal", "point": 1, "logfile": "/home/dtvt_13/truong/logs_dtvt_13/logs0/Job37.log", "simid": "23"}
[2026-04-09 01:53:58.848 +0700] [PROCESS] [cadence.virtuoso.ade.simulationMonitor] - Point Finished {"hostname": "dtvt_13", "processid": 2986, "history": "ExplorerRun.0", "testname": "my_lib_cs_amp_1", "cornername": "Nominal", "point": 1, "logfile": "/home/dtvt_13/truong/logs_dtvt_13/logs0/Job37.log"}
[2026-04-09 01:54:09.226 +0700] [INFO] [cadence.virtuoso.ade.simulationMonitor] - SimulationMonitor has terminated the vds process '21475', reason: 'Force to stop the expression evalutor process because of new run' {"history": "ExplorerRun.0", "point": 1, "testname": "my_lib_cs_amp_1", "cornername": "Nominal"}
[2026-04-09 01:54:09.226 +0700] [PROCESS] [cadence.virtuoso.ade.simulationMonitor] - HostInfo:
Host name (type):	dtvt_13 (x86_64)
Operating system:	Linux 3.10.0-1160.118.1.el7.x86_64 #1 SMP Wed Apr 24 16:01:50 UTC 2024 {"hostname": "dtvt_13", "processid": 2986, "history": "ExplorerRun.0", "testname": "my_lib_cs_amp_1", "cornername": "Nominal", "point": 1, "logfile": "/home/dtvt_13/truong/logs_dtvt_13/logs0/Job37.log", "nodename": "dtvt_13", "domainname": "(none)", "machine": "x86_64", "sysname": "Linux", "release": "3.10.0-1160.118.1.el7.x86_64", "version": "#1 SMP Wed Apr 24 16:01:50 UTC 2024"}
[2026-04-09 01:54:09.226 +0700] [PROCESS] [cadence.virtuoso.ade.simulationMonitor] - UsageInfo:
pid=2986
totalPhysicalMemory=15.208324GB,Used=14.074123GB,totalVirtualMemory=22.895821GB,Used=14.107327GB
Cpu: Cores=24, Load average:0.340000,0.210000,0.220000 {"hostname": "dtvt_13", "processid": 2986, "history": "ExplorerRun.0", "testname": "my_lib_cs_amp_1", "cornername": "Nominal", "point": 1, "logfile": "/home/dtvt_13/truong/logs_dtvt_13/logs0/Job37.log", "pid": "2986", "totalPhysicalMemory": "15.208324", "physicalMemoryUsed": "14.074123", "totalVirtualMemory": "22.895821", "virtualMemoryUsed": "14.107327", "cpuCores": "24", "processes": "2531", "loadAverage1": "0.340000", "loadAverage5": "0.210000", "loadAverage15": "0.220000", "loadAverage1Percent": "0.014167"}
[2026-04-09 01:54:09.227 +0700] [EVENT] [cadence.virtuoso.ade.simulationMonitor] - NewPoint {"history": "ExplorerRun.0", "point": 1, "testname": "my_lib_cs_amp_1", "cornername": "Nominal", "event": "NewPoint", "EventSource": "Simulation Monitor", "HistoryName": "ExplorerRun.0", "logFile": "/home/dtvt_13/truong/logs_dtvt_13/logs0/Job37.log", "logFileSize": "203957"}
[2026-04-09 01:54:09.327 +0700] [EVENT] [cadence.virtuoso.ade.simulationMonitor] - NewPoint {"history": "ExplorerRun.0", "point": 1, "testname": "my_lib_cs_amp_1", "cornername": "Nominal", "event": "NewPoint", "EventSource": "spectre", "HistoryName": "ExplorerRun.0", "logFile": "/home/dtvt_13/simulation/my_lib/cs_amp/maestro/results/maestro/ExplorerRun.0/1/my_lib_cs_amp_1/psf/spectre.out", "logFileSize": "-1"}
[2026-04-09 01:54:09.336 +0700] [PROCESS] [cadence.virtuoso.ade.simulationMonitor] - Simulator launched {"hostname": "dtvt_13", "processid": 2986, "history": "ExplorerRun.0", "testname": "my_lib_cs_amp_1", "cornername": "Nominal", "point": 1, "logfile": "/home/dtvt_13/truong/logs_dtvt_13/logs0/Job37.log", "simid": "24"}
[2026-04-09 01:54:09.339 +0700] [PROCESS] [cadence.virtuoso.ade.simulationMonitor] - Expression evaluator launched {"hostname": "dtvt_13", "processid": 2986, "history": "ExplorerRun.0", "testname": "my_lib_cs_amp_1", "cornername": "Nominal", "point": 1, "logfile": "/home/dtvt_13/truong/logs_dtvt_13/logs0/Job37.log"}
[2026-04-09 01:54:09.351 +0700] [PROCESS] [cadence.virtuoso.ade.simulationMonitor] - Started Simulation {"hostname": "dtvt_13", "processid": 2986, "history": "ExplorerRun.0", "testname": "my_lib_cs_amp_1", "cornername": "Nominal", "point": 1, "logfile": "/home/dtvt_13/truong/logs_dtvt_13/logs0/Job37.log"}
[2026-04-09 01:54:30.753 +0700] [PROCESS] [cadence.virtuoso.ade.simulationMonitor] - Finished simulating for one point {"hostname": "dtvt_13", "processid": 2986, "history": "ExplorerRun.0", "testname": "my_lib_cs_amp_1", "cornername": "Nominal", "point": 1, "logfile": "/home/dtvt_13/truong/logs_dtvt_13/logs0/Job37.log", "simid": "24"}
[2026-04-09 01:54:30.754 +0700] [INFO] [cadence.virtuoso.ade.simulationMonitor] - Peak resident memory used = 95.5 Mbytes. {"history": "ExplorerRun.0", "point": 1, "testname": "my_lib_cs_amp_1", "cornername": "Nominal"}
[2026-04-09 01:54:30.754 +0700] [INFO] [cadence.virtuoso.ade.simulationMonitor] - Peak resident memory used = 104 Mbytes. {"history": "ExplorerRun.0", "point": 1, "testname": "my_lib_cs_amp_1", "cornername": "Nominal"}
[2026-04-09 01:54:30.755 +0700] [INFO] [cadence.virtuoso.ade.simulationMonitor] - Notice from spectre during hierarchy flattening.
    The value 'psf' specified for the 'checklimitdest' option will no longer be supported in future releases. Use 'spectre -h' to see other recommended values for the 'checklimitdest' option. {"history": "ExplorerRun.0", "point": 1, "testname": "my_lib_cs_amp_1", "cornername": "Nominal"}
[2026-04-09 01:54:30.755 +0700] [INFO] [cadence.virtuoso.ade.simulationMonitor] - Peak resident memory used = 105 Mbytes. {"history": "ExplorerRun.0", "point": 1, "testname": "my_lib_cs_amp_1", "cornername": "Nominal"}
[2026-04-09 01:54:30.755 +0700] [INFO] [cadence.virtuoso.ade.simulationMonitor] - Notice from spectre during initial setup.
    Multithreading is disabled due to the size of the design being too small. {"history": "ExplorerRun.0", "point": 1, "testname": "my_lib_cs_amp_1", "cornername": "Nominal"}
[2026-04-09 01:54:30.756 +0700] [INFO] [cadence.virtuoso.ade.simulationMonitor] -               nodes 4 {"history": "ExplorerRun.0", "point": 1, "testname": "my_lib_cs_amp_1", "cornername": "Nominal"}
[2026-04-09 01:54:30.756 +0700] [INFO] [cadence.virtuoso.ade.simulationMonitor] - Notice from spectre during initial setup.
    APS enabled. {"history": "ExplorerRun.0", "point": 1, "testname": "my_lib_cs_amp_1", "cornername": "Nominal"}
[2026-04-09 01:54:30.756 +0700] [INFO] [cadence.virtuoso.ade.simulationMonitor] - Peak resident memory used = 106 Mbytes. {"history": "ExplorerRun.0", "point": 1, "testname": "my_lib_cs_amp_1", "cornername": "Nominal"}
[2026-04-09 01:54:30.757 +0700] [INFO] [cadence.virtuoso.ade.simulationMonitor] -    -   (APS) Multi-threading. The recommended number of threads is 1, consider adding +mt=1 on command line. {"history": "ExplorerRun.0", "point": 1, "testname": "my_lib_cs_amp_1", "cornername": "Nominal"}
[2026-04-09 01:54:30.757 +0700] [INFO] [cadence.virtuoso.ade.simulationMonitor] - Total time required for dc analysis `dcOp': CPU = 1.571 ms, elapsed = 2.59495 ms. {"history": "ExplorerRun.0", "point": 1, "testname": "my_lib_cs_amp_1", "cornername": "Nominal"}
[2026-04-09 01:54:30.757 +0700] [INFO] [cadence.virtuoso.ade.simulationMonitor] - Peak resident memory used = 108 Mbytes. {"history": "ExplorerRun.0", "point": 1, "testname": "my_lib_cs_amp_1", "cornername": "Nominal"}
[2026-04-09 01:54:30.757 +0700] [INFO] [cadence.virtuoso.ade.simulationMonitor] - Time used: CPU = 522 ms, elapsed = 20.8 s, util. = 2.51%. {"history": "ExplorerRun.0", "point": 1, "testname": "my_lib_cs_amp_1", "cornername": "Nominal"}
[2026-04-09 01:54:30.757 +0700] [INFO] [cadence.virtuoso.ade.simulationMonitor] - Time spent in licensing: elapsed = 20.3 s, percentage of total = 97.5%. {"history": "ExplorerRun.0", "point": 1, "testname": "my_lib_cs_amp_1", "cornername": "Nominal"}
[2026-04-09 01:54:30.757 +0700] [INFO] [cadence.virtuoso.ade.simulationMonitor] - Peak memory used = 110 Mbytes. {"history": "ExplorerRun.0", "point": 1, "testname": "my_lib_cs_amp_1", "cornername": "Nominal"}
[2026-04-09 01:54:30.757 +0700] [PROCESS] [cadence.virtuoso.ade.simulationMonitor] - Simulation started at: 1:54:09 AM, Thur Apr 9, 2026, ended at: 1:54:30 AM, Thur Apr 9, 2026, with elapsed time (wall clock): 20.8 s. {"history": "ExplorerRun.0", "point": 1, "testname": "my_lib_cs_amp_1", "cornername": "Nominal"}
[2026-04-09 01:54:30.758 +0700] [PROCESS] [cadence.virtuoso.ade.simulationMonitor] - spectre completes with 0 errors, 0 warnings, and 4 notices. {"history": "ExplorerRun.0", "point": 1, "testname": "my_lib_cs_amp_1", "cornername": "Nominal"}
[2026-04-09 01:54:30.758 +0700] [PROCESS] [cadence.virtuoso.ade.simulationMonitor] - Simulator exited {"hostname": "dtvt_13", "processid": 2986, "history": "ExplorerRun.0", "testname": "my_lib_cs_amp_1", "cornername": "Nominal", "point": 1, "logfile": "/home/dtvt_13/truong/logs_dtvt_13/logs0/Job37.log", "exitStatus": "0"}
[2026-04-09 01:54:30.758 +0700] [PROCESS] [cadence.virtuoso.ade.simulationMonitor] - Finished Simulation {"hostname": "dtvt_13", "processid": 2986, "history": "ExplorerRun.0", "testname": "my_lib_cs_amp_1", "cornername": "Nominal", "point": 1, "logfile": "/home/dtvt_13/truong/logs_dtvt_13/logs0/Job37.log", "simid": "24"}
[2026-04-09 01:54:31.270 +0700] [PROCESS] [cadence.virtuoso.ade.simulationMonitor] - Point Finished {"hostname": "dtvt_13", "processid": 2986, "history": "ExplorerRun.0", "testname": "my_lib_cs_amp_1", "cornername": "Nominal", "point": 1, "logfile": "/home/dtvt_13/truong/logs_dtvt_13/logs0/Job37.log"}
[2026-04-09 01:55:14.498 +0700] [INFO] [cadence.virtuoso.ade.simulationMonitor] - SimulationMonitor has terminated the vds process '22044', reason: 'Force to stop the expression evalutor process because of new run' {"history": "ExplorerRun.0", "point": 1, "testname": "my_lib_cs_amp_1", "cornername": "Nominal"}
[2026-04-09 01:55:14.499 +0700] [PROCESS] [cadence.virtuoso.ade.simulationMonitor] - HostInfo:
Host name (type):	dtvt_13 (x86_64)
Operating system:	Linux 3.10.0-1160.118.1.el7.x86_64 #1 SMP Wed Apr 24 16:01:50 UTC 2024 {"hostname": "dtvt_13", "processid": 2986, "history": "ExplorerRun.0", "testname": "my_lib_cs_amp_1", "cornername": "Nominal", "point": 1, "logfile": "/home/dtvt_13/truong/logs_dtvt_13/logs0/Job37.log", "nodename": "dtvt_13", "domainname": "(none)", "machine": "x86_64", "sysname": "Linux", "release": "3.10.0-1160.118.1.el7.x86_64", "version": "#1 SMP Wed Apr 24 16:01:50 UTC 2024"}
[2026-04-09 01:55:14.499 +0700] [PROCESS] [cadence.virtuoso.ade.simulationMonitor] - UsageInfo:
pid=2986
totalPhysicalMemory=15.208324GB,Used=14.078690GB,totalVirtualMemory=22.895821GB,Used=14.111893GB
Cpu: Cores=24, Load average:0.270000,0.200000,0.210000 {"hostname": "dtvt_13", "processid": 2986, "history": "ExplorerRun.0", "testname": "my_lib_cs_amp_1", "cornername": "Nominal", "point": 1, "logfile": "/home/dtvt_13/truong/logs_dtvt_13/logs0/Job37.log", "pid": "2986", "totalPhysicalMemory": "15.208324", "physicalMemoryUsed": "14.078690", "totalVirtualMemory": "22.895821", "virtualMemoryUsed": "14.111893", "cpuCores": "24", "processes": "2530", "loadAverage1": "0.270000", "loadAverage5": "0.200000", "loadAverage15": "0.210000", "loadAverage1Percent": "0.011250"}
[2026-04-09 01:55:14.499 +0700] [EVENT] [cadence.virtuoso.ade.simulationMonitor] - NewPoint {"history": "ExplorerRun.0", "point": 1, "testname": "my_lib_cs_amp_1", "cornername": "Nominal", "event": "NewPoint", "EventSource": "Simulation Monitor", "HistoryName": "ExplorerRun.0", "logFile": "/home/dtvt_13/truong/logs_dtvt_13/logs0/Job37.log", "logFileSize": "212720"}
[2026-04-09 01:55:14.600 +0700] [EVENT] [cadence.virtuoso.ade.simulationMonitor] - NewPoint {"history": "ExplorerRun.0", "point": 1, "testname": "my_lib_cs_amp_1", "cornername": "Nominal", "event": "NewPoint", "EventSource": "spectre", "HistoryName": "ExplorerRun.0", "logFile": "/home/dtvt_13/simulation/my_lib/cs_amp/maestro/results/maestro/ExplorerRun.0/1/my_lib_cs_amp_1/psf/spectre.out", "logFileSize": "-1"}
[2026-04-09 01:55:14.603 +0700] [PROCESS] [cadence.virtuoso.ade.simulationMonitor] - Simulator launched {"hostname": "dtvt_13", "processid": 2986, "history": "ExplorerRun.0", "testname": "my_lib_cs_amp_1", "cornername": "Nominal", "point": 1, "logfile": "/home/dtvt_13/truong/logs_dtvt_13/logs0/Job37.log", "simid": "25"}
[2026-04-09 01:55:14.609 +0700] [PROCESS] [cadence.virtuoso.ade.simulationMonitor] - Expression evaluator launched {"hostname": "dtvt_13", "processid": 2986, "history": "ExplorerRun.0", "testname": "my_lib_cs_amp_1", "cornername": "Nominal", "point": 1, "logfile": "/home/dtvt_13/truong/logs_dtvt_13/logs0/Job37.log"}
[2026-04-09 01:55:14.614 +0700] [PROCESS] [cadence.virtuoso.ade.simulationMonitor] - Started Simulation {"hostname": "dtvt_13", "processid": 2986, "history": "ExplorerRun.0", "testname": "my_lib_cs_amp_1", "cornername": "Nominal", "point": 1, "logfile": "/home/dtvt_13/truong/logs_dtvt_13/logs0/Job37.log"}
[2026-04-09 01:55:36.515 +0700] [PROCESS] [cadence.virtuoso.ade.simulationMonitor] - Finished simulating for one point {"hostname": "dtvt_13", "processid": 2986, "history": "ExplorerRun.0", "testname": "my_lib_cs_amp_1", "cornername": "Nominal", "point": 1, "logfile": "/home/dtvt_13/truong/logs_dtvt_13/logs0/Job37.log", "simid": "25"}
[2026-04-09 01:55:36.515 +0700] [INFO] [cadence.virtuoso.ade.simulationMonitor] - Peak resident memory used = 95.5 Mbytes. {"history": "ExplorerRun.0", "point": 1, "testname": "my_lib_cs_amp_1", "cornername": "Nominal"}
[2026-04-09 01:55:36.516 +0700] [INFO] [cadence.virtuoso.ade.simulationMonitor] - Peak resident memory used = 104 Mbytes. {"history": "ExplorerRun.0", "point": 1, "testname": "my_lib_cs_amp_1", "cornername": "Nominal"}
[2026-04-09 01:55:36.516 +0700] [INFO] [cadence.virtuoso.ade.simulationMonitor] - Notice from spectre during hierarchy flattening.
    The value 'psf' specified for the 'checklimitdest' option will no longer be supported in future releases. Use 'spectre -h' to see other recommended values for the 'checklimitdest' option. {"history": "ExplorerRun.0", "point": 1, "testname": "my_lib_cs_amp_1", "cornername": "Nominal"}
[2026-04-09 01:55:36.516 +0700] [INFO] [cadence.virtuoso.ade.simulationMonitor] - Peak resident memory used = 105 Mbytes. {"history": "ExplorerRun.0", "point": 1, "testname": "my_lib_cs_amp_1", "cornername": "Nominal"}
[2026-04-09 01:55:36.516 +0700] [INFO] [cadence.virtuoso.ade.simulationMonitor] - Notice from spectre during initial setup.
    Multithreading is disabled due to the size of the design being too small. {"history": "ExplorerRun.0", "point": 1, "testname": "my_lib_cs_amp_1", "cornername": "Nominal"}
[2026-04-09 01:55:36.517 +0700] [INFO] [cadence.virtuoso.ade.simulationMonitor] -               nodes 4 {"history": "ExplorerRun.0", "point": 1, "testname": "my_lib_cs_amp_1", "cornername": "Nominal"}
[2026-04-09 01:55:36.517 +0700] [INFO] [cadence.virtuoso.ade.simulationMonitor] - Notice from spectre during initial setup.
    APS enabled. {"history": "ExplorerRun.0", "point": 1, "testname": "my_lib_cs_amp_1", "cornername": "Nominal"}
[2026-04-09 01:55:36.517 +0700] [INFO] [cadence.virtuoso.ade.simulationMonitor] - Peak resident memory used = 106 Mbytes. {"history": "ExplorerRun.0", "point": 1, "testname": "my_lib_cs_amp_1", "cornername": "Nominal"}
[2026-04-09 01:55:36.518 +0700] [INFO] [cadence.virtuoso.ade.simulationMonitor] -    -   (APS) Multi-threading. The recommended number of threads is 1, consider adding +mt=1 on command line. {"history": "ExplorerRun.0", "point": 1, "testname": "my_lib_cs_amp_1", "cornername": "Nominal"}
[2026-04-09 01:55:36.518 +0700] [INFO] [cadence.virtuoso.ade.simulationMonitor] - Total time required for dc analysis `dcOp': CPU = 3.369 ms, elapsed = 4.40502 ms. {"history": "ExplorerRun.0", "point": 1, "testname": "my_lib_cs_amp_1", "cornername": "Nominal"}
[2026-04-09 01:55:36.518 +0700] [INFO] [cadence.virtuoso.ade.simulationMonitor] - Peak resident memory used = 108 Mbytes. {"history": "ExplorerRun.0", "point": 1, "testname": "my_lib_cs_amp_1", "cornername": "Nominal"}
[2026-04-09 01:55:36.518 +0700] [INFO] [cadence.virtuoso.ade.simulationMonitor] - Time used: CPU = 545 ms, elapsed = 21.3 s, util. = 2.55%. {"history": "ExplorerRun.0", "point": 1, "testname": "my_lib_cs_amp_1", "cornername": "Nominal"}
[2026-04-09 01:55:36.518 +0700] [INFO] [cadence.virtuoso.ade.simulationMonitor] - Time spent in licensing: elapsed = 20.8 s, percentage of total = 97.3%. {"history": "ExplorerRun.0", "point": 1, "testname": "my_lib_cs_amp_1", "cornername": "Nominal"}
[2026-04-09 01:55:36.518 +0700] [INFO] [cadence.virtuoso.ade.simulationMonitor] - Peak memory used = 110 Mbytes. {"history": "ExplorerRun.0", "point": 1, "testname": "my_lib_cs_amp_1", "cornername": "Nominal"}
[2026-04-09 01:55:36.518 +0700] [PROCESS] [cadence.virtuoso.ade.simulationMonitor] - Simulation started at: 1:55:14 AM, Thur Apr 9, 2026, ended at: 1:55:36 AM, Thur Apr 9, 2026, with elapsed time (wall clock): 21.3 s. {"history": "ExplorerRun.0", "point": 1, "testname": "my_lib_cs_amp_1", "cornername": "Nominal"}
[2026-04-09 01:55:36.519 +0700] [PROCESS] [cadence.virtuoso.ade.simulationMonitor] - spectre completes with 0 errors, 0 warnings, and 4 notices. {"history": "ExplorerRun.0", "point": 1, "testname": "my_lib_cs_amp_1", "cornername": "Nominal"}
[2026-04-09 01:55:36.519 +0700] [PROCESS] [cadence.virtuoso.ade.simulationMonitor] - Simulator exited {"hostname": "dtvt_13", "processid": 2986, "history": "ExplorerRun.0", "testname": "my_lib_cs_amp_1", "cornername": "Nominal", "point": 1, "logfile": "/home/dtvt_13/truong/logs_dtvt_13/logs0/Job37.log", "exitStatus": "0"}
[2026-04-09 01:55:36.519 +0700] [PROCESS] [cadence.virtuoso.ade.simulationMonitor] - Finished Simulation {"hostname": "dtvt_13", "processid": 2986, "history": "ExplorerRun.0", "testname": "my_lib_cs_amp_1", "cornername": "Nominal", "point": 1, "logfile": "/home/dtvt_13/truong/logs_dtvt_13/logs0/Job37.log", "simid": "25"}
[2026-04-09 01:55:37.033 +0700] [PROCESS] [cadence.virtuoso.ade.simulationMonitor] - Point Finished {"hostname": "dtvt_13", "processid": 2986, "history": "ExplorerRun.0", "testname": "my_lib_cs_amp_1", "cornername": "Nominal", "point": 1, "logfile": "/home/dtvt_13/truong/logs_dtvt_13/logs0/Job37.log"}
[2026-04-09 01:56:00.621 +0700] [INFO] [cadence.virtuoso.ade.simulationMonitor] - SimulationMonitor has terminated the vds process '22721', reason: 'Force to stop the expression evalutor process because of new run' {"history": "ExplorerRun.0", "point": 1, "testname": "my_lib_cs_amp_1", "cornername": "Nominal"}
[2026-04-09 01:56:00.621 +0700] [PROCESS] [cadence.virtuoso.ade.simulationMonitor] - HostInfo:
Host name (type):	dtvt_13 (x86_64)
Operating system:	Linux 3.10.0-1160.118.1.el7.x86_64 #1 SMP Wed Apr 24 16:01:50 UTC 2024 {"hostname": "dtvt_13", "processid": 2986, "history": "ExplorerRun.0", "testname": "my_lib_cs_amp_1", "cornername": "Nominal", "point": 1, "logfile": "/home/dtvt_13/truong/logs_dtvt_13/logs0/Job37.log", "nodename": "dtvt_13", "domainname": "(none)", "machine": "x86_64", "sysname": "Linux", "release": "3.10.0-1160.118.1.el7.x86_64", "version": "#1 SMP Wed Apr 24 16:01:50 UTC 2024"}
[2026-04-09 01:56:00.622 +0700] [PROCESS] [cadence.virtuoso.ade.simulationMonitor] - UsageInfo:
pid=2986
totalPhysicalMemory=15.208324GB,Used=14.082478GB,totalVirtualMemory=22.895821GB,Used=14.115681GB
Cpu: Cores=24, Load average:0.240000,0.200000,0.220000 {"hostname": "dtvt_13", "processid": 2986, "history": "ExplorerRun.0", "testname": "my_lib_cs_amp_1", "cornername": "Nominal", "point": 1, "logfile": "/home/dtvt_13/truong/logs_dtvt_13/logs0/Job37.log", "pid": "2986", "totalPhysicalMemory": "15.208324", "physicalMemoryUsed": "14.082478", "totalVirtualMemory": "22.895821", "virtualMemoryUsed": "14.115681", "cpuCores": "24", "processes": "2530", "loadAverage1": "0.240000", "loadAverage5": "0.200000", "loadAverage15": "0.220000", "loadAverage1Percent": "0.010000"}
[2026-04-09 01:56:00.622 +0700] [EVENT] [cadence.virtuoso.ade.simulationMonitor] - NewPoint {"history": "ExplorerRun.0", "point": 1, "testname": "my_lib_cs_amp_1", "cornername": "Nominal", "event": "NewPoint", "EventSource": "Simulation Monitor", "HistoryName": "ExplorerRun.0", "logFile": "/home/dtvt_13/truong/logs_dtvt_13/logs0/Job37.log", "logFileSize": "221483"}
[2026-04-09 01:56:00.722 +0700] [EVENT] [cadence.virtuoso.ade.simulationMonitor] - NewPoint {"history": "ExplorerRun.0", "point": 1, "testname": "my_lib_cs_amp_1", "cornername": "Nominal", "event": "NewPoint", "EventSource": "spectre", "HistoryName": "ExplorerRun.0", "logFile": "/home/dtvt_13/simulation/my_lib/cs_amp/maestro/results/maestro/ExplorerRun.0/1/my_lib_cs_amp_1/psf/spectre.out", "logFileSize": "-1"}
[2026-04-09 01:56:00.731 +0700] [PROCESS] [cadence.virtuoso.ade.simulationMonitor] - Simulator launched {"hostname": "dtvt_13", "processid": 2986, "history": "ExplorerRun.0", "testname": "my_lib_cs_amp_1", "cornername": "Nominal", "point": 1, "logfile": "/home/dtvt_13/truong/logs_dtvt_13/logs0/Job37.log", "simid": "26"}
[2026-04-09 01:56:00.733 +0700] [PROCESS] [cadence.virtuoso.ade.simulationMonitor] - Expression evaluator launched {"hostname": "dtvt_13", "processid": 2986, "history": "ExplorerRun.0", "testname": "my_lib_cs_amp_1", "cornername": "Nominal", "point": 1, "logfile": "/home/dtvt_13/truong/logs_dtvt_13/logs0/Job37.log"}
[2026-04-09 01:56:00.745 +0700] [PROCESS] [cadence.virtuoso.ade.simulationMonitor] - Started Simulation {"hostname": "dtvt_13", "processid": 2986, "history": "ExplorerRun.0", "testname": "my_lib_cs_amp_1", "cornername": "Nominal", "point": 1, "logfile": "/home/dtvt_13/truong/logs_dtvt_13/logs0/Job37.log"}
[2026-04-09 01:56:22.165 +0700] [PROCESS] [cadence.virtuoso.ade.simulationMonitor] - Finished simulating for one point {"hostname": "dtvt_13", "processid": 2986, "history": "ExplorerRun.0", "testname": "my_lib_cs_amp_1", "cornername": "Nominal", "point": 1, "logfile": "/home/dtvt_13/truong/logs_dtvt_13/logs0/Job37.log", "simid": "26"}
[2026-04-09 01:56:22.165 +0700] [INFO] [cadence.virtuoso.ade.simulationMonitor] - Peak resident memory used = 95.5 Mbytes. {"history": "ExplorerRun.0", "point": 1, "testname": "my_lib_cs_amp_1", "cornername": "Nominal"}
[2026-04-09 01:56:22.166 +0700] [INFO] [cadence.virtuoso.ade.simulationMonitor] - Peak resident memory used = 104 Mbytes. {"history": "ExplorerRun.0", "point": 1, "testname": "my_lib_cs_amp_1", "cornername": "Nominal"}
[2026-04-09 01:56:22.166 +0700] [INFO] [cadence.virtuoso.ade.simulationMonitor] - Notice from spectre during hierarchy flattening.
    The value 'psf' specified for the 'checklimitdest' option will no longer be supported in future releases. Use 'spectre -h' to see other recommended values for the 'checklimitdest' option. {"history": "ExplorerRun.0", "point": 1, "testname": "my_lib_cs_amp_1", "cornername": "Nominal"}
[2026-04-09 01:56:22.166 +0700] [INFO] [cadence.virtuoso.ade.simulationMonitor] - Peak resident memory used = 105 Mbytes. {"history": "ExplorerRun.0", "point": 1, "testname": "my_lib_cs_amp_1", "cornername": "Nominal"}
[2026-04-09 01:56:22.166 +0700] [INFO] [cadence.virtuoso.ade.simulationMonitor] - Notice from spectre during initial setup.
    Multithreading is disabled due to the size of the design being too small. {"history": "ExplorerRun.0", "point": 1, "testname": "my_lib_cs_amp_1", "cornername": "Nominal"}
[2026-04-09 01:56:22.167 +0700] [INFO] [cadence.virtuoso.ade.simulationMonitor] -               nodes 4 {"history": "ExplorerRun.0", "point": 1, "testname": "my_lib_cs_amp_1", "cornername": "Nominal"}
[2026-04-09 01:56:22.167 +0700] [INFO] [cadence.virtuoso.ade.simulationMonitor] - Notice from spectre during initial setup.
    APS enabled. {"history": "ExplorerRun.0", "point": 1, "testname": "my_lib_cs_amp_1", "cornername": "Nominal"}
[2026-04-09 01:56:22.167 +0700] [INFO] [cadence.virtuoso.ade.simulationMonitor] - Peak resident memory used = 106 Mbytes. {"history": "ExplorerRun.0", "point": 1, "testname": "my_lib_cs_amp_1", "cornername": "Nominal"}
[2026-04-09 01:56:22.167 +0700] [INFO] [cadence.virtuoso.ade.simulationMonitor] -    -   (APS) Multi-threading. The recommended number of threads is 1, consider adding +mt=1 on command line. {"history": "ExplorerRun.0", "point": 1, "testname": "my_lib_cs_amp_1", "cornername": "Nominal"}
[2026-04-09 01:56:22.168 +0700] [INFO] [cadence.virtuoso.ade.simulationMonitor] - Total time required for dc analysis `dcOp': CPU = 1.558 ms, elapsed = 2.59995 ms. {"history": "ExplorerRun.0", "point": 1, "testname": "my_lib_cs_amp_1", "cornername": "Nominal"}
[2026-04-09 01:56:22.168 +0700] [INFO] [cadence.virtuoso.ade.simulationMonitor] - Peak resident memory used = 108 Mbytes. {"history": "ExplorerRun.0", "point": 1, "testname": "my_lib_cs_amp_1", "cornername": "Nominal"}
[2026-04-09 01:56:22.168 +0700] [INFO] [cadence.virtuoso.ade.simulationMonitor] - Time used: CPU = 531 ms, elapsed = 20.8 s, util. = 2.55%. {"history": "ExplorerRun.0", "point": 1, "testname": "my_lib_cs_amp_1", "cornername": "Nominal"}
[2026-04-09 01:56:22.168 +0700] [INFO] [cadence.virtuoso.ade.simulationMonitor] - Time spent in licensing: elapsed = 20.3 s, percentage of total = 97.3%. {"history": "ExplorerRun.0", "point": 1, "testname": "my_lib_cs_amp_1", "cornername": "Nominal"}
[2026-04-09 01:56:22.168 +0700] [INFO] [cadence.virtuoso.ade.simulationMonitor] - Peak memory used = 110 Mbytes. {"history": "ExplorerRun.0", "point": 1, "testname": "my_lib_cs_amp_1", "cornername": "Nominal"}
[2026-04-09 01:56:22.168 +0700] [PROCESS] [cadence.virtuoso.ade.simulationMonitor] - Simulation started at: 1:56:00 AM, Thur Apr 9, 2026, ended at: 1:56:21 AM, Thur Apr 9, 2026, with elapsed time (wall clock): 20.8 s. {"history": "ExplorerRun.0", "point": 1, "testname": "my_lib_cs_amp_1", "cornername": "Nominal"}
[2026-04-09 01:56:22.168 +0700] [PROCESS] [cadence.virtuoso.ade.simulationMonitor] - spectre completes with 0 errors, 0 warnings, and 4 notices. {"history": "ExplorerRun.0", "point": 1, "testname": "my_lib_cs_amp_1", "cornername": "Nominal"}
[2026-04-09 01:56:22.169 +0700] [PROCESS] [cadence.virtuoso.ade.simulationMonitor] - Simulator exited {"hostname": "dtvt_13", "processid": 2986, "history": "ExplorerRun.0", "testname": "my_lib_cs_amp_1", "cornername": "Nominal", "point": 1, "logfile": "/home/dtvt_13/truong/logs_dtvt_13/logs0/Job37.log", "exitStatus": "0"}
[2026-04-09 01:56:22.169 +0700] [PROCESS] [cadence.virtuoso.ade.simulationMonitor] - Finished Simulation {"hostname": "dtvt_13", "processid": 2986, "history": "ExplorerRun.0", "testname": "my_lib_cs_amp_1", "cornername": "Nominal", "point": 1, "logfile": "/home/dtvt_13/truong/logs_dtvt_13/logs0/Job37.log", "simid": "26"}
[2026-04-09 01:56:23.181 +0700] [PROCESS] [cadence.virtuoso.ade.simulationMonitor] - Point Finished {"hostname": "dtvt_13", "processid": 2986, "history": "ExplorerRun.0", "testname": "my_lib_cs_amp_1", "cornername": "Nominal", "point": 1, "logfile": "/home/dtvt_13/truong/logs_dtvt_13/logs0/Job37.log"}
[2026-04-09 01:58:13.024 +0700] [INFO] [cadence.virtuoso.ade.simulationMonitor] - SimulationMonitor has terminated the vds process '23337', reason: 'Force to stop the expression evalutor process because of new run' {"history": "ExplorerRun.0", "point": 1, "testname": "my_lib_cs_amp_1", "cornername": "Nominal"}
[2026-04-09 01:58:13.025 +0700] [PROCESS] [cadence.virtuoso.ade.simulationMonitor] - HostInfo:
Host name (type):	dtvt_13 (x86_64)
Operating system:	Linux 3.10.0-1160.118.1.el7.x86_64 #1 SMP Wed Apr 24 16:01:50 UTC 2024 {"hostname": "dtvt_13", "processid": 2986, "history": "ExplorerRun.0", "testname": "my_lib_cs_amp_1", "cornername": "Nominal", "point": 1, "logfile": "/home/dtvt_13/truong/logs_dtvt_13/logs0/Job37.log", "nodename": "dtvt_13", "domainname": "(none)", "machine": "x86_64", "sysname": "Linux", "release": "3.10.0-1160.118.1.el7.x86_64", "version": "#1 SMP Wed Apr 24 16:01:50 UTC 2024"}
[2026-04-09 01:58:13.025 +0700] [PROCESS] [cadence.virtuoso.ade.simulationMonitor] - UsageInfo:
pid=2986
totalPhysicalMemory=15.208324GB,Used=14.090511GB,totalVirtualMemory=22.895821GB,Used=14.123714GB
Cpu: Cores=24, Load average:0.200000,0.200000,0.220000 {"hostname": "dtvt_13", "processid": 2986, "history": "ExplorerRun.0", "testname": "my_lib_cs_amp_1", "cornername": "Nominal", "point": 1, "logfile": "/home/dtvt_13/truong/logs_dtvt_13/logs0/Job37.log", "pid": "2986", "totalPhysicalMemory": "15.208324", "physicalMemoryUsed": "14.090511", "totalVirtualMemory": "22.895821", "virtualMemoryUsed": "14.123714", "cpuCores": "24", "processes": "2527", "loadAverage1": "0.200000", "loadAverage5": "0.200000", "loadAverage15": "0.220000", "loadAverage1Percent": "0.008333"}
[2026-04-09 01:58:13.025 +0700] [EVENT] [cadence.virtuoso.ade.simulationMonitor] - NewPoint {"history": "ExplorerRun.0", "point": 1, "testname": "my_lib_cs_amp_1", "cornername": "Nominal", "event": "NewPoint", "EventSource": "Simulation Monitor", "HistoryName": "ExplorerRun.0", "logFile": "/home/dtvt_13/truong/logs_dtvt_13/logs0/Job37.log", "logFileSize": "230246"}
[2026-04-09 01:58:13.126 +0700] [EVENT] [cadence.virtuoso.ade.simulationMonitor] - NewPoint {"history": "ExplorerRun.0", "point": 1, "testname": "my_lib_cs_amp_1", "cornername": "Nominal", "event": "NewPoint", "EventSource": "spectre", "HistoryName": "ExplorerRun.0", "logFile": "/home/dtvt_13/simulation/my_lib/cs_amp/maestro/results/maestro/ExplorerRun.0/1/my_lib_cs_amp_1/psf/spectre.out", "logFileSize": "-1"}
[2026-04-09 01:58:13.129 +0700] [PROCESS] [cadence.virtuoso.ade.simulationMonitor] - Simulator launched {"hostname": "dtvt_13", "processid": 2986, "history": "ExplorerRun.0", "testname": "my_lib_cs_amp_1", "cornername": "Nominal", "point": 1, "logfile": "/home/dtvt_13/truong/logs_dtvt_13/logs0/Job37.log", "simid": "27"}
[2026-04-09 01:58:13.135 +0700] [PROCESS] [cadence.virtuoso.ade.simulationMonitor] - Expression evaluator launched {"hostname": "dtvt_13", "processid": 2986, "history": "ExplorerRun.0", "testname": "my_lib_cs_amp_1", "cornername": "Nominal", "point": 1, "logfile": "/home/dtvt_13/truong/logs_dtvt_13/logs0/Job37.log"}
[2026-04-09 01:58:13.140 +0700] [PROCESS] [cadence.virtuoso.ade.simulationMonitor] - Started Simulation {"hostname": "dtvt_13", "processid": 2986, "history": "ExplorerRun.0", "testname": "my_lib_cs_amp_1", "cornername": "Nominal", "point": 1, "logfile": "/home/dtvt_13/truong/logs_dtvt_13/logs0/Job37.log"}
[2026-04-09 01:58:34.531 +0700] [INFO] [cadence.virtuoso.ade.simulationMonitor] - Peak resident memory used = 95.5 Mbytes. {"history": "ExplorerRun.0", "point": 1, "testname": "my_lib_cs_amp_1", "cornername": "Nominal"}
[2026-04-09 01:58:34.532 +0700] [INFO] [cadence.virtuoso.ade.simulationMonitor] - Peak resident memory used = 104 Mbytes. {"history": "ExplorerRun.0", "point": 1, "testname": "my_lib_cs_amp_1", "cornername": "Nominal"}
[2026-04-09 01:58:34.532 +0700] [INFO] [cadence.virtuoso.ade.simulationMonitor] - Notice from spectre during hierarchy flattening.
    The value 'psf' specified for the 'checklimitdest' option will no longer be supported in future releases. Use 'spectre -h' to see other recommended values for the 'checklimitdest' option. {"history": "ExplorerRun.0", "point": 1, "testname": "my_lib_cs_amp_1", "cornername": "Nominal"}
[2026-04-09 01:58:34.532 +0700] [INFO] [cadence.virtuoso.ade.simulationMonitor] - Peak resident memory used = 105 Mbytes. {"history": "ExplorerRun.0", "point": 1, "testname": "my_lib_cs_amp_1", "cornername": "Nominal"}
[2026-04-09 01:58:34.532 +0700] [INFO] [cadence.virtuoso.ade.simulationMonitor] - Notice from spectre during initial setup.
    Multithreading is disabled due to the size of the design being too small. {"history": "ExplorerRun.0", "point": 1, "testname": "my_lib_cs_amp_1", "cornername": "Nominal"}
[2026-04-09 01:58:34.533 +0700] [INFO] [cadence.virtuoso.ade.simulationMonitor] -               nodes 4 {"history": "ExplorerRun.0", "point": 1, "testname": "my_lib_cs_amp_1", "cornername": "Nominal"}
[2026-04-09 01:58:34.533 +0700] [INFO] [cadence.virtuoso.ade.simulationMonitor] - Notice from spectre during initial setup.
    APS enabled. {"history": "ExplorerRun.0", "point": 1, "testname": "my_lib_cs_amp_1", "cornername": "Nominal"}
[2026-04-09 01:58:34.533 +0700] [INFO] [cadence.virtuoso.ade.simulationMonitor] - Peak resident memory used = 106 Mbytes. {"history": "ExplorerRun.0", "point": 1, "testname": "my_lib_cs_amp_1", "cornername": "Nominal"}
[2026-04-09 01:58:34.533 +0700] [INFO] [cadence.virtuoso.ade.simulationMonitor] -    -   (APS) Multi-threading. The recommended number of threads is 1, consider adding +mt=1 on command line. {"history": "ExplorerRun.0", "point": 1, "testname": "my_lib_cs_amp_1", "cornername": "Nominal"}
[2026-04-09 01:58:34.533 +0700] [INFO] [cadence.virtuoso.ade.simulationMonitor] - Total time required for dc analysis `dcOp': CPU = 1.611 ms, elapsed = 2.58207 ms. {"history": "ExplorerRun.0", "point": 1, "testname": "my_lib_cs_amp_1", "cornername": "Nominal"}
[2026-04-09 01:58:34.534 +0700] [INFO] [cadence.virtuoso.ade.simulationMonitor] - Peak resident memory used = 108 Mbytes. {"history": "ExplorerRun.0", "point": 1, "testname": "my_lib_cs_amp_1", "cornername": "Nominal"}
[2026-04-09 01:58:34.534 +0700] [INFO] [cadence.virtuoso.ade.simulationMonitor] - Time used: CPU = 555 ms, elapsed = 20.8 s, util. = 2.67%. {"history": "ExplorerRun.0", "point": 1, "testname": "my_lib_cs_amp_1", "cornername": "Nominal"}
[2026-04-09 01:58:34.534 +0700] [INFO] [cadence.virtuoso.ade.simulationMonitor] - Time spent in licensing: elapsed = 20.3 s, percentage of total = 97.4%. {"history": "ExplorerRun.0", "point": 1, "testname": "my_lib_cs_amp_1", "cornername": "Nominal"}
[2026-04-09 01:58:34.534 +0700] [INFO] [cadence.virtuoso.ade.simulationMonitor] - Peak memory used = 110 Mbytes. {"history": "ExplorerRun.0", "point": 1, "testname": "my_lib_cs_amp_1", "cornername": "Nominal"}
[2026-04-09 01:58:34.534 +0700] [PROCESS] [cadence.virtuoso.ade.simulationMonitor] - Simulation started at: 1:58:13 AM, Thur Apr 9, 2026, ended at: 1:58:34 AM, Thur Apr 9, 2026, with elapsed time (wall clock): 20.8 s. {"history": "ExplorerRun.0", "point": 1, "testname": "my_lib_cs_amp_1", "cornername": "Nominal"}
[2026-04-09 01:58:34.534 +0700] [PROCESS] [cadence.virtuoso.ade.simulationMonitor] - spectre completes with 0 errors, 0 warnings, and 4 notices. {"history": "ExplorerRun.0", "point": 1, "testname": "my_lib_cs_amp_1", "cornername": "Nominal"}
[2026-04-09 01:58:35.035 +0700] [PROCESS] [cadence.virtuoso.ade.simulationMonitor] - Finished simulating for one point {"hostname": "dtvt_13", "processid": 2986, "history": "ExplorerRun.0", "testname": "my_lib_cs_amp_1", "cornername": "Nominal", "point": 1, "logfile": "/home/dtvt_13/truong/logs_dtvt_13/logs0/Job37.log", "simid": "27"}
[2026-04-09 01:58:35.036 +0700] [PROCESS] [cadence.virtuoso.ade.simulationMonitor] - Simulator exited {"hostname": "dtvt_13", "processid": 2986, "history": "ExplorerRun.0", "testname": "my_lib_cs_amp_1", "cornername": "Nominal", "point": 1, "logfile": "/home/dtvt_13/truong/logs_dtvt_13/logs0/Job37.log", "exitStatus": "0"}
[2026-04-09 01:58:35.036 +0700] [PROCESS] [cadence.virtuoso.ade.simulationMonitor] - Finished Simulation {"hostname": "dtvt_13", "processid": 2986, "history": "ExplorerRun.0", "testname": "my_lib_cs_amp_1", "cornername": "Nominal", "point": 1, "logfile": "/home/dtvt_13/truong/logs_dtvt_13/logs0/Job37.log", "simid": "27"}
[2026-04-09 01:58:36.051 +0700] [PROCESS] [cadence.virtuoso.ade.simulationMonitor] - Point Finished {"hostname": "dtvt_13", "processid": 2986, "history": "ExplorerRun.0", "testname": "my_lib_cs_amp_1", "cornername": "Nominal", "point": 1, "logfile": "/home/dtvt_13/truong/logs_dtvt_13/logs0/Job37.log"}
[2026-04-09 01:59:02.628 +0700] [INFO] [cadence.virtuoso.ade.simulationMonitor] - SimulationMonitor has terminated the vds process '24224', reason: 'Force to stop the expression evalutor process because of new run' {"history": "ExplorerRun.0", "point": 1, "testname": "my_lib_cs_amp_1", "cornername": "Nominal"}
[2026-04-09 01:59:02.628 +0700] [PROCESS] [cadence.virtuoso.ade.simulationMonitor] - HostInfo:
Host name (type):	dtvt_13 (x86_64)
Operating system:	Linux 3.10.0-1160.118.1.el7.x86_64 #1 SMP Wed Apr 24 16:01:50 UTC 2024 {"hostname": "dtvt_13", "processid": 2986, "history": "ExplorerRun.0", "testname": "my_lib_cs_amp_1", "cornername": "Nominal", "point": 1, "logfile": "/home/dtvt_13/truong/logs_dtvt_13/logs0/Job37.log", "nodename": "dtvt_13", "domainname": "(none)", "machine": "x86_64", "sysname": "Linux", "release": "3.10.0-1160.118.1.el7.x86_64", "version": "#1 SMP Wed Apr 24 16:01:50 UTC 2024"}
[2026-04-09 01:59:02.629 +0700] [PROCESS] [cadence.virtuoso.ade.simulationMonitor] - UsageInfo:
pid=2986
totalPhysicalMemory=15.208324GB,Used=14.087563GB,totalVirtualMemory=22.895821GB,Used=14.120766GB
Cpu: Cores=24, Load average:0.280000,0.240000,0.230000 {"hostname": "dtvt_13", "processid": 2986, "history": "ExplorerRun.0", "testname": "my_lib_cs_amp_1", "cornername": "Nominal", "point": 1, "logfile": "/home/dtvt_13/truong/logs_dtvt_13/logs0/Job37.log", "pid": "2986", "totalPhysicalMemory": "15.208324", "physicalMemoryUsed": "14.087563", "totalVirtualMemory": "22.895821", "virtualMemoryUsed": "14.120766", "cpuCores": "24", "processes": "2525", "loadAverage1": "0.280000", "loadAverage5": "0.240000", "loadAverage15": "0.230000", "loadAverage1Percent": "0.011667"}
[2026-04-09 01:59:02.629 +0700] [EVENT] [cadence.virtuoso.ade.simulationMonitor] - NewPoint {"history": "ExplorerRun.0", "point": 1, "testname": "my_lib_cs_amp_1", "cornername": "Nominal", "event": "NewPoint", "EventSource": "Simulation Monitor", "HistoryName": "ExplorerRun.0", "logFile": "/home/dtvt_13/truong/logs_dtvt_13/logs0/Job37.log", "logFileSize": "239009"}
[2026-04-09 01:59:02.729 +0700] [EVENT] [cadence.virtuoso.ade.simulationMonitor] - NewPoint {"history": "ExplorerRun.0", "point": 1, "testname": "my_lib_cs_amp_1", "cornername": "Nominal", "event": "NewPoint", "EventSource": "spectre", "HistoryName": "ExplorerRun.0", "logFile": "/home/dtvt_13/simulation/my_lib/cs_amp/maestro/results/maestro/ExplorerRun.0/1/my_lib_cs_amp_1/psf/spectre.out", "logFileSize": "-1"}
[2026-04-09 01:59:02.732 +0700] [PROCESS] [cadence.virtuoso.ade.simulationMonitor] - Simulator launched {"hostname": "dtvt_13", "processid": 2986, "history": "ExplorerRun.0", "testname": "my_lib_cs_amp_1", "cornername": "Nominal", "point": 1, "logfile": "/home/dtvt_13/truong/logs_dtvt_13/logs0/Job37.log", "simid": "28"}
[2026-04-09 01:59:02.733 +0700] [PROCESS] [cadence.virtuoso.ade.simulationMonitor] - Expression evaluator launched {"hostname": "dtvt_13", "processid": 2986, "history": "ExplorerRun.0", "testname": "my_lib_cs_amp_1", "cornername": "Nominal", "point": 1, "logfile": "/home/dtvt_13/truong/logs_dtvt_13/logs0/Job37.log"}
[2026-04-09 01:59:02.737 +0700] [PROCESS] [cadence.virtuoso.ade.simulationMonitor] - Started Simulation {"hostname": "dtvt_13", "processid": 2986, "history": "ExplorerRun.0", "testname": "my_lib_cs_amp_1", "cornername": "Nominal", "point": 1, "logfile": "/home/dtvt_13/truong/logs_dtvt_13/logs0/Job37.log"}
[2026-04-09 01:59:24.663 +0700] [PROCESS] [cadence.virtuoso.ade.simulationMonitor] - Finished simulating for one point {"hostname": "dtvt_13", "processid": 2986, "history": "ExplorerRun.0", "testname": "my_lib_cs_amp_1", "cornername": "Nominal", "point": 1, "logfile": "/home/dtvt_13/truong/logs_dtvt_13/logs0/Job37.log", "simid": "28"}
[2026-04-09 01:59:24.664 +0700] [INFO] [cadence.virtuoso.ade.simulationMonitor] - Peak resident memory used = 95.5 Mbytes. {"history": "ExplorerRun.0", "point": 1, "testname": "my_lib_cs_amp_1", "cornername": "Nominal"}
[2026-04-09 01:59:24.664 +0700] [INFO] [cadence.virtuoso.ade.simulationMonitor] - Peak resident memory used = 104 Mbytes. {"history": "ExplorerRun.0", "point": 1, "testname": "my_lib_cs_amp_1", "cornername": "Nominal"}
[2026-04-09 01:59:24.664 +0700] [INFO] [cadence.virtuoso.ade.simulationMonitor] - Notice from spectre during hierarchy flattening.
    The value 'psf' specified for the 'checklimitdest' option will no longer be supported in future releases. Use 'spectre -h' to see other recommended values for the 'checklimitdest' option. {"history": "ExplorerRun.0", "point": 1, "testname": "my_lib_cs_amp_1", "cornername": "Nominal"}
[2026-04-09 01:59:24.665 +0700] [INFO] [cadence.virtuoso.ade.simulationMonitor] - Peak resident memory used = 105 Mbytes. {"history": "ExplorerRun.0", "point": 1, "testname": "my_lib_cs_amp_1", "cornername": "Nominal"}
[2026-04-09 01:59:24.665 +0700] [INFO] [cadence.virtuoso.ade.simulationMonitor] - Notice from spectre during initial setup.
    Multithreading is disabled due to the size of the design being too small. {"history": "ExplorerRun.0", "point": 1, "testname": "my_lib_cs_amp_1", "cornername": "Nominal"}
[2026-04-09 01:59:24.666 +0700] [INFO] [cadence.virtuoso.ade.simulationMonitor] -               nodes 4 {"history": "ExplorerRun.0", "point": 1, "testname": "my_lib_cs_amp_1", "cornername": "Nominal"}
[2026-04-09 01:59:24.666 +0700] [INFO] [cadence.virtuoso.ade.simulationMonitor] - Notice from spectre during initial setup.
    APS enabled. {"history": "ExplorerRun.0", "point": 1, "testname": "my_lib_cs_amp_1", "cornername": "Nominal"}
[2026-04-09 01:59:24.666 +0700] [INFO] [cadence.virtuoso.ade.simulationMonitor] - Peak resident memory used = 106 Mbytes. {"history": "ExplorerRun.0", "point": 1, "testname": "my_lib_cs_amp_1", "cornername": "Nominal"}
[2026-04-09 01:59:24.667 +0700] [INFO] [cadence.virtuoso.ade.simulationMonitor] -    -   (APS) Multi-threading. The recommended number of threads is 1, consider adding +mt=1 on command line. {"history": "ExplorerRun.0", "point": 1, "testname": "my_lib_cs_amp_1", "cornername": "Nominal"}
[2026-04-09 01:59:24.667 +0700] [INFO] [cadence.virtuoso.ade.simulationMonitor] - Total time required for dc analysis `dcOp': CPU = 1.506 ms, elapsed = 2.47598 ms. {"history": "ExplorerRun.0", "point": 1, "testname": "my_lib_cs_amp_1", "cornername": "Nominal"}
[2026-04-09 01:59:24.667 +0700] [INFO] [cadence.virtuoso.ade.simulationMonitor] - Peak resident memory used = 108 Mbytes. {"history": "ExplorerRun.0", "point": 1, "testname": "my_lib_cs_amp_1", "cornername": "Nominal"}
[2026-04-09 01:59:24.667 +0700] [INFO] [cadence.virtuoso.ade.simulationMonitor] - Time used: CPU = 522 ms, elapsed = 21.3 s, util. = 2.45%. {"history": "ExplorerRun.0", "point": 1, "testname": "my_lib_cs_amp_1", "cornername": "Nominal"}
[2026-04-09 01:59:24.667 +0700] [INFO] [cadence.virtuoso.ade.simulationMonitor] - Time spent in licensing: elapsed = 20.8 s, percentage of total = 97.4%. {"history": "ExplorerRun.0", "point": 1, "testname": "my_lib_cs_amp_1", "cornername": "Nominal"}
[2026-04-09 01:59:24.667 +0700] [INFO] [cadence.virtuoso.ade.simulationMonitor] - Peak memory used = 110 Mbytes. {"history": "ExplorerRun.0", "point": 1, "testname": "my_lib_cs_amp_1", "cornername": "Nominal"}
[2026-04-09 01:59:24.668 +0700] [PROCESS] [cadence.virtuoso.ade.simulationMonitor] - Simulation started at: 1:59:02 AM, Thur Apr 9, 2026, ended at: 1:59:24 AM, Thur Apr 9, 2026, with elapsed time (wall clock): 21.3 s. {"history": "ExplorerRun.0", "point": 1, "testname": "my_lib_cs_amp_1", "cornername": "Nominal"}
[2026-04-09 01:59:24.668 +0700] [PROCESS] [cadence.virtuoso.ade.simulationMonitor] - spectre completes with 0 errors, 0 warnings, and 4 notices. {"history": "ExplorerRun.0", "point": 1, "testname": "my_lib_cs_amp_1", "cornername": "Nominal"}
[2026-04-09 01:59:24.668 +0700] [PROCESS] [cadence.virtuoso.ade.simulationMonitor] - Simulator exited {"hostname": "dtvt_13", "processid": 2986, "history": "ExplorerRun.0", "testname": "my_lib_cs_amp_1", "cornername": "Nominal", "point": 1, "logfile": "/home/dtvt_13/truong/logs_dtvt_13/logs0/Job37.log", "exitStatus": "0"}
[2026-04-09 01:59:24.668 +0700] [PROCESS] [cadence.virtuoso.ade.simulationMonitor] - Finished Simulation {"hostname": "dtvt_13", "processid": 2986, "history": "ExplorerRun.0", "testname": "my_lib_cs_amp_1", "cornername": "Nominal", "point": 1, "logfile": "/home/dtvt_13/truong/logs_dtvt_13/logs0/Job37.log", "simid": "28"}
[2026-04-09 01:59:25.682 +0700] [PROCESS] [cadence.virtuoso.ade.simulationMonitor] - Point Finished {"hostname": "dtvt_13", "processid": 2986, "history": "ExplorerRun.0", "testname": "my_lib_cs_amp_1", "cornername": "Nominal", "point": 1, "logfile": "/home/dtvt_13/truong/logs_dtvt_13/logs0/Job37.log"}
[2026-04-09 02:01:21.239 +0700] [INFO] [cadence.virtuoso.ade.simulationMonitor] - SimulationMonitor has terminated the vds process '24848', reason: 'Force to stop the expression evalutor process because of new run' {"history": "ExplorerRun.0", "point": 1, "testname": "my_lib_cs_amp_1", "cornername": "Nominal"}
[2026-04-09 02:01:21.240 +0700] [PROCESS] [cadence.virtuoso.ade.simulationMonitor] - HostInfo:
Host name (type):	dtvt_13 (x86_64)
Operating system:	Linux 3.10.0-1160.118.1.el7.x86_64 #1 SMP Wed Apr 24 16:01:50 UTC 2024 {"hostname": "dtvt_13", "processid": 2986, "history": "ExplorerRun.0", "testname": "my_lib_cs_amp_1", "cornername": "Nominal", "point": 1, "logfile": "/home/dtvt_13/truong/logs_dtvt_13/logs0/Job37.log", "nodename": "dtvt_13", "domainname": "(none)", "machine": "x86_64", "sysname": "Linux", "release": "3.10.0-1160.118.1.el7.x86_64", "version": "#1 SMP Wed Apr 24 16:01:50 UTC 2024"}
[2026-04-09 02:01:21.240 +0700] [PROCESS] [cadence.virtuoso.ade.simulationMonitor] - UsageInfo:
pid=2986
totalPhysicalMemory=15.208324GB,Used=14.096645GB,totalVirtualMemory=22.895821GB,Used=14.129848GB
Cpu: Cores=24, Load average:0.160000,0.210000,0.220000 {"hostname": "dtvt_13", "processid": 2986, "history": "ExplorerRun.0", "testname": "my_lib_cs_amp_1", "cornername": "Nominal", "point": 1, "logfile": "/home/dtvt_13/truong/logs_dtvt_13/logs0/Job37.log", "pid": "2986", "totalPhysicalMemory": "15.208324", "physicalMemoryUsed": "14.096645", "totalVirtualMemory": "22.895821", "virtualMemoryUsed": "14.129848", "cpuCores": "24", "processes": "2527", "loadAverage1": "0.160000", "loadAverage5": "0.210000", "loadAverage15": "0.220000", "loadAverage1Percent": "0.006667"}
[2026-04-09 02:01:21.240 +0700] [EVENT] [cadence.virtuoso.ade.simulationMonitor] - NewPoint {"history": "ExplorerRun.0", "point": 1, "testname": "my_lib_cs_amp_1", "cornername": "Nominal", "event": "NewPoint", "EventSource": "Simulation Monitor", "HistoryName": "ExplorerRun.0", "logFile": "/home/dtvt_13/truong/logs_dtvt_13/logs0/Job37.log", "logFileSize": "247772"}
[2026-04-09 02:01:21.341 +0700] [EVENT] [cadence.virtuoso.ade.simulationMonitor] - NewPoint {"history": "ExplorerRun.0", "point": 1, "testname": "my_lib_cs_amp_1", "cornername": "Nominal", "event": "NewPoint", "EventSource": "spectre", "HistoryName": "ExplorerRun.0", "logFile": "/home/dtvt_13/simulation/my_lib/cs_amp/maestro/results/maestro/ExplorerRun.0/1/my_lib_cs_amp_1/psf/spectre.out", "logFileSize": "-1"}
[2026-04-09 02:01:21.350 +0700] [PROCESS] [cadence.virtuoso.ade.simulationMonitor] - Simulator launched {"hostname": "dtvt_13", "processid": 2986, "history": "ExplorerRun.0", "testname": "my_lib_cs_amp_1", "cornername": "Nominal", "point": 1, "logfile": "/home/dtvt_13/truong/logs_dtvt_13/logs0/Job37.log", "simid": "29"}
[2026-04-09 02:01:21.356 +0700] [PROCESS] [cadence.virtuoso.ade.simulationMonitor] - Expression evaluator launched {"hostname": "dtvt_13", "processid": 2986, "history": "ExplorerRun.0", "testname": "my_lib_cs_amp_1", "cornername": "Nominal", "point": 1, "logfile": "/home/dtvt_13/truong/logs_dtvt_13/logs0/Job37.log"}
[2026-04-09 02:01:21.367 +0700] [PROCESS] [cadence.virtuoso.ade.simulationMonitor] - Started Simulation {"hostname": "dtvt_13", "processid": 2986, "history": "ExplorerRun.0", "testname": "my_lib_cs_amp_1", "cornername": "Nominal", "point": 1, "logfile": "/home/dtvt_13/truong/logs_dtvt_13/logs0/Job37.log"}
[2026-04-09 02:01:42.770 +0700] [INFO] [cadence.virtuoso.ade.simulationMonitor] - Peak resident memory used = 95.5 Mbytes. {"history": "ExplorerRun.0", "point": 1, "testname": "my_lib_cs_amp_1", "cornername": "Nominal"}
[2026-04-09 02:01:42.771 +0700] [INFO] [cadence.virtuoso.ade.simulationMonitor] - Peak resident memory used = 104 Mbytes. {"history": "ExplorerRun.0", "point": 1, "testname": "my_lib_cs_amp_1", "cornername": "Nominal"}
[2026-04-09 02:01:42.771 +0700] [INFO] [cadence.virtuoso.ade.simulationMonitor] - Notice from spectre during hierarchy flattening.
    The value 'psf' specified for the 'checklimitdest' option will no longer be supported in future releases. Use 'spectre -h' to see other recommended values for the 'checklimitdest' option. {"history": "ExplorerRun.0", "point": 1, "testname": "my_lib_cs_amp_1", "cornername": "Nominal"}
[2026-04-09 02:01:42.771 +0700] [INFO] [cadence.virtuoso.ade.simulationMonitor] - Peak resident memory used = 105 Mbytes. {"history": "ExplorerRun.0", "point": 1, "testname": "my_lib_cs_amp_1", "cornername": "Nominal"}
[2026-04-09 02:01:42.772 +0700] [INFO] [cadence.virtuoso.ade.simulationMonitor] - Notice from spectre during initial setup.
    Multithreading is disabled due to the size of the design being too small. {"history": "ExplorerRun.0", "point": 1, "testname": "my_lib_cs_amp_1", "cornername": "Nominal"}
[2026-04-09 02:01:42.772 +0700] [INFO] [cadence.virtuoso.ade.simulationMonitor] -               nodes 4 {"history": "ExplorerRun.0", "point": 1, "testname": "my_lib_cs_amp_1", "cornername": "Nominal"}
[2026-04-09 02:01:42.772 +0700] [INFO] [cadence.virtuoso.ade.simulationMonitor] - Notice from spectre during initial setup.
    APS enabled. {"history": "ExplorerRun.0", "point": 1, "testname": "my_lib_cs_amp_1", "cornername": "Nominal"}
[2026-04-09 02:01:42.773 +0700] [INFO] [cadence.virtuoso.ade.simulationMonitor] - Peak resident memory used = 106 Mbytes. {"history": "ExplorerRun.0", "point": 1, "testname": "my_lib_cs_amp_1", "cornername": "Nominal"}
[2026-04-09 02:01:42.773 +0700] [INFO] [cadence.virtuoso.ade.simulationMonitor] -    -   (APS) Multi-threading. The recommended number of threads is 1, consider adding +mt=1 on command line. {"history": "ExplorerRun.0", "point": 1, "testname": "my_lib_cs_amp_1", "cornername": "Nominal"}
[2026-04-09 02:01:42.773 +0700] [INFO] [cadence.virtuoso.ade.simulationMonitor] - Total time required for dc analysis `dcOp': CPU = 1.648 ms, elapsed = 2.6691 ms. {"history": "ExplorerRun.0", "point": 1, "testname": "my_lib_cs_amp_1", "cornername": "Nominal"}
[2026-04-09 02:01:42.773 +0700] [INFO] [cadence.virtuoso.ade.simulationMonitor] - Peak resident memory used = 108 Mbytes. {"history": "ExplorerRun.0", "point": 1, "testname": "my_lib_cs_amp_1", "cornername": "Nominal"}
[2026-04-09 02:01:43.274 +0700] [PROCESS] [cadence.virtuoso.ade.simulationMonitor] - Finished simulating for one point {"hostname": "dtvt_13", "processid": 2986, "history": "ExplorerRun.0", "testname": "my_lib_cs_amp_1", "cornername": "Nominal", "point": 1, "logfile": "/home/dtvt_13/truong/logs_dtvt_13/logs0/Job37.log", "simid": "29"}
[2026-04-09 02:01:43.275 +0700] [INFO] [cadence.virtuoso.ade.simulationMonitor] - Time used: CPU = 551 ms, elapsed = 20.9 s, util. = 2.64%. {"history": "ExplorerRun.0", "point": 1, "testname": "my_lib_cs_amp_1", "cornername": "Nominal"}
[2026-04-09 02:01:43.275 +0700] [INFO] [cadence.virtuoso.ade.simulationMonitor] - Time spent in licensing: elapsed = 20.3 s, percentage of total = 97.1%. {"history": "ExplorerRun.0", "point": 1, "testname": "my_lib_cs_amp_1", "cornername": "Nominal"}
[2026-04-09 02:01:43.276 +0700] [INFO] [cadence.virtuoso.ade.simulationMonitor] - Peak memory used = 110 Mbytes. {"history": "ExplorerRun.0", "point": 1, "testname": "my_lib_cs_amp_1", "cornername": "Nominal"}
[2026-04-09 02:01:43.276 +0700] [PROCESS] [cadence.virtuoso.ade.simulationMonitor] - Simulation started at: 2:01:21 AM, Thur Apr 9, 2026, ended at: 2:01:42 AM, Thur Apr 9, 2026, with elapsed time (wall clock): 20.9 s. {"history": "ExplorerRun.0", "point": 1, "testname": "my_lib_cs_amp_1", "cornername": "Nominal"}
[2026-04-09 02:01:43.276 +0700] [PROCESS] [cadence.virtuoso.ade.simulationMonitor] - spectre completes with 0 errors, 0 warnings, and 4 notices. {"history": "ExplorerRun.0", "point": 1, "testname": "my_lib_cs_amp_1", "cornername": "Nominal"}
[2026-04-09 02:01:43.277 +0700] [PROCESS] [cadence.virtuoso.ade.simulationMonitor] - Simulator exited {"hostname": "dtvt_13", "processid": 2986, "history": "ExplorerRun.0", "testname": "my_lib_cs_amp_1", "cornername": "Nominal", "point": 1, "logfile": "/home/dtvt_13/truong/logs_dtvt_13/logs0/Job37.log", "exitStatus": "0"}
[2026-04-09 02:01:43.277 +0700] [PROCESS] [cadence.virtuoso.ade.simulationMonitor] - Finished Simulation {"hostname": "dtvt_13", "processid": 2986, "history": "ExplorerRun.0", "testname": "my_lib_cs_amp_1", "cornername": "Nominal", "point": 1, "logfile": "/home/dtvt_13/truong/logs_dtvt_13/logs0/Job37.log", "simid": "29"}
[2026-04-09 02:01:43.790 +0700] [PROCESS] [cadence.virtuoso.ade.simulationMonitor] - Point Finished {"hostname": "dtvt_13", "processid": 2986, "history": "ExplorerRun.0", "testname": "my_lib_cs_amp_1", "cornername": "Nominal", "point": 1, "logfile": "/home/dtvt_13/truong/logs_dtvt_13/logs0/Job37.log"}
[2026-04-09 02:03:30.739 +0700] [INFO] [cadence.virtuoso.ade.simulationMonitor] - SimulationMonitor has terminated the vds process '25893', reason: 'Force to stop the expression evalutor process because of new run' {"history": "ExplorerRun.0", "point": 1, "testname": "my_lib_cs_amp_1", "cornername": "Nominal"}
[2026-04-09 02:03:30.739 +0700] [PROCESS] [cadence.virtuoso.ade.simulationMonitor] - HostInfo:
Host name (type):	dtvt_13 (x86_64)
Operating system:	Linux 3.10.0-1160.118.1.el7.x86_64 #1 SMP Wed Apr 24 16:01:50 UTC 2024 {"hostname": "dtvt_13", "processid": 2986, "history": "ExplorerRun.0", "testname": "my_lib_cs_amp_1", "cornername": "Nominal", "point": 1, "logfile": "/home/dtvt_13/truong/logs_dtvt_13/logs0/Job37.log", "nodename": "dtvt_13", "domainname": "(none)", "machine": "x86_64", "sysname": "Linux", "release": "3.10.0-1160.118.1.el7.x86_64", "version": "#1 SMP Wed Apr 24 16:01:50 UTC 2024"}
[2026-04-09 02:03:30.739 +0700] [PROCESS] [cadence.virtuoso.ade.simulationMonitor] - UsageInfo:
pid=2986
totalPhysicalMemory=15.208324GB,Used=14.049538GB,totalVirtualMemory=22.895821GB,Used=14.082741GB
Cpu: Cores=24, Load average:0.370000,0.260000,0.240000 {"hostname": "dtvt_13", "processid": 2986, "history": "ExplorerRun.0", "testname": "my_lib_cs_amp_1", "cornername": "Nominal", "point": 1, "logfile": "/home/dtvt_13/truong/logs_dtvt_13/logs0/Job37.log", "pid": "2986", "totalPhysicalMemory": "15.208324", "physicalMemoryUsed": "14.049538", "totalVirtualMemory": "22.895821", "virtualMemoryUsed": "14.082741", "cpuCores": "24", "processes": "2534", "loadAverage1": "0.370000", "loadAverage5": "0.260000", "loadAverage15": "0.240000", "loadAverage1Percent": "0.015417"}
[2026-04-09 02:03:30.740 +0700] [EVENT] [cadence.virtuoso.ade.simulationMonitor] - NewPoint {"history": "ExplorerRun.0", "point": 1, "testname": "my_lib_cs_amp_1", "cornername": "Nominal", "event": "NewPoint", "EventSource": "Simulation Monitor", "HistoryName": "ExplorerRun.0", "logFile": "/home/dtvt_13/truong/logs_dtvt_13/logs0/Job37.log", "logFileSize": "256534"}
[2026-04-09 02:03:30.840 +0700] [EVENT] [cadence.virtuoso.ade.simulationMonitor] - NewPoint {"history": "ExplorerRun.0", "point": 1, "testname": "my_lib_cs_amp_1", "cornername": "Nominal", "event": "NewPoint", "EventSource": "spectre", "HistoryName": "ExplorerRun.0", "logFile": "/home/dtvt_13/simulation/my_lib/cs_amp/maestro/results/maestro/ExplorerRun.0/1/my_lib_cs_amp_1/psf/spectre.out", "logFileSize": "-1"}
[2026-04-09 02:03:30.844 +0700] [PROCESS] [cadence.virtuoso.ade.simulationMonitor] - Simulator launched {"hostname": "dtvt_13", "processid": 2986, "history": "ExplorerRun.0", "testname": "my_lib_cs_amp_1", "cornername": "Nominal", "point": 1, "logfile": "/home/dtvt_13/truong/logs_dtvt_13/logs0/Job37.log", "simid": "30"}
[2026-04-09 02:03:30.850 +0700] [PROCESS] [cadence.virtuoso.ade.simulationMonitor] - Expression evaluator launched {"hostname": "dtvt_13", "processid": 2986, "history": "ExplorerRun.0", "testname": "my_lib_cs_amp_1", "cornername": "Nominal", "point": 1, "logfile": "/home/dtvt_13/truong/logs_dtvt_13/logs0/Job37.log"}
[2026-04-09 02:03:30.855 +0700] [PROCESS] [cadence.virtuoso.ade.simulationMonitor] - Started Simulation {"hostname": "dtvt_13", "processid": 2986, "history": "ExplorerRun.0", "testname": "my_lib_cs_amp_1", "cornername": "Nominal", "point": 1, "logfile": "/home/dtvt_13/truong/logs_dtvt_13/logs0/Job37.log"}
[2026-04-09 02:03:52.724 +0700] [PROCESS] [cadence.virtuoso.ade.simulationMonitor] - Finished simulating for one point {"hostname": "dtvt_13", "processid": 2986, "history": "ExplorerRun.0", "testname": "my_lib_cs_amp_1", "cornername": "Nominal", "point": 1, "logfile": "/home/dtvt_13/truong/logs_dtvt_13/logs0/Job37.log", "simid": "30"}
[2026-04-09 02:03:52.725 +0700] [INFO] [cadence.virtuoso.ade.simulationMonitor] - Peak resident memory used = 95.5 Mbytes. {"history": "ExplorerRun.0", "point": 1, "testname": "my_lib_cs_amp_1", "cornername": "Nominal"}
[2026-04-09 02:03:52.725 +0700] [INFO] [cadence.virtuoso.ade.simulationMonitor] - Peak resident memory used = 104 Mbytes. {"history": "ExplorerRun.0", "point": 1, "testname": "my_lib_cs_amp_1", "cornername": "Nominal"}
[2026-04-09 02:03:52.726 +0700] [INFO] [cadence.virtuoso.ade.simulationMonitor] - Notice from spectre during hierarchy flattening.
    The value 'psf' specified for the 'checklimitdest' option will no longer be supported in future releases. Use 'spectre -h' to see other recommended values for the 'checklimitdest' option. {"history": "ExplorerRun.0", "point": 1, "testname": "my_lib_cs_amp_1", "cornername": "Nominal"}
[2026-04-09 02:03:52.726 +0700] [INFO] [cadence.virtuoso.ade.simulationMonitor] - Peak resident memory used = 105 Mbytes. {"history": "ExplorerRun.0", "point": 1, "testname": "my_lib_cs_amp_1", "cornername": "Nominal"}
[2026-04-09 02:03:52.727 +0700] [INFO] [cadence.virtuoso.ade.simulationMonitor] - Notice from spectre during initial setup.
    Multithreading is disabled due to the size of the design being too small. {"history": "ExplorerRun.0", "point": 1, "testname": "my_lib_cs_amp_1", "cornername": "Nominal"}
[2026-04-09 02:03:52.727 +0700] [INFO] [cadence.virtuoso.ade.simulationMonitor] -               nodes 4 {"history": "ExplorerRun.0", "point": 1, "testname": "my_lib_cs_amp_1", "cornername": "Nominal"}
[2026-04-09 02:03:52.728 +0700] [INFO] [cadence.virtuoso.ade.simulationMonitor] - Notice from spectre during initial setup.
    APS enabled. {"history": "ExplorerRun.0", "point": 1, "testname": "my_lib_cs_amp_1", "cornername": "Nominal"}
[2026-04-09 02:03:52.728 +0700] [INFO] [cadence.virtuoso.ade.simulationMonitor] - Peak resident memory used = 106 Mbytes. {"history": "ExplorerRun.0", "point": 1, "testname": "my_lib_cs_amp_1", "cornername": "Nominal"}
[2026-04-09 02:03:52.728 +0700] [INFO] [cadence.virtuoso.ade.simulationMonitor] -    -   (APS) Multi-threading. The recommended number of threads is 1, consider adding +mt=1 on command line. {"history": "ExplorerRun.0", "point": 1, "testname": "my_lib_cs_amp_1", "cornername": "Nominal"}
[2026-04-09 02:03:52.728 +0700] [INFO] [cadence.virtuoso.ade.simulationMonitor] - Total time required for dc analysis `dcOp': CPU = 1.561 ms, elapsed = 2.64692 ms. {"history": "ExplorerRun.0", "point": 1, "testname": "my_lib_cs_amp_1", "cornername": "Nominal"}
[2026-04-09 02:03:52.729 +0700] [INFO] [cadence.virtuoso.ade.simulationMonitor] - Peak resident memory used = 108 Mbytes. {"history": "ExplorerRun.0", "point": 1, "testname": "my_lib_cs_amp_1", "cornername": "Nominal"}
[2026-04-09 02:03:52.729 +0700] [INFO] [cadence.virtuoso.ade.simulationMonitor] - Time used: CPU = 551 ms, elapsed = 21.1 s, util. = 2.62%. {"history": "ExplorerRun.0", "point": 1, "testname": "my_lib_cs_amp_1", "cornername": "Nominal"}
[2026-04-09 02:03:52.729 +0700] [INFO] [cadence.virtuoso.ade.simulationMonitor] - Time spent in licensing: elapsed = 20.5 s, percentage of total = 97.3%. {"history": "ExplorerRun.0", "point": 1, "testname": "my_lib_cs_amp_1", "cornername": "Nominal"}
[2026-04-09 02:03:52.729 +0700] [INFO] [cadence.virtuoso.ade.simulationMonitor] - Peak memory used = 110 Mbytes. {"history": "ExplorerRun.0", "point": 1, "testname": "my_lib_cs_amp_1", "cornername": "Nominal"}
[2026-04-09 02:03:52.730 +0700] [PROCESS] [cadence.virtuoso.ade.simulationMonitor] - Simulation started at: 2:03:31 AM, Thur Apr 9, 2026, ended at: 2:03:52 AM, Thur Apr 9, 2026, with elapsed time (wall clock): 21.1 s. {"history": "ExplorerRun.0", "point": 1, "testname": "my_lib_cs_amp_1", "cornername": "Nominal"}
[2026-04-09 02:03:52.730 +0700] [PROCESS] [cadence.virtuoso.ade.simulationMonitor] - spectre completes with 0 errors, 0 warnings, and 4 notices. {"history": "ExplorerRun.0", "point": 1, "testname": "my_lib_cs_amp_1", "cornername": "Nominal"}
[2026-04-09 02:03:52.730 +0700] [PROCESS] [cadence.virtuoso.ade.simulationMonitor] - Simulator exited {"hostname": "dtvt_13", "processid": 2986, "history": "ExplorerRun.0", "testname": "my_lib_cs_amp_1", "cornername": "Nominal", "point": 1, "logfile": "/home/dtvt_13/truong/logs_dtvt_13/logs0/Job37.log", "exitStatus": "0"}
[2026-04-09 02:03:52.730 +0700] [PROCESS] [cadence.virtuoso.ade.simulationMonitor] - Finished Simulation {"hostname": "dtvt_13", "processid": 2986, "history": "ExplorerRun.0", "testname": "my_lib_cs_amp_1", "cornername": "Nominal", "point": 1, "logfile": "/home/dtvt_13/truong/logs_dtvt_13/logs0/Job37.log", "simid": "30"}
[2026-04-09 02:03:53.245 +0700] [PROCESS] [cadence.virtuoso.ade.simulationMonitor] - Point Finished {"hostname": "dtvt_13", "processid": 2986, "history": "ExplorerRun.0", "testname": "my_lib_cs_amp_1", "cornername": "Nominal", "point": 1, "logfile": "/home/dtvt_13/truong/logs_dtvt_13/logs0/Job37.log"}
[2026-04-09 02:06:00.444 +0700] [INFO] [cadence.virtuoso.ade.simulationMonitor] - SimulationMonitor has terminated the vds process '26770', reason: 'Force to stop the expression evalutor process because of new run' {"history": "ExplorerRun.0", "point": 1, "testname": "my_lib_cs_amp_1", "cornername": "Nominal"}
[2026-04-09 02:06:00.444 +0700] [PROCESS] [cadence.virtuoso.ade.simulationMonitor] - HostInfo:
Host name (type):	dtvt_13 (x86_64)
Operating system:	Linux 3.10.0-1160.118.1.el7.x86_64 #1 SMP Wed Apr 24 16:01:50 UTC 2024 {"hostname": "dtvt_13", "processid": 2986, "history": "ExplorerRun.0", "testname": "my_lib_cs_amp_1", "cornername": "Nominal", "point": 1, "logfile": "/home/dtvt_13/truong/logs_dtvt_13/logs0/Job37.log", "nodename": "dtvt_13", "domainname": "(none)", "machine": "x86_64", "sysname": "Linux", "release": "3.10.0-1160.118.1.el7.x86_64", "version": "#1 SMP Wed Apr 24 16:01:50 UTC 2024"}
[2026-04-09 02:06:00.444 +0700] [PROCESS] [cadence.virtuoso.ade.simulationMonitor] - UsageInfo:
pid=2986
totalPhysicalMemory=15.208324GB,Used=14.009304GB,totalVirtualMemory=22.895821GB,Used=14.042507GB
Cpu: Cores=24, Load average:0.360000,0.290000,0.250000 {"hostname": "dtvt_13", "processid": 2986, "history": "ExplorerRun.0", "testname": "my_lib_cs_amp_1", "cornername": "Nominal", "point": 1, "logfile": "/home/dtvt_13/truong/logs_dtvt_13/logs0/Job37.log", "pid": "2986", "totalPhysicalMemory": "15.208324", "physicalMemoryUsed": "14.009304", "totalVirtualMemory": "22.895821", "virtualMemoryUsed": "14.042507", "cpuCores": "24", "processes": "2533", "loadAverage1": "0.360000", "loadAverage5": "0.290000", "loadAverage15": "0.250000", "loadAverage1Percent": "0.015000"}
[2026-04-09 02:06:00.444 +0700] [EVENT] [cadence.virtuoso.ade.simulationMonitor] - NewPoint {"history": "ExplorerRun.0", "point": 1, "testname": "my_lib_cs_amp_1", "cornername": "Nominal", "event": "NewPoint", "EventSource": "Simulation Monitor", "HistoryName": "ExplorerRun.0", "logFile": "/home/dtvt_13/truong/logs_dtvt_13/logs0/Job37.log", "logFileSize": "264523"}
[2026-04-09 02:06:00.545 +0700] [EVENT] [cadence.virtuoso.ade.simulationMonitor] - NewPoint {"history": "ExplorerRun.0", "point": 1, "testname": "my_lib_cs_amp_1", "cornername": "Nominal", "event": "NewPoint", "EventSource": "spectre", "HistoryName": "ExplorerRun.0", "logFile": "/home/dtvt_13/simulation/my_lib/cs_amp/maestro/results/maestro/ExplorerRun.0/1/my_lib_cs_amp_1/psf/spectre.out", "logFileSize": "-1"}
[2026-04-09 02:06:00.555 +0700] [PROCESS] [cadence.virtuoso.ade.simulationMonitor] - Simulator launched {"hostname": "dtvt_13", "processid": 2986, "history": "ExplorerRun.0", "testname": "my_lib_cs_amp_1", "cornername": "Nominal", "point": 1, "logfile": "/home/dtvt_13/truong/logs_dtvt_13/logs0/Job37.log", "simid": "31"}
[2026-04-09 02:06:00.561 +0700] [PROCESS] [cadence.virtuoso.ade.simulationMonitor] - Expression evaluator launched {"hostname": "dtvt_13", "processid": 2986, "history": "ExplorerRun.0", "testname": "my_lib_cs_amp_1", "cornername": "Nominal", "point": 1, "logfile": "/home/dtvt_13/truong/logs_dtvt_13/logs0/Job37.log"}
[2026-04-09 02:06:00.573 +0700] [PROCESS] [cadence.virtuoso.ade.simulationMonitor] - Started Simulation {"hostname": "dtvt_13", "processid": 2986, "history": "ExplorerRun.0", "testname": "my_lib_cs_amp_1", "cornername": "Nominal", "point": 1, "logfile": "/home/dtvt_13/truong/logs_dtvt_13/logs0/Job37.log"}
[2026-04-09 02:06:21.989 +0700] [INFO] [cadence.virtuoso.ade.simulationMonitor] - Peak resident memory used = 95.5 Mbytes. {"history": "ExplorerRun.0", "point": 1, "testname": "my_lib_cs_amp_1", "cornername": "Nominal"}
[2026-04-09 02:06:21.990 +0700] [INFO] [cadence.virtuoso.ade.simulationMonitor] - Peak resident memory used = 104 Mbytes. {"history": "ExplorerRun.0", "point": 1, "testname": "my_lib_cs_amp_1", "cornername": "Nominal"}
[2026-04-09 02:06:21.990 +0700] [INFO] [cadence.virtuoso.ade.simulationMonitor] - Notice from spectre during hierarchy flattening.
    The value 'psf' specified for the 'checklimitdest' option will no longer be supported in future releases. Use 'spectre -h' to see other recommended values for the 'checklimitdest' option. {"history": "ExplorerRun.0", "point": 1, "testname": "my_lib_cs_amp_1", "cornername": "Nominal"}
[2026-04-09 02:06:21.991 +0700] [INFO] [cadence.virtuoso.ade.simulationMonitor] - Peak resident memory used = 105 Mbytes. {"history": "ExplorerRun.0", "point": 1, "testname": "my_lib_cs_amp_1", "cornername": "Nominal"}
[2026-04-09 02:06:21.991 +0700] [INFO] [cadence.virtuoso.ade.simulationMonitor] - Notice from spectre during initial setup.
    Multithreading is disabled due to the size of the design being too small. {"history": "ExplorerRun.0", "point": 1, "testname": "my_lib_cs_amp_1", "cornername": "Nominal"}
[2026-04-09 02:06:21.992 +0700] [INFO] [cadence.virtuoso.ade.simulationMonitor] -               nodes 4 {"history": "ExplorerRun.0", "point": 1, "testname": "my_lib_cs_amp_1", "cornername": "Nominal"}
[2026-04-09 02:06:21.993 +0700] [INFO] [cadence.virtuoso.ade.simulationMonitor] - Notice from spectre during initial setup.
    APS enabled. {"history": "ExplorerRun.0", "point": 1, "testname": "my_lib_cs_amp_1", "cornername": "Nominal"}
[2026-04-09 02:06:21.993 +0700] [INFO] [cadence.virtuoso.ade.simulationMonitor] - Peak resident memory used = 106 Mbytes. {"history": "ExplorerRun.0", "point": 1, "testname": "my_lib_cs_amp_1", "cornername": "Nominal"}
[2026-04-09 02:06:21.993 +0700] [INFO] [cadence.virtuoso.ade.simulationMonitor] -    -   (APS) Multi-threading. The recommended number of threads is 1, consider adding +mt=1 on command line. {"history": "ExplorerRun.0", "point": 1, "testname": "my_lib_cs_amp_1", "cornername": "Nominal"}
[2026-04-09 02:06:21.994 +0700] [INFO] [cadence.virtuoso.ade.simulationMonitor] - Total time required for dc analysis `dcOp': CPU = 1.888 ms, elapsed = 2.83694 ms. {"history": "ExplorerRun.0", "point": 1, "testname": "my_lib_cs_amp_1", "cornername": "Nominal"}
[2026-04-09 02:06:21.994 +0700] [INFO] [cadence.virtuoso.ade.simulationMonitor] - Peak resident memory used = 108 Mbytes. {"history": "ExplorerRun.0", "point": 1, "testname": "my_lib_cs_amp_1", "cornername": "Nominal"}
[2026-04-09 02:06:21.994 +0700] [INFO] [cadence.virtuoso.ade.simulationMonitor] - Time used: CPU = 548 ms, elapsed = 20.9 s, util. = 2.63%. {"history": "ExplorerRun.0", "point": 1, "testname": "my_lib_cs_amp_1", "cornername": "Nominal"}
[2026-04-09 02:06:21.994 +0700] [INFO] [cadence.virtuoso.ade.simulationMonitor] - Time spent in licensing: elapsed = 20.3 s, percentage of total = 97.2%. {"history": "ExplorerRun.0", "point": 1, "testname": "my_lib_cs_amp_1", "cornername": "Nominal"}
[2026-04-09 02:06:21.995 +0700] [INFO] [cadence.virtuoso.ade.simulationMonitor] - Peak memory used = 110 Mbytes. {"history": "ExplorerRun.0", "point": 1, "testname": "my_lib_cs_amp_1", "cornername": "Nominal"}
[2026-04-09 02:06:21.995 +0700] [PROCESS] [cadence.virtuoso.ade.simulationMonitor] - Simulation started at: 2:06:00 AM, Thur Apr 9, 2026, ended at: 2:06:21 AM, Thur Apr 9, 2026, with elapsed time (wall clock): 20.9 s. {"history": "ExplorerRun.0", "point": 1, "testname": "my_lib_cs_amp_1", "cornername": "Nominal"}
[2026-04-09 02:06:21.995 +0700] [PROCESS] [cadence.virtuoso.ade.simulationMonitor] - spectre completes with 0 errors, 0 warnings, and 4 notices. {"history": "ExplorerRun.0", "point": 1, "testname": "my_lib_cs_amp_1", "cornername": "Nominal"}
[2026-04-09 02:06:22.496 +0700] [PROCESS] [cadence.virtuoso.ade.simulationMonitor] - Finished simulating for one point {"hostname": "dtvt_13", "processid": 2986, "history": "ExplorerRun.0", "testname": "my_lib_cs_amp_1", "cornername": "Nominal", "point": 1, "logfile": "/home/dtvt_13/truong/logs_dtvt_13/logs0/Job37.log", "simid": "31"}
[2026-04-09 02:06:22.497 +0700] [PROCESS] [cadence.virtuoso.ade.simulationMonitor] - Simulator exited {"hostname": "dtvt_13", "processid": 2986, "history": "ExplorerRun.0", "testname": "my_lib_cs_amp_1", "cornername": "Nominal", "point": 1, "logfile": "/home/dtvt_13/truong/logs_dtvt_13/logs0/Job37.log", "exitStatus": "0"}
[2026-04-09 02:06:22.497 +0700] [PROCESS] [cadence.virtuoso.ade.simulationMonitor] - Finished Simulation {"hostname": "dtvt_13", "processid": 2986, "history": "ExplorerRun.0", "testname": "my_lib_cs_amp_1", "cornername": "Nominal", "point": 1, "logfile": "/home/dtvt_13/truong/logs_dtvt_13/logs0/Job37.log", "simid": "31"}
[2026-04-09 02:06:23.511 +0700] [PROCESS] [cadence.virtuoso.ade.simulationMonitor] - Point Finished {"hostname": "dtvt_13", "processid": 2986, "history": "ExplorerRun.0", "testname": "my_lib_cs_amp_1", "cornername": "Nominal", "point": 1, "logfile": "/home/dtvt_13/truong/logs_dtvt_13/logs0/Job37.log"}
[2026-04-09 02:11:24.002 +0700] [PROCESS] [cadence.virtuoso.ade.simulationMonitor] - Current memory used: 32.2773 MBytes, peak memory used: 32.2773 MBytes {"hostname": "dtvt_13", "processid": 2986, "history": "ExplorerRun.0", "testname": "my_lib_cs_amp_1", "cornername": "Nominal", "point": 1, "logfile": "/home/dtvt_13/truong/logs_dtvt_13/logs0/Job37.log"}
[2026-04-09 02:11:24.003 +0700] [PROCESS] [cadence.virtuoso.ade.simulationMonitor] - Simulation Monitor process exit. {"hostname": "dtvt_13", "processid": 2986, "history": "ExplorerRun.0", "testname": "my_lib_cs_amp_1", "cornername": "Nominal", "point": 1, "logfile": "/home/dtvt_13/truong/logs_dtvt_13/logs0/Job37.log"}
