[Simulation Monitor: 3]
[2026-04-19 09:53:13.594 +0700] [PROCESS] [cadence.virtuoso.ade.simulationMonitor] - Simulation Monitor has successfully started up. Trying to set up communication channels to other components ... {"hostname": "dtvt_13", "processid": 2538, "logfile": "/home/dtvt_13/truong/logs_dtvt_13/logs0/Job3.log"}
[2026-04-19 09:53:13.594 +0700] [PROCESS] [cadence.virtuoso.ade.simulationMonitor] - Communication channels have been successfully set up. Start processing events ... {"hostname": "dtvt_13", "processid": 2538, "logfile": "/home/dtvt_13/truong/logs_dtvt_13/logs0/Job3.log"}
[2026-04-19 09:53:13.594 +0700] [PROCESS] [cadence.virtuoso.ade.simulationMonitor] - Considering to start history {"hostname": "dtvt_13", "processid": 2538, "history": "ExplorerRun.0", "logfile": "/home/dtvt_13/truong/logs_dtvt_13/logs0/Job3.log"}
[2026-04-19 09:53:13.595 +0700] [PROCESS] [cadence.virtuoso.ade.simulationMonitor] - HostInfo:
Host name (type):	dtvt_13 (x86_64)
Operating system:	Linux 3.10.0-1160.118.1.el7.x86_64 #1 SMP Wed Apr 24 16:01:50 UTC 2024 {"hostname": "dtvt_13", "processid": 2538, "history": "ExplorerRun.0", "logfile": "/home/dtvt_13/truong/logs_dtvt_13/logs0/Job3.log", "nodename": "dtvt_13", "domainname": "(none)", "machine": "x86_64", "sysname": "Linux", "release": "3.10.0-1160.118.1.el7.x86_64", "version": "#1 SMP Wed Apr 24 16:01:50 UTC 2024"}
[2026-04-19 09:53:13.595 +0700] [PROCESS] [cadence.virtuoso.ade.simulationMonitor] - UsageInfo:
pid=2538
totalPhysicalMemory=15.208324GB,Used=14.204674GB,totalVirtualMemory=22.895821GB,Used=14.251060GB
Cpu: Cores=24, Load average:0.510000,0.430000,0.330000 {"hostname": "dtvt_13", "processid": 2538, "history": "ExplorerRun.0", "logfile": "/home/dtvt_13/truong/logs_dtvt_13/logs0/Job3.log", "pid": "2538", "totalPhysicalMemory": "15.208324", "physicalMemoryUsed": "14.204674", "totalVirtualMemory": "22.895821", "virtualMemoryUsed": "14.251060", "cpuCores": "24", "processes": "2572", "loadAverage1": "0.510000", "loadAverage5": "0.430000", "loadAverage15": "0.330000", "loadAverage1Percent": "0.021250"}
[2026-04-19 09:53:13.595 +0700] [EVENT] [cadence.virtuoso.ade.simulationMonitor] - NewPoint {"history": "ExplorerRun.0", "point": 1, "testname": "my_lib_ota_amp_tb_1", "cornername": "Nominal", "event": "NewPoint", "EventSource": "Simulation Monitor", "HistoryName": "ExplorerRun.0", "logFile": "/home/dtvt_13/truong/logs_dtvt_13/logs0/Job3.log", "logFileSize": "2087"}
[2026-04-19 09:53:13.696 +0700] [EVENT] [cadence.virtuoso.ade.simulationMonitor] - NewPoint {"history": "ExplorerRun.0", "point": 1, "testname": "my_lib_ota_amp_tb_1", "cornername": "Nominal", "event": "NewPoint", "EventSource": "spectre", "HistoryName": "ExplorerRun.0", "logFile": "/home/dtvt_13/simulation/my_lib/ota_amp_tb/maestro/results/maestro/ExplorerRun.0/1/my_lib_ota_amp_tb_1/psf/spectre.out", "logFileSize": "-1"}
[2026-04-19 09:53:13.705 +0700] [PROCESS] [cadence.virtuoso.ade.simulationMonitor] - Simulator launched {"hostname": "dtvt_13", "processid": 2538, "history": "ExplorerRun.0", "testname": "my_lib_ota_amp_tb_1", "cornername": "Nominal", "point": 1, "logfile": "/home/dtvt_13/truong/logs_dtvt_13/logs0/Job3.log", "simid": "1"}
[2026-04-19 09:53:13.709 +0700] [PROCESS] [cadence.virtuoso.ade.simulationMonitor] - Expression evaluator launched {"hostname": "dtvt_13", "processid": 2538, "history": "ExplorerRun.0", "testname": "my_lib_ota_amp_tb_1", "cornername": "Nominal", "point": 1, "logfile": "/home/dtvt_13/truong/logs_dtvt_13/logs0/Job3.log"}
[2026-04-19 09:53:13.721 +0700] [PROCESS] [cadence.virtuoso.ade.simulationMonitor] - Started Simulation {"hostname": "dtvt_13", "processid": 2538, "history": "ExplorerRun.0", "testname": "my_lib_ota_amp_tb_1", "cornername": "Nominal", "point": 1, "logfile": "/home/dtvt_13/truong/logs_dtvt_13/logs0/Job3.log"}
[2026-04-19 09:53:35.570 +0700] [PROCESS] [cadence.virtuoso.ade.simulationMonitor] - Finished simulating for one point {"hostname": "dtvt_13", "processid": 2538, "history": "ExplorerRun.0", "testname": "my_lib_ota_amp_tb_1", "cornername": "Nominal", "point": 1, "logfile": "/home/dtvt_13/truong/logs_dtvt_13/logs0/Job3.log", "simid": "1"}
[2026-04-19 09:53:35.571 +0700] [INFO] [cadence.virtuoso.ade.simulationMonitor] - Peak resident memory used = 95.6 Mbytes. {"history": "ExplorerRun.0", "point": 1, "testname": "my_lib_ota_amp_tb_1", "cornername": "Nominal"}
[2026-04-19 09:53:35.571 +0700] [INFO] [cadence.virtuoso.ade.simulationMonitor] - Peak resident memory used = 104 Mbytes. {"history": "ExplorerRun.0", "point": 1, "testname": "my_lib_ota_amp_tb_1", "cornername": "Nominal"}
[2026-04-19 09:53:35.571 +0700] [INFO] [cadence.virtuoso.ade.simulationMonitor] - Notice from spectre during hierarchy flattening.
    The value 'psf' specified for the 'checklimitdest' option will no longer be supported in future releases. Use 'spectre -h' to see other recommended values for the 'checklimitdest' option. {"history": "ExplorerRun.0", "point": 1, "testname": "my_lib_ota_amp_tb_1", "cornername": "Nominal"}
[2026-04-19 09:53:35.572 +0700] [INFO] [cadence.virtuoso.ade.simulationMonitor] - Peak resident memory used = 105 Mbytes. {"history": "ExplorerRun.0", "point": 1, "testname": "my_lib_ota_amp_tb_1", "cornername": "Nominal"}
[2026-04-19 09:53:35.572 +0700] [INFO] [cadence.virtuoso.ade.simulationMonitor] - Notice from spectre during initial setup.
    Multithreading is disabled due to the size of the design being too small. {"history": "ExplorerRun.0", "point": 1, "testname": "my_lib_ota_amp_tb_1", "cornername": "Nominal"}
[2026-04-19 09:53:35.573 +0700] [INFO] [cadence.virtuoso.ade.simulationMonitor] -               nodes 43 {"history": "ExplorerRun.0", "point": 1, "testname": "my_lib_ota_amp_tb_1", "cornername": "Nominal"}
[2026-04-19 09:53:35.573 +0700] [INFO] [cadence.virtuoso.ade.simulationMonitor] - Notice from spectre during initial setup.
    APS enabled. {"history": "ExplorerRun.0", "point": 1, "testname": "my_lib_ota_amp_tb_1", "cornername": "Nominal"}
[2026-04-19 09:53:35.574 +0700] [INFO] [cadence.virtuoso.ade.simulationMonitor] - Peak resident memory used = 107 Mbytes. {"history": "ExplorerRun.0", "point": 1, "testname": "my_lib_ota_amp_tb_1", "cornername": "Nominal"}
[2026-04-19 09:53:35.574 +0700] [INFO] [cadence.virtuoso.ade.simulationMonitor] -    -   (APS) Multi-threading. The recommended number of threads is 1, consider adding +mt=1 on command line. {"history": "ExplorerRun.0", "point": 1, "testname": "my_lib_ota_amp_tb_1", "cornername": "Nominal"}
[2026-04-19 09:53:35.574 +0700] [INFO] [cadence.virtuoso.ade.simulationMonitor] - Total time required for ac analysis `ac': CPU = 4.709 ms, elapsed = 5.76091 ms. {"history": "ExplorerRun.0", "point": 1, "testname": "my_lib_ota_amp_tb_1", "cornername": "Nominal"}
[2026-04-19 09:53:35.575 +0700] [INFO] [cadence.virtuoso.ade.simulationMonitor] - Peak resident memory used = 109 Mbytes. {"history": "ExplorerRun.0", "point": 1, "testname": "my_lib_ota_amp_tb_1", "cornername": "Nominal"}
[2026-04-19 09:53:35.575 +0700] [INFO] [cadence.virtuoso.ade.simulationMonitor] - Total time required for dc analysis `dcOp': CPU = 2.143 ms, elapsed = 3.16119 ms. {"history": "ExplorerRun.0", "point": 1, "testname": "my_lib_ota_amp_tb_1", "cornername": "Nominal"}
[2026-04-19 09:53:35.575 +0700] [INFO] [cadence.virtuoso.ade.simulationMonitor] - Peak resident memory used = 109 Mbytes. {"history": "ExplorerRun.0", "point": 1, "testname": "my_lib_ota_amp_tb_1", "cornername": "Nominal"}
[2026-04-19 09:53:35.575 +0700] [INFO] [cadence.virtuoso.ade.simulationMonitor] - Time used: CPU = 552 ms, elapsed = 21.3 s, util. = 2.59%. {"history": "ExplorerRun.0", "point": 1, "testname": "my_lib_ota_amp_tb_1", "cornername": "Nominal"}
[2026-04-19 09:53:35.575 +0700] [INFO] [cadence.virtuoso.ade.simulationMonitor] - Time spent in licensing: elapsed = 20.7 s, percentage of total = 97.1%. {"history": "ExplorerRun.0", "point": 1, "testname": "my_lib_ota_amp_tb_1", "cornername": "Nominal"}
[2026-04-19 09:53:35.576 +0700] [INFO] [cadence.virtuoso.ade.simulationMonitor] - Peak memory used = 111 Mbytes. {"history": "ExplorerRun.0", "point": 1, "testname": "my_lib_ota_amp_tb_1", "cornername": "Nominal"}
[2026-04-19 09:53:35.576 +0700] [PROCESS] [cadence.virtuoso.ade.simulationMonitor] - Simulation started at: 9:53:14 AM, Sun Apr 19, 2026, ended at: 9:53:35 AM, Sun Apr 19, 2026, with elapsed time (wall clock): 21.3 s. {"history": "ExplorerRun.0", "point": 1, "testname": "my_lib_ota_amp_tb_1", "cornername": "Nominal"}
[2026-04-19 09:53:35.576 +0700] [PROCESS] [cadence.virtuoso.ade.simulationMonitor] - spectre completes with 0 errors, 0 warnings, and 4 notices. {"history": "ExplorerRun.0", "point": 1, "testname": "my_lib_ota_amp_tb_1", "cornername": "Nominal"}
[2026-04-19 09:53:35.576 +0700] [PROCESS] [cadence.virtuoso.ade.simulationMonitor] - Simulator exited {"hostname": "dtvt_13", "processid": 2538, "history": "ExplorerRun.0", "testname": "my_lib_ota_amp_tb_1", "cornername": "Nominal", "point": 1, "logfile": "/home/dtvt_13/truong/logs_dtvt_13/logs0/Job3.log", "exitStatus": "0"}
[2026-04-19 09:53:35.577 +0700] [PROCESS] [cadence.virtuoso.ade.simulationMonitor] - Finished Simulation {"hostname": "dtvt_13", "processid": 2538, "history": "ExplorerRun.0", "testname": "my_lib_ota_amp_tb_1", "cornername": "Nominal", "point": 1, "logfile": "/home/dtvt_13/truong/logs_dtvt_13/logs0/Job3.log", "simid": "1"}
[2026-04-19 09:53:36.091 +0700] [PROCESS] [cadence.virtuoso.ade.simulationMonitor] - Point Finished {"hostname": "dtvt_13", "processid": 2538, "history": "ExplorerRun.0", "testname": "my_lib_ota_amp_tb_1", "cornername": "Nominal", "point": 1, "logfile": "/home/dtvt_13/truong/logs_dtvt_13/logs0/Job3.log"}
[2026-04-19 09:58:22.005 +0700] [INFO] [cadence.virtuoso.ade.simulationMonitor] - SimulationMonitor has terminated the vds process '2617', reason: 'Force to stop the expression evalutor process because of new run' {"history": "ExplorerRun.0", "point": 1, "testname": "my_lib_ota_amp_tb_1", "cornername": "Nominal"}
[2026-04-19 09:58:22.005 +0700] [PROCESS] [cadence.virtuoso.ade.simulationMonitor] - HostInfo:
Host name (type):	dtvt_13 (x86_64)
Operating system:	Linux 3.10.0-1160.118.1.el7.x86_64 #1 SMP Wed Apr 24 16:01:50 UTC 2024 {"hostname": "dtvt_13", "processid": 2538, "history": "ExplorerRun.0", "testname": "my_lib_ota_amp_tb_1", "cornername": "Nominal", "point": 1, "logfile": "/home/dtvt_13/truong/logs_dtvt_13/logs0/Job3.log", "nodename": "dtvt_13", "domainname": "(none)", "machine": "x86_64", "sysname": "Linux", "release": "3.10.0-1160.118.1.el7.x86_64", "version": "#1 SMP Wed Apr 24 16:01:50 UTC 2024"}
[2026-04-19 09:58:22.005 +0700] [PROCESS] [cadence.virtuoso.ade.simulationMonitor] - UsageInfo:
pid=2538
totalPhysicalMemory=15.208324GB,Used=14.232693GB,totalVirtualMemory=22.895821GB,Used=14.279079GB
Cpu: Cores=24, Load average:0.590000,0.480000,0.380000 {"hostname": "dtvt_13", "processid": 2538, "history": "ExplorerRun.0", "testname": "my_lib_ota_amp_tb_1", "cornername": "Nominal", "point": 1, "logfile": "/home/dtvt_13/truong/logs_dtvt_13/logs0/Job3.log", "pid": "2538", "totalPhysicalMemory": "15.208324", "physicalMemoryUsed": "14.232693", "totalVirtualMemory": "22.895821", "virtualMemoryUsed": "14.279079", "cpuCores": "24", "processes": "2578", "loadAverage1": "0.590000", "loadAverage5": "0.480000", "loadAverage15": "0.380000", "loadAverage1Percent": "0.024583"}
[2026-04-19 09:58:22.005 +0700] [EVENT] [cadence.virtuoso.ade.simulationMonitor] - NewPoint {"history": "ExplorerRun.0", "point": 1, "testname": "my_lib_ota_amp_tb_1", "cornername": "Nominal", "event": "NewPoint", "EventSource": "Simulation Monitor", "HistoryName": "ExplorerRun.0", "logFile": "/home/dtvt_13/truong/logs_dtvt_13/logs0/Job3.log", "logFileSize": "11441"}
[2026-04-19 09:58:22.106 +0700] [EVENT] [cadence.virtuoso.ade.simulationMonitor] - NewPoint {"history": "ExplorerRun.0", "point": 1, "testname": "my_lib_ota_amp_tb_1", "cornername": "Nominal", "event": "NewPoint", "EventSource": "spectre", "HistoryName": "ExplorerRun.0", "logFile": "/home/dtvt_13/simulation/my_lib/ota_amp_tb/maestro/results/maestro/ExplorerRun.0/1/my_lib_ota_amp_tb_1/psf/spectre.out", "logFileSize": "-1"}
[2026-04-19 09:58:22.110 +0700] [PROCESS] [cadence.virtuoso.ade.simulationMonitor] - Simulator launched {"hostname": "dtvt_13", "processid": 2538, "history": "ExplorerRun.0", "testname": "my_lib_ota_amp_tb_1", "cornername": "Nominal", "point": 1, "logfile": "/home/dtvt_13/truong/logs_dtvt_13/logs0/Job3.log", "simid": "2"}
[2026-04-19 09:58:22.115 +0700] [PROCESS] [cadence.virtuoso.ade.simulationMonitor] - Expression evaluator launched {"hostname": "dtvt_13", "processid": 2538, "history": "ExplorerRun.0", "testname": "my_lib_ota_amp_tb_1", "cornername": "Nominal", "point": 1, "logfile": "/home/dtvt_13/truong/logs_dtvt_13/logs0/Job3.log"}
[2026-04-19 09:58:22.120 +0700] [PROCESS] [cadence.virtuoso.ade.simulationMonitor] - Started Simulation {"hostname": "dtvt_13", "processid": 2538, "history": "ExplorerRun.0", "testname": "my_lib_ota_amp_tb_1", "cornername": "Nominal", "point": 1, "logfile": "/home/dtvt_13/truong/logs_dtvt_13/logs0/Job3.log"}
[2026-04-19 09:58:43.447 +0700] [INFO] [cadence.virtuoso.ade.simulationMonitor] - Peak resident memory used = 95.6 Mbytes. {"history": "ExplorerRun.0", "point": 1, "testname": "my_lib_ota_amp_tb_1", "cornername": "Nominal"}
[2026-04-19 09:58:43.448 +0700] [INFO] [cadence.virtuoso.ade.simulationMonitor] - Peak resident memory used = 104 Mbytes. {"history": "ExplorerRun.0", "point": 1, "testname": "my_lib_ota_amp_tb_1", "cornername": "Nominal"}
[2026-04-19 09:58:43.448 +0700] [INFO] [cadence.virtuoso.ade.simulationMonitor] - Notice from spectre during hierarchy flattening.
    The value 'psf' specified for the 'checklimitdest' option will no longer be supported in future releases. Use 'spectre -h' to see other recommended values for the 'checklimitdest' option. {"history": "ExplorerRun.0", "point": 1, "testname": "my_lib_ota_amp_tb_1", "cornername": "Nominal"}
[2026-04-19 09:58:43.448 +0700] [INFO] [cadence.virtuoso.ade.simulationMonitor] - Peak resident memory used = 105 Mbytes. {"history": "ExplorerRun.0", "point": 1, "testname": "my_lib_ota_amp_tb_1", "cornername": "Nominal"}
[2026-04-19 09:58:43.448 +0700] [INFO] [cadence.virtuoso.ade.simulationMonitor] - Notice from spectre during initial setup.
    Multithreading is disabled due to the size of the design being too small. {"history": "ExplorerRun.0", "point": 1, "testname": "my_lib_ota_amp_tb_1", "cornername": "Nominal"}
[2026-04-19 09:58:43.449 +0700] [INFO] [cadence.virtuoso.ade.simulationMonitor] -               nodes 43 {"history": "ExplorerRun.0", "point": 1, "testname": "my_lib_ota_amp_tb_1", "cornername": "Nominal"}
[2026-04-19 09:58:43.449 +0700] [INFO] [cadence.virtuoso.ade.simulationMonitor] - Notice from spectre during initial setup.
    APS enabled. {"history": "ExplorerRun.0", "point": 1, "testname": "my_lib_ota_amp_tb_1", "cornername": "Nominal"}
[2026-04-19 09:58:43.449 +0700] [INFO] [cadence.virtuoso.ade.simulationMonitor] - Peak resident memory used = 107 Mbytes. {"history": "ExplorerRun.0", "point": 1, "testname": "my_lib_ota_amp_tb_1", "cornername": "Nominal"}
[2026-04-19 09:58:43.450 +0700] [INFO] [cadence.virtuoso.ade.simulationMonitor] -    -   (APS) Multi-threading. The recommended number of threads is 1, consider adding +mt=1 on command line. {"history": "ExplorerRun.0", "point": 1, "testname": "my_lib_ota_amp_tb_1", "cornername": "Nominal"}
[2026-04-19 09:58:43.450 +0700] [INFO] [cadence.virtuoso.ade.simulationMonitor] - Total time required for ac analysis `ac': CPU = 7.204 ms, elapsed = 8.23283 ms. {"history": "ExplorerRun.0", "point": 1, "testname": "my_lib_ota_amp_tb_1", "cornername": "Nominal"}
[2026-04-19 09:58:43.450 +0700] [INFO] [cadence.virtuoso.ade.simulationMonitor] - Peak resident memory used = 109 Mbytes. {"history": "ExplorerRun.0", "point": 1, "testname": "my_lib_ota_amp_tb_1", "cornername": "Nominal"}
[2026-04-19 09:58:43.450 +0700] [INFO] [cadence.virtuoso.ade.simulationMonitor] - Total time required for dc analysis `dcOp': CPU = 998 us, elapsed = 1.91998 ms. {"history": "ExplorerRun.0", "point": 1, "testname": "my_lib_ota_amp_tb_1", "cornername": "Nominal"}
[2026-04-19 09:58:43.450 +0700] [INFO] [cadence.virtuoso.ade.simulationMonitor] - Peak resident memory used = 109 Mbytes. {"history": "ExplorerRun.0", "point": 1, "testname": "my_lib_ota_amp_tb_1", "cornername": "Nominal"}
[2026-04-19 09:58:43.951 +0700] [PROCESS] [cadence.virtuoso.ade.simulationMonitor] - Finished simulating for one point {"hostname": "dtvt_13", "processid": 2538, "history": "ExplorerRun.0", "testname": "my_lib_ota_amp_tb_1", "cornername": "Nominal", "point": 1, "logfile": "/home/dtvt_13/truong/logs_dtvt_13/logs0/Job3.log", "simid": "2"}
[2026-04-19 09:58:43.952 +0700] [INFO] [cadence.virtuoso.ade.simulationMonitor] - Time used: CPU = 503 ms, elapsed = 21 s, util. = 2.39%. {"history": "ExplorerRun.0", "point": 1, "testname": "my_lib_ota_amp_tb_1", "cornername": "Nominal"}
[2026-04-19 09:58:43.952 +0700] [INFO] [cadence.virtuoso.ade.simulationMonitor] - Time spent in licensing: elapsed = 20.5 s, percentage of total = 97.3%. {"history": "ExplorerRun.0", "point": 1, "testname": "my_lib_ota_amp_tb_1", "cornername": "Nominal"}
[2026-04-19 09:58:43.953 +0700] [INFO] [cadence.virtuoso.ade.simulationMonitor] - Peak memory used = 111 Mbytes. {"history": "ExplorerRun.0", "point": 1, "testname": "my_lib_ota_amp_tb_1", "cornername": "Nominal"}
[2026-04-19 09:58:43.953 +0700] [PROCESS] [cadence.virtuoso.ade.simulationMonitor] - Simulation started at: 9:58:22 AM, Sun Apr 19, 2026, ended at: 9:58:43 AM, Sun Apr 19, 2026, with elapsed time (wall clock): 21 s. {"history": "ExplorerRun.0", "point": 1, "testname": "my_lib_ota_amp_tb_1", "cornername": "Nominal"}
[2026-04-19 09:58:43.954 +0700] [PROCESS] [cadence.virtuoso.ade.simulationMonitor] - spectre completes with 0 errors, 0 warnings, and 4 notices. {"history": "ExplorerRun.0", "point": 1, "testname": "my_lib_ota_amp_tb_1", "cornername": "Nominal"}
[2026-04-19 09:58:43.954 +0700] [PROCESS] [cadence.virtuoso.ade.simulationMonitor] - Simulator exited {"hostname": "dtvt_13", "processid": 2538, "history": "ExplorerRun.0", "testname": "my_lib_ota_amp_tb_1", "cornername": "Nominal", "point": 1, "logfile": "/home/dtvt_13/truong/logs_dtvt_13/logs0/Job3.log", "exitStatus": "0"}
[2026-04-19 09:58:43.955 +0700] [PROCESS] [cadence.virtuoso.ade.simulationMonitor] - Finished Simulation {"hostname": "dtvt_13", "processid": 2538, "history": "ExplorerRun.0", "testname": "my_lib_ota_amp_tb_1", "cornername": "Nominal", "point": 1, "logfile": "/home/dtvt_13/truong/logs_dtvt_13/logs0/Job3.log", "simid": "2"}
[2026-04-19 09:58:44.970 +0700] [PROCESS] [cadence.virtuoso.ade.simulationMonitor] - Point Finished {"hostname": "dtvt_13", "processid": 2538, "history": "ExplorerRun.0", "testname": "my_lib_ota_amp_tb_1", "cornername": "Nominal", "point": 1, "logfile": "/home/dtvt_13/truong/logs_dtvt_13/logs0/Job3.log"}
[2026-04-19 09:59:21.334 +0700] [INFO] [cadence.virtuoso.ade.simulationMonitor] - SimulationMonitor has terminated the vds process '4128', reason: 'Force to stop the expression evalutor process because of new run' {"history": "ExplorerRun.0", "point": 1, "testname": "my_lib_ota_amp_tb_1", "cornername": "Nominal"}
[2026-04-19 09:59:21.334 +0700] [PROCESS] [cadence.virtuoso.ade.simulationMonitor] - HostInfo:
Host name (type):	dtvt_13 (x86_64)
Operating system:	Linux 3.10.0-1160.118.1.el7.x86_64 #1 SMP Wed Apr 24 16:01:50 UTC 2024 {"hostname": "dtvt_13", "processid": 2538, "history": "ExplorerRun.0", "testname": "my_lib_ota_amp_tb_1", "cornername": "Nominal", "point": 1, "logfile": "/home/dtvt_13/truong/logs_dtvt_13/logs0/Job3.log", "nodename": "dtvt_13", "domainname": "(none)", "machine": "x86_64", "sysname": "Linux", "release": "3.10.0-1160.118.1.el7.x86_64", "version": "#1 SMP Wed Apr 24 16:01:50 UTC 2024"}
[2026-04-19 09:59:21.334 +0700] [PROCESS] [cadence.virtuoso.ade.simulationMonitor] - UsageInfo:
pid=2538
totalPhysicalMemory=15.208324GB,Used=14.239990GB,totalVirtualMemory=22.895821GB,Used=14.286377GB
Cpu: Cores=24, Load average:0.700000,0.530000,0.400000 {"hostname": "dtvt_13", "processid": 2538, "history": "ExplorerRun.0", "testname": "my_lib_ota_amp_tb_1", "cornername": "Nominal", "point": 1, "logfile": "/home/dtvt_13/truong/logs_dtvt_13/logs0/Job3.log", "pid": "2538", "totalPhysicalMemory": "15.208324", "physicalMemoryUsed": "14.239990", "totalVirtualMemory": "22.895821", "virtualMemoryUsed": "14.286377", "cpuCores": "24", "processes": "2596", "loadAverage1": "0.700000", "loadAverage5": "0.530000", "loadAverage15": "0.400000", "loadAverage1Percent": "0.029167"}
[2026-04-19 09:59:21.335 +0700] [EVENT] [cadence.virtuoso.ade.simulationMonitor] - NewPoint {"history": "ExplorerRun.0", "point": 1, "testname": "my_lib_ota_amp_tb_1", "cornername": "Nominal", "event": "NewPoint", "EventSource": "Simulation Monitor", "HistoryName": "ExplorerRun.0", "logFile": "/home/dtvt_13/truong/logs_dtvt_13/logs0/Job3.log", "logFileSize": "20790"}
[2026-04-19 09:59:21.437 +0700] [EVENT] [cadence.virtuoso.ade.simulationMonitor] - NewPoint {"history": "ExplorerRun.0", "point": 1, "testname": "my_lib_ota_amp_tb_1", "cornername": "Nominal", "event": "NewPoint", "EventSource": "spectre", "HistoryName": "ExplorerRun.0", "logFile": "/home/dtvt_13/simulation/my_lib/ota_amp_tb/maestro/results/maestro/ExplorerRun.0/1/my_lib_ota_amp_tb_1/psf/spectre.out", "logFileSize": "-1"}
[2026-04-19 09:59:21.440 +0700] [PROCESS] [cadence.virtuoso.ade.simulationMonitor] - Simulator launched {"hostname": "dtvt_13", "processid": 2538, "history": "ExplorerRun.0", "testname": "my_lib_ota_amp_tb_1", "cornername": "Nominal", "point": 1, "logfile": "/home/dtvt_13/truong/logs_dtvt_13/logs0/Job3.log", "simid": "3"}
[2026-04-19 09:59:21.441 +0700] [PROCESS] [cadence.virtuoso.ade.simulationMonitor] - Expression evaluator launched {"hostname": "dtvt_13", "processid": 2538, "history": "ExplorerRun.0", "testname": "my_lib_ota_amp_tb_1", "cornername": "Nominal", "point": 1, "logfile": "/home/dtvt_13/truong/logs_dtvt_13/logs0/Job3.log"}
[2026-04-19 09:59:21.445 +0700] [PROCESS] [cadence.virtuoso.ade.simulationMonitor] - Started Simulation {"hostname": "dtvt_13", "processid": 2538, "history": "ExplorerRun.0", "testname": "my_lib_ota_amp_tb_1", "cornername": "Nominal", "point": 1, "logfile": "/home/dtvt_13/truong/logs_dtvt_13/logs0/Job3.log"}
[2026-04-19 09:59:42.346 +0700] [INFO] [cadence.virtuoso.ade.simulationMonitor] - Peak resident memory used = 95.6 Mbytes. {"history": "ExplorerRun.0", "point": 1, "testname": "my_lib_ota_amp_tb_1", "cornername": "Nominal"}
[2026-04-19 09:59:42.346 +0700] [INFO] [cadence.virtuoso.ade.simulationMonitor] - Peak resident memory used = 104 Mbytes. {"history": "ExplorerRun.0", "point": 1, "testname": "my_lib_ota_amp_tb_1", "cornername": "Nominal"}
[2026-04-19 09:59:42.346 +0700] [INFO] [cadence.virtuoso.ade.simulationMonitor] - Notice from spectre during hierarchy flattening.
    The value 'psf' specified for the 'checklimitdest' option will no longer be supported in future releases. Use 'spectre -h' to see other recommended values for the 'checklimitdest' option. {"history": "ExplorerRun.0", "point": 1, "testname": "my_lib_ota_amp_tb_1", "cornername": "Nominal"}
[2026-04-19 09:59:42.347 +0700] [INFO] [cadence.virtuoso.ade.simulationMonitor] - Peak resident memory used = 105 Mbytes. {"history": "ExplorerRun.0", "point": 1, "testname": "my_lib_ota_amp_tb_1", "cornername": "Nominal"}
[2026-04-19 09:59:42.848 +0700] [PROCESS] [cadence.virtuoso.ade.simulationMonitor] - Finished simulating for one point {"hostname": "dtvt_13", "processid": 2538, "history": "ExplorerRun.0", "testname": "my_lib_ota_amp_tb_1", "cornername": "Nominal", "point": 1, "logfile": "/home/dtvt_13/truong/logs_dtvt_13/logs0/Job3.log", "simid": "3"}
[2026-04-19 09:59:42.849 +0700] [INFO] [cadence.virtuoso.ade.simulationMonitor] - Notice from spectre during initial setup.
    Multithreading is disabled due to the size of the design being too small. {"history": "ExplorerRun.0", "point": 1, "testname": "my_lib_ota_amp_tb_1", "cornername": "Nominal"}
[2026-04-19 09:59:42.849 +0700] [INFO] [cadence.virtuoso.ade.simulationMonitor] -               nodes 43 {"history": "ExplorerRun.0", "point": 1, "testname": "my_lib_ota_amp_tb_1", "cornername": "Nominal"}
[2026-04-19 09:59:42.850 +0700] [INFO] [cadence.virtuoso.ade.simulationMonitor] - Notice from spectre during initial setup.
    APS enabled. {"history": "ExplorerRun.0", "point": 1, "testname": "my_lib_ota_amp_tb_1", "cornername": "Nominal"}
[2026-04-19 09:59:42.850 +0700] [INFO] [cadence.virtuoso.ade.simulationMonitor] - Peak resident memory used = 107 Mbytes. {"history": "ExplorerRun.0", "point": 1, "testname": "my_lib_ota_amp_tb_1", "cornername": "Nominal"}
[2026-04-19 09:59:42.850 +0700] [INFO] [cadence.virtuoso.ade.simulationMonitor] -    -   (APS) Multi-threading. The recommended number of threads is 1, consider adding +mt=1 on command line. {"history": "ExplorerRun.0", "point": 1, "testname": "my_lib_ota_amp_tb_1", "cornername": "Nominal"}
[2026-04-19 09:59:42.850 +0700] [INFO] [cadence.virtuoso.ade.simulationMonitor] - Total time required for ac analysis `ac': CPU = 4.433 ms, elapsed = 5.41806 ms. {"history": "ExplorerRun.0", "point": 1, "testname": "my_lib_ota_amp_tb_1", "cornername": "Nominal"}
[2026-04-19 09:59:42.850 +0700] [INFO] [cadence.virtuoso.ade.simulationMonitor] - Peak resident memory used = 109 Mbytes. {"history": "ExplorerRun.0", "point": 1, "testname": "my_lib_ota_amp_tb_1", "cornername": "Nominal"}
[2026-04-19 09:59:42.850 +0700] [INFO] [cadence.virtuoso.ade.simulationMonitor] - Total time required for dc analysis `dcOp': CPU = 1.491 ms, elapsed = 2.48313 ms. {"history": "ExplorerRun.0", "point": 1, "testname": "my_lib_ota_amp_tb_1", "cornername": "Nominal"}
[2026-04-19 09:59:42.851 +0700] [INFO] [cadence.virtuoso.ade.simulationMonitor] - Peak resident memory used = 109 Mbytes. {"history": "ExplorerRun.0", "point": 1, "testname": "my_lib_ota_amp_tb_1", "cornername": "Nominal"}
[2026-04-19 09:59:42.851 +0700] [INFO] [cadence.virtuoso.ade.simulationMonitor] - Time used: CPU = 492 ms, elapsed = 20.8 s, util. = 2.37%. {"history": "ExplorerRun.0", "point": 1, "testname": "my_lib_ota_amp_tb_1", "cornername": "Nominal"}
[2026-04-19 09:59:42.851 +0700] [INFO] [cadence.virtuoso.ade.simulationMonitor] - Time spent in licensing: elapsed = 20.3 s, percentage of total = 97.6%. {"history": "ExplorerRun.0", "point": 1, "testname": "my_lib_ota_amp_tb_1", "cornername": "Nominal"}
[2026-04-19 09:59:42.851 +0700] [INFO] [cadence.virtuoso.ade.simulationMonitor] - Peak memory used = 111 Mbytes. {"history": "ExplorerRun.0", "point": 1, "testname": "my_lib_ota_amp_tb_1", "cornername": "Nominal"}
[2026-04-19 09:59:42.851 +0700] [PROCESS] [cadence.virtuoso.ade.simulationMonitor] - Simulation started at: 9:59:21 AM, Sun Apr 19, 2026, ended at: 9:59:42 AM, Sun Apr 19, 2026, with elapsed time (wall clock): 20.8 s. {"history": "ExplorerRun.0", "point": 1, "testname": "my_lib_ota_amp_tb_1", "cornername": "Nominal"}
[2026-04-19 09:59:42.851 +0700] [PROCESS] [cadence.virtuoso.ade.simulationMonitor] - spectre completes with 0 errors, 0 warnings, and 4 notices. {"history": "ExplorerRun.0", "point": 1, "testname": "my_lib_ota_amp_tb_1", "cornername": "Nominal"}
[2026-04-19 09:59:42.852 +0700] [PROCESS] [cadence.virtuoso.ade.simulationMonitor] - Simulator exited {"hostname": "dtvt_13", "processid": 2538, "history": "ExplorerRun.0", "testname": "my_lib_ota_amp_tb_1", "cornername": "Nominal", "point": 1, "logfile": "/home/dtvt_13/truong/logs_dtvt_13/logs0/Job3.log", "exitStatus": "0"}
[2026-04-19 09:59:42.852 +0700] [PROCESS] [cadence.virtuoso.ade.simulationMonitor] - Finished Simulation {"hostname": "dtvt_13", "processid": 2538, "history": "ExplorerRun.0", "testname": "my_lib_ota_amp_tb_1", "cornername": "Nominal", "point": 1, "logfile": "/home/dtvt_13/truong/logs_dtvt_13/logs0/Job3.log", "simid": "3"}
[2026-04-19 09:59:43.364 +0700] [PROCESS] [cadence.virtuoso.ade.simulationMonitor] - Point Finished {"hostname": "dtvt_13", "processid": 2538, "history": "ExplorerRun.0", "testname": "my_lib_ota_amp_tb_1", "cornername": "Nominal", "point": 1, "logfile": "/home/dtvt_13/truong/logs_dtvt_13/logs0/Job3.log"}
[2026-04-19 10:04:43.214 +0700] [INFO] [cadence.virtuoso.ade.simulationMonitor] - SimulationMonitor has terminated the vds process '4834', reason: 'Force to stop the expression evalutor process because of new run' {"history": "ExplorerRun.0", "point": 1, "testname": "my_lib_ota_amp_tb_1", "cornername": "Nominal"}
[2026-04-19 10:04:43.215 +0700] [PROCESS] [cadence.virtuoso.ade.simulationMonitor] - HostInfo:
Host name (type):	dtvt_13 (x86_64)
Operating system:	Linux 3.10.0-1160.118.1.el7.x86_64 #1 SMP Wed Apr 24 16:01:50 UTC 2024 {"hostname": "dtvt_13", "processid": 2538, "history": "ExplorerRun.0", "testname": "my_lib_ota_amp_tb_1", "cornername": "Nominal", "point": 1, "logfile": "/home/dtvt_13/truong/logs_dtvt_13/logs0/Job3.log", "nodename": "dtvt_13", "domainname": "(none)", "machine": "x86_64", "sysname": "Linux", "release": "3.10.0-1160.118.1.el7.x86_64", "version": "#1 SMP Wed Apr 24 16:01:50 UTC 2024"}
[2026-04-19 10:04:43.215 +0700] [PROCESS] [cadence.virtuoso.ade.simulationMonitor] - UsageInfo:
pid=2538
totalPhysicalMemory=15.208324GB,Used=14.250126GB,totalVirtualMemory=22.895821GB,Used=14.296513GB
Cpu: Cores=24, Load average:0.600000,0.430000,0.390000 {"hostname": "dtvt_13", "processid": 2538, "history": "ExplorerRun.0", "testname": "my_lib_ota_amp_tb_1", "cornername": "Nominal", "point": 1, "logfile": "/home/dtvt_13/truong/logs_dtvt_13/logs0/Job3.log", "pid": "2538", "totalPhysicalMemory": "15.208324", "physicalMemoryUsed": "14.250126", "totalVirtualMemory": "22.895821", "virtualMemoryUsed": "14.296513", "cpuCores": "24", "processes": "2579", "loadAverage1": "0.600000", "loadAverage5": "0.430000", "loadAverage15": "0.390000", "loadAverage1Percent": "0.025000"}
[2026-04-19 10:04:43.215 +0700] [EVENT] [cadence.virtuoso.ade.simulationMonitor] - NewPoint {"history": "ExplorerRun.0", "point": 1, "testname": "my_lib_ota_amp_tb_1", "cornername": "Nominal", "event": "NewPoint", "EventSource": "Simulation Monitor", "HistoryName": "ExplorerRun.0", "logFile": "/home/dtvt_13/truong/logs_dtvt_13/logs0/Job3.log", "logFileSize": "30145"}
[2026-04-19 10:04:43.316 +0700] [EVENT] [cadence.virtuoso.ade.simulationMonitor] - NewPoint {"history": "ExplorerRun.0", "point": 1, "testname": "my_lib_ota_amp_tb_1", "cornername": "Nominal", "event": "NewPoint", "EventSource": "spectre", "HistoryName": "ExplorerRun.0", "logFile": "/home/dtvt_13/simulation/my_lib/ota_amp_tb/maestro/results/maestro/ExplorerRun.0/1/my_lib_ota_amp_tb_1/psf/spectre.out", "logFileSize": "-1"}
[2026-04-19 10:04:43.321 +0700] [PROCESS] [cadence.virtuoso.ade.simulationMonitor] - Simulator launched {"hostname": "dtvt_13", "processid": 2538, "history": "ExplorerRun.0", "testname": "my_lib_ota_amp_tb_1", "cornername": "Nominal", "point": 1, "logfile": "/home/dtvt_13/truong/logs_dtvt_13/logs0/Job3.log", "simid": "4"}
[2026-04-19 10:04:43.326 +0700] [PROCESS] [cadence.virtuoso.ade.simulationMonitor] - Expression evaluator launched {"hostname": "dtvt_13", "processid": 2538, "history": "ExplorerRun.0", "testname": "my_lib_ota_amp_tb_1", "cornername": "Nominal", "point": 1, "logfile": "/home/dtvt_13/truong/logs_dtvt_13/logs0/Job3.log"}
[2026-04-19 10:04:43.332 +0700] [PROCESS] [cadence.virtuoso.ade.simulationMonitor] - Started Simulation {"hostname": "dtvt_13", "processid": 2538, "history": "ExplorerRun.0", "testname": "my_lib_ota_amp_tb_1", "cornername": "Nominal", "point": 1, "logfile": "/home/dtvt_13/truong/logs_dtvt_13/logs0/Job3.log"}
[2026-04-19 10:05:04.728 +0700] [PROCESS] [cadence.virtuoso.ade.simulationMonitor] - Finished simulating for one point {"hostname": "dtvt_13", "processid": 2538, "history": "ExplorerRun.0", "testname": "my_lib_ota_amp_tb_1", "cornername": "Nominal", "point": 1, "logfile": "/home/dtvt_13/truong/logs_dtvt_13/logs0/Job3.log", "simid": "4"}
[2026-04-19 10:05:04.729 +0700] [INFO] [cadence.virtuoso.ade.simulationMonitor] - Peak resident memory used = 95.6 Mbytes. {"history": "ExplorerRun.0", "point": 1, "testname": "my_lib_ota_amp_tb_1", "cornername": "Nominal"}
[2026-04-19 10:05:04.729 +0700] [INFO] [cadence.virtuoso.ade.simulationMonitor] - Peak resident memory used = 104 Mbytes. {"history": "ExplorerRun.0", "point": 1, "testname": "my_lib_ota_amp_tb_1", "cornername": "Nominal"}
[2026-04-19 10:05:04.730 +0700] [INFO] [cadence.virtuoso.ade.simulationMonitor] - Notice from spectre during hierarchy flattening.
    The value 'psf' specified for the 'checklimitdest' option will no longer be supported in future releases. Use 'spectre -h' to see other recommended values for the 'checklimitdest' option. {"history": "ExplorerRun.0", "point": 1, "testname": "my_lib_ota_amp_tb_1", "cornername": "Nominal"}
[2026-04-19 10:05:04.730 +0700] [INFO] [cadence.virtuoso.ade.simulationMonitor] - Peak resident memory used = 105 Mbytes. {"history": "ExplorerRun.0", "point": 1, "testname": "my_lib_ota_amp_tb_1", "cornername": "Nominal"}
[2026-04-19 10:05:04.731 +0700] [INFO] [cadence.virtuoso.ade.simulationMonitor] - Notice from spectre during initial setup.
    Multithreading is disabled due to the size of the design being too small. {"history": "ExplorerRun.0", "point": 1, "testname": "my_lib_ota_amp_tb_1", "cornername": "Nominal"}
[2026-04-19 10:05:04.732 +0700] [INFO] [cadence.virtuoso.ade.simulationMonitor] -               nodes 43 {"history": "ExplorerRun.0", "point": 1, "testname": "my_lib_ota_amp_tb_1", "cornername": "Nominal"}
[2026-04-19 10:05:04.732 +0700] [INFO] [cadence.virtuoso.ade.simulationMonitor] - Notice from spectre during initial setup.
    APS enabled. {"history": "ExplorerRun.0", "point": 1, "testname": "my_lib_ota_amp_tb_1", "cornername": "Nominal"}
[2026-04-19 10:05:04.732 +0700] [INFO] [cadence.virtuoso.ade.simulationMonitor] - Peak resident memory used = 107 Mbytes. {"history": "ExplorerRun.0", "point": 1, "testname": "my_lib_ota_amp_tb_1", "cornername": "Nominal"}
[2026-04-19 10:05:04.732 +0700] [INFO] [cadence.virtuoso.ade.simulationMonitor] -    -   (APS) Multi-threading. The recommended number of threads is 1, consider adding +mt=1 on command line. {"history": "ExplorerRun.0", "point": 1, "testname": "my_lib_ota_amp_tb_1", "cornername": "Nominal"}
[2026-04-19 10:05:04.733 +0700] [INFO] [cadence.virtuoso.ade.simulationMonitor] - Total time required for ac analysis `ac': CPU = 4.328 ms, elapsed = 5.37705 ms. {"history": "ExplorerRun.0", "point": 1, "testname": "my_lib_ota_amp_tb_1", "cornername": "Nominal"}
[2026-04-19 10:05:04.733 +0700] [INFO] [cadence.virtuoso.ade.simulationMonitor] - Peak resident memory used = 109 Mbytes. {"history": "ExplorerRun.0", "point": 1, "testname": "my_lib_ota_amp_tb_1", "cornername": "Nominal"}
[2026-04-19 10:05:04.733 +0700] [INFO] [cadence.virtuoso.ade.simulationMonitor] - Total time required for dc analysis `dcOp': CPU = 1.143 ms, elapsed = 2.12002 ms. {"history": "ExplorerRun.0", "point": 1, "testname": "my_lib_ota_amp_tb_1", "cornername": "Nominal"}
[2026-04-19 10:05:04.733 +0700] [INFO] [cadence.virtuoso.ade.simulationMonitor] - Peak resident memory used = 109 Mbytes. {"history": "ExplorerRun.0", "point": 1, "testname": "my_lib_ota_amp_tb_1", "cornername": "Nominal"}
[2026-04-19 10:05:04.733 +0700] [INFO] [cadence.virtuoso.ade.simulationMonitor] - Time used: CPU = 503 ms, elapsed = 20.8 s, util. = 2.42%. {"history": "ExplorerRun.0", "point": 1, "testname": "my_lib_ota_amp_tb_1", "cornername": "Nominal"}
[2026-04-19 10:05:04.733 +0700] [INFO] [cadence.virtuoso.ade.simulationMonitor] - Time spent in licensing: elapsed = 20.3 s, percentage of total = 97.4%. {"history": "ExplorerRun.0", "point": 1, "testname": "my_lib_ota_amp_tb_1", "cornername": "Nominal"}
[2026-04-19 10:05:04.733 +0700] [INFO] [cadence.virtuoso.ade.simulationMonitor] - Peak memory used = 111 Mbytes. {"history": "ExplorerRun.0", "point": 1, "testname": "my_lib_ota_amp_tb_1", "cornername": "Nominal"}
[2026-04-19 10:05:04.734 +0700] [PROCESS] [cadence.virtuoso.ade.simulationMonitor] - Simulation started at: 10:04:43 AM, Sun Apr 19, 2026, ended at: 10:05:04 AM, Sun Apr 19, 2026, with elapsed time (wall clock): 20.8 s. {"history": "ExplorerRun.0", "point": 1, "testname": "my_lib_ota_amp_tb_1", "cornername": "Nominal"}
[2026-04-19 10:05:04.734 +0700] [PROCESS] [cadence.virtuoso.ade.simulationMonitor] - spectre completes with 0 errors, 0 warnings, and 4 notices. {"history": "ExplorerRun.0", "point": 1, "testname": "my_lib_ota_amp_tb_1", "cornername": "Nominal"}
[2026-04-19 10:05:04.734 +0700] [PROCESS] [cadence.virtuoso.ade.simulationMonitor] - Simulator exited {"hostname": "dtvt_13", "processid": 2538, "history": "ExplorerRun.0", "testname": "my_lib_ota_amp_tb_1", "cornername": "Nominal", "point": 1, "logfile": "/home/dtvt_13/truong/logs_dtvt_13/logs0/Job3.log", "exitStatus": "0"}
[2026-04-19 10:05:04.734 +0700] [PROCESS] [cadence.virtuoso.ade.simulationMonitor] - Finished Simulation {"hostname": "dtvt_13", "processid": 2538, "history": "ExplorerRun.0", "testname": "my_lib_ota_amp_tb_1", "cornername": "Nominal", "point": 1, "logfile": "/home/dtvt_13/truong/logs_dtvt_13/logs0/Job3.log", "simid": "4"}
[2026-04-19 10:05:05.749 +0700] [PROCESS] [cadence.virtuoso.ade.simulationMonitor] - Point Finished {"hostname": "dtvt_13", "processid": 2538, "history": "ExplorerRun.0", "testname": "my_lib_ota_amp_tb_1", "cornername": "Nominal", "point": 1, "logfile": "/home/dtvt_13/truong/logs_dtvt_13/logs0/Job3.log"}
[2026-04-19 10:05:48.523 +0700] [INFO] [cadence.virtuoso.ade.simulationMonitor] - SimulationMonitor has terminated the vds process '6917', reason: 'Force to stop the expression evalutor process because of new run' {"history": "ExplorerRun.0", "point": 1, "testname": "my_lib_ota_amp_tb_1", "cornername": "Nominal"}
[2026-04-19 10:05:48.524 +0700] [PROCESS] [cadence.virtuoso.ade.simulationMonitor] - HostInfo:
Host name (type):	dtvt_13 (x86_64)
Operating system:	Linux 3.10.0-1160.118.1.el7.x86_64 #1 SMP Wed Apr 24 16:01:50 UTC 2024 {"hostname": "dtvt_13", "processid": 2538, "history": "ExplorerRun.0", "testname": "my_lib_ota_amp_tb_1", "cornername": "Nominal", "point": 1, "logfile": "/home/dtvt_13/truong/logs_dtvt_13/logs0/Job3.log", "nodename": "dtvt_13", "domainname": "(none)", "machine": "x86_64", "sysname": "Linux", "release": "3.10.0-1160.118.1.el7.x86_64", "version": "#1 SMP Wed Apr 24 16:01:50 UTC 2024"}
[2026-04-19 10:05:48.524 +0700] [PROCESS] [cadence.virtuoso.ade.simulationMonitor] - UsageInfo:
pid=2538
totalPhysicalMemory=15.208324GB,Used=14.255741GB,totalVirtualMemory=22.895821GB,Used=14.302128GB
Cpu: Cores=24, Load average:0.490000,0.420000,0.390000 {"hostname": "dtvt_13", "processid": 2538, "history": "ExplorerRun.0", "testname": "my_lib_ota_amp_tb_1", "cornername": "Nominal", "point": 1, "logfile": "/home/dtvt_13/truong/logs_dtvt_13/logs0/Job3.log", "pid": "2538", "totalPhysicalMemory": "15.208324", "physicalMemoryUsed": "14.255741", "totalVirtualMemory": "22.895821", "virtualMemoryUsed": "14.302128", "cpuCores": "24", "processes": "2576", "loadAverage1": "0.490000", "loadAverage5": "0.420000", "loadAverage15": "0.390000", "loadAverage1Percent": "0.020417"}
[2026-04-19 10:05:48.524 +0700] [EVENT] [cadence.virtuoso.ade.simulationMonitor] - NewPoint {"history": "ExplorerRun.0", "point": 1, "testname": "my_lib_ota_amp_tb_1", "cornername": "Nominal", "event": "NewPoint", "EventSource": "Simulation Monitor", "HistoryName": "ExplorerRun.0", "logFile": "/home/dtvt_13/truong/logs_dtvt_13/logs0/Job3.log", "logFileSize": "39502"}
[2026-04-19 10:05:48.625 +0700] [EVENT] [cadence.virtuoso.ade.simulationMonitor] - NewPoint {"history": "ExplorerRun.0", "point": 1, "testname": "my_lib_ota_amp_tb_1", "cornername": "Nominal", "event": "NewPoint", "EventSource": "spectre", "HistoryName": "ExplorerRun.0", "logFile": "/home/dtvt_13/simulation/my_lib/ota_amp_tb/maestro/results/maestro/ExplorerRun.0/1/my_lib_ota_amp_tb_1/psf/spectre.out", "logFileSize": "-1"}
[2026-04-19 10:05:48.629 +0700] [PROCESS] [cadence.virtuoso.ade.simulationMonitor] - Simulator launched {"hostname": "dtvt_13", "processid": 2538, "history": "ExplorerRun.0", "testname": "my_lib_ota_amp_tb_1", "cornername": "Nominal", "point": 1, "logfile": "/home/dtvt_13/truong/logs_dtvt_13/logs0/Job3.log", "simid": "5"}
[2026-04-19 10:05:48.633 +0700] [PROCESS] [cadence.virtuoso.ade.simulationMonitor] - Expression evaluator launched {"hostname": "dtvt_13", "processid": 2538, "history": "ExplorerRun.0", "testname": "my_lib_ota_amp_tb_1", "cornername": "Nominal", "point": 1, "logfile": "/home/dtvt_13/truong/logs_dtvt_13/logs0/Job3.log"}
[2026-04-19 10:05:48.636 +0700] [PROCESS] [cadence.virtuoso.ade.simulationMonitor] - Started Simulation {"hostname": "dtvt_13", "processid": 2538, "history": "ExplorerRun.0", "testname": "my_lib_ota_amp_tb_1", "cornername": "Nominal", "point": 1, "logfile": "/home/dtvt_13/truong/logs_dtvt_13/logs0/Job3.log"}
[2026-04-19 10:06:09.991 +0700] [PROCESS] [cadence.virtuoso.ade.simulationMonitor] - Finished simulating for one point {"hostname": "dtvt_13", "processid": 2538, "history": "ExplorerRun.0", "testname": "my_lib_ota_amp_tb_1", "cornername": "Nominal", "point": 1, "logfile": "/home/dtvt_13/truong/logs_dtvt_13/logs0/Job3.log", "simid": "5"}
[2026-04-19 10:06:09.991 +0700] [INFO] [cadence.virtuoso.ade.simulationMonitor] - Peak resident memory used = 95.6 Mbytes. {"history": "ExplorerRun.0", "point": 1, "testname": "my_lib_ota_amp_tb_1", "cornername": "Nominal"}
[2026-04-19 10:06:09.991 +0700] [INFO] [cadence.virtuoso.ade.simulationMonitor] - Peak resident memory used = 104 Mbytes. {"history": "ExplorerRun.0", "point": 1, "testname": "my_lib_ota_amp_tb_1", "cornername": "Nominal"}
[2026-04-19 10:06:09.992 +0700] [INFO] [cadence.virtuoso.ade.simulationMonitor] - Notice from spectre during hierarchy flattening.
    The value 'psf' specified for the 'checklimitdest' option will no longer be supported in future releases. Use 'spectre -h' to see other recommended values for the 'checklimitdest' option. {"history": "ExplorerRun.0", "point": 1, "testname": "my_lib_ota_amp_tb_1", "cornername": "Nominal"}
[2026-04-19 10:06:09.992 +0700] [INFO] [cadence.virtuoso.ade.simulationMonitor] - Peak resident memory used = 105 Mbytes. {"history": "ExplorerRun.0", "point": 1, "testname": "my_lib_ota_amp_tb_1", "cornername": "Nominal"}
[2026-04-19 10:06:09.992 +0700] [INFO] [cadence.virtuoso.ade.simulationMonitor] - Notice from spectre during initial setup.
    Multithreading is disabled due to the size of the design being too small. {"history": "ExplorerRun.0", "point": 1, "testname": "my_lib_ota_amp_tb_1", "cornername": "Nominal"}
[2026-04-19 10:06:09.993 +0700] [INFO] [cadence.virtuoso.ade.simulationMonitor] -               nodes 43 {"history": "ExplorerRun.0", "point": 1, "testname": "my_lib_ota_amp_tb_1", "cornername": "Nominal"}
[2026-04-19 10:06:09.993 +0700] [INFO] [cadence.virtuoso.ade.simulationMonitor] - Notice from spectre during initial setup.
    APS enabled. {"history": "ExplorerRun.0", "point": 1, "testname": "my_lib_ota_amp_tb_1", "cornername": "Nominal"}
[2026-04-19 10:06:09.993 +0700] [INFO] [cadence.virtuoso.ade.simulationMonitor] - Peak resident memory used = 107 Mbytes. {"history": "ExplorerRun.0", "point": 1, "testname": "my_lib_ota_amp_tb_1", "cornername": "Nominal"}
[2026-04-19 10:06:09.994 +0700] [INFO] [cadence.virtuoso.ade.simulationMonitor] -    -   (APS) Multi-threading. The recommended number of threads is 1, consider adding +mt=1 on command line. {"history": "ExplorerRun.0", "point": 1, "testname": "my_lib_ota_amp_tb_1", "cornername": "Nominal"}
[2026-04-19 10:06:09.994 +0700] [INFO] [cadence.virtuoso.ade.simulationMonitor] - Total time required for ac analysis `ac': CPU = 6.425 ms, elapsed = 7.41696 ms. {"history": "ExplorerRun.0", "point": 1, "testname": "my_lib_ota_amp_tb_1", "cornername": "Nominal"}
[2026-04-19 10:06:09.994 +0700] [INFO] [cadence.virtuoso.ade.simulationMonitor] - Peak resident memory used = 109 Mbytes. {"history": "ExplorerRun.0", "point": 1, "testname": "my_lib_ota_amp_tb_1", "cornername": "Nominal"}
[2026-04-19 10:06:09.994 +0700] [INFO] [cadence.virtuoso.ade.simulationMonitor] - Total time required for dc analysis `dcOp': CPU = 1.603 ms, elapsed = 2.61497 ms. {"history": "ExplorerRun.0", "point": 1, "testname": "my_lib_ota_amp_tb_1", "cornername": "Nominal"}
[2026-04-19 10:06:09.995 +0700] [INFO] [cadence.virtuoso.ade.simulationMonitor] - Peak resident memory used = 109 Mbytes. {"history": "ExplorerRun.0", "point": 1, "testname": "my_lib_ota_amp_tb_1", "cornername": "Nominal"}
[2026-04-19 10:06:09.995 +0700] [INFO] [cadence.virtuoso.ade.simulationMonitor] - Time used: CPU = 537 ms, elapsed = 20.9 s, util. = 2.57%. {"history": "ExplorerRun.0", "point": 1, "testname": "my_lib_ota_amp_tb_1", "cornername": "Nominal"}
[2026-04-19 10:06:09.995 +0700] [INFO] [cadence.virtuoso.ade.simulationMonitor] - Time spent in licensing: elapsed = 20.3 s, percentage of total = 97.1%. {"history": "ExplorerRun.0", "point": 1, "testname": "my_lib_ota_amp_tb_1", "cornername": "Nominal"}
[2026-04-19 10:06:09.995 +0700] [INFO] [cadence.virtuoso.ade.simulationMonitor] - Peak memory used = 111 Mbytes. {"history": "ExplorerRun.0", "point": 1, "testname": "my_lib_ota_amp_tb_1", "cornername": "Nominal"}
[2026-04-19 10:06:09.995 +0700] [PROCESS] [cadence.virtuoso.ade.simulationMonitor] - Simulation started at: 10:05:48 AM, Sun Apr 19, 2026, ended at: 10:06:09 AM, Sun Apr 19, 2026, with elapsed time (wall clock): 20.9 s. {"history": "ExplorerRun.0", "point": 1, "testname": "my_lib_ota_amp_tb_1", "cornername": "Nominal"}
[2026-04-19 10:06:09.996 +0700] [PROCESS] [cadence.virtuoso.ade.simulationMonitor] - spectre completes with 0 errors, 0 warnings, and 4 notices. {"history": "ExplorerRun.0", "point": 1, "testname": "my_lib_ota_amp_tb_1", "cornername": "Nominal"}
[2026-04-19 10:06:09.996 +0700] [PROCESS] [cadence.virtuoso.ade.simulationMonitor] - Simulator exited {"hostname": "dtvt_13", "processid": 2538, "history": "ExplorerRun.0", "testname": "my_lib_ota_amp_tb_1", "cornername": "Nominal", "point": 1, "logfile": "/home/dtvt_13/truong/logs_dtvt_13/logs0/Job3.log", "exitStatus": "0"}
[2026-04-19 10:06:09.996 +0700] [PROCESS] [cadence.virtuoso.ade.simulationMonitor] - Finished Simulation {"hostname": "dtvt_13", "processid": 2538, "history": "ExplorerRun.0", "testname": "my_lib_ota_amp_tb_1", "cornername": "Nominal", "point": 1, "logfile": "/home/dtvt_13/truong/logs_dtvt_13/logs0/Job3.log", "simid": "5"}
[2026-04-19 10:06:10.512 +0700] [PROCESS] [cadence.virtuoso.ade.simulationMonitor] - Point Finished {"hostname": "dtvt_13", "processid": 2538, "history": "ExplorerRun.0", "testname": "my_lib_ota_amp_tb_1", "cornername": "Nominal", "point": 1, "logfile": "/home/dtvt_13/truong/logs_dtvt_13/logs0/Job3.log"}
[2026-04-19 10:06:11.520 +0700] [PROCESS] [cadence.virtuoso.ade.simulationMonitor] - Stay with the runId '7', Linger time '300', currentRunSyn '15', currentTestSyn '15' {"hostname": "dtvt_13", "processid": 2538, "history": "ExplorerRun.0", "testname": "my_lib_ota_amp_tb_1", "cornername": "Nominal", "point": 1, "logfile": "/home/dtvt_13/truong/logs_dtvt_13/logs0/Job3.log"}
[2026-04-19 10:10:45.463 +0700] [INFO] [cadence.virtuoso.ade.simulationMonitor] - SimulationMonitor has terminated the vds process '7794', reason: 'Force to stop the expression evalutor process because of new run' {"history": "ExplorerRun.0", "point": 1, "testname": "my_lib_ota_amp_tb_1", "cornername": "Nominal"}
[2026-04-19 10:10:45.464 +0700] [PROCESS] [cadence.virtuoso.ade.simulationMonitor] - HostInfo:
Host name (type):	dtvt_13 (x86_64)
Operating system:	Linux 3.10.0-1160.118.1.el7.x86_64 #1 SMP Wed Apr 24 16:01:50 UTC 2024 {"hostname": "dtvt_13", "processid": 2538, "history": "ExplorerRun.0", "testname": "my_lib_ota_amp_tb_1", "cornername": "Nominal", "point": 1, "logfile": "/home/dtvt_13/truong/logs_dtvt_13/logs0/Job3.log", "nodename": "dtvt_13", "domainname": "(none)", "machine": "x86_64", "sysname": "Linux", "release": "3.10.0-1160.118.1.el7.x86_64", "version": "#1 SMP Wed Apr 24 16:01:50 UTC 2024"}
[2026-04-19 10:10:45.464 +0700] [PROCESS] [cadence.virtuoso.ade.simulationMonitor] - UsageInfo:
pid=2538
totalPhysicalMemory=15.208324GB,Used=14.312923GB,totalVirtualMemory=22.895821GB,Used=14.359310GB
Cpu: Cores=24, Load average:0.360000,0.360000,0.380000 {"hostname": "dtvt_13", "processid": 2538, "history": "ExplorerRun.0", "testname": "my_lib_ota_amp_tb_1", "cornername": "Nominal", "point": 1, "logfile": "/home/dtvt_13/truong/logs_dtvt_13/logs0/Job3.log", "pid": "2538", "totalPhysicalMemory": "15.208324", "physicalMemoryUsed": "14.312923", "totalVirtualMemory": "22.895821", "virtualMemoryUsed": "14.359310", "cpuCores": "24", "processes": "2583", "loadAverage1": "0.360000", "loadAverage5": "0.360000", "loadAverage15": "0.380000", "loadAverage1Percent": "0.015000"}
[2026-04-19 10:10:45.464 +0700] [EVENT] [cadence.virtuoso.ade.simulationMonitor] - NewPoint {"history": "ExplorerRun.0", "point": 1, "testname": "my_lib_ota_amp_tb_1", "cornername": "Nominal", "event": "NewPoint", "EventSource": "Simulation Monitor", "HistoryName": "ExplorerRun.0", "logFile": "/home/dtvt_13/truong/logs_dtvt_13/logs0/Job3.log", "logFileSize": "49234"}
[2026-04-19 10:10:45.565 +0700] [EVENT] [cadence.virtuoso.ade.simulationMonitor] - NewPoint {"history": "ExplorerRun.0", "point": 1, "testname": "my_lib_ota_amp_tb_1", "cornername": "Nominal", "event": "NewPoint", "EventSource": "spectre", "HistoryName": "ExplorerRun.0", "logFile": "/home/dtvt_13/simulation/my_lib/ota_amp_tb/maestro/results/maestro/ExplorerRun.0/1/my_lib_ota_amp_tb_1/psf/spectre.out", "logFileSize": "-1"}
[2026-04-19 10:10:45.572 +0700] [PROCESS] [cadence.virtuoso.ade.simulationMonitor] - Simulator launched {"hostname": "dtvt_13", "processid": 2538, "history": "ExplorerRun.0", "testname": "my_lib_ota_amp_tb_1", "cornername": "Nominal", "point": 1, "logfile": "/home/dtvt_13/truong/logs_dtvt_13/logs0/Job3.log", "simid": "6"}
[2026-04-19 10:10:45.577 +0700] [PROCESS] [cadence.virtuoso.ade.simulationMonitor] - Expression evaluator launched {"hostname": "dtvt_13", "processid": 2538, "history": "ExplorerRun.0", "testname": "my_lib_ota_amp_tb_1", "cornername": "Nominal", "point": 1, "logfile": "/home/dtvt_13/truong/logs_dtvt_13/logs0/Job3.log"}
[2026-04-19 10:10:45.582 +0700] [PROCESS] [cadence.virtuoso.ade.simulationMonitor] - Started Simulation {"hostname": "dtvt_13", "processid": 2538, "history": "ExplorerRun.0", "testname": "my_lib_ota_amp_tb_1", "cornername": "Nominal", "point": 1, "logfile": "/home/dtvt_13/truong/logs_dtvt_13/logs0/Job3.log"}
[2026-04-19 10:11:06.888 +0700] [PROCESS] [cadence.virtuoso.ade.simulationMonitor] - Finished simulating for one point {"hostname": "dtvt_13", "processid": 2538, "history": "ExplorerRun.0", "testname": "my_lib_ota_amp_tb_1", "cornername": "Nominal", "point": 1, "logfile": "/home/dtvt_13/truong/logs_dtvt_13/logs0/Job3.log", "simid": "6"}
[2026-04-19 10:11:06.889 +0700] [INFO] [cadence.virtuoso.ade.simulationMonitor] - Peak resident memory used = 95.6 Mbytes. {"history": "ExplorerRun.0", "point": 1, "testname": "my_lib_ota_amp_tb_1", "cornername": "Nominal"}
[2026-04-19 10:11:06.889 +0700] [INFO] [cadence.virtuoso.ade.simulationMonitor] - Peak resident memory used = 104 Mbytes. {"history": "ExplorerRun.0", "point": 1, "testname": "my_lib_ota_amp_tb_1", "cornername": "Nominal"}
[2026-04-19 10:11:06.889 +0700] [INFO] [cadence.virtuoso.ade.simulationMonitor] - Notice from spectre during hierarchy flattening.
    The value 'psf' specified for the 'checklimitdest' option will no longer be supported in future releases. Use 'spectre -h' to see other recommended values for the 'checklimitdest' option. {"history": "ExplorerRun.0", "point": 1, "testname": "my_lib_ota_amp_tb_1", "cornername": "Nominal"}
[2026-04-19 10:11:06.889 +0700] [INFO] [cadence.virtuoso.ade.simulationMonitor] - Peak resident memory used = 105 Mbytes. {"history": "ExplorerRun.0", "point": 1, "testname": "my_lib_ota_amp_tb_1", "cornername": "Nominal"}
[2026-04-19 10:11:06.890 +0700] [INFO] [cadence.virtuoso.ade.simulationMonitor] - Notice from spectre during initial setup.
    Multithreading is disabled due to the size of the design being too small. {"history": "ExplorerRun.0", "point": 1, "testname": "my_lib_ota_amp_tb_1", "cornername": "Nominal"}
[2026-04-19 10:11:06.890 +0700] [INFO] [cadence.virtuoso.ade.simulationMonitor] -               nodes 43 {"history": "ExplorerRun.0", "point": 1, "testname": "my_lib_ota_amp_tb_1", "cornername": "Nominal"}
[2026-04-19 10:11:06.890 +0700] [INFO] [cadence.virtuoso.ade.simulationMonitor] - Notice from spectre during initial setup.
    APS enabled. {"history": "ExplorerRun.0", "point": 1, "testname": "my_lib_ota_amp_tb_1", "cornername": "Nominal"}
[2026-04-19 10:11:06.890 +0700] [INFO] [cadence.virtuoso.ade.simulationMonitor] - Peak resident memory used = 107 Mbytes. {"history": "ExplorerRun.0", "point": 1, "testname": "my_lib_ota_amp_tb_1", "cornername": "Nominal"}
[2026-04-19 10:11:06.891 +0700] [INFO] [cadence.virtuoso.ade.simulationMonitor] -    -   (APS) Multi-threading. The recommended number of threads is 1, consider adding +mt=1 on command line. {"history": "ExplorerRun.0", "point": 1, "testname": "my_lib_ota_amp_tb_1", "cornername": "Nominal"}
[2026-04-19 10:11:06.891 +0700] [INFO] [cadence.virtuoso.ade.simulationMonitor] - Total time required for ac analysis `ac': CPU = 3.356 ms, elapsed = 4.25601 ms. {"history": "ExplorerRun.0", "point": 1, "testname": "my_lib_ota_amp_tb_1", "cornername": "Nominal"}
[2026-04-19 10:11:06.891 +0700] [INFO] [cadence.virtuoso.ade.simulationMonitor] - Peak resident memory used = 109 Mbytes. {"history": "ExplorerRun.0", "point": 1, "testname": "my_lib_ota_amp_tb_1", "cornername": "Nominal"}
[2026-04-19 10:11:06.891 +0700] [INFO] [cadence.virtuoso.ade.simulationMonitor] - Total time required for dc analysis `dcOp': CPU = 961 us, elapsed = 1.85299 ms. {"history": "ExplorerRun.0", "point": 1, "testname": "my_lib_ota_amp_tb_1", "cornername": "Nominal"}
[2026-04-19 10:11:06.891 +0700] [INFO] [cadence.virtuoso.ade.simulationMonitor] - Peak resident memory used = 109 Mbytes. {"history": "ExplorerRun.0", "point": 1, "testname": "my_lib_ota_amp_tb_1", "cornername": "Nominal"}
[2026-04-19 10:11:06.892 +0700] [INFO] [cadence.virtuoso.ade.simulationMonitor] - Time used: CPU = 498 ms, elapsed = 20.8 s, util. = 2.39%. {"history": "ExplorerRun.0", "point": 1, "testname": "my_lib_ota_amp_tb_1", "cornername": "Nominal"}
[2026-04-19 10:11:06.892 +0700] [INFO] [cadence.virtuoso.ade.simulationMonitor] - Time spent in licensing: elapsed = 20.3 s, percentage of total = 97.4%. {"history": "ExplorerRun.0", "point": 1, "testname": "my_lib_ota_amp_tb_1", "cornername": "Nominal"}
[2026-04-19 10:11:06.892 +0700] [INFO] [cadence.virtuoso.ade.simulationMonitor] - Peak memory used = 111 Mbytes. {"history": "ExplorerRun.0", "point": 1, "testname": "my_lib_ota_amp_tb_1", "cornername": "Nominal"}
[2026-04-19 10:11:06.892 +0700] [PROCESS] [cadence.virtuoso.ade.simulationMonitor] - Simulation started at: 10:10:45 AM, Sun Apr 19, 2026, ended at: 10:11:06 AM, Sun Apr 19, 2026, with elapsed time (wall clock): 20.8 s. {"history": "ExplorerRun.0", "point": 1, "testname": "my_lib_ota_amp_tb_1", "cornername": "Nominal"}
[2026-04-19 10:11:06.892 +0700] [PROCESS] [cadence.virtuoso.ade.simulationMonitor] - spectre completes with 0 errors, 0 warnings, and 4 notices. {"history": "ExplorerRun.0", "point": 1, "testname": "my_lib_ota_amp_tb_1", "cornername": "Nominal"}
[2026-04-19 10:11:06.893 +0700] [PROCESS] [cadence.virtuoso.ade.simulationMonitor] - Simulator exited {"hostname": "dtvt_13", "processid": 2538, "history": "ExplorerRun.0", "testname": "my_lib_ota_amp_tb_1", "cornername": "Nominal", "point": 1, "logfile": "/home/dtvt_13/truong/logs_dtvt_13/logs0/Job3.log", "exitStatus": "0"}
[2026-04-19 10:11:06.893 +0700] [PROCESS] [cadence.virtuoso.ade.simulationMonitor] - Finished Simulation {"hostname": "dtvt_13", "processid": 2538, "history": "ExplorerRun.0", "testname": "my_lib_ota_amp_tb_1", "cornername": "Nominal", "point": 1, "logfile": "/home/dtvt_13/truong/logs_dtvt_13/logs0/Job3.log", "simid": "6"}
[2026-04-19 10:11:07.905 +0700] [PROCESS] [cadence.virtuoso.ade.simulationMonitor] - Point Finished {"hostname": "dtvt_13", "processid": 2538, "history": "ExplorerRun.0", "testname": "my_lib_ota_amp_tb_1", "cornername": "Nominal", "point": 1, "logfile": "/home/dtvt_13/truong/logs_dtvt_13/logs0/Job3.log"}
[2026-04-19 10:11:38.144 +0700] [INFO] [cadence.virtuoso.ade.simulationMonitor] - SimulationMonitor has terminated the vds process '9614', reason: 'Force to stop the expression evalutor process because of new run' {"history": "ExplorerRun.0", "point": 1, "testname": "my_lib_ota_amp_tb_1", "cornername": "Nominal"}
[2026-04-19 10:11:38.145 +0700] [PROCESS] [cadence.virtuoso.ade.simulationMonitor] - HostInfo:
Host name (type):	dtvt_13 (x86_64)
Operating system:	Linux 3.10.0-1160.118.1.el7.x86_64 #1 SMP Wed Apr 24 16:01:50 UTC 2024 {"hostname": "dtvt_13", "processid": 2538, "history": "ExplorerRun.0", "testname": "my_lib_ota_amp_tb_1", "cornername": "Nominal", "point": 1, "logfile": "/home/dtvt_13/truong/logs_dtvt_13/logs0/Job3.log", "nodename": "dtvt_13", "domainname": "(none)", "machine": "x86_64", "sysname": "Linux", "release": "3.10.0-1160.118.1.el7.x86_64", "version": "#1 SMP Wed Apr 24 16:01:50 UTC 2024"}
[2026-04-19 10:11:38.145 +0700] [PROCESS] [cadence.virtuoso.ade.simulationMonitor] - UsageInfo:
pid=2538
totalPhysicalMemory=15.208324GB,Used=14.311924GB,totalVirtualMemory=22.895821GB,Used=14.358311GB
Cpu: Cores=24, Load average:0.530000,0.400000,0.390000 {"hostname": "dtvt_13", "processid": 2538, "history": "ExplorerRun.0", "testname": "my_lib_ota_amp_tb_1", "cornername": "Nominal", "point": 1, "logfile": "/home/dtvt_13/truong/logs_dtvt_13/logs0/Job3.log", "pid": "2538", "totalPhysicalMemory": "15.208324", "physicalMemoryUsed": "14.311924", "totalVirtualMemory": "22.895821", "virtualMemoryUsed": "14.358311", "cpuCores": "24", "processes": "2596", "loadAverage1": "0.530000", "loadAverage5": "0.400000", "loadAverage15": "0.390000", "loadAverage1Percent": "0.022083"}
[2026-04-19 10:11:38.145 +0700] [EVENT] [cadence.virtuoso.ade.simulationMonitor] - NewPoint {"history": "ExplorerRun.0", "point": 1, "testname": "my_lib_ota_amp_tb_1", "cornername": "Nominal", "event": "NewPoint", "EventSource": "Simulation Monitor", "HistoryName": "ExplorerRun.0", "logFile": "/home/dtvt_13/truong/logs_dtvt_13/logs0/Job3.log", "logFileSize": "58589"}
[2026-04-19 10:11:38.246 +0700] [EVENT] [cadence.virtuoso.ade.simulationMonitor] - NewPoint {"history": "ExplorerRun.0", "point": 1, "testname": "my_lib_ota_amp_tb_1", "cornername": "Nominal", "event": "NewPoint", "EventSource": "spectre", "HistoryName": "ExplorerRun.0", "logFile": "/home/dtvt_13/simulation/my_lib/ota_amp_tb/maestro/results/maestro/ExplorerRun.0/1/my_lib_ota_amp_tb_1/psf/spectre.out", "logFileSize": "-1"}
[2026-04-19 10:11:38.251 +0700] [PROCESS] [cadence.virtuoso.ade.simulationMonitor] - Simulator launched {"hostname": "dtvt_13", "processid": 2538, "history": "ExplorerRun.0", "testname": "my_lib_ota_amp_tb_1", "cornername": "Nominal", "point": 1, "logfile": "/home/dtvt_13/truong/logs_dtvt_13/logs0/Job3.log", "simid": "7"}
[2026-04-19 10:11:38.252 +0700] [PROCESS] [cadence.virtuoso.ade.simulationMonitor] - Expression evaluator launched {"hostname": "dtvt_13", "processid": 2538, "history": "ExplorerRun.0", "testname": "my_lib_ota_amp_tb_1", "cornername": "Nominal", "point": 1, "logfile": "/home/dtvt_13/truong/logs_dtvt_13/logs0/Job3.log"}
[2026-04-19 10:11:38.256 +0700] [PROCESS] [cadence.virtuoso.ade.simulationMonitor] - Started Simulation {"hostname": "dtvt_13", "processid": 2538, "history": "ExplorerRun.0", "testname": "my_lib_ota_amp_tb_1", "cornername": "Nominal", "point": 1, "logfile": "/home/dtvt_13/truong/logs_dtvt_13/logs0/Job3.log"}
[2026-04-19 10:11:59.537 +0700] [PROCESS] [cadence.virtuoso.ade.simulationMonitor] - Finished simulating for one point {"hostname": "dtvt_13", "processid": 2538, "history": "ExplorerRun.0", "testname": "my_lib_ota_amp_tb_1", "cornername": "Nominal", "point": 1, "logfile": "/home/dtvt_13/truong/logs_dtvt_13/logs0/Job3.log", "simid": "7"}
[2026-04-19 10:11:59.538 +0700] [INFO] [cadence.virtuoso.ade.simulationMonitor] - Peak resident memory used = 95.6 Mbytes. {"history": "ExplorerRun.0", "point": 1, "testname": "my_lib_ota_amp_tb_1", "cornername": "Nominal"}
[2026-04-19 10:11:59.538 +0700] [INFO] [cadence.virtuoso.ade.simulationMonitor] - Peak resident memory used = 104 Mbytes. {"history": "ExplorerRun.0", "point": 1, "testname": "my_lib_ota_amp_tb_1", "cornername": "Nominal"}
[2026-04-19 10:11:59.538 +0700] [INFO] [cadence.virtuoso.ade.simulationMonitor] - Notice from spectre during hierarchy flattening.
    The value 'psf' specified for the 'checklimitdest' option will no longer be supported in future releases. Use 'spectre -h' to see other recommended values for the 'checklimitdest' option. {"history": "ExplorerRun.0", "point": 1, "testname": "my_lib_ota_amp_tb_1", "cornername": "Nominal"}
[2026-04-19 10:11:59.539 +0700] [INFO] [cadence.virtuoso.ade.simulationMonitor] - Peak resident memory used = 105 Mbytes. {"history": "ExplorerRun.0", "point": 1, "testname": "my_lib_ota_amp_tb_1", "cornername": "Nominal"}
[2026-04-19 10:11:59.539 +0700] [INFO] [cadence.virtuoso.ade.simulationMonitor] - Notice from spectre during initial setup.
    Multithreading is disabled due to the size of the design being too small. {"history": "ExplorerRun.0", "point": 1, "testname": "my_lib_ota_amp_tb_1", "cornername": "Nominal"}
[2026-04-19 10:11:59.540 +0700] [INFO] [cadence.virtuoso.ade.simulationMonitor] -               nodes 43 {"history": "ExplorerRun.0", "point": 1, "testname": "my_lib_ota_amp_tb_1", "cornername": "Nominal"}
[2026-04-19 10:11:59.540 +0700] [INFO] [cadence.virtuoso.ade.simulationMonitor] - Notice from spectre during initial setup.
    APS enabled. {"history": "ExplorerRun.0", "point": 1, "testname": "my_lib_ota_amp_tb_1", "cornername": "Nominal"}
[2026-04-19 10:11:59.540 +0700] [INFO] [cadence.virtuoso.ade.simulationMonitor] - Peak resident memory used = 107 Mbytes. {"history": "ExplorerRun.0", "point": 1, "testname": "my_lib_ota_amp_tb_1", "cornername": "Nominal"}
[2026-04-19 10:11:59.541 +0700] [INFO] [cadence.virtuoso.ade.simulationMonitor] -    -   (APS) Multi-threading. The recommended number of threads is 1, consider adding +mt=1 on command line. {"history": "ExplorerRun.0", "point": 1, "testname": "my_lib_ota_amp_tb_1", "cornername": "Nominal"}
[2026-04-19 10:11:59.541 +0700] [INFO] [cadence.virtuoso.ade.simulationMonitor] - Total time required for ac analysis `ac': CPU = 3.943 ms, elapsed = 4.848 ms. {"history": "ExplorerRun.0", "point": 1, "testname": "my_lib_ota_amp_tb_1", "cornername": "Nominal"}
[2026-04-19 10:11:59.541 +0700] [INFO] [cadence.virtuoso.ade.simulationMonitor] - Peak resident memory used = 109 Mbytes. {"history": "ExplorerRun.0", "point": 1, "testname": "my_lib_ota_amp_tb_1", "cornername": "Nominal"}
[2026-04-19 10:11:59.541 +0700] [INFO] [cadence.virtuoso.ade.simulationMonitor] - Total time required for dc analysis `dcOp': CPU = 1.505 ms, elapsed = 2.4209 ms. {"history": "ExplorerRun.0", "point": 1, "testname": "my_lib_ota_amp_tb_1", "cornername": "Nominal"}
[2026-04-19 10:11:59.541 +0700] [INFO] [cadence.virtuoso.ade.simulationMonitor] - Peak resident memory used = 109 Mbytes. {"history": "ExplorerRun.0", "point": 1, "testname": "my_lib_ota_amp_tb_1", "cornername": "Nominal"}
[2026-04-19 10:11:59.541 +0700] [INFO] [cadence.virtuoso.ade.simulationMonitor] - Time used: CPU = 489 ms, elapsed = 20.9 s, util. = 2.34%. {"history": "ExplorerRun.0", "point": 1, "testname": "my_lib_ota_amp_tb_1", "cornername": "Nominal"}
[2026-04-19 10:11:59.542 +0700] [INFO] [cadence.virtuoso.ade.simulationMonitor] - Time spent in licensing: elapsed = 20.4 s, percentage of total = 97.6%. {"history": "ExplorerRun.0", "point": 1, "testname": "my_lib_ota_amp_tb_1", "cornername": "Nominal"}
[2026-04-19 10:11:59.542 +0700] [INFO] [cadence.virtuoso.ade.simulationMonitor] - Peak memory used = 111 Mbytes. {"history": "ExplorerRun.0", "point": 1, "testname": "my_lib_ota_amp_tb_1", "cornername": "Nominal"}
[2026-04-19 10:11:59.542 +0700] [PROCESS] [cadence.virtuoso.ade.simulationMonitor] - Simulation started at: 10:11:38 AM, Sun Apr 19, 2026, ended at: 10:11:59 AM, Sun Apr 19, 2026, with elapsed time (wall clock): 20.9 s. {"history": "ExplorerRun.0", "point": 1, "testname": "my_lib_ota_amp_tb_1", "cornername": "Nominal"}
[2026-04-19 10:11:59.542 +0700] [PROCESS] [cadence.virtuoso.ade.simulationMonitor] - spectre completes with 0 errors, 0 warnings, and 4 notices. {"history": "ExplorerRun.0", "point": 1, "testname": "my_lib_ota_amp_tb_1", "cornername": "Nominal"}
[2026-04-19 10:11:59.542 +0700] [PROCESS] [cadence.virtuoso.ade.simulationMonitor] - Simulator exited {"hostname": "dtvt_13", "processid": 2538, "history": "ExplorerRun.0", "testname": "my_lib_ota_amp_tb_1", "cornername": "Nominal", "point": 1, "logfile": "/home/dtvt_13/truong/logs_dtvt_13/logs0/Job3.log", "exitStatus": "0"}
[2026-04-19 10:11:59.543 +0700] [PROCESS] [cadence.virtuoso.ade.simulationMonitor] - Finished Simulation {"hostname": "dtvt_13", "processid": 2538, "history": "ExplorerRun.0", "testname": "my_lib_ota_amp_tb_1", "cornername": "Nominal", "point": 1, "logfile": "/home/dtvt_13/truong/logs_dtvt_13/logs0/Job3.log", "simid": "7"}
[2026-04-19 10:12:00.556 +0700] [PROCESS] [cadence.virtuoso.ade.simulationMonitor] - Point Finished {"hostname": "dtvt_13", "processid": 2538, "history": "ExplorerRun.0", "testname": "my_lib_ota_amp_tb_1", "cornername": "Nominal", "point": 1, "logfile": "/home/dtvt_13/truong/logs_dtvt_13/logs0/Job3.log"}
[2026-04-19 10:16:41.825 +0700] [INFO] [cadence.virtuoso.ade.simulationMonitor] - SimulationMonitor has terminated the vds process '10296', reason: 'Force to stop the expression evalutor process because of new run' {"history": "ExplorerRun.0", "point": 1, "testname": "my_lib_ota_amp_tb_1", "cornername": "Nominal"}
[2026-04-19 10:16:41.825 +0700] [PROCESS] [cadence.virtuoso.ade.simulationMonitor] - HostInfo:
Host name (type):	dtvt_13 (x86_64)
Operating system:	Linux 3.10.0-1160.118.1.el7.x86_64 #1 SMP Wed Apr 24 16:01:50 UTC 2024 {"hostname": "dtvt_13", "processid": 2538, "history": "ExplorerRun.0", "testname": "my_lib_ota_amp_tb_1", "cornername": "Nominal", "point": 1, "logfile": "/home/dtvt_13/truong/logs_dtvt_13/logs0/Job3.log", "nodename": "dtvt_13", "domainname": "(none)", "machine": "x86_64", "sysname": "Linux", "release": "3.10.0-1160.118.1.el7.x86_64", "version": "#1 SMP Wed Apr 24 16:01:50 UTC 2024"}
[2026-04-19 10:16:41.826 +0700] [PROCESS] [cadence.virtuoso.ade.simulationMonitor] - UsageInfo:
pid=2538
totalPhysicalMemory=15.208324GB,Used=14.277851GB,totalVirtualMemory=22.895821GB,Used=14.324238GB
Cpu: Cores=24, Load average:0.350000,0.320000,0.360000 {"hostname": "dtvt_13", "processid": 2538, "history": "ExplorerRun.0", "testname": "my_lib_ota_amp_tb_1", "cornername": "Nominal", "point": 1, "logfile": "/home/dtvt_13/truong/logs_dtvt_13/logs0/Job3.log", "pid": "2538", "totalPhysicalMemory": "15.208324", "physicalMemoryUsed": "14.277851", "totalVirtualMemory": "22.895821", "virtualMemoryUsed": "14.324238", "cpuCores": "24", "processes": "2579", "loadAverage1": "0.350000", "loadAverage5": "0.320000", "loadAverage15": "0.360000", "loadAverage1Percent": "0.014583"}
[2026-04-19 10:16:41.826 +0700] [EVENT] [cadence.virtuoso.ade.simulationMonitor] - NewPoint {"history": "ExplorerRun.0", "point": 1, "testname": "my_lib_ota_amp_tb_1", "cornername": "Nominal", "event": "NewPoint", "EventSource": "Simulation Monitor", "HistoryName": "ExplorerRun.0", "logFile": "/home/dtvt_13/truong/logs_dtvt_13/logs0/Job3.log", "logFileSize": "67944"}
[2026-04-19 10:16:41.926 +0700] [EVENT] [cadence.virtuoso.ade.simulationMonitor] - NewPoint {"history": "ExplorerRun.0", "point": 1, "testname": "my_lib_ota_amp_tb_1", "cornername": "Nominal", "event": "NewPoint", "EventSource": "spectre", "HistoryName": "ExplorerRun.0", "logFile": "/home/dtvt_13/simulation/my_lib/ota_amp_tb/maestro/results/maestro/ExplorerRun.0/1/my_lib_ota_amp_tb_1/psf/spectre.out", "logFileSize": "-1"}
[2026-04-19 10:16:41.929 +0700] [PROCESS] [cadence.virtuoso.ade.simulationMonitor] - Simulator launched {"hostname": "dtvt_13", "processid": 2538, "history": "ExplorerRun.0", "testname": "my_lib_ota_amp_tb_1", "cornername": "Nominal", "point": 1, "logfile": "/home/dtvt_13/truong/logs_dtvt_13/logs0/Job3.log", "simid": "8"}
[2026-04-19 10:16:41.934 +0700] [PROCESS] [cadence.virtuoso.ade.simulationMonitor] - Expression evaluator launched {"hostname": "dtvt_13", "processid": 2538, "history": "ExplorerRun.0", "testname": "my_lib_ota_amp_tb_1", "cornername": "Nominal", "point": 1, "logfile": "/home/dtvt_13/truong/logs_dtvt_13/logs0/Job3.log"}
[2026-04-19 10:16:41.938 +0700] [PROCESS] [cadence.virtuoso.ade.simulationMonitor] - Started Simulation {"hostname": "dtvt_13", "processid": 2538, "history": "ExplorerRun.0", "testname": "my_lib_ota_amp_tb_1", "cornername": "Nominal", "point": 1, "logfile": "/home/dtvt_13/truong/logs_dtvt_13/logs0/Job3.log"}
[2026-04-19 10:17:03.764 +0700] [PROCESS] [cadence.virtuoso.ade.simulationMonitor] - Finished simulating for one point {"hostname": "dtvt_13", "processid": 2538, "history": "ExplorerRun.0", "testname": "my_lib_ota_amp_tb_1", "cornername": "Nominal", "point": 1, "logfile": "/home/dtvt_13/truong/logs_dtvt_13/logs0/Job3.log", "simid": "8"}
[2026-04-19 10:17:03.764 +0700] [INFO] [cadence.virtuoso.ade.simulationMonitor] - Peak resident memory used = 95.6 Mbytes. {"history": "ExplorerRun.0", "point": 1, "testname": "my_lib_ota_amp_tb_1", "cornername": "Nominal"}
[2026-04-19 10:17:03.765 +0700] [INFO] [cadence.virtuoso.ade.simulationMonitor] - Peak resident memory used = 104 Mbytes. {"history": "ExplorerRun.0", "point": 1, "testname": "my_lib_ota_amp_tb_1", "cornername": "Nominal"}
[2026-04-19 10:17:03.765 +0700] [INFO] [cadence.virtuoso.ade.simulationMonitor] - Notice from spectre during hierarchy flattening.
    The value 'psf' specified for the 'checklimitdest' option will no longer be supported in future releases. Use 'spectre -h' to see other recommended values for the 'checklimitdest' option. {"history": "ExplorerRun.0", "point": 1, "testname": "my_lib_ota_amp_tb_1", "cornername": "Nominal"}
[2026-04-19 10:17:03.766 +0700] [INFO] [cadence.virtuoso.ade.simulationMonitor] - Peak resident memory used = 105 Mbytes. {"history": "ExplorerRun.0", "point": 1, "testname": "my_lib_ota_amp_tb_1", "cornername": "Nominal"}
[2026-04-19 10:17:03.766 +0700] [INFO] [cadence.virtuoso.ade.simulationMonitor] - Notice from spectre during initial setup.
    Multithreading is disabled due to the size of the design being too small. {"history": "ExplorerRun.0", "point": 1, "testname": "my_lib_ota_amp_tb_1", "cornername": "Nominal"}
[2026-04-19 10:17:03.767 +0700] [INFO] [cadence.virtuoso.ade.simulationMonitor] -               nodes 43 {"history": "ExplorerRun.0", "point": 1, "testname": "my_lib_ota_amp_tb_1", "cornername": "Nominal"}
[2026-04-19 10:17:03.767 +0700] [INFO] [cadence.virtuoso.ade.simulationMonitor] - Notice from spectre during initial setup.
    APS enabled. {"history": "ExplorerRun.0", "point": 1, "testname": "my_lib_ota_amp_tb_1", "cornername": "Nominal"}
[2026-04-19 10:17:03.768 +0700] [INFO] [cadence.virtuoso.ade.simulationMonitor] - Peak resident memory used = 107 Mbytes. {"history": "ExplorerRun.0", "point": 1, "testname": "my_lib_ota_amp_tb_1", "cornername": "Nominal"}
[2026-04-19 10:17:03.768 +0700] [INFO] [cadence.virtuoso.ade.simulationMonitor] -    -   (APS) Multi-threading. The recommended number of threads is 1, consider adding +mt=1 on command line. {"history": "ExplorerRun.0", "point": 1, "testname": "my_lib_ota_amp_tb_1", "cornername": "Nominal"}
[2026-04-19 10:17:03.768 +0700] [INFO] [cadence.virtuoso.ade.simulationMonitor] - Total time required for ac analysis `ac': CPU = 4.271 ms, elapsed = 5.26881 ms. {"history": "ExplorerRun.0", "point": 1, "testname": "my_lib_ota_amp_tb_1", "cornername": "Nominal"}
[2026-04-19 10:17:03.768 +0700] [INFO] [cadence.virtuoso.ade.simulationMonitor] - Peak resident memory used = 109 Mbytes. {"history": "ExplorerRun.0", "point": 1, "testname": "my_lib_ota_amp_tb_1", "cornername": "Nominal"}
[2026-04-19 10:17:03.768 +0700] [INFO] [cadence.virtuoso.ade.simulationMonitor] - Total time required for dc analysis `dcOp': CPU = 1.508 ms, elapsed = 2.5661 ms. {"history": "ExplorerRun.0", "point": 1, "testname": "my_lib_ota_amp_tb_1", "cornername": "Nominal"}
[2026-04-19 10:17:03.768 +0700] [INFO] [cadence.virtuoso.ade.simulationMonitor] - Peak resident memory used = 109 Mbytes. {"history": "ExplorerRun.0", "point": 1, "testname": "my_lib_ota_amp_tb_1", "cornername": "Nominal"}
[2026-04-19 10:17:03.769 +0700] [INFO] [cadence.virtuoso.ade.simulationMonitor] - Time used: CPU = 517 ms, elapsed = 21.1 s, util. = 2.44%. {"history": "ExplorerRun.0", "point": 1, "testname": "my_lib_ota_amp_tb_1", "cornername": "Nominal"}
[2026-04-19 10:17:03.769 +0700] [INFO] [cadence.virtuoso.ade.simulationMonitor] - Time spent in licensing: elapsed = 20.6 s, percentage of total = 97.3%. {"history": "ExplorerRun.0", "point": 1, "testname": "my_lib_ota_amp_tb_1", "cornername": "Nominal"}
[2026-04-19 10:17:03.769 +0700] [INFO] [cadence.virtuoso.ade.simulationMonitor] - Peak memory used = 111 Mbytes. {"history": "ExplorerRun.0", "point": 1, "testname": "my_lib_ota_amp_tb_1", "cornername": "Nominal"}
[2026-04-19 10:17:03.769 +0700] [PROCESS] [cadence.virtuoso.ade.simulationMonitor] - Simulation started at: 10:16:42 AM, Sun Apr 19, 2026, ended at: 10:17:03 AM, Sun Apr 19, 2026, with elapsed time (wall clock): 21.1 s. {"history": "ExplorerRun.0", "point": 1, "testname": "my_lib_ota_amp_tb_1", "cornername": "Nominal"}
[2026-04-19 10:17:03.769 +0700] [PROCESS] [cadence.virtuoso.ade.simulationMonitor] - spectre completes with 0 errors, 0 warnings, and 4 notices. {"history": "ExplorerRun.0", "point": 1, "testname": "my_lib_ota_amp_tb_1", "cornername": "Nominal"}
[2026-04-19 10:17:03.769 +0700] [PROCESS] [cadence.virtuoso.ade.simulationMonitor] - Simulator exited {"hostname": "dtvt_13", "processid": 2538, "history": "ExplorerRun.0", "testname": "my_lib_ota_amp_tb_1", "cornername": "Nominal", "point": 1, "logfile": "/home/dtvt_13/truong/logs_dtvt_13/logs0/Job3.log", "exitStatus": "0"}
[2026-04-19 10:17:03.770 +0700] [PROCESS] [cadence.virtuoso.ade.simulationMonitor] - Finished Simulation {"hostname": "dtvt_13", "processid": 2538, "history": "ExplorerRun.0", "testname": "my_lib_ota_amp_tb_1", "cornername": "Nominal", "point": 1, "logfile": "/home/dtvt_13/truong/logs_dtvt_13/logs0/Job3.log", "simid": "8"}
[2026-04-19 10:17:04.782 +0700] [PROCESS] [cadence.virtuoso.ade.simulationMonitor] - Point Finished {"hostname": "dtvt_13", "processid": 2538, "history": "ExplorerRun.0", "testname": "my_lib_ota_amp_tb_1", "cornername": "Nominal", "point": 1, "logfile": "/home/dtvt_13/truong/logs_dtvt_13/logs0/Job3.log"}
[2026-04-19 10:21:41.286 +0700] [INFO] [cadence.virtuoso.ade.simulationMonitor] - SimulationMonitor has terminated the vds process '11745', reason: 'Force to stop the expression evalutor process because of new run' {"history": "ExplorerRun.0", "point": 1, "testname": "my_lib_ota_amp_tb_1", "cornername": "Nominal"}
[2026-04-19 10:21:41.287 +0700] [PROCESS] [cadence.virtuoso.ade.simulationMonitor] - HostInfo:
Host name (type):	dtvt_13 (x86_64)
Operating system:	Linux 3.10.0-1160.118.1.el7.x86_64 #1 SMP Wed Apr 24 16:01:50 UTC 2024 {"hostname": "dtvt_13", "processid": 2538, "history": "ExplorerRun.0", "testname": "my_lib_ota_amp_tb_1", "cornername": "Nominal", "point": 1, "logfile": "/home/dtvt_13/truong/logs_dtvt_13/logs0/Job3.log", "nodename": "dtvt_13", "domainname": "(none)", "machine": "x86_64", "sysname": "Linux", "release": "3.10.0-1160.118.1.el7.x86_64", "version": "#1 SMP Wed Apr 24 16:01:50 UTC 2024"}
[2026-04-19 10:21:41.287 +0700] [PROCESS] [cadence.virtuoso.ade.simulationMonitor] - UsageInfo:
pid=2538
totalPhysicalMemory=15.208324GB,Used=14.285572GB,totalVirtualMemory=22.895821GB,Used=14.331959GB
Cpu: Cores=24, Load average:1.700000,0.670000,0.480000 {"hostname": "dtvt_13", "processid": 2538, "history": "ExplorerRun.0", "testname": "my_lib_ota_amp_tb_1", "cornername": "Nominal", "point": 1, "logfile": "/home/dtvt_13/truong/logs_dtvt_13/logs0/Job3.log", "pid": "2538", "totalPhysicalMemory": "15.208324", "physicalMemoryUsed": "14.285572", "totalVirtualMemory": "22.895821", "virtualMemoryUsed": "14.331959", "cpuCores": "24", "processes": "2575", "loadAverage1": "1.700000", "loadAverage5": "0.670000", "loadAverage15": "0.480000", "loadAverage1Percent": "0.070833"}
[2026-04-19 10:21:41.288 +0700] [EVENT] [cadence.virtuoso.ade.simulationMonitor] - NewPoint {"history": "ExplorerRun.0", "point": 1, "testname": "my_lib_ota_amp_tb_1", "cornername": "Nominal", "event": "NewPoint", "EventSource": "Simulation Monitor", "HistoryName": "ExplorerRun.0", "logFile": "/home/dtvt_13/truong/logs_dtvt_13/logs0/Job3.log", "logFileSize": "77301"}
[2026-04-19 10:21:41.388 +0700] [EVENT] [cadence.virtuoso.ade.simulationMonitor] - NewPoint {"history": "ExplorerRun.0", "point": 1, "testname": "my_lib_ota_amp_tb_1", "cornername": "Nominal", "event": "NewPoint", "EventSource": "spectre", "HistoryName": "ExplorerRun.0", "logFile": "/home/dtvt_13/simulation/my_lib/ota_amp_tb/maestro/results/maestro/ExplorerRun.0/1/my_lib_ota_amp_tb_1/psf/spectre.out", "logFileSize": "-1"}
[2026-04-19 10:21:41.400 +0700] [PROCESS] [cadence.virtuoso.ade.simulationMonitor] - Simulator launched {"hostname": "dtvt_13", "processid": 2538, "history": "ExplorerRun.0", "testname": "my_lib_ota_amp_tb_1", "cornername": "Nominal", "point": 1, "logfile": "/home/dtvt_13/truong/logs_dtvt_13/logs0/Job3.log", "simid": "9"}
[2026-04-19 10:21:41.407 +0700] [PROCESS] [cadence.virtuoso.ade.simulationMonitor] - Expression evaluator launched {"hostname": "dtvt_13", "processid": 2538, "history": "ExplorerRun.0", "testname": "my_lib_ota_amp_tb_1", "cornername": "Nominal", "point": 1, "logfile": "/home/dtvt_13/truong/logs_dtvt_13/logs0/Job3.log"}
[2026-04-19 10:21:41.421 +0700] [PROCESS] [cadence.virtuoso.ade.simulationMonitor] - Started Simulation {"hostname": "dtvt_13", "processid": 2538, "history": "ExplorerRun.0", "testname": "my_lib_ota_amp_tb_1", "cornername": "Nominal", "point": 1, "logfile": "/home/dtvt_13/truong/logs_dtvt_13/logs0/Job3.log"}
[2026-04-19 10:22:02.694 +0700] [INFO] [cadence.virtuoso.ade.simulationMonitor] - Peak resident memory used = 95.6 Mbytes. {"history": "ExplorerRun.0", "point": 1, "testname": "my_lib_ota_amp_tb_1", "cornername": "Nominal"}
[2026-04-19 10:22:02.694 +0700] [INFO] [cadence.virtuoso.ade.simulationMonitor] - Peak resident memory used = 104 Mbytes. {"history": "ExplorerRun.0", "point": 1, "testname": "my_lib_ota_amp_tb_1", "cornername": "Nominal"}
[2026-04-19 10:22:02.695 +0700] [INFO] [cadence.virtuoso.ade.simulationMonitor] - Notice from spectre during hierarchy flattening.
    The value 'psf' specified for the 'checklimitdest' option will no longer be supported in future releases. Use 'spectre -h' to see other recommended values for the 'checklimitdest' option. {"history": "ExplorerRun.0", "point": 1, "testname": "my_lib_ota_amp_tb_1", "cornername": "Nominal"}
[2026-04-19 10:22:02.695 +0700] [INFO] [cadence.virtuoso.ade.simulationMonitor] - Peak resident memory used = 105 Mbytes. {"history": "ExplorerRun.0", "point": 1, "testname": "my_lib_ota_amp_tb_1", "cornername": "Nominal"}
[2026-04-19 10:22:02.695 +0700] [INFO] [cadence.virtuoso.ade.simulationMonitor] - Notice from spectre during initial setup.
    Multithreading is disabled due to the size of the design being too small. {"history": "ExplorerRun.0", "point": 1, "testname": "my_lib_ota_amp_tb_1", "cornername": "Nominal"}
[2026-04-19 10:22:02.696 +0700] [INFO] [cadence.virtuoso.ade.simulationMonitor] -               nodes 43 {"history": "ExplorerRun.0", "point": 1, "testname": "my_lib_ota_amp_tb_1", "cornername": "Nominal"}
[2026-04-19 10:22:02.696 +0700] [INFO] [cadence.virtuoso.ade.simulationMonitor] - Notice from spectre during initial setup.
    APS enabled. {"history": "ExplorerRun.0", "point": 1, "testname": "my_lib_ota_amp_tb_1", "cornername": "Nominal"}
[2026-04-19 10:22:02.696 +0700] [INFO] [cadence.virtuoso.ade.simulationMonitor] - Peak resident memory used = 107 Mbytes. {"history": "ExplorerRun.0", "point": 1, "testname": "my_lib_ota_amp_tb_1", "cornername": "Nominal"}
[2026-04-19 10:22:02.696 +0700] [INFO] [cadence.virtuoso.ade.simulationMonitor] -    -   (APS) Multi-threading. The recommended number of threads is 1, consider adding +mt=1 on command line. {"history": "ExplorerRun.0", "point": 1, "testname": "my_lib_ota_amp_tb_1", "cornername": "Nominal"}
[2026-04-19 10:22:02.697 +0700] [INFO] [cadence.virtuoso.ade.simulationMonitor] - Total time required for ac analysis `ac': CPU = 4.347 ms, elapsed = 5.45001 ms. {"history": "ExplorerRun.0", "point": 1, "testname": "my_lib_ota_amp_tb_1", "cornername": "Nominal"}
[2026-04-19 10:22:02.697 +0700] [INFO] [cadence.virtuoso.ade.simulationMonitor] - Peak resident memory used = 109 Mbytes. {"history": "ExplorerRun.0", "point": 1, "testname": "my_lib_ota_amp_tb_1", "cornername": "Nominal"}
[2026-04-19 10:22:02.697 +0700] [INFO] [cadence.virtuoso.ade.simulationMonitor] - Total time required for dc analysis `dcOp': CPU = 1.008 ms, elapsed = 1.94597 ms. {"history": "ExplorerRun.0", "point": 1, "testname": "my_lib_ota_amp_tb_1", "cornername": "Nominal"}
[2026-04-19 10:22:02.697 +0700] [INFO] [cadence.virtuoso.ade.simulationMonitor] - Peak resident memory used = 109 Mbytes. {"history": "ExplorerRun.0", "point": 1, "testname": "my_lib_ota_amp_tb_1", "cornername": "Nominal"}
[2026-04-19 10:22:02.697 +0700] [INFO] [cadence.virtuoso.ade.simulationMonitor] - Time used: CPU = 549 ms, elapsed = 20.9 s, util. = 2.63%. {"history": "ExplorerRun.0", "point": 1, "testname": "my_lib_ota_amp_tb_1", "cornername": "Nominal"}
[2026-04-19 10:22:02.698 +0700] [INFO] [cadence.virtuoso.ade.simulationMonitor] - Time spent in licensing: elapsed = 20.3 s, percentage of total = 97.1%. {"history": "ExplorerRun.0", "point": 1, "testname": "my_lib_ota_amp_tb_1", "cornername": "Nominal"}
[2026-04-19 10:22:02.698 +0700] [INFO] [cadence.virtuoso.ade.simulationMonitor] - Peak memory used = 111 Mbytes. {"history": "ExplorerRun.0", "point": 1, "testname": "my_lib_ota_amp_tb_1", "cornername": "Nominal"}
[2026-04-19 10:22:02.698 +0700] [PROCESS] [cadence.virtuoso.ade.simulationMonitor] - Simulation started at: 10:21:41 AM, Sun Apr 19, 2026, ended at: 10:22:02 AM, Sun Apr 19, 2026, with elapsed time (wall clock): 20.9 s. {"history": "ExplorerRun.0", "point": 1, "testname": "my_lib_ota_amp_tb_1", "cornername": "Nominal"}
[2026-04-19 10:22:02.698 +0700] [PROCESS] [cadence.virtuoso.ade.simulationMonitor] - spectre completes with 0 errors, 0 warnings, and 4 notices. {"history": "ExplorerRun.0", "point": 1, "testname": "my_lib_ota_amp_tb_1", "cornername": "Nominal"}
[2026-04-19 10:22:03.199 +0700] [PROCESS] [cadence.virtuoso.ade.simulationMonitor] - Finished simulating for one point {"hostname": "dtvt_13", "processid": 2538, "history": "ExplorerRun.0", "testname": "my_lib_ota_amp_tb_1", "cornername": "Nominal", "point": 1, "logfile": "/home/dtvt_13/truong/logs_dtvt_13/logs0/Job3.log", "simid": "9"}
[2026-04-19 10:22:03.200 +0700] [PROCESS] [cadence.virtuoso.ade.simulationMonitor] - Simulator exited {"hostname": "dtvt_13", "processid": 2538, "history": "ExplorerRun.0", "testname": "my_lib_ota_amp_tb_1", "cornername": "Nominal", "point": 1, "logfile": "/home/dtvt_13/truong/logs_dtvt_13/logs0/Job3.log", "exitStatus": "0"}
[2026-04-19 10:22:03.200 +0700] [PROCESS] [cadence.virtuoso.ade.simulationMonitor] - Finished Simulation {"hostname": "dtvt_13", "processid": 2538, "history": "ExplorerRun.0", "testname": "my_lib_ota_amp_tb_1", "cornername": "Nominal", "point": 1, "logfile": "/home/dtvt_13/truong/logs_dtvt_13/logs0/Job3.log", "simid": "9"}
[2026-04-19 10:22:03.715 +0700] [PROCESS] [cadence.virtuoso.ade.simulationMonitor] - Point Finished {"hostname": "dtvt_13", "processid": 2538, "history": "ExplorerRun.0", "testname": "my_lib_ota_amp_tb_1", "cornername": "Nominal", "point": 1, "logfile": "/home/dtvt_13/truong/logs_dtvt_13/logs0/Job3.log"}
[2026-04-19 10:22:48.064 +0700] [INFO] [cadence.virtuoso.ade.simulationMonitor] - SimulationMonitor has terminated the vds process '13250', reason: 'Force to stop the expression evalutor process because of new run' {"history": "ExplorerRun.0", "point": 1, "testname": "my_lib_ota_amp_tb_1", "cornername": "Nominal"}
[2026-04-19 10:22:48.065 +0700] [PROCESS] [cadence.virtuoso.ade.simulationMonitor] - HostInfo:
Host name (type):	dtvt_13 (x86_64)
Operating system:	Linux 3.10.0-1160.118.1.el7.x86_64 #1 SMP Wed Apr 24 16:01:50 UTC 2024 {"hostname": "dtvt_13", "processid": 2538, "history": "ExplorerRun.0", "testname": "my_lib_ota_amp_tb_1", "cornername": "Nominal", "point": 1, "logfile": "/home/dtvt_13/truong/logs_dtvt_13/logs0/Job3.log", "nodename": "dtvt_13", "domainname": "(none)", "machine": "x86_64", "sysname": "Linux", "release": "3.10.0-1160.118.1.el7.x86_64", "version": "#1 SMP Wed Apr 24 16:01:50 UTC 2024"}
[2026-04-19 10:22:48.065 +0700] [PROCESS] [cadence.virtuoso.ade.simulationMonitor] - UsageInfo:
pid=2538
totalPhysicalMemory=15.208324GB,Used=14.288254GB,totalVirtualMemory=22.895821GB,Used=14.334641GB
Cpu: Cores=24, Load average:0.780000,0.610000,0.470000 {"hostname": "dtvt_13", "processid": 2538, "history": "ExplorerRun.0", "testname": "my_lib_ota_amp_tb_1", "cornername": "Nominal", "point": 1, "logfile": "/home/dtvt_13/truong/logs_dtvt_13/logs0/Job3.log", "pid": "2538", "totalPhysicalMemory": "15.208324", "physicalMemoryUsed": "14.288254", "totalVirtualMemory": "22.895821", "virtualMemoryUsed": "14.334641", "cpuCores": "24", "processes": "2573", "loadAverage1": "0.780000", "loadAverage5": "0.610000", "loadAverage15": "0.470000", "loadAverage1Percent": "0.032500"}
[2026-04-19 10:22:48.066 +0700] [EVENT] [cadence.virtuoso.ade.simulationMonitor] - NewPoint {"history": "ExplorerRun.0", "point": 1, "testname": "my_lib_ota_amp_tb_1", "cornername": "Nominal", "event": "NewPoint", "EventSource": "Simulation Monitor", "HistoryName": "ExplorerRun.0", "logFile": "/home/dtvt_13/truong/logs_dtvt_13/logs0/Job3.log", "logFileSize": "86659"}
[2026-04-19 10:22:48.167 +0700] [EVENT] [cadence.virtuoso.ade.simulationMonitor] - NewPoint {"history": "ExplorerRun.0", "point": 1, "testname": "my_lib_ota_amp_tb_1", "cornername": "Nominal", "event": "NewPoint", "EventSource": "spectre", "HistoryName": "ExplorerRun.0", "logFile": "/home/dtvt_13/simulation/my_lib/ota_amp_tb/maestro/results/maestro/ExplorerRun.0/1/my_lib_ota_amp_tb_1/psf/spectre.out", "logFileSize": "-1"}
[2026-04-19 10:22:48.171 +0700] [PROCESS] [cadence.virtuoso.ade.simulationMonitor] - Simulator launched {"hostname": "dtvt_13", "processid": 2538, "history": "ExplorerRun.0", "testname": "my_lib_ota_amp_tb_1", "cornername": "Nominal", "point": 1, "logfile": "/home/dtvt_13/truong/logs_dtvt_13/logs0/Job3.log", "simid": "10"}
[2026-04-19 10:22:48.176 +0700] [PROCESS] [cadence.virtuoso.ade.simulationMonitor] - Expression evaluator launched {"hostname": "dtvt_13", "processid": 2538, "history": "ExplorerRun.0", "testname": "my_lib_ota_amp_tb_1", "cornername": "Nominal", "point": 1, "logfile": "/home/dtvt_13/truong/logs_dtvt_13/logs0/Job3.log"}
[2026-04-19 10:22:48.181 +0700] [PROCESS] [cadence.virtuoso.ade.simulationMonitor] - Started Simulation {"hostname": "dtvt_13", "processid": 2538, "history": "ExplorerRun.0", "testname": "my_lib_ota_amp_tb_1", "cornername": "Nominal", "point": 1, "logfile": "/home/dtvt_13/truong/logs_dtvt_13/logs0/Job3.log"}
[2026-04-19 10:23:09.544 +0700] [PROCESS] [cadence.virtuoso.ade.simulationMonitor] - Finished simulating for one point {"hostname": "dtvt_13", "processid": 2538, "history": "ExplorerRun.0", "testname": "my_lib_ota_amp_tb_1", "cornername": "Nominal", "point": 1, "logfile": "/home/dtvt_13/truong/logs_dtvt_13/logs0/Job3.log", "simid": "10"}
[2026-04-19 10:23:09.544 +0700] [INFO] [cadence.virtuoso.ade.simulationMonitor] - Peak resident memory used = 95.6 Mbytes. {"history": "ExplorerRun.0", "point": 1, "testname": "my_lib_ota_amp_tb_1", "cornername": "Nominal"}
[2026-04-19 10:23:09.544 +0700] [INFO] [cadence.virtuoso.ade.simulationMonitor] - Peak resident memory used = 104 Mbytes. {"history": "ExplorerRun.0", "point": 1, "testname": "my_lib_ota_amp_tb_1", "cornername": "Nominal"}
[2026-04-19 10:23:09.545 +0700] [INFO] [cadence.virtuoso.ade.simulationMonitor] - Notice from spectre during hierarchy flattening.
    The value 'psf' specified for the 'checklimitdest' option will no longer be supported in future releases. Use 'spectre -h' to see other recommended values for the 'checklimitdest' option. {"history": "ExplorerRun.0", "point": 1, "testname": "my_lib_ota_amp_tb_1", "cornername": "Nominal"}
[2026-04-19 10:23:09.545 +0700] [INFO] [cadence.virtuoso.ade.simulationMonitor] - Peak resident memory used = 105 Mbytes. {"history": "ExplorerRun.0", "point": 1, "testname": "my_lib_ota_amp_tb_1", "cornername": "Nominal"}
[2026-04-19 10:23:09.545 +0700] [INFO] [cadence.virtuoso.ade.simulationMonitor] - Notice from spectre during initial setup.
    Multithreading is disabled due to the size of the design being too small. {"history": "ExplorerRun.0", "point": 1, "testname": "my_lib_ota_amp_tb_1", "cornername": "Nominal"}
[2026-04-19 10:23:09.546 +0700] [INFO] [cadence.virtuoso.ade.simulationMonitor] -               nodes 43 {"history": "ExplorerRun.0", "point": 1, "testname": "my_lib_ota_amp_tb_1", "cornername": "Nominal"}
[2026-04-19 10:23:09.546 +0700] [INFO] [cadence.virtuoso.ade.simulationMonitor] - Notice from spectre during initial setup.
    APS enabled. {"history": "ExplorerRun.0", "point": 1, "testname": "my_lib_ota_amp_tb_1", "cornername": "Nominal"}
[2026-04-19 10:23:09.546 +0700] [INFO] [cadence.virtuoso.ade.simulationMonitor] - Peak resident memory used = 107 Mbytes. {"history": "ExplorerRun.0", "point": 1, "testname": "my_lib_ota_amp_tb_1", "cornername": "Nominal"}
[2026-04-19 10:23:09.546 +0700] [INFO] [cadence.virtuoso.ade.simulationMonitor] -    -   (APS) Multi-threading. The recommended number of threads is 1, consider adding +mt=1 on command line. {"history": "ExplorerRun.0", "point": 1, "testname": "my_lib_ota_amp_tb_1", "cornername": "Nominal"}
[2026-04-19 10:23:09.547 +0700] [INFO] [cadence.virtuoso.ade.simulationMonitor] - Total time required for ac analysis `ac': CPU = 5.018 ms, elapsed = 6.03795 ms. {"history": "ExplorerRun.0", "point": 1, "testname": "my_lib_ota_amp_tb_1", "cornername": "Nominal"}
[2026-04-19 10:23:09.547 +0700] [INFO] [cadence.virtuoso.ade.simulationMonitor] - Peak resident memory used = 109 Mbytes. {"history": "ExplorerRun.0", "point": 1, "testname": "my_lib_ota_amp_tb_1", "cornername": "Nominal"}
[2026-04-19 10:23:09.547 +0700] [INFO] [cadence.virtuoso.ade.simulationMonitor] - Total time required for dc analysis `dcOp': CPU = 1.653 ms, elapsed = 2.58017 ms. {"history": "ExplorerRun.0", "point": 1, "testname": "my_lib_ota_amp_tb_1", "cornername": "Nominal"}
[2026-04-19 10:23:09.547 +0700] [INFO] [cadence.virtuoso.ade.simulationMonitor] - Peak resident memory used = 109 Mbytes. {"history": "ExplorerRun.0", "point": 1, "testname": "my_lib_ota_amp_tb_1", "cornername": "Nominal"}
[2026-04-19 10:23:09.547 +0700] [INFO] [cadence.virtuoso.ade.simulationMonitor] - Time used: CPU = 517 ms, elapsed = 20.9 s, util. = 2.47%. {"history": "ExplorerRun.0", "point": 1, "testname": "my_lib_ota_amp_tb_1", "cornername": "Nominal"}
[2026-04-19 10:23:09.547 +0700] [INFO] [cadence.virtuoso.ade.simulationMonitor] - Time spent in licensing: elapsed = 20.4 s, percentage of total = 97.5%. {"history": "ExplorerRun.0", "point": 1, "testname": "my_lib_ota_amp_tb_1", "cornername": "Nominal"}
[2026-04-19 10:23:09.548 +0700] [INFO] [cadence.virtuoso.ade.simulationMonitor] - Peak memory used = 111 Mbytes. {"history": "ExplorerRun.0", "point": 1, "testname": "my_lib_ota_amp_tb_1", "cornername": "Nominal"}
[2026-04-19 10:23:09.548 +0700] [PROCESS] [cadence.virtuoso.ade.simulationMonitor] - Simulation started at: 10:22:48 AM, Sun Apr 19, 2026, ended at: 10:23:09 AM, Sun Apr 19, 2026, with elapsed time (wall clock): 20.9 s. {"history": "ExplorerRun.0", "point": 1, "testname": "my_lib_ota_amp_tb_1", "cornername": "Nominal"}
[2026-04-19 10:23:09.548 +0700] [PROCESS] [cadence.virtuoso.ade.simulationMonitor] - spectre completes with 0 errors, 0 warnings, and 4 notices. {"history": "ExplorerRun.0", "point": 1, "testname": "my_lib_ota_amp_tb_1", "cornername": "Nominal"}
[2026-04-19 10:23:09.548 +0700] [PROCESS] [cadence.virtuoso.ade.simulationMonitor] - Simulator exited {"hostname": "dtvt_13", "processid": 2538, "history": "ExplorerRun.0", "testname": "my_lib_ota_amp_tb_1", "cornername": "Nominal", "point": 1, "logfile": "/home/dtvt_13/truong/logs_dtvt_13/logs0/Job3.log", "exitStatus": "0"}
[2026-04-19 10:23:09.549 +0700] [PROCESS] [cadence.virtuoso.ade.simulationMonitor] - Finished Simulation {"hostname": "dtvt_13", "processid": 2538, "history": "ExplorerRun.0", "testname": "my_lib_ota_amp_tb_1", "cornername": "Nominal", "point": 1, "logfile": "/home/dtvt_13/truong/logs_dtvt_13/logs0/Job3.log", "simid": "10"}
[2026-04-19 10:23:10.564 +0700] [PROCESS] [cadence.virtuoso.ade.simulationMonitor] - Point Finished {"hostname": "dtvt_13", "processid": 2538, "history": "ExplorerRun.0", "testname": "my_lib_ota_amp_tb_1", "cornername": "Nominal", "point": 1, "logfile": "/home/dtvt_13/truong/logs_dtvt_13/logs0/Job3.log"}
[2026-04-19 10:23:51.939 +0700] [INFO] [cadence.virtuoso.ade.simulationMonitor] - SimulationMonitor has terminated the vds process '14323', reason: 'Force to stop the expression evalutor process because of new run' {"history": "ExplorerRun.0", "point": 1, "testname": "my_lib_ota_amp_tb_1", "cornername": "Nominal"}
[2026-04-19 10:23:51.939 +0700] [PROCESS] [cadence.virtuoso.ade.simulationMonitor] - HostInfo:
Host name (type):	dtvt_13 (x86_64)
Operating system:	Linux 3.10.0-1160.118.1.el7.x86_64 #1 SMP Wed Apr 24 16:01:50 UTC 2024 {"hostname": "dtvt_13", "processid": 2538, "history": "ExplorerRun.0", "testname": "my_lib_ota_amp_tb_1", "cornername": "Nominal", "point": 1, "logfile": "/home/dtvt_13/truong/logs_dtvt_13/logs0/Job3.log", "nodename": "dtvt_13", "domainname": "(none)", "machine": "x86_64", "sysname": "Linux", "release": "3.10.0-1160.118.1.el7.x86_64", "version": "#1 SMP Wed Apr 24 16:01:50 UTC 2024"}
[2026-04-19 10:23:51.939 +0700] [PROCESS] [cadence.virtuoso.ade.simulationMonitor] - UsageInfo:
pid=2538
totalPhysicalMemory=15.208324GB,Used=14.295818GB,totalVirtualMemory=22.895821GB,Used=14.342205GB
Cpu: Cores=24, Load average:0.590000,0.590000,0.470000 {"hostname": "dtvt_13", "processid": 2538, "history": "ExplorerRun.0", "testname": "my_lib_ota_amp_tb_1", "cornername": "Nominal", "point": 1, "logfile": "/home/dtvt_13/truong/logs_dtvt_13/logs0/Job3.log", "pid": "2538", "totalPhysicalMemory": "15.208324", "physicalMemoryUsed": "14.295818", "totalVirtualMemory": "22.895821", "virtualMemoryUsed": "14.342205", "cpuCores": "24", "processes": "2578", "loadAverage1": "0.590000", "loadAverage5": "0.590000", "loadAverage15": "0.470000", "loadAverage1Percent": "0.024583"}
[2026-04-19 10:23:51.940 +0700] [EVENT] [cadence.virtuoso.ade.simulationMonitor] - NewPoint {"history": "ExplorerRun.0", "point": 1, "testname": "my_lib_ota_amp_tb_1", "cornername": "Nominal", "event": "NewPoint", "EventSource": "Simulation Monitor", "HistoryName": "ExplorerRun.0", "logFile": "/home/dtvt_13/truong/logs_dtvt_13/logs0/Job3.log", "logFileSize": "96020"}
[2026-04-19 10:23:52.041 +0700] [EVENT] [cadence.virtuoso.ade.simulationMonitor] - NewPoint {"history": "ExplorerRun.0", "point": 1, "testname": "my_lib_ota_amp_tb_1", "cornername": "Nominal", "event": "NewPoint", "EventSource": "spectre", "HistoryName": "ExplorerRun.0", "logFile": "/home/dtvt_13/simulation/my_lib/ota_amp_tb/maestro/results/maestro/ExplorerRun.0/1/my_lib_ota_amp_tb_1/psf/spectre.out", "logFileSize": "-1"}
[2026-04-19 10:23:52.046 +0700] [PROCESS] [cadence.virtuoso.ade.simulationMonitor] - Simulator launched {"hostname": "dtvt_13", "processid": 2538, "history": "ExplorerRun.0", "testname": "my_lib_ota_amp_tb_1", "cornername": "Nominal", "point": 1, "logfile": "/home/dtvt_13/truong/logs_dtvt_13/logs0/Job3.log", "simid": "11"}
[2026-04-19 10:23:52.050 +0700] [PROCESS] [cadence.virtuoso.ade.simulationMonitor] - Expression evaluator launched {"hostname": "dtvt_13", "processid": 2538, "history": "ExplorerRun.0", "testname": "my_lib_ota_amp_tb_1", "cornername": "Nominal", "point": 1, "logfile": "/home/dtvt_13/truong/logs_dtvt_13/logs0/Job3.log"}
[2026-04-19 10:23:52.055 +0700] [PROCESS] [cadence.virtuoso.ade.simulationMonitor] - Started Simulation {"hostname": "dtvt_13", "processid": 2538, "history": "ExplorerRun.0", "testname": "my_lib_ota_amp_tb_1", "cornername": "Nominal", "point": 1, "logfile": "/home/dtvt_13/truong/logs_dtvt_13/logs0/Job3.log"}
[2026-04-19 10:24:13.346 +0700] [INFO] [cadence.virtuoso.ade.simulationMonitor] - Peak resident memory used = 95.6 Mbytes. {"history": "ExplorerRun.0", "point": 1, "testname": "my_lib_ota_amp_tb_1", "cornername": "Nominal"}
[2026-04-19 10:24:13.347 +0700] [INFO] [cadence.virtuoso.ade.simulationMonitor] - Peak resident memory used = 104 Mbytes. {"history": "ExplorerRun.0", "point": 1, "testname": "my_lib_ota_amp_tb_1", "cornername": "Nominal"}
[2026-04-19 10:24:13.347 +0700] [INFO] [cadence.virtuoso.ade.simulationMonitor] - Notice from spectre during hierarchy flattening.
    The value 'psf' specified for the 'checklimitdest' option will no longer be supported in future releases. Use 'spectre -h' to see other recommended values for the 'checklimitdest' option. {"history": "ExplorerRun.0", "point": 1, "testname": "my_lib_ota_amp_tb_1", "cornername": "Nominal"}
[2026-04-19 10:24:13.347 +0700] [INFO] [cadence.virtuoso.ade.simulationMonitor] - Peak resident memory used = 105 Mbytes. {"history": "ExplorerRun.0", "point": 1, "testname": "my_lib_ota_amp_tb_1", "cornername": "Nominal"}
[2026-04-19 10:24:13.348 +0700] [INFO] [cadence.virtuoso.ade.simulationMonitor] - Notice from spectre during initial setup.
    Multithreading is disabled due to the size of the design being too small. {"history": "ExplorerRun.0", "point": 1, "testname": "my_lib_ota_amp_tb_1", "cornername": "Nominal"}
[2026-04-19 10:24:13.348 +0700] [INFO] [cadence.virtuoso.ade.simulationMonitor] -               nodes 43 {"history": "ExplorerRun.0", "point": 1, "testname": "my_lib_ota_amp_tb_1", "cornername": "Nominal"}
[2026-04-19 10:24:13.348 +0700] [INFO] [cadence.virtuoso.ade.simulationMonitor] - Notice from spectre during initial setup.
    APS enabled. {"history": "ExplorerRun.0", "point": 1, "testname": "my_lib_ota_amp_tb_1", "cornername": "Nominal"}
[2026-04-19 10:24:13.349 +0700] [INFO] [cadence.virtuoso.ade.simulationMonitor] - Peak resident memory used = 107 Mbytes. {"history": "ExplorerRun.0", "point": 1, "testname": "my_lib_ota_amp_tb_1", "cornername": "Nominal"}
[2026-04-19 10:24:13.349 +0700] [INFO] [cadence.virtuoso.ade.simulationMonitor] -    -   (APS) Multi-threading. The recommended number of threads is 1, consider adding +mt=1 on command line. {"history": "ExplorerRun.0", "point": 1, "testname": "my_lib_ota_amp_tb_1", "cornername": "Nominal"}
[2026-04-19 10:24:13.349 +0700] [INFO] [cadence.virtuoso.ade.simulationMonitor] - Total time required for ac analysis `ac': CPU = 5.43 ms, elapsed = 6.44398 ms. {"history": "ExplorerRun.0", "point": 1, "testname": "my_lib_ota_amp_tb_1", "cornername": "Nominal"}
[2026-04-19 10:24:13.349 +0700] [INFO] [cadence.virtuoso.ade.simulationMonitor] - Peak resident memory used = 109 Mbytes. {"history": "ExplorerRun.0", "point": 1, "testname": "my_lib_ota_amp_tb_1", "cornername": "Nominal"}
[2026-04-19 10:24:13.349 +0700] [INFO] [cadence.virtuoso.ade.simulationMonitor] - Total time required for dc analysis `dcOp': CPU = 2.763 ms, elapsed = 3.85284 ms. {"history": "ExplorerRun.0", "point": 1, "testname": "my_lib_ota_amp_tb_1", "cornername": "Nominal"}
[2026-04-19 10:24:13.350 +0700] [INFO] [cadence.virtuoso.ade.simulationMonitor] - Peak resident memory used = 109 Mbytes. {"history": "ExplorerRun.0", "point": 1, "testname": "my_lib_ota_amp_tb_1", "cornername": "Nominal"}
[2026-04-19 10:24:13.851 +0700] [PROCESS] [cadence.virtuoso.ade.simulationMonitor] - Finished simulating for one point {"hostname": "dtvt_13", "processid": 2538, "history": "ExplorerRun.0", "testname": "my_lib_ota_amp_tb_1", "cornername": "Nominal", "point": 1, "logfile": "/home/dtvt_13/truong/logs_dtvt_13/logs0/Job3.log", "simid": "11"}
[2026-04-19 10:24:13.851 +0700] [INFO] [cadence.virtuoso.ade.simulationMonitor] - Time used: CPU = 500 ms, elapsed = 21 s, util. = 2.38%. {"history": "ExplorerRun.0", "point": 1, "testname": "my_lib_ota_amp_tb_1", "cornername": "Nominal"}
[2026-04-19 10:24:13.852 +0700] [INFO] [cadence.virtuoso.ade.simulationMonitor] - Time spent in licensing: elapsed = 20.5 s, percentage of total = 97.5%. {"history": "ExplorerRun.0", "point": 1, "testname": "my_lib_ota_amp_tb_1", "cornername": "Nominal"}
[2026-04-19 10:24:13.852 +0700] [INFO] [cadence.virtuoso.ade.simulationMonitor] - Peak memory used = 111 Mbytes. {"history": "ExplorerRun.0", "point": 1, "testname": "my_lib_ota_amp_tb_1", "cornername": "Nominal"}
[2026-04-19 10:24:13.853 +0700] [PROCESS] [cadence.virtuoso.ade.simulationMonitor] - Simulation started at: 10:23:52 AM, Sun Apr 19, 2026, ended at: 10:24:13 AM, Sun Apr 19, 2026, with elapsed time (wall clock): 21 s. {"history": "ExplorerRun.0", "point": 1, "testname": "my_lib_ota_amp_tb_1", "cornername": "Nominal"}
[2026-04-19 10:24:13.853 +0700] [PROCESS] [cadence.virtuoso.ade.simulationMonitor] - spectre completes with 0 errors, 0 warnings, and 4 notices. {"history": "ExplorerRun.0", "point": 1, "testname": "my_lib_ota_amp_tb_1", "cornername": "Nominal"}
[2026-04-19 10:24:13.853 +0700] [PROCESS] [cadence.virtuoso.ade.simulationMonitor] - Simulator exited {"hostname": "dtvt_13", "processid": 2538, "history": "ExplorerRun.0", "testname": "my_lib_ota_amp_tb_1", "cornername": "Nominal", "point": 1, "logfile": "/home/dtvt_13/truong/logs_dtvt_13/logs0/Job3.log", "exitStatus": "0"}
[2026-04-19 10:24:13.854 +0700] [PROCESS] [cadence.virtuoso.ade.simulationMonitor] - Finished Simulation {"hostname": "dtvt_13", "processid": 2538, "history": "ExplorerRun.0", "testname": "my_lib_ota_amp_tb_1", "cornername": "Nominal", "point": 1, "logfile": "/home/dtvt_13/truong/logs_dtvt_13/logs0/Job3.log", "simid": "11"}
[2026-04-19 10:24:14.368 +0700] [PROCESS] [cadence.virtuoso.ade.simulationMonitor] - Point Finished {"hostname": "dtvt_13", "processid": 2538, "history": "ExplorerRun.0", "testname": "my_lib_ota_amp_tb_1", "cornername": "Nominal", "point": 1, "logfile": "/home/dtvt_13/truong/logs_dtvt_13/logs0/Job3.log"}
[2026-04-19 10:24:51.145 +0700] [INFO] [cadence.virtuoso.ade.simulationMonitor] - SimulationMonitor has terminated the vds process '15110', reason: 'Force to stop the expression evalutor process because of new run' {"history": "ExplorerRun.0", "point": 1, "testname": "my_lib_ota_amp_tb_1", "cornername": "Nominal"}
[2026-04-19 10:24:51.145 +0700] [PROCESS] [cadence.virtuoso.ade.simulationMonitor] - HostInfo:
Host name (type):	dtvt_13 (x86_64)
Operating system:	Linux 3.10.0-1160.118.1.el7.x86_64 #1 SMP Wed Apr 24 16:01:50 UTC 2024 {"hostname": "dtvt_13", "processid": 2538, "history": "ExplorerRun.0", "testname": "my_lib_ota_amp_tb_1", "cornername": "Nominal", "point": 1, "logfile": "/home/dtvt_13/truong/logs_dtvt_13/logs0/Job3.log", "nodename": "dtvt_13", "domainname": "(none)", "machine": "x86_64", "sysname": "Linux", "release": "3.10.0-1160.118.1.el7.x86_64", "version": "#1 SMP Wed Apr 24 16:01:50 UTC 2024"}
[2026-04-19 10:24:51.146 +0700] [PROCESS] [cadence.virtuoso.ade.simulationMonitor] - UsageInfo:
pid=2538
totalPhysicalMemory=15.208324GB,Used=14.298317GB,totalVirtualMemory=22.895821GB,Used=14.344704GB
Cpu: Cores=24, Load average:0.610000,0.590000,0.480000 {"hostname": "dtvt_13", "processid": 2538, "history": "ExplorerRun.0", "testname": "my_lib_ota_amp_tb_1", "cornername": "Nominal", "point": 1, "logfile": "/home/dtvt_13/truong/logs_dtvt_13/logs0/Job3.log", "pid": "2538", "totalPhysicalMemory": "15.208324", "physicalMemoryUsed": "14.298317", "totalVirtualMemory": "22.895821", "virtualMemoryUsed": "14.344704", "cpuCores": "24", "processes": "2578", "loadAverage1": "0.610000", "loadAverage5": "0.590000", "loadAverage15": "0.480000", "loadAverage1Percent": "0.025417"}
[2026-04-19 10:24:51.146 +0700] [EVENT] [cadence.virtuoso.ade.simulationMonitor] - NewPoint {"history": "ExplorerRun.0", "point": 1, "testname": "my_lib_ota_amp_tb_1", "cornername": "Nominal", "event": "NewPoint", "EventSource": "Simulation Monitor", "HistoryName": "ExplorerRun.0", "logFile": "/home/dtvt_13/truong/logs_dtvt_13/logs0/Job3.log", "logFileSize": "105376"}
[2026-04-19 10:24:51.249 +0700] [EVENT] [cadence.virtuoso.ade.simulationMonitor] - NewPoint {"history": "ExplorerRun.0", "point": 1, "testname": "my_lib_ota_amp_tb_1", "cornername": "Nominal", "event": "NewPoint", "EventSource": "spectre", "HistoryName": "ExplorerRun.0", "logFile": "/home/dtvt_13/simulation/my_lib/ota_amp_tb/maestro/results/maestro/ExplorerRun.0/1/my_lib_ota_amp_tb_1/psf/spectre.out", "logFileSize": "-1"}
[2026-04-19 10:24:51.252 +0700] [PROCESS] [cadence.virtuoso.ade.simulationMonitor] - Simulator launched {"hostname": "dtvt_13", "processid": 2538, "history": "ExplorerRun.0", "testname": "my_lib_ota_amp_tb_1", "cornername": "Nominal", "point": 1, "logfile": "/home/dtvt_13/truong/logs_dtvt_13/logs0/Job3.log", "simid": "12"}
[2026-04-19 10:24:51.253 +0700] [PROCESS] [cadence.virtuoso.ade.simulationMonitor] - Expression evaluator launched {"hostname": "dtvt_13", "processid": 2538, "history": "ExplorerRun.0", "testname": "my_lib_ota_amp_tb_1", "cornername": "Nominal", "point": 1, "logfile": "/home/dtvt_13/truong/logs_dtvt_13/logs0/Job3.log"}
[2026-04-19 10:24:51.257 +0700] [PROCESS] [cadence.virtuoso.ade.simulationMonitor] - Started Simulation {"hostname": "dtvt_13", "processid": 2538, "history": "ExplorerRun.0", "testname": "my_lib_ota_amp_tb_1", "cornername": "Nominal", "point": 1, "logfile": "/home/dtvt_13/truong/logs_dtvt_13/logs0/Job3.log"}
[2026-04-19 10:25:12.686 +0700] [PROCESS] [cadence.virtuoso.ade.simulationMonitor] - Finished simulating for one point {"hostname": "dtvt_13", "processid": 2538, "history": "ExplorerRun.0", "testname": "my_lib_ota_amp_tb_1", "cornername": "Nominal", "point": 1, "logfile": "/home/dtvt_13/truong/logs_dtvt_13/logs0/Job3.log", "simid": "12"}
[2026-04-19 10:25:12.687 +0700] [INFO] [cadence.virtuoso.ade.simulationMonitor] - Peak resident memory used = 95.6 Mbytes. {"history": "ExplorerRun.0", "point": 1, "testname": "my_lib_ota_amp_tb_1", "cornername": "Nominal"}
[2026-04-19 10:25:12.687 +0700] [INFO] [cadence.virtuoso.ade.simulationMonitor] - Peak resident memory used = 104 Mbytes. {"history": "ExplorerRun.0", "point": 1, "testname": "my_lib_ota_amp_tb_1", "cornername": "Nominal"}
[2026-04-19 10:25:12.688 +0700] [INFO] [cadence.virtuoso.ade.simulationMonitor] - Notice from spectre during hierarchy flattening.
    The value 'psf' specified for the 'checklimitdest' option will no longer be supported in future releases. Use 'spectre -h' to see other recommended values for the 'checklimitdest' option. {"history": "ExplorerRun.0", "point": 1, "testname": "my_lib_ota_amp_tb_1", "cornername": "Nominal"}
[2026-04-19 10:25:12.688 +0700] [INFO] [cadence.virtuoso.ade.simulationMonitor] - Peak resident memory used = 105 Mbytes. {"history": "ExplorerRun.0", "point": 1, "testname": "my_lib_ota_amp_tb_1", "cornername": "Nominal"}
[2026-04-19 10:25:12.688 +0700] [INFO] [cadence.virtuoso.ade.simulationMonitor] - Notice from spectre during initial setup.
    Multithreading is disabled due to the size of the design being too small. {"history": "ExplorerRun.0", "point": 1, "testname": "my_lib_ota_amp_tb_1", "cornername": "Nominal"}
[2026-04-19 10:25:12.689 +0700] [INFO] [cadence.virtuoso.ade.simulationMonitor] -               nodes 43 {"history": "ExplorerRun.0", "point": 1, "testname": "my_lib_ota_amp_tb_1", "cornername": "Nominal"}
[2026-04-19 10:25:12.689 +0700] [INFO] [cadence.virtuoso.ade.simulationMonitor] - Notice from spectre during initial setup.
    APS enabled. {"history": "ExplorerRun.0", "point": 1, "testname": "my_lib_ota_amp_tb_1", "cornername": "Nominal"}
[2026-04-19 10:25:12.689 +0700] [INFO] [cadence.virtuoso.ade.simulationMonitor] - Peak resident memory used = 107 Mbytes. {"history": "ExplorerRun.0", "point": 1, "testname": "my_lib_ota_amp_tb_1", "cornername": "Nominal"}
[2026-04-19 10:25:12.689 +0700] [INFO] [cadence.virtuoso.ade.simulationMonitor] -    -   (APS) Multi-threading. The recommended number of threads is 1, consider adding +mt=1 on command line. {"history": "ExplorerRun.0", "point": 1, "testname": "my_lib_ota_amp_tb_1", "cornername": "Nominal"}
[2026-04-19 10:25:12.689 +0700] [INFO] [cadence.virtuoso.ade.simulationMonitor] - Total time required for ac analysis `ac': CPU = 3.973 ms, elapsed = 5.00107 ms. {"history": "ExplorerRun.0", "point": 1, "testname": "my_lib_ota_amp_tb_1", "cornername": "Nominal"}
[2026-04-19 10:25:12.689 +0700] [INFO] [cadence.virtuoso.ade.simulationMonitor] - Peak resident memory used = 109 Mbytes. {"history": "ExplorerRun.0", "point": 1, "testname": "my_lib_ota_amp_tb_1", "cornername": "Nominal"}
[2026-04-19 10:25:12.690 +0700] [INFO] [cadence.virtuoso.ade.simulationMonitor] - Total time required for dc analysis `dcOp': CPU = 1.155 ms, elapsed = 2.22802 ms. {"history": "ExplorerRun.0", "point": 1, "testname": "my_lib_ota_amp_tb_1", "cornername": "Nominal"}
[2026-04-19 10:25:12.690 +0700] [INFO] [cadence.virtuoso.ade.simulationMonitor] - Peak resident memory used = 109 Mbytes. {"history": "ExplorerRun.0", "point": 1, "testname": "my_lib_ota_amp_tb_1", "cornername": "Nominal"}
[2026-04-19 10:25:12.690 +0700] [INFO] [cadence.virtuoso.ade.simulationMonitor] - Time used: CPU = 491 ms, elapsed = 20.9 s, util. = 2.35%. {"history": "ExplorerRun.0", "point": 1, "testname": "my_lib_ota_amp_tb_1", "cornername": "Nominal"}
[2026-04-19 10:25:12.690 +0700] [INFO] [cadence.virtuoso.ade.simulationMonitor] - Time spent in licensing: elapsed = 20.4 s, percentage of total = 97.6%. {"history": "ExplorerRun.0", "point": 1, "testname": "my_lib_ota_amp_tb_1", "cornername": "Nominal"}
[2026-04-19 10:25:12.690 +0700] [INFO] [cadence.virtuoso.ade.simulationMonitor] - Peak memory used = 111 Mbytes. {"history": "ExplorerRun.0", "point": 1, "testname": "my_lib_ota_amp_tb_1", "cornername": "Nominal"}
[2026-04-19 10:25:12.690 +0700] [PROCESS] [cadence.virtuoso.ade.simulationMonitor] - Simulation started at: 10:24:51 AM, Sun Apr 19, 2026, ended at: 10:25:12 AM, Sun Apr 19, 2026, with elapsed time (wall clock): 20.9 s. {"history": "ExplorerRun.0", "point": 1, "testname": "my_lib_ota_amp_tb_1", "cornername": "Nominal"}
[2026-04-19 10:25:12.691 +0700] [PROCESS] [cadence.virtuoso.ade.simulationMonitor] - spectre completes with 0 errors, 0 warnings, and 4 notices. {"history": "ExplorerRun.0", "point": 1, "testname": "my_lib_ota_amp_tb_1", "cornername": "Nominal"}
[2026-04-19 10:25:12.691 +0700] [PROCESS] [cadence.virtuoso.ade.simulationMonitor] - Simulator exited {"hostname": "dtvt_13", "processid": 2538, "history": "ExplorerRun.0", "testname": "my_lib_ota_amp_tb_1", "cornername": "Nominal", "point": 1, "logfile": "/home/dtvt_13/truong/logs_dtvt_13/logs0/Job3.log", "exitStatus": "0"}
[2026-04-19 10:25:12.691 +0700] [PROCESS] [cadence.virtuoso.ade.simulationMonitor] - Finished Simulation {"hostname": "dtvt_13", "processid": 2538, "history": "ExplorerRun.0", "testname": "my_lib_ota_amp_tb_1", "cornername": "Nominal", "point": 1, "logfile": "/home/dtvt_13/truong/logs_dtvt_13/logs0/Job3.log", "simid": "12"}
[2026-04-19 10:25:13.203 +0700] [PROCESS] [cadence.virtuoso.ade.simulationMonitor] - Point Finished {"hostname": "dtvt_13", "processid": 2538, "history": "ExplorerRun.0", "testname": "my_lib_ota_amp_tb_1", "cornername": "Nominal", "point": 1, "logfile": "/home/dtvt_13/truong/logs_dtvt_13/logs0/Job3.log"}
[2026-04-19 10:26:31.290 +0700] [INFO] [cadence.virtuoso.ade.simulationMonitor] - SimulationMonitor has terminated the vds process '15795', reason: 'Force to stop the expression evalutor process because of new run' {"history": "ExplorerRun.0", "point": 1, "testname": "my_lib_ota_amp_tb_1", "cornername": "Nominal"}
[2026-04-19 10:26:31.291 +0700] [PROCESS] [cadence.virtuoso.ade.simulationMonitor] - HostInfo:
Host name (type):	dtvt_13 (x86_64)
Operating system:	Linux 3.10.0-1160.118.1.el7.x86_64 #1 SMP Wed Apr 24 16:01:50 UTC 2024 {"hostname": "dtvt_13", "processid": 2538, "history": "ExplorerRun.0", "testname": "my_lib_ota_amp_tb_1", "cornername": "Nominal", "point": 1, "logfile": "/home/dtvt_13/truong/logs_dtvt_13/logs0/Job3.log", "nodename": "dtvt_13", "domainname": "(none)", "machine": "x86_64", "sysname": "Linux", "release": "3.10.0-1160.118.1.el7.x86_64", "version": "#1 SMP Wed Apr 24 16:01:50 UTC 2024"}
[2026-04-19 10:26:31.291 +0700] [PROCESS] [cadence.virtuoso.ade.simulationMonitor] - UsageInfo:
pid=2538
totalPhysicalMemory=15.208324GB,Used=14.301857GB,totalVirtualMemory=22.895821GB,Used=14.348244GB
Cpu: Cores=24, Load average:0.570000,0.550000,0.480000 {"hostname": "dtvt_13", "processid": 2538, "history": "ExplorerRun.0", "testname": "my_lib_ota_amp_tb_1", "cornername": "Nominal", "point": 1, "logfile": "/home/dtvt_13/truong/logs_dtvt_13/logs0/Job3.log", "pid": "2538", "totalPhysicalMemory": "15.208324", "physicalMemoryUsed": "14.301857", "totalVirtualMemory": "22.895821", "virtualMemoryUsed": "14.348244", "cpuCores": "24", "processes": "2577", "loadAverage1": "0.570000", "loadAverage5": "0.550000", "loadAverage15": "0.480000", "loadAverage1Percent": "0.023750"}
[2026-04-19 10:26:31.291 +0700] [EVENT] [cadence.virtuoso.ade.simulationMonitor] - NewPoint {"history": "ExplorerRun.0", "point": 1, "testname": "my_lib_ota_amp_tb_1", "cornername": "Nominal", "event": "NewPoint", "EventSource": "Simulation Monitor", "HistoryName": "ExplorerRun.0", "logFile": "/home/dtvt_13/truong/logs_dtvt_13/logs0/Job3.log", "logFileSize": "114738"}
[2026-04-19 10:26:31.392 +0700] [EVENT] [cadence.virtuoso.ade.simulationMonitor] - NewPoint {"history": "ExplorerRun.0", "point": 1, "testname": "my_lib_ota_amp_tb_1", "cornername": "Nominal", "event": "NewPoint", "EventSource": "spectre", "HistoryName": "ExplorerRun.0", "logFile": "/home/dtvt_13/simulation/my_lib/ota_amp_tb/maestro/results/maestro/ExplorerRun.0/1/my_lib_ota_amp_tb_1/psf/spectre.out", "logFileSize": "-1"}
[2026-04-19 10:26:31.404 +0700] [PROCESS] [cadence.virtuoso.ade.simulationMonitor] - Simulator launched {"hostname": "dtvt_13", "processid": 2538, "history": "ExplorerRun.0", "testname": "my_lib_ota_amp_tb_1", "cornername": "Nominal", "point": 1, "logfile": "/home/dtvt_13/truong/logs_dtvt_13/logs0/Job3.log", "simid": "13"}
[2026-04-19 10:26:31.410 +0700] [PROCESS] [cadence.virtuoso.ade.simulationMonitor] - Expression evaluator launched {"hostname": "dtvt_13", "processid": 2538, "history": "ExplorerRun.0", "testname": "my_lib_ota_amp_tb_1", "cornername": "Nominal", "point": 1, "logfile": "/home/dtvt_13/truong/logs_dtvt_13/logs0/Job3.log"}
[2026-04-19 10:26:31.423 +0700] [PROCESS] [cadence.virtuoso.ade.simulationMonitor] - Started Simulation {"hostname": "dtvt_13", "processid": 2538, "history": "ExplorerRun.0", "testname": "my_lib_ota_amp_tb_1", "cornername": "Nominal", "point": 1, "logfile": "/home/dtvt_13/truong/logs_dtvt_13/logs0/Job3.log"}
[2026-04-19 10:26:52.802 +0700] [INFO] [cadence.virtuoso.ade.simulationMonitor] - Peak resident memory used = 95.6 Mbytes. {"history": "ExplorerRun.0", "point": 1, "testname": "my_lib_ota_amp_tb_1", "cornername": "Nominal"}
[2026-04-19 10:26:52.802 +0700] [INFO] [cadence.virtuoso.ade.simulationMonitor] - Peak resident memory used = 104 Mbytes. {"history": "ExplorerRun.0", "point": 1, "testname": "my_lib_ota_amp_tb_1", "cornername": "Nominal"}
[2026-04-19 10:26:52.802 +0700] [INFO] [cadence.virtuoso.ade.simulationMonitor] - Notice from spectre during hierarchy flattening.
    The value 'psf' specified for the 'checklimitdest' option will no longer be supported in future releases. Use 'spectre -h' to see other recommended values for the 'checklimitdest' option. {"history": "ExplorerRun.0", "point": 1, "testname": "my_lib_ota_amp_tb_1", "cornername": "Nominal"}
[2026-04-19 10:26:52.803 +0700] [INFO] [cadence.virtuoso.ade.simulationMonitor] - Peak resident memory used = 105 Mbytes. {"history": "ExplorerRun.0", "point": 1, "testname": "my_lib_ota_amp_tb_1", "cornername": "Nominal"}
[2026-04-19 10:26:52.803 +0700] [INFO] [cadence.virtuoso.ade.simulationMonitor] - Notice from spectre during initial setup.
    Multithreading is disabled due to the size of the design being too small. {"history": "ExplorerRun.0", "point": 1, "testname": "my_lib_ota_amp_tb_1", "cornername": "Nominal"}
[2026-04-19 10:26:52.803 +0700] [INFO] [cadence.virtuoso.ade.simulationMonitor] -               nodes 43 {"history": "ExplorerRun.0", "point": 1, "testname": "my_lib_ota_amp_tb_1", "cornername": "Nominal"}
[2026-04-19 10:26:52.804 +0700] [INFO] [cadence.virtuoso.ade.simulationMonitor] - Notice from spectre during initial setup.
    APS enabled. {"history": "ExplorerRun.0", "point": 1, "testname": "my_lib_ota_amp_tb_1", "cornername": "Nominal"}
[2026-04-19 10:26:52.804 +0700] [INFO] [cadence.virtuoso.ade.simulationMonitor] - Peak resident memory used = 107 Mbytes. {"history": "ExplorerRun.0", "point": 1, "testname": "my_lib_ota_amp_tb_1", "cornername": "Nominal"}
[2026-04-19 10:26:52.804 +0700] [INFO] [cadence.virtuoso.ade.simulationMonitor] -    -   (APS) Multi-threading. The recommended number of threads is 1, consider adding +mt=1 on command line. {"history": "ExplorerRun.0", "point": 1, "testname": "my_lib_ota_amp_tb_1", "cornername": "Nominal"}
[2026-04-19 10:26:52.804 +0700] [INFO] [cadence.virtuoso.ade.simulationMonitor] - Total time required for ac analysis `ac': CPU = 3.927 ms, elapsed = 4.93908 ms. {"history": "ExplorerRun.0", "point": 1, "testname": "my_lib_ota_amp_tb_1", "cornername": "Nominal"}
[2026-04-19 10:26:52.804 +0700] [INFO] [cadence.virtuoso.ade.simulationMonitor] - Peak resident memory used = 109 Mbytes. {"history": "ExplorerRun.0", "point": 1, "testname": "my_lib_ota_amp_tb_1", "cornername": "Nominal"}
[2026-04-19 10:26:52.805 +0700] [INFO] [cadence.virtuoso.ade.simulationMonitor] - Total time required for dc analysis `dcOp': CPU = 1.794 ms, elapsed = 2.85697 ms. {"history": "ExplorerRun.0", "point": 1, "testname": "my_lib_ota_amp_tb_1", "cornername": "Nominal"}
[2026-04-19 10:26:52.805 +0700] [INFO] [cadence.virtuoso.ade.simulationMonitor] - Peak resident memory used = 109 Mbytes. {"history": "ExplorerRun.0", "point": 1, "testname": "my_lib_ota_amp_tb_1", "cornername": "Nominal"}
[2026-04-19 10:26:52.805 +0700] [INFO] [cadence.virtuoso.ade.simulationMonitor] - Time used: CPU = 538 ms, elapsed = 20.8 s, util. = 2.58%. {"history": "ExplorerRun.0", "point": 1, "testname": "my_lib_ota_amp_tb_1", "cornername": "Nominal"}
[2026-04-19 10:26:52.805 +0700] [INFO] [cadence.virtuoso.ade.simulationMonitor] - Time spent in licensing: elapsed = 20.3 s, percentage of total = 97.3%. {"history": "ExplorerRun.0", "point": 1, "testname": "my_lib_ota_amp_tb_1", "cornername": "Nominal"}
[2026-04-19 10:26:52.805 +0700] [INFO] [cadence.virtuoso.ade.simulationMonitor] - Peak memory used = 111 Mbytes. {"history": "ExplorerRun.0", "point": 1, "testname": "my_lib_ota_amp_tb_1", "cornername": "Nominal"}
[2026-04-19 10:26:52.805 +0700] [PROCESS] [cadence.virtuoso.ade.simulationMonitor] - Simulation started at: 10:26:31 AM, Sun Apr 19, 2026, ended at: 10:26:52 AM, Sun Apr 19, 2026, with elapsed time (wall clock): 20.8 s. {"history": "ExplorerRun.0", "point": 1, "testname": "my_lib_ota_amp_tb_1", "cornername": "Nominal"}
[2026-04-19 10:26:52.805 +0700] [PROCESS] [cadence.virtuoso.ade.simulationMonitor] - spectre completes with 0 errors, 0 warnings, and 4 notices. {"history": "ExplorerRun.0", "point": 1, "testname": "my_lib_ota_amp_tb_1", "cornername": "Nominal"}
[2026-04-19 10:26:53.306 +0700] [PROCESS] [cadence.virtuoso.ade.simulationMonitor] - Finished simulating for one point {"hostname": "dtvt_13", "processid": 2538, "history": "ExplorerRun.0", "testname": "my_lib_ota_amp_tb_1", "cornername": "Nominal", "point": 1, "logfile": "/home/dtvt_13/truong/logs_dtvt_13/logs0/Job3.log", "simid": "13"}
[2026-04-19 10:26:53.307 +0700] [PROCESS] [cadence.virtuoso.ade.simulationMonitor] - Simulator exited {"hostname": "dtvt_13", "processid": 2538, "history": "ExplorerRun.0", "testname": "my_lib_ota_amp_tb_1", "cornername": "Nominal", "point": 1, "logfile": "/home/dtvt_13/truong/logs_dtvt_13/logs0/Job3.log", "exitStatus": "0"}
[2026-04-19 10:26:53.308 +0700] [PROCESS] [cadence.virtuoso.ade.simulationMonitor] - Finished Simulation {"hostname": "dtvt_13", "processid": 2538, "history": "ExplorerRun.0", "testname": "my_lib_ota_amp_tb_1", "cornername": "Nominal", "point": 1, "logfile": "/home/dtvt_13/truong/logs_dtvt_13/logs0/Job3.log", "simid": "13"}
[2026-04-19 10:26:54.356 +0700] [PROCESS] [cadence.virtuoso.ade.simulationMonitor] - Point Finished {"hostname": "dtvt_13", "processid": 2538, "history": "ExplorerRun.0", "testname": "my_lib_ota_amp_tb_1", "cornername": "Nominal", "point": 1, "logfile": "/home/dtvt_13/truong/logs_dtvt_13/logs0/Job3.log"}
[2026-04-19 10:31:54.920 +0700] [PROCESS] [cadence.virtuoso.ade.simulationMonitor] - Current memory used: 32.2578 MBytes, peak memory used: 32.2578 MBytes {"hostname": "dtvt_13", "processid": 2538, "history": "ExplorerRun.0", "testname": "my_lib_ota_amp_tb_1", "cornername": "Nominal", "point": 1, "logfile": "/home/dtvt_13/truong/logs_dtvt_13/logs0/Job3.log"}
[2026-04-19 10:31:54.920 +0700] [PROCESS] [cadence.virtuoso.ade.simulationMonitor] - Simulation Monitor process exit. {"hostname": "dtvt_13", "processid": 2538, "history": "ExplorerRun.0", "testname": "my_lib_ota_amp_tb_1", "cornername": "Nominal", "point": 1, "logfile": "/home/dtvt_13/truong/logs_dtvt_13/logs0/Job3.log"}
