[Simulation Monitor: 44]
[2026-04-09 16:46:40.683 +0700] [PROCESS] [cadence.virtuoso.ade.simulationMonitor] - Simulation Monitor has successfully started up. Trying to set up communication channels to other components ... {"hostname": "dtvt_13", "processid": 30805, "logfile": "/home/dtvt_13/truong/logs_dtvt_13/logs0/Job44.log"}
[2026-04-09 16:46:40.684 +0700] [PROCESS] [cadence.virtuoso.ade.simulationMonitor] - Communication channels have been successfully set up. Start processing events ... {"hostname": "dtvt_13", "processid": 30805, "logfile": "/home/dtvt_13/truong/logs_dtvt_13/logs0/Job44.log"}
[2026-04-09 16:46:40.684 +0700] [PROCESS] [cadence.virtuoso.ade.simulationMonitor] - Considering to start history {"hostname": "dtvt_13", "processid": 30805, "history": "ExplorerRun.0", "logfile": "/home/dtvt_13/truong/logs_dtvt_13/logs0/Job44.log"}
[2026-04-09 16:46:40.685 +0700] [PROCESS] [cadence.virtuoso.ade.simulationMonitor] - HostInfo:
Host name (type):	dtvt_13 (x86_64)
Operating system:	Linux 3.10.0-1160.118.1.el7.x86_64 #1 SMP Wed Apr 24 16:01:50 UTC 2024 {"hostname": "dtvt_13", "processid": 30805, "history": "ExplorerRun.0", "logfile": "/home/dtvt_13/truong/logs_dtvt_13/logs0/Job44.log", "nodename": "dtvt_13", "domainname": "(none)", "machine": "x86_64", "sysname": "Linux", "release": "3.10.0-1160.118.1.el7.x86_64", "version": "#1 SMP Wed Apr 24 16:01:50 UTC 2024"}
[2026-04-09 16:46:40.685 +0700] [PROCESS] [cadence.virtuoso.ade.simulationMonitor] - UsageInfo:
pid=30805
totalPhysicalMemory=15.208324GB,Used=13.524658GB,totalVirtualMemory=22.895821GB,Used=13.564697GB
Cpu: Cores=24, Load average:0.130000,0.160000,0.190000 {"hostname": "dtvt_13", "processid": 30805, "history": "ExplorerRun.0", "logfile": "/home/dtvt_13/truong/logs_dtvt_13/logs0/Job44.log", "pid": "30805", "totalPhysicalMemory": "15.208324", "physicalMemoryUsed": "13.524658", "totalVirtualMemory": "22.895821", "virtualMemoryUsed": "13.564697", "cpuCores": "24", "processes": "2530", "loadAverage1": "0.130000", "loadAverage5": "0.160000", "loadAverage15": "0.190000", "loadAverage1Percent": "0.005417"}
[2026-04-09 16:46:40.685 +0700] [EVENT] [cadence.virtuoso.ade.simulationMonitor] - NewPoint {"history": "ExplorerRun.0", "point": 1, "testname": "my_lib_cs_amp_1", "cornername": "Nominal", "event": "NewPoint", "EventSource": "Simulation Monitor", "HistoryName": "ExplorerRun.0", "logFile": "/home/dtvt_13/truong/logs_dtvt_13/logs0/Job44.log", "logFileSize": "2100"}
[2026-04-09 16:46:40.786 +0700] [EVENT] [cadence.virtuoso.ade.simulationMonitor] - NewPoint {"history": "ExplorerRun.0", "point": 1, "testname": "my_lib_cs_amp_1", "cornername": "Nominal", "event": "NewPoint", "EventSource": "spectre", "HistoryName": "ExplorerRun.0", "logFile": "/home/dtvt_13/simulation/my_lib/cs_amp/maestro/results/maestro/ExplorerRun.0/1/my_lib_cs_amp_1/psf/spectre.out", "logFileSize": "-1"}
[2026-04-09 16:46:40.797 +0700] [PROCESS] [cadence.virtuoso.ade.simulationMonitor] - Simulator launched {"hostname": "dtvt_13", "processid": 30805, "history": "ExplorerRun.0", "testname": "my_lib_cs_amp_1", "cornername": "Nominal", "point": 1, "logfile": "/home/dtvt_13/truong/logs_dtvt_13/logs0/Job44.log", "simid": "1"}
[2026-04-09 16:46:40.800 +0700] [PROCESS] [cadence.virtuoso.ade.simulationMonitor] - Expression evaluator launched {"hostname": "dtvt_13", "processid": 30805, "history": "ExplorerRun.0", "testname": "my_lib_cs_amp_1", "cornername": "Nominal", "point": 1, "logfile": "/home/dtvt_13/truong/logs_dtvt_13/logs0/Job44.log"}
[2026-04-09 16:46:40.813 +0700] [PROCESS] [cadence.virtuoso.ade.simulationMonitor] - Started Simulation {"hostname": "dtvt_13", "processid": 30805, "history": "ExplorerRun.0", "testname": "my_lib_cs_amp_1", "cornername": "Nominal", "point": 1, "logfile": "/home/dtvt_13/truong/logs_dtvt_13/logs0/Job44.log"}
[2026-04-09 16:47:02.602 +0700] [PROCESS] [cadence.virtuoso.ade.simulationMonitor] - Finished simulating for one point {"hostname": "dtvt_13", "processid": 30805, "history": "ExplorerRun.0", "testname": "my_lib_cs_amp_1", "cornername": "Nominal", "point": 1, "logfile": "/home/dtvt_13/truong/logs_dtvt_13/logs0/Job44.log", "simid": "1"}
[2026-04-09 16:47:02.603 +0700] [INFO] [cadence.virtuoso.ade.simulationMonitor] - Peak resident memory used = 95.5 Mbytes. {"history": "ExplorerRun.0", "point": 1, "testname": "my_lib_cs_amp_1", "cornername": "Nominal"}
[2026-04-09 16:47:02.603 +0700] [INFO] [cadence.virtuoso.ade.simulationMonitor] - Peak resident memory used = 104 Mbytes. {"history": "ExplorerRun.0", "point": 1, "testname": "my_lib_cs_amp_1", "cornername": "Nominal"}
[2026-04-09 16:47:02.603 +0700] [INFO] [cadence.virtuoso.ade.simulationMonitor] - Notice from spectre during hierarchy flattening.
    The value 'psf' specified for the 'checklimitdest' option will no longer be supported in future releases. Use 'spectre -h' to see other recommended values for the 'checklimitdest' option. {"history": "ExplorerRun.0", "point": 1, "testname": "my_lib_cs_amp_1", "cornername": "Nominal"}
[2026-04-09 16:47:02.603 +0700] [INFO] [cadence.virtuoso.ade.simulationMonitor] - Peak resident memory used = 105 Mbytes. {"history": "ExplorerRun.0", "point": 1, "testname": "my_lib_cs_amp_1", "cornername": "Nominal"}
[2026-04-09 16:47:02.603 +0700] [INFO] [cadence.virtuoso.ade.simulationMonitor] - Notice from spectre during initial setup.
    Multithreading is disabled due to the size of the design being too small. {"history": "ExplorerRun.0", "point": 1, "testname": "my_lib_cs_amp_1", "cornername": "Nominal"}
[2026-04-09 16:47:02.604 +0700] [INFO] [cadence.virtuoso.ade.simulationMonitor] -               nodes 22 {"history": "ExplorerRun.0", "point": 1, "testname": "my_lib_cs_amp_1", "cornername": "Nominal"}
[2026-04-09 16:47:02.604 +0700] [INFO] [cadence.virtuoso.ade.simulationMonitor] - Notice from spectre during initial setup.
    APS enabled. {"history": "ExplorerRun.0", "point": 1, "testname": "my_lib_cs_amp_1", "cornername": "Nominal"}
[2026-04-09 16:47:02.604 +0700] [INFO] [cadence.virtuoso.ade.simulationMonitor] - Peak resident memory used = 107 Mbytes. {"history": "ExplorerRun.0", "point": 1, "testname": "my_lib_cs_amp_1", "cornername": "Nominal"}
[2026-04-09 16:47:02.605 +0700] [INFO] [cadence.virtuoso.ade.simulationMonitor] -    -   (APS) Multi-threading. The recommended number of threads is 1, consider adding +mt=1 on command line. {"history": "ExplorerRun.0", "point": 1, "testname": "my_lib_cs_amp_1", "cornername": "Nominal"}
[2026-04-09 16:47:02.605 +0700] [INFO] [cadence.virtuoso.ade.simulationMonitor] - Total time required for dc analysis `dcOp': CPU = 1.837 ms, elapsed = 2.77901 ms. {"history": "ExplorerRun.0", "point": 1, "testname": "my_lib_cs_amp_1", "cornername": "Nominal"}
[2026-04-09 16:47:02.605 +0700] [INFO] [cadence.virtuoso.ade.simulationMonitor] - Peak resident memory used = 109 Mbytes. {"history": "ExplorerRun.0", "point": 1, "testname": "my_lib_cs_amp_1", "cornername": "Nominal"}
[2026-04-09 16:47:02.605 +0700] [INFO] [cadence.virtuoso.ade.simulationMonitor] - Time used: CPU = 536 ms, elapsed = 21.2 s, util. = 2.53%. {"history": "ExplorerRun.0", "point": 1, "testname": "my_lib_cs_amp_1", "cornername": "Nominal"}
[2026-04-09 16:47:02.605 +0700] [INFO] [cadence.virtuoso.ade.simulationMonitor] - Time spent in licensing: elapsed = 20.6 s, percentage of total = 97.1%. {"history": "ExplorerRun.0", "point": 1, "testname": "my_lib_cs_amp_1", "cornername": "Nominal"}
[2026-04-09 16:47:02.605 +0700] [INFO] [cadence.virtuoso.ade.simulationMonitor] - Peak memory used = 110 Mbytes. {"history": "ExplorerRun.0", "point": 1, "testname": "my_lib_cs_amp_1", "cornername": "Nominal"}
[2026-04-09 16:47:02.605 +0700] [PROCESS] [cadence.virtuoso.ade.simulationMonitor] - Simulation started at: 4:46:41 PM, Thur Apr 9, 2026, ended at: 4:47:02 PM, Thur Apr 9, 2026, with elapsed time (wall clock): 21.2 s. {"history": "ExplorerRun.0", "point": 1, "testname": "my_lib_cs_amp_1", "cornername": "Nominal"}
[2026-04-09 16:47:02.606 +0700] [PROCESS] [cadence.virtuoso.ade.simulationMonitor] - spectre completes with 0 errors, 0 warnings, and 4 notices. {"history": "ExplorerRun.0", "point": 1, "testname": "my_lib_cs_amp_1", "cornername": "Nominal"}
[2026-04-09 16:47:02.606 +0700] [PROCESS] [cadence.virtuoso.ade.simulationMonitor] - Simulator exited {"hostname": "dtvt_13", "processid": 30805, "history": "ExplorerRun.0", "testname": "my_lib_cs_amp_1", "cornername": "Nominal", "point": 1, "logfile": "/home/dtvt_13/truong/logs_dtvt_13/logs0/Job44.log", "exitStatus": "0"}
[2026-04-09 16:47:02.606 +0700] [PROCESS] [cadence.virtuoso.ade.simulationMonitor] - Finished Simulation {"hostname": "dtvt_13", "processid": 30805, "history": "ExplorerRun.0", "testname": "my_lib_cs_amp_1", "cornername": "Nominal", "point": 1, "logfile": "/home/dtvt_13/truong/logs_dtvt_13/logs0/Job44.log", "simid": "1"}
[2026-04-09 16:47:03.119 +0700] [PROCESS] [cadence.virtuoso.ade.simulationMonitor] - Point Finished {"hostname": "dtvt_13", "processid": 30805, "history": "ExplorerRun.0", "testname": "my_lib_cs_amp_1", "cornername": "Nominal", "point": 1, "logfile": "/home/dtvt_13/truong/logs_dtvt_13/logs0/Job44.log"}
[2026-04-09 16:47:52.787 +0700] [INFO] [cadence.virtuoso.ade.simulationMonitor] - SimulationMonitor has terminated the vds process '30892', reason: 'Force to stop the expression evalutor process because of new run' {"history": "ExplorerRun.0", "point": 1, "testname": "my_lib_cs_amp_1", "cornername": "Nominal"}
[2026-04-09 16:47:52.788 +0700] [PROCESS] [cadence.virtuoso.ade.simulationMonitor] - HostInfo:
Host name (type):	dtvt_13 (x86_64)
Operating system:	Linux 3.10.0-1160.118.1.el7.x86_64 #1 SMP Wed Apr 24 16:01:50 UTC 2024 {"hostname": "dtvt_13", "processid": 30805, "history": "ExplorerRun.0", "testname": "my_lib_cs_amp_1", "cornername": "Nominal", "point": 1, "logfile": "/home/dtvt_13/truong/logs_dtvt_13/logs0/Job44.log", "nodename": "dtvt_13", "domainname": "(none)", "machine": "x86_64", "sysname": "Linux", "release": "3.10.0-1160.118.1.el7.x86_64", "version": "#1 SMP Wed Apr 24 16:01:50 UTC 2024"}
[2026-04-09 16:47:52.788 +0700] [PROCESS] [cadence.virtuoso.ade.simulationMonitor] - UsageInfo:
pid=30805
totalPhysicalMemory=15.208324GB,Used=13.588673GB,totalVirtualMemory=22.895821GB,Used=13.628712GB
Cpu: Cores=24, Load average:0.110000,0.160000,0.180000 {"hostname": "dtvt_13", "processid": 30805, "history": "ExplorerRun.0", "testname": "my_lib_cs_amp_1", "cornername": "Nominal", "point": 1, "logfile": "/home/dtvt_13/truong/logs_dtvt_13/logs0/Job44.log", "pid": "30805", "totalPhysicalMemory": "15.208324", "physicalMemoryUsed": "13.588673", "totalVirtualMemory": "22.895821", "virtualMemoryUsed": "13.628712", "cpuCores": "24", "processes": "2535", "loadAverage1": "0.110000", "loadAverage5": "0.160000", "loadAverage15": "0.180000", "loadAverage1Percent": "0.004583"}
[2026-04-09 16:47:52.788 +0700] [EVENT] [cadence.virtuoso.ade.simulationMonitor] - NewPoint {"history": "ExplorerRun.0", "point": 1, "testname": "my_lib_cs_amp_1", "cornername": "Nominal", "event": "NewPoint", "EventSource": "Simulation Monitor", "HistoryName": "ExplorerRun.0", "logFile": "/home/dtvt_13/truong/logs_dtvt_13/logs0/Job44.log", "logFileSize": "10870"}
[2026-04-09 16:47:52.889 +0700] [EVENT] [cadence.virtuoso.ade.simulationMonitor] - NewPoint {"history": "ExplorerRun.0", "point": 1, "testname": "my_lib_cs_amp_1", "cornername": "Nominal", "event": "NewPoint", "EventSource": "spectre", "HistoryName": "ExplorerRun.0", "logFile": "/home/dtvt_13/simulation/my_lib/cs_amp/maestro/results/maestro/ExplorerRun.0/1/my_lib_cs_amp_1/psf/spectre.out", "logFileSize": "-1"}
[2026-04-09 16:47:52.899 +0700] [PROCESS] [cadence.virtuoso.ade.simulationMonitor] - Simulator launched {"hostname": "dtvt_13", "processid": 30805, "history": "ExplorerRun.0", "testname": "my_lib_cs_amp_1", "cornername": "Nominal", "point": 1, "logfile": "/home/dtvt_13/truong/logs_dtvt_13/logs0/Job44.log", "simid": "2"}
[2026-04-09 16:47:52.905 +0700] [PROCESS] [cadence.virtuoso.ade.simulationMonitor] - Expression evaluator launched {"hostname": "dtvt_13", "processid": 30805, "history": "ExplorerRun.0", "testname": "my_lib_cs_amp_1", "cornername": "Nominal", "point": 1, "logfile": "/home/dtvt_13/truong/logs_dtvt_13/logs0/Job44.log"}
[2026-04-09 16:47:52.919 +0700] [PROCESS] [cadence.virtuoso.ade.simulationMonitor] - Started Simulation {"hostname": "dtvt_13", "processid": 30805, "history": "ExplorerRun.0", "testname": "my_lib_cs_amp_1", "cornername": "Nominal", "point": 1, "logfile": "/home/dtvt_13/truong/logs_dtvt_13/logs0/Job44.log"}
[2026-04-09 16:48:14.806 +0700] [PROCESS] [cadence.virtuoso.ade.simulationMonitor] - Finished simulating for one point {"hostname": "dtvt_13", "processid": 30805, "history": "ExplorerRun.0", "testname": "my_lib_cs_amp_1", "cornername": "Nominal", "point": 1, "logfile": "/home/dtvt_13/truong/logs_dtvt_13/logs0/Job44.log", "simid": "2"}
[2026-04-09 16:48:14.806 +0700] [INFO] [cadence.virtuoso.ade.simulationMonitor] - Peak resident memory used = 95.5 Mbytes. {"history": "ExplorerRun.0", "point": 1, "testname": "my_lib_cs_amp_1", "cornername": "Nominal"}
[2026-04-09 16:48:14.806 +0700] [INFO] [cadence.virtuoso.ade.simulationMonitor] - Peak resident memory used = 104 Mbytes. {"history": "ExplorerRun.0", "point": 1, "testname": "my_lib_cs_amp_1", "cornername": "Nominal"}
[2026-04-09 16:48:14.807 +0700] [INFO] [cadence.virtuoso.ade.simulationMonitor] - Notice from spectre during hierarchy flattening.
    The value 'psf' specified for the 'checklimitdest' option will no longer be supported in future releases. Use 'spectre -h' to see other recommended values for the 'checklimitdest' option. {"history": "ExplorerRun.0", "point": 1, "testname": "my_lib_cs_amp_1", "cornername": "Nominal"}
[2026-04-09 16:48:14.807 +0700] [INFO] [cadence.virtuoso.ade.simulationMonitor] - Peak resident memory used = 105 Mbytes. {"history": "ExplorerRun.0", "point": 1, "testname": "my_lib_cs_amp_1", "cornername": "Nominal"}
[2026-04-09 16:48:14.807 +0700] [INFO] [cadence.virtuoso.ade.simulationMonitor] - Notice from spectre during initial setup.
    Multithreading is disabled due to the size of the design being too small. {"history": "ExplorerRun.0", "point": 1, "testname": "my_lib_cs_amp_1", "cornername": "Nominal"}
[2026-04-09 16:48:14.808 +0700] [INFO] [cadence.virtuoso.ade.simulationMonitor] -               nodes 22 {"history": "ExplorerRun.0", "point": 1, "testname": "my_lib_cs_amp_1", "cornername": "Nominal"}
[2026-04-09 16:48:14.808 +0700] [INFO] [cadence.virtuoso.ade.simulationMonitor] - Notice from spectre during initial setup.
    APS enabled. {"history": "ExplorerRun.0", "point": 1, "testname": "my_lib_cs_amp_1", "cornername": "Nominal"}
[2026-04-09 16:48:14.808 +0700] [INFO] [cadence.virtuoso.ade.simulationMonitor] - Peak resident memory used = 107 Mbytes. {"history": "ExplorerRun.0", "point": 1, "testname": "my_lib_cs_amp_1", "cornername": "Nominal"}
[2026-04-09 16:48:14.808 +0700] [INFO] [cadence.virtuoso.ade.simulationMonitor] -    -   (APS) Multi-threading. The recommended number of threads is 1, consider adding +mt=1 on command line. {"history": "ExplorerRun.0", "point": 1, "testname": "my_lib_cs_amp_1", "cornername": "Nominal"}
[2026-04-09 16:48:14.809 +0700] [INFO] [cadence.virtuoso.ade.simulationMonitor] - Total time required for dc analysis `dcOp': CPU = 2.418 ms, elapsed = 3.36289 ms. {"history": "ExplorerRun.0", "point": 1, "testname": "my_lib_cs_amp_1", "cornername": "Nominal"}
[2026-04-09 16:48:14.809 +0700] [INFO] [cadence.virtuoso.ade.simulationMonitor] - Peak resident memory used = 109 Mbytes. {"history": "ExplorerRun.0", "point": 1, "testname": "my_lib_cs_amp_1", "cornername": "Nominal"}
[2026-04-09 16:48:14.809 +0700] [INFO] [cadence.virtuoso.ade.simulationMonitor] - Time used: CPU = 551 ms, elapsed = 21.2 s, util. = 2.6%. {"history": "ExplorerRun.0", "point": 1, "testname": "my_lib_cs_amp_1", "cornername": "Nominal"}
[2026-04-09 16:48:14.809 +0700] [INFO] [cadence.virtuoso.ade.simulationMonitor] - Time spent in licensing: elapsed = 20.6 s, percentage of total = 97.2%. {"history": "ExplorerRun.0", "point": 1, "testname": "my_lib_cs_amp_1", "cornername": "Nominal"}
[2026-04-09 16:48:14.809 +0700] [INFO] [cadence.virtuoso.ade.simulationMonitor] - Peak memory used = 110 Mbytes. {"history": "ExplorerRun.0", "point": 1, "testname": "my_lib_cs_amp_1", "cornername": "Nominal"}
[2026-04-09 16:48:14.809 +0700] [PROCESS] [cadence.virtuoso.ade.simulationMonitor] - Simulation started at: 4:47:53 PM, Thur Apr 9, 2026, ended at: 4:48:14 PM, Thur Apr 9, 2026, with elapsed time (wall clock): 21.2 s. {"history": "ExplorerRun.0", "point": 1, "testname": "my_lib_cs_amp_1", "cornername": "Nominal"}
[2026-04-09 16:48:14.810 +0700] [PROCESS] [cadence.virtuoso.ade.simulationMonitor] - spectre completes with 0 errors, 0 warnings, and 4 notices. {"history": "ExplorerRun.0", "point": 1, "testname": "my_lib_cs_amp_1", "cornername": "Nominal"}
[2026-04-09 16:48:14.810 +0700] [PROCESS] [cadence.virtuoso.ade.simulationMonitor] - Simulator exited {"hostname": "dtvt_13", "processid": 30805, "history": "ExplorerRun.0", "testname": "my_lib_cs_amp_1", "cornername": "Nominal", "point": 1, "logfile": "/home/dtvt_13/truong/logs_dtvt_13/logs0/Job44.log", "exitStatus": "0"}
[2026-04-09 16:48:14.810 +0700] [PROCESS] [cadence.virtuoso.ade.simulationMonitor] - Finished Simulation {"hostname": "dtvt_13", "processid": 30805, "history": "ExplorerRun.0", "testname": "my_lib_cs_amp_1", "cornername": "Nominal", "point": 1, "logfile": "/home/dtvt_13/truong/logs_dtvt_13/logs0/Job44.log", "simid": "2"}
[2026-04-09 16:48:15.322 +0700] [PROCESS] [cadence.virtuoso.ade.simulationMonitor] - Point Finished {"hostname": "dtvt_13", "processid": 30805, "history": "ExplorerRun.0", "testname": "my_lib_cs_amp_1", "cornername": "Nominal", "point": 1, "logfile": "/home/dtvt_13/truong/logs_dtvt_13/logs0/Job44.log"}
[2026-04-09 16:50:18.555 +0700] [INFO] [cadence.virtuoso.ade.simulationMonitor] - SimulationMonitor has terminated the vds process '31600', reason: 'Force to stop the expression evalutor process because of new run' {"history": "ExplorerRun.0", "point": 1, "testname": "my_lib_cs_amp_1", "cornername": "Nominal"}
[2026-04-09 16:50:18.556 +0700] [PROCESS] [cadence.virtuoso.ade.simulationMonitor] - HostInfo:
Host name (type):	dtvt_13 (x86_64)
Operating system:	Linux 3.10.0-1160.118.1.el7.x86_64 #1 SMP Wed Apr 24 16:01:50 UTC 2024 {"hostname": "dtvt_13", "processid": 30805, "history": "ExplorerRun.0", "testname": "my_lib_cs_amp_1", "cornername": "Nominal", "point": 1, "logfile": "/home/dtvt_13/truong/logs_dtvt_13/logs0/Job44.log", "nodename": "dtvt_13", "domainname": "(none)", "machine": "x86_64", "sysname": "Linux", "release": "3.10.0-1160.118.1.el7.x86_64", "version": "#1 SMP Wed Apr 24 16:01:50 UTC 2024"}
[2026-04-09 16:50:18.556 +0700] [PROCESS] [cadence.virtuoso.ade.simulationMonitor] - UsageInfo:
pid=30805
totalPhysicalMemory=15.208324GB,Used=13.590103GB,totalVirtualMemory=22.895821GB,Used=13.630142GB
Cpu: Cores=24, Load average:0.110000,0.180000,0.190000 {"hostname": "dtvt_13", "processid": 30805, "history": "ExplorerRun.0", "testname": "my_lib_cs_amp_1", "cornername": "Nominal", "point": 1, "logfile": "/home/dtvt_13/truong/logs_dtvt_13/logs0/Job44.log", "pid": "30805", "totalPhysicalMemory": "15.208324", "physicalMemoryUsed": "13.590103", "totalVirtualMemory": "22.895821", "virtualMemoryUsed": "13.630142", "cpuCores": "24", "processes": "2543", "loadAverage1": "0.110000", "loadAverage5": "0.180000", "loadAverage15": "0.190000", "loadAverage1Percent": "0.004583"}
[2026-04-09 16:50:18.556 +0700] [EVENT] [cadence.virtuoso.ade.simulationMonitor] - NewPoint {"history": "ExplorerRun.0", "point": 1, "testname": "my_lib_cs_amp_1", "cornername": "Nominal", "event": "NewPoint", "EventSource": "Simulation Monitor", "HistoryName": "ExplorerRun.0", "logFile": "/home/dtvt_13/truong/logs_dtvt_13/logs0/Job44.log", "logFileSize": "19640"}
[2026-04-09 16:50:18.657 +0700] [EVENT] [cadence.virtuoso.ade.simulationMonitor] - NewPoint {"history": "ExplorerRun.0", "point": 1, "testname": "my_lib_cs_amp_1", "cornername": "Nominal", "event": "NewPoint", "EventSource": "spectre", "HistoryName": "ExplorerRun.0", "logFile": "/home/dtvt_13/simulation/my_lib/cs_amp/maestro/results/maestro/ExplorerRun.0/1/my_lib_cs_amp_1/psf/spectre.out", "logFileSize": "-1"}
[2026-04-09 16:50:18.668 +0700] [PROCESS] [cadence.virtuoso.ade.simulationMonitor] - Simulator launched {"hostname": "dtvt_13", "processid": 30805, "history": "ExplorerRun.0", "testname": "my_lib_cs_amp_1", "cornername": "Nominal", "point": 1, "logfile": "/home/dtvt_13/truong/logs_dtvt_13/logs0/Job44.log", "simid": "3"}
[2026-04-09 16:50:18.674 +0700] [PROCESS] [cadence.virtuoso.ade.simulationMonitor] - Expression evaluator launched {"hostname": "dtvt_13", "processid": 30805, "history": "ExplorerRun.0", "testname": "my_lib_cs_amp_1", "cornername": "Nominal", "point": 1, "logfile": "/home/dtvt_13/truong/logs_dtvt_13/logs0/Job44.log"}
[2026-04-09 16:50:18.688 +0700] [PROCESS] [cadence.virtuoso.ade.simulationMonitor] - Started Simulation {"hostname": "dtvt_13", "processid": 30805, "history": "ExplorerRun.0", "testname": "my_lib_cs_amp_1", "cornername": "Nominal", "point": 1, "logfile": "/home/dtvt_13/truong/logs_dtvt_13/logs0/Job44.log"}
[2026-04-09 16:50:40.560 +0700] [PROCESS] [cadence.virtuoso.ade.simulationMonitor] - Finished simulating for one point {"hostname": "dtvt_13", "processid": 30805, "history": "ExplorerRun.0", "testname": "my_lib_cs_amp_1", "cornername": "Nominal", "point": 1, "logfile": "/home/dtvt_13/truong/logs_dtvt_13/logs0/Job44.log", "simid": "3"}
[2026-04-09 16:50:40.561 +0700] [INFO] [cadence.virtuoso.ade.simulationMonitor] - Peak resident memory used = 97.4 Mbytes. {"history": "ExplorerRun.0", "point": 1, "testname": "my_lib_cs_amp_1", "cornername": "Nominal"}
[2026-04-09 16:50:40.561 +0700] [INFO] [cadence.virtuoso.ade.simulationMonitor] - Peak resident memory used = 106 Mbytes. {"history": "ExplorerRun.0", "point": 1, "testname": "my_lib_cs_amp_1", "cornername": "Nominal"}
[2026-04-09 16:50:40.561 +0700] [INFO] [cadence.virtuoso.ade.simulationMonitor] - Notice from spectre during hierarchy flattening.
    The value 'psf' specified for the 'checklimitdest' option will no longer be supported in future releases. Use 'spectre -h' to see other recommended values for the 'checklimitdest' option. {"history": "ExplorerRun.0", "point": 1, "testname": "my_lib_cs_amp_1", "cornername": "Nominal"}
[2026-04-09 16:50:40.562 +0700] [INFO] [cadence.virtuoso.ade.simulationMonitor] - Peak resident memory used = 107 Mbytes. {"history": "ExplorerRun.0", "point": 1, "testname": "my_lib_cs_amp_1", "cornername": "Nominal"}
[2026-04-09 16:50:40.562 +0700] [INFO] [cadence.virtuoso.ade.simulationMonitor] - Notice from spectre during initial setup.
    Multithreading is disabled due to the size of the design being too small. {"history": "ExplorerRun.0", "point": 1, "testname": "my_lib_cs_amp_1", "cornername": "Nominal"}
[2026-04-09 16:50:40.563 +0700] [INFO] [cadence.virtuoso.ade.simulationMonitor] -               nodes 22 {"history": "ExplorerRun.0", "point": 1, "testname": "my_lib_cs_amp_1", "cornername": "Nominal"}
[2026-04-09 16:50:40.563 +0700] [INFO] [cadence.virtuoso.ade.simulationMonitor] - Notice from spectre during initial setup.
    APS enabled. {"history": "ExplorerRun.0", "point": 1, "testname": "my_lib_cs_amp_1", "cornername": "Nominal"}
[2026-04-09 16:50:40.563 +0700] [INFO] [cadence.virtuoso.ade.simulationMonitor] - Peak resident memory used = 109 Mbytes. {"history": "ExplorerRun.0", "point": 1, "testname": "my_lib_cs_amp_1", "cornername": "Nominal"}
[2026-04-09 16:50:40.563 +0700] [INFO] [cadence.virtuoso.ade.simulationMonitor] -    -   (APS) Multi-threading. The recommended number of threads is 1, consider adding +mt=1 on command line. {"history": "ExplorerRun.0", "point": 1, "testname": "my_lib_cs_amp_1", "cornername": "Nominal"}
[2026-04-09 16:50:40.563 +0700] [INFO] [cadence.virtuoso.ade.simulationMonitor] - Total time required for dc analysis `dcOp': CPU = 2.008 ms, elapsed = 3.03197 ms. {"history": "ExplorerRun.0", "point": 1, "testname": "my_lib_cs_amp_1", "cornername": "Nominal"}
[2026-04-09 16:50:40.564 +0700] [INFO] [cadence.virtuoso.ade.simulationMonitor] - Peak resident memory used = 110 Mbytes. {"history": "ExplorerRun.0", "point": 1, "testname": "my_lib_cs_amp_1", "cornername": "Nominal"}
[2026-04-09 16:50:40.564 +0700] [INFO] [cadence.virtuoso.ade.simulationMonitor] - Time used: CPU = 559 ms, elapsed = 21.4 s, util. = 2.61%. {"history": "ExplorerRun.0", "point": 1, "testname": "my_lib_cs_amp_1", "cornername": "Nominal"}
[2026-04-09 16:50:40.564 +0700] [INFO] [cadence.virtuoso.ade.simulationMonitor] - Time spent in licensing: elapsed = 20.8 s, percentage of total = 97.3%. {"history": "ExplorerRun.0", "point": 1, "testname": "my_lib_cs_amp_1", "cornername": "Nominal"}
[2026-04-09 16:50:40.564 +0700] [INFO] [cadence.virtuoso.ade.simulationMonitor] - Peak memory used = 112 Mbytes. {"history": "ExplorerRun.0", "point": 1, "testname": "my_lib_cs_amp_1", "cornername": "Nominal"}
[2026-04-09 16:50:40.564 +0700] [PROCESS] [cadence.virtuoso.ade.simulationMonitor] - Simulation started at: 4:50:18 PM, Thur Apr 9, 2026, ended at: 4:50:40 PM, Thur Apr 9, 2026, with elapsed time (wall clock): 21.4 s. {"history": "ExplorerRun.0", "point": 1, "testname": "my_lib_cs_amp_1", "cornername": "Nominal"}
[2026-04-09 16:50:40.565 +0700] [PROCESS] [cadence.virtuoso.ade.simulationMonitor] - spectre completes with 0 errors, 0 warnings, and 4 notices. {"history": "ExplorerRun.0", "point": 1, "testname": "my_lib_cs_amp_1", "cornername": "Nominal"}
[2026-04-09 16:50:40.565 +0700] [PROCESS] [cadence.virtuoso.ade.simulationMonitor] - Simulator exited {"hostname": "dtvt_13", "processid": 30805, "history": "ExplorerRun.0", "testname": "my_lib_cs_amp_1", "cornername": "Nominal", "point": 1, "logfile": "/home/dtvt_13/truong/logs_dtvt_13/logs0/Job44.log", "exitStatus": "0"}
[2026-04-09 16:50:40.565 +0700] [PROCESS] [cadence.virtuoso.ade.simulationMonitor] - Finished Simulation {"hostname": "dtvt_13", "processid": 30805, "history": "ExplorerRun.0", "testname": "my_lib_cs_amp_1", "cornername": "Nominal", "point": 1, "logfile": "/home/dtvt_13/truong/logs_dtvt_13/logs0/Job44.log", "simid": "3"}
[2026-04-09 16:50:41.080 +0700] [PROCESS] [cadence.virtuoso.ade.simulationMonitor] - Point Finished {"hostname": "dtvt_13", "processid": 30805, "history": "ExplorerRun.0", "testname": "my_lib_cs_amp_1", "cornername": "Nominal", "point": 1, "logfile": "/home/dtvt_13/truong/logs_dtvt_13/logs0/Job44.log"}
[2026-04-09 16:52:16.437 +0700] [INFO] [cadence.virtuoso.ade.simulationMonitor] - SimulationMonitor has terminated the vds process '32612', reason: 'Force to stop the expression evalutor process because of new run' {"history": "ExplorerRun.0", "point": 1, "testname": "my_lib_cs_amp_1", "cornername": "Nominal"}
[2026-04-09 16:52:16.437 +0700] [PROCESS] [cadence.virtuoso.ade.simulationMonitor] - HostInfo:
Host name (type):	dtvt_13 (x86_64)
Operating system:	Linux 3.10.0-1160.118.1.el7.x86_64 #1 SMP Wed Apr 24 16:01:50 UTC 2024 {"hostname": "dtvt_13", "processid": 30805, "history": "ExplorerRun.0", "testname": "my_lib_cs_amp_1", "cornername": "Nominal", "point": 1, "logfile": "/home/dtvt_13/truong/logs_dtvt_13/logs0/Job44.log", "nodename": "dtvt_13", "domainname": "(none)", "machine": "x86_64", "sysname": "Linux", "release": "3.10.0-1160.118.1.el7.x86_64", "version": "#1 SMP Wed Apr 24 16:01:50 UTC 2024"}
[2026-04-09 16:52:16.437 +0700] [PROCESS] [cadence.virtuoso.ade.simulationMonitor] - UsageInfo:
pid=30805
totalPhysicalMemory=15.208324GB,Used=13.597012GB,totalVirtualMemory=22.895821GB,Used=13.637051GB
Cpu: Cores=24, Load average:0.160000,0.180000,0.200000 {"hostname": "dtvt_13", "processid": 30805, "history": "ExplorerRun.0", "testname": "my_lib_cs_amp_1", "cornername": "Nominal", "point": 1, "logfile": "/home/dtvt_13/truong/logs_dtvt_13/logs0/Job44.log", "pid": "30805", "totalPhysicalMemory": "15.208324", "physicalMemoryUsed": "13.597012", "totalVirtualMemory": "22.895821", "virtualMemoryUsed": "13.637051", "cpuCores": "24", "processes": "2545", "loadAverage1": "0.160000", "loadAverage5": "0.180000", "loadAverage15": "0.200000", "loadAverage1Percent": "0.006667"}
[2026-04-09 16:52:16.438 +0700] [EVENT] [cadence.virtuoso.ade.simulationMonitor] - NewPoint {"history": "ExplorerRun.0", "point": 1, "testname": "my_lib_cs_amp_1", "cornername": "Nominal", "event": "NewPoint", "EventSource": "Simulation Monitor", "HistoryName": "ExplorerRun.0", "logFile": "/home/dtvt_13/truong/logs_dtvt_13/logs0/Job44.log", "logFileSize": "28411"}
[2026-04-09 16:52:16.539 +0700] [EVENT] [cadence.virtuoso.ade.simulationMonitor] - NewPoint {"history": "ExplorerRun.0", "point": 1, "testname": "my_lib_cs_amp_1", "cornername": "Nominal", "event": "NewPoint", "EventSource": "spectre", "HistoryName": "ExplorerRun.0", "logFile": "/home/dtvt_13/simulation/my_lib/cs_amp/maestro/results/maestro/ExplorerRun.0/1/my_lib_cs_amp_1/psf/spectre.out", "logFileSize": "-1"}
[2026-04-09 16:52:16.547 +0700] [PROCESS] [cadence.virtuoso.ade.simulationMonitor] - Simulator launched {"hostname": "dtvt_13", "processid": 30805, "history": "ExplorerRun.0", "testname": "my_lib_cs_amp_1", "cornername": "Nominal", "point": 1, "logfile": "/home/dtvt_13/truong/logs_dtvt_13/logs0/Job44.log", "simid": "4"}
[2026-04-09 16:52:16.553 +0700] [PROCESS] [cadence.virtuoso.ade.simulationMonitor] - Expression evaluator launched {"hostname": "dtvt_13", "processid": 30805, "history": "ExplorerRun.0", "testname": "my_lib_cs_amp_1", "cornername": "Nominal", "point": 1, "logfile": "/home/dtvt_13/truong/logs_dtvt_13/logs0/Job44.log"}
[2026-04-09 16:52:16.566 +0700] [PROCESS] [cadence.virtuoso.ade.simulationMonitor] - Started Simulation {"hostname": "dtvt_13", "processid": 30805, "history": "ExplorerRun.0", "testname": "my_lib_cs_amp_1", "cornername": "Nominal", "point": 1, "logfile": "/home/dtvt_13/truong/logs_dtvt_13/logs0/Job44.log"}
[2026-04-09 16:52:37.971 +0700] [INFO] [cadence.virtuoso.ade.simulationMonitor] - Peak resident memory used = 95.5 Mbytes. {"history": "ExplorerRun.0", "point": 1, "testname": "my_lib_cs_amp_1", "cornername": "Nominal"}
[2026-04-09 16:52:37.972 +0700] [INFO] [cadence.virtuoso.ade.simulationMonitor] - Peak resident memory used = 104 Mbytes. {"history": "ExplorerRun.0", "point": 1, "testname": "my_lib_cs_amp_1", "cornername": "Nominal"}
[2026-04-09 16:52:37.972 +0700] [INFO] [cadence.virtuoso.ade.simulationMonitor] - Notice from spectre during hierarchy flattening.
    The value 'psf' specified for the 'checklimitdest' option will no longer be supported in future releases. Use 'spectre -h' to see other recommended values for the 'checklimitdest' option. {"history": "ExplorerRun.0", "point": 1, "testname": "my_lib_cs_amp_1", "cornername": "Nominal"}
[2026-04-09 16:52:37.972 +0700] [INFO] [cadence.virtuoso.ade.simulationMonitor] - Peak resident memory used = 105 Mbytes. {"history": "ExplorerRun.0", "point": 1, "testname": "my_lib_cs_amp_1", "cornername": "Nominal"}
[2026-04-09 16:52:37.973 +0700] [INFO] [cadence.virtuoso.ade.simulationMonitor] - Notice from spectre during initial setup.
    Multithreading is disabled due to the size of the design being too small. {"history": "ExplorerRun.0", "point": 1, "testname": "my_lib_cs_amp_1", "cornername": "Nominal"}
[2026-04-09 16:52:37.973 +0700] [INFO] [cadence.virtuoso.ade.simulationMonitor] -               nodes 22 {"history": "ExplorerRun.0", "point": 1, "testname": "my_lib_cs_amp_1", "cornername": "Nominal"}
[2026-04-09 16:52:37.973 +0700] [INFO] [cadence.virtuoso.ade.simulationMonitor] - Notice from spectre during initial setup.
    APS enabled. {"history": "ExplorerRun.0", "point": 1, "testname": "my_lib_cs_amp_1", "cornername": "Nominal"}
[2026-04-09 16:52:37.974 +0700] [INFO] [cadence.virtuoso.ade.simulationMonitor] - Peak resident memory used = 107 Mbytes. {"history": "ExplorerRun.0", "point": 1, "testname": "my_lib_cs_amp_1", "cornername": "Nominal"}
[2026-04-09 16:52:37.974 +0700] [INFO] [cadence.virtuoso.ade.simulationMonitor] -    -   (APS) Multi-threading. The recommended number of threads is 1, consider adding +mt=1 on command line. {"history": "ExplorerRun.0", "point": 1, "testname": "my_lib_cs_amp_1", "cornername": "Nominal"}
[2026-04-09 16:52:37.974 +0700] [INFO] [cadence.virtuoso.ade.simulationMonitor] - Total time required for dc analysis `dcOp': CPU = 2.764 ms, elapsed = 3.829 ms. {"history": "ExplorerRun.0", "point": 1, "testname": "my_lib_cs_amp_1", "cornername": "Nominal"}
[2026-04-09 16:52:37.974 +0700] [INFO] [cadence.virtuoso.ade.simulationMonitor] - Peak resident memory used = 109 Mbytes. {"history": "ExplorerRun.0", "point": 1, "testname": "my_lib_cs_amp_1", "cornername": "Nominal"}
[2026-04-09 16:52:38.475 +0700] [PROCESS] [cadence.virtuoso.ade.simulationMonitor] - Finished simulating for one point {"hostname": "dtvt_13", "processid": 30805, "history": "ExplorerRun.0", "testname": "my_lib_cs_amp_1", "cornername": "Nominal", "point": 1, "logfile": "/home/dtvt_13/truong/logs_dtvt_13/logs0/Job44.log", "simid": "4"}
[2026-04-09 16:52:38.475 +0700] [INFO] [cadence.virtuoso.ade.simulationMonitor] - Time used: CPU = 572 ms, elapsed = 20.9 s, util. = 2.74%. {"history": "ExplorerRun.0", "point": 1, "testname": "my_lib_cs_amp_1", "cornername": "Nominal"}
[2026-04-09 16:52:38.475 +0700] [INFO] [cadence.virtuoso.ade.simulationMonitor] - Time spent in licensing: elapsed = 20.3 s, percentage of total = 97.2%. {"history": "ExplorerRun.0", "point": 1, "testname": "my_lib_cs_amp_1", "cornername": "Nominal"}
[2026-04-09 16:52:38.476 +0700] [INFO] [cadence.virtuoso.ade.simulationMonitor] - Peak memory used = 110 Mbytes. {"history": "ExplorerRun.0", "point": 1, "testname": "my_lib_cs_amp_1", "cornername": "Nominal"}
[2026-04-09 16:52:38.476 +0700] [PROCESS] [cadence.virtuoso.ade.simulationMonitor] - Simulation started at: 4:52:16 PM, Thur Apr 9, 2026, ended at: 4:52:37 PM, Thur Apr 9, 2026, with elapsed time (wall clock): 20.9 s. {"history": "ExplorerRun.0", "point": 1, "testname": "my_lib_cs_amp_1", "cornername": "Nominal"}
[2026-04-09 16:52:38.476 +0700] [PROCESS] [cadence.virtuoso.ade.simulationMonitor] - spectre completes with 0 errors, 0 warnings, and 4 notices. {"history": "ExplorerRun.0", "point": 1, "testname": "my_lib_cs_amp_1", "cornername": "Nominal"}
[2026-04-09 16:52:38.476 +0700] [PROCESS] [cadence.virtuoso.ade.simulationMonitor] - Simulator exited {"hostname": "dtvt_13", "processid": 30805, "history": "ExplorerRun.0", "testname": "my_lib_cs_amp_1", "cornername": "Nominal", "point": 1, "logfile": "/home/dtvt_13/truong/logs_dtvt_13/logs0/Job44.log", "exitStatus": "0"}
[2026-04-09 16:52:38.477 +0700] [PROCESS] [cadence.virtuoso.ade.simulationMonitor] - Finished Simulation {"hostname": "dtvt_13", "processid": 30805, "history": "ExplorerRun.0", "testname": "my_lib_cs_amp_1", "cornername": "Nominal", "point": 1, "logfile": "/home/dtvt_13/truong/logs_dtvt_13/logs0/Job44.log", "simid": "4"}
[2026-04-09 16:52:38.989 +0700] [PROCESS] [cadence.virtuoso.ade.simulationMonitor] - Point Finished {"hostname": "dtvt_13", "processid": 30805, "history": "ExplorerRun.0", "testname": "my_lib_cs_amp_1", "cornername": "Nominal", "point": 1, "logfile": "/home/dtvt_13/truong/logs_dtvt_13/logs0/Job44.log"}
[2026-04-09 16:53:53.545 +0700] [INFO] [cadence.virtuoso.ade.simulationMonitor] - SimulationMonitor has terminated the vds process '1087', reason: 'Force to stop the expression evalutor process because of new run' {"history": "ExplorerRun.0", "point": 1, "testname": "my_lib_cs_amp_1", "cornername": "Nominal"}
[2026-04-09 16:53:53.545 +0700] [PROCESS] [cadence.virtuoso.ade.simulationMonitor] - HostInfo:
Host name (type):	dtvt_13 (x86_64)
Operating system:	Linux 3.10.0-1160.118.1.el7.x86_64 #1 SMP Wed Apr 24 16:01:50 UTC 2024 {"hostname": "dtvt_13", "processid": 30805, "history": "ExplorerRun.0", "testname": "my_lib_cs_amp_1", "cornername": "Nominal", "point": 1, "logfile": "/home/dtvt_13/truong/logs_dtvt_13/logs0/Job44.log", "nodename": "dtvt_13", "domainname": "(none)", "machine": "x86_64", "sysname": "Linux", "release": "3.10.0-1160.118.1.el7.x86_64", "version": "#1 SMP Wed Apr 24 16:01:50 UTC 2024"}
[2026-04-09 16:53:53.546 +0700] [PROCESS] [cadence.virtuoso.ade.simulationMonitor] - UsageInfo:
pid=30805
totalPhysicalMemory=15.208324GB,Used=13.600964GB,totalVirtualMemory=22.895821GB,Used=13.641003GB
Cpu: Cores=24, Load average:0.140000,0.190000,0.200000 {"hostname": "dtvt_13", "processid": 30805, "history": "ExplorerRun.0", "testname": "my_lib_cs_amp_1", "cornername": "Nominal", "point": 1, "logfile": "/home/dtvt_13/truong/logs_dtvt_13/logs0/Job44.log", "pid": "30805", "totalPhysicalMemory": "15.208324", "physicalMemoryUsed": "13.600964", "totalVirtualMemory": "22.895821", "virtualMemoryUsed": "13.641003", "cpuCores": "24", "processes": "2546", "loadAverage1": "0.140000", "loadAverage5": "0.190000", "loadAverage15": "0.200000", "loadAverage1Percent": "0.005833"}
[2026-04-09 16:53:53.546 +0700] [EVENT] [cadence.virtuoso.ade.simulationMonitor] - NewPoint {"history": "ExplorerRun.0", "point": 1, "testname": "my_lib_cs_amp_1", "cornername": "Nominal", "event": "NewPoint", "EventSource": "Simulation Monitor", "HistoryName": "ExplorerRun.0", "logFile": "/home/dtvt_13/truong/logs_dtvt_13/logs0/Job44.log", "logFileSize": "37179"}
[2026-04-09 16:53:53.647 +0700] [EVENT] [cadence.virtuoso.ade.simulationMonitor] - NewPoint {"history": "ExplorerRun.0", "point": 1, "testname": "my_lib_cs_amp_1", "cornername": "Nominal", "event": "NewPoint", "EventSource": "spectre", "HistoryName": "ExplorerRun.0", "logFile": "/home/dtvt_13/simulation/my_lib/cs_amp/maestro/results/maestro/ExplorerRun.0/1/my_lib_cs_amp_1/psf/spectre.out", "logFileSize": "-1"}
[2026-04-09 16:53:53.656 +0700] [PROCESS] [cadence.virtuoso.ade.simulationMonitor] - Simulator launched {"hostname": "dtvt_13", "processid": 30805, "history": "ExplorerRun.0", "testname": "my_lib_cs_amp_1", "cornername": "Nominal", "point": 1, "logfile": "/home/dtvt_13/truong/logs_dtvt_13/logs0/Job44.log", "simid": "5"}
[2026-04-09 16:53:53.663 +0700] [PROCESS] [cadence.virtuoso.ade.simulationMonitor] - Expression evaluator launched {"hostname": "dtvt_13", "processid": 30805, "history": "ExplorerRun.0", "testname": "my_lib_cs_amp_1", "cornername": "Nominal", "point": 1, "logfile": "/home/dtvt_13/truong/logs_dtvt_13/logs0/Job44.log"}
[2026-04-09 16:53:53.675 +0700] [PROCESS] [cadence.virtuoso.ade.simulationMonitor] - Started Simulation {"hostname": "dtvt_13", "processid": 30805, "history": "ExplorerRun.0", "testname": "my_lib_cs_amp_1", "cornername": "Nominal", "point": 1, "logfile": "/home/dtvt_13/truong/logs_dtvt_13/logs0/Job44.log"}
[2026-04-09 16:54:15.575 +0700] [INFO] [cadence.virtuoso.ade.simulationMonitor] - Peak resident memory used = 95.5 Mbytes. {"history": "ExplorerRun.0", "point": 1, "testname": "my_lib_cs_amp_1", "cornername": "Nominal"}
[2026-04-09 16:54:15.575 +0700] [INFO] [cadence.virtuoso.ade.simulationMonitor] - Peak resident memory used = 104 Mbytes. {"history": "ExplorerRun.0", "point": 1, "testname": "my_lib_cs_amp_1", "cornername": "Nominal"}
[2026-04-09 16:54:15.576 +0700] [INFO] [cadence.virtuoso.ade.simulationMonitor] - Notice from spectre during hierarchy flattening.
    The value 'psf' specified for the 'checklimitdest' option will no longer be supported in future releases. Use 'spectre -h' to see other recommended values for the 'checklimitdest' option. {"history": "ExplorerRun.0", "point": 1, "testname": "my_lib_cs_amp_1", "cornername": "Nominal"}
[2026-04-09 16:54:15.576 +0700] [INFO] [cadence.virtuoso.ade.simulationMonitor] - Peak resident memory used = 105 Mbytes. {"history": "ExplorerRun.0", "point": 1, "testname": "my_lib_cs_amp_1", "cornername": "Nominal"}
[2026-04-09 16:54:15.577 +0700] [INFO] [cadence.virtuoso.ade.simulationMonitor] - Notice from spectre during initial setup.
    Multithreading is disabled due to the size of the design being too small. {"history": "ExplorerRun.0", "point": 1, "testname": "my_lib_cs_amp_1", "cornername": "Nominal"}
[2026-04-09 16:54:15.577 +0700] [INFO] [cadence.virtuoso.ade.simulationMonitor] -               nodes 22 {"history": "ExplorerRun.0", "point": 1, "testname": "my_lib_cs_amp_1", "cornername": "Nominal"}
[2026-04-09 16:54:15.578 +0700] [INFO] [cadence.virtuoso.ade.simulationMonitor] - Notice from spectre during initial setup.
    APS enabled. {"history": "ExplorerRun.0", "point": 1, "testname": "my_lib_cs_amp_1", "cornername": "Nominal"}
[2026-04-09 16:54:15.578 +0700] [INFO] [cadence.virtuoso.ade.simulationMonitor] - Peak resident memory used = 107 Mbytes. {"history": "ExplorerRun.0", "point": 1, "testname": "my_lib_cs_amp_1", "cornername": "Nominal"}
[2026-04-09 16:54:15.578 +0700] [INFO] [cadence.virtuoso.ade.simulationMonitor] -    -   (APS) Multi-threading. The recommended number of threads is 1, consider adding +mt=1 on command line. {"history": "ExplorerRun.0", "point": 1, "testname": "my_lib_cs_amp_1", "cornername": "Nominal"}
[2026-04-09 16:54:16.079 +0700] [PROCESS] [cadence.virtuoso.ade.simulationMonitor] - Finished simulating for one point {"hostname": "dtvt_13", "processid": 30805, "history": "ExplorerRun.0", "testname": "my_lib_cs_amp_1", "cornername": "Nominal", "point": 1, "logfile": "/home/dtvt_13/truong/logs_dtvt_13/logs0/Job44.log", "simid": "5"}
[2026-04-09 16:54:16.080 +0700] [INFO] [cadence.virtuoso.ade.simulationMonitor] - Total time required for dc analysis `dcOp': CPU = 2.333 ms, elapsed = 3.36099 ms. {"history": "ExplorerRun.0", "point": 1, "testname": "my_lib_cs_amp_1", "cornername": "Nominal"}
[2026-04-09 16:54:16.081 +0700] [INFO] [cadence.virtuoso.ade.simulationMonitor] - Peak resident memory used = 109 Mbytes. {"history": "ExplorerRun.0", "point": 1, "testname": "my_lib_cs_amp_1", "cornername": "Nominal"}
[2026-04-09 16:54:16.081 +0700] [INFO] [cadence.virtuoso.ade.simulationMonitor] - Time used: CPU = 566 ms, elapsed = 21.6 s, util. = 2.62%. {"history": "ExplorerRun.0", "point": 1, "testname": "my_lib_cs_amp_1", "cornername": "Nominal"}
[2026-04-09 16:54:16.081 +0700] [INFO] [cadence.virtuoso.ade.simulationMonitor] - Time spent in licensing: elapsed = 21 s, percentage of total = 97.2%. {"history": "ExplorerRun.0", "point": 1, "testname": "my_lib_cs_amp_1", "cornername": "Nominal"}
[2026-04-09 16:54:16.082 +0700] [INFO] [cadence.virtuoso.ade.simulationMonitor] - Peak memory used = 111 Mbytes. {"history": "ExplorerRun.0", "point": 1, "testname": "my_lib_cs_amp_1", "cornername": "Nominal"}
[2026-04-09 16:54:16.082 +0700] [PROCESS] [cadence.virtuoso.ade.simulationMonitor] - Simulation started at: 4:53:53 PM, Thur Apr 9, 2026, ended at: 4:54:15 PM, Thur Apr 9, 2026, with elapsed time (wall clock): 21.6 s. {"history": "ExplorerRun.0", "point": 1, "testname": "my_lib_cs_amp_1", "cornername": "Nominal"}
[2026-04-09 16:54:16.082 +0700] [PROCESS] [cadence.virtuoso.ade.simulationMonitor] - spectre completes with 0 errors, 0 warnings, and 4 notices. {"history": "ExplorerRun.0", "point": 1, "testname": "my_lib_cs_amp_1", "cornername": "Nominal"}
[2026-04-09 16:54:16.083 +0700] [PROCESS] [cadence.virtuoso.ade.simulationMonitor] - Simulator exited {"hostname": "dtvt_13", "processid": 30805, "history": "ExplorerRun.0", "testname": "my_lib_cs_amp_1", "cornername": "Nominal", "point": 1, "logfile": "/home/dtvt_13/truong/logs_dtvt_13/logs0/Job44.log", "exitStatus": "0"}
[2026-04-09 16:54:16.083 +0700] [PROCESS] [cadence.virtuoso.ade.simulationMonitor] - Finished Simulation {"hostname": "dtvt_13", "processid": 30805, "history": "ExplorerRun.0", "testname": "my_lib_cs_amp_1", "cornername": "Nominal", "point": 1, "logfile": "/home/dtvt_13/truong/logs_dtvt_13/logs0/Job44.log", "simid": "5"}
[2026-04-09 16:54:17.097 +0700] [PROCESS] [cadence.virtuoso.ade.simulationMonitor] - Point Finished {"hostname": "dtvt_13", "processid": 30805, "history": "ExplorerRun.0", "testname": "my_lib_cs_amp_1", "cornername": "Nominal", "point": 1, "logfile": "/home/dtvt_13/truong/logs_dtvt_13/logs0/Job44.log"}
[2026-04-09 16:55:15.340 +0700] [INFO] [cadence.virtuoso.ade.simulationMonitor] - SimulationMonitor has terminated the vds process '1920', reason: 'Force to stop the expression evalutor process because of new run' {"history": "ExplorerRun.0", "point": 1, "testname": "my_lib_cs_amp_1", "cornername": "Nominal"}
[2026-04-09 16:55:15.340 +0700] [PROCESS] [cadence.virtuoso.ade.simulationMonitor] - HostInfo:
Host name (type):	dtvt_13 (x86_64)
Operating system:	Linux 3.10.0-1160.118.1.el7.x86_64 #1 SMP Wed Apr 24 16:01:50 UTC 2024 {"hostname": "dtvt_13", "processid": 30805, "history": "ExplorerRun.0", "testname": "my_lib_cs_amp_1", "cornername": "Nominal", "point": 1, "logfile": "/home/dtvt_13/truong/logs_dtvt_13/logs0/Job44.log", "nodename": "dtvt_13", "domainname": "(none)", "machine": "x86_64", "sysname": "Linux", "release": "3.10.0-1160.118.1.el7.x86_64", "version": "#1 SMP Wed Apr 24 16:01:50 UTC 2024"}
[2026-04-09 16:55:15.340 +0700] [PROCESS] [cadence.virtuoso.ade.simulationMonitor] - UsageInfo:
pid=30805
totalPhysicalMemory=15.208324GB,Used=13.606140GB,totalVirtualMemory=22.895821GB,Used=13.646179GB
Cpu: Cores=24, Load average:0.190000,0.200000,0.200000 {"hostname": "dtvt_13", "processid": 30805, "history": "ExplorerRun.0", "testname": "my_lib_cs_amp_1", "cornername": "Nominal", "point": 1, "logfile": "/home/dtvt_13/truong/logs_dtvt_13/logs0/Job44.log", "pid": "30805", "totalPhysicalMemory": "15.208324", "physicalMemoryUsed": "13.606140", "totalVirtualMemory": "22.895821", "virtualMemoryUsed": "13.646179", "cpuCores": "24", "processes": "2545", "loadAverage1": "0.190000", "loadAverage5": "0.200000", "loadAverage15": "0.200000", "loadAverage1Percent": "0.007917"}
[2026-04-09 16:55:15.341 +0700] [EVENT] [cadence.virtuoso.ade.simulationMonitor] - NewPoint {"history": "ExplorerRun.0", "point": 1, "testname": "my_lib_cs_amp_1", "cornername": "Nominal", "event": "NewPoint", "EventSource": "Simulation Monitor", "HistoryName": "ExplorerRun.0", "logFile": "/home/dtvt_13/truong/logs_dtvt_13/logs0/Job44.log", "logFileSize": "45947"}
[2026-04-09 16:55:15.442 +0700] [EVENT] [cadence.virtuoso.ade.simulationMonitor] - NewPoint {"history": "ExplorerRun.0", "point": 1, "testname": "my_lib_cs_amp_1", "cornername": "Nominal", "event": "NewPoint", "EventSource": "spectre", "HistoryName": "ExplorerRun.0", "logFile": "/home/dtvt_13/simulation/my_lib/cs_amp/maestro/results/maestro/ExplorerRun.0/1/my_lib_cs_amp_1/psf/spectre.out", "logFileSize": "-1"}
[2026-04-09 16:55:15.445 +0700] [PROCESS] [cadence.virtuoso.ade.simulationMonitor] - Simulator launched {"hostname": "dtvt_13", "processid": 30805, "history": "ExplorerRun.0", "testname": "my_lib_cs_amp_1", "cornername": "Nominal", "point": 1, "logfile": "/home/dtvt_13/truong/logs_dtvt_13/logs0/Job44.log", "simid": "6"}
[2026-04-09 16:55:15.450 +0700] [PROCESS] [cadence.virtuoso.ade.simulationMonitor] - Expression evaluator launched {"hostname": "dtvt_13", "processid": 30805, "history": "ExplorerRun.0", "testname": "my_lib_cs_amp_1", "cornername": "Nominal", "point": 1, "logfile": "/home/dtvt_13/truong/logs_dtvt_13/logs0/Job44.log"}
[2026-04-09 16:55:15.454 +0700] [PROCESS] [cadence.virtuoso.ade.simulationMonitor] - Started Simulation {"hostname": "dtvt_13", "processid": 30805, "history": "ExplorerRun.0", "testname": "my_lib_cs_amp_1", "cornername": "Nominal", "point": 1, "logfile": "/home/dtvt_13/truong/logs_dtvt_13/logs0/Job44.log"}
[2026-04-09 16:55:36.759 +0700] [INFO] [cadence.virtuoso.ade.simulationMonitor] - Peak resident memory used = 95.5 Mbytes. {"history": "ExplorerRun.0", "point": 1, "testname": "my_lib_cs_amp_1", "cornername": "Nominal"}
[2026-04-09 16:55:36.759 +0700] [INFO] [cadence.virtuoso.ade.simulationMonitor] - Peak resident memory used = 104 Mbytes. {"history": "ExplorerRun.0", "point": 1, "testname": "my_lib_cs_amp_1", "cornername": "Nominal"}
[2026-04-09 16:55:36.759 +0700] [INFO] [cadence.virtuoso.ade.simulationMonitor] - Notice from spectre during hierarchy flattening.
    The value 'psf' specified for the 'checklimitdest' option will no longer be supported in future releases. Use 'spectre -h' to see other recommended values for the 'checklimitdest' option. {"history": "ExplorerRun.0", "point": 1, "testname": "my_lib_cs_amp_1", "cornername": "Nominal"}
[2026-04-09 16:55:36.760 +0700] [INFO] [cadence.virtuoso.ade.simulationMonitor] - Peak resident memory used = 105 Mbytes. {"history": "ExplorerRun.0", "point": 1, "testname": "my_lib_cs_amp_1", "cornername": "Nominal"}
[2026-04-09 16:55:36.760 +0700] [INFO] [cadence.virtuoso.ade.simulationMonitor] - Notice from spectre during initial setup.
    Multithreading is disabled due to the size of the design being too small. {"history": "ExplorerRun.0", "point": 1, "testname": "my_lib_cs_amp_1", "cornername": "Nominal"}
[2026-04-09 16:55:36.761 +0700] [INFO] [cadence.virtuoso.ade.simulationMonitor] -               nodes 22 {"history": "ExplorerRun.0", "point": 1, "testname": "my_lib_cs_amp_1", "cornername": "Nominal"}
[2026-04-09 16:55:36.761 +0700] [INFO] [cadence.virtuoso.ade.simulationMonitor] - Notice from spectre during initial setup.
    APS enabled. {"history": "ExplorerRun.0", "point": 1, "testname": "my_lib_cs_amp_1", "cornername": "Nominal"}
[2026-04-09 16:55:36.761 +0700] [INFO] [cadence.virtuoso.ade.simulationMonitor] - Peak resident memory used = 107 Mbytes. {"history": "ExplorerRun.0", "point": 1, "testname": "my_lib_cs_amp_1", "cornername": "Nominal"}
[2026-04-09 16:55:36.761 +0700] [INFO] [cadence.virtuoso.ade.simulationMonitor] -    -   (APS) Multi-threading. The recommended number of threads is 1, consider adding +mt=1 on command line. {"history": "ExplorerRun.0", "point": 1, "testname": "my_lib_cs_amp_1", "cornername": "Nominal"}
[2026-04-09 16:55:36.761 +0700] [INFO] [cadence.virtuoso.ade.simulationMonitor] - Total time required for dc analysis `dcOp': CPU = 1.747 ms, elapsed = 2.80809 ms. {"history": "ExplorerRun.0", "point": 1, "testname": "my_lib_cs_amp_1", "cornername": "Nominal"}
[2026-04-09 16:55:36.762 +0700] [INFO] [cadence.virtuoso.ade.simulationMonitor] - Peak resident memory used = 109 Mbytes. {"history": "ExplorerRun.0", "point": 1, "testname": "my_lib_cs_amp_1", "cornername": "Nominal"}
[2026-04-09 16:55:36.762 +0700] [INFO] [cadence.virtuoso.ade.simulationMonitor] - Time used: CPU = 537 ms, elapsed = 20.9 s, util. = 2.57%. {"history": "ExplorerRun.0", "point": 1, "testname": "my_lib_cs_amp_1", "cornername": "Nominal"}
[2026-04-09 16:55:36.762 +0700] [INFO] [cadence.virtuoso.ade.simulationMonitor] - Time spent in licensing: elapsed = 20.3 s, percentage of total = 97.2%. {"history": "ExplorerRun.0", "point": 1, "testname": "my_lib_cs_amp_1", "cornername": "Nominal"}
[2026-04-09 16:55:36.762 +0700] [INFO] [cadence.virtuoso.ade.simulationMonitor] - Peak memory used = 111 Mbytes. {"history": "ExplorerRun.0", "point": 1, "testname": "my_lib_cs_amp_1", "cornername": "Nominal"}
[2026-04-09 16:55:36.762 +0700] [PROCESS] [cadence.virtuoso.ade.simulationMonitor] - Simulation started at: 4:55:15 PM, Thur Apr 9, 2026, ended at: 4:55:36 PM, Thur Apr 9, 2026, with elapsed time (wall clock): 20.9 s. {"history": "ExplorerRun.0", "point": 1, "testname": "my_lib_cs_amp_1", "cornername": "Nominal"}
[2026-04-09 16:55:36.763 +0700] [PROCESS] [cadence.virtuoso.ade.simulationMonitor] - spectre completes with 0 errors, 0 warnings, and 4 notices. {"history": "ExplorerRun.0", "point": 1, "testname": "my_lib_cs_amp_1", "cornername": "Nominal"}
[2026-04-09 16:55:37.264 +0700] [PROCESS] [cadence.virtuoso.ade.simulationMonitor] - Finished simulating for one point {"hostname": "dtvt_13", "processid": 30805, "history": "ExplorerRun.0", "testname": "my_lib_cs_amp_1", "cornername": "Nominal", "point": 1, "logfile": "/home/dtvt_13/truong/logs_dtvt_13/logs0/Job44.log", "simid": "6"}
[2026-04-09 16:55:37.264 +0700] [PROCESS] [cadence.virtuoso.ade.simulationMonitor] - Simulator exited {"hostname": "dtvt_13", "processid": 30805, "history": "ExplorerRun.0", "testname": "my_lib_cs_amp_1", "cornername": "Nominal", "point": 1, "logfile": "/home/dtvt_13/truong/logs_dtvt_13/logs0/Job44.log", "exitStatus": "0"}
[2026-04-09 16:55:37.265 +0700] [PROCESS] [cadence.virtuoso.ade.simulationMonitor] - Finished Simulation {"hostname": "dtvt_13", "processid": 30805, "history": "ExplorerRun.0", "testname": "my_lib_cs_amp_1", "cornername": "Nominal", "point": 1, "logfile": "/home/dtvt_13/truong/logs_dtvt_13/logs0/Job44.log", "simid": "6"}
[2026-04-09 16:55:38.281 +0700] [PROCESS] [cadence.virtuoso.ade.simulationMonitor] - Point Finished {"hostname": "dtvt_13", "processid": 30805, "history": "ExplorerRun.0", "testname": "my_lib_cs_amp_1", "cornername": "Nominal", "point": 1, "logfile": "/home/dtvt_13/truong/logs_dtvt_13/logs0/Job44.log"}
[2026-04-09 16:56:23.331 +0700] [INFO] [cadence.virtuoso.ade.simulationMonitor] - SimulationMonitor has terminated the vds process '2697', reason: 'Force to stop the expression evalutor process because of new run' {"history": "ExplorerRun.0", "point": 1, "testname": "my_lib_cs_amp_1", "cornername": "Nominal"}
[2026-04-09 16:56:23.331 +0700] [PROCESS] [cadence.virtuoso.ade.simulationMonitor] - HostInfo:
Host name (type):	dtvt_13 (x86_64)
Operating system:	Linux 3.10.0-1160.118.1.el7.x86_64 #1 SMP Wed Apr 24 16:01:50 UTC 2024 {"hostname": "dtvt_13", "processid": 30805, "history": "ExplorerRun.0", "testname": "my_lib_cs_amp_1", "cornername": "Nominal", "point": 1, "logfile": "/home/dtvt_13/truong/logs_dtvt_13/logs0/Job44.log", "nodename": "dtvt_13", "domainname": "(none)", "machine": "x86_64", "sysname": "Linux", "release": "3.10.0-1160.118.1.el7.x86_64", "version": "#1 SMP Wed Apr 24 16:01:50 UTC 2024"}
[2026-04-09 16:56:23.331 +0700] [PROCESS] [cadence.virtuoso.ade.simulationMonitor] - UsageInfo:
pid=30805
totalPhysicalMemory=15.208324GB,Used=13.611084GB,totalVirtualMemory=22.895821GB,Used=13.651123GB
Cpu: Cores=24, Load average:0.430000,0.250000,0.220000 {"hostname": "dtvt_13", "processid": 30805, "history": "ExplorerRun.0", "testname": "my_lib_cs_amp_1", "cornername": "Nominal", "point": 1, "logfile": "/home/dtvt_13/truong/logs_dtvt_13/logs0/Job44.log", "pid": "30805", "totalPhysicalMemory": "15.208324", "physicalMemoryUsed": "13.611084", "totalVirtualMemory": "22.895821", "virtualMemoryUsed": "13.651123", "cpuCores": "24", "processes": "2545", "loadAverage1": "0.430000", "loadAverage5": "0.250000", "loadAverage15": "0.220000", "loadAverage1Percent": "0.017917"}
[2026-04-09 16:56:23.332 +0700] [EVENT] [cadence.virtuoso.ade.simulationMonitor] - NewPoint {"history": "ExplorerRun.0", "point": 1, "testname": "my_lib_cs_amp_1", "cornername": "Nominal", "event": "NewPoint", "EventSource": "Simulation Monitor", "HistoryName": "ExplorerRun.0", "logFile": "/home/dtvt_13/truong/logs_dtvt_13/logs0/Job44.log", "logFileSize": "54717"}
[2026-04-09 16:56:23.432 +0700] [EVENT] [cadence.virtuoso.ade.simulationMonitor] - NewPoint {"history": "ExplorerRun.0", "point": 1, "testname": "my_lib_cs_amp_1", "cornername": "Nominal", "event": "NewPoint", "EventSource": "spectre", "HistoryName": "ExplorerRun.0", "logFile": "/home/dtvt_13/simulation/my_lib/cs_amp/maestro/results/maestro/ExplorerRun.0/1/my_lib_cs_amp_1/psf/spectre.out", "logFileSize": "-1"}
[2026-04-09 16:56:23.443 +0700] [PROCESS] [cadence.virtuoso.ade.simulationMonitor] - Simulator launched {"hostname": "dtvt_13", "processid": 30805, "history": "ExplorerRun.0", "testname": "my_lib_cs_amp_1", "cornername": "Nominal", "point": 1, "logfile": "/home/dtvt_13/truong/logs_dtvt_13/logs0/Job44.log", "simid": "7"}
[2026-04-09 16:56:23.450 +0700] [PROCESS] [cadence.virtuoso.ade.simulationMonitor] - Expression evaluator launched {"hostname": "dtvt_13", "processid": 30805, "history": "ExplorerRun.0", "testname": "my_lib_cs_amp_1", "cornername": "Nominal", "point": 1, "logfile": "/home/dtvt_13/truong/logs_dtvt_13/logs0/Job44.log"}
[2026-04-09 16:56:23.464 +0700] [PROCESS] [cadence.virtuoso.ade.simulationMonitor] - Started Simulation {"hostname": "dtvt_13", "processid": 30805, "history": "ExplorerRun.0", "testname": "my_lib_cs_amp_1", "cornername": "Nominal", "point": 1, "logfile": "/home/dtvt_13/truong/logs_dtvt_13/logs0/Job44.log"}
[2026-04-09 16:56:44.771 +0700] [PROCESS] [cadence.virtuoso.ade.simulationMonitor] - Finished simulating for one point {"hostname": "dtvt_13", "processid": 30805, "history": "ExplorerRun.0", "testname": "my_lib_cs_amp_1", "cornername": "Nominal", "point": 1, "logfile": "/home/dtvt_13/truong/logs_dtvt_13/logs0/Job44.log", "simid": "7"}
[2026-04-09 16:56:44.772 +0700] [INFO] [cadence.virtuoso.ade.simulationMonitor] - Peak resident memory used = 95.5 Mbytes. {"history": "ExplorerRun.0", "point": 1, "testname": "my_lib_cs_amp_1", "cornername": "Nominal"}
[2026-04-09 16:56:44.773 +0700] [INFO] [cadence.virtuoso.ade.simulationMonitor] - Peak resident memory used = 104 Mbytes. {"history": "ExplorerRun.0", "point": 1, "testname": "my_lib_cs_amp_1", "cornername": "Nominal"}
[2026-04-09 16:56:44.773 +0700] [INFO] [cadence.virtuoso.ade.simulationMonitor] - Notice from spectre during hierarchy flattening.
    The value 'psf' specified for the 'checklimitdest' option will no longer be supported in future releases. Use 'spectre -h' to see other recommended values for the 'checklimitdest' option. {"history": "ExplorerRun.0", "point": 1, "testname": "my_lib_cs_amp_1", "cornername": "Nominal"}
[2026-04-09 16:56:44.773 +0700] [INFO] [cadence.virtuoso.ade.simulationMonitor] - Peak resident memory used = 105 Mbytes. {"history": "ExplorerRun.0", "point": 1, "testname": "my_lib_cs_amp_1", "cornername": "Nominal"}
[2026-04-09 16:56:44.773 +0700] [INFO] [cadence.virtuoso.ade.simulationMonitor] - Notice from spectre during initial setup.
    Multithreading is disabled due to the size of the design being too small. {"history": "ExplorerRun.0", "point": 1, "testname": "my_lib_cs_amp_1", "cornername": "Nominal"}
[2026-04-09 16:56:44.774 +0700] [INFO] [cadence.virtuoso.ade.simulationMonitor] -               nodes 22 {"history": "ExplorerRun.0", "point": 1, "testname": "my_lib_cs_amp_1", "cornername": "Nominal"}
[2026-04-09 16:56:44.774 +0700] [INFO] [cadence.virtuoso.ade.simulationMonitor] - Notice from spectre during initial setup.
    APS enabled. {"history": "ExplorerRun.0", "point": 1, "testname": "my_lib_cs_amp_1", "cornername": "Nominal"}
[2026-04-09 16:56:44.775 +0700] [INFO] [cadence.virtuoso.ade.simulationMonitor] - Peak resident memory used = 107 Mbytes. {"history": "ExplorerRun.0", "point": 1, "testname": "my_lib_cs_amp_1", "cornername": "Nominal"}
[2026-04-09 16:56:44.775 +0700] [INFO] [cadence.virtuoso.ade.simulationMonitor] -    -   (APS) Multi-threading. The recommended number of threads is 1, consider adding +mt=1 on command line. {"history": "ExplorerRun.0", "point": 1, "testname": "my_lib_cs_amp_1", "cornername": "Nominal"}
[2026-04-09 16:56:44.775 +0700] [INFO] [cadence.virtuoso.ade.simulationMonitor] - Total time required for dc analysis `dcOp': CPU = 1.372 ms, elapsed = 2.42901 ms. {"history": "ExplorerRun.0", "point": 1, "testname": "my_lib_cs_amp_1", "cornername": "Nominal"}
[2026-04-09 16:56:44.775 +0700] [INFO] [cadence.virtuoso.ade.simulationMonitor] - Peak resident memory used = 109 Mbytes. {"history": "ExplorerRun.0", "point": 1, "testname": "my_lib_cs_amp_1", "cornername": "Nominal"}
[2026-04-09 16:56:44.776 +0700] [INFO] [cadence.virtuoso.ade.simulationMonitor] - Time used: CPU = 524 ms, elapsed = 20.8 s, util. = 2.51%. {"history": "ExplorerRun.0", "point": 1, "testname": "my_lib_cs_amp_1", "cornername": "Nominal"}
[2026-04-09 16:56:44.776 +0700] [INFO] [cadence.virtuoso.ade.simulationMonitor] - Time spent in licensing: elapsed = 20.3 s, percentage of total = 97.3%. {"history": "ExplorerRun.0", "point": 1, "testname": "my_lib_cs_amp_1", "cornername": "Nominal"}
[2026-04-09 16:56:44.776 +0700] [INFO] [cadence.virtuoso.ade.simulationMonitor] - Peak memory used = 111 Mbytes. {"history": "ExplorerRun.0", "point": 1, "testname": "my_lib_cs_amp_1", "cornername": "Nominal"}
[2026-04-09 16:56:44.776 +0700] [PROCESS] [cadence.virtuoso.ade.simulationMonitor] - Simulation started at: 4:56:23 PM, Thur Apr 9, 2026, ended at: 4:56:44 PM, Thur Apr 9, 2026, with elapsed time (wall clock): 20.8 s. {"history": "ExplorerRun.0", "point": 1, "testname": "my_lib_cs_amp_1", "cornername": "Nominal"}
[2026-04-09 16:56:44.776 +0700] [PROCESS] [cadence.virtuoso.ade.simulationMonitor] - spectre completes with 0 errors, 0 warnings, and 4 notices. {"history": "ExplorerRun.0", "point": 1, "testname": "my_lib_cs_amp_1", "cornername": "Nominal"}
[2026-04-09 16:56:44.777 +0700] [PROCESS] [cadence.virtuoso.ade.simulationMonitor] - Simulator exited {"hostname": "dtvt_13", "processid": 30805, "history": "ExplorerRun.0", "testname": "my_lib_cs_amp_1", "cornername": "Nominal", "point": 1, "logfile": "/home/dtvt_13/truong/logs_dtvt_13/logs0/Job44.log", "exitStatus": "0"}
[2026-04-09 16:56:44.777 +0700] [PROCESS] [cadence.virtuoso.ade.simulationMonitor] - Finished Simulation {"hostname": "dtvt_13", "processid": 30805, "history": "ExplorerRun.0", "testname": "my_lib_cs_amp_1", "cornername": "Nominal", "point": 1, "logfile": "/home/dtvt_13/truong/logs_dtvt_13/logs0/Job44.log", "simid": "7"}
[2026-04-09 16:56:45.790 +0700] [PROCESS] [cadence.virtuoso.ade.simulationMonitor] - Point Finished {"hostname": "dtvt_13", "processid": 30805, "history": "ExplorerRun.0", "testname": "my_lib_cs_amp_1", "cornername": "Nominal", "point": 1, "logfile": "/home/dtvt_13/truong/logs_dtvt_13/logs0/Job44.log"}
[2026-04-09 16:57:09.583 +0700] [INFO] [cadence.virtuoso.ade.simulationMonitor] - SimulationMonitor has terminated the vds process '3398', reason: 'Force to stop the expression evalutor process because of new run' {"history": "ExplorerRun.0", "point": 1, "testname": "my_lib_cs_amp_1", "cornername": "Nominal"}
[2026-04-09 16:57:09.583 +0700] [PROCESS] [cadence.virtuoso.ade.simulationMonitor] - HostInfo:
Host name (type):	dtvt_13 (x86_64)
Operating system:	Linux 3.10.0-1160.118.1.el7.x86_64 #1 SMP Wed Apr 24 16:01:50 UTC 2024 {"hostname": "dtvt_13", "processid": 30805, "history": "ExplorerRun.0", "testname": "my_lib_cs_amp_1", "cornername": "Nominal", "point": 1, "logfile": "/home/dtvt_13/truong/logs_dtvt_13/logs0/Job44.log", "nodename": "dtvt_13", "domainname": "(none)", "machine": "x86_64", "sysname": "Linux", "release": "3.10.0-1160.118.1.el7.x86_64", "version": "#1 SMP Wed Apr 24 16:01:50 UTC 2024"}
[2026-04-09 16:57:09.584 +0700] [PROCESS] [cadence.virtuoso.ade.simulationMonitor] - UsageInfo:
pid=30805
totalPhysicalMemory=15.208324GB,Used=13.612904GB,totalVirtualMemory=22.895821GB,Used=13.652943GB
Cpu: Cores=24, Load average:0.270000,0.230000,0.220000 {"hostname": "dtvt_13", "processid": 30805, "history": "ExplorerRun.0", "testname": "my_lib_cs_amp_1", "cornername": "Nominal", "point": 1, "logfile": "/home/dtvt_13/truong/logs_dtvt_13/logs0/Job44.log", "pid": "30805", "totalPhysicalMemory": "15.208324", "physicalMemoryUsed": "13.612904", "totalVirtualMemory": "22.895821", "virtualMemoryUsed": "13.652943", "cpuCores": "24", "processes": "2544", "loadAverage1": "0.270000", "loadAverage5": "0.230000", "loadAverage15": "0.220000", "loadAverage1Percent": "0.011250"}
[2026-04-09 16:57:09.584 +0700] [EVENT] [cadence.virtuoso.ade.simulationMonitor] - NewPoint {"history": "ExplorerRun.0", "point": 1, "testname": "my_lib_cs_amp_1", "cornername": "Nominal", "event": "NewPoint", "EventSource": "Simulation Monitor", "HistoryName": "ExplorerRun.0", "logFile": "/home/dtvt_13/truong/logs_dtvt_13/logs0/Job44.log", "logFileSize": "63487"}
[2026-04-09 16:57:09.685 +0700] [EVENT] [cadence.virtuoso.ade.simulationMonitor] - NewPoint {"history": "ExplorerRun.0", "point": 1, "testname": "my_lib_cs_amp_1", "cornername": "Nominal", "event": "NewPoint", "EventSource": "spectre", "HistoryName": "ExplorerRun.0", "logFile": "/home/dtvt_13/simulation/my_lib/cs_amp/maestro/results/maestro/ExplorerRun.0/1/my_lib_cs_amp_1/psf/spectre.out", "logFileSize": "-1"}
[2026-04-09 16:57:09.696 +0700] [PROCESS] [cadence.virtuoso.ade.simulationMonitor] - Simulator launched {"hostname": "dtvt_13", "processid": 30805, "history": "ExplorerRun.0", "testname": "my_lib_cs_amp_1", "cornername": "Nominal", "point": 1, "logfile": "/home/dtvt_13/truong/logs_dtvt_13/logs0/Job44.log", "simid": "8"}
[2026-04-09 16:57:09.698 +0700] [PROCESS] [cadence.virtuoso.ade.simulationMonitor] - Expression evaluator launched {"hostname": "dtvt_13", "processid": 30805, "history": "ExplorerRun.0", "testname": "my_lib_cs_amp_1", "cornername": "Nominal", "point": 1, "logfile": "/home/dtvt_13/truong/logs_dtvt_13/logs0/Job44.log"}
[2026-04-09 16:57:09.713 +0700] [PROCESS] [cadence.virtuoso.ade.simulationMonitor] - Started Simulation {"hostname": "dtvt_13", "processid": 30805, "history": "ExplorerRun.0", "testname": "my_lib_cs_amp_1", "cornername": "Nominal", "point": 1, "logfile": "/home/dtvt_13/truong/logs_dtvt_13/logs0/Job44.log"}
[2026-04-09 16:57:31.097 +0700] [PROCESS] [cadence.virtuoso.ade.simulationMonitor] - Finished simulating for one point {"hostname": "dtvt_13", "processid": 30805, "history": "ExplorerRun.0", "testname": "my_lib_cs_amp_1", "cornername": "Nominal", "point": 1, "logfile": "/home/dtvt_13/truong/logs_dtvt_13/logs0/Job44.log", "simid": "8"}
[2026-04-09 16:57:31.097 +0700] [INFO] [cadence.virtuoso.ade.simulationMonitor] - Peak resident memory used = 97 Mbytes. {"history": "ExplorerRun.0", "point": 1, "testname": "my_lib_cs_amp_1", "cornername": "Nominal"}
[2026-04-09 16:57:31.098 +0700] [INFO] [cadence.virtuoso.ade.simulationMonitor] - Peak resident memory used = 106 Mbytes. {"history": "ExplorerRun.0", "point": 1, "testname": "my_lib_cs_amp_1", "cornername": "Nominal"}
[2026-04-09 16:57:31.098 +0700] [INFO] [cadence.virtuoso.ade.simulationMonitor] - Notice from spectre during hierarchy flattening.
    The value 'psf' specified for the 'checklimitdest' option will no longer be supported in future releases. Use 'spectre -h' to see other recommended values for the 'checklimitdest' option. {"history": "ExplorerRun.0", "point": 1, "testname": "my_lib_cs_amp_1", "cornername": "Nominal"}
[2026-04-09 16:57:31.098 +0700] [INFO] [cadence.virtuoso.ade.simulationMonitor] - Peak resident memory used = 107 Mbytes. {"history": "ExplorerRun.0", "point": 1, "testname": "my_lib_cs_amp_1", "cornername": "Nominal"}
[2026-04-09 16:57:31.099 +0700] [INFO] [cadence.virtuoso.ade.simulationMonitor] - Notice from spectre during initial setup.
    Multithreading is disabled due to the size of the design being too small. {"history": "ExplorerRun.0", "point": 1, "testname": "my_lib_cs_amp_1", "cornername": "Nominal"}
[2026-04-09 16:57:31.099 +0700] [INFO] [cadence.virtuoso.ade.simulationMonitor] -               nodes 22 {"history": "ExplorerRun.0", "point": 1, "testname": "my_lib_cs_amp_1", "cornername": "Nominal"}
[2026-04-09 16:57:31.100 +0700] [INFO] [cadence.virtuoso.ade.simulationMonitor] - Notice from spectre during initial setup.
    APS enabled. {"history": "ExplorerRun.0", "point": 1, "testname": "my_lib_cs_amp_1", "cornername": "Nominal"}
[2026-04-09 16:57:31.100 +0700] [INFO] [cadence.virtuoso.ade.simulationMonitor] - Peak resident memory used = 108 Mbytes. {"history": "ExplorerRun.0", "point": 1, "testname": "my_lib_cs_amp_1", "cornername": "Nominal"}
[2026-04-09 16:57:31.100 +0700] [INFO] [cadence.virtuoso.ade.simulationMonitor] -    -   (APS) Multi-threading. The recommended number of threads is 1, consider adding +mt=1 on command line. {"history": "ExplorerRun.0", "point": 1, "testname": "my_lib_cs_amp_1", "cornername": "Nominal"}
[2026-04-09 16:57:31.100 +0700] [INFO] [cadence.virtuoso.ade.simulationMonitor] - Total time required for dc analysis `dcOp': CPU = 2.05 ms, elapsed = 3.09801 ms. {"history": "ExplorerRun.0", "point": 1, "testname": "my_lib_cs_amp_1", "cornername": "Nominal"}
[2026-04-09 16:57:31.101 +0700] [INFO] [cadence.virtuoso.ade.simulationMonitor] - Peak resident memory used = 110 Mbytes. {"history": "ExplorerRun.0", "point": 1, "testname": "my_lib_cs_amp_1", "cornername": "Nominal"}
[2026-04-09 16:57:31.101 +0700] [INFO] [cadence.virtuoso.ade.simulationMonitor] - Time used: CPU = 547 ms, elapsed = 20.9 s, util. = 2.62%. {"history": "ExplorerRun.0", "point": 1, "testname": "my_lib_cs_amp_1", "cornername": "Nominal"}
[2026-04-09 16:57:31.101 +0700] [INFO] [cadence.virtuoso.ade.simulationMonitor] - Time spent in licensing: elapsed = 20.3 s, percentage of total = 97.3%. {"history": "ExplorerRun.0", "point": 1, "testname": "my_lib_cs_amp_1", "cornername": "Nominal"}
[2026-04-09 16:57:31.101 +0700] [INFO] [cadence.virtuoso.ade.simulationMonitor] - Peak memory used = 112 Mbytes. {"history": "ExplorerRun.0", "point": 1, "testname": "my_lib_cs_amp_1", "cornername": "Nominal"}
[2026-04-09 16:57:31.101 +0700] [PROCESS] [cadence.virtuoso.ade.simulationMonitor] - Simulation started at: 4:57:09 PM, Thur Apr 9, 2026, ended at: 4:57:30 PM, Thur Apr 9, 2026, with elapsed time (wall clock): 20.9 s. {"history": "ExplorerRun.0", "point": 1, "testname": "my_lib_cs_amp_1", "cornername": "Nominal"}
[2026-04-09 16:57:31.102 +0700] [PROCESS] [cadence.virtuoso.ade.simulationMonitor] - spectre completes with 0 errors, 0 warnings, and 4 notices. {"history": "ExplorerRun.0", "point": 1, "testname": "my_lib_cs_amp_1", "cornername": "Nominal"}
[2026-04-09 16:57:31.102 +0700] [PROCESS] [cadence.virtuoso.ade.simulationMonitor] - Simulator exited {"hostname": "dtvt_13", "processid": 30805, "history": "ExplorerRun.0", "testname": "my_lib_cs_amp_1", "cornername": "Nominal", "point": 1, "logfile": "/home/dtvt_13/truong/logs_dtvt_13/logs0/Job44.log", "exitStatus": "0"}
[2026-04-09 16:57:31.102 +0700] [PROCESS] [cadence.virtuoso.ade.simulationMonitor] - Finished Simulation {"hostname": "dtvt_13", "processid": 30805, "history": "ExplorerRun.0", "testname": "my_lib_cs_amp_1", "cornername": "Nominal", "point": 1, "logfile": "/home/dtvt_13/truong/logs_dtvt_13/logs0/Job44.log", "simid": "8"}
[2026-04-09 16:57:32.116 +0700] [PROCESS] [cadence.virtuoso.ade.simulationMonitor] - Point Finished {"hostname": "dtvt_13", "processid": 30805, "history": "ExplorerRun.0", "testname": "my_lib_cs_amp_1", "cornername": "Nominal", "point": 1, "logfile": "/home/dtvt_13/truong/logs_dtvt_13/logs0/Job44.log"}
[2026-04-09 16:59:14.265 +0700] [INFO] [cadence.virtuoso.ade.simulationMonitor] - SimulationMonitor has terminated the vds process '4020', reason: 'Force to stop the expression evalutor process because of new run' {"history": "ExplorerRun.0", "point": 1, "testname": "my_lib_cs_amp_1", "cornername": "Nominal"}
[2026-04-09 16:59:14.265 +0700] [PROCESS] [cadence.virtuoso.ade.simulationMonitor] - HostInfo:
Host name (type):	dtvt_13 (x86_64)
Operating system:	Linux 3.10.0-1160.118.1.el7.x86_64 #1 SMP Wed Apr 24 16:01:50 UTC 2024 {"hostname": "dtvt_13", "processid": 30805, "history": "ExplorerRun.0", "testname": "my_lib_cs_amp_1", "cornername": "Nominal", "point": 1, "logfile": "/home/dtvt_13/truong/logs_dtvt_13/logs0/Job44.log", "nodename": "dtvt_13", "domainname": "(none)", "machine": "x86_64", "sysname": "Linux", "release": "3.10.0-1160.118.1.el7.x86_64", "version": "#1 SMP Wed Apr 24 16:01:50 UTC 2024"}
[2026-04-09 16:59:14.266 +0700] [PROCESS] [cadence.virtuoso.ade.simulationMonitor] - UsageInfo:
pid=30805
totalPhysicalMemory=15.208324GB,Used=13.620766GB,totalVirtualMemory=22.895821GB,Used=13.660805GB
Cpu: Cores=24, Load average:0.180000,0.200000,0.210000 {"hostname": "dtvt_13", "processid": 30805, "history": "ExplorerRun.0", "testname": "my_lib_cs_amp_1", "cornername": "Nominal", "point": 1, "logfile": "/home/dtvt_13/truong/logs_dtvt_13/logs0/Job44.log", "pid": "30805", "totalPhysicalMemory": "15.208324", "physicalMemoryUsed": "13.620766", "totalVirtualMemory": "22.895821", "virtualMemoryUsed": "13.660805", "cpuCores": "24", "processes": "2543", "loadAverage1": "0.180000", "loadAverage5": "0.200000", "loadAverage15": "0.210000", "loadAverage1Percent": "0.007500"}
[2026-04-09 16:59:14.266 +0700] [EVENT] [cadence.virtuoso.ade.simulationMonitor] - NewPoint {"history": "ExplorerRun.0", "point": 1, "testname": "my_lib_cs_amp_1", "cornername": "Nominal", "event": "NewPoint", "EventSource": "Simulation Monitor", "HistoryName": "ExplorerRun.0", "logFile": "/home/dtvt_13/truong/logs_dtvt_13/logs0/Job44.log", "logFileSize": "72254"}
[2026-04-09 16:59:14.366 +0700] [EVENT] [cadence.virtuoso.ade.simulationMonitor] - NewPoint {"history": "ExplorerRun.0", "point": 1, "testname": "my_lib_cs_amp_1", "cornername": "Nominal", "event": "NewPoint", "EventSource": "spectre", "HistoryName": "ExplorerRun.0", "logFile": "/home/dtvt_13/simulation/my_lib/cs_amp/maestro/results/maestro/ExplorerRun.0/1/my_lib_cs_amp_1/psf/spectre.out", "logFileSize": "-1"}
[2026-04-09 16:59:14.369 +0700] [PROCESS] [cadence.virtuoso.ade.simulationMonitor] - Simulator launched {"hostname": "dtvt_13", "processid": 30805, "history": "ExplorerRun.0", "testname": "my_lib_cs_amp_1", "cornername": "Nominal", "point": 1, "logfile": "/home/dtvt_13/truong/logs_dtvt_13/logs0/Job44.log", "simid": "9"}
[2026-04-09 16:59:14.373 +0700] [PROCESS] [cadence.virtuoso.ade.simulationMonitor] - Expression evaluator launched {"hostname": "dtvt_13", "processid": 30805, "history": "ExplorerRun.0", "testname": "my_lib_cs_amp_1", "cornername": "Nominal", "point": 1, "logfile": "/home/dtvt_13/truong/logs_dtvt_13/logs0/Job44.log"}
[2026-04-09 16:59:14.378 +0700] [PROCESS] [cadence.virtuoso.ade.simulationMonitor] - Started Simulation {"hostname": "dtvt_13", "processid": 30805, "history": "ExplorerRun.0", "testname": "my_lib_cs_amp_1", "cornername": "Nominal", "point": 1, "logfile": "/home/dtvt_13/truong/logs_dtvt_13/logs0/Job44.log"}
[2026-04-09 16:59:35.664 +0700] [INFO] [cadence.virtuoso.ade.simulationMonitor] - Peak resident memory used = 97 Mbytes. {"history": "ExplorerRun.0", "point": 1, "testname": "my_lib_cs_amp_1", "cornername": "Nominal"}
[2026-04-09 16:59:35.665 +0700] [INFO] [cadence.virtuoso.ade.simulationMonitor] - Peak resident memory used = 106 Mbytes. {"history": "ExplorerRun.0", "point": 1, "testname": "my_lib_cs_amp_1", "cornername": "Nominal"}
[2026-04-09 16:59:35.665 +0700] [INFO] [cadence.virtuoso.ade.simulationMonitor] - Notice from spectre during hierarchy flattening.
    The value 'psf' specified for the 'checklimitdest' option will no longer be supported in future releases. Use 'spectre -h' to see other recommended values for the 'checklimitdest' option. {"history": "ExplorerRun.0", "point": 1, "testname": "my_lib_cs_amp_1", "cornername": "Nominal"}
[2026-04-09 16:59:35.665 +0700] [INFO] [cadence.virtuoso.ade.simulationMonitor] - Peak resident memory used = 107 Mbytes. {"history": "ExplorerRun.0", "point": 1, "testname": "my_lib_cs_amp_1", "cornername": "Nominal"}
[2026-04-09 16:59:35.666 +0700] [INFO] [cadence.virtuoso.ade.simulationMonitor] - Notice from spectre during initial setup.
    Multithreading is disabled due to the size of the design being too small. {"history": "ExplorerRun.0", "point": 1, "testname": "my_lib_cs_amp_1", "cornername": "Nominal"}
[2026-04-09 16:59:35.666 +0700] [INFO] [cadence.virtuoso.ade.simulationMonitor] -               nodes 22 {"history": "ExplorerRun.0", "point": 1, "testname": "my_lib_cs_amp_1", "cornername": "Nominal"}
[2026-04-09 16:59:35.667 +0700] [INFO] [cadence.virtuoso.ade.simulationMonitor] - Notice from spectre during initial setup.
    APS enabled. {"history": "ExplorerRun.0", "point": 1, "testname": "my_lib_cs_amp_1", "cornername": "Nominal"}
[2026-04-09 16:59:35.667 +0700] [INFO] [cadence.virtuoso.ade.simulationMonitor] - Peak resident memory used = 108 Mbytes. {"history": "ExplorerRun.0", "point": 1, "testname": "my_lib_cs_amp_1", "cornername": "Nominal"}
[2026-04-09 16:59:35.667 +0700] [INFO] [cadence.virtuoso.ade.simulationMonitor] -    -   (APS) Multi-threading. The recommended number of threads is 1, consider adding +mt=1 on command line. {"history": "ExplorerRun.0", "point": 1, "testname": "my_lib_cs_amp_1", "cornername": "Nominal"}
[2026-04-09 16:59:35.668 +0700] [INFO] [cadence.virtuoso.ade.simulationMonitor] - Total time required for dc analysis `dcOp': CPU = 4.611 ms, elapsed = 5.70893 ms. {"history": "ExplorerRun.0", "point": 1, "testname": "my_lib_cs_amp_1", "cornername": "Nominal"}
[2026-04-09 16:59:35.668 +0700] [INFO] [cadence.virtuoso.ade.simulationMonitor] - Peak resident memory used = 110 Mbytes. {"history": "ExplorerRun.0", "point": 1, "testname": "my_lib_cs_amp_1", "cornername": "Nominal"}
[2026-04-09 16:59:35.668 +0700] [INFO] [cadence.virtuoso.ade.simulationMonitor] - Time used: CPU = 554 ms, elapsed = 20.9 s, util. = 2.65%. {"history": "ExplorerRun.0", "point": 1, "testname": "my_lib_cs_amp_1", "cornername": "Nominal"}
[2026-04-09 16:59:35.668 +0700] [INFO] [cadence.virtuoso.ade.simulationMonitor] - Time spent in licensing: elapsed = 20.3 s, percentage of total = 97.1%. {"history": "ExplorerRun.0", "point": 1, "testname": "my_lib_cs_amp_1", "cornername": "Nominal"}
[2026-04-09 16:59:35.668 +0700] [INFO] [cadence.virtuoso.ade.simulationMonitor] - Peak memory used = 112 Mbytes. {"history": "ExplorerRun.0", "point": 1, "testname": "my_lib_cs_amp_1", "cornername": "Nominal"}
[2026-04-09 16:59:35.669 +0700] [PROCESS] [cadence.virtuoso.ade.simulationMonitor] - Simulation started at: 4:59:14 PM, Thur Apr 9, 2026, ended at: 4:59:35 PM, Thur Apr 9, 2026, with elapsed time (wall clock): 20.9 s. {"history": "ExplorerRun.0", "point": 1, "testname": "my_lib_cs_amp_1", "cornername": "Nominal"}
[2026-04-09 16:59:35.669 +0700] [PROCESS] [cadence.virtuoso.ade.simulationMonitor] - spectre completes with 0 errors, 0 warnings, and 4 notices. {"history": "ExplorerRun.0", "point": 1, "testname": "my_lib_cs_amp_1", "cornername": "Nominal"}
[2026-04-09 16:59:36.170 +0700] [PROCESS] [cadence.virtuoso.ade.simulationMonitor] - Finished simulating for one point {"hostname": "dtvt_13", "processid": 30805, "history": "ExplorerRun.0", "testname": "my_lib_cs_amp_1", "cornername": "Nominal", "point": 1, "logfile": "/home/dtvt_13/truong/logs_dtvt_13/logs0/Job44.log", "simid": "9"}
[2026-04-09 16:59:36.170 +0700] [PROCESS] [cadence.virtuoso.ade.simulationMonitor] - Simulator exited {"hostname": "dtvt_13", "processid": 30805, "history": "ExplorerRun.0", "testname": "my_lib_cs_amp_1", "cornername": "Nominal", "point": 1, "logfile": "/home/dtvt_13/truong/logs_dtvt_13/logs0/Job44.log", "exitStatus": "0"}
[2026-04-09 16:59:36.171 +0700] [PROCESS] [cadence.virtuoso.ade.simulationMonitor] - Finished Simulation {"hostname": "dtvt_13", "processid": 30805, "history": "ExplorerRun.0", "testname": "my_lib_cs_amp_1", "cornername": "Nominal", "point": 1, "logfile": "/home/dtvt_13/truong/logs_dtvt_13/logs0/Job44.log", "simid": "9"}
[2026-04-09 16:59:37.185 +0700] [PROCESS] [cadence.virtuoso.ade.simulationMonitor] - Point Finished {"hostname": "dtvt_13", "processid": 30805, "history": "ExplorerRun.0", "testname": "my_lib_cs_amp_1", "cornername": "Nominal", "point": 1, "logfile": "/home/dtvt_13/truong/logs_dtvt_13/logs0/Job44.log"}
[2026-04-09 17:00:14.578 +0700] [INFO] [cadence.virtuoso.ade.simulationMonitor] - SimulationMonitor has terminated the vds process '4894', reason: 'Force to stop the expression evalutor process because of new run' {"history": "ExplorerRun.0", "point": 1, "testname": "my_lib_cs_amp_1", "cornername": "Nominal"}
[2026-04-09 17:00:14.578 +0700] [PROCESS] [cadence.virtuoso.ade.simulationMonitor] - HostInfo:
Host name (type):	dtvt_13 (x86_64)
Operating system:	Linux 3.10.0-1160.118.1.el7.x86_64 #1 SMP Wed Apr 24 16:01:50 UTC 2024 {"hostname": "dtvt_13", "processid": 30805, "history": "ExplorerRun.0", "testname": "my_lib_cs_amp_1", "cornername": "Nominal", "point": 1, "logfile": "/home/dtvt_13/truong/logs_dtvt_13/logs0/Job44.log", "nodename": "dtvt_13", "domainname": "(none)", "machine": "x86_64", "sysname": "Linux", "release": "3.10.0-1160.118.1.el7.x86_64", "version": "#1 SMP Wed Apr 24 16:01:50 UTC 2024"}
[2026-04-09 17:00:14.578 +0700] [PROCESS] [cadence.virtuoso.ade.simulationMonitor] - UsageInfo:
pid=30805
totalPhysicalMemory=15.208324GB,Used=13.625271GB,totalVirtualMemory=22.895821GB,Used=13.665310GB
Cpu: Cores=24, Load average:0.470000,0.280000,0.240000 {"hostname": "dtvt_13", "processid": 30805, "history": "ExplorerRun.0", "testname": "my_lib_cs_amp_1", "cornername": "Nominal", "point": 1, "logfile": "/home/dtvt_13/truong/logs_dtvt_13/logs0/Job44.log", "pid": "30805", "totalPhysicalMemory": "15.208324", "physicalMemoryUsed": "13.625271", "totalVirtualMemory": "22.895821", "virtualMemoryUsed": "13.665310", "cpuCores": "24", "processes": "2545", "loadAverage1": "0.470000", "loadAverage5": "0.280000", "loadAverage15": "0.240000", "loadAverage1Percent": "0.019583"}
[2026-04-09 17:00:14.579 +0700] [EVENT] [cadence.virtuoso.ade.simulationMonitor] - NewPoint {"history": "ExplorerRun.0", "point": 1, "testname": "my_lib_cs_amp_1", "cornername": "Nominal", "event": "NewPoint", "EventSource": "Simulation Monitor", "HistoryName": "ExplorerRun.0", "logFile": "/home/dtvt_13/truong/logs_dtvt_13/logs0/Job44.log", "logFileSize": "81022"}
[2026-04-09 17:00:14.679 +0700] [EVENT] [cadence.virtuoso.ade.simulationMonitor] - NewPoint {"history": "ExplorerRun.0", "point": 1, "testname": "my_lib_cs_amp_1", "cornername": "Nominal", "event": "NewPoint", "EventSource": "spectre", "HistoryName": "ExplorerRun.0", "logFile": "/home/dtvt_13/simulation/my_lib/cs_amp/maestro/results/maestro/ExplorerRun.0/1/my_lib_cs_amp_1/psf/spectre.out", "logFileSize": "-1"}
[2026-04-09 17:00:14.684 +0700] [PROCESS] [cadence.virtuoso.ade.simulationMonitor] - Simulator launched {"hostname": "dtvt_13", "processid": 30805, "history": "ExplorerRun.0", "testname": "my_lib_cs_amp_1", "cornername": "Nominal", "point": 1, "logfile": "/home/dtvt_13/truong/logs_dtvt_13/logs0/Job44.log", "simid": "10"}
[2026-04-09 17:00:14.689 +0700] [PROCESS] [cadence.virtuoso.ade.simulationMonitor] - Expression evaluator launched {"hostname": "dtvt_13", "processid": 30805, "history": "ExplorerRun.0", "testname": "my_lib_cs_amp_1", "cornername": "Nominal", "point": 1, "logfile": "/home/dtvt_13/truong/logs_dtvt_13/logs0/Job44.log"}
[2026-04-09 17:00:14.701 +0700] [PROCESS] [cadence.virtuoso.ade.simulationMonitor] - Started Simulation {"hostname": "dtvt_13", "processid": 30805, "history": "ExplorerRun.0", "testname": "my_lib_cs_amp_1", "cornername": "Nominal", "point": 1, "logfile": "/home/dtvt_13/truong/logs_dtvt_13/logs0/Job44.log"}
[2026-04-09 17:00:36.116 +0700] [PROCESS] [cadence.virtuoso.ade.simulationMonitor] - Finished simulating for one point {"hostname": "dtvt_13", "processid": 30805, "history": "ExplorerRun.0", "testname": "my_lib_cs_amp_1", "cornername": "Nominal", "point": 1, "logfile": "/home/dtvt_13/truong/logs_dtvt_13/logs0/Job44.log", "simid": "10"}
[2026-04-09 17:00:36.116 +0700] [INFO] [cadence.virtuoso.ade.simulationMonitor] - Peak resident memory used = 95.5 Mbytes. {"history": "ExplorerRun.0", "point": 1, "testname": "my_lib_cs_amp_1", "cornername": "Nominal"}
[2026-04-09 17:00:36.117 +0700] [INFO] [cadence.virtuoso.ade.simulationMonitor] - Peak resident memory used = 104 Mbytes. {"history": "ExplorerRun.0", "point": 1, "testname": "my_lib_cs_amp_1", "cornername": "Nominal"}
[2026-04-09 17:00:36.117 +0700] [INFO] [cadence.virtuoso.ade.simulationMonitor] - Notice from spectre during hierarchy flattening.
    The value 'psf' specified for the 'checklimitdest' option will no longer be supported in future releases. Use 'spectre -h' to see other recommended values for the 'checklimitdest' option. {"history": "ExplorerRun.0", "point": 1, "testname": "my_lib_cs_amp_1", "cornername": "Nominal"}
[2026-04-09 17:00:36.117 +0700] [INFO] [cadence.virtuoso.ade.simulationMonitor] - Peak resident memory used = 105 Mbytes. {"history": "ExplorerRun.0", "point": 1, "testname": "my_lib_cs_amp_1", "cornername": "Nominal"}
[2026-04-09 17:00:36.117 +0700] [INFO] [cadence.virtuoso.ade.simulationMonitor] - Notice from spectre during initial setup.
    Multithreading is disabled due to the size of the design being too small. {"history": "ExplorerRun.0", "point": 1, "testname": "my_lib_cs_amp_1", "cornername": "Nominal"}
[2026-04-09 17:00:36.118 +0700] [INFO] [cadence.virtuoso.ade.simulationMonitor] -               nodes 22 {"history": "ExplorerRun.0", "point": 1, "testname": "my_lib_cs_amp_1", "cornername": "Nominal"}
[2026-04-09 17:00:36.118 +0700] [INFO] [cadence.virtuoso.ade.simulationMonitor] - Notice from spectre during initial setup.
    APS enabled. {"history": "ExplorerRun.0", "point": 1, "testname": "my_lib_cs_amp_1", "cornername": "Nominal"}
[2026-04-09 17:00:36.118 +0700] [INFO] [cadence.virtuoso.ade.simulationMonitor] - Peak resident memory used = 107 Mbytes. {"history": "ExplorerRun.0", "point": 1, "testname": "my_lib_cs_amp_1", "cornername": "Nominal"}
[2026-04-09 17:00:36.118 +0700] [INFO] [cadence.virtuoso.ade.simulationMonitor] -    -   (APS) Multi-threading. The recommended number of threads is 1, consider adding +mt=1 on command line. {"history": "ExplorerRun.0", "point": 1, "testname": "my_lib_cs_amp_1", "cornername": "Nominal"}
[2026-04-09 17:00:36.119 +0700] [INFO] [cadence.virtuoso.ade.simulationMonitor] - Total time required for dc analysis `dcOp': CPU = 1.702 ms, elapsed = 2.67291 ms. {"history": "ExplorerRun.0", "point": 1, "testname": "my_lib_cs_amp_1", "cornername": "Nominal"}
[2026-04-09 17:00:36.119 +0700] [INFO] [cadence.virtuoso.ade.simulationMonitor] - Peak resident memory used = 109 Mbytes. {"history": "ExplorerRun.0", "point": 1, "testname": "my_lib_cs_amp_1", "cornername": "Nominal"}
[2026-04-09 17:00:36.119 +0700] [INFO] [cadence.virtuoso.ade.simulationMonitor] - Time used: CPU = 509 ms, elapsed = 20.8 s, util. = 2.45%. {"history": "ExplorerRun.0", "point": 1, "testname": "my_lib_cs_amp_1", "cornername": "Nominal"}
[2026-04-09 17:00:36.119 +0700] [INFO] [cadence.virtuoso.ade.simulationMonitor] - Time spent in licensing: elapsed = 20.3 s, percentage of total = 97.4%. {"history": "ExplorerRun.0", "point": 1, "testname": "my_lib_cs_amp_1", "cornername": "Nominal"}
[2026-04-09 17:00:36.119 +0700] [INFO] [cadence.virtuoso.ade.simulationMonitor] - Peak memory used = 110 Mbytes. {"history": "ExplorerRun.0", "point": 1, "testname": "my_lib_cs_amp_1", "cornername": "Nominal"}
[2026-04-09 17:00:36.119 +0700] [PROCESS] [cadence.virtuoso.ade.simulationMonitor] - Simulation started at: 5:00:14 PM, Thur Apr 9, 2026, ended at: 5:00:35 PM, Thur Apr 9, 2026, with elapsed time (wall clock): 20.8 s. {"history": "ExplorerRun.0", "point": 1, "testname": "my_lib_cs_amp_1", "cornername": "Nominal"}
[2026-04-09 17:00:36.120 +0700] [PROCESS] [cadence.virtuoso.ade.simulationMonitor] - spectre completes with 0 errors, 0 warnings, and 4 notices. {"history": "ExplorerRun.0", "point": 1, "testname": "my_lib_cs_amp_1", "cornername": "Nominal"}
[2026-04-09 17:00:36.120 +0700] [PROCESS] [cadence.virtuoso.ade.simulationMonitor] - Simulator exited {"hostname": "dtvt_13", "processid": 30805, "history": "ExplorerRun.0", "testname": "my_lib_cs_amp_1", "cornername": "Nominal", "point": 1, "logfile": "/home/dtvt_13/truong/logs_dtvt_13/logs0/Job44.log", "exitStatus": "0"}
[2026-04-09 17:00:36.120 +0700] [PROCESS] [cadence.virtuoso.ade.simulationMonitor] - Finished Simulation {"hostname": "dtvt_13", "processid": 30805, "history": "ExplorerRun.0", "testname": "my_lib_cs_amp_1", "cornername": "Nominal", "point": 1, "logfile": "/home/dtvt_13/truong/logs_dtvt_13/logs0/Job44.log", "simid": "10"}
[2026-04-09 17:00:36.634 +0700] [PROCESS] [cadence.virtuoso.ade.simulationMonitor] - Point Finished {"hostname": "dtvt_13", "processid": 30805, "history": "ExplorerRun.0", "testname": "my_lib_cs_amp_1", "cornername": "Nominal", "point": 1, "logfile": "/home/dtvt_13/truong/logs_dtvt_13/logs0/Job44.log"}
[2026-04-09 17:00:59.913 +0700] [INFO] [cadence.virtuoso.ade.simulationMonitor] - SimulationMonitor has terminated the vds process '5780', reason: 'Force to stop the expression evalutor process because of new run' {"history": "ExplorerRun.0", "point": 1, "testname": "my_lib_cs_amp_1", "cornername": "Nominal"}
[2026-04-09 17:00:59.913 +0700] [PROCESS] [cadence.virtuoso.ade.simulationMonitor] - HostInfo:
Host name (type):	dtvt_13 (x86_64)
Operating system:	Linux 3.10.0-1160.118.1.el7.x86_64 #1 SMP Wed Apr 24 16:01:50 UTC 2024 {"hostname": "dtvt_13", "processid": 30805, "history": "ExplorerRun.0", "testname": "my_lib_cs_amp_1", "cornername": "Nominal", "point": 1, "logfile": "/home/dtvt_13/truong/logs_dtvt_13/logs0/Job44.log", "nodename": "dtvt_13", "domainname": "(none)", "machine": "x86_64", "sysname": "Linux", "release": "3.10.0-1160.118.1.el7.x86_64", "version": "#1 SMP Wed Apr 24 16:01:50 UTC 2024"}
[2026-04-09 17:00:59.913 +0700] [PROCESS] [cadence.virtuoso.ade.simulationMonitor] - UsageInfo:
pid=30805
totalPhysicalMemory=15.208324GB,Used=13.622665GB,totalVirtualMemory=22.895821GB,Used=13.662704GB
Cpu: Cores=24, Load average:0.300000,0.260000,0.230000 {"hostname": "dtvt_13", "processid": 30805, "history": "ExplorerRun.0", "testname": "my_lib_cs_amp_1", "cornername": "Nominal", "point": 1, "logfile": "/home/dtvt_13/truong/logs_dtvt_13/logs0/Job44.log", "pid": "30805", "totalPhysicalMemory": "15.208324", "physicalMemoryUsed": "13.622665", "totalVirtualMemory": "22.895821", "virtualMemoryUsed": "13.662704", "cpuCores": "24", "processes": "2544", "loadAverage1": "0.300000", "loadAverage5": "0.260000", "loadAverage15": "0.230000", "loadAverage1Percent": "0.012500"}
[2026-04-09 17:00:59.914 +0700] [EVENT] [cadence.virtuoso.ade.simulationMonitor] - NewPoint {"history": "ExplorerRun.0", "point": 1, "testname": "my_lib_cs_amp_1", "cornername": "Nominal", "event": "NewPoint", "EventSource": "Simulation Monitor", "HistoryName": "ExplorerRun.0", "logFile": "/home/dtvt_13/truong/logs_dtvt_13/logs0/Job44.log", "logFileSize": "89795"}
[2026-04-09 17:01:00.014 +0700] [EVENT] [cadence.virtuoso.ade.simulationMonitor] - NewPoint {"history": "ExplorerRun.0", "point": 1, "testname": "my_lib_cs_amp_1", "cornername": "Nominal", "event": "NewPoint", "EventSource": "spectre", "HistoryName": "ExplorerRun.0", "logFile": "/home/dtvt_13/simulation/my_lib/cs_amp/maestro/results/maestro/ExplorerRun.0/1/my_lib_cs_amp_1/psf/spectre.out", "logFileSize": "-1"}
[2026-04-09 17:01:00.017 +0700] [PROCESS] [cadence.virtuoso.ade.simulationMonitor] - Simulator launched {"hostname": "dtvt_13", "processid": 30805, "history": "ExplorerRun.0", "testname": "my_lib_cs_amp_1", "cornername": "Nominal", "point": 1, "logfile": "/home/dtvt_13/truong/logs_dtvt_13/logs0/Job44.log", "simid": "11"}
[2026-04-09 17:01:00.018 +0700] [PROCESS] [cadence.virtuoso.ade.simulationMonitor] - Expression evaluator launched {"hostname": "dtvt_13", "processid": 30805, "history": "ExplorerRun.0", "testname": "my_lib_cs_amp_1", "cornername": "Nominal", "point": 1, "logfile": "/home/dtvt_13/truong/logs_dtvt_13/logs0/Job44.log"}
[2026-04-09 17:01:00.023 +0700] [PROCESS] [cadence.virtuoso.ade.simulationMonitor] - Started Simulation {"hostname": "dtvt_13", "processid": 30805, "history": "ExplorerRun.0", "testname": "my_lib_cs_amp_1", "cornername": "Nominal", "point": 1, "logfile": "/home/dtvt_13/truong/logs_dtvt_13/logs0/Job44.log"}
[2026-04-09 17:01:21.445 +0700] [INFO] [cadence.virtuoso.ade.simulationMonitor] - Peak resident memory used = 95.5 Mbytes. {"history": "ExplorerRun.0", "point": 1, "testname": "my_lib_cs_amp_1", "cornername": "Nominal"}
[2026-04-09 17:01:21.446 +0700] [INFO] [cadence.virtuoso.ade.simulationMonitor] - Peak resident memory used = 104 Mbytes. {"history": "ExplorerRun.0", "point": 1, "testname": "my_lib_cs_amp_1", "cornername": "Nominal"}
[2026-04-09 17:01:21.446 +0700] [INFO] [cadence.virtuoso.ade.simulationMonitor] - Notice from spectre during hierarchy flattening.
    The value 'psf' specified for the 'checklimitdest' option will no longer be supported in future releases. Use 'spectre -h' to see other recommended values for the 'checklimitdest' option. {"history": "ExplorerRun.0", "point": 1, "testname": "my_lib_cs_amp_1", "cornername": "Nominal"}
[2026-04-09 17:01:21.446 +0700] [INFO] [cadence.virtuoso.ade.simulationMonitor] - Peak resident memory used = 105 Mbytes. {"history": "ExplorerRun.0", "point": 1, "testname": "my_lib_cs_amp_1", "cornername": "Nominal"}
[2026-04-09 17:01:21.447 +0700] [INFO] [cadence.virtuoso.ade.simulationMonitor] - Notice from spectre during initial setup.
    Multithreading is disabled due to the size of the design being too small. {"history": "ExplorerRun.0", "point": 1, "testname": "my_lib_cs_amp_1", "cornername": "Nominal"}
[2026-04-09 17:01:21.447 +0700] [INFO] [cadence.virtuoso.ade.simulationMonitor] -               nodes 22 {"history": "ExplorerRun.0", "point": 1, "testname": "my_lib_cs_amp_1", "cornername": "Nominal"}
[2026-04-09 17:01:21.447 +0700] [INFO] [cadence.virtuoso.ade.simulationMonitor] - Notice from spectre during initial setup.
    APS enabled. {"history": "ExplorerRun.0", "point": 1, "testname": "my_lib_cs_amp_1", "cornername": "Nominal"}
[2026-04-09 17:01:21.448 +0700] [INFO] [cadence.virtuoso.ade.simulationMonitor] - Peak resident memory used = 107 Mbytes. {"history": "ExplorerRun.0", "point": 1, "testname": "my_lib_cs_amp_1", "cornername": "Nominal"}
[2026-04-09 17:01:21.448 +0700] [INFO] [cadence.virtuoso.ade.simulationMonitor] -    -   (APS) Multi-threading. The recommended number of threads is 1, consider adding +mt=1 on command line. {"history": "ExplorerRun.0", "point": 1, "testname": "my_lib_cs_amp_1", "cornername": "Nominal"}
[2026-04-09 17:01:21.448 +0700] [INFO] [cadence.virtuoso.ade.simulationMonitor] - Total time required for dc analysis `dcOp': CPU = 1.684 ms, elapsed = 2.65694 ms. {"history": "ExplorerRun.0", "point": 1, "testname": "my_lib_cs_amp_1", "cornername": "Nominal"}
[2026-04-09 17:01:21.448 +0700] [INFO] [cadence.virtuoso.ade.simulationMonitor] - Peak resident memory used = 109 Mbytes. {"history": "ExplorerRun.0", "point": 1, "testname": "my_lib_cs_amp_1", "cornername": "Nominal"}
[2026-04-09 17:01:21.448 +0700] [INFO] [cadence.virtuoso.ade.simulationMonitor] - Time used: CPU = 479 ms, elapsed = 21.1 s, util. = 2.27%. {"history": "ExplorerRun.0", "point": 1, "testname": "my_lib_cs_amp_1", "cornername": "Nominal"}
[2026-04-09 17:01:21.449 +0700] [INFO] [cadence.virtuoso.ade.simulationMonitor] - Time spent in licensing: elapsed = 20.6 s, percentage of total = 97.6%. {"history": "ExplorerRun.0", "point": 1, "testname": "my_lib_cs_amp_1", "cornername": "Nominal"}
[2026-04-09 17:01:21.449 +0700] [INFO] [cadence.virtuoso.ade.simulationMonitor] - Peak memory used = 110 Mbytes. {"history": "ExplorerRun.0", "point": 1, "testname": "my_lib_cs_amp_1", "cornername": "Nominal"}
[2026-04-09 17:01:21.449 +0700] [PROCESS] [cadence.virtuoso.ade.simulationMonitor] - Simulation started at: 5:01:00 PM, Thur Apr 9, 2026, ended at: 5:01:21 PM, Thur Apr 9, 2026, with elapsed time (wall clock): 21.1 s. {"history": "ExplorerRun.0", "point": 1, "testname": "my_lib_cs_amp_1", "cornername": "Nominal"}
[2026-04-09 17:01:21.449 +0700] [PROCESS] [cadence.virtuoso.ade.simulationMonitor] - spectre completes with 0 errors, 0 warnings, and 4 notices. {"history": "ExplorerRun.0", "point": 1, "testname": "my_lib_cs_amp_1", "cornername": "Nominal"}
[2026-04-09 17:01:21.950 +0700] [PROCESS] [cadence.virtuoso.ade.simulationMonitor] - Finished simulating for one point {"hostname": "dtvt_13", "processid": 30805, "history": "ExplorerRun.0", "testname": "my_lib_cs_amp_1", "cornername": "Nominal", "point": 1, "logfile": "/home/dtvt_13/truong/logs_dtvt_13/logs0/Job44.log", "simid": "11"}
[2026-04-09 17:01:21.950 +0700] [PROCESS] [cadence.virtuoso.ade.simulationMonitor] - Simulator exited {"hostname": "dtvt_13", "processid": 30805, "history": "ExplorerRun.0", "testname": "my_lib_cs_amp_1", "cornername": "Nominal", "point": 1, "logfile": "/home/dtvt_13/truong/logs_dtvt_13/logs0/Job44.log", "exitStatus": "0"}
[2026-04-09 17:01:21.950 +0700] [PROCESS] [cadence.virtuoso.ade.simulationMonitor] - Finished Simulation {"hostname": "dtvt_13", "processid": 30805, "history": "ExplorerRun.0", "testname": "my_lib_cs_amp_1", "cornername": "Nominal", "point": 1, "logfile": "/home/dtvt_13/truong/logs_dtvt_13/logs0/Job44.log", "simid": "11"}
[2026-04-09 17:01:22.465 +0700] [PROCESS] [cadence.virtuoso.ade.simulationMonitor] - Point Finished {"hostname": "dtvt_13", "processid": 30805, "history": "ExplorerRun.0", "testname": "my_lib_cs_amp_1", "cornername": "Nominal", "point": 1, "logfile": "/home/dtvt_13/truong/logs_dtvt_13/logs0/Job44.log"}
[2026-04-09 17:01:23.473 +0700] [PROCESS] [cadence.virtuoso.ade.simulationMonitor] - Stay with the runId '112', Linger time '300', currentRunSyn '225', currentTestSyn '225' {"hostname": "dtvt_13", "processid": 30805, "history": "ExplorerRun.0", "testname": "my_lib_cs_amp_1", "cornername": "Nominal", "point": 1, "logfile": "/home/dtvt_13/truong/logs_dtvt_13/logs0/Job44.log"}
[2026-04-09 17:02:08.291 +0700] [INFO] [cadence.virtuoso.ade.simulationMonitor] - SimulationMonitor has terminated the vds process '6570', reason: 'Force to stop the expression evalutor process because of new run' {"history": "ExplorerRun.0", "point": 1, "testname": "my_lib_cs_amp_1", "cornername": "Nominal"}
[2026-04-09 17:02:08.291 +0700] [PROCESS] [cadence.virtuoso.ade.simulationMonitor] - HostInfo:
Host name (type):	dtvt_13 (x86_64)
Operating system:	Linux 3.10.0-1160.118.1.el7.x86_64 #1 SMP Wed Apr 24 16:01:50 UTC 2024 {"hostname": "dtvt_13", "processid": 30805, "history": "ExplorerRun.0", "testname": "my_lib_cs_amp_1", "cornername": "Nominal", "point": 1, "logfile": "/home/dtvt_13/truong/logs_dtvt_13/logs0/Job44.log", "nodename": "dtvt_13", "domainname": "(none)", "machine": "x86_64", "sysname": "Linux", "release": "3.10.0-1160.118.1.el7.x86_64", "version": "#1 SMP Wed Apr 24 16:01:50 UTC 2024"}
[2026-04-09 17:02:08.291 +0700] [PROCESS] [cadence.virtuoso.ade.simulationMonitor] - UsageInfo:
pid=30805
totalPhysicalMemory=15.208324GB,Used=13.633949GB,totalVirtualMemory=22.895821GB,Used=13.673988GB
Cpu: Cores=24, Load average:0.220000,0.240000,0.230000 {"hostname": "dtvt_13", "processid": 30805, "history": "ExplorerRun.0", "testname": "my_lib_cs_amp_1", "cornername": "Nominal", "point": 1, "logfile": "/home/dtvt_13/truong/logs_dtvt_13/logs0/Job44.log", "pid": "30805", "totalPhysicalMemory": "15.208324", "physicalMemoryUsed": "13.633949", "totalVirtualMemory": "22.895821", "virtualMemoryUsed": "13.673988", "cpuCores": "24", "processes": "2546", "loadAverage1": "0.220000", "loadAverage5": "0.240000", "loadAverage15": "0.230000", "loadAverage1Percent": "0.009167"}
[2026-04-09 17:02:08.291 +0700] [EVENT] [cadence.virtuoso.ade.simulationMonitor] - NewPoint {"history": "ExplorerRun.0", "point": 1, "testname": "my_lib_cs_amp_1", "cornername": "Nominal", "event": "NewPoint", "EventSource": "Simulation Monitor", "HistoryName": "ExplorerRun.0", "logFile": "/home/dtvt_13/truong/logs_dtvt_13/logs0/Job44.log", "logFileSize": "98945"}
[2026-04-09 17:02:08.392 +0700] [EVENT] [cadence.virtuoso.ade.simulationMonitor] - NewPoint {"history": "ExplorerRun.0", "point": 1, "testname": "my_lib_cs_amp_1", "cornername": "Nominal", "event": "NewPoint", "EventSource": "spectre", "HistoryName": "ExplorerRun.0", "logFile": "/home/dtvt_13/simulation/my_lib/cs_amp/maestro/results/maestro/ExplorerRun.0/1/my_lib_cs_amp_1/psf/spectre.out", "logFileSize": "-1"}
[2026-04-09 17:02:08.395 +0700] [PROCESS] [cadence.virtuoso.ade.simulationMonitor] - Simulator launched {"hostname": "dtvt_13", "processid": 30805, "history": "ExplorerRun.0", "testname": "my_lib_cs_amp_1", "cornername": "Nominal", "point": 1, "logfile": "/home/dtvt_13/truong/logs_dtvt_13/logs0/Job44.log", "simid": "12"}
[2026-04-09 17:02:08.399 +0700] [PROCESS] [cadence.virtuoso.ade.simulationMonitor] - Expression evaluator launched {"hostname": "dtvt_13", "processid": 30805, "history": "ExplorerRun.0", "testname": "my_lib_cs_amp_1", "cornername": "Nominal", "point": 1, "logfile": "/home/dtvt_13/truong/logs_dtvt_13/logs0/Job44.log"}
[2026-04-09 17:02:08.402 +0700] [PROCESS] [cadence.virtuoso.ade.simulationMonitor] - Started Simulation {"hostname": "dtvt_13", "processid": 30805, "history": "ExplorerRun.0", "testname": "my_lib_cs_amp_1", "cornername": "Nominal", "point": 1, "logfile": "/home/dtvt_13/truong/logs_dtvt_13/logs0/Job44.log"}
[2026-04-09 17:02:29.766 +0700] [PROCESS] [cadence.virtuoso.ade.simulationMonitor] - Finished simulating for one point {"hostname": "dtvt_13", "processid": 30805, "history": "ExplorerRun.0", "testname": "my_lib_cs_amp_1", "cornername": "Nominal", "point": 1, "logfile": "/home/dtvt_13/truong/logs_dtvt_13/logs0/Job44.log", "simid": "12"}
[2026-04-09 17:02:29.767 +0700] [INFO] [cadence.virtuoso.ade.simulationMonitor] - Peak resident memory used = 95.5 Mbytes. {"history": "ExplorerRun.0", "point": 1, "testname": "my_lib_cs_amp_1", "cornername": "Nominal"}
[2026-04-09 17:02:29.768 +0700] [INFO] [cadence.virtuoso.ade.simulationMonitor] - Peak resident memory used = 104 Mbytes. {"history": "ExplorerRun.0", "point": 1, "testname": "my_lib_cs_amp_1", "cornername": "Nominal"}
[2026-04-09 17:02:29.768 +0700] [INFO] [cadence.virtuoso.ade.simulationMonitor] - Notice from spectre during hierarchy flattening.
    The value 'psf' specified for the 'checklimitdest' option will no longer be supported in future releases. Use 'spectre -h' to see other recommended values for the 'checklimitdest' option. {"history": "ExplorerRun.0", "point": 1, "testname": "my_lib_cs_amp_1", "cornername": "Nominal"}
[2026-04-09 17:02:29.768 +0700] [INFO] [cadence.virtuoso.ade.simulationMonitor] - Peak resident memory used = 105 Mbytes. {"history": "ExplorerRun.0", "point": 1, "testname": "my_lib_cs_amp_1", "cornername": "Nominal"}
[2026-04-09 17:02:29.769 +0700] [INFO] [cadence.virtuoso.ade.simulationMonitor] - Notice from spectre during initial setup.
    Multithreading is disabled due to the size of the design being too small. {"history": "ExplorerRun.0", "point": 1, "testname": "my_lib_cs_amp_1", "cornername": "Nominal"}
[2026-04-09 17:02:29.769 +0700] [INFO] [cadence.virtuoso.ade.simulationMonitor] -               nodes 22 {"history": "ExplorerRun.0", "point": 1, "testname": "my_lib_cs_amp_1", "cornername": "Nominal"}
[2026-04-09 17:02:29.769 +0700] [INFO] [cadence.virtuoso.ade.simulationMonitor] - Notice from spectre during initial setup.
    APS enabled. {"history": "ExplorerRun.0", "point": 1, "testname": "my_lib_cs_amp_1", "cornername": "Nominal"}
[2026-04-09 17:02:29.770 +0700] [INFO] [cadence.virtuoso.ade.simulationMonitor] - Peak resident memory used = 107 Mbytes. {"history": "ExplorerRun.0", "point": 1, "testname": "my_lib_cs_amp_1", "cornername": "Nominal"}
[2026-04-09 17:02:29.770 +0700] [INFO] [cadence.virtuoso.ade.simulationMonitor] -    -   (APS) Multi-threading. The recommended number of threads is 1, consider adding +mt=1 on command line. {"history": "ExplorerRun.0", "point": 1, "testname": "my_lib_cs_amp_1", "cornername": "Nominal"}
[2026-04-09 17:02:29.770 +0700] [INFO] [cadence.virtuoso.ade.simulationMonitor] - Total time required for dc analysis `dcOp': CPU = 1.95 ms, elapsed = 2.985 ms. {"history": "ExplorerRun.0", "point": 1, "testname": "my_lib_cs_amp_1", "cornername": "Nominal"}
[2026-04-09 17:02:29.770 +0700] [INFO] [cadence.virtuoso.ade.simulationMonitor] - Peak resident memory used = 109 Mbytes. {"history": "ExplorerRun.0", "point": 1, "testname": "my_lib_cs_amp_1", "cornername": "Nominal"}
[2026-04-09 17:02:29.770 +0700] [INFO] [cadence.virtuoso.ade.simulationMonitor] - Time used: CPU = 517 ms, elapsed = 20.9 s, util. = 2.48%. {"history": "ExplorerRun.0", "point": 1, "testname": "my_lib_cs_amp_1", "cornername": "Nominal"}
[2026-04-09 17:02:29.770 +0700] [INFO] [cadence.virtuoso.ade.simulationMonitor] - Time spent in licensing: elapsed = 20.3 s, percentage of total = 97.3%. {"history": "ExplorerRun.0", "point": 1, "testname": "my_lib_cs_amp_1", "cornername": "Nominal"}
[2026-04-09 17:02:29.770 +0700] [INFO] [cadence.virtuoso.ade.simulationMonitor] - Peak memory used = 110 Mbytes. {"history": "ExplorerRun.0", "point": 1, "testname": "my_lib_cs_amp_1", "cornername": "Nominal"}
[2026-04-09 17:02:29.770 +0700] [PROCESS] [cadence.virtuoso.ade.simulationMonitor] - Simulation started at: 5:02:08 PM, Thur Apr 9, 2026, ended at: 5:02:29 PM, Thur Apr 9, 2026, with elapsed time (wall clock): 20.9 s. {"history": "ExplorerRun.0", "point": 1, "testname": "my_lib_cs_amp_1", "cornername": "Nominal"}
[2026-04-09 17:02:29.771 +0700] [PROCESS] [cadence.virtuoso.ade.simulationMonitor] - spectre completes with 0 errors, 0 warnings, and 4 notices. {"history": "ExplorerRun.0", "point": 1, "testname": "my_lib_cs_amp_1", "cornername": "Nominal"}
[2026-04-09 17:02:29.771 +0700] [PROCESS] [cadence.virtuoso.ade.simulationMonitor] - Simulator exited {"hostname": "dtvt_13", "processid": 30805, "history": "ExplorerRun.0", "testname": "my_lib_cs_amp_1", "cornername": "Nominal", "point": 1, "logfile": "/home/dtvt_13/truong/logs_dtvt_13/logs0/Job44.log", "exitStatus": "0"}
[2026-04-09 17:02:29.771 +0700] [PROCESS] [cadence.virtuoso.ade.simulationMonitor] - Finished Simulation {"hostname": "dtvt_13", "processid": 30805, "history": "ExplorerRun.0", "testname": "my_lib_cs_amp_1", "cornername": "Nominal", "point": 1, "logfile": "/home/dtvt_13/truong/logs_dtvt_13/logs0/Job44.log", "simid": "12"}
[2026-04-09 17:02:30.283 +0700] [PROCESS] [cadence.virtuoso.ade.simulationMonitor] - Point Finished {"hostname": "dtvt_13", "processid": 30805, "history": "ExplorerRun.0", "testname": "my_lib_cs_amp_1", "cornername": "Nominal", "point": 1, "logfile": "/home/dtvt_13/truong/logs_dtvt_13/logs0/Job44.log"}
[2026-04-09 17:03:34.821 +0700] [INFO] [cadence.virtuoso.ade.simulationMonitor] - SimulationMonitor has terminated the vds process '7616', reason: 'Force to stop the expression evalutor process because of new run' {"history": "ExplorerRun.0", "point": 1, "testname": "my_lib_cs_amp_1", "cornername": "Nominal"}
[2026-04-09 17:03:34.821 +0700] [PROCESS] [cadence.virtuoso.ade.simulationMonitor] - HostInfo:
Host name (type):	dtvt_13 (x86_64)
Operating system:	Linux 3.10.0-1160.118.1.el7.x86_64 #1 SMP Wed Apr 24 16:01:50 UTC 2024 {"hostname": "dtvt_13", "processid": 30805, "history": "ExplorerRun.0", "testname": "my_lib_cs_amp_1", "cornername": "Nominal", "point": 1, "logfile": "/home/dtvt_13/truong/logs_dtvt_13/logs0/Job44.log", "nodename": "dtvt_13", "domainname": "(none)", "machine": "x86_64", "sysname": "Linux", "release": "3.10.0-1160.118.1.el7.x86_64", "version": "#1 SMP Wed Apr 24 16:01:50 UTC 2024"}
[2026-04-09 17:03:34.821 +0700] [PROCESS] [cadence.virtuoso.ade.simulationMonitor] - UsageInfo:
pid=30805
totalPhysicalMemory=15.208324GB,Used=13.663967GB,totalVirtualMemory=22.895821GB,Used=13.704006GB
Cpu: Cores=24, Load average:0.370000,0.280000,0.240000 {"hostname": "dtvt_13", "processid": 30805, "history": "ExplorerRun.0", "testname": "my_lib_cs_amp_1", "cornername": "Nominal", "point": 1, "logfile": "/home/dtvt_13/truong/logs_dtvt_13/logs0/Job44.log", "pid": "30805", "totalPhysicalMemory": "15.208324", "physicalMemoryUsed": "13.663967", "totalVirtualMemory": "22.895821", "virtualMemoryUsed": "13.704006", "cpuCores": "24", "processes": "2545", "loadAverage1": "0.370000", "loadAverage5": "0.280000", "loadAverage15": "0.240000", "loadAverage1Percent": "0.015417"}
[2026-04-09 17:03:34.822 +0700] [EVENT] [cadence.virtuoso.ade.simulationMonitor] - NewPoint {"history": "ExplorerRun.0", "point": 1, "testname": "my_lib_cs_amp_1", "cornername": "Nominal", "event": "NewPoint", "EventSource": "Simulation Monitor", "HistoryName": "ExplorerRun.0", "logFile": "/home/dtvt_13/truong/logs_dtvt_13/logs0/Job44.log", "logFileSize": "107715"}
[2026-04-09 17:03:34.923 +0700] [EVENT] [cadence.virtuoso.ade.simulationMonitor] - NewPoint {"history": "ExplorerRun.0", "point": 1, "testname": "my_lib_cs_amp_1", "cornername": "Nominal", "event": "NewPoint", "EventSource": "spectre", "HistoryName": "ExplorerRun.0", "logFile": "/home/dtvt_13/simulation/my_lib/cs_amp/maestro/results/maestro/ExplorerRun.0/1/my_lib_cs_amp_1/psf/spectre.out", "logFileSize": "-1"}
[2026-04-09 17:03:34.932 +0700] [PROCESS] [cadence.virtuoso.ade.simulationMonitor] - Simulator launched {"hostname": "dtvt_13", "processid": 30805, "history": "ExplorerRun.0", "testname": "my_lib_cs_amp_1", "cornername": "Nominal", "point": 1, "logfile": "/home/dtvt_13/truong/logs_dtvt_13/logs0/Job44.log", "simid": "13"}
[2026-04-09 17:03:34.939 +0700] [PROCESS] [cadence.virtuoso.ade.simulationMonitor] - Expression evaluator launched {"hostname": "dtvt_13", "processid": 30805, "history": "ExplorerRun.0", "testname": "my_lib_cs_amp_1", "cornername": "Nominal", "point": 1, "logfile": "/home/dtvt_13/truong/logs_dtvt_13/logs0/Job44.log"}
[2026-04-09 17:03:34.951 +0700] [PROCESS] [cadence.virtuoso.ade.simulationMonitor] - Started Simulation {"hostname": "dtvt_13", "processid": 30805, "history": "ExplorerRun.0", "testname": "my_lib_cs_amp_1", "cornername": "Nominal", "point": 1, "logfile": "/home/dtvt_13/truong/logs_dtvt_13/logs0/Job44.log"}
[2026-04-09 17:03:56.236 +0700] [INFO] [cadence.virtuoso.ade.simulationMonitor] - Peak resident memory used = 95.5 Mbytes. {"history": "ExplorerRun.0", "point": 1, "testname": "my_lib_cs_amp_1", "cornername": "Nominal"}
[2026-04-09 17:03:56.737 +0700] [PROCESS] [cadence.virtuoso.ade.simulationMonitor] - Finished simulating for one point {"hostname": "dtvt_13", "processid": 30805, "history": "ExplorerRun.0", "testname": "my_lib_cs_amp_1", "cornername": "Nominal", "point": 1, "logfile": "/home/dtvt_13/truong/logs_dtvt_13/logs0/Job44.log", "simid": "13"}
[2026-04-09 17:03:56.738 +0700] [INFO] [cadence.virtuoso.ade.simulationMonitor] - Peak resident memory used = 104 Mbytes. {"history": "ExplorerRun.0", "point": 1, "testname": "my_lib_cs_amp_1", "cornername": "Nominal"}
[2026-04-09 17:03:56.738 +0700] [INFO] [cadence.virtuoso.ade.simulationMonitor] - Notice from spectre during hierarchy flattening.
    The value 'psf' specified for the 'checklimitdest' option will no longer be supported in future releases. Use 'spectre -h' to see other recommended values for the 'checklimitdest' option. {"history": "ExplorerRun.0", "point": 1, "testname": "my_lib_cs_amp_1", "cornername": "Nominal"}
[2026-04-09 17:03:56.739 +0700] [INFO] [cadence.virtuoso.ade.simulationMonitor] - Peak resident memory used = 105 Mbytes. {"history": "ExplorerRun.0", "point": 1, "testname": "my_lib_cs_amp_1", "cornername": "Nominal"}
[2026-04-09 17:03:56.739 +0700] [INFO] [cadence.virtuoso.ade.simulationMonitor] - Notice from spectre during initial setup.
    Multithreading is disabled due to the size of the design being too small. {"history": "ExplorerRun.0", "point": 1, "testname": "my_lib_cs_amp_1", "cornername": "Nominal"}
[2026-04-09 17:03:56.740 +0700] [INFO] [cadence.virtuoso.ade.simulationMonitor] -               nodes 22 {"history": "ExplorerRun.0", "point": 1, "testname": "my_lib_cs_amp_1", "cornername": "Nominal"}
[2026-04-09 17:03:56.740 +0700] [INFO] [cadence.virtuoso.ade.simulationMonitor] - Notice from spectre during initial setup.
    APS enabled. {"history": "ExplorerRun.0", "point": 1, "testname": "my_lib_cs_amp_1", "cornername": "Nominal"}
[2026-04-09 17:03:56.740 +0700] [INFO] [cadence.virtuoso.ade.simulationMonitor] - Peak resident memory used = 107 Mbytes. {"history": "ExplorerRun.0", "point": 1, "testname": "my_lib_cs_amp_1", "cornername": "Nominal"}
[2026-04-09 17:03:56.740 +0700] [INFO] [cadence.virtuoso.ade.simulationMonitor] -    -   (APS) Multi-threading. The recommended number of threads is 1, consider adding +mt=1 on command line. {"history": "ExplorerRun.0", "point": 1, "testname": "my_lib_cs_amp_1", "cornername": "Nominal"}
[2026-04-09 17:03:56.740 +0700] [INFO] [cadence.virtuoso.ade.simulationMonitor] - Total time required for dc analysis `dcOp': CPU = 2.29 ms, elapsed = 3.29304 ms. {"history": "ExplorerRun.0", "point": 1, "testname": "my_lib_cs_amp_1", "cornername": "Nominal"}
[2026-04-09 17:03:56.741 +0700] [INFO] [cadence.virtuoso.ade.simulationMonitor] - Peak resident memory used = 109 Mbytes. {"history": "ExplorerRun.0", "point": 1, "testname": "my_lib_cs_amp_1", "cornername": "Nominal"}
[2026-04-09 17:03:56.741 +0700] [INFO] [cadence.virtuoso.ade.simulationMonitor] - Time used: CPU = 557 ms, elapsed = 21 s, util. = 2.65%. {"history": "ExplorerRun.0", "point": 1, "testname": "my_lib_cs_amp_1", "cornername": "Nominal"}
[2026-04-09 17:03:56.741 +0700] [INFO] [cadence.virtuoso.ade.simulationMonitor] - Time spent in licensing: elapsed = 20.4 s, percentage of total = 97%. {"history": "ExplorerRun.0", "point": 1, "testname": "my_lib_cs_amp_1", "cornername": "Nominal"}
[2026-04-09 17:03:56.741 +0700] [INFO] [cadence.virtuoso.ade.simulationMonitor] - Peak memory used = 110 Mbytes. {"history": "ExplorerRun.0", "point": 1, "testname": "my_lib_cs_amp_1", "cornername": "Nominal"}
[2026-04-09 17:03:56.741 +0700] [PROCESS] [cadence.virtuoso.ade.simulationMonitor] - Simulation started at: 5:03:35 PM, Thur Apr 9, 2026, ended at: 5:03:56 PM, Thur Apr 9, 2026, with elapsed time (wall clock): 21 s. {"history": "ExplorerRun.0", "point": 1, "testname": "my_lib_cs_amp_1", "cornername": "Nominal"}
[2026-04-09 17:03:56.742 +0700] [PROCESS] [cadence.virtuoso.ade.simulationMonitor] - spectre completes with 0 errors, 0 warnings, and 4 notices. {"history": "ExplorerRun.0", "point": 1, "testname": "my_lib_cs_amp_1", "cornername": "Nominal"}
[2026-04-09 17:03:56.742 +0700] [PROCESS] [cadence.virtuoso.ade.simulationMonitor] - Simulator exited {"hostname": "dtvt_13", "processid": 30805, "history": "ExplorerRun.0", "testname": "my_lib_cs_amp_1", "cornername": "Nominal", "point": 1, "logfile": "/home/dtvt_13/truong/logs_dtvt_13/logs0/Job44.log", "exitStatus": "0"}
[2026-04-09 17:03:56.742 +0700] [PROCESS] [cadence.virtuoso.ade.simulationMonitor] - Finished Simulation {"hostname": "dtvt_13", "processid": 30805, "history": "ExplorerRun.0", "testname": "my_lib_cs_amp_1", "cornername": "Nominal", "point": 1, "logfile": "/home/dtvt_13/truong/logs_dtvt_13/logs0/Job44.log", "simid": "13"}
[2026-04-09 17:03:57.755 +0700] [PROCESS] [cadence.virtuoso.ade.simulationMonitor] - Point Finished {"hostname": "dtvt_13", "processid": 30805, "history": "ExplorerRun.0", "testname": "my_lib_cs_amp_1", "cornername": "Nominal", "point": 1, "logfile": "/home/dtvt_13/truong/logs_dtvt_13/logs0/Job44.log"}
[2026-04-09 17:04:44.425 +0700] [INFO] [cadence.virtuoso.ade.simulationMonitor] - SimulationMonitor has terminated the vds process '8405', reason: 'Force to stop the expression evalutor process because of new run' {"history": "ExplorerRun.0", "point": 1, "testname": "my_lib_cs_amp_1", "cornername": "Nominal"}
[2026-04-09 17:04:44.425 +0700] [PROCESS] [cadence.virtuoso.ade.simulationMonitor] - HostInfo:
Host name (type):	dtvt_13 (x86_64)
Operating system:	Linux 3.10.0-1160.118.1.el7.x86_64 #1 SMP Wed Apr 24 16:01:50 UTC 2024 {"hostname": "dtvt_13", "processid": 30805, "history": "ExplorerRun.0", "testname": "my_lib_cs_amp_1", "cornername": "Nominal", "point": 1, "logfile": "/home/dtvt_13/truong/logs_dtvt_13/logs0/Job44.log", "nodename": "dtvt_13", "domainname": "(none)", "machine": "x86_64", "sysname": "Linux", "release": "3.10.0-1160.118.1.el7.x86_64", "version": "#1 SMP Wed Apr 24 16:01:50 UTC 2024"}
[2026-04-09 17:04:44.426 +0700] [PROCESS] [cadence.virtuoso.ade.simulationMonitor] - UsageInfo:
pid=30805
totalPhysicalMemory=15.208324GB,Used=13.670532GB,totalVirtualMemory=22.895821GB,Used=13.710571GB
Cpu: Cores=24, Load average:0.410000,0.280000,0.240000 {"hostname": "dtvt_13", "processid": 30805, "history": "ExplorerRun.0", "testname": "my_lib_cs_amp_1", "cornername": "Nominal", "point": 1, "logfile": "/home/dtvt_13/truong/logs_dtvt_13/logs0/Job44.log", "pid": "30805", "totalPhysicalMemory": "15.208324", "physicalMemoryUsed": "13.670532", "totalVirtualMemory": "22.895821", "virtualMemoryUsed": "13.710571", "cpuCores": "24", "processes": "2548", "loadAverage1": "0.410000", "loadAverage5": "0.280000", "loadAverage15": "0.240000", "loadAverage1Percent": "0.017083"}
[2026-04-09 17:04:44.426 +0700] [EVENT] [cadence.virtuoso.ade.simulationMonitor] - NewPoint {"history": "ExplorerRun.0", "point": 1, "testname": "my_lib_cs_amp_1", "cornername": "Nominal", "event": "NewPoint", "EventSource": "Simulation Monitor", "HistoryName": "ExplorerRun.0", "logFile": "/home/dtvt_13/truong/logs_dtvt_13/logs0/Job44.log", "logFileSize": "116482"}
[2026-04-09 17:04:44.526 +0700] [EVENT] [cadence.virtuoso.ade.simulationMonitor] - NewPoint {"history": "ExplorerRun.0", "point": 1, "testname": "my_lib_cs_amp_1", "cornername": "Nominal", "event": "NewPoint", "EventSource": "spectre", "HistoryName": "ExplorerRun.0", "logFile": "/home/dtvt_13/simulation/my_lib/cs_amp/maestro/results/maestro/ExplorerRun.0/1/my_lib_cs_amp_1/psf/spectre.out", "logFileSize": "-1"}
[2026-04-09 17:04:44.529 +0700] [PROCESS] [cadence.virtuoso.ade.simulationMonitor] - Simulator launched {"hostname": "dtvt_13", "processid": 30805, "history": "ExplorerRun.0", "testname": "my_lib_cs_amp_1", "cornername": "Nominal", "point": 1, "logfile": "/home/dtvt_13/truong/logs_dtvt_13/logs0/Job44.log", "simid": "14"}
[2026-04-09 17:04:44.534 +0700] [PROCESS] [cadence.virtuoso.ade.simulationMonitor] - Expression evaluator launched {"hostname": "dtvt_13", "processid": 30805, "history": "ExplorerRun.0", "testname": "my_lib_cs_amp_1", "cornername": "Nominal", "point": 1, "logfile": "/home/dtvt_13/truong/logs_dtvt_13/logs0/Job44.log"}
[2026-04-09 17:04:44.538 +0700] [PROCESS] [cadence.virtuoso.ade.simulationMonitor] - Started Simulation {"hostname": "dtvt_13", "processid": 30805, "history": "ExplorerRun.0", "testname": "my_lib_cs_amp_1", "cornername": "Nominal", "point": 1, "logfile": "/home/dtvt_13/truong/logs_dtvt_13/logs0/Job44.log"}
[2026-04-09 17:05:05.935 +0700] [PROCESS] [cadence.virtuoso.ade.simulationMonitor] - Finished simulating for one point {"hostname": "dtvt_13", "processid": 30805, "history": "ExplorerRun.0", "testname": "my_lib_cs_amp_1", "cornername": "Nominal", "point": 1, "logfile": "/home/dtvt_13/truong/logs_dtvt_13/logs0/Job44.log", "simid": "14"}
[2026-04-09 17:05:05.936 +0700] [INFO] [cadence.virtuoso.ade.simulationMonitor] - Peak resident memory used = 95.5 Mbytes. {"history": "ExplorerRun.0", "point": 1, "testname": "my_lib_cs_amp_1", "cornername": "Nominal"}
[2026-04-09 17:05:05.937 +0700] [INFO] [cadence.virtuoso.ade.simulationMonitor] - Peak resident memory used = 104 Mbytes. {"history": "ExplorerRun.0", "point": 1, "testname": "my_lib_cs_amp_1", "cornername": "Nominal"}
[2026-04-09 17:05:05.937 +0700] [INFO] [cadence.virtuoso.ade.simulationMonitor] - Notice from spectre during hierarchy flattening.
    The value 'psf' specified for the 'checklimitdest' option will no longer be supported in future releases. Use 'spectre -h' to see other recommended values for the 'checklimitdest' option. {"history": "ExplorerRun.0", "point": 1, "testname": "my_lib_cs_amp_1", "cornername": "Nominal"}
[2026-04-09 17:05:05.938 +0700] [INFO] [cadence.virtuoso.ade.simulationMonitor] - Peak resident memory used = 105 Mbytes. {"history": "ExplorerRun.0", "point": 1, "testname": "my_lib_cs_amp_1", "cornername": "Nominal"}
[2026-04-09 17:05:05.938 +0700] [INFO] [cadence.virtuoso.ade.simulationMonitor] - Notice from spectre during initial setup.
    Multithreading is disabled due to the size of the design being too small. {"history": "ExplorerRun.0", "point": 1, "testname": "my_lib_cs_amp_1", "cornername": "Nominal"}
[2026-04-09 17:05:05.939 +0700] [INFO] [cadence.virtuoso.ade.simulationMonitor] -               nodes 22 {"history": "ExplorerRun.0", "point": 1, "testname": "my_lib_cs_amp_1", "cornername": "Nominal"}
[2026-04-09 17:05:05.939 +0700] [INFO] [cadence.virtuoso.ade.simulationMonitor] - Notice from spectre during initial setup.
    APS enabled. {"history": "ExplorerRun.0", "point": 1, "testname": "my_lib_cs_amp_1", "cornername": "Nominal"}
[2026-04-09 17:05:05.939 +0700] [INFO] [cadence.virtuoso.ade.simulationMonitor] - Peak resident memory used = 107 Mbytes. {"history": "ExplorerRun.0", "point": 1, "testname": "my_lib_cs_amp_1", "cornername": "Nominal"}
[2026-04-09 17:05:05.940 +0700] [INFO] [cadence.virtuoso.ade.simulationMonitor] -    -   (APS) Multi-threading. The recommended number of threads is 1, consider adding +mt=1 on command line. {"history": "ExplorerRun.0", "point": 1, "testname": "my_lib_cs_amp_1", "cornername": "Nominal"}
[2026-04-09 17:05:05.940 +0700] [INFO] [cadence.virtuoso.ade.simulationMonitor] - Total time required for dc analysis `dcOp': CPU = 2.105 ms, elapsed = 3.10588 ms. {"history": "ExplorerRun.0", "point": 1, "testname": "my_lib_cs_amp_1", "cornername": "Nominal"}
[2026-04-09 17:05:05.940 +0700] [INFO] [cadence.virtuoso.ade.simulationMonitor] - Peak resident memory used = 109 Mbytes. {"history": "ExplorerRun.0", "point": 1, "testname": "my_lib_cs_amp_1", "cornername": "Nominal"}
[2026-04-09 17:05:05.940 +0700] [INFO] [cadence.virtuoso.ade.simulationMonitor] - Time used: CPU = 536 ms, elapsed = 20.9 s, util. = 2.57%. {"history": "ExplorerRun.0", "point": 1, "testname": "my_lib_cs_amp_1", "cornername": "Nominal"}
[2026-04-09 17:05:05.940 +0700] [INFO] [cadence.virtuoso.ade.simulationMonitor] - Time spent in licensing: elapsed = 20.3 s, percentage of total = 97.3%. {"history": "ExplorerRun.0", "point": 1, "testname": "my_lib_cs_amp_1", "cornername": "Nominal"}
[2026-04-09 17:05:05.940 +0700] [INFO] [cadence.virtuoso.ade.simulationMonitor] - Peak memory used = 111 Mbytes. {"history": "ExplorerRun.0", "point": 1, "testname": "my_lib_cs_amp_1", "cornername": "Nominal"}
[2026-04-09 17:05:05.941 +0700] [PROCESS] [cadence.virtuoso.ade.simulationMonitor] - Simulation started at: 5:04:44 PM, Thur Apr 9, 2026, ended at: 5:05:05 PM, Thur Apr 9, 2026, with elapsed time (wall clock): 20.9 s. {"history": "ExplorerRun.0", "point": 1, "testname": "my_lib_cs_amp_1", "cornername": "Nominal"}
[2026-04-09 17:05:05.941 +0700] [PROCESS] [cadence.virtuoso.ade.simulationMonitor] - spectre completes with 0 errors, 0 warnings, and 4 notices. {"history": "ExplorerRun.0", "point": 1, "testname": "my_lib_cs_amp_1", "cornername": "Nominal"}
[2026-04-09 17:05:05.941 +0700] [PROCESS] [cadence.virtuoso.ade.simulationMonitor] - Simulator exited {"hostname": "dtvt_13", "processid": 30805, "history": "ExplorerRun.0", "testname": "my_lib_cs_amp_1", "cornername": "Nominal", "point": 1, "logfile": "/home/dtvt_13/truong/logs_dtvt_13/logs0/Job44.log", "exitStatus": "0"}
[2026-04-09 17:05:05.941 +0700] [PROCESS] [cadence.virtuoso.ade.simulationMonitor] - Finished Simulation {"hostname": "dtvt_13", "processid": 30805, "history": "ExplorerRun.0", "testname": "my_lib_cs_amp_1", "cornername": "Nominal", "point": 1, "logfile": "/home/dtvt_13/truong/logs_dtvt_13/logs0/Job44.log", "simid": "14"}
[2026-04-09 17:05:06.955 +0700] [PROCESS] [cadence.virtuoso.ade.simulationMonitor] - Point Finished {"hostname": "dtvt_13", "processid": 30805, "history": "ExplorerRun.0", "testname": "my_lib_cs_amp_1", "cornername": "Nominal", "point": 1, "logfile": "/home/dtvt_13/truong/logs_dtvt_13/logs0/Job44.log"}
[2026-04-09 17:05:32.100 +0700] [INFO] [cadence.virtuoso.ade.simulationMonitor] - SimulationMonitor has terminated the vds process '9422', reason: 'Force to stop the expression evalutor process because of new run' {"history": "ExplorerRun.0", "point": 1, "testname": "my_lib_cs_amp_1", "cornername": "Nominal"}
[2026-04-09 17:05:32.100 +0700] [PROCESS] [cadence.virtuoso.ade.simulationMonitor] - HostInfo:
Host name (type):	dtvt_13 (x86_64)
Operating system:	Linux 3.10.0-1160.118.1.el7.x86_64 #1 SMP Wed Apr 24 16:01:50 UTC 2024 {"hostname": "dtvt_13", "processid": 30805, "history": "ExplorerRun.0", "testname": "my_lib_cs_amp_1", "cornername": "Nominal", "point": 1, "logfile": "/home/dtvt_13/truong/logs_dtvt_13/logs0/Job44.log", "nodename": "dtvt_13", "domainname": "(none)", "machine": "x86_64", "sysname": "Linux", "release": "3.10.0-1160.118.1.el7.x86_64", "version": "#1 SMP Wed Apr 24 16:01:50 UTC 2024"}
[2026-04-09 17:05:32.100 +0700] [PROCESS] [cadence.virtuoso.ade.simulationMonitor] - UsageInfo:
pid=30805
totalPhysicalMemory=15.208324GB,Used=13.654518GB,totalVirtualMemory=22.895821GB,Used=13.694557GB
Cpu: Cores=24, Load average:0.230000,0.260000,0.230000 {"hostname": "dtvt_13", "processid": 30805, "history": "ExplorerRun.0", "testname": "my_lib_cs_amp_1", "cornername": "Nominal", "point": 1, "logfile": "/home/dtvt_13/truong/logs_dtvt_13/logs0/Job44.log", "pid": "30805", "totalPhysicalMemory": "15.208324", "physicalMemoryUsed": "13.654518", "totalVirtualMemory": "22.895821", "virtualMemoryUsed": "13.694557", "cpuCores": "24", "processes": "2542", "loadAverage1": "0.230000", "loadAverage5": "0.260000", "loadAverage15": "0.230000", "loadAverage1Percent": "0.009583"}
[2026-04-09 17:05:32.101 +0700] [EVENT] [cadence.virtuoso.ade.simulationMonitor] - NewPoint {"history": "ExplorerRun.0", "point": 1, "testname": "my_lib_cs_amp_1", "cornername": "Nominal", "event": "NewPoint", "EventSource": "Simulation Monitor", "HistoryName": "ExplorerRun.0", "logFile": "/home/dtvt_13/truong/logs_dtvt_13/logs0/Job44.log", "logFileSize": "125256"}
[2026-04-09 17:05:32.201 +0700] [EVENT] [cadence.virtuoso.ade.simulationMonitor] - NewPoint {"history": "ExplorerRun.0", "point": 1, "testname": "my_lib_cs_amp_1", "cornername": "Nominal", "event": "NewPoint", "EventSource": "spectre", "HistoryName": "ExplorerRun.0", "logFile": "/home/dtvt_13/simulation/my_lib/cs_amp/maestro/results/maestro/ExplorerRun.0/1/my_lib_cs_amp_1/psf/spectre.out", "logFileSize": "-1"}
[2026-04-09 17:05:32.205 +0700] [PROCESS] [cadence.virtuoso.ade.simulationMonitor] - Simulator launched {"hostname": "dtvt_13", "processid": 30805, "history": "ExplorerRun.0", "testname": "my_lib_cs_amp_1", "cornername": "Nominal", "point": 1, "logfile": "/home/dtvt_13/truong/logs_dtvt_13/logs0/Job44.log", "simid": "15"}
[2026-04-09 17:05:32.206 +0700] [PROCESS] [cadence.virtuoso.ade.simulationMonitor] - Expression evaluator launched {"hostname": "dtvt_13", "processid": 30805, "history": "ExplorerRun.0", "testname": "my_lib_cs_amp_1", "cornername": "Nominal", "point": 1, "logfile": "/home/dtvt_13/truong/logs_dtvt_13/logs0/Job44.log"}
[2026-04-09 17:05:32.212 +0700] [PROCESS] [cadence.virtuoso.ade.simulationMonitor] - Started Simulation {"hostname": "dtvt_13", "processid": 30805, "history": "ExplorerRun.0", "testname": "my_lib_cs_amp_1", "cornername": "Nominal", "point": 1, "logfile": "/home/dtvt_13/truong/logs_dtvt_13/logs0/Job44.log"}
[2026-04-09 17:05:53.521 +0700] [PROCESS] [cadence.virtuoso.ade.simulationMonitor] - Finished simulating for one point {"hostname": "dtvt_13", "processid": 30805, "history": "ExplorerRun.0", "testname": "my_lib_cs_amp_1", "cornername": "Nominal", "point": 1, "logfile": "/home/dtvt_13/truong/logs_dtvt_13/logs0/Job44.log", "simid": "15"}
[2026-04-09 17:05:53.521 +0700] [INFO] [cadence.virtuoso.ade.simulationMonitor] - Peak resident memory used = 95.5 Mbytes. {"history": "ExplorerRun.0", "point": 1, "testname": "my_lib_cs_amp_1", "cornername": "Nominal"}
[2026-04-09 17:05:53.521 +0700] [INFO] [cadence.virtuoso.ade.simulationMonitor] - Peak resident memory used = 104 Mbytes. {"history": "ExplorerRun.0", "point": 1, "testname": "my_lib_cs_amp_1", "cornername": "Nominal"}
[2026-04-09 17:05:53.522 +0700] [INFO] [cadence.virtuoso.ade.simulationMonitor] - Notice from spectre during hierarchy flattening.
    The value 'psf' specified for the 'checklimitdest' option will no longer be supported in future releases. Use 'spectre -h' to see other recommended values for the 'checklimitdest' option. {"history": "ExplorerRun.0", "point": 1, "testname": "my_lib_cs_amp_1", "cornername": "Nominal"}
[2026-04-09 17:05:53.522 +0700] [INFO] [cadence.virtuoso.ade.simulationMonitor] - Peak resident memory used = 105 Mbytes. {"history": "ExplorerRun.0", "point": 1, "testname": "my_lib_cs_amp_1", "cornername": "Nominal"}
[2026-04-09 17:05:53.522 +0700] [INFO] [cadence.virtuoso.ade.simulationMonitor] - Notice from spectre during initial setup.
    Multithreading is disabled due to the size of the design being too small. {"history": "ExplorerRun.0", "point": 1, "testname": "my_lib_cs_amp_1", "cornername": "Nominal"}
[2026-04-09 17:05:53.522 +0700] [INFO] [cadence.virtuoso.ade.simulationMonitor] -               nodes 22 {"history": "ExplorerRun.0", "point": 1, "testname": "my_lib_cs_amp_1", "cornername": "Nominal"}
[2026-04-09 17:05:53.523 +0700] [INFO] [cadence.virtuoso.ade.simulationMonitor] - Notice from spectre during initial setup.
    APS enabled. {"history": "ExplorerRun.0", "point": 1, "testname": "my_lib_cs_amp_1", "cornername": "Nominal"}
[2026-04-09 17:05:53.523 +0700] [INFO] [cadence.virtuoso.ade.simulationMonitor] - Peak resident memory used = 107 Mbytes. {"history": "ExplorerRun.0", "point": 1, "testname": "my_lib_cs_amp_1", "cornername": "Nominal"}
[2026-04-09 17:05:53.523 +0700] [INFO] [cadence.virtuoso.ade.simulationMonitor] -    -   (APS) Multi-threading. The recommended number of threads is 1, consider adding +mt=1 on command line. {"history": "ExplorerRun.0", "point": 1, "testname": "my_lib_cs_amp_1", "cornername": "Nominal"}
[2026-04-09 17:05:53.523 +0700] [INFO] [cadence.virtuoso.ade.simulationMonitor] - Total time required for dc analysis `dcOp': CPU = 2.61 ms, elapsed = 3.51787 ms. {"history": "ExplorerRun.0", "point": 1, "testname": "my_lib_cs_amp_1", "cornername": "Nominal"}
[2026-04-09 17:05:53.523 +0700] [INFO] [cadence.virtuoso.ade.simulationMonitor] - Peak resident memory used = 109 Mbytes. {"history": "ExplorerRun.0", "point": 1, "testname": "my_lib_cs_amp_1", "cornername": "Nominal"}
[2026-04-09 17:05:53.524 +0700] [INFO] [cadence.virtuoso.ade.simulationMonitor] - Time used: CPU = 508 ms, elapsed = 20.9 s, util. = 2.43%. {"history": "ExplorerRun.0", "point": 1, "testname": "my_lib_cs_amp_1", "cornername": "Nominal"}
[2026-04-09 17:05:53.524 +0700] [INFO] [cadence.virtuoso.ade.simulationMonitor] - Time spent in licensing: elapsed = 20.3 s, percentage of total = 97.2%. {"history": "ExplorerRun.0", "point": 1, "testname": "my_lib_cs_amp_1", "cornername": "Nominal"}
[2026-04-09 17:05:53.524 +0700] [INFO] [cadence.virtuoso.ade.simulationMonitor] - Peak memory used = 111 Mbytes. {"history": "ExplorerRun.0", "point": 1, "testname": "my_lib_cs_amp_1", "cornername": "Nominal"}
[2026-04-09 17:05:53.524 +0700] [PROCESS] [cadence.virtuoso.ade.simulationMonitor] - Simulation started at: 5:05:32 PM, Thur Apr 9, 2026, ended at: 5:05:53 PM, Thur Apr 9, 2026, with elapsed time (wall clock): 20.9 s. {"history": "ExplorerRun.0", "point": 1, "testname": "my_lib_cs_amp_1", "cornername": "Nominal"}
[2026-04-09 17:05:53.525 +0700] [PROCESS] [cadence.virtuoso.ade.simulationMonitor] - spectre completes with 0 errors, 0 warnings, and 4 notices. {"history": "ExplorerRun.0", "point": 1, "testname": "my_lib_cs_amp_1", "cornername": "Nominal"}
[2026-04-09 17:05:53.525 +0700] [PROCESS] [cadence.virtuoso.ade.simulationMonitor] - Simulator exited {"hostname": "dtvt_13", "processid": 30805, "history": "ExplorerRun.0", "testname": "my_lib_cs_amp_1", "cornername": "Nominal", "point": 1, "logfile": "/home/dtvt_13/truong/logs_dtvt_13/logs0/Job44.log", "exitStatus": "0"}
[2026-04-09 17:05:53.525 +0700] [PROCESS] [cadence.virtuoso.ade.simulationMonitor] - Finished Simulation {"hostname": "dtvt_13", "processid": 30805, "history": "ExplorerRun.0", "testname": "my_lib_cs_amp_1", "cornername": "Nominal", "point": 1, "logfile": "/home/dtvt_13/truong/logs_dtvt_13/logs0/Job44.log", "simid": "15"}
[2026-04-09 17:05:54.540 +0700] [PROCESS] [cadence.virtuoso.ade.simulationMonitor] - Point Finished {"hostname": "dtvt_13", "processid": 30805, "history": "ExplorerRun.0", "testname": "my_lib_cs_amp_1", "cornername": "Nominal", "point": 1, "logfile": "/home/dtvt_13/truong/logs_dtvt_13/logs0/Job44.log"}
[2026-04-09 17:07:19.498 +0700] [INFO] [cadence.virtuoso.ade.simulationMonitor] - SimulationMonitor has terminated the vds process '10066', reason: 'Force to stop the expression evalutor process because of new run' {"history": "ExplorerRun.0", "point": 1, "testname": "my_lib_cs_amp_1", "cornername": "Nominal"}
[2026-04-09 17:07:19.498 +0700] [PROCESS] [cadence.virtuoso.ade.simulationMonitor] - HostInfo:
Host name (type):	dtvt_13 (x86_64)
Operating system:	Linux 3.10.0-1160.118.1.el7.x86_64 #1 SMP Wed Apr 24 16:01:50 UTC 2024 {"hostname": "dtvt_13", "processid": 30805, "history": "ExplorerRun.0", "testname": "my_lib_cs_amp_1", "cornername": "Nominal", "point": 1, "logfile": "/home/dtvt_13/truong/logs_dtvt_13/logs0/Job44.log", "nodename": "dtvt_13", "domainname": "(none)", "machine": "x86_64", "sysname": "Linux", "release": "3.10.0-1160.118.1.el7.x86_64", "version": "#1 SMP Wed Apr 24 16:01:50 UTC 2024"}
[2026-04-09 17:07:19.499 +0700] [PROCESS] [cadence.virtuoso.ade.simulationMonitor] - UsageInfo:
pid=30805
totalPhysicalMemory=15.208324GB,Used=13.609356GB,totalVirtualMemory=22.895821GB,Used=13.649395GB
Cpu: Cores=24, Load average:0.360000,0.280000,0.240000 {"hostname": "dtvt_13", "processid": 30805, "history": "ExplorerRun.0", "testname": "my_lib_cs_amp_1", "cornername": "Nominal", "point": 1, "logfile": "/home/dtvt_13/truong/logs_dtvt_13/logs0/Job44.log", "pid": "30805", "totalPhysicalMemory": "15.208324", "physicalMemoryUsed": "13.609356", "totalVirtualMemory": "22.895821", "virtualMemoryUsed": "13.649395", "cpuCores": "24", "processes": "2550", "loadAverage1": "0.360000", "loadAverage5": "0.280000", "loadAverage15": "0.240000", "loadAverage1Percent": "0.015000"}
[2026-04-09 17:07:19.499 +0700] [EVENT] [cadence.virtuoso.ade.simulationMonitor] - NewPoint {"history": "ExplorerRun.0", "point": 1, "testname": "my_lib_cs_amp_1", "cornername": "Nominal", "event": "NewPoint", "EventSource": "Simulation Monitor", "HistoryName": "ExplorerRun.0", "logFile": "/home/dtvt_13/truong/logs_dtvt_13/logs0/Job44.log", "logFileSize": "134030"}
[2026-04-09 17:07:19.600 +0700] [EVENT] [cadence.virtuoso.ade.simulationMonitor] - NewPoint {"history": "ExplorerRun.0", "point": 1, "testname": "my_lib_cs_amp_1", "cornername": "Nominal", "event": "NewPoint", "EventSource": "spectre", "HistoryName": "ExplorerRun.0", "logFile": "/home/dtvt_13/simulation/my_lib/cs_amp/maestro/results/maestro/ExplorerRun.0/1/my_lib_cs_amp_1/psf/spectre.out", "logFileSize": "-1"}
[2026-04-09 17:07:19.609 +0700] [PROCESS] [cadence.virtuoso.ade.simulationMonitor] - Simulator launched {"hostname": "dtvt_13", "processid": 30805, "history": "ExplorerRun.0", "testname": "my_lib_cs_amp_1", "cornername": "Nominal", "point": 1, "logfile": "/home/dtvt_13/truong/logs_dtvt_13/logs0/Job44.log", "simid": "16"}
[2026-04-09 17:07:19.616 +0700] [PROCESS] [cadence.virtuoso.ade.simulationMonitor] - Expression evaluator launched {"hostname": "dtvt_13", "processid": 30805, "history": "ExplorerRun.0", "testname": "my_lib_cs_amp_1", "cornername": "Nominal", "point": 1, "logfile": "/home/dtvt_13/truong/logs_dtvt_13/logs0/Job44.log"}
[2026-04-09 17:07:19.629 +0700] [PROCESS] [cadence.virtuoso.ade.simulationMonitor] - Started Simulation {"hostname": "dtvt_13", "processid": 30805, "history": "ExplorerRun.0", "testname": "my_lib_cs_amp_1", "cornername": "Nominal", "point": 1, "logfile": "/home/dtvt_13/truong/logs_dtvt_13/logs0/Job44.log"}
[2026-04-09 17:07:41.532 +0700] [PROCESS] [cadence.virtuoso.ade.simulationMonitor] - Finished simulating for one point {"hostname": "dtvt_13", "processid": 30805, "history": "ExplorerRun.0", "testname": "my_lib_cs_amp_1", "cornername": "Nominal", "point": 1, "logfile": "/home/dtvt_13/truong/logs_dtvt_13/logs0/Job44.log", "simid": "16"}
[2026-04-09 17:07:41.533 +0700] [INFO] [cadence.virtuoso.ade.simulationMonitor] - Peak resident memory used = 95.5 Mbytes. {"history": "ExplorerRun.0", "point": 1, "testname": "my_lib_cs_amp_1", "cornername": "Nominal"}
[2026-04-09 17:07:41.533 +0700] [INFO] [cadence.virtuoso.ade.simulationMonitor] - Peak resident memory used = 104 Mbytes. {"history": "ExplorerRun.0", "point": 1, "testname": "my_lib_cs_amp_1", "cornername": "Nominal"}
[2026-04-09 17:07:41.533 +0700] [INFO] [cadence.virtuoso.ade.simulationMonitor] - Notice from spectre during hierarchy flattening.
    The value 'psf' specified for the 'checklimitdest' option will no longer be supported in future releases. Use 'spectre -h' to see other recommended values for the 'checklimitdest' option. {"history": "ExplorerRun.0", "point": 1, "testname": "my_lib_cs_amp_1", "cornername": "Nominal"}
[2026-04-09 17:07:41.534 +0700] [INFO] [cadence.virtuoso.ade.simulationMonitor] - Peak resident memory used = 105 Mbytes. {"history": "ExplorerRun.0", "point": 1, "testname": "my_lib_cs_amp_1", "cornername": "Nominal"}
[2026-04-09 17:07:41.534 +0700] [INFO] [cadence.virtuoso.ade.simulationMonitor] - Notice from spectre during initial setup.
    Multithreading is disabled due to the size of the design being too small. {"history": "ExplorerRun.0", "point": 1, "testname": "my_lib_cs_amp_1", "cornername": "Nominal"}
[2026-04-09 17:07:41.535 +0700] [INFO] [cadence.virtuoso.ade.simulationMonitor] -               nodes 22 {"history": "ExplorerRun.0", "point": 1, "testname": "my_lib_cs_amp_1", "cornername": "Nominal"}
[2026-04-09 17:07:41.535 +0700] [INFO] [cadence.virtuoso.ade.simulationMonitor] - Notice from spectre during initial setup.
    APS enabled. {"history": "ExplorerRun.0", "point": 1, "testname": "my_lib_cs_amp_1", "cornername": "Nominal"}
[2026-04-09 17:07:41.535 +0700] [INFO] [cadence.virtuoso.ade.simulationMonitor] - Peak resident memory used = 107 Mbytes. {"history": "ExplorerRun.0", "point": 1, "testname": "my_lib_cs_amp_1", "cornername": "Nominal"}
[2026-04-09 17:07:41.535 +0700] [INFO] [cadence.virtuoso.ade.simulationMonitor] -    -   (APS) Multi-threading. The recommended number of threads is 1, consider adding +mt=1 on command line. {"history": "ExplorerRun.0", "point": 1, "testname": "my_lib_cs_amp_1", "cornername": "Nominal"}
[2026-04-09 17:07:41.535 +0700] [INFO] [cadence.virtuoso.ade.simulationMonitor] - Total time required for dc analysis `dcOp': CPU = 2.422 ms, elapsed = 3.45588 ms. {"history": "ExplorerRun.0", "point": 1, "testname": "my_lib_cs_amp_1", "cornername": "Nominal"}
[2026-04-09 17:07:41.535 +0700] [INFO] [cadence.virtuoso.ade.simulationMonitor] - Peak resident memory used = 109 Mbytes. {"history": "ExplorerRun.0", "point": 1, "testname": "my_lib_cs_amp_1", "cornername": "Nominal"}
[2026-04-09 17:07:41.535 +0700] [INFO] [cadence.virtuoso.ade.simulationMonitor] - Time used: CPU = 561 ms, elapsed = 21.3 s, util. = 2.63%. {"history": "ExplorerRun.0", "point": 1, "testname": "my_lib_cs_amp_1", "cornername": "Nominal"}
[2026-04-09 17:07:41.536 +0700] [INFO] [cadence.virtuoso.ade.simulationMonitor] - Time spent in licensing: elapsed = 20.7 s, percentage of total = 97.1%. {"history": "ExplorerRun.0", "point": 1, "testname": "my_lib_cs_amp_1", "cornername": "Nominal"}
[2026-04-09 17:07:41.536 +0700] [INFO] [cadence.virtuoso.ade.simulationMonitor] - Peak memory used = 111 Mbytes. {"history": "ExplorerRun.0", "point": 1, "testname": "my_lib_cs_amp_1", "cornername": "Nominal"}
[2026-04-09 17:07:41.536 +0700] [PROCESS] [cadence.virtuoso.ade.simulationMonitor] - Simulation started at: 5:07:19 PM, Thur Apr 9, 2026, ended at: 5:07:41 PM, Thur Apr 9, 2026, with elapsed time (wall clock): 21.3 s. {"history": "ExplorerRun.0", "point": 1, "testname": "my_lib_cs_amp_1", "cornername": "Nominal"}
[2026-04-09 17:07:41.536 +0700] [PROCESS] [cadence.virtuoso.ade.simulationMonitor] - spectre completes with 0 errors, 0 warnings, and 4 notices. {"history": "ExplorerRun.0", "point": 1, "testname": "my_lib_cs_amp_1", "cornername": "Nominal"}
[2026-04-09 17:07:41.536 +0700] [PROCESS] [cadence.virtuoso.ade.simulationMonitor] - Simulator exited {"hostname": "dtvt_13", "processid": 30805, "history": "ExplorerRun.0", "testname": "my_lib_cs_amp_1", "cornername": "Nominal", "point": 1, "logfile": "/home/dtvt_13/truong/logs_dtvt_13/logs0/Job44.log", "exitStatus": "0"}
[2026-04-09 17:07:41.536 +0700] [PROCESS] [cadence.virtuoso.ade.simulationMonitor] - Finished Simulation {"hostname": "dtvt_13", "processid": 30805, "history": "ExplorerRun.0", "testname": "my_lib_cs_amp_1", "cornername": "Nominal", "point": 1, "logfile": "/home/dtvt_13/truong/logs_dtvt_13/logs0/Job44.log", "simid": "16"}
[2026-04-09 17:07:42.549 +0700] [PROCESS] [cadence.virtuoso.ade.simulationMonitor] - Point Finished {"hostname": "dtvt_13", "processid": 30805, "history": "ExplorerRun.0", "testname": "my_lib_cs_amp_1", "cornername": "Nominal", "point": 1, "logfile": "/home/dtvt_13/truong/logs_dtvt_13/logs0/Job44.log"}
[2026-04-09 17:08:34.098 +0700] [INFO] [cadence.virtuoso.ade.simulationMonitor] - SimulationMonitor has terminated the vds process '10892', reason: 'Force to stop the expression evalutor process because of new run' {"history": "ExplorerRun.0", "point": 1, "testname": "my_lib_cs_amp_1", "cornername": "Nominal"}
[2026-04-09 17:08:34.098 +0700] [PROCESS] [cadence.virtuoso.ade.simulationMonitor] - HostInfo:
Host name (type):	dtvt_13 (x86_64)
Operating system:	Linux 3.10.0-1160.118.1.el7.x86_64 #1 SMP Wed Apr 24 16:01:50 UTC 2024 {"hostname": "dtvt_13", "processid": 30805, "history": "ExplorerRun.0", "testname": "my_lib_cs_amp_1", "cornername": "Nominal", "point": 1, "logfile": "/home/dtvt_13/truong/logs_dtvt_13/logs0/Job44.log", "nodename": "dtvt_13", "domainname": "(none)", "machine": "x86_64", "sysname": "Linux", "release": "3.10.0-1160.118.1.el7.x86_64", "version": "#1 SMP Wed Apr 24 16:01:50 UTC 2024"}
[2026-04-09 17:08:34.098 +0700] [PROCESS] [cadence.virtuoso.ade.simulationMonitor] - UsageInfo:
pid=30805
totalPhysicalMemory=15.208324GB,Used=13.606159GB,totalVirtualMemory=22.895821GB,Used=13.646198GB
Cpu: Cores=24, Load average:0.140000,0.230000,0.220000 {"hostname": "dtvt_13", "processid": 30805, "history": "ExplorerRun.0", "testname": "my_lib_cs_amp_1", "cornername": "Nominal", "point": 1, "logfile": "/home/dtvt_13/truong/logs_dtvt_13/logs0/Job44.log", "pid": "30805", "totalPhysicalMemory": "15.208324", "physicalMemoryUsed": "13.606159", "totalVirtualMemory": "22.895821", "virtualMemoryUsed": "13.646198", "cpuCores": "24", "processes": "2545", "loadAverage1": "0.140000", "loadAverage5": "0.230000", "loadAverage15": "0.220000", "loadAverage1Percent": "0.005833"}
[2026-04-09 17:08:34.098 +0700] [EVENT] [cadence.virtuoso.ade.simulationMonitor] - NewPoint {"history": "ExplorerRun.0", "point": 1, "testname": "my_lib_cs_amp_1", "cornername": "Nominal", "event": "NewPoint", "EventSource": "Simulation Monitor", "HistoryName": "ExplorerRun.0", "logFile": "/home/dtvt_13/truong/logs_dtvt_13/logs0/Job44.log", "logFileSize": "142028"}
[2026-04-09 17:08:34.199 +0700] [EVENT] [cadence.virtuoso.ade.simulationMonitor] - NewPoint {"history": "ExplorerRun.0", "point": 1, "testname": "my_lib_cs_amp_1", "cornername": "Nominal", "event": "NewPoint", "EventSource": "spectre", "HistoryName": "ExplorerRun.0", "logFile": "/home/dtvt_13/simulation/my_lib/cs_amp/maestro/results/maestro/ExplorerRun.0/1/my_lib_cs_amp_1/psf/spectre.out", "logFileSize": "-1"}
[2026-04-09 17:08:34.207 +0700] [PROCESS] [cadence.virtuoso.ade.simulationMonitor] - Simulator launched {"hostname": "dtvt_13", "processid": 30805, "history": "ExplorerRun.0", "testname": "my_lib_cs_amp_1", "cornername": "Nominal", "point": 1, "logfile": "/home/dtvt_13/truong/logs_dtvt_13/logs0/Job44.log", "simid": "17"}
[2026-04-09 17:08:34.213 +0700] [PROCESS] [cadence.virtuoso.ade.simulationMonitor] - Expression evaluator launched {"hostname": "dtvt_13", "processid": 30805, "history": "ExplorerRun.0", "testname": "my_lib_cs_amp_1", "cornername": "Nominal", "point": 1, "logfile": "/home/dtvt_13/truong/logs_dtvt_13/logs0/Job44.log"}
[2026-04-09 17:08:34.225 +0700] [PROCESS] [cadence.virtuoso.ade.simulationMonitor] - Started Simulation {"hostname": "dtvt_13", "processid": 30805, "history": "ExplorerRun.0", "testname": "my_lib_cs_amp_1", "cornername": "Nominal", "point": 1, "logfile": "/home/dtvt_13/truong/logs_dtvt_13/logs0/Job44.log"}
[2026-04-09 17:08:55.634 +0700] [PROCESS] [cadence.virtuoso.ade.simulationMonitor] - Finished simulating for one point {"hostname": "dtvt_13", "processid": 30805, "history": "ExplorerRun.0", "testname": "my_lib_cs_amp_1", "cornername": "Nominal", "point": 1, "logfile": "/home/dtvt_13/truong/logs_dtvt_13/logs0/Job44.log", "simid": "17"}
[2026-04-09 17:08:55.634 +0700] [INFO] [cadence.virtuoso.ade.simulationMonitor] - Peak resident memory used = 95.5 Mbytes. {"history": "ExplorerRun.0", "point": 1, "testname": "my_lib_cs_amp_1", "cornername": "Nominal"}
[2026-04-09 17:08:55.635 +0700] [INFO] [cadence.virtuoso.ade.simulationMonitor] - Peak resident memory used = 104 Mbytes. {"history": "ExplorerRun.0", "point": 1, "testname": "my_lib_cs_amp_1", "cornername": "Nominal"}
[2026-04-09 17:08:55.635 +0700] [INFO] [cadence.virtuoso.ade.simulationMonitor] - Notice from spectre during hierarchy flattening.
    The value 'psf' specified for the 'checklimitdest' option will no longer be supported in future releases. Use 'spectre -h' to see other recommended values for the 'checklimitdest' option. {"history": "ExplorerRun.0", "point": 1, "testname": "my_lib_cs_amp_1", "cornername": "Nominal"}
[2026-04-09 17:08:55.635 +0700] [INFO] [cadence.virtuoso.ade.simulationMonitor] - Peak resident memory used = 105 Mbytes. {"history": "ExplorerRun.0", "point": 1, "testname": "my_lib_cs_amp_1", "cornername": "Nominal"}
[2026-04-09 17:08:55.635 +0700] [INFO] [cadence.virtuoso.ade.simulationMonitor] - Notice from spectre during initial setup.
    Multithreading is disabled due to the size of the design being too small. {"history": "ExplorerRun.0", "point": 1, "testname": "my_lib_cs_amp_1", "cornername": "Nominal"}
[2026-04-09 17:08:55.636 +0700] [INFO] [cadence.virtuoso.ade.simulationMonitor] -               nodes 22 {"history": "ExplorerRun.0", "point": 1, "testname": "my_lib_cs_amp_1", "cornername": "Nominal"}
[2026-04-09 17:08:55.636 +0700] [INFO] [cadence.virtuoso.ade.simulationMonitor] - Notice from spectre during initial setup.
    APS enabled. {"history": "ExplorerRun.0", "point": 1, "testname": "my_lib_cs_amp_1", "cornername": "Nominal"}
[2026-04-09 17:08:55.636 +0700] [INFO] [cadence.virtuoso.ade.simulationMonitor] - Peak resident memory used = 107 Mbytes. {"history": "ExplorerRun.0", "point": 1, "testname": "my_lib_cs_amp_1", "cornername": "Nominal"}
[2026-04-09 17:08:55.636 +0700] [INFO] [cadence.virtuoso.ade.simulationMonitor] -    -   (APS) Multi-threading. The recommended number of threads is 1, consider adding +mt=1 on command line. {"history": "ExplorerRun.0", "point": 1, "testname": "my_lib_cs_amp_1", "cornername": "Nominal"}
[2026-04-09 17:08:55.637 +0700] [INFO] [cadence.virtuoso.ade.simulationMonitor] - Total time required for dc analysis `dcOp': CPU = 2.866 ms, elapsed = 3.829 ms. {"history": "ExplorerRun.0", "point": 1, "testname": "my_lib_cs_amp_1", "cornername": "Nominal"}
[2026-04-09 17:08:55.637 +0700] [INFO] [cadence.virtuoso.ade.simulationMonitor] - Peak resident memory used = 109 Mbytes. {"history": "ExplorerRun.0", "point": 1, "testname": "my_lib_cs_amp_1", "cornername": "Nominal"}
[2026-04-09 17:08:55.637 +0700] [INFO] [cadence.virtuoso.ade.simulationMonitor] - Time used: CPU = 564 ms, elapsed = 20.9 s, util. = 2.7%. {"history": "ExplorerRun.0", "point": 1, "testname": "my_lib_cs_amp_1", "cornername": "Nominal"}
[2026-04-09 17:08:55.637 +0700] [INFO] [cadence.virtuoso.ade.simulationMonitor] - Time spent in licensing: elapsed = 20.3 s, percentage of total = 97.3%. {"history": "ExplorerRun.0", "point": 1, "testname": "my_lib_cs_amp_1", "cornername": "Nominal"}
[2026-04-09 17:08:55.637 +0700] [INFO] [cadence.virtuoso.ade.simulationMonitor] - Peak memory used = 111 Mbytes. {"history": "ExplorerRun.0", "point": 1, "testname": "my_lib_cs_amp_1", "cornername": "Nominal"}
[2026-04-09 17:08:55.637 +0700] [PROCESS] [cadence.virtuoso.ade.simulationMonitor] - Simulation started at: 5:08:34 PM, Thur Apr 9, 2026, ended at: 5:08:55 PM, Thur Apr 9, 2026, with elapsed time (wall clock): 20.9 s. {"history": "ExplorerRun.0", "point": 1, "testname": "my_lib_cs_amp_1", "cornername": "Nominal"}
[2026-04-09 17:08:55.637 +0700] [PROCESS] [cadence.virtuoso.ade.simulationMonitor] - spectre completes with 0 errors, 0 warnings, and 4 notices. {"history": "ExplorerRun.0", "point": 1, "testname": "my_lib_cs_amp_1", "cornername": "Nominal"}
[2026-04-09 17:08:55.638 +0700] [PROCESS] [cadence.virtuoso.ade.simulationMonitor] - Simulator exited {"hostname": "dtvt_13", "processid": 30805, "history": "ExplorerRun.0", "testname": "my_lib_cs_amp_1", "cornername": "Nominal", "point": 1, "logfile": "/home/dtvt_13/truong/logs_dtvt_13/logs0/Job44.log", "exitStatus": "0"}
[2026-04-09 17:08:55.638 +0700] [PROCESS] [cadence.virtuoso.ade.simulationMonitor] - Finished Simulation {"hostname": "dtvt_13", "processid": 30805, "history": "ExplorerRun.0", "testname": "my_lib_cs_amp_1", "cornername": "Nominal", "point": 1, "logfile": "/home/dtvt_13/truong/logs_dtvt_13/logs0/Job44.log", "simid": "17"}
[2026-04-09 17:08:56.650 +0700] [PROCESS] [cadence.virtuoso.ade.simulationMonitor] - Point Finished {"hostname": "dtvt_13", "processid": 30805, "history": "ExplorerRun.0", "testname": "my_lib_cs_amp_1", "cornername": "Nominal", "point": 1, "logfile": "/home/dtvt_13/truong/logs_dtvt_13/logs0/Job44.log"}
[2026-04-09 17:10:10.307 +0700] [INFO] [cadence.virtuoso.ade.simulationMonitor] - SimulationMonitor has terminated the vds process '11589', reason: 'Force to stop the expression evalutor process because of new run' {"history": "ExplorerRun.0", "point": 1, "testname": "my_lib_cs_amp_1", "cornername": "Nominal"}
[2026-04-09 17:10:10.307 +0700] [PROCESS] [cadence.virtuoso.ade.simulationMonitor] - HostInfo:
Host name (type):	dtvt_13 (x86_64)
Operating system:	Linux 3.10.0-1160.118.1.el7.x86_64 #1 SMP Wed Apr 24 16:01:50 UTC 2024 {"hostname": "dtvt_13", "processid": 30805, "history": "ExplorerRun.0", "testname": "my_lib_cs_amp_1", "cornername": "Nominal", "point": 1, "logfile": "/home/dtvt_13/truong/logs_dtvt_13/logs0/Job44.log", "nodename": "dtvt_13", "domainname": "(none)", "machine": "x86_64", "sysname": "Linux", "release": "3.10.0-1160.118.1.el7.x86_64", "version": "#1 SMP Wed Apr 24 16:01:50 UTC 2024"}
[2026-04-09 17:10:10.307 +0700] [PROCESS] [cadence.virtuoso.ade.simulationMonitor] - UsageInfo:
pid=30805
totalPhysicalMemory=15.208324GB,Used=13.611244GB,totalVirtualMemory=22.895821GB,Used=13.651283GB
Cpu: Cores=24, Load average:0.160000,0.200000,0.220000 {"hostname": "dtvt_13", "processid": 30805, "history": "ExplorerRun.0", "testname": "my_lib_cs_amp_1", "cornername": "Nominal", "point": 1, "logfile": "/home/dtvt_13/truong/logs_dtvt_13/logs0/Job44.log", "pid": "30805", "totalPhysicalMemory": "15.208324", "physicalMemoryUsed": "13.611244", "totalVirtualMemory": "22.895821", "virtualMemoryUsed": "13.651283", "cpuCores": "24", "processes": "2545", "loadAverage1": "0.160000", "loadAverage5": "0.200000", "loadAverage15": "0.220000", "loadAverage1Percent": "0.006667"}
[2026-04-09 17:10:10.307 +0700] [EVENT] [cadence.virtuoso.ade.simulationMonitor] - NewPoint {"history": "ExplorerRun.0", "point": 1, "testname": "my_lib_cs_amp_1", "cornername": "Nominal", "event": "NewPoint", "EventSource": "Simulation Monitor", "HistoryName": "ExplorerRun.0", "logFile": "/home/dtvt_13/truong/logs_dtvt_13/logs0/Job44.log", "logFileSize": "151577"}
[2026-04-09 17:10:10.408 +0700] [EVENT] [cadence.virtuoso.ade.simulationMonitor] - NewPoint {"history": "ExplorerRun.0", "point": 1, "testname": "my_lib_cs_amp_1", "cornername": "Nominal", "event": "NewPoint", "EventSource": "spectre", "HistoryName": "ExplorerRun.0", "logFile": "/home/dtvt_13/simulation/my_lib/cs_amp/maestro/results/maestro/ExplorerRun.0/1/my_lib_cs_amp_1/psf/spectre.out", "logFileSize": "-1"}
[2026-04-09 17:10:10.419 +0700] [PROCESS] [cadence.virtuoso.ade.simulationMonitor] - Simulator launched {"hostname": "dtvt_13", "processid": 30805, "history": "ExplorerRun.0", "testname": "my_lib_cs_amp_1", "cornername": "Nominal", "point": 1, "logfile": "/home/dtvt_13/truong/logs_dtvt_13/logs0/Job44.log", "simid": "18"}
[2026-04-09 17:10:10.427 +0700] [PROCESS] [cadence.virtuoso.ade.simulationMonitor] - Expression evaluator launched {"hostname": "dtvt_13", "processid": 30805, "history": "ExplorerRun.0", "testname": "my_lib_cs_amp_1", "cornername": "Nominal", "point": 1, "logfile": "/home/dtvt_13/truong/logs_dtvt_13/logs0/Job44.log"}
[2026-04-09 17:10:10.441 +0700] [PROCESS] [cadence.virtuoso.ade.simulationMonitor] - Started Simulation {"hostname": "dtvt_13", "processid": 30805, "history": "ExplorerRun.0", "testname": "my_lib_cs_amp_1", "cornername": "Nominal", "point": 1, "logfile": "/home/dtvt_13/truong/logs_dtvt_13/logs0/Job44.log"}
[2026-04-09 17:10:31.729 +0700] [INFO] [cadence.virtuoso.ade.simulationMonitor] - Peak resident memory used = 95.5 Mbytes. {"history": "ExplorerRun.0", "point": 1, "testname": "my_lib_cs_amp_1", "cornername": "Nominal"}
[2026-04-09 17:10:31.730 +0700] [INFO] [cadence.virtuoso.ade.simulationMonitor] - Peak resident memory used = 104 Mbytes. {"history": "ExplorerRun.0", "point": 1, "testname": "my_lib_cs_amp_1", "cornername": "Nominal"}
[2026-04-09 17:10:31.730 +0700] [INFO] [cadence.virtuoso.ade.simulationMonitor] - Notice from spectre during hierarchy flattening.
    The value 'psf' specified for the 'checklimitdest' option will no longer be supported in future releases. Use 'spectre -h' to see other recommended values for the 'checklimitdest' option. {"history": "ExplorerRun.0", "point": 1, "testname": "my_lib_cs_amp_1", "cornername": "Nominal"}
[2026-04-09 17:10:31.730 +0700] [INFO] [cadence.virtuoso.ade.simulationMonitor] - Peak resident memory used = 105 Mbytes. {"history": "ExplorerRun.0", "point": 1, "testname": "my_lib_cs_amp_1", "cornername": "Nominal"}
[2026-04-09 17:10:31.731 +0700] [INFO] [cadence.virtuoso.ade.simulationMonitor] - Notice from spectre during initial setup.
    Multithreading is disabled due to the size of the design being too small. {"history": "ExplorerRun.0", "point": 1, "testname": "my_lib_cs_amp_1", "cornername": "Nominal"}
[2026-04-09 17:10:31.731 +0700] [INFO] [cadence.virtuoso.ade.simulationMonitor] -               nodes 22 {"history": "ExplorerRun.0", "point": 1, "testname": "my_lib_cs_amp_1", "cornername": "Nominal"}
[2026-04-09 17:10:31.731 +0700] [INFO] [cadence.virtuoso.ade.simulationMonitor] - Notice from spectre during initial setup.
    APS enabled. {"history": "ExplorerRun.0", "point": 1, "testname": "my_lib_cs_amp_1", "cornername": "Nominal"}
[2026-04-09 17:10:31.732 +0700] [INFO] [cadence.virtuoso.ade.simulationMonitor] - Peak resident memory used = 107 Mbytes. {"history": "ExplorerRun.0", "point": 1, "testname": "my_lib_cs_amp_1", "cornername": "Nominal"}
[2026-04-09 17:10:31.732 +0700] [INFO] [cadence.virtuoso.ade.simulationMonitor] -    -   (APS) Multi-threading. The recommended number of threads is 1, consider adding +mt=1 on command line. {"history": "ExplorerRun.0", "point": 1, "testname": "my_lib_cs_amp_1", "cornername": "Nominal"}
[2026-04-09 17:10:31.732 +0700] [INFO] [cadence.virtuoso.ade.simulationMonitor] - Total time required for dc analysis `dcOp': CPU = 1.863 ms, elapsed = 2.85792 ms. {"history": "ExplorerRun.0", "point": 1, "testname": "my_lib_cs_amp_1", "cornername": "Nominal"}
[2026-04-09 17:10:31.732 +0700] [INFO] [cadence.virtuoso.ade.simulationMonitor] - Peak resident memory used = 109 Mbytes. {"history": "ExplorerRun.0", "point": 1, "testname": "my_lib_cs_amp_1", "cornername": "Nominal"}
[2026-04-09 17:10:31.733 +0700] [INFO] [cadence.virtuoso.ade.simulationMonitor] - Time used: CPU = 545 ms, elapsed = 20.9 s, util. = 2.61%. {"history": "ExplorerRun.0", "point": 1, "testname": "my_lib_cs_amp_1", "cornername": "Nominal"}
[2026-04-09 17:10:31.733 +0700] [INFO] [cadence.virtuoso.ade.simulationMonitor] - Time spent in licensing: elapsed = 20.3 s, percentage of total = 97.2%. {"history": "ExplorerRun.0", "point": 1, "testname": "my_lib_cs_amp_1", "cornername": "Nominal"}
[2026-04-09 17:10:31.733 +0700] [INFO] [cadence.virtuoso.ade.simulationMonitor] - Peak memory used = 111 Mbytes. {"history": "ExplorerRun.0", "point": 1, "testname": "my_lib_cs_amp_1", "cornername": "Nominal"}
[2026-04-09 17:10:31.734 +0700] [PROCESS] [cadence.virtuoso.ade.simulationMonitor] - Simulation started at: 5:10:10 PM, Thur Apr 9, 2026, ended at: 5:10:31 PM, Thur Apr 9, 2026, with elapsed time (wall clock): 20.9 s. {"history": "ExplorerRun.0", "point": 1, "testname": "my_lib_cs_amp_1", "cornername": "Nominal"}
[2026-04-09 17:10:31.734 +0700] [PROCESS] [cadence.virtuoso.ade.simulationMonitor] - spectre completes with 0 errors, 0 warnings, and 4 notices. {"history": "ExplorerRun.0", "point": 1, "testname": "my_lib_cs_amp_1", "cornername": "Nominal"}
[2026-04-09 17:10:32.235 +0700] [PROCESS] [cadence.virtuoso.ade.simulationMonitor] - Finished simulating for one point {"hostname": "dtvt_13", "processid": 30805, "history": "ExplorerRun.0", "testname": "my_lib_cs_amp_1", "cornername": "Nominal", "point": 1, "logfile": "/home/dtvt_13/truong/logs_dtvt_13/logs0/Job44.log", "simid": "18"}
[2026-04-09 17:10:32.235 +0700] [PROCESS] [cadence.virtuoso.ade.simulationMonitor] - Simulator exited {"hostname": "dtvt_13", "processid": 30805, "history": "ExplorerRun.0", "testname": "my_lib_cs_amp_1", "cornername": "Nominal", "point": 1, "logfile": "/home/dtvt_13/truong/logs_dtvt_13/logs0/Job44.log", "exitStatus": "0"}
[2026-04-09 17:10:32.235 +0700] [PROCESS] [cadence.virtuoso.ade.simulationMonitor] - Finished Simulation {"hostname": "dtvt_13", "processid": 30805, "history": "ExplorerRun.0", "testname": "my_lib_cs_amp_1", "cornername": "Nominal", "point": 1, "logfile": "/home/dtvt_13/truong/logs_dtvt_13/logs0/Job44.log", "simid": "18"}
[2026-04-09 17:10:32.750 +0700] [PROCESS] [cadence.virtuoso.ade.simulationMonitor] - Point Finished {"hostname": "dtvt_13", "processid": 30805, "history": "ExplorerRun.0", "testname": "my_lib_cs_amp_1", "cornername": "Nominal", "point": 1, "logfile": "/home/dtvt_13/truong/logs_dtvt_13/logs0/Job44.log"}
[2026-04-09 17:11:37.545 +0700] [INFO] [cadence.virtuoso.ade.simulationMonitor] - SimulationMonitor has terminated the vds process '12441', reason: 'Force to stop the expression evalutor process because of new run' {"history": "ExplorerRun.0", "point": 1, "testname": "my_lib_cs_amp_1", "cornername": "Nominal"}
[2026-04-09 17:11:37.545 +0700] [PROCESS] [cadence.virtuoso.ade.simulationMonitor] - HostInfo:
Host name (type):	dtvt_13 (x86_64)
Operating system:	Linux 3.10.0-1160.118.1.el7.x86_64 #1 SMP Wed Apr 24 16:01:50 UTC 2024 {"hostname": "dtvt_13", "processid": 30805, "history": "ExplorerRun.0", "testname": "my_lib_cs_amp_1", "cornername": "Nominal", "point": 1, "logfile": "/home/dtvt_13/truong/logs_dtvt_13/logs0/Job44.log", "nodename": "dtvt_13", "domainname": "(none)", "machine": "x86_64", "sysname": "Linux", "release": "3.10.0-1160.118.1.el7.x86_64", "version": "#1 SMP Wed Apr 24 16:01:50 UTC 2024"}
[2026-04-09 17:11:37.545 +0700] [PROCESS] [cadence.virtuoso.ade.simulationMonitor] - UsageInfo:
pid=30805
totalPhysicalMemory=15.208324GB,Used=13.670776GB,totalVirtualMemory=22.895821GB,Used=13.710815GB
Cpu: Cores=24, Load average:0.100000,0.190000,0.210000 {"hostname": "dtvt_13", "processid": 30805, "history": "ExplorerRun.0", "testname": "my_lib_cs_amp_1", "cornername": "Nominal", "point": 1, "logfile": "/home/dtvt_13/truong/logs_dtvt_13/logs0/Job44.log", "pid": "30805", "totalPhysicalMemory": "15.208324", "physicalMemoryUsed": "13.670776", "totalVirtualMemory": "22.895821", "virtualMemoryUsed": "13.710815", "cpuCores": "24", "processes": "2565", "loadAverage1": "0.100000", "loadAverage5": "0.190000", "loadAverage15": "0.210000", "loadAverage1Percent": "0.004167"}
[2026-04-09 17:11:37.546 +0700] [EVENT] [cadence.virtuoso.ade.simulationMonitor] - NewPoint {"history": "ExplorerRun.0", "point": 1, "testname": "my_lib_cs_amp_1", "cornername": "Nominal", "event": "NewPoint", "EventSource": "Simulation Monitor", "HistoryName": "ExplorerRun.0", "logFile": "/home/dtvt_13/truong/logs_dtvt_13/logs0/Job44.log", "logFileSize": "160352"}
[2026-04-09 17:11:37.646 +0700] [EVENT] [cadence.virtuoso.ade.simulationMonitor] - NewPoint {"history": "ExplorerRun.0", "point": 1, "testname": "my_lib_cs_amp_1", "cornername": "Nominal", "event": "NewPoint", "EventSource": "spectre", "HistoryName": "ExplorerRun.0", "logFile": "/home/dtvt_13/simulation/my_lib/cs_amp/maestro/results/maestro/ExplorerRun.0/1/my_lib_cs_amp_1/psf/spectre.out", "logFileSize": "-1"}
[2026-04-09 17:11:37.655 +0700] [PROCESS] [cadence.virtuoso.ade.simulationMonitor] - Simulator launched {"hostname": "dtvt_13", "processid": 30805, "history": "ExplorerRun.0", "testname": "my_lib_cs_amp_1", "cornername": "Nominal", "point": 1, "logfile": "/home/dtvt_13/truong/logs_dtvt_13/logs0/Job44.log", "simid": "19"}
[2026-04-09 17:11:37.663 +0700] [PROCESS] [cadence.virtuoso.ade.simulationMonitor] - Expression evaluator launched {"hostname": "dtvt_13", "processid": 30805, "history": "ExplorerRun.0", "testname": "my_lib_cs_amp_1", "cornername": "Nominal", "point": 1, "logfile": "/home/dtvt_13/truong/logs_dtvt_13/logs0/Job44.log"}
[2026-04-09 17:11:37.674 +0700] [PROCESS] [cadence.virtuoso.ade.simulationMonitor] - Started Simulation {"hostname": "dtvt_13", "processid": 30805, "history": "ExplorerRun.0", "testname": "my_lib_cs_amp_1", "cornername": "Nominal", "point": 1, "logfile": "/home/dtvt_13/truong/logs_dtvt_13/logs0/Job44.log"}
[2026-04-09 17:11:59.550 +0700] [PROCESS] [cadence.virtuoso.ade.simulationMonitor] - Finished simulating for one point {"hostname": "dtvt_13", "processid": 30805, "history": "ExplorerRun.0", "testname": "my_lib_cs_amp_1", "cornername": "Nominal", "point": 1, "logfile": "/home/dtvt_13/truong/logs_dtvt_13/logs0/Job44.log", "simid": "19"}
[2026-04-09 17:11:59.551 +0700] [INFO] [cadence.virtuoso.ade.simulationMonitor] - Peak resident memory used = 95.5 Mbytes. {"history": "ExplorerRun.0", "point": 1, "testname": "my_lib_cs_amp_1", "cornername": "Nominal"}
[2026-04-09 17:11:59.551 +0700] [INFO] [cadence.virtuoso.ade.simulationMonitor] - Peak resident memory used = 104 Mbytes. {"history": "ExplorerRun.0", "point": 1, "testname": "my_lib_cs_amp_1", "cornername": "Nominal"}
[2026-04-09 17:11:59.551 +0700] [INFO] [cadence.virtuoso.ade.simulationMonitor] - Notice from spectre during hierarchy flattening.
    The value 'psf' specified for the 'checklimitdest' option will no longer be supported in future releases. Use 'spectre -h' to see other recommended values for the 'checklimitdest' option. {"history": "ExplorerRun.0", "point": 1, "testname": "my_lib_cs_amp_1", "cornername": "Nominal"}
[2026-04-09 17:11:59.551 +0700] [INFO] [cadence.virtuoso.ade.simulationMonitor] - Peak resident memory used = 105 Mbytes. {"history": "ExplorerRun.0", "point": 1, "testname": "my_lib_cs_amp_1", "cornername": "Nominal"}
[2026-04-09 17:11:59.552 +0700] [INFO] [cadence.virtuoso.ade.simulationMonitor] - Notice from spectre during initial setup.
    Multithreading is disabled due to the size of the design being too small. {"history": "ExplorerRun.0", "point": 1, "testname": "my_lib_cs_amp_1", "cornername": "Nominal"}
[2026-04-09 17:11:59.552 +0700] [INFO] [cadence.virtuoso.ade.simulationMonitor] -               nodes 22 {"history": "ExplorerRun.0", "point": 1, "testname": "my_lib_cs_amp_1", "cornername": "Nominal"}
[2026-04-09 17:11:59.553 +0700] [INFO] [cadence.virtuoso.ade.simulationMonitor] - Notice from spectre during initial setup.
    APS enabled. {"history": "ExplorerRun.0", "point": 1, "testname": "my_lib_cs_amp_1", "cornername": "Nominal"}
[2026-04-09 17:11:59.553 +0700] [INFO] [cadence.virtuoso.ade.simulationMonitor] - Peak resident memory used = 107 Mbytes. {"history": "ExplorerRun.0", "point": 1, "testname": "my_lib_cs_amp_1", "cornername": "Nominal"}
[2026-04-09 17:11:59.553 +0700] [INFO] [cadence.virtuoso.ade.simulationMonitor] -    -   (APS) Multi-threading. The recommended number of threads is 1, consider adding +mt=1 on command line. {"history": "ExplorerRun.0", "point": 1, "testname": "my_lib_cs_amp_1", "cornername": "Nominal"}
[2026-04-09 17:11:59.553 +0700] [INFO] [cadence.virtuoso.ade.simulationMonitor] - Total time required for dc analysis `dcOp': CPU = 2.029 ms, elapsed = 2.97594 ms. {"history": "ExplorerRun.0", "point": 1, "testname": "my_lib_cs_amp_1", "cornername": "Nominal"}
[2026-04-09 17:11:59.553 +0700] [INFO] [cadence.virtuoso.ade.simulationMonitor] - Peak resident memory used = 109 Mbytes. {"history": "ExplorerRun.0", "point": 1, "testname": "my_lib_cs_amp_1", "cornername": "Nominal"}
[2026-04-09 17:11:59.554 +0700] [INFO] [cadence.virtuoso.ade.simulationMonitor] - Time used: CPU = 597 ms, elapsed = 21.3 s, util. = 2.8%. {"history": "ExplorerRun.0", "point": 1, "testname": "my_lib_cs_amp_1", "cornername": "Nominal"}
[2026-04-09 17:11:59.554 +0700] [INFO] [cadence.virtuoso.ade.simulationMonitor] - Time spent in licensing: elapsed = 20.7 s, percentage of total = 97.1%. {"history": "ExplorerRun.0", "point": 1, "testname": "my_lib_cs_amp_1", "cornername": "Nominal"}
[2026-04-09 17:11:59.554 +0700] [INFO] [cadence.virtuoso.ade.simulationMonitor] - Peak memory used = 111 Mbytes. {"history": "ExplorerRun.0", "point": 1, "testname": "my_lib_cs_amp_1", "cornername": "Nominal"}
[2026-04-09 17:11:59.554 +0700] [PROCESS] [cadence.virtuoso.ade.simulationMonitor] - Simulation started at: 5:11:37 PM, Thur Apr 9, 2026, ended at: 5:11:59 PM, Thur Apr 9, 2026, with elapsed time (wall clock): 21.3 s. {"history": "ExplorerRun.0", "point": 1, "testname": "my_lib_cs_amp_1", "cornername": "Nominal"}
[2026-04-09 17:11:59.555 +0700] [PROCESS] [cadence.virtuoso.ade.simulationMonitor] - spectre completes with 0 errors, 0 warnings, and 4 notices. {"history": "ExplorerRun.0", "point": 1, "testname": "my_lib_cs_amp_1", "cornername": "Nominal"}
[2026-04-09 17:11:59.555 +0700] [PROCESS] [cadence.virtuoso.ade.simulationMonitor] - Simulator exited {"hostname": "dtvt_13", "processid": 30805, "history": "ExplorerRun.0", "testname": "my_lib_cs_amp_1", "cornername": "Nominal", "point": 1, "logfile": "/home/dtvt_13/truong/logs_dtvt_13/logs0/Job44.log", "exitStatus": "0"}
[2026-04-09 17:11:59.555 +0700] [PROCESS] [cadence.virtuoso.ade.simulationMonitor] - Finished Simulation {"hostname": "dtvt_13", "processid": 30805, "history": "ExplorerRun.0", "testname": "my_lib_cs_amp_1", "cornername": "Nominal", "point": 1, "logfile": "/home/dtvt_13/truong/logs_dtvt_13/logs0/Job44.log", "simid": "19"}
[2026-04-09 17:12:00.073 +0700] [PROCESS] [cadence.virtuoso.ade.simulationMonitor] - Point Finished {"hostname": "dtvt_13", "processid": 30805, "history": "ExplorerRun.0", "testname": "my_lib_cs_amp_1", "cornername": "Nominal", "point": 1, "logfile": "/home/dtvt_13/truong/logs_dtvt_13/logs0/Job44.log"}
[2026-04-09 17:12:34.649 +0700] [INFO] [cadence.virtuoso.ade.simulationMonitor] - SimulationMonitor has terminated the vds process '13224', reason: 'Force to stop the expression evalutor process because of new run' {"history": "ExplorerRun.0", "point": 1, "testname": "my_lib_cs_amp_1", "cornername": "Nominal"}
[2026-04-09 17:12:34.649 +0700] [PROCESS] [cadence.virtuoso.ade.simulationMonitor] - HostInfo:
Host name (type):	dtvt_13 (x86_64)
Operating system:	Linux 3.10.0-1160.118.1.el7.x86_64 #1 SMP Wed Apr 24 16:01:50 UTC 2024 {"hostname": "dtvt_13", "processid": 30805, "history": "ExplorerRun.0", "testname": "my_lib_cs_amp_1", "cornername": "Nominal", "point": 1, "logfile": "/home/dtvt_13/truong/logs_dtvt_13/logs0/Job44.log", "nodename": "dtvt_13", "domainname": "(none)", "machine": "x86_64", "sysname": "Linux", "release": "3.10.0-1160.118.1.el7.x86_64", "version": "#1 SMP Wed Apr 24 16:01:50 UTC 2024"}
[2026-04-09 17:12:34.649 +0700] [PROCESS] [cadence.virtuoso.ade.simulationMonitor] - UsageInfo:
pid=30805
totalPhysicalMemory=15.208324GB,Used=13.673534GB,totalVirtualMemory=22.895821GB,Used=13.713573GB
Cpu: Cores=24, Load average:0.510000,0.290000,0.250000 {"hostname": "dtvt_13", "processid": 30805, "history": "ExplorerRun.0", "testname": "my_lib_cs_amp_1", "cornername": "Nominal", "point": 1, "logfile": "/home/dtvt_13/truong/logs_dtvt_13/logs0/Job44.log", "pid": "30805", "totalPhysicalMemory": "15.208324", "physicalMemoryUsed": "13.673534", "totalVirtualMemory": "22.895821", "virtualMemoryUsed": "13.713573", "cpuCores": "24", "processes": "2567", "loadAverage1": "0.510000", "loadAverage5": "0.290000", "loadAverage15": "0.250000", "loadAverage1Percent": "0.021250"}
[2026-04-09 17:12:34.650 +0700] [EVENT] [cadence.virtuoso.ade.simulationMonitor] - NewPoint {"history": "ExplorerRun.0", "point": 1, "testname": "my_lib_cs_amp_1", "cornername": "Nominal", "event": "NewPoint", "EventSource": "Simulation Monitor", "HistoryName": "ExplorerRun.0", "logFile": "/home/dtvt_13/truong/logs_dtvt_13/logs0/Job44.log", "logFileSize": "169126"}
[2026-04-09 17:12:34.750 +0700] [EVENT] [cadence.virtuoso.ade.simulationMonitor] - NewPoint {"history": "ExplorerRun.0", "point": 1, "testname": "my_lib_cs_amp_1", "cornername": "Nominal", "event": "NewPoint", "EventSource": "spectre", "HistoryName": "ExplorerRun.0", "logFile": "/home/dtvt_13/simulation/my_lib/cs_amp/maestro/results/maestro/ExplorerRun.0/1/my_lib_cs_amp_1/psf/spectre.out", "logFileSize": "-1"}
[2026-04-09 17:12:34.759 +0700] [PROCESS] [cadence.virtuoso.ade.simulationMonitor] - Simulator launched {"hostname": "dtvt_13", "processid": 30805, "history": "ExplorerRun.0", "testname": "my_lib_cs_amp_1", "cornername": "Nominal", "point": 1, "logfile": "/home/dtvt_13/truong/logs_dtvt_13/logs0/Job44.log", "simid": "20"}
[2026-04-09 17:12:34.761 +0700] [PROCESS] [cadence.virtuoso.ade.simulationMonitor] - Expression evaluator launched {"hostname": "dtvt_13", "processid": 30805, "history": "ExplorerRun.0", "testname": "my_lib_cs_amp_1", "cornername": "Nominal", "point": 1, "logfile": "/home/dtvt_13/truong/logs_dtvt_13/logs0/Job44.log"}
[2026-04-09 17:12:34.774 +0700] [PROCESS] [cadence.virtuoso.ade.simulationMonitor] - Started Simulation {"hostname": "dtvt_13", "processid": 30805, "history": "ExplorerRun.0", "testname": "my_lib_cs_amp_1", "cornername": "Nominal", "point": 1, "logfile": "/home/dtvt_13/truong/logs_dtvt_13/logs0/Job44.log"}
[2026-04-09 17:12:56.672 +0700] [PROCESS] [cadence.virtuoso.ade.simulationMonitor] - Finished simulating for one point {"hostname": "dtvt_13", "processid": 30805, "history": "ExplorerRun.0", "testname": "my_lib_cs_amp_1", "cornername": "Nominal", "point": 1, "logfile": "/home/dtvt_13/truong/logs_dtvt_13/logs0/Job44.log", "simid": "20"}
[2026-04-09 17:12:56.673 +0700] [INFO] [cadence.virtuoso.ade.simulationMonitor] - Peak resident memory used = 95.5 Mbytes. {"history": "ExplorerRun.0", "point": 1, "testname": "my_lib_cs_amp_1", "cornername": "Nominal"}
[2026-04-09 17:12:56.673 +0700] [INFO] [cadence.virtuoso.ade.simulationMonitor] - Peak resident memory used = 104 Mbytes. {"history": "ExplorerRun.0", "point": 1, "testname": "my_lib_cs_amp_1", "cornername": "Nominal"}
[2026-04-09 17:12:56.674 +0700] [INFO] [cadence.virtuoso.ade.simulationMonitor] - Notice from spectre during hierarchy flattening.
    The value 'psf' specified for the 'checklimitdest' option will no longer be supported in future releases. Use 'spectre -h' to see other recommended values for the 'checklimitdest' option. {"history": "ExplorerRun.0", "point": 1, "testname": "my_lib_cs_amp_1", "cornername": "Nominal"}
[2026-04-09 17:12:56.674 +0700] [INFO] [cadence.virtuoso.ade.simulationMonitor] - Peak resident memory used = 105 Mbytes. {"history": "ExplorerRun.0", "point": 1, "testname": "my_lib_cs_amp_1", "cornername": "Nominal"}
[2026-04-09 17:12:56.675 +0700] [INFO] [cadence.virtuoso.ade.simulationMonitor] - Notice from spectre during initial setup.
    Multithreading is disabled due to the size of the design being too small. {"history": "ExplorerRun.0", "point": 1, "testname": "my_lib_cs_amp_1", "cornername": "Nominal"}
[2026-04-09 17:12:56.675 +0700] [INFO] [cadence.virtuoso.ade.simulationMonitor] -               nodes 22 {"history": "ExplorerRun.0", "point": 1, "testname": "my_lib_cs_amp_1", "cornername": "Nominal"}
[2026-04-09 17:12:56.676 +0700] [INFO] [cadence.virtuoso.ade.simulationMonitor] - Notice from spectre during initial setup.
    APS enabled. {"history": "ExplorerRun.0", "point": 1, "testname": "my_lib_cs_amp_1", "cornername": "Nominal"}
[2026-04-09 17:12:56.676 +0700] [INFO] [cadence.virtuoso.ade.simulationMonitor] - Peak resident memory used = 107 Mbytes. {"history": "ExplorerRun.0", "point": 1, "testname": "my_lib_cs_amp_1", "cornername": "Nominal"}
[2026-04-09 17:12:56.676 +0700] [INFO] [cadence.virtuoso.ade.simulationMonitor] -    -   (APS) Multi-threading. The recommended number of threads is 1, consider adding +mt=1 on command line. {"history": "ExplorerRun.0", "point": 1, "testname": "my_lib_cs_amp_1", "cornername": "Nominal"}
[2026-04-09 17:12:56.676 +0700] [INFO] [cadence.virtuoso.ade.simulationMonitor] - Total time required for dc analysis `dcOp': CPU = 3.411 ms, elapsed = 4.48203 ms. {"history": "ExplorerRun.0", "point": 1, "testname": "my_lib_cs_amp_1", "cornername": "Nominal"}
[2026-04-09 17:12:56.676 +0700] [INFO] [cadence.virtuoso.ade.simulationMonitor] - Peak resident memory used = 109 Mbytes. {"history": "ExplorerRun.0", "point": 1, "testname": "my_lib_cs_amp_1", "cornername": "Nominal"}
[2026-04-09 17:12:56.677 +0700] [INFO] [cadence.virtuoso.ade.simulationMonitor] - Time used: CPU = 548 ms, elapsed = 21.3 s, util. = 2.57%. {"history": "ExplorerRun.0", "point": 1, "testname": "my_lib_cs_amp_1", "cornername": "Nominal"}
[2026-04-09 17:12:56.677 +0700] [INFO] [cadence.virtuoso.ade.simulationMonitor] - Time spent in licensing: elapsed = 20.7 s, percentage of total = 97.3%. {"history": "ExplorerRun.0", "point": 1, "testname": "my_lib_cs_amp_1", "cornername": "Nominal"}
[2026-04-09 17:12:56.677 +0700] [INFO] [cadence.virtuoso.ade.simulationMonitor] - Peak memory used = 111 Mbytes. {"history": "ExplorerRun.0", "point": 1, "testname": "my_lib_cs_amp_1", "cornername": "Nominal"}
[2026-04-09 17:12:56.677 +0700] [PROCESS] [cadence.virtuoso.ade.simulationMonitor] - Simulation started at: 5:12:35 PM, Thur Apr 9, 2026, ended at: 5:12:56 PM, Thur Apr 9, 2026, with elapsed time (wall clock): 21.3 s. {"history": "ExplorerRun.0", "point": 1, "testname": "my_lib_cs_amp_1", "cornername": "Nominal"}
[2026-04-09 17:12:56.677 +0700] [PROCESS] [cadence.virtuoso.ade.simulationMonitor] - spectre completes with 0 errors, 0 warnings, and 4 notices. {"history": "ExplorerRun.0", "point": 1, "testname": "my_lib_cs_amp_1", "cornername": "Nominal"}
[2026-04-09 17:12:56.678 +0700] [PROCESS] [cadence.virtuoso.ade.simulationMonitor] - Simulator exited {"hostname": "dtvt_13", "processid": 30805, "history": "ExplorerRun.0", "testname": "my_lib_cs_amp_1", "cornername": "Nominal", "point": 1, "logfile": "/home/dtvt_13/truong/logs_dtvt_13/logs0/Job44.log", "exitStatus": "0"}
[2026-04-09 17:12:56.678 +0700] [PROCESS] [cadence.virtuoso.ade.simulationMonitor] - Finished Simulation {"hostname": "dtvt_13", "processid": 30805, "history": "ExplorerRun.0", "testname": "my_lib_cs_amp_1", "cornername": "Nominal", "point": 1, "logfile": "/home/dtvt_13/truong/logs_dtvt_13/logs0/Job44.log", "simid": "20"}
[2026-04-09 17:12:57.191 +0700] [PROCESS] [cadence.virtuoso.ade.simulationMonitor] - Point Finished {"hostname": "dtvt_13", "processid": 30805, "history": "ExplorerRun.0", "testname": "my_lib_cs_amp_1", "cornername": "Nominal", "point": 1, "logfile": "/home/dtvt_13/truong/logs_dtvt_13/logs0/Job44.log"}
[2026-04-09 17:13:22.284 +0700] [INFO] [cadence.virtuoso.ade.simulationMonitor] - SimulationMonitor has terminated the vds process '14068', reason: 'Force to stop the expression evalutor process because of new run' {"history": "ExplorerRun.0", "point": 1, "testname": "my_lib_cs_amp_1", "cornername": "Nominal"}
[2026-04-09 17:13:22.285 +0700] [PROCESS] [cadence.virtuoso.ade.simulationMonitor] - HostInfo:
Host name (type):	dtvt_13 (x86_64)
Operating system:	Linux 3.10.0-1160.118.1.el7.x86_64 #1 SMP Wed Apr 24 16:01:50 UTC 2024 {"hostname": "dtvt_13", "processid": 30805, "history": "ExplorerRun.0", "testname": "my_lib_cs_amp_1", "cornername": "Nominal", "point": 1, "logfile": "/home/dtvt_13/truong/logs_dtvt_13/logs0/Job44.log", "nodename": "dtvt_13", "domainname": "(none)", "machine": "x86_64", "sysname": "Linux", "release": "3.10.0-1160.118.1.el7.x86_64", "version": "#1 SMP Wed Apr 24 16:01:50 UTC 2024"}
[2026-04-09 17:13:22.285 +0700] [PROCESS] [cadence.virtuoso.ade.simulationMonitor] - UsageInfo:
pid=30805
totalPhysicalMemory=15.208324GB,Used=13.678986GB,totalVirtualMemory=22.895821GB,Used=13.719025GB
Cpu: Cores=24, Load average:0.450000,0.300000,0.250000 {"hostname": "dtvt_13", "processid": 30805, "history": "ExplorerRun.0", "testname": "my_lib_cs_amp_1", "cornername": "Nominal", "point": 1, "logfile": "/home/dtvt_13/truong/logs_dtvt_13/logs0/Job44.log", "pid": "30805", "totalPhysicalMemory": "15.208324", "physicalMemoryUsed": "13.678986", "totalVirtualMemory": "22.895821", "virtualMemoryUsed": "13.719025", "cpuCores": "24", "processes": "2565", "loadAverage1": "0.450000", "loadAverage5": "0.300000", "loadAverage15": "0.250000", "loadAverage1Percent": "0.018750"}
[2026-04-09 17:13:22.285 +0700] [EVENT] [cadence.virtuoso.ade.simulationMonitor] - NewPoint {"history": "ExplorerRun.0", "point": 1, "testname": "my_lib_cs_amp_1", "cornername": "Nominal", "event": "NewPoint", "EventSource": "Simulation Monitor", "HistoryName": "ExplorerRun.0", "logFile": "/home/dtvt_13/truong/logs_dtvt_13/logs0/Job44.log", "logFileSize": "177901"}
[2026-04-09 17:13:22.386 +0700] [EVENT] [cadence.virtuoso.ade.simulationMonitor] - NewPoint {"history": "ExplorerRun.0", "point": 1, "testname": "my_lib_cs_amp_1", "cornername": "Nominal", "event": "NewPoint", "EventSource": "spectre", "HistoryName": "ExplorerRun.0", "logFile": "/home/dtvt_13/simulation/my_lib/cs_amp/maestro/results/maestro/ExplorerRun.0/1/my_lib_cs_amp_1/psf/spectre.out", "logFileSize": "-1"}
[2026-04-09 17:13:22.396 +0700] [PROCESS] [cadence.virtuoso.ade.simulationMonitor] - Simulator launched {"hostname": "dtvt_13", "processid": 30805, "history": "ExplorerRun.0", "testname": "my_lib_cs_amp_1", "cornername": "Nominal", "point": 1, "logfile": "/home/dtvt_13/truong/logs_dtvt_13/logs0/Job44.log", "simid": "21"}
[2026-04-09 17:13:22.402 +0700] [PROCESS] [cadence.virtuoso.ade.simulationMonitor] - Expression evaluator launched {"hostname": "dtvt_13", "processid": 30805, "history": "ExplorerRun.0", "testname": "my_lib_cs_amp_1", "cornername": "Nominal", "point": 1, "logfile": "/home/dtvt_13/truong/logs_dtvt_13/logs0/Job44.log"}
[2026-04-09 17:13:22.416 +0700] [PROCESS] [cadence.virtuoso.ade.simulationMonitor] - Started Simulation {"hostname": "dtvt_13", "processid": 30805, "history": "ExplorerRun.0", "testname": "my_lib_cs_amp_1", "cornername": "Nominal", "point": 1, "logfile": "/home/dtvt_13/truong/logs_dtvt_13/logs0/Job44.log"}
[2026-04-09 17:13:43.727 +0700] [PROCESS] [cadence.virtuoso.ade.simulationMonitor] - Finished simulating for one point {"hostname": "dtvt_13", "processid": 30805, "history": "ExplorerRun.0", "testname": "my_lib_cs_amp_1", "cornername": "Nominal", "point": 1, "logfile": "/home/dtvt_13/truong/logs_dtvt_13/logs0/Job44.log", "simid": "21"}
[2026-04-09 17:13:43.728 +0700] [INFO] [cadence.virtuoso.ade.simulationMonitor] - Peak resident memory used = 95.5 Mbytes. {"history": "ExplorerRun.0", "point": 1, "testname": "my_lib_cs_amp_1", "cornername": "Nominal"}
[2026-04-09 17:13:43.728 +0700] [INFO] [cadence.virtuoso.ade.simulationMonitor] - Peak resident memory used = 104 Mbytes. {"history": "ExplorerRun.0", "point": 1, "testname": "my_lib_cs_amp_1", "cornername": "Nominal"}
[2026-04-09 17:13:43.728 +0700] [INFO] [cadence.virtuoso.ade.simulationMonitor] - Notice from spectre during hierarchy flattening.
    The value 'psf' specified for the 'checklimitdest' option will no longer be supported in future releases. Use 'spectre -h' to see other recommended values for the 'checklimitdest' option. {"history": "ExplorerRun.0", "point": 1, "testname": "my_lib_cs_amp_1", "cornername": "Nominal"}
[2026-04-09 17:13:43.729 +0700] [INFO] [cadence.virtuoso.ade.simulationMonitor] - Peak resident memory used = 105 Mbytes. {"history": "ExplorerRun.0", "point": 1, "testname": "my_lib_cs_amp_1", "cornername": "Nominal"}
[2026-04-09 17:13:43.729 +0700] [INFO] [cadence.virtuoso.ade.simulationMonitor] - Notice from spectre during initial setup.
    Multithreading is disabled due to the size of the design being too small. {"history": "ExplorerRun.0", "point": 1, "testname": "my_lib_cs_amp_1", "cornername": "Nominal"}
[2026-04-09 17:13:43.730 +0700] [INFO] [cadence.virtuoso.ade.simulationMonitor] -               nodes 22 {"history": "ExplorerRun.0", "point": 1, "testname": "my_lib_cs_amp_1", "cornername": "Nominal"}
[2026-04-09 17:13:43.730 +0700] [INFO] [cadence.virtuoso.ade.simulationMonitor] - Notice from spectre during initial setup.
    APS enabled. {"history": "ExplorerRun.0", "point": 1, "testname": "my_lib_cs_amp_1", "cornername": "Nominal"}
[2026-04-09 17:13:43.730 +0700] [INFO] [cadence.virtuoso.ade.simulationMonitor] - Peak resident memory used = 107 Mbytes. {"history": "ExplorerRun.0", "point": 1, "testname": "my_lib_cs_amp_1", "cornername": "Nominal"}
[2026-04-09 17:13:43.730 +0700] [INFO] [cadence.virtuoso.ade.simulationMonitor] -    -   (APS) Multi-threading. The recommended number of threads is 1, consider adding +mt=1 on command line. {"history": "ExplorerRun.0", "point": 1, "testname": "my_lib_cs_amp_1", "cornername": "Nominal"}
[2026-04-09 17:13:43.731 +0700] [INFO] [cadence.virtuoso.ade.simulationMonitor] - Total time required for dc analysis `dcOp': CPU = 1.952 ms, elapsed = 2.8739 ms. {"history": "ExplorerRun.0", "point": 1, "testname": "my_lib_cs_amp_1", "cornername": "Nominal"}
[2026-04-09 17:13:43.731 +0700] [INFO] [cadence.virtuoso.ade.simulationMonitor] - Peak resident memory used = 109 Mbytes. {"history": "ExplorerRun.0", "point": 1, "testname": "my_lib_cs_amp_1", "cornername": "Nominal"}
[2026-04-09 17:13:43.731 +0700] [INFO] [cadence.virtuoso.ade.simulationMonitor] - Time used: CPU = 549 ms, elapsed = 20.9 s, util. = 2.63%. {"history": "ExplorerRun.0", "point": 1, "testname": "my_lib_cs_amp_1", "cornername": "Nominal"}
[2026-04-09 17:13:43.731 +0700] [INFO] [cadence.virtuoso.ade.simulationMonitor] - Time spent in licensing: elapsed = 20.3 s, percentage of total = 97.2%. {"history": "ExplorerRun.0", "point": 1, "testname": "my_lib_cs_amp_1", "cornername": "Nominal"}
[2026-04-09 17:13:43.731 +0700] [INFO] [cadence.virtuoso.ade.simulationMonitor] - Peak memory used = 111 Mbytes. {"history": "ExplorerRun.0", "point": 1, "testname": "my_lib_cs_amp_1", "cornername": "Nominal"}
[2026-04-09 17:13:43.732 +0700] [PROCESS] [cadence.virtuoso.ade.simulationMonitor] - Simulation started at: 5:13:22 PM, Thur Apr 9, 2026, ended at: 5:13:43 PM, Thur Apr 9, 2026, with elapsed time (wall clock): 20.9 s. {"history": "ExplorerRun.0", "point": 1, "testname": "my_lib_cs_amp_1", "cornername": "Nominal"}
[2026-04-09 17:13:43.732 +0700] [PROCESS] [cadence.virtuoso.ade.simulationMonitor] - spectre completes with 0 errors, 0 warnings, and 4 notices. {"history": "ExplorerRun.0", "point": 1, "testname": "my_lib_cs_amp_1", "cornername": "Nominal"}
[2026-04-09 17:13:43.732 +0700] [PROCESS] [cadence.virtuoso.ade.simulationMonitor] - Simulator exited {"hostname": "dtvt_13", "processid": 30805, "history": "ExplorerRun.0", "testname": "my_lib_cs_amp_1", "cornername": "Nominal", "point": 1, "logfile": "/home/dtvt_13/truong/logs_dtvt_13/logs0/Job44.log", "exitStatus": "0"}
[2026-04-09 17:13:43.732 +0700] [PROCESS] [cadence.virtuoso.ade.simulationMonitor] - Finished Simulation {"hostname": "dtvt_13", "processid": 30805, "history": "ExplorerRun.0", "testname": "my_lib_cs_amp_1", "cornername": "Nominal", "point": 1, "logfile": "/home/dtvt_13/truong/logs_dtvt_13/logs0/Job44.log", "simid": "21"}
[2026-04-09 17:13:44.747 +0700] [PROCESS] [cadence.virtuoso.ade.simulationMonitor] - Point Finished {"hostname": "dtvt_13", "processid": 30805, "history": "ExplorerRun.0", "testname": "my_lib_cs_amp_1", "cornername": "Nominal", "point": 1, "logfile": "/home/dtvt_13/truong/logs_dtvt_13/logs0/Job44.log"}
[2026-04-09 17:14:11.452 +0700] [INFO] [cadence.virtuoso.ade.simulationMonitor] - SimulationMonitor has terminated the vds process '14880', reason: 'Force to stop the expression evalutor process because of new run' {"history": "ExplorerRun.0", "point": 1, "testname": "my_lib_cs_amp_1", "cornername": "Nominal"}
[2026-04-09 17:14:11.453 +0700] [PROCESS] [cadence.virtuoso.ade.simulationMonitor] - HostInfo:
Host name (type):	dtvt_13 (x86_64)
Operating system:	Linux 3.10.0-1160.118.1.el7.x86_64 #1 SMP Wed Apr 24 16:01:50 UTC 2024 {"hostname": "dtvt_13", "processid": 30805, "history": "ExplorerRun.0", "testname": "my_lib_cs_amp_1", "cornername": "Nominal", "point": 1, "logfile": "/home/dtvt_13/truong/logs_dtvt_13/logs0/Job44.log", "nodename": "dtvt_13", "domainname": "(none)", "machine": "x86_64", "sysname": "Linux", "release": "3.10.0-1160.118.1.el7.x86_64", "version": "#1 SMP Wed Apr 24 16:01:50 UTC 2024"}
[2026-04-09 17:14:11.453 +0700] [PROCESS] [cadence.virtuoso.ade.simulationMonitor] - UsageInfo:
pid=30805
totalPhysicalMemory=15.208324GB,Used=13.685844GB,totalVirtualMemory=22.895821GB,Used=13.725883GB
Cpu: Cores=24, Load average:0.250000,0.270000,0.240000 {"hostname": "dtvt_13", "processid": 30805, "history": "ExplorerRun.0", "testname": "my_lib_cs_amp_1", "cornername": "Nominal", "point": 1, "logfile": "/home/dtvt_13/truong/logs_dtvt_13/logs0/Job44.log", "pid": "30805", "totalPhysicalMemory": "15.208324", "physicalMemoryUsed": "13.685844", "totalVirtualMemory": "22.895821", "virtualMemoryUsed": "13.725883", "cpuCores": "24", "processes": "2565", "loadAverage1": "0.250000", "loadAverage5": "0.270000", "loadAverage15": "0.240000", "loadAverage1Percent": "0.010417"}
[2026-04-09 17:14:11.453 +0700] [EVENT] [cadence.virtuoso.ade.simulationMonitor] - NewPoint {"history": "ExplorerRun.0", "point": 1, "testname": "my_lib_cs_amp_1", "cornername": "Nominal", "event": "NewPoint", "EventSource": "Simulation Monitor", "HistoryName": "ExplorerRun.0", "logFile": "/home/dtvt_13/truong/logs_dtvt_13/logs0/Job44.log", "logFileSize": "186675"}
[2026-04-09 17:14:11.554 +0700] [EVENT] [cadence.virtuoso.ade.simulationMonitor] - NewPoint {"history": "ExplorerRun.0", "point": 1, "testname": "my_lib_cs_amp_1", "cornername": "Nominal", "event": "NewPoint", "EventSource": "spectre", "HistoryName": "ExplorerRun.0", "logFile": "/home/dtvt_13/simulation/my_lib/cs_amp/maestro/results/maestro/ExplorerRun.0/1/my_lib_cs_amp_1/psf/spectre.out", "logFileSize": "-1"}
[2026-04-09 17:14:11.558 +0700] [PROCESS] [cadence.virtuoso.ade.simulationMonitor] - Simulator launched {"hostname": "dtvt_13", "processid": 30805, "history": "ExplorerRun.0", "testname": "my_lib_cs_amp_1", "cornername": "Nominal", "point": 1, "logfile": "/home/dtvt_13/truong/logs_dtvt_13/logs0/Job44.log", "simid": "22"}
[2026-04-09 17:14:11.560 +0700] [PROCESS] [cadence.virtuoso.ade.simulationMonitor] - Expression evaluator launched {"hostname": "dtvt_13", "processid": 30805, "history": "ExplorerRun.0", "testname": "my_lib_cs_amp_1", "cornername": "Nominal", "point": 1, "logfile": "/home/dtvt_13/truong/logs_dtvt_13/logs0/Job44.log"}
[2026-04-09 17:14:11.565 +0700] [PROCESS] [cadence.virtuoso.ade.simulationMonitor] - Started Simulation {"hostname": "dtvt_13", "processid": 30805, "history": "ExplorerRun.0", "testname": "my_lib_cs_amp_1", "cornername": "Nominal", "point": 1, "logfile": "/home/dtvt_13/truong/logs_dtvt_13/logs0/Job44.log"}
[2026-04-09 17:14:32.932 +0700] [PROCESS] [cadence.virtuoso.ade.simulationMonitor] - Finished simulating for one point {"hostname": "dtvt_13", "processid": 30805, "history": "ExplorerRun.0", "testname": "my_lib_cs_amp_1", "cornername": "Nominal", "point": 1, "logfile": "/home/dtvt_13/truong/logs_dtvt_13/logs0/Job44.log", "simid": "22"}
[2026-04-09 17:14:32.933 +0700] [INFO] [cadence.virtuoso.ade.simulationMonitor] - Peak resident memory used = 95.5 Mbytes. {"history": "ExplorerRun.0", "point": 1, "testname": "my_lib_cs_amp_1", "cornername": "Nominal"}
[2026-04-09 17:14:32.933 +0700] [INFO] [cadence.virtuoso.ade.simulationMonitor] - Peak resident memory used = 104 Mbytes. {"history": "ExplorerRun.0", "point": 1, "testname": "my_lib_cs_amp_1", "cornername": "Nominal"}
[2026-04-09 17:14:32.933 +0700] [INFO] [cadence.virtuoso.ade.simulationMonitor] - Notice from spectre during hierarchy flattening.
    The value 'psf' specified for the 'checklimitdest' option will no longer be supported in future releases. Use 'spectre -h' to see other recommended values for the 'checklimitdest' option. {"history": "ExplorerRun.0", "point": 1, "testname": "my_lib_cs_amp_1", "cornername": "Nominal"}
[2026-04-09 17:14:32.933 +0700] [INFO] [cadence.virtuoso.ade.simulationMonitor] - Peak resident memory used = 105 Mbytes. {"history": "ExplorerRun.0", "point": 1, "testname": "my_lib_cs_amp_1", "cornername": "Nominal"}
[2026-04-09 17:14:32.933 +0700] [INFO] [cadence.virtuoso.ade.simulationMonitor] - Notice from spectre during initial setup.
    Multithreading is disabled due to the size of the design being too small. {"history": "ExplorerRun.0", "point": 1, "testname": "my_lib_cs_amp_1", "cornername": "Nominal"}
[2026-04-09 17:14:32.934 +0700] [INFO] [cadence.virtuoso.ade.simulationMonitor] -               nodes 22 {"history": "ExplorerRun.0", "point": 1, "testname": "my_lib_cs_amp_1", "cornername": "Nominal"}
[2026-04-09 17:14:32.934 +0700] [INFO] [cadence.virtuoso.ade.simulationMonitor] - Notice from spectre during initial setup.
    APS enabled. {"history": "ExplorerRun.0", "point": 1, "testname": "my_lib_cs_amp_1", "cornername": "Nominal"}
[2026-04-09 17:14:32.934 +0700] [INFO] [cadence.virtuoso.ade.simulationMonitor] - Peak resident memory used = 107 Mbytes. {"history": "ExplorerRun.0", "point": 1, "testname": "my_lib_cs_amp_1", "cornername": "Nominal"}
[2026-04-09 17:14:32.934 +0700] [INFO] [cadence.virtuoso.ade.simulationMonitor] -    -   (APS) Multi-threading. The recommended number of threads is 1, consider adding +mt=1 on command line. {"history": "ExplorerRun.0", "point": 1, "testname": "my_lib_cs_amp_1", "cornername": "Nominal"}
[2026-04-09 17:14:32.935 +0700] [INFO] [cadence.virtuoso.ade.simulationMonitor] - Total time required for dc analysis `dcOp': CPU = 1.682 ms, elapsed = 2.69699 ms. {"history": "ExplorerRun.0", "point": 1, "testname": "my_lib_cs_amp_1", "cornername": "Nominal"}
[2026-04-09 17:14:32.935 +0700] [INFO] [cadence.virtuoso.ade.simulationMonitor] - Peak resident memory used = 109 Mbytes. {"history": "ExplorerRun.0", "point": 1, "testname": "my_lib_cs_amp_1", "cornername": "Nominal"}
[2026-04-09 17:14:32.935 +0700] [INFO] [cadence.virtuoso.ade.simulationMonitor] - Time used: CPU = 543 ms, elapsed = 20.9 s, util. = 2.6%. {"history": "ExplorerRun.0", "point": 1, "testname": "my_lib_cs_amp_1", "cornername": "Nominal"}
[2026-04-09 17:14:32.935 +0700] [INFO] [cadence.virtuoso.ade.simulationMonitor] - Time spent in licensing: elapsed = 20.3 s, percentage of total = 97.2%. {"history": "ExplorerRun.0", "point": 1, "testname": "my_lib_cs_amp_1", "cornername": "Nominal"}
[2026-04-09 17:14:32.935 +0700] [INFO] [cadence.virtuoso.ade.simulationMonitor] - Peak memory used = 111 Mbytes. {"history": "ExplorerRun.0", "point": 1, "testname": "my_lib_cs_amp_1", "cornername": "Nominal"}
[2026-04-09 17:14:32.935 +0700] [PROCESS] [cadence.virtuoso.ade.simulationMonitor] - Simulation started at: 5:14:11 PM, Thur Apr 9, 2026, ended at: 5:14:32 PM, Thur Apr 9, 2026, with elapsed time (wall clock): 20.9 s. {"history": "ExplorerRun.0", "point": 1, "testname": "my_lib_cs_amp_1", "cornername": "Nominal"}
[2026-04-09 17:14:32.935 +0700] [PROCESS] [cadence.virtuoso.ade.simulationMonitor] - spectre completes with 0 errors, 0 warnings, and 4 notices. {"history": "ExplorerRun.0", "point": 1, "testname": "my_lib_cs_amp_1", "cornername": "Nominal"}
[2026-04-09 17:14:32.936 +0700] [PROCESS] [cadence.virtuoso.ade.simulationMonitor] - Simulator exited {"hostname": "dtvt_13", "processid": 30805, "history": "ExplorerRun.0", "testname": "my_lib_cs_amp_1", "cornername": "Nominal", "point": 1, "logfile": "/home/dtvt_13/truong/logs_dtvt_13/logs0/Job44.log", "exitStatus": "0"}
[2026-04-09 17:14:32.936 +0700] [PROCESS] [cadence.virtuoso.ade.simulationMonitor] - Finished Simulation {"hostname": "dtvt_13", "processid": 30805, "history": "ExplorerRun.0", "testname": "my_lib_cs_amp_1", "cornername": "Nominal", "point": 1, "logfile": "/home/dtvt_13/truong/logs_dtvt_13/logs0/Job44.log", "simid": "22"}
[2026-04-09 17:14:33.943 +0700] [PROCESS] [cadence.virtuoso.ade.simulationMonitor] - Point Finished {"hostname": "dtvt_13", "processid": 30805, "history": "ExplorerRun.0", "testname": "my_lib_cs_amp_1", "cornername": "Nominal", "point": 1, "logfile": "/home/dtvt_13/truong/logs_dtvt_13/logs0/Job44.log"}
[2026-04-09 17:16:27.552 +0700] [INFO] [cadence.virtuoso.ade.simulationMonitor] - SimulationMonitor has terminated the vds process '15512', reason: 'Force to stop the expression evalutor process because of new run' {"history": "ExplorerRun.0", "point": 1, "testname": "my_lib_cs_amp_1", "cornername": "Nominal"}
[2026-04-09 17:16:27.552 +0700] [PROCESS] [cadence.virtuoso.ade.simulationMonitor] - HostInfo:
Host name (type):	dtvt_13 (x86_64)
Operating system:	Linux 3.10.0-1160.118.1.el7.x86_64 #1 SMP Wed Apr 24 16:01:50 UTC 2024 {"hostname": "dtvt_13", "processid": 30805, "history": "ExplorerRun.0", "testname": "my_lib_cs_amp_1", "cornername": "Nominal", "point": 1, "logfile": "/home/dtvt_13/truong/logs_dtvt_13/logs0/Job44.log", "nodename": "dtvt_13", "domainname": "(none)", "machine": "x86_64", "sysname": "Linux", "release": "3.10.0-1160.118.1.el7.x86_64", "version": "#1 SMP Wed Apr 24 16:01:50 UTC 2024"}
[2026-04-09 17:16:27.552 +0700] [PROCESS] [cadence.virtuoso.ade.simulationMonitor] - UsageInfo:
pid=30805
totalPhysicalMemory=15.208324GB,Used=13.686993GB,totalVirtualMemory=22.895821GB,Used=13.727032GB
Cpu: Cores=24, Load average:0.100000,0.220000,0.220000 {"hostname": "dtvt_13", "processid": 30805, "history": "ExplorerRun.0", "testname": "my_lib_cs_amp_1", "cornername": "Nominal", "point": 1, "logfile": "/home/dtvt_13/truong/logs_dtvt_13/logs0/Job44.log", "pid": "30805", "totalPhysicalMemory": "15.208324", "physicalMemoryUsed": "13.686993", "totalVirtualMemory": "22.895821", "virtualMemoryUsed": "13.727032", "cpuCores": "24", "processes": "2563", "loadAverage1": "0.100000", "loadAverage5": "0.220000", "loadAverage15": "0.220000", "loadAverage1Percent": "0.004167"}
[2026-04-09 17:16:27.552 +0700] [EVENT] [cadence.virtuoso.ade.simulationMonitor] - NewPoint {"history": "ExplorerRun.0", "point": 1, "testname": "my_lib_cs_amp_1", "cornername": "Nominal", "event": "NewPoint", "EventSource": "Simulation Monitor", "HistoryName": "ExplorerRun.0", "logFile": "/home/dtvt_13/truong/logs_dtvt_13/logs0/Job44.log", "logFileSize": "195449"}
[2026-04-09 17:16:27.653 +0700] [EVENT] [cadence.virtuoso.ade.simulationMonitor] - NewPoint {"history": "ExplorerRun.0", "point": 1, "testname": "my_lib_cs_amp_1", "cornername": "Nominal", "event": "NewPoint", "EventSource": "spectre", "HistoryName": "ExplorerRun.0", "logFile": "/home/dtvt_13/simulation/my_lib/cs_amp/maestro/results/maestro/ExplorerRun.0/1/my_lib_cs_amp_1/psf/spectre.out", "logFileSize": "-1"}
[2026-04-09 17:16:27.664 +0700] [PROCESS] [cadence.virtuoso.ade.simulationMonitor] - Simulator launched {"hostname": "dtvt_13", "processid": 30805, "history": "ExplorerRun.0", "testname": "my_lib_cs_amp_1", "cornername": "Nominal", "point": 1, "logfile": "/home/dtvt_13/truong/logs_dtvt_13/logs0/Job44.log", "simid": "23"}
[2026-04-09 17:16:27.671 +0700] [PROCESS] [cadence.virtuoso.ade.simulationMonitor] - Expression evaluator launched {"hostname": "dtvt_13", "processid": 30805, "history": "ExplorerRun.0", "testname": "my_lib_cs_amp_1", "cornername": "Nominal", "point": 1, "logfile": "/home/dtvt_13/truong/logs_dtvt_13/logs0/Job44.log"}
[2026-04-09 17:16:27.685 +0700] [PROCESS] [cadence.virtuoso.ade.simulationMonitor] - Started Simulation {"hostname": "dtvt_13", "processid": 30805, "history": "ExplorerRun.0", "testname": "my_lib_cs_amp_1", "cornername": "Nominal", "point": 1, "logfile": "/home/dtvt_13/truong/logs_dtvt_13/logs0/Job44.log"}
[2026-04-09 17:16:49.529 +0700] [PROCESS] [cadence.virtuoso.ade.simulationMonitor] - Finished simulating for one point {"hostname": "dtvt_13", "processid": 30805, "history": "ExplorerRun.0", "testname": "my_lib_cs_amp_1", "cornername": "Nominal", "point": 1, "logfile": "/home/dtvt_13/truong/logs_dtvt_13/logs0/Job44.log", "simid": "23"}
[2026-04-09 17:16:49.530 +0700] [INFO] [cadence.virtuoso.ade.simulationMonitor] - Peak resident memory used = 95.5 Mbytes. {"history": "ExplorerRun.0", "point": 1, "testname": "my_lib_cs_amp_1", "cornername": "Nominal"}
[2026-04-09 17:16:49.530 +0700] [INFO] [cadence.virtuoso.ade.simulationMonitor] - Peak resident memory used = 104 Mbytes. {"history": "ExplorerRun.0", "point": 1, "testname": "my_lib_cs_amp_1", "cornername": "Nominal"}
[2026-04-09 17:16:49.530 +0700] [INFO] [cadence.virtuoso.ade.simulationMonitor] - Notice from spectre during hierarchy flattening.
    The value 'psf' specified for the 'checklimitdest' option will no longer be supported in future releases. Use 'spectre -h' to see other recommended values for the 'checklimitdest' option. {"history": "ExplorerRun.0", "point": 1, "testname": "my_lib_cs_amp_1", "cornername": "Nominal"}
[2026-04-09 17:16:49.530 +0700] [INFO] [cadence.virtuoso.ade.simulationMonitor] - Peak resident memory used = 105 Mbytes. {"history": "ExplorerRun.0", "point": 1, "testname": "my_lib_cs_amp_1", "cornername": "Nominal"}
[2026-04-09 17:16:49.530 +0700] [INFO] [cadence.virtuoso.ade.simulationMonitor] - Notice from spectre during initial setup.
    Multithreading is disabled due to the size of the design being too small. {"history": "ExplorerRun.0", "point": 1, "testname": "my_lib_cs_amp_1", "cornername": "Nominal"}
[2026-04-09 17:16:49.531 +0700] [INFO] [cadence.virtuoso.ade.simulationMonitor] -               nodes 22 {"history": "ExplorerRun.0", "point": 1, "testname": "my_lib_cs_amp_1", "cornername": "Nominal"}
[2026-04-09 17:16:49.531 +0700] [INFO] [cadence.virtuoso.ade.simulationMonitor] - Notice from spectre during initial setup.
    APS enabled. {"history": "ExplorerRun.0", "point": 1, "testname": "my_lib_cs_amp_1", "cornername": "Nominal"}
[2026-04-09 17:16:49.532 +0700] [INFO] [cadence.virtuoso.ade.simulationMonitor] - Peak resident memory used = 107 Mbytes. {"history": "ExplorerRun.0", "point": 1, "testname": "my_lib_cs_amp_1", "cornername": "Nominal"}
[2026-04-09 17:16:49.532 +0700] [INFO] [cadence.virtuoso.ade.simulationMonitor] -    -   (APS) Multi-threading. The recommended number of threads is 1, consider adding +mt=1 on command line. {"history": "ExplorerRun.0", "point": 1, "testname": "my_lib_cs_amp_1", "cornername": "Nominal"}
[2026-04-09 17:16:49.532 +0700] [INFO] [cadence.virtuoso.ade.simulationMonitor] - Total time required for dc analysis `dcOp': CPU = 2.377 ms, elapsed = 3.40605 ms. {"history": "ExplorerRun.0", "point": 1, "testname": "my_lib_cs_amp_1", "cornername": "Nominal"}
[2026-04-09 17:16:49.532 +0700] [INFO] [cadence.virtuoso.ade.simulationMonitor] - Peak resident memory used = 109 Mbytes. {"history": "ExplorerRun.0", "point": 1, "testname": "my_lib_cs_amp_1", "cornername": "Nominal"}
[2026-04-09 17:16:49.532 +0700] [INFO] [cadence.virtuoso.ade.simulationMonitor] - Time used: CPU = 552 ms, elapsed = 21.3 s, util. = 2.59%. {"history": "ExplorerRun.0", "point": 1, "testname": "my_lib_cs_amp_1", "cornername": "Nominal"}
[2026-04-09 17:16:49.532 +0700] [INFO] [cadence.virtuoso.ade.simulationMonitor] - Time spent in licensing: elapsed = 20.8 s, percentage of total = 97.2%. {"history": "ExplorerRun.0", "point": 1, "testname": "my_lib_cs_amp_1", "cornername": "Nominal"}
[2026-04-09 17:16:49.533 +0700] [INFO] [cadence.virtuoso.ade.simulationMonitor] - Peak memory used = 111 Mbytes. {"history": "ExplorerRun.0", "point": 1, "testname": "my_lib_cs_amp_1", "cornername": "Nominal"}
[2026-04-09 17:16:49.533 +0700] [PROCESS] [cadence.virtuoso.ade.simulationMonitor] - Simulation started at: 5:16:28 PM, Thur Apr 9, 2026, ended at: 5:16:49 PM, Thur Apr 9, 2026, with elapsed time (wall clock): 21.3 s. {"history": "ExplorerRun.0", "point": 1, "testname": "my_lib_cs_amp_1", "cornername": "Nominal"}
[2026-04-09 17:16:49.533 +0700] [PROCESS] [cadence.virtuoso.ade.simulationMonitor] - spectre completes with 0 errors, 0 warnings, and 4 notices. {"history": "ExplorerRun.0", "point": 1, "testname": "my_lib_cs_amp_1", "cornername": "Nominal"}
[2026-04-09 17:16:49.533 +0700] [PROCESS] [cadence.virtuoso.ade.simulationMonitor] - Simulator exited {"hostname": "dtvt_13", "processid": 30805, "history": "ExplorerRun.0", "testname": "my_lib_cs_amp_1", "cornername": "Nominal", "point": 1, "logfile": "/home/dtvt_13/truong/logs_dtvt_13/logs0/Job44.log", "exitStatus": "0"}
[2026-04-09 17:16:49.534 +0700] [PROCESS] [cadence.virtuoso.ade.simulationMonitor] - Finished Simulation {"hostname": "dtvt_13", "processid": 30805, "history": "ExplorerRun.0", "testname": "my_lib_cs_amp_1", "cornername": "Nominal", "point": 1, "logfile": "/home/dtvt_13/truong/logs_dtvt_13/logs0/Job44.log", "simid": "23"}
[2026-04-09 17:16:50.547 +0700] [PROCESS] [cadence.virtuoso.ade.simulationMonitor] - Point Finished {"hostname": "dtvt_13", "processid": 30805, "history": "ExplorerRun.0", "testname": "my_lib_cs_amp_1", "cornername": "Nominal", "point": 1, "logfile": "/home/dtvt_13/truong/logs_dtvt_13/logs0/Job44.log"}
[2026-04-09 17:17:18.073 +0700] [INFO] [cadence.virtuoso.ade.simulationMonitor] - SimulationMonitor has terminated the vds process '16430', reason: 'Force to stop the expression evalutor process because of new run' {"history": "ExplorerRun.0", "point": 1, "testname": "my_lib_cs_amp_1", "cornername": "Nominal"}
[2026-04-09 17:17:18.073 +0700] [PROCESS] [cadence.virtuoso.ade.simulationMonitor] - HostInfo:
Host name (type):	dtvt_13 (x86_64)
Operating system:	Linux 3.10.0-1160.118.1.el7.x86_64 #1 SMP Wed Apr 24 16:01:50 UTC 2024 {"hostname": "dtvt_13", "processid": 30805, "history": "ExplorerRun.0", "testname": "my_lib_cs_amp_1", "cornername": "Nominal", "point": 1, "logfile": "/home/dtvt_13/truong/logs_dtvt_13/logs0/Job44.log", "nodename": "dtvt_13", "domainname": "(none)", "machine": "x86_64", "sysname": "Linux", "release": "3.10.0-1160.118.1.el7.x86_64", "version": "#1 SMP Wed Apr 24 16:01:50 UTC 2024"}
[2026-04-09 17:17:18.073 +0700] [PROCESS] [cadence.virtuoso.ade.simulationMonitor] - UsageInfo:
pid=30805
totalPhysicalMemory=15.208324GB,Used=13.700619GB,totalVirtualMemory=22.895821GB,Used=13.740658GB
Cpu: Cores=24, Load average:0.340000,0.270000,0.240000 {"hostname": "dtvt_13", "processid": 30805, "history": "ExplorerRun.0", "testname": "my_lib_cs_amp_1", "cornername": "Nominal", "point": 1, "logfile": "/home/dtvt_13/truong/logs_dtvt_13/logs0/Job44.log", "pid": "30805", "totalPhysicalMemory": "15.208324", "physicalMemoryUsed": "13.700619", "totalVirtualMemory": "22.895821", "virtualMemoryUsed": "13.740658", "cpuCores": "24", "processes": "2562", "loadAverage1": "0.340000", "loadAverage5": "0.270000", "loadAverage15": "0.240000", "loadAverage1Percent": "0.014167"}
[2026-04-09 17:17:18.073 +0700] [EVENT] [cadence.virtuoso.ade.simulationMonitor] - NewPoint {"history": "ExplorerRun.0", "point": 1, "testname": "my_lib_cs_amp_1", "cornername": "Nominal", "event": "NewPoint", "EventSource": "Simulation Monitor", "HistoryName": "ExplorerRun.0", "logFile": "/home/dtvt_13/truong/logs_dtvt_13/logs0/Job44.log", "logFileSize": "204224"}
[2026-04-09 17:17:18.174 +0700] [EVENT] [cadence.virtuoso.ade.simulationMonitor] - NewPoint {"history": "ExplorerRun.0", "point": 1, "testname": "my_lib_cs_amp_1", "cornername": "Nominal", "event": "NewPoint", "EventSource": "spectre", "HistoryName": "ExplorerRun.0", "logFile": "/home/dtvt_13/simulation/my_lib/cs_amp/maestro/results/maestro/ExplorerRun.0/1/my_lib_cs_amp_1/psf/spectre.out", "logFileSize": "-1"}
[2026-04-09 17:17:18.184 +0700] [PROCESS] [cadence.virtuoso.ade.simulationMonitor] - Simulator launched {"hostname": "dtvt_13", "processid": 30805, "history": "ExplorerRun.0", "testname": "my_lib_cs_amp_1", "cornername": "Nominal", "point": 1, "logfile": "/home/dtvt_13/truong/logs_dtvt_13/logs0/Job44.log", "simid": "24"}
[2026-04-09 17:17:18.187 +0700] [PROCESS] [cadence.virtuoso.ade.simulationMonitor] - Expression evaluator launched {"hostname": "dtvt_13", "processid": 30805, "history": "ExplorerRun.0", "testname": "my_lib_cs_amp_1", "cornername": "Nominal", "point": 1, "logfile": "/home/dtvt_13/truong/logs_dtvt_13/logs0/Job44.log"}
[2026-04-09 17:17:18.199 +0700] [PROCESS] [cadence.virtuoso.ade.simulationMonitor] - Started Simulation {"hostname": "dtvt_13", "processid": 30805, "history": "ExplorerRun.0", "testname": "my_lib_cs_amp_1", "cornername": "Nominal", "point": 1, "logfile": "/home/dtvt_13/truong/logs_dtvt_13/logs0/Job44.log"}
[2026-04-09 17:17:39.479 +0700] [PROCESS] [cadence.virtuoso.ade.simulationMonitor] - Finished simulating for one point {"hostname": "dtvt_13", "processid": 30805, "history": "ExplorerRun.0", "testname": "my_lib_cs_amp_1", "cornername": "Nominal", "point": 1, "logfile": "/home/dtvt_13/truong/logs_dtvt_13/logs0/Job44.log", "simid": "24"}
[2026-04-09 17:17:39.479 +0700] [INFO] [cadence.virtuoso.ade.simulationMonitor] - Peak resident memory used = 95.5 Mbytes. {"history": "ExplorerRun.0", "point": 1, "testname": "my_lib_cs_amp_1", "cornername": "Nominal"}
[2026-04-09 17:17:39.479 +0700] [INFO] [cadence.virtuoso.ade.simulationMonitor] - Peak resident memory used = 104 Mbytes. {"history": "ExplorerRun.0", "point": 1, "testname": "my_lib_cs_amp_1", "cornername": "Nominal"}
[2026-04-09 17:17:39.479 +0700] [INFO] [cadence.virtuoso.ade.simulationMonitor] - Notice from spectre during hierarchy flattening.
    The value 'psf' specified for the 'checklimitdest' option will no longer be supported in future releases. Use 'spectre -h' to see other recommended values for the 'checklimitdest' option. {"history": "ExplorerRun.0", "point": 1, "testname": "my_lib_cs_amp_1", "cornername": "Nominal"}
[2026-04-09 17:17:39.480 +0700] [INFO] [cadence.virtuoso.ade.simulationMonitor] - Peak resident memory used = 105 Mbytes. {"history": "ExplorerRun.0", "point": 1, "testname": "my_lib_cs_amp_1", "cornername": "Nominal"}
[2026-04-09 17:17:39.480 +0700] [INFO] [cadence.virtuoso.ade.simulationMonitor] - Notice from spectre during initial setup.
    Multithreading is disabled due to the size of the design being too small. {"history": "ExplorerRun.0", "point": 1, "testname": "my_lib_cs_amp_1", "cornername": "Nominal"}
[2026-04-09 17:17:39.480 +0700] [INFO] [cadence.virtuoso.ade.simulationMonitor] -               nodes 22 {"history": "ExplorerRun.0", "point": 1, "testname": "my_lib_cs_amp_1", "cornername": "Nominal"}
[2026-04-09 17:17:39.481 +0700] [INFO] [cadence.virtuoso.ade.simulationMonitor] - Notice from spectre during initial setup.
    APS enabled. {"history": "ExplorerRun.0", "point": 1, "testname": "my_lib_cs_amp_1", "cornername": "Nominal"}
[2026-04-09 17:17:39.481 +0700] [INFO] [cadence.virtuoso.ade.simulationMonitor] - Peak resident memory used = 107 Mbytes. {"history": "ExplorerRun.0", "point": 1, "testname": "my_lib_cs_amp_1", "cornername": "Nominal"}
[2026-04-09 17:17:39.481 +0700] [INFO] [cadence.virtuoso.ade.simulationMonitor] -    -   (APS) Multi-threading. The recommended number of threads is 1, consider adding +mt=1 on command line. {"history": "ExplorerRun.0", "point": 1, "testname": "my_lib_cs_amp_1", "cornername": "Nominal"}
[2026-04-09 17:17:39.481 +0700] [INFO] [cadence.virtuoso.ade.simulationMonitor] - Total time required for dc analysis `dcOp': CPU = 1.734 ms, elapsed = 2.73299 ms. {"history": "ExplorerRun.0", "point": 1, "testname": "my_lib_cs_amp_1", "cornername": "Nominal"}
[2026-04-09 17:17:39.481 +0700] [INFO] [cadence.virtuoso.ade.simulationMonitor] - Peak resident memory used = 109 Mbytes. {"history": "ExplorerRun.0", "point": 1, "testname": "my_lib_cs_amp_1", "cornername": "Nominal"}
[2026-04-09 17:17:39.481 +0700] [INFO] [cadence.virtuoso.ade.simulationMonitor] - Time used: CPU = 500 ms, elapsed = 20.9 s, util. = 2.39%. {"history": "ExplorerRun.0", "point": 1, "testname": "my_lib_cs_amp_1", "cornername": "Nominal"}
[2026-04-09 17:17:39.482 +0700] [INFO] [cadence.virtuoso.ade.simulationMonitor] - Time spent in licensing: elapsed = 20.4 s, percentage of total = 97.5%. {"history": "ExplorerRun.0", "point": 1, "testname": "my_lib_cs_amp_1", "cornername": "Nominal"}
[2026-04-09 17:17:39.482 +0700] [INFO] [cadence.virtuoso.ade.simulationMonitor] - Peak memory used = 111 Mbytes. {"history": "ExplorerRun.0", "point": 1, "testname": "my_lib_cs_amp_1", "cornername": "Nominal"}
[2026-04-09 17:17:39.482 +0700] [PROCESS] [cadence.virtuoso.ade.simulationMonitor] - Simulation started at: 5:17:18 PM, Thur Apr 9, 2026, ended at: 5:17:39 PM, Thur Apr 9, 2026, with elapsed time (wall clock): 20.9 s. {"history": "ExplorerRun.0", "point": 1, "testname": "my_lib_cs_amp_1", "cornername": "Nominal"}
[2026-04-09 17:17:39.482 +0700] [PROCESS] [cadence.virtuoso.ade.simulationMonitor] - spectre completes with 0 errors, 0 warnings, and 4 notices. {"history": "ExplorerRun.0", "point": 1, "testname": "my_lib_cs_amp_1", "cornername": "Nominal"}
[2026-04-09 17:17:39.482 +0700] [PROCESS] [cadence.virtuoso.ade.simulationMonitor] - Simulator exited {"hostname": "dtvt_13", "processid": 30805, "history": "ExplorerRun.0", "testname": "my_lib_cs_amp_1", "cornername": "Nominal", "point": 1, "logfile": "/home/dtvt_13/truong/logs_dtvt_13/logs0/Job44.log", "exitStatus": "0"}
[2026-04-09 17:17:39.483 +0700] [PROCESS] [cadence.virtuoso.ade.simulationMonitor] - Finished Simulation {"hostname": "dtvt_13", "processid": 30805, "history": "ExplorerRun.0", "testname": "my_lib_cs_amp_1", "cornername": "Nominal", "point": 1, "logfile": "/home/dtvt_13/truong/logs_dtvt_13/logs0/Job44.log", "simid": "24"}
[2026-04-09 17:17:40.496 +0700] [PROCESS] [cadence.virtuoso.ade.simulationMonitor] - Point Finished {"hostname": "dtvt_13", "processid": 30805, "history": "ExplorerRun.0", "testname": "my_lib_cs_amp_1", "cornername": "Nominal", "point": 1, "logfile": "/home/dtvt_13/truong/logs_dtvt_13/logs0/Job44.log"}
[2026-04-09 17:18:27.717 +0700] [INFO] [cadence.virtuoso.ade.simulationMonitor] - SimulationMonitor has terminated the vds process '17071', reason: 'Force to stop the expression evalutor process because of new run' {"history": "ExplorerRun.0", "point": 1, "testname": "my_lib_cs_amp_1", "cornername": "Nominal"}
[2026-04-09 17:18:27.717 +0700] [PROCESS] [cadence.virtuoso.ade.simulationMonitor] - HostInfo:
Host name (type):	dtvt_13 (x86_64)
Operating system:	Linux 3.10.0-1160.118.1.el7.x86_64 #1 SMP Wed Apr 24 16:01:50 UTC 2024 {"hostname": "dtvt_13", "processid": 30805, "history": "ExplorerRun.0", "testname": "my_lib_cs_amp_1", "cornername": "Nominal", "point": 1, "logfile": "/home/dtvt_13/truong/logs_dtvt_13/logs0/Job44.log", "nodename": "dtvt_13", "domainname": "(none)", "machine": "x86_64", "sysname": "Linux", "release": "3.10.0-1160.118.1.el7.x86_64", "version": "#1 SMP Wed Apr 24 16:01:50 UTC 2024"}
[2026-04-09 17:18:27.717 +0700] [PROCESS] [cadence.virtuoso.ade.simulationMonitor] - UsageInfo:
pid=30805
totalPhysicalMemory=15.208324GB,Used=13.710510GB,totalVirtualMemory=22.895821GB,Used=13.750549GB
Cpu: Cores=24, Load average:0.410000,0.300000,0.250000 {"hostname": "dtvt_13", "processid": 30805, "history": "ExplorerRun.0", "testname": "my_lib_cs_amp_1", "cornername": "Nominal", "point": 1, "logfile": "/home/dtvt_13/truong/logs_dtvt_13/logs0/Job44.log", "pid": "30805", "totalPhysicalMemory": "15.208324", "physicalMemoryUsed": "13.710510", "totalVirtualMemory": "22.895821", "virtualMemoryUsed": "13.750549", "cpuCores": "24", "processes": "2564", "loadAverage1": "0.410000", "loadAverage5": "0.300000", "loadAverage15": "0.250000", "loadAverage1Percent": "0.017083"}
[2026-04-09 17:18:27.718 +0700] [EVENT] [cadence.virtuoso.ade.simulationMonitor] - NewPoint {"history": "ExplorerRun.0", "point": 1, "testname": "my_lib_cs_amp_1", "cornername": "Nominal", "event": "NewPoint", "EventSource": "Simulation Monitor", "HistoryName": "ExplorerRun.0", "logFile": "/home/dtvt_13/truong/logs_dtvt_13/logs0/Job44.log", "logFileSize": "212999"}
[2026-04-09 17:18:27.818 +0700] [EVENT] [cadence.virtuoso.ade.simulationMonitor] - NewPoint {"history": "ExplorerRun.0", "point": 1, "testname": "my_lib_cs_amp_1", "cornername": "Nominal", "event": "NewPoint", "EventSource": "spectre", "HistoryName": "ExplorerRun.0", "logFile": "/home/dtvt_13/simulation/my_lib/cs_amp/maestro/results/maestro/ExplorerRun.0/1/my_lib_cs_amp_1/psf/spectre.out", "logFileSize": "-1"}
[2026-04-09 17:18:27.821 +0700] [PROCESS] [cadence.virtuoso.ade.simulationMonitor] - Simulator launched {"hostname": "dtvt_13", "processid": 30805, "history": "ExplorerRun.0", "testname": "my_lib_cs_amp_1", "cornername": "Nominal", "point": 1, "logfile": "/home/dtvt_13/truong/logs_dtvt_13/logs0/Job44.log", "simid": "25"}
[2026-04-09 17:18:27.825 +0700] [PROCESS] [cadence.virtuoso.ade.simulationMonitor] - Expression evaluator launched {"hostname": "dtvt_13", "processid": 30805, "history": "ExplorerRun.0", "testname": "my_lib_cs_amp_1", "cornername": "Nominal", "point": 1, "logfile": "/home/dtvt_13/truong/logs_dtvt_13/logs0/Job44.log"}
[2026-04-09 17:18:27.828 +0700] [PROCESS] [cadence.virtuoso.ade.simulationMonitor] - Started Simulation {"hostname": "dtvt_13", "processid": 30805, "history": "ExplorerRun.0", "testname": "my_lib_cs_amp_1", "cornername": "Nominal", "point": 1, "logfile": "/home/dtvt_13/truong/logs_dtvt_13/logs0/Job44.log"}
[2026-04-09 17:18:49.743 +0700] [PROCESS] [cadence.virtuoso.ade.simulationMonitor] - Finished simulating for one point {"hostname": "dtvt_13", "processid": 30805, "history": "ExplorerRun.0", "testname": "my_lib_cs_amp_1", "cornername": "Nominal", "point": 1, "logfile": "/home/dtvt_13/truong/logs_dtvt_13/logs0/Job44.log", "simid": "25"}
[2026-04-09 17:18:49.743 +0700] [INFO] [cadence.virtuoso.ade.simulationMonitor] - Peak resident memory used = 95.5 Mbytes. {"history": "ExplorerRun.0", "point": 1, "testname": "my_lib_cs_amp_1", "cornername": "Nominal"}
[2026-04-09 17:18:49.743 +0700] [INFO] [cadence.virtuoso.ade.simulationMonitor] - Peak resident memory used = 104 Mbytes. {"history": "ExplorerRun.0", "point": 1, "testname": "my_lib_cs_amp_1", "cornername": "Nominal"}
[2026-04-09 17:18:49.744 +0700] [INFO] [cadence.virtuoso.ade.simulationMonitor] - Notice from spectre during hierarchy flattening.
    The value 'psf' specified for the 'checklimitdest' option will no longer be supported in future releases. Use 'spectre -h' to see other recommended values for the 'checklimitdest' option. {"history": "ExplorerRun.0", "point": 1, "testname": "my_lib_cs_amp_1", "cornername": "Nominal"}
[2026-04-09 17:18:49.744 +0700] [INFO] [cadence.virtuoso.ade.simulationMonitor] - Peak resident memory used = 105 Mbytes. {"history": "ExplorerRun.0", "point": 1, "testname": "my_lib_cs_amp_1", "cornername": "Nominal"}
[2026-04-09 17:18:49.744 +0700] [INFO] [cadence.virtuoso.ade.simulationMonitor] - Notice from spectre during initial setup.
    Multithreading is disabled due to the size of the design being too small. {"history": "ExplorerRun.0", "point": 1, "testname": "my_lib_cs_amp_1", "cornername": "Nominal"}
[2026-04-09 17:18:49.745 +0700] [INFO] [cadence.virtuoso.ade.simulationMonitor] -               nodes 22 {"history": "ExplorerRun.0", "point": 1, "testname": "my_lib_cs_amp_1", "cornername": "Nominal"}
[2026-04-09 17:18:49.745 +0700] [INFO] [cadence.virtuoso.ade.simulationMonitor] - Notice from spectre during initial setup.
    APS enabled. {"history": "ExplorerRun.0", "point": 1, "testname": "my_lib_cs_amp_1", "cornername": "Nominal"}
[2026-04-09 17:18:49.745 +0700] [INFO] [cadence.virtuoso.ade.simulationMonitor] - Peak resident memory used = 107 Mbytes. {"history": "ExplorerRun.0", "point": 1, "testname": "my_lib_cs_amp_1", "cornername": "Nominal"}
[2026-04-09 17:18:49.745 +0700] [INFO] [cadence.virtuoso.ade.simulationMonitor] -    -   (APS) Multi-threading. The recommended number of threads is 1, consider adding +mt=1 on command line. {"history": "ExplorerRun.0", "point": 1, "testname": "my_lib_cs_amp_1", "cornername": "Nominal"}
[2026-04-09 17:18:49.746 +0700] [INFO] [cadence.virtuoso.ade.simulationMonitor] - Total time required for dc analysis `dcOp': CPU = 2.188 ms, elapsed = 3.124 ms. {"history": "ExplorerRun.0", "point": 1, "testname": "my_lib_cs_amp_1", "cornername": "Nominal"}
[2026-04-09 17:18:49.746 +0700] [INFO] [cadence.virtuoso.ade.simulationMonitor] - Peak resident memory used = 109 Mbytes. {"history": "ExplorerRun.0", "point": 1, "testname": "my_lib_cs_amp_1", "cornername": "Nominal"}
[2026-04-09 17:18:49.746 +0700] [INFO] [cadence.virtuoso.ade.simulationMonitor] - Time used: CPU = 531 ms, elapsed = 21.2 s, util. = 2.51%. {"history": "ExplorerRun.0", "point": 1, "testname": "my_lib_cs_amp_1", "cornername": "Nominal"}
[2026-04-09 17:18:49.746 +0700] [INFO] [cadence.virtuoso.ade.simulationMonitor] - Time spent in licensing: elapsed = 20.6 s, percentage of total = 97.1%. {"history": "ExplorerRun.0", "point": 1, "testname": "my_lib_cs_amp_1", "cornername": "Nominal"}
[2026-04-09 17:18:49.746 +0700] [INFO] [cadence.virtuoso.ade.simulationMonitor] - Peak memory used = 111 Mbytes. {"history": "ExplorerRun.0", "point": 1, "testname": "my_lib_cs_amp_1", "cornername": "Nominal"}
[2026-04-09 17:18:49.746 +0700] [PROCESS] [cadence.virtuoso.ade.simulationMonitor] - Simulation started at: 5:18:28 PM, Thur Apr 9, 2026, ended at: 5:18:49 PM, Thur Apr 9, 2026, with elapsed time (wall clock): 21.2 s. {"history": "ExplorerRun.0", "point": 1, "testname": "my_lib_cs_amp_1", "cornername": "Nominal"}
[2026-04-09 17:18:49.747 +0700] [PROCESS] [cadence.virtuoso.ade.simulationMonitor] - spectre completes with 0 errors, 0 warnings, and 4 notices. {"history": "ExplorerRun.0", "point": 1, "testname": "my_lib_cs_amp_1", "cornername": "Nominal"}
[2026-04-09 17:18:49.747 +0700] [PROCESS] [cadence.virtuoso.ade.simulationMonitor] - Simulator exited {"hostname": "dtvt_13", "processid": 30805, "history": "ExplorerRun.0", "testname": "my_lib_cs_amp_1", "cornername": "Nominal", "point": 1, "logfile": "/home/dtvt_13/truong/logs_dtvt_13/logs0/Job44.log", "exitStatus": "0"}
[2026-04-09 17:18:49.747 +0700] [PROCESS] [cadence.virtuoso.ade.simulationMonitor] - Finished Simulation {"hostname": "dtvt_13", "processid": 30805, "history": "ExplorerRun.0", "testname": "my_lib_cs_amp_1", "cornername": "Nominal", "point": 1, "logfile": "/home/dtvt_13/truong/logs_dtvt_13/logs0/Job44.log", "simid": "25"}
[2026-04-09 17:18:50.261 +0700] [PROCESS] [cadence.virtuoso.ade.simulationMonitor] - Point Finished {"hostname": "dtvt_13", "processid": 30805, "history": "ExplorerRun.0", "testname": "my_lib_cs_amp_1", "cornername": "Nominal", "point": 1, "logfile": "/home/dtvt_13/truong/logs_dtvt_13/logs0/Job44.log"}
[2026-04-09 17:20:34.994 +0700] [PROCESS] [cadence.virtuoso.ade.simulationMonitor] - get signal Terminated<15> from user:dtvt_13, which pid:30801:/home/dtvt_13/CDNS_Client/IC618-ISR28/tools/bin/64bit/cdsServIpc {"hostname": "dtvt_13", "processid": 30805, "history": "ExplorerRun.0", "testname": "my_lib_cs_amp_1", "cornername": "Nominal", "point": 1, "logfile": "/home/dtvt_13/truong/logs_dtvt_13/logs0/Job44.log", "signal": "15", "signalName": "Terminated", "which": "/home/dtvt_13/CDNS_Client/IC618-ISR28/tools/bin/64bit/cdsServIpc", "pid": "30801", "user": "dtvt_13", "uid": "1000"}
[2026-04-09 17:20:34.994 +0700] [INFO] [cadence.virtuoso.ade.simulationMonitor] - SimulationMonitor has terminated the spectre process '17756', reason: 'simulationMonitor is handling signal 15' {"history": "ExplorerRun.0", "point": 1, "testname": "my_lib_cs_amp_1", "cornername": "Nominal"}
[2026-04-09 17:20:35.495 +0700] [PROCESS] [cadence.virtuoso.ade.simulationMonitor] - Current memory used: 32.5820 MBytes, peak memory used: 32.5820 MBytes {"hostname": "dtvt_13", "processid": 30805, "history": "ExplorerRun.0", "testname": "my_lib_cs_amp_1", "cornername": "Nominal", "point": 1, "logfile": "/home/dtvt_13/truong/logs_dtvt_13/logs0/Job44.log"}
[2026-04-09 17:20:35.496 +0700] [PROCESS] [cadence.virtuoso.ade.simulationMonitor] - Simulation Monitor process exit. {"hostname": "dtvt_13", "processid": 30805, "history": "ExplorerRun.0", "testname": "my_lib_cs_amp_1", "cornername": "Nominal", "point": 1, "logfile": "/home/dtvt_13/truong/logs_dtvt_13/logs0/Job44.log"}
