[Simulation Monitor: 5]
[2026-04-19 10:50:44.843 +0700] [PROCESS] [cadence.virtuoso.ade.simulationMonitor] - Simulation Monitor has successfully started up. Trying to set up communication channels to other components ... {"hostname": "dtvt_13", "processid": 20834, "logfile": "/home/dtvt_13/truong/logs_dtvt_13/logs0/Job5.log"}
[2026-04-19 10:50:44.843 +0700] [PROCESS] [cadence.virtuoso.ade.simulationMonitor] - Communication channels have been successfully set up. Start processing events ... {"hostname": "dtvt_13", "processid": 20834, "logfile": "/home/dtvt_13/truong/logs_dtvt_13/logs0/Job5.log"}
[2026-04-19 10:50:44.843 +0700] [PROCESS] [cadence.virtuoso.ade.simulationMonitor] - Considering to start history {"hostname": "dtvt_13", "processid": 20834, "history": "ExplorerRun.0", "logfile": "/home/dtvt_13/truong/logs_dtvt_13/logs0/Job5.log"}
[2026-04-19 10:50:44.844 +0700] [PROCESS] [cadence.virtuoso.ade.simulationMonitor] - HostInfo:
Host name (type):	dtvt_13 (x86_64)
Operating system:	Linux 3.10.0-1160.118.1.el7.x86_64 #1 SMP Wed Apr 24 16:01:50 UTC 2024 {"hostname": "dtvt_13", "processid": 20834, "history": "ExplorerRun.0", "logfile": "/home/dtvt_13/truong/logs_dtvt_13/logs0/Job5.log", "nodename": "dtvt_13", "domainname": "(none)", "machine": "x86_64", "sysname": "Linux", "release": "3.10.0-1160.118.1.el7.x86_64", "version": "#1 SMP Wed Apr 24 16:01:50 UTC 2024"}
[2026-04-19 10:50:44.844 +0700] [PROCESS] [cadence.virtuoso.ade.simulationMonitor] - UsageInfo:
pid=20834
totalPhysicalMemory=15.208324GB,Used=14.320438GB,totalVirtualMemory=22.895821GB,Used=14.366825GB
Cpu: Cores=24, Load average:0.390000,0.260000,0.260000 {"hostname": "dtvt_13", "processid": 20834, "history": "ExplorerRun.0", "logfile": "/home/dtvt_13/truong/logs_dtvt_13/logs0/Job5.log", "pid": "20834", "totalPhysicalMemory": "15.208324", "physicalMemoryUsed": "14.320438", "totalVirtualMemory": "22.895821", "virtualMemoryUsed": "14.366825", "cpuCores": "24", "processes": "2565", "loadAverage1": "0.390000", "loadAverage5": "0.260000", "loadAverage15": "0.260000", "loadAverage1Percent": "0.016250"}
[2026-04-19 10:50:44.844 +0700] [EVENT] [cadence.virtuoso.ade.simulationMonitor] - NewPoint {"history": "ExplorerRun.0", "point": 1, "testname": "my_lib_ota_amp_tb_1", "cornername": "Nominal", "event": "NewPoint", "EventSource": "Simulation Monitor", "HistoryName": "ExplorerRun.0", "logFile": "/home/dtvt_13/truong/logs_dtvt_13/logs0/Job5.log", "logFileSize": "2094"}
[2026-04-19 10:50:44.944 +0700] [EVENT] [cadence.virtuoso.ade.simulationMonitor] - NewPoint {"history": "ExplorerRun.0", "point": 1, "testname": "my_lib_ota_amp_tb_1", "cornername": "Nominal", "event": "NewPoint", "EventSource": "spectre", "HistoryName": "ExplorerRun.0", "logFile": "/home/dtvt_13/simulation/my_lib/ota_amp_tb/maestro/results/maestro/ExplorerRun.0/1/my_lib_ota_amp_tb_1/psf/spectre.out", "logFileSize": "-1"}
[2026-04-19 10:50:44.948 +0700] [PROCESS] [cadence.virtuoso.ade.simulationMonitor] - Simulator launched {"hostname": "dtvt_13", "processid": 20834, "history": "ExplorerRun.0", "testname": "my_lib_ota_amp_tb_1", "cornername": "Nominal", "point": 1, "logfile": "/home/dtvt_13/truong/logs_dtvt_13/logs0/Job5.log", "simid": "1"}
[2026-04-19 10:50:44.949 +0700] [PROCESS] [cadence.virtuoso.ade.simulationMonitor] - Expression evaluator launched {"hostname": "dtvt_13", "processid": 20834, "history": "ExplorerRun.0", "testname": "my_lib_ota_amp_tb_1", "cornername": "Nominal", "point": 1, "logfile": "/home/dtvt_13/truong/logs_dtvt_13/logs0/Job5.log"}
[2026-04-19 10:50:44.953 +0700] [PROCESS] [cadence.virtuoso.ade.simulationMonitor] - Started Simulation {"hostname": "dtvt_13", "processid": 20834, "history": "ExplorerRun.0", "testname": "my_lib_ota_amp_tb_1", "cornername": "Nominal", "point": 1, "logfile": "/home/dtvt_13/truong/logs_dtvt_13/logs0/Job5.log"}
[2026-04-19 10:51:06.860 +0700] [PROCESS] [cadence.virtuoso.ade.simulationMonitor] - Finished simulating for one point {"hostname": "dtvt_13", "processid": 20834, "history": "ExplorerRun.0", "testname": "my_lib_ota_amp_tb_1", "cornername": "Nominal", "point": 1, "logfile": "/home/dtvt_13/truong/logs_dtvt_13/logs0/Job5.log", "simid": "1"}
[2026-04-19 10:51:06.861 +0700] [INFO] [cadence.virtuoso.ade.simulationMonitor] - Peak resident memory used = 95.6 Mbytes. {"history": "ExplorerRun.0", "point": 1, "testname": "my_lib_ota_amp_tb_1", "cornername": "Nominal"}
[2026-04-19 10:51:06.862 +0700] [INFO] [cadence.virtuoso.ade.simulationMonitor] - Peak resident memory used = 104 Mbytes. {"history": "ExplorerRun.0", "point": 1, "testname": "my_lib_ota_amp_tb_1", "cornername": "Nominal"}
[2026-04-19 10:51:06.862 +0700] [INFO] [cadence.virtuoso.ade.simulationMonitor] - Notice from spectre during hierarchy flattening.
    The value 'psf' specified for the 'checklimitdest' option will no longer be supported in future releases. Use 'spectre -h' to see other recommended values for the 'checklimitdest' option. {"history": "ExplorerRun.0", "point": 1, "testname": "my_lib_ota_amp_tb_1", "cornername": "Nominal"}
[2026-04-19 10:51:06.863 +0700] [INFO] [cadence.virtuoso.ade.simulationMonitor] - Peak resident memory used = 105 Mbytes. {"history": "ExplorerRun.0", "point": 1, "testname": "my_lib_ota_amp_tb_1", "cornername": "Nominal"}
[2026-04-19 10:51:06.863 +0700] [INFO] [cadence.virtuoso.ade.simulationMonitor] - Notice from spectre during initial setup.
    Multithreading is disabled due to the size of the design being too small. {"history": "ExplorerRun.0", "point": 1, "testname": "my_lib_ota_amp_tb_1", "cornername": "Nominal"}
[2026-04-19 10:51:06.863 +0700] [INFO] [cadence.virtuoso.ade.simulationMonitor] -               nodes 43 {"history": "ExplorerRun.0", "point": 1, "testname": "my_lib_ota_amp_tb_1", "cornername": "Nominal"}
[2026-04-19 10:51:06.864 +0700] [INFO] [cadence.virtuoso.ade.simulationMonitor] - Notice from spectre during initial setup.
    APS enabled. {"history": "ExplorerRun.0", "point": 1, "testname": "my_lib_ota_amp_tb_1", "cornername": "Nominal"}
[2026-04-19 10:51:06.864 +0700] [INFO] [cadence.virtuoso.ade.simulationMonitor] - Peak resident memory used = 107 Mbytes. {"history": "ExplorerRun.0", "point": 1, "testname": "my_lib_ota_amp_tb_1", "cornername": "Nominal"}
[2026-04-19 10:51:06.864 +0700] [INFO] [cadence.virtuoso.ade.simulationMonitor] -    -   (APS) Multi-threading. The recommended number of threads is 1, consider adding +mt=1 on command line. {"history": "ExplorerRun.0", "point": 1, "testname": "my_lib_ota_amp_tb_1", "cornername": "Nominal"}
[2026-04-19 10:51:06.864 +0700] [INFO] [cadence.virtuoso.ade.simulationMonitor] - Total time required for ac analysis `ac': CPU = 3.217 ms, elapsed = 4.13489 ms. {"history": "ExplorerRun.0", "point": 1, "testname": "my_lib_ota_amp_tb_1", "cornername": "Nominal"}
[2026-04-19 10:51:06.864 +0700] [INFO] [cadence.virtuoso.ade.simulationMonitor] - Peak resident memory used = 109 Mbytes. {"history": "ExplorerRun.0", "point": 1, "testname": "my_lib_ota_amp_tb_1", "cornername": "Nominal"}
[2026-04-19 10:51:06.864 +0700] [INFO] [cadence.virtuoso.ade.simulationMonitor] - Total time required for dc analysis `dcOp': CPU = 1.556 ms, elapsed = 2.51603 ms. {"history": "ExplorerRun.0", "point": 1, "testname": "my_lib_ota_amp_tb_1", "cornername": "Nominal"}
[2026-04-19 10:51:06.865 +0700] [INFO] [cadence.virtuoso.ade.simulationMonitor] - Peak resident memory used = 109 Mbytes. {"history": "ExplorerRun.0", "point": 1, "testname": "my_lib_ota_amp_tb_1", "cornername": "Nominal"}
[2026-04-19 10:51:06.865 +0700] [INFO] [cadence.virtuoso.ade.simulationMonitor] - Time used: CPU = 702 ms, elapsed = 21.3 s, util. = 3.29%. {"history": "ExplorerRun.0", "point": 1, "testname": "my_lib_ota_amp_tb_1", "cornername": "Nominal"}
[2026-04-19 10:51:06.865 +0700] [INFO] [cadence.virtuoso.ade.simulationMonitor] - Time spent in licensing: elapsed = 20.6 s, percentage of total = 96.5%. {"history": "ExplorerRun.0", "point": 1, "testname": "my_lib_ota_amp_tb_1", "cornername": "Nominal"}
[2026-04-19 10:51:06.865 +0700] [INFO] [cadence.virtuoso.ade.simulationMonitor] - Peak memory used = 111 Mbytes. {"history": "ExplorerRun.0", "point": 1, "testname": "my_lib_ota_amp_tb_1", "cornername": "Nominal"}
[2026-04-19 10:51:06.865 +0700] [PROCESS] [cadence.virtuoso.ade.simulationMonitor] - Simulation started at: 10:50:45 AM, Sun Apr 19, 2026, ended at: 10:51:06 AM, Sun Apr 19, 2026, with elapsed time (wall clock): 21.3 s. {"history": "ExplorerRun.0", "point": 1, "testname": "my_lib_ota_amp_tb_1", "cornername": "Nominal"}
[2026-04-19 10:51:06.865 +0700] [PROCESS] [cadence.virtuoso.ade.simulationMonitor] - spectre completes with 0 errors, 0 warnings, and 4 notices. {"history": "ExplorerRun.0", "point": 1, "testname": "my_lib_ota_amp_tb_1", "cornername": "Nominal"}
[2026-04-19 10:51:06.866 +0700] [PROCESS] [cadence.virtuoso.ade.simulationMonitor] - Simulator exited {"hostname": "dtvt_13", "processid": 20834, "history": "ExplorerRun.0", "testname": "my_lib_ota_amp_tb_1", "cornername": "Nominal", "point": 1, "logfile": "/home/dtvt_13/truong/logs_dtvt_13/logs0/Job5.log", "exitStatus": "0"}
[2026-04-19 10:51:06.866 +0700] [PROCESS] [cadence.virtuoso.ade.simulationMonitor] - Finished Simulation {"hostname": "dtvt_13", "processid": 20834, "history": "ExplorerRun.0", "testname": "my_lib_ota_amp_tb_1", "cornername": "Nominal", "point": 1, "logfile": "/home/dtvt_13/truong/logs_dtvt_13/logs0/Job5.log", "simid": "1"}
[2026-04-19 10:51:07.378 +0700] [PROCESS] [cadence.virtuoso.ade.simulationMonitor] - Point Finished {"hostname": "dtvt_13", "processid": 20834, "history": "ExplorerRun.0", "testname": "my_lib_ota_amp_tb_1", "cornername": "Nominal", "point": 1, "logfile": "/home/dtvt_13/truong/logs_dtvt_13/logs0/Job5.log"}
[2026-04-19 10:51:43.837 +0700] [INFO] [cadence.virtuoso.ade.simulationMonitor] - SimulationMonitor has terminated the vds process '20949', reason: 'Force to stop the expression evalutor process because of new run' {"history": "ExplorerRun.0", "point": 1, "testname": "my_lib_ota_amp_tb_1", "cornername": "Nominal"}
[2026-04-19 10:51:43.837 +0700] [PROCESS] [cadence.virtuoso.ade.simulationMonitor] - HostInfo:
Host name (type):	dtvt_13 (x86_64)
Operating system:	Linux 3.10.0-1160.118.1.el7.x86_64 #1 SMP Wed Apr 24 16:01:50 UTC 2024 {"hostname": "dtvt_13", "processid": 20834, "history": "ExplorerRun.0", "testname": "my_lib_ota_amp_tb_1", "cornername": "Nominal", "point": 1, "logfile": "/home/dtvt_13/truong/logs_dtvt_13/logs0/Job5.log", "nodename": "dtvt_13", "domainname": "(none)", "machine": "x86_64", "sysname": "Linux", "release": "3.10.0-1160.118.1.el7.x86_64", "version": "#1 SMP Wed Apr 24 16:01:50 UTC 2024"}
[2026-04-19 10:51:43.837 +0700] [PROCESS] [cadence.virtuoso.ade.simulationMonitor] - UsageInfo:
pid=20834
totalPhysicalMemory=15.208324GB,Used=14.329212GB,totalVirtualMemory=22.895821GB,Used=14.375599GB
Cpu: Cores=24, Load average:0.370000,0.290000,0.270000 {"hostname": "dtvt_13", "processid": 20834, "history": "ExplorerRun.0", "testname": "my_lib_ota_amp_tb_1", "cornername": "Nominal", "point": 1, "logfile": "/home/dtvt_13/truong/logs_dtvt_13/logs0/Job5.log", "pid": "20834", "totalPhysicalMemory": "15.208324", "physicalMemoryUsed": "14.329212", "totalVirtualMemory": "22.895821", "virtualMemoryUsed": "14.375599", "cpuCores": "24", "processes": "2577", "loadAverage1": "0.370000", "loadAverage5": "0.290000", "loadAverage15": "0.270000", "loadAverage1Percent": "0.015417"}
[2026-04-19 10:51:43.838 +0700] [EVENT] [cadence.virtuoso.ade.simulationMonitor] - NewPoint {"history": "ExplorerRun.0", "point": 1, "testname": "my_lib_ota_amp_tb_1", "cornername": "Nominal", "event": "NewPoint", "EventSource": "Simulation Monitor", "HistoryName": "ExplorerRun.0", "logFile": "/home/dtvt_13/truong/logs_dtvt_13/logs0/Job5.log", "logFileSize": "11462"}
[2026-04-19 10:51:43.938 +0700] [EVENT] [cadence.virtuoso.ade.simulationMonitor] - NewPoint {"history": "ExplorerRun.0", "point": 1, "testname": "my_lib_ota_amp_tb_1", "cornername": "Nominal", "event": "NewPoint", "EventSource": "spectre", "HistoryName": "ExplorerRun.0", "logFile": "/home/dtvt_13/simulation/my_lib/ota_amp_tb/maestro/results/maestro/ExplorerRun.0/1/my_lib_ota_amp_tb_1/psf/spectre.out", "logFileSize": "-1"}
[2026-04-19 10:51:43.942 +0700] [PROCESS] [cadence.virtuoso.ade.simulationMonitor] - Simulator launched {"hostname": "dtvt_13", "processid": 20834, "history": "ExplorerRun.0", "testname": "my_lib_ota_amp_tb_1", "cornername": "Nominal", "point": 1, "logfile": "/home/dtvt_13/truong/logs_dtvt_13/logs0/Job5.log", "simid": "2"}
[2026-04-19 10:51:43.943 +0700] [PROCESS] [cadence.virtuoso.ade.simulationMonitor] - Expression evaluator launched {"hostname": "dtvt_13", "processid": 20834, "history": "ExplorerRun.0", "testname": "my_lib_ota_amp_tb_1", "cornername": "Nominal", "point": 1, "logfile": "/home/dtvt_13/truong/logs_dtvt_13/logs0/Job5.log"}
[2026-04-19 10:51:43.948 +0700] [PROCESS] [cadence.virtuoso.ade.simulationMonitor] - Started Simulation {"hostname": "dtvt_13", "processid": 20834, "history": "ExplorerRun.0", "testname": "my_lib_ota_amp_tb_1", "cornername": "Nominal", "point": 1, "logfile": "/home/dtvt_13/truong/logs_dtvt_13/logs0/Job5.log"}
[2026-04-19 10:52:05.817 +0700] [PROCESS] [cadence.virtuoso.ade.simulationMonitor] - Finished simulating for one point {"hostname": "dtvt_13", "processid": 20834, "history": "ExplorerRun.0", "testname": "my_lib_ota_amp_tb_1", "cornername": "Nominal", "point": 1, "logfile": "/home/dtvt_13/truong/logs_dtvt_13/logs0/Job5.log", "simid": "2"}
[2026-04-19 10:52:05.818 +0700] [INFO] [cadence.virtuoso.ade.simulationMonitor] - Peak resident memory used = 95.6 Mbytes. {"history": "ExplorerRun.0", "point": 1, "testname": "my_lib_ota_amp_tb_1", "cornername": "Nominal"}
[2026-04-19 10:52:05.818 +0700] [INFO] [cadence.virtuoso.ade.simulationMonitor] - Peak resident memory used = 104 Mbytes. {"history": "ExplorerRun.0", "point": 1, "testname": "my_lib_ota_amp_tb_1", "cornername": "Nominal"}
[2026-04-19 10:52:05.818 +0700] [INFO] [cadence.virtuoso.ade.simulationMonitor] - Notice from spectre during hierarchy flattening.
    The value 'psf' specified for the 'checklimitdest' option will no longer be supported in future releases. Use 'spectre -h' to see other recommended values for the 'checklimitdest' option. {"history": "ExplorerRun.0", "point": 1, "testname": "my_lib_ota_amp_tb_1", "cornername": "Nominal"}
[2026-04-19 10:52:05.819 +0700] [INFO] [cadence.virtuoso.ade.simulationMonitor] - Peak resident memory used = 105 Mbytes. {"history": "ExplorerRun.0", "point": 1, "testname": "my_lib_ota_amp_tb_1", "cornername": "Nominal"}
[2026-04-19 10:52:05.819 +0700] [INFO] [cadence.virtuoso.ade.simulationMonitor] - Notice from spectre during initial setup.
    Multithreading is disabled due to the size of the design being too small. {"history": "ExplorerRun.0", "point": 1, "testname": "my_lib_ota_amp_tb_1", "cornername": "Nominal"}
[2026-04-19 10:52:05.820 +0700] [INFO] [cadence.virtuoso.ade.simulationMonitor] -               nodes 43 {"history": "ExplorerRun.0", "point": 1, "testname": "my_lib_ota_amp_tb_1", "cornername": "Nominal"}
[2026-04-19 10:52:05.820 +0700] [INFO] [cadence.virtuoso.ade.simulationMonitor] - Notice from spectre during initial setup.
    APS enabled. {"history": "ExplorerRun.0", "point": 1, "testname": "my_lib_ota_amp_tb_1", "cornername": "Nominal"}
[2026-04-19 10:52:05.820 +0700] [INFO] [cadence.virtuoso.ade.simulationMonitor] - Peak resident memory used = 107 Mbytes. {"history": "ExplorerRun.0", "point": 1, "testname": "my_lib_ota_amp_tb_1", "cornername": "Nominal"}
[2026-04-19 10:52:05.820 +0700] [INFO] [cadence.virtuoso.ade.simulationMonitor] -    -   (APS) Multi-threading. The recommended number of threads is 1, consider adding +mt=1 on command line. {"history": "ExplorerRun.0", "point": 1, "testname": "my_lib_ota_amp_tb_1", "cornername": "Nominal"}
[2026-04-19 10:52:05.820 +0700] [INFO] [cadence.virtuoso.ade.simulationMonitor] - Total time required for ac analysis `ac': CPU = 4.008 ms, elapsed = 4.99415 ms. {"history": "ExplorerRun.0", "point": 1, "testname": "my_lib_ota_amp_tb_1", "cornername": "Nominal"}
[2026-04-19 10:52:05.820 +0700] [INFO] [cadence.virtuoso.ade.simulationMonitor] - Peak resident memory used = 109 Mbytes. {"history": "ExplorerRun.0", "point": 1, "testname": "my_lib_ota_amp_tb_1", "cornername": "Nominal"}
[2026-04-19 10:52:05.820 +0700] [INFO] [cadence.virtuoso.ade.simulationMonitor] - Total time required for dc analysis `dcOp': CPU = 1.264 ms, elapsed = 2.1739 ms. {"history": "ExplorerRun.0", "point": 1, "testname": "my_lib_ota_amp_tb_1", "cornername": "Nominal"}
[2026-04-19 10:52:05.821 +0700] [INFO] [cadence.virtuoso.ade.simulationMonitor] - Peak resident memory used = 109 Mbytes. {"history": "ExplorerRun.0", "point": 1, "testname": "my_lib_ota_amp_tb_1", "cornername": "Nominal"}
[2026-04-19 10:52:05.821 +0700] [INFO] [cadence.virtuoso.ade.simulationMonitor] - Time used: CPU = 520 ms, elapsed = 21.1 s, util. = 2.46%. {"history": "ExplorerRun.0", "point": 1, "testname": "my_lib_ota_amp_tb_1", "cornername": "Nominal"}
[2026-04-19 10:52:05.821 +0700] [INFO] [cadence.virtuoso.ade.simulationMonitor] - Time spent in licensing: elapsed = 20.6 s, percentage of total = 97.4%. {"history": "ExplorerRun.0", "point": 1, "testname": "my_lib_ota_amp_tb_1", "cornername": "Nominal"}
[2026-04-19 10:52:05.821 +0700] [INFO] [cadence.virtuoso.ade.simulationMonitor] - Peak memory used = 111 Mbytes. {"history": "ExplorerRun.0", "point": 1, "testname": "my_lib_ota_amp_tb_1", "cornername": "Nominal"}
[2026-04-19 10:52:05.821 +0700] [PROCESS] [cadence.virtuoso.ade.simulationMonitor] - Simulation started at: 10:51:44 AM, Sun Apr 19, 2026, ended at: 10:52:05 AM, Sun Apr 19, 2026, with elapsed time (wall clock): 21.1 s. {"history": "ExplorerRun.0", "point": 1, "testname": "my_lib_ota_amp_tb_1", "cornername": "Nominal"}
[2026-04-19 10:52:05.821 +0700] [PROCESS] [cadence.virtuoso.ade.simulationMonitor] - spectre completes with 0 errors, 0 warnings, and 4 notices. {"history": "ExplorerRun.0", "point": 1, "testname": "my_lib_ota_amp_tb_1", "cornername": "Nominal"}
[2026-04-19 10:52:05.821 +0700] [PROCESS] [cadence.virtuoso.ade.simulationMonitor] - Simulator exited {"hostname": "dtvt_13", "processid": 20834, "history": "ExplorerRun.0", "testname": "my_lib_ota_amp_tb_1", "cornername": "Nominal", "point": 1, "logfile": "/home/dtvt_13/truong/logs_dtvt_13/logs0/Job5.log", "exitStatus": "0"}
[2026-04-19 10:52:05.822 +0700] [PROCESS] [cadence.virtuoso.ade.simulationMonitor] - Finished Simulation {"hostname": "dtvt_13", "processid": 20834, "history": "ExplorerRun.0", "testname": "my_lib_ota_amp_tb_1", "cornername": "Nominal", "point": 1, "logfile": "/home/dtvt_13/truong/logs_dtvt_13/logs0/Job5.log", "simid": "2"}
[2026-04-19 10:52:06.835 +0700] [PROCESS] [cadence.virtuoso.ade.simulationMonitor] - Point Finished {"hostname": "dtvt_13", "processid": 20834, "history": "ExplorerRun.0", "testname": "my_lib_ota_amp_tb_1", "cornername": "Nominal", "point": 1, "logfile": "/home/dtvt_13/truong/logs_dtvt_13/logs0/Job5.log"}
[2026-04-19 10:56:19.782 +0700] [INFO] [cadence.virtuoso.ade.simulationMonitor] - SimulationMonitor has terminated the vds process '21635', reason: 'Force to stop the expression evalutor process because of new run' {"history": "ExplorerRun.0", "point": 1, "testname": "my_lib_ota_amp_tb_1", "cornername": "Nominal"}
[2026-04-19 10:56:19.783 +0700] [PROCESS] [cadence.virtuoso.ade.simulationMonitor] - HostInfo:
Host name (type):	dtvt_13 (x86_64)
Operating system:	Linux 3.10.0-1160.118.1.el7.x86_64 #1 SMP Wed Apr 24 16:01:50 UTC 2024 {"hostname": "dtvt_13", "processid": 20834, "history": "ExplorerRun.0", "testname": "my_lib_ota_amp_tb_1", "cornername": "Nominal", "point": 1, "logfile": "/home/dtvt_13/truong/logs_dtvt_13/logs0/Job5.log", "nodename": "dtvt_13", "domainname": "(none)", "machine": "x86_64", "sysname": "Linux", "release": "3.10.0-1160.118.1.el7.x86_64", "version": "#1 SMP Wed Apr 24 16:01:50 UTC 2024"}
[2026-04-19 10:56:19.783 +0700] [PROCESS] [cadence.virtuoso.ade.simulationMonitor] - UsageInfo:
pid=20834
totalPhysicalMemory=15.208324GB,Used=14.389427GB,totalVirtualMemory=22.895821GB,Used=14.435814GB
Cpu: Cores=24, Load average:1.080000,0.410000,0.310000 {"hostname": "dtvt_13", "processid": 20834, "history": "ExplorerRun.0", "testname": "my_lib_ota_amp_tb_1", "cornername": "Nominal", "point": 1, "logfile": "/home/dtvt_13/truong/logs_dtvt_13/logs0/Job5.log", "pid": "20834", "totalPhysicalMemory": "15.208324", "physicalMemoryUsed": "14.389427", "totalVirtualMemory": "22.895821", "virtualMemoryUsed": "14.435814", "cpuCores": "24", "processes": "2580", "loadAverage1": "1.080000", "loadAverage5": "0.410000", "loadAverage15": "0.310000", "loadAverage1Percent": "0.045000"}
[2026-04-19 10:56:19.783 +0700] [EVENT] [cadence.virtuoso.ade.simulationMonitor] - NewPoint {"history": "ExplorerRun.0", "point": 1, "testname": "my_lib_ota_amp_tb_1", "cornername": "Nominal", "event": "NewPoint", "EventSource": "Simulation Monitor", "HistoryName": "ExplorerRun.0", "logFile": "/home/dtvt_13/truong/logs_dtvt_13/logs0/Job5.log", "logFileSize": "20830"}
[2026-04-19 10:56:19.884 +0700] [EVENT] [cadence.virtuoso.ade.simulationMonitor] - NewPoint {"history": "ExplorerRun.0", "point": 1, "testname": "my_lib_ota_amp_tb_1", "cornername": "Nominal", "event": "NewPoint", "EventSource": "spectre", "HistoryName": "ExplorerRun.0", "logFile": "/home/dtvt_13/simulation/my_lib/ota_amp_tb/maestro/results/maestro/ExplorerRun.0/1/my_lib_ota_amp_tb_1/psf/spectre.out", "logFileSize": "-1"}
[2026-04-19 10:56:19.889 +0700] [PROCESS] [cadence.virtuoso.ade.simulationMonitor] - Simulator launched {"hostname": "dtvt_13", "processid": 20834, "history": "ExplorerRun.0", "testname": "my_lib_ota_amp_tb_1", "cornername": "Nominal", "point": 1, "logfile": "/home/dtvt_13/truong/logs_dtvt_13/logs0/Job5.log", "simid": "3"}
[2026-04-19 10:56:19.894 +0700] [PROCESS] [cadence.virtuoso.ade.simulationMonitor] - Expression evaluator launched {"hostname": "dtvt_13", "processid": 20834, "history": "ExplorerRun.0", "testname": "my_lib_ota_amp_tb_1", "cornername": "Nominal", "point": 1, "logfile": "/home/dtvt_13/truong/logs_dtvt_13/logs0/Job5.log"}
[2026-04-19 10:56:19.899 +0700] [PROCESS] [cadence.virtuoso.ade.simulationMonitor] - Started Simulation {"hostname": "dtvt_13", "processid": 20834, "history": "ExplorerRun.0", "testname": "my_lib_ota_amp_tb_1", "cornername": "Nominal", "point": 1, "logfile": "/home/dtvt_13/truong/logs_dtvt_13/logs0/Job5.log"}
[2026-04-19 10:56:41.692 +0700] [PROCESS] [cadence.virtuoso.ade.simulationMonitor] - Finished simulating for one point {"hostname": "dtvt_13", "processid": 20834, "history": "ExplorerRun.0", "testname": "my_lib_ota_amp_tb_1", "cornername": "Nominal", "point": 1, "logfile": "/home/dtvt_13/truong/logs_dtvt_13/logs0/Job5.log", "simid": "3"}
[2026-04-19 10:56:41.692 +0700] [INFO] [cadence.virtuoso.ade.simulationMonitor] - Peak resident memory used = 95.6 Mbytes. {"history": "ExplorerRun.0", "point": 1, "testname": "my_lib_ota_amp_tb_1", "cornername": "Nominal"}
[2026-04-19 10:56:41.692 +0700] [INFO] [cadence.virtuoso.ade.simulationMonitor] - Peak resident memory used = 104 Mbytes. {"history": "ExplorerRun.0", "point": 1, "testname": "my_lib_ota_amp_tb_1", "cornername": "Nominal"}
[2026-04-19 10:56:41.692 +0700] [INFO] [cadence.virtuoso.ade.simulationMonitor] - Notice from spectre during hierarchy flattening.
    The value 'psf' specified for the 'checklimitdest' option will no longer be supported in future releases. Use 'spectre -h' to see other recommended values for the 'checklimitdest' option. {"history": "ExplorerRun.0", "point": 1, "testname": "my_lib_ota_amp_tb_1", "cornername": "Nominal"}
[2026-04-19 10:56:41.692 +0700] [INFO] [cadence.virtuoso.ade.simulationMonitor] - Peak resident memory used = 105 Mbytes. {"history": "ExplorerRun.0", "point": 1, "testname": "my_lib_ota_amp_tb_1", "cornername": "Nominal"}
[2026-04-19 10:56:41.692 +0700] [INFO] [cadence.virtuoso.ade.simulationMonitor] - Notice from spectre during initial setup.
    Multithreading is disabled due to the size of the design being too small. {"history": "ExplorerRun.0", "point": 1, "testname": "my_lib_ota_amp_tb_1", "cornername": "Nominal"}
[2026-04-19 10:56:41.693 +0700] [INFO] [cadence.virtuoso.ade.simulationMonitor] -               nodes 43 {"history": "ExplorerRun.0", "point": 1, "testname": "my_lib_ota_amp_tb_1", "cornername": "Nominal"}
[2026-04-19 10:56:41.693 +0700] [INFO] [cadence.virtuoso.ade.simulationMonitor] - Notice from spectre during initial setup.
    APS enabled. {"history": "ExplorerRun.0", "point": 1, "testname": "my_lib_ota_amp_tb_1", "cornername": "Nominal"}
[2026-04-19 10:56:41.693 +0700] [INFO] [cadence.virtuoso.ade.simulationMonitor] - Peak resident memory used = 107 Mbytes. {"history": "ExplorerRun.0", "point": 1, "testname": "my_lib_ota_amp_tb_1", "cornername": "Nominal"}
[2026-04-19 10:56:41.693 +0700] [INFO] [cadence.virtuoso.ade.simulationMonitor] -    -   (APS) Multi-threading. The recommended number of threads is 1, consider adding +mt=1 on command line. {"history": "ExplorerRun.0", "point": 1, "testname": "my_lib_ota_amp_tb_1", "cornername": "Nominal"}
[2026-04-19 10:56:41.693 +0700] [INFO] [cadence.virtuoso.ade.simulationMonitor] - Total time required for ac analysis `ac': CPU = 3.733 ms, elapsed = 4.72808 ms. {"history": "ExplorerRun.0", "point": 1, "testname": "my_lib_ota_amp_tb_1", "cornername": "Nominal"}
[2026-04-19 10:56:41.693 +0700] [INFO] [cadence.virtuoso.ade.simulationMonitor] - Peak resident memory used = 109 Mbytes. {"history": "ExplorerRun.0", "point": 1, "testname": "my_lib_ota_amp_tb_1", "cornername": "Nominal"}
[2026-04-19 10:56:41.693 +0700] [INFO] [cadence.virtuoso.ade.simulationMonitor] - Total time required for dc analysis `dcOp': CPU = 1.081 ms, elapsed = 2.03609 ms. {"history": "ExplorerRun.0", "point": 1, "testname": "my_lib_ota_amp_tb_1", "cornername": "Nominal"}
[2026-04-19 10:56:41.693 +0700] [INFO] [cadence.virtuoso.ade.simulationMonitor] - Peak resident memory used = 109 Mbytes. {"history": "ExplorerRun.0", "point": 1, "testname": "my_lib_ota_amp_tb_1", "cornername": "Nominal"}
[2026-04-19 10:56:41.693 +0700] [INFO] [cadence.virtuoso.ade.simulationMonitor] - Time used: CPU = 467 ms, elapsed = 21.1 s, util. = 2.21%. {"history": "ExplorerRun.0", "point": 1, "testname": "my_lib_ota_amp_tb_1", "cornername": "Nominal"}
[2026-04-19 10:56:41.693 +0700] [INFO] [cadence.virtuoso.ade.simulationMonitor] - Time spent in licensing: elapsed = 20.6 s, percentage of total = 97.6%. {"history": "ExplorerRun.0", "point": 1, "testname": "my_lib_ota_amp_tb_1", "cornername": "Nominal"}
[2026-04-19 10:56:41.693 +0700] [INFO] [cadence.virtuoso.ade.simulationMonitor] - Peak memory used = 111 Mbytes. {"history": "ExplorerRun.0", "point": 1, "testname": "my_lib_ota_amp_tb_1", "cornername": "Nominal"}
[2026-04-19 10:56:41.693 +0700] [PROCESS] [cadence.virtuoso.ade.simulationMonitor] - Simulation started at: 10:56:20 AM, Sun Apr 19, 2026, ended at: 10:56:41 AM, Sun Apr 19, 2026, with elapsed time (wall clock): 21.1 s. {"history": "ExplorerRun.0", "point": 1, "testname": "my_lib_ota_amp_tb_1", "cornername": "Nominal"}
[2026-04-19 10:56:41.693 +0700] [PROCESS] [cadence.virtuoso.ade.simulationMonitor] - spectre completes with 0 errors, 0 warnings, and 4 notices. {"history": "ExplorerRun.0", "point": 1, "testname": "my_lib_ota_amp_tb_1", "cornername": "Nominal"}
[2026-04-19 10:56:41.693 +0700] [PROCESS] [cadence.virtuoso.ade.simulationMonitor] - Simulator exited {"hostname": "dtvt_13", "processid": 20834, "history": "ExplorerRun.0", "testname": "my_lib_ota_amp_tb_1", "cornername": "Nominal", "point": 1, "logfile": "/home/dtvt_13/truong/logs_dtvt_13/logs0/Job5.log", "exitStatus": "0"}
[2026-04-19 10:56:41.693 +0700] [PROCESS] [cadence.virtuoso.ade.simulationMonitor] - Finished Simulation {"hostname": "dtvt_13", "processid": 20834, "history": "ExplorerRun.0", "testname": "my_lib_ota_amp_tb_1", "cornername": "Nominal", "point": 1, "logfile": "/home/dtvt_13/truong/logs_dtvt_13/logs0/Job5.log", "simid": "3"}
[2026-04-19 10:56:42.198 +0700] [PROCESS] [cadence.virtuoso.ade.simulationMonitor] - Point Finished {"hostname": "dtvt_13", "processid": 20834, "history": "ExplorerRun.0", "testname": "my_lib_ota_amp_tb_1", "cornername": "Nominal", "point": 1, "logfile": "/home/dtvt_13/truong/logs_dtvt_13/logs0/Job5.log"}
[2026-04-19 10:57:29.461 +0700] [INFO] [cadence.virtuoso.ade.simulationMonitor] - SimulationMonitor has terminated the vds process '23001', reason: 'Force to stop the expression evalutor process because of new run' {"history": "ExplorerRun.0", "point": 1, "testname": "my_lib_ota_amp_tb_1", "cornername": "Nominal"}
[2026-04-19 10:57:29.462 +0700] [PROCESS] [cadence.virtuoso.ade.simulationMonitor] - HostInfo:
Host name (type):	dtvt_13 (x86_64)
Operating system:	Linux 3.10.0-1160.118.1.el7.x86_64 #1 SMP Wed Apr 24 16:01:50 UTC 2024 {"hostname": "dtvt_13", "processid": 20834, "history": "ExplorerRun.0", "testname": "my_lib_ota_amp_tb_1", "cornername": "Nominal", "point": 1, "logfile": "/home/dtvt_13/truong/logs_dtvt_13/logs0/Job5.log", "nodename": "dtvt_13", "domainname": "(none)", "machine": "x86_64", "sysname": "Linux", "release": "3.10.0-1160.118.1.el7.x86_64", "version": "#1 SMP Wed Apr 24 16:01:50 UTC 2024"}
[2026-04-19 10:57:29.462 +0700] [PROCESS] [cadence.virtuoso.ade.simulationMonitor] - UsageInfo:
pid=20834
totalPhysicalMemory=15.208324GB,Used=14.758343GB,totalVirtualMemory=22.895821GB,Used=14.804729GB
Cpu: Cores=24, Load average:1.760000,0.700000,0.410000 {"hostname": "dtvt_13", "processid": 20834, "history": "ExplorerRun.0", "testname": "my_lib_ota_amp_tb_1", "cornername": "Nominal", "point": 1, "logfile": "/home/dtvt_13/truong/logs_dtvt_13/logs0/Job5.log", "pid": "20834", "totalPhysicalMemory": "15.208324", "physicalMemoryUsed": "14.758343", "totalVirtualMemory": "22.895821", "virtualMemoryUsed": "14.804729", "cpuCores": "24", "processes": "2589", "loadAverage1": "1.760000", "loadAverage5": "0.700000", "loadAverage15": "0.410000", "loadAverage1Percent": "0.073333"}
[2026-04-19 10:57:29.462 +0700] [EVENT] [cadence.virtuoso.ade.simulationMonitor] - NewPoint {"history": "ExplorerRun.0", "point": 1, "testname": "my_lib_ota_amp_tb_1", "cornername": "Nominal", "event": "NewPoint", "EventSource": "Simulation Monitor", "HistoryName": "ExplorerRun.0", "logFile": "/home/dtvt_13/truong/logs_dtvt_13/logs0/Job5.log", "logFileSize": "30199"}
[2026-04-19 10:57:29.563 +0700] [EVENT] [cadence.virtuoso.ade.simulationMonitor] - NewPoint {"history": "ExplorerRun.0", "point": 1, "testname": "my_lib_ota_amp_tb_1", "cornername": "Nominal", "event": "NewPoint", "EventSource": "spectre", "HistoryName": "ExplorerRun.0", "logFile": "/home/dtvt_13/simulation/my_lib/ota_amp_tb/maestro/results/maestro/ExplorerRun.0/1/my_lib_ota_amp_tb_1/psf/spectre.out", "logFileSize": "-1"}
[2026-04-19 10:57:29.567 +0700] [PROCESS] [cadence.virtuoso.ade.simulationMonitor] - Simulator launched {"hostname": "dtvt_13", "processid": 20834, "history": "ExplorerRun.0", "testname": "my_lib_ota_amp_tb_1", "cornername": "Nominal", "point": 1, "logfile": "/home/dtvt_13/truong/logs_dtvt_13/logs0/Job5.log", "simid": "4"}
[2026-04-19 10:57:29.570 +0700] [PROCESS] [cadence.virtuoso.ade.simulationMonitor] - Expression evaluator launched {"hostname": "dtvt_13", "processid": 20834, "history": "ExplorerRun.0", "testname": "my_lib_ota_amp_tb_1", "cornername": "Nominal", "point": 1, "logfile": "/home/dtvt_13/truong/logs_dtvt_13/logs0/Job5.log"}
[2026-04-19 10:57:29.576 +0700] [PROCESS] [cadence.virtuoso.ade.simulationMonitor] - Started Simulation {"hostname": "dtvt_13", "processid": 20834, "history": "ExplorerRun.0", "testname": "my_lib_ota_amp_tb_1", "cornername": "Nominal", "point": 1, "logfile": "/home/dtvt_13/truong/logs_dtvt_13/logs0/Job5.log"}
[2026-04-19 10:57:40.798 +0700] [PROCESS] [cadence.virtuoso.ade.simulationMonitor] - Finished simulating for one point {"hostname": "dtvt_13", "processid": 20834, "history": "ExplorerRun.0", "testname": "my_lib_ota_amp_tb_1", "cornername": "Nominal", "point": 1, "logfile": "/home/dtvt_13/truong/logs_dtvt_13/logs0/Job5.log", "simid": "4"}
[2026-04-19 10:57:40.799 +0700] [INFO] [cadence.virtuoso.ade.simulationMonitor] - Peak resident memory used = 95.8 Mbytes. {"history": "ExplorerRun.0", "point": 1, "testname": "my_lib_ota_amp_tb_1", "cornername": "Nominal"}
[2026-04-19 10:57:40.799 +0700] [INFO] [cadence.virtuoso.ade.simulationMonitor] - Peak resident memory used = 105 Mbytes. {"history": "ExplorerRun.0", "point": 1, "testname": "my_lib_ota_amp_tb_1", "cornername": "Nominal"}
[2026-04-19 10:57:40.799 +0700] [INFO] [cadence.virtuoso.ade.simulationMonitor] - Notice from spectre during hierarchy flattening.
    The value 'psf' specified for the 'checklimitdest' option will no longer be supported in future releases. Use 'spectre -h' to see other recommended values for the 'checklimitdest' option. {"history": "ExplorerRun.0", "point": 1, "testname": "my_lib_ota_amp_tb_1", "cornername": "Nominal"}
[2026-04-19 10:57:40.799 +0700] [INFO] [cadence.virtuoso.ade.simulationMonitor] - Peak resident memory used = 106 Mbytes. {"history": "ExplorerRun.0", "point": 1, "testname": "my_lib_ota_amp_tb_1", "cornername": "Nominal"}
[2026-04-19 10:57:40.799 +0700] [INFO] [cadence.virtuoso.ade.simulationMonitor] - Notice from spectre during initial setup.
    Multithreading is disabled due to the size of the design being too small. {"history": "ExplorerRun.0", "point": 1, "testname": "my_lib_ota_amp_tb_1", "cornername": "Nominal"}
[2026-04-19 10:57:40.799 +0700] [INFO] [cadence.virtuoso.ade.simulationMonitor] -               nodes 43 {"history": "ExplorerRun.0", "point": 1, "testname": "my_lib_ota_amp_tb_1", "cornername": "Nominal"}
[2026-04-19 10:57:40.799 +0700] [INFO] [cadence.virtuoso.ade.simulationMonitor] - Notice from spectre during initial setup.
    APS enabled. {"history": "ExplorerRun.0", "point": 1, "testname": "my_lib_ota_amp_tb_1", "cornername": "Nominal"}
[2026-04-19 10:57:40.799 +0700] [INFO] [cadence.virtuoso.ade.simulationMonitor] - Peak resident memory used = 107 Mbytes. {"history": "ExplorerRun.0", "point": 1, "testname": "my_lib_ota_amp_tb_1", "cornername": "Nominal"}
[2026-04-19 10:57:40.799 +0700] [INFO] [cadence.virtuoso.ade.simulationMonitor] -    -   (APS) Multi-threading. The recommended number of threads is 1, consider adding +mt=1 on command line. {"history": "ExplorerRun.0", "point": 1, "testname": "my_lib_ota_amp_tb_1", "cornername": "Nominal"}
[2026-04-19 10:57:40.799 +0700] [INFO] [cadence.virtuoso.ade.simulationMonitor] - Total time required for ac analysis `ac': CPU = 3.667 ms, elapsed = 4.62985 ms. {"history": "ExplorerRun.0", "point": 1, "testname": "my_lib_ota_amp_tb_1", "cornername": "Nominal"}
[2026-04-19 10:57:40.799 +0700] [INFO] [cadence.virtuoso.ade.simulationMonitor] - Peak resident memory used = 109 Mbytes. {"history": "ExplorerRun.0", "point": 1, "testname": "my_lib_ota_amp_tb_1", "cornername": "Nominal"}
[2026-04-19 10:57:40.799 +0700] [INFO] [cadence.virtuoso.ade.simulationMonitor] - Total time required for dc analysis `dcOp': CPU = 1.494 ms, elapsed = 2.45905 ms. {"history": "ExplorerRun.0", "point": 1, "testname": "my_lib_ota_amp_tb_1", "cornername": "Nominal"}
[2026-04-19 10:57:40.800 +0700] [INFO] [cadence.virtuoso.ade.simulationMonitor] - Peak resident memory used = 109 Mbytes. {"history": "ExplorerRun.0", "point": 1, "testname": "my_lib_ota_amp_tb_1", "cornername": "Nominal"}
[2026-04-19 10:57:40.800 +0700] [INFO] [cadence.virtuoso.ade.simulationMonitor] - Time used: CPU = 496 ms, elapsed = 10.9 s, util. = 4.54%. {"history": "ExplorerRun.0", "point": 1, "testname": "my_lib_ota_amp_tb_1", "cornername": "Nominal"}
[2026-04-19 10:57:40.800 +0700] [INFO] [cadence.virtuoso.ade.simulationMonitor] - Time spent in licensing: elapsed = 10.4 s, percentage of total = 95.4%. {"history": "ExplorerRun.0", "point": 1, "testname": "my_lib_ota_amp_tb_1", "cornername": "Nominal"}
[2026-04-19 10:57:40.800 +0700] [INFO] [cadence.virtuoso.ade.simulationMonitor] - Peak memory used = 111 Mbytes. {"history": "ExplorerRun.0", "point": 1, "testname": "my_lib_ota_amp_tb_1", "cornername": "Nominal"}
[2026-04-19 10:57:40.800 +0700] [PROCESS] [cadence.virtuoso.ade.simulationMonitor] - Simulation started at: 10:57:29 AM, Sun Apr 19, 2026, ended at: 10:57:40 AM, Sun Apr 19, 2026, with elapsed time (wall clock): 10.9 s. {"history": "ExplorerRun.0", "point": 1, "testname": "my_lib_ota_amp_tb_1", "cornername": "Nominal"}
[2026-04-19 10:57:40.800 +0700] [PROCESS] [cadence.virtuoso.ade.simulationMonitor] - spectre completes with 0 errors, 0 warnings, and 4 notices. {"history": "ExplorerRun.0", "point": 1, "testname": "my_lib_ota_amp_tb_1", "cornername": "Nominal"}
[2026-04-19 10:57:40.800 +0700] [PROCESS] [cadence.virtuoso.ade.simulationMonitor] - Simulator exited {"hostname": "dtvt_13", "processid": 20834, "history": "ExplorerRun.0", "testname": "my_lib_ota_amp_tb_1", "cornername": "Nominal", "point": 1, "logfile": "/home/dtvt_13/truong/logs_dtvt_13/logs0/Job5.log", "exitStatus": "0"}
[2026-04-19 10:57:40.800 +0700] [PROCESS] [cadence.virtuoso.ade.simulationMonitor] - Finished Simulation {"hostname": "dtvt_13", "processid": 20834, "history": "ExplorerRun.0", "testname": "my_lib_ota_amp_tb_1", "cornername": "Nominal", "point": 1, "logfile": "/home/dtvt_13/truong/logs_dtvt_13/logs0/Job5.log", "simid": "4"}
[2026-04-19 10:57:41.305 +0700] [PROCESS] [cadence.virtuoso.ade.simulationMonitor] - Point Finished {"hostname": "dtvt_13", "processid": 20834, "history": "ExplorerRun.0", "testname": "my_lib_ota_amp_tb_1", "cornername": "Nominal", "point": 1, "logfile": "/home/dtvt_13/truong/logs_dtvt_13/logs0/Job5.log"}
[2026-04-19 11:00:24.335 +0700] [INFO] [cadence.virtuoso.ade.simulationMonitor] - SimulationMonitor has terminated the vds process '23712', reason: 'Force to stop the expression evalutor process because of new run' {"history": "ExplorerRun.0", "point": 1, "testname": "my_lib_ota_amp_tb_1", "cornername": "Nominal"}
[2026-04-19 11:00:24.335 +0700] [PROCESS] [cadence.virtuoso.ade.simulationMonitor] - HostInfo:
Host name (type):	dtvt_13 (x86_64)
Operating system:	Linux 3.10.0-1160.118.1.el7.x86_64 #1 SMP Wed Apr 24 16:01:50 UTC 2024 {"hostname": "dtvt_13", "processid": 20834, "history": "ExplorerRun.0", "testname": "my_lib_ota_amp_tb_1", "cornername": "Nominal", "point": 1, "logfile": "/home/dtvt_13/truong/logs_dtvt_13/logs0/Job5.log", "nodename": "dtvt_13", "domainname": "(none)", "machine": "x86_64", "sysname": "Linux", "release": "3.10.0-1160.118.1.el7.x86_64", "version": "#1 SMP Wed Apr 24 16:01:50 UTC 2024"}
[2026-04-19 11:00:24.335 +0700] [PROCESS] [cadence.virtuoso.ade.simulationMonitor] - UsageInfo:
pid=20834
totalPhysicalMemory=15.208324GB,Used=14.697880GB,totalVirtualMemory=22.895821GB,Used=14.745243GB
Cpu: Cores=24, Load average:0.440000,0.540000,0.400000 {"hostname": "dtvt_13", "processid": 20834, "history": "ExplorerRun.0", "testname": "my_lib_ota_amp_tb_1", "cornername": "Nominal", "point": 1, "logfile": "/home/dtvt_13/truong/logs_dtvt_13/logs0/Job5.log", "pid": "20834", "totalPhysicalMemory": "15.208324", "physicalMemoryUsed": "14.697880", "totalVirtualMemory": "22.895821", "virtualMemoryUsed": "14.745243", "cpuCores": "24", "processes": "2597", "loadAverage1": "0.440000", "loadAverage5": "0.540000", "loadAverage15": "0.400000", "loadAverage1Percent": "0.018333"}
[2026-04-19 11:00:24.336 +0700] [EVENT] [cadence.virtuoso.ade.simulationMonitor] - NewPoint {"history": "ExplorerRun.0", "point": 1, "testname": "my_lib_ota_amp_tb_1", "cornername": "Nominal", "event": "NewPoint", "EventSource": "Simulation Monitor", "HistoryName": "ExplorerRun.0", "logFile": "/home/dtvt_13/truong/logs_dtvt_13/logs0/Job5.log", "logFileSize": "39568"}
[2026-04-19 11:00:24.436 +0700] [EVENT] [cadence.virtuoso.ade.simulationMonitor] - NewPoint {"history": "ExplorerRun.0", "point": 1, "testname": "my_lib_ota_amp_tb_1", "cornername": "Nominal", "event": "NewPoint", "EventSource": "spectre", "HistoryName": "ExplorerRun.0", "logFile": "/home/dtvt_13/simulation/my_lib/ota_amp_tb/maestro/results/maestro/ExplorerRun.0/1/my_lib_ota_amp_tb_1/psf/spectre.out", "logFileSize": "-1"}
[2026-04-19 11:00:24.441 +0700] [PROCESS] [cadence.virtuoso.ade.simulationMonitor] - Simulator launched {"hostname": "dtvt_13", "processid": 20834, "history": "ExplorerRun.0", "testname": "my_lib_ota_amp_tb_1", "cornername": "Nominal", "point": 1, "logfile": "/home/dtvt_13/truong/logs_dtvt_13/logs0/Job5.log", "simid": "5"}
[2026-04-19 11:00:24.445 +0700] [PROCESS] [cadence.virtuoso.ade.simulationMonitor] - Expression evaluator launched {"hostname": "dtvt_13", "processid": 20834, "history": "ExplorerRun.0", "testname": "my_lib_ota_amp_tb_1", "cornername": "Nominal", "point": 1, "logfile": "/home/dtvt_13/truong/logs_dtvt_13/logs0/Job5.log"}
[2026-04-19 11:00:24.451 +0700] [PROCESS] [cadence.virtuoso.ade.simulationMonitor] - Started Simulation {"hostname": "dtvt_13", "processid": 20834, "history": "ExplorerRun.0", "testname": "my_lib_ota_amp_tb_1", "cornername": "Nominal", "point": 1, "logfile": "/home/dtvt_13/truong/logs_dtvt_13/logs0/Job5.log"}
[2026-04-19 11:00:45.874 +0700] [PROCESS] [cadence.virtuoso.ade.simulationMonitor] - Finished simulating for one point {"hostname": "dtvt_13", "processid": 20834, "history": "ExplorerRun.0", "testname": "my_lib_ota_amp_tb_1", "cornername": "Nominal", "point": 1, "logfile": "/home/dtvt_13/truong/logs_dtvt_13/logs0/Job5.log", "simid": "5"}
[2026-04-19 11:00:45.874 +0700] [INFO] [cadence.virtuoso.ade.simulationMonitor] - Peak resident memory used = 95.6 Mbytes. {"history": "ExplorerRun.0", "point": 1, "testname": "my_lib_ota_amp_tb_1", "cornername": "Nominal"}
[2026-04-19 11:00:45.875 +0700] [INFO] [cadence.virtuoso.ade.simulationMonitor] - Peak resident memory used = 104 Mbytes. {"history": "ExplorerRun.0", "point": 1, "testname": "my_lib_ota_amp_tb_1", "cornername": "Nominal"}
[2026-04-19 11:00:45.875 +0700] [INFO] [cadence.virtuoso.ade.simulationMonitor] - Notice from spectre during hierarchy flattening.
    The value 'psf' specified for the 'checklimitdest' option will no longer be supported in future releases. Use 'spectre -h' to see other recommended values for the 'checklimitdest' option. {"history": "ExplorerRun.0", "point": 1, "testname": "my_lib_ota_amp_tb_1", "cornername": "Nominal"}
[2026-04-19 11:00:45.875 +0700] [INFO] [cadence.virtuoso.ade.simulationMonitor] - Peak resident memory used = 106 Mbytes. {"history": "ExplorerRun.0", "point": 1, "testname": "my_lib_ota_amp_tb_1", "cornername": "Nominal"}
[2026-04-19 11:00:45.876 +0700] [INFO] [cadence.virtuoso.ade.simulationMonitor] - Notice from spectre during initial setup.
    Multithreading is disabled due to the size of the design being too small. {"history": "ExplorerRun.0", "point": 1, "testname": "my_lib_ota_amp_tb_1", "cornername": "Nominal"}
[2026-04-19 11:00:45.876 +0700] [INFO] [cadence.virtuoso.ade.simulationMonitor] -               nodes 43 {"history": "ExplorerRun.0", "point": 1, "testname": "my_lib_ota_amp_tb_1", "cornername": "Nominal"}
[2026-04-19 11:00:45.876 +0700] [INFO] [cadence.virtuoso.ade.simulationMonitor] - Notice from spectre during initial setup.
    APS enabled. {"history": "ExplorerRun.0", "point": 1, "testname": "my_lib_ota_amp_tb_1", "cornername": "Nominal"}
[2026-04-19 11:00:45.876 +0700] [INFO] [cadence.virtuoso.ade.simulationMonitor] - Peak resident memory used = 107 Mbytes. {"history": "ExplorerRun.0", "point": 1, "testname": "my_lib_ota_amp_tb_1", "cornername": "Nominal"}
[2026-04-19 11:00:45.877 +0700] [INFO] [cadence.virtuoso.ade.simulationMonitor] -    -   (APS) Multi-threading. The recommended number of threads is 1, consider adding +mt=1 on command line. {"history": "ExplorerRun.0", "point": 1, "testname": "my_lib_ota_amp_tb_1", "cornername": "Nominal"}
[2026-04-19 11:00:45.877 +0700] [INFO] [cadence.virtuoso.ade.simulationMonitor] - Total time required for ac analysis `ac': CPU = 4.034 ms, elapsed = 5.01394 ms. {"history": "ExplorerRun.0", "point": 1, "testname": "my_lib_ota_amp_tb_1", "cornername": "Nominal"}
[2026-04-19 11:00:45.877 +0700] [INFO] [cadence.virtuoso.ade.simulationMonitor] - Peak resident memory used = 109 Mbytes. {"history": "ExplorerRun.0", "point": 1, "testname": "my_lib_ota_amp_tb_1", "cornername": "Nominal"}
[2026-04-19 11:00:45.877 +0700] [INFO] [cadence.virtuoso.ade.simulationMonitor] - Total time required for dc analysis `dcOp': CPU = 1.463 ms, elapsed = 2.48098 ms. {"history": "ExplorerRun.0", "point": 1, "testname": "my_lib_ota_amp_tb_1", "cornername": "Nominal"}
[2026-04-19 11:00:45.877 +0700] [INFO] [cadence.virtuoso.ade.simulationMonitor] - Peak resident memory used = 109 Mbytes. {"history": "ExplorerRun.0", "point": 1, "testname": "my_lib_ota_amp_tb_1", "cornername": "Nominal"}
[2026-04-19 11:00:45.877 +0700] [INFO] [cadence.virtuoso.ade.simulationMonitor] - Time used: CPU = 502 ms, elapsed = 20.8 s, util. = 2.41%. {"history": "ExplorerRun.0", "point": 1, "testname": "my_lib_ota_amp_tb_1", "cornername": "Nominal"}
[2026-04-19 11:00:45.877 +0700] [INFO] [cadence.virtuoso.ade.simulationMonitor] - Time spent in licensing: elapsed = 20.3 s, percentage of total = 97.4%. {"history": "ExplorerRun.0", "point": 1, "testname": "my_lib_ota_amp_tb_1", "cornername": "Nominal"}
[2026-04-19 11:00:45.878 +0700] [INFO] [cadence.virtuoso.ade.simulationMonitor] - Peak memory used = 111 Mbytes. {"history": "ExplorerRun.0", "point": 1, "testname": "my_lib_ota_amp_tb_1", "cornername": "Nominal"}
[2026-04-19 11:00:45.878 +0700] [PROCESS] [cadence.virtuoso.ade.simulationMonitor] - Simulation started at: 11:00:24 AM, Sun Apr 19, 2026, ended at: 11:00:45 AM, Sun Apr 19, 2026, with elapsed time (wall clock): 20.8 s. {"history": "ExplorerRun.0", "point": 1, "testname": "my_lib_ota_amp_tb_1", "cornername": "Nominal"}
[2026-04-19 11:00:45.878 +0700] [PROCESS] [cadence.virtuoso.ade.simulationMonitor] - spectre completes with 0 errors, 0 warnings, and 4 notices. {"history": "ExplorerRun.0", "point": 1, "testname": "my_lib_ota_amp_tb_1", "cornername": "Nominal"}
[2026-04-19 11:00:45.878 +0700] [PROCESS] [cadence.virtuoso.ade.simulationMonitor] - Simulator exited {"hostname": "dtvt_13", "processid": 20834, "history": "ExplorerRun.0", "testname": "my_lib_ota_amp_tb_1", "cornername": "Nominal", "point": 1, "logfile": "/home/dtvt_13/truong/logs_dtvt_13/logs0/Job5.log", "exitStatus": "0"}
[2026-04-19 11:00:45.878 +0700] [PROCESS] [cadence.virtuoso.ade.simulationMonitor] - Finished Simulation {"hostname": "dtvt_13", "processid": 20834, "history": "ExplorerRun.0", "testname": "my_lib_ota_amp_tb_1", "cornername": "Nominal", "point": 1, "logfile": "/home/dtvt_13/truong/logs_dtvt_13/logs0/Job5.log", "simid": "5"}
[2026-04-19 11:00:46.885 +0700] [PROCESS] [cadence.virtuoso.ade.simulationMonitor] - Point Finished {"hostname": "dtvt_13", "processid": 20834, "history": "ExplorerRun.0", "testname": "my_lib_ota_amp_tb_1", "cornername": "Nominal", "point": 1, "logfile": "/home/dtvt_13/truong/logs_dtvt_13/logs0/Job5.log"}
[2026-04-19 11:01:53.465 +0700] [INFO] [cadence.virtuoso.ade.simulationMonitor] - SimulationMonitor has terminated the vds process '24807', reason: 'Force to stop the expression evalutor process because of new run' {"history": "ExplorerRun.0", "point": 1, "testname": "my_lib_ota_amp_tb_1", "cornername": "Nominal"}
[2026-04-19 11:01:53.465 +0700] [PROCESS] [cadence.virtuoso.ade.simulationMonitor] - HostInfo:
Host name (type):	dtvt_13 (x86_64)
Operating system:	Linux 3.10.0-1160.118.1.el7.x86_64 #1 SMP Wed Apr 24 16:01:50 UTC 2024 {"hostname": "dtvt_13", "processid": 20834, "history": "ExplorerRun.0", "testname": "my_lib_ota_amp_tb_1", "cornername": "Nominal", "point": 1, "logfile": "/home/dtvt_13/truong/logs_dtvt_13/logs0/Job5.log", "nodename": "dtvt_13", "domainname": "(none)", "machine": "x86_64", "sysname": "Linux", "release": "3.10.0-1160.118.1.el7.x86_64", "version": "#1 SMP Wed Apr 24 16:01:50 UTC 2024"}
[2026-04-19 11:01:53.465 +0700] [PROCESS] [cadence.virtuoso.ade.simulationMonitor] - UsageInfo:
pid=20834
totalPhysicalMemory=15.208324GB,Used=14.275875GB,totalVirtualMemory=22.895821GB,Used=14.323238GB
Cpu: Cores=24, Load average:0.820000,0.610000,0.440000 {"hostname": "dtvt_13", "processid": 20834, "history": "ExplorerRun.0", "testname": "my_lib_ota_amp_tb_1", "cornername": "Nominal", "point": 1, "logfile": "/home/dtvt_13/truong/logs_dtvt_13/logs0/Job5.log", "pid": "20834", "totalPhysicalMemory": "15.208324", "physicalMemoryUsed": "14.275875", "totalVirtualMemory": "22.895821", "virtualMemoryUsed": "14.323238", "cpuCores": "24", "processes": "2579", "loadAverage1": "0.820000", "loadAverage5": "0.610000", "loadAverage15": "0.440000", "loadAverage1Percent": "0.034167"}
[2026-04-19 11:01:53.465 +0700] [EVENT] [cadence.virtuoso.ade.simulationMonitor] - NewPoint {"history": "ExplorerRun.0", "point": 1, "testname": "my_lib_ota_amp_tb_1", "cornername": "Nominal", "event": "NewPoint", "EventSource": "Simulation Monitor", "HistoryName": "ExplorerRun.0", "logFile": "/home/dtvt_13/truong/logs_dtvt_13/logs0/Job5.log", "logFileSize": "48937"}
[2026-04-19 11:01:53.566 +0700] [EVENT] [cadence.virtuoso.ade.simulationMonitor] - NewPoint {"history": "ExplorerRun.0", "point": 1, "testname": "my_lib_ota_amp_tb_1", "cornername": "Nominal", "event": "NewPoint", "EventSource": "spectre", "HistoryName": "ExplorerRun.0", "logFile": "/home/dtvt_13/simulation/my_lib/ota_amp_tb/maestro/results/maestro/ExplorerRun.0/1/my_lib_ota_amp_tb_1/psf/spectre.out", "logFileSize": "-1"}
[2026-04-19 11:01:53.570 +0700] [PROCESS] [cadence.virtuoso.ade.simulationMonitor] - Simulator launched {"hostname": "dtvt_13", "processid": 20834, "history": "ExplorerRun.0", "testname": "my_lib_ota_amp_tb_1", "cornername": "Nominal", "point": 1, "logfile": "/home/dtvt_13/truong/logs_dtvt_13/logs0/Job5.log", "simid": "6"}
[2026-04-19 11:01:53.575 +0700] [PROCESS] [cadence.virtuoso.ade.simulationMonitor] - Expression evaluator launched {"hostname": "dtvt_13", "processid": 20834, "history": "ExplorerRun.0", "testname": "my_lib_ota_amp_tb_1", "cornername": "Nominal", "point": 1, "logfile": "/home/dtvt_13/truong/logs_dtvt_13/logs0/Job5.log"}
[2026-04-19 11:01:53.580 +0700] [PROCESS] [cadence.virtuoso.ade.simulationMonitor] - Started Simulation {"hostname": "dtvt_13", "processid": 20834, "history": "ExplorerRun.0", "testname": "my_lib_ota_amp_tb_1", "cornername": "Nominal", "point": 1, "logfile": "/home/dtvt_13/truong/logs_dtvt_13/logs0/Job5.log"}
[2026-04-19 11:02:14.899 +0700] [PROCESS] [cadence.virtuoso.ade.simulationMonitor] - Finished simulating for one point {"hostname": "dtvt_13", "processid": 20834, "history": "ExplorerRun.0", "testname": "my_lib_ota_amp_tb_1", "cornername": "Nominal", "point": 1, "logfile": "/home/dtvt_13/truong/logs_dtvt_13/logs0/Job5.log", "simid": "6"}
[2026-04-19 11:02:14.899 +0700] [INFO] [cadence.virtuoso.ade.simulationMonitor] - Peak resident memory used = 95.6 Mbytes. {"history": "ExplorerRun.0", "point": 1, "testname": "my_lib_ota_amp_tb_1", "cornername": "Nominal"}
[2026-04-19 11:02:14.899 +0700] [INFO] [cadence.virtuoso.ade.simulationMonitor] - Peak resident memory used = 104 Mbytes. {"history": "ExplorerRun.0", "point": 1, "testname": "my_lib_ota_amp_tb_1", "cornername": "Nominal"}
[2026-04-19 11:02:14.899 +0700] [INFO] [cadence.virtuoso.ade.simulationMonitor] - Notice from spectre during hierarchy flattening.
    The value 'psf' specified for the 'checklimitdest' option will no longer be supported in future releases. Use 'spectre -h' to see other recommended values for the 'checklimitdest' option. {"history": "ExplorerRun.0", "point": 1, "testname": "my_lib_ota_amp_tb_1", "cornername": "Nominal"}
[2026-04-19 11:02:14.899 +0700] [INFO] [cadence.virtuoso.ade.simulationMonitor] - Peak resident memory used = 106 Mbytes. {"history": "ExplorerRun.0", "point": 1, "testname": "my_lib_ota_amp_tb_1", "cornername": "Nominal"}
[2026-04-19 11:02:14.899 +0700] [INFO] [cadence.virtuoso.ade.simulationMonitor] - Notice from spectre during initial setup.
    Multithreading is disabled due to the size of the design being too small. {"history": "ExplorerRun.0", "point": 1, "testname": "my_lib_ota_amp_tb_1", "cornername": "Nominal"}
[2026-04-19 11:02:14.900 +0700] [INFO] [cadence.virtuoso.ade.simulationMonitor] -               nodes 43 {"history": "ExplorerRun.0", "point": 1, "testname": "my_lib_ota_amp_tb_1", "cornername": "Nominal"}
[2026-04-19 11:02:14.900 +0700] [INFO] [cadence.virtuoso.ade.simulationMonitor] - Notice from spectre during initial setup.
    APS enabled. {"history": "ExplorerRun.0", "point": 1, "testname": "my_lib_ota_amp_tb_1", "cornername": "Nominal"}
[2026-04-19 11:02:14.900 +0700] [INFO] [cadence.virtuoso.ade.simulationMonitor] - Peak resident memory used = 107 Mbytes. {"history": "ExplorerRun.0", "point": 1, "testname": "my_lib_ota_amp_tb_1", "cornername": "Nominal"}
[2026-04-19 11:02:14.900 +0700] [INFO] [cadence.virtuoso.ade.simulationMonitor] -    -   (APS) Multi-threading. The recommended number of threads is 1, consider adding +mt=1 on command line. {"history": "ExplorerRun.0", "point": 1, "testname": "my_lib_ota_amp_tb_1", "cornername": "Nominal"}
[2026-04-19 11:02:14.900 +0700] [INFO] [cadence.virtuoso.ade.simulationMonitor] - Total time required for ac analysis `ac': CPU = 6.255 ms, elapsed = 7.23004 ms. {"history": "ExplorerRun.0", "point": 1, "testname": "my_lib_ota_amp_tb_1", "cornername": "Nominal"}
[2026-04-19 11:02:14.900 +0700] [INFO] [cadence.virtuoso.ade.simulationMonitor] - Peak resident memory used = 109 Mbytes. {"history": "ExplorerRun.0", "point": 1, "testname": "my_lib_ota_amp_tb_1", "cornername": "Nominal"}
[2026-04-19 11:02:14.900 +0700] [INFO] [cadence.virtuoso.ade.simulationMonitor] - Total time required for dc analysis `dcOp': CPU = 952 us, elapsed = 1.863 ms. {"history": "ExplorerRun.0", "point": 1, "testname": "my_lib_ota_amp_tb_1", "cornername": "Nominal"}
[2026-04-19 11:02:14.900 +0700] [INFO] [cadence.virtuoso.ade.simulationMonitor] - Peak resident memory used = 109 Mbytes. {"history": "ExplorerRun.0", "point": 1, "testname": "my_lib_ota_amp_tb_1", "cornername": "Nominal"}
[2026-04-19 11:02:14.900 +0700] [INFO] [cadence.virtuoso.ade.simulationMonitor] - Time used: CPU = 522 ms, elapsed = 20.9 s, util. = 2.51%. {"history": "ExplorerRun.0", "point": 1, "testname": "my_lib_ota_amp_tb_1", "cornername": "Nominal"}
[2026-04-19 11:02:14.900 +0700] [INFO] [cadence.virtuoso.ade.simulationMonitor] - Time spent in licensing: elapsed = 20.3 s, percentage of total = 97.3%. {"history": "ExplorerRun.0", "point": 1, "testname": "my_lib_ota_amp_tb_1", "cornername": "Nominal"}
[2026-04-19 11:02:14.900 +0700] [INFO] [cadence.virtuoso.ade.simulationMonitor] - Peak memory used = 111 Mbytes. {"history": "ExplorerRun.0", "point": 1, "testname": "my_lib_ota_amp_tb_1", "cornername": "Nominal"}
[2026-04-19 11:02:14.900 +0700] [PROCESS] [cadence.virtuoso.ade.simulationMonitor] - Simulation started at: 11:01:53 AM, Sun Apr 19, 2026, ended at: 11:02:14 AM, Sun Apr 19, 2026, with elapsed time (wall clock): 20.9 s. {"history": "ExplorerRun.0", "point": 1, "testname": "my_lib_ota_amp_tb_1", "cornername": "Nominal"}
[2026-04-19 11:02:14.901 +0700] [PROCESS] [cadence.virtuoso.ade.simulationMonitor] - spectre completes with 0 errors, 0 warnings, and 4 notices. {"history": "ExplorerRun.0", "point": 1, "testname": "my_lib_ota_amp_tb_1", "cornername": "Nominal"}
[2026-04-19 11:02:14.901 +0700] [PROCESS] [cadence.virtuoso.ade.simulationMonitor] - Simulator exited {"hostname": "dtvt_13", "processid": 20834, "history": "ExplorerRun.0", "testname": "my_lib_ota_amp_tb_1", "cornername": "Nominal", "point": 1, "logfile": "/home/dtvt_13/truong/logs_dtvt_13/logs0/Job5.log", "exitStatus": "0"}
[2026-04-19 11:02:14.901 +0700] [PROCESS] [cadence.virtuoso.ade.simulationMonitor] - Finished Simulation {"hostname": "dtvt_13", "processid": 20834, "history": "ExplorerRun.0", "testname": "my_lib_ota_amp_tb_1", "cornername": "Nominal", "point": 1, "logfile": "/home/dtvt_13/truong/logs_dtvt_13/logs0/Job5.log", "simid": "6"}
[2026-04-19 11:02:15.907 +0700] [PROCESS] [cadence.virtuoso.ade.simulationMonitor] - Point Finished {"hostname": "dtvt_13", "processid": 20834, "history": "ExplorerRun.0", "testname": "my_lib_ota_amp_tb_1", "cornername": "Nominal", "point": 1, "logfile": "/home/dtvt_13/truong/logs_dtvt_13/logs0/Job5.log"}
[2026-04-19 11:04:13.957 +0700] [INFO] [cadence.virtuoso.ade.simulationMonitor] - SimulationMonitor has terminated the vds process '25658', reason: 'Force to stop the expression evalutor process because of new run' {"history": "ExplorerRun.0", "point": 1, "testname": "my_lib_ota_amp_tb_1", "cornername": "Nominal"}
[2026-04-19 11:04:13.957 +0700] [PROCESS] [cadence.virtuoso.ade.simulationMonitor] - HostInfo:
Host name (type):	dtvt_13 (x86_64)
Operating system:	Linux 3.10.0-1160.118.1.el7.x86_64 #1 SMP Wed Apr 24 16:01:50 UTC 2024 {"hostname": "dtvt_13", "processid": 20834, "history": "ExplorerRun.0", "testname": "my_lib_ota_amp_tb_1", "cornername": "Nominal", "point": 1, "logfile": "/home/dtvt_13/truong/logs_dtvt_13/logs0/Job5.log", "nodename": "dtvt_13", "domainname": "(none)", "machine": "x86_64", "sysname": "Linux", "release": "3.10.0-1160.118.1.el7.x86_64", "version": "#1 SMP Wed Apr 24 16:01:50 UTC 2024"}
[2026-04-19 11:04:13.958 +0700] [PROCESS] [cadence.virtuoso.ade.simulationMonitor] - UsageInfo:
pid=20834
totalPhysicalMemory=15.208324GB,Used=14.674774GB,totalVirtualMemory=22.895821GB,Used=14.722137GB
Cpu: Cores=24, Load average:0.850000,0.650000,0.470000 {"hostname": "dtvt_13", "processid": 20834, "history": "ExplorerRun.0", "testname": "my_lib_ota_amp_tb_1", "cornername": "Nominal", "point": 1, "logfile": "/home/dtvt_13/truong/logs_dtvt_13/logs0/Job5.log", "pid": "20834", "totalPhysicalMemory": "15.208324", "physicalMemoryUsed": "14.674774", "totalVirtualMemory": "22.895821", "virtualMemoryUsed": "14.722137", "cpuCores": "24", "processes": "2597", "loadAverage1": "0.850000", "loadAverage5": "0.650000", "loadAverage15": "0.470000", "loadAverage1Percent": "0.035417"}
[2026-04-19 11:04:13.958 +0700] [EVENT] [cadence.virtuoso.ade.simulationMonitor] - NewPoint {"history": "ExplorerRun.0", "point": 1, "testname": "my_lib_ota_amp_tb_1", "cornername": "Nominal", "event": "NewPoint", "EventSource": "Simulation Monitor", "HistoryName": "ExplorerRun.0", "logFile": "/home/dtvt_13/truong/logs_dtvt_13/logs0/Job5.log", "logFileSize": "58302"}
[2026-04-19 11:04:14.059 +0700] [EVENT] [cadence.virtuoso.ade.simulationMonitor] - NewPoint {"history": "ExplorerRun.0", "point": 1, "testname": "my_lib_ota_amp_tb_1", "cornername": "Nominal", "event": "NewPoint", "EventSource": "spectre", "HistoryName": "ExplorerRun.0", "logFile": "/home/dtvt_13/simulation/my_lib/ota_amp_tb/maestro/results/maestro/ExplorerRun.0/1/my_lib_ota_amp_tb_1/psf/spectre.out", "logFileSize": "-1"}
[2026-04-19 11:04:14.064 +0700] [PROCESS] [cadence.virtuoso.ade.simulationMonitor] - Simulator launched {"hostname": "dtvt_13", "processid": 20834, "history": "ExplorerRun.0", "testname": "my_lib_ota_amp_tb_1", "cornername": "Nominal", "point": 1, "logfile": "/home/dtvt_13/truong/logs_dtvt_13/logs0/Job5.log", "simid": "7"}
[2026-04-19 11:04:14.068 +0700] [PROCESS] [cadence.virtuoso.ade.simulationMonitor] - Expression evaluator launched {"hostname": "dtvt_13", "processid": 20834, "history": "ExplorerRun.0", "testname": "my_lib_ota_amp_tb_1", "cornername": "Nominal", "point": 1, "logfile": "/home/dtvt_13/truong/logs_dtvt_13/logs0/Job5.log"}
[2026-04-19 11:04:14.074 +0700] [PROCESS] [cadence.virtuoso.ade.simulationMonitor] - Started Simulation {"hostname": "dtvt_13", "processid": 20834, "history": "ExplorerRun.0", "testname": "my_lib_ota_amp_tb_1", "cornername": "Nominal", "point": 1, "logfile": "/home/dtvt_13/truong/logs_dtvt_13/logs0/Job5.log"}
[2026-04-19 11:04:35.365 +0700] [INFO] [cadence.virtuoso.ade.simulationMonitor] - Peak resident memory used = 95.6 Mbytes. {"history": "ExplorerRun.0", "point": 1, "testname": "my_lib_ota_amp_tb_1", "cornername": "Nominal"}
[2026-04-19 11:04:35.366 +0700] [INFO] [cadence.virtuoso.ade.simulationMonitor] - Peak resident memory used = 104 Mbytes. {"history": "ExplorerRun.0", "point": 1, "testname": "my_lib_ota_amp_tb_1", "cornername": "Nominal"}
[2026-04-19 11:04:35.366 +0700] [INFO] [cadence.virtuoso.ade.simulationMonitor] - Notice from spectre during hierarchy flattening.
    The value 'psf' specified for the 'checklimitdest' option will no longer be supported in future releases. Use 'spectre -h' to see other recommended values for the 'checklimitdest' option. {"history": "ExplorerRun.0", "point": 1, "testname": "my_lib_ota_amp_tb_1", "cornername": "Nominal"}
[2026-04-19 11:04:35.366 +0700] [INFO] [cadence.virtuoso.ade.simulationMonitor] - Peak resident memory used = 105 Mbytes. {"history": "ExplorerRun.0", "point": 1, "testname": "my_lib_ota_amp_tb_1", "cornername": "Nominal"}
[2026-04-19 11:04:35.367 +0700] [INFO] [cadence.virtuoso.ade.simulationMonitor] - Notice from spectre during initial setup.
    Multithreading is disabled due to the size of the design being too small. {"history": "ExplorerRun.0", "point": 1, "testname": "my_lib_ota_amp_tb_1", "cornername": "Nominal"}
[2026-04-19 11:04:35.368 +0700] [INFO] [cadence.virtuoso.ade.simulationMonitor] -               nodes 43 {"history": "ExplorerRun.0", "point": 1, "testname": "my_lib_ota_amp_tb_1", "cornername": "Nominal"}
[2026-04-19 11:04:35.368 +0700] [INFO] [cadence.virtuoso.ade.simulationMonitor] - Notice from spectre during initial setup.
    APS enabled. {"history": "ExplorerRun.0", "point": 1, "testname": "my_lib_ota_amp_tb_1", "cornername": "Nominal"}
[2026-04-19 11:04:35.368 +0700] [INFO] [cadence.virtuoso.ade.simulationMonitor] - Peak resident memory used = 107 Mbytes. {"history": "ExplorerRun.0", "point": 1, "testname": "my_lib_ota_amp_tb_1", "cornername": "Nominal"}
[2026-04-19 11:04:35.368 +0700] [INFO] [cadence.virtuoso.ade.simulationMonitor] -    -   (APS) Multi-threading. The recommended number of threads is 1, consider adding +mt=1 on command line. {"history": "ExplorerRun.0", "point": 1, "testname": "my_lib_ota_amp_tb_1", "cornername": "Nominal"}
[2026-04-19 11:04:35.369 +0700] [INFO] [cadence.virtuoso.ade.simulationMonitor] - Total time required for ac analysis `ac': CPU = 3.939 ms, elapsed = 4.92716 ms. {"history": "ExplorerRun.0", "point": 1, "testname": "my_lib_ota_amp_tb_1", "cornername": "Nominal"}
[2026-04-19 11:04:35.369 +0700] [INFO] [cadence.virtuoso.ade.simulationMonitor] - Peak resident memory used = 109 Mbytes. {"history": "ExplorerRun.0", "point": 1, "testname": "my_lib_ota_amp_tb_1", "cornername": "Nominal"}
[2026-04-19 11:04:35.369 +0700] [INFO] [cadence.virtuoso.ade.simulationMonitor] - Total time required for dc analysis `dcOp': CPU = 1.065 ms, elapsed = 2.04515 ms. {"history": "ExplorerRun.0", "point": 1, "testname": "my_lib_ota_amp_tb_1", "cornername": "Nominal"}
[2026-04-19 11:04:35.370 +0700] [INFO] [cadence.virtuoso.ade.simulationMonitor] - Peak resident memory used = 109 Mbytes. {"history": "ExplorerRun.0", "point": 1, "testname": "my_lib_ota_amp_tb_1", "cornername": "Nominal"}
[2026-04-19 11:04:35.370 +0700] [INFO] [cadence.virtuoso.ade.simulationMonitor] - Time used: CPU = 527 ms, elapsed = 20.9 s, util. = 2.52%. {"history": "ExplorerRun.0", "point": 1, "testname": "my_lib_ota_amp_tb_1", "cornername": "Nominal"}
[2026-04-19 11:04:35.370 +0700] [INFO] [cadence.virtuoso.ade.simulationMonitor] - Time spent in licensing: elapsed = 20.3 s, percentage of total = 97.2%. {"history": "ExplorerRun.0", "point": 1, "testname": "my_lib_ota_amp_tb_1", "cornername": "Nominal"}
[2026-04-19 11:04:35.370 +0700] [INFO] [cadence.virtuoso.ade.simulationMonitor] - Peak memory used = 111 Mbytes. {"history": "ExplorerRun.0", "point": 1, "testname": "my_lib_ota_amp_tb_1", "cornername": "Nominal"}
[2026-04-19 11:04:35.370 +0700] [PROCESS] [cadence.virtuoso.ade.simulationMonitor] - Simulation started at: 11:04:14 AM, Sun Apr 19, 2026, ended at: 11:04:35 AM, Sun Apr 19, 2026, with elapsed time (wall clock): 20.9 s. {"history": "ExplorerRun.0", "point": 1, "testname": "my_lib_ota_amp_tb_1", "cornername": "Nominal"}
[2026-04-19 11:04:35.371 +0700] [PROCESS] [cadence.virtuoso.ade.simulationMonitor] - spectre completes with 0 errors, 0 warnings, and 4 notices. {"history": "ExplorerRun.0", "point": 1, "testname": "my_lib_ota_amp_tb_1", "cornername": "Nominal"}
[2026-04-19 11:04:35.872 +0700] [PROCESS] [cadence.virtuoso.ade.simulationMonitor] - Finished simulating for one point {"hostname": "dtvt_13", "processid": 20834, "history": "ExplorerRun.0", "testname": "my_lib_ota_amp_tb_1", "cornername": "Nominal", "point": 1, "logfile": "/home/dtvt_13/truong/logs_dtvt_13/logs0/Job5.log", "simid": "7"}
[2026-04-19 11:04:35.872 +0700] [PROCESS] [cadence.virtuoso.ade.simulationMonitor] - Simulator exited {"hostname": "dtvt_13", "processid": 20834, "history": "ExplorerRun.0", "testname": "my_lib_ota_amp_tb_1", "cornername": "Nominal", "point": 1, "logfile": "/home/dtvt_13/truong/logs_dtvt_13/logs0/Job5.log", "exitStatus": "0"}
[2026-04-19 11:04:35.873 +0700] [PROCESS] [cadence.virtuoso.ade.simulationMonitor] - Finished Simulation {"hostname": "dtvt_13", "processid": 20834, "history": "ExplorerRun.0", "testname": "my_lib_ota_amp_tb_1", "cornername": "Nominal", "point": 1, "logfile": "/home/dtvt_13/truong/logs_dtvt_13/logs0/Job5.log", "simid": "7"}
[2026-04-19 11:04:36.887 +0700] [PROCESS] [cadence.virtuoso.ade.simulationMonitor] - Point Finished {"hostname": "dtvt_13", "processid": 20834, "history": "ExplorerRun.0", "testname": "my_lib_ota_amp_tb_1", "cornername": "Nominal", "point": 1, "logfile": "/home/dtvt_13/truong/logs_dtvt_13/logs0/Job5.log"}
[2026-04-19 11:05:12.957 +0700] [INFO] [cadence.virtuoso.ade.simulationMonitor] - SimulationMonitor has terminated the vds process '26598', reason: 'Force to stop the expression evalutor process because of new run' {"history": "ExplorerRun.0", "point": 1, "testname": "my_lib_ota_amp_tb_1", "cornername": "Nominal"}
[2026-04-19 11:05:12.957 +0700] [PROCESS] [cadence.virtuoso.ade.simulationMonitor] - HostInfo:
Host name (type):	dtvt_13 (x86_64)
Operating system:	Linux 3.10.0-1160.118.1.el7.x86_64 #1 SMP Wed Apr 24 16:01:50 UTC 2024 {"hostname": "dtvt_13", "processid": 20834, "history": "ExplorerRun.0", "testname": "my_lib_ota_amp_tb_1", "cornername": "Nominal", "point": 1, "logfile": "/home/dtvt_13/truong/logs_dtvt_13/logs0/Job5.log", "nodename": "dtvt_13", "domainname": "(none)", "machine": "x86_64", "sysname": "Linux", "release": "3.10.0-1160.118.1.el7.x86_64", "version": "#1 SMP Wed Apr 24 16:01:50 UTC 2024"}
[2026-04-19 11:05:12.958 +0700] [PROCESS] [cadence.virtuoso.ade.simulationMonitor] - UsageInfo:
pid=20834
totalPhysicalMemory=15.208324GB,Used=14.652855GB,totalVirtualMemory=22.895821GB,Used=14.700218GB
Cpu: Cores=24, Load average:0.790000,0.660000,0.490000 {"hostname": "dtvt_13", "processid": 20834, "history": "ExplorerRun.0", "testname": "my_lib_ota_amp_tb_1", "cornername": "Nominal", "point": 1, "logfile": "/home/dtvt_13/truong/logs_dtvt_13/logs0/Job5.log", "pid": "20834", "totalPhysicalMemory": "15.208324", "physicalMemoryUsed": "14.652855", "totalVirtualMemory": "22.895821", "virtualMemoryUsed": "14.700218", "cpuCores": "24", "processes": "2596", "loadAverage1": "0.790000", "loadAverage5": "0.660000", "loadAverage15": "0.490000", "loadAverage1Percent": "0.032917"}
[2026-04-19 11:05:12.958 +0700] [EVENT] [cadence.virtuoso.ade.simulationMonitor] - NewPoint {"history": "ExplorerRun.0", "point": 1, "testname": "my_lib_ota_amp_tb_1", "cornername": "Nominal", "event": "NewPoint", "EventSource": "Simulation Monitor", "HistoryName": "ExplorerRun.0", "logFile": "/home/dtvt_13/truong/logs_dtvt_13/logs0/Job5.log", "logFileSize": "67671"}
[2026-04-19 11:05:13.060 +0700] [EVENT] [cadence.virtuoso.ade.simulationMonitor] - NewPoint {"history": "ExplorerRun.0", "point": 1, "testname": "my_lib_ota_amp_tb_1", "cornername": "Nominal", "event": "NewPoint", "EventSource": "spectre", "HistoryName": "ExplorerRun.0", "logFile": "/home/dtvt_13/simulation/my_lib/ota_amp_tb/maestro/results/maestro/ExplorerRun.0/1/my_lib_ota_amp_tb_1/psf/spectre.out", "logFileSize": "-1"}
[2026-04-19 11:05:13.065 +0700] [PROCESS] [cadence.virtuoso.ade.simulationMonitor] - Simulator launched {"hostname": "dtvt_13", "processid": 20834, "history": "ExplorerRun.0", "testname": "my_lib_ota_amp_tb_1", "cornername": "Nominal", "point": 1, "logfile": "/home/dtvt_13/truong/logs_dtvt_13/logs0/Job5.log", "simid": "8"}
[2026-04-19 11:05:13.066 +0700] [PROCESS] [cadence.virtuoso.ade.simulationMonitor] - Expression evaluator launched {"hostname": "dtvt_13", "processid": 20834, "history": "ExplorerRun.0", "testname": "my_lib_ota_amp_tb_1", "cornername": "Nominal", "point": 1, "logfile": "/home/dtvt_13/truong/logs_dtvt_13/logs0/Job5.log"}
[2026-04-19 11:05:13.071 +0700] [PROCESS] [cadence.virtuoso.ade.simulationMonitor] - Started Simulation {"hostname": "dtvt_13", "processid": 20834, "history": "ExplorerRun.0", "testname": "my_lib_ota_amp_tb_1", "cornername": "Nominal", "point": 1, "logfile": "/home/dtvt_13/truong/logs_dtvt_13/logs0/Job5.log"}
[2026-04-19 11:05:34.366 +0700] [INFO] [cadence.virtuoso.ade.simulationMonitor] - Peak resident memory used = 95.6 Mbytes. {"history": "ExplorerRun.0", "point": 1, "testname": "my_lib_ota_amp_tb_1", "cornername": "Nominal"}
[2026-04-19 11:05:34.367 +0700] [INFO] [cadence.virtuoso.ade.simulationMonitor] - Peak resident memory used = 104 Mbytes. {"history": "ExplorerRun.0", "point": 1, "testname": "my_lib_ota_amp_tb_1", "cornername": "Nominal"}
[2026-04-19 11:05:34.367 +0700] [INFO] [cadence.virtuoso.ade.simulationMonitor] - Notice from spectre during hierarchy flattening.
    The value 'psf' specified for the 'checklimitdest' option will no longer be supported in future releases. Use 'spectre -h' to see other recommended values for the 'checklimitdest' option. {"history": "ExplorerRun.0", "point": 1, "testname": "my_lib_ota_amp_tb_1", "cornername": "Nominal"}
[2026-04-19 11:05:34.367 +0700] [INFO] [cadence.virtuoso.ade.simulationMonitor] - Peak resident memory used = 105 Mbytes. {"history": "ExplorerRun.0", "point": 1, "testname": "my_lib_ota_amp_tb_1", "cornername": "Nominal"}
[2026-04-19 11:05:34.367 +0700] [INFO] [cadence.virtuoso.ade.simulationMonitor] - Notice from spectre during initial setup.
    Multithreading is disabled due to the size of the design being too small. {"history": "ExplorerRun.0", "point": 1, "testname": "my_lib_ota_amp_tb_1", "cornername": "Nominal"}
[2026-04-19 11:05:34.368 +0700] [INFO] [cadence.virtuoso.ade.simulationMonitor] -               nodes 43 {"history": "ExplorerRun.0", "point": 1, "testname": "my_lib_ota_amp_tb_1", "cornername": "Nominal"}
[2026-04-19 11:05:34.368 +0700] [INFO] [cadence.virtuoso.ade.simulationMonitor] - Notice from spectre during initial setup.
    APS enabled. {"history": "ExplorerRun.0", "point": 1, "testname": "my_lib_ota_amp_tb_1", "cornername": "Nominal"}
[2026-04-19 11:05:34.368 +0700] [INFO] [cadence.virtuoso.ade.simulationMonitor] - Peak resident memory used = 107 Mbytes. {"history": "ExplorerRun.0", "point": 1, "testname": "my_lib_ota_amp_tb_1", "cornername": "Nominal"}
[2026-04-19 11:05:34.369 +0700] [INFO] [cadence.virtuoso.ade.simulationMonitor] -    -   (APS) Multi-threading. The recommended number of threads is 1, consider adding +mt=1 on command line. {"history": "ExplorerRun.0", "point": 1, "testname": "my_lib_ota_amp_tb_1", "cornername": "Nominal"}
[2026-04-19 11:05:34.369 +0700] [INFO] [cadence.virtuoso.ade.simulationMonitor] - Total time required for ac analysis `ac': CPU = 5.209 ms, elapsed = 6.26707 ms. {"history": "ExplorerRun.0", "point": 1, "testname": "my_lib_ota_amp_tb_1", "cornername": "Nominal"}
[2026-04-19 11:05:34.369 +0700] [INFO] [cadence.virtuoso.ade.simulationMonitor] - Peak resident memory used = 109 Mbytes. {"history": "ExplorerRun.0", "point": 1, "testname": "my_lib_ota_amp_tb_1", "cornername": "Nominal"}
[2026-04-19 11:05:34.369 +0700] [INFO] [cadence.virtuoso.ade.simulationMonitor] - Total time required for dc analysis `dcOp': CPU = 1.588 ms, elapsed = 2.62785 ms. {"history": "ExplorerRun.0", "point": 1, "testname": "my_lib_ota_amp_tb_1", "cornername": "Nominal"}
[2026-04-19 11:05:34.369 +0700] [INFO] [cadence.virtuoso.ade.simulationMonitor] - Peak resident memory used = 109 Mbytes. {"history": "ExplorerRun.0", "point": 1, "testname": "my_lib_ota_amp_tb_1", "cornername": "Nominal"}
[2026-04-19 11:05:34.369 +0700] [INFO] [cadence.virtuoso.ade.simulationMonitor] - Time used: CPU = 501 ms, elapsed = 21.1 s, util. = 2.38%. {"history": "ExplorerRun.0", "point": 1, "testname": "my_lib_ota_amp_tb_1", "cornername": "Nominal"}
[2026-04-19 11:05:34.370 +0700] [INFO] [cadence.virtuoso.ade.simulationMonitor] - Time spent in licensing: elapsed = 20.6 s, percentage of total = 97.6%. {"history": "ExplorerRun.0", "point": 1, "testname": "my_lib_ota_amp_tb_1", "cornername": "Nominal"}
[2026-04-19 11:05:34.370 +0700] [INFO] [cadence.virtuoso.ade.simulationMonitor] - Peak memory used = 111 Mbytes. {"history": "ExplorerRun.0", "point": 1, "testname": "my_lib_ota_amp_tb_1", "cornername": "Nominal"}
[2026-04-19 11:05:34.370 +0700] [PROCESS] [cadence.virtuoso.ade.simulationMonitor] - Simulation started at: 11:05:13 AM, Sun Apr 19, 2026, ended at: 11:05:34 AM, Sun Apr 19, 2026, with elapsed time (wall clock): 21.1 s. {"history": "ExplorerRun.0", "point": 1, "testname": "my_lib_ota_amp_tb_1", "cornername": "Nominal"}
[2026-04-19 11:05:34.370 +0700] [PROCESS] [cadence.virtuoso.ade.simulationMonitor] - spectre completes with 0 errors, 0 warnings, and 4 notices. {"history": "ExplorerRun.0", "point": 1, "testname": "my_lib_ota_amp_tb_1", "cornername": "Nominal"}
[2026-04-19 11:05:34.871 +0700] [PROCESS] [cadence.virtuoso.ade.simulationMonitor] - Finished simulating for one point {"hostname": "dtvt_13", "processid": 20834, "history": "ExplorerRun.0", "testname": "my_lib_ota_amp_tb_1", "cornername": "Nominal", "point": 1, "logfile": "/home/dtvt_13/truong/logs_dtvt_13/logs0/Job5.log", "simid": "8"}
[2026-04-19 11:05:34.871 +0700] [PROCESS] [cadence.virtuoso.ade.simulationMonitor] - Simulator exited {"hostname": "dtvt_13", "processid": 20834, "history": "ExplorerRun.0", "testname": "my_lib_ota_amp_tb_1", "cornername": "Nominal", "point": 1, "logfile": "/home/dtvt_13/truong/logs_dtvt_13/logs0/Job5.log", "exitStatus": "0"}
[2026-04-19 11:05:34.872 +0700] [PROCESS] [cadence.virtuoso.ade.simulationMonitor] - Finished Simulation {"hostname": "dtvt_13", "processid": 20834, "history": "ExplorerRun.0", "testname": "my_lib_ota_amp_tb_1", "cornername": "Nominal", "point": 1, "logfile": "/home/dtvt_13/truong/logs_dtvt_13/logs0/Job5.log", "simid": "8"}
[2026-04-19 11:05:35.385 +0700] [PROCESS] [cadence.virtuoso.ade.simulationMonitor] - Point Finished {"hostname": "dtvt_13", "processid": 20834, "history": "ExplorerRun.0", "testname": "my_lib_ota_amp_tb_1", "cornername": "Nominal", "point": 1, "logfile": "/home/dtvt_13/truong/logs_dtvt_13/logs0/Job5.log"}
[2026-04-19 11:06:36.477 +0700] [INFO] [cadence.virtuoso.ade.simulationMonitor] - SimulationMonitor has terminated the vds process '27317', reason: 'Force to stop the expression evalutor process because of new run' {"history": "ExplorerRun.0", "point": 1, "testname": "my_lib_ota_amp_tb_1", "cornername": "Nominal"}
[2026-04-19 11:06:36.477 +0700] [PROCESS] [cadence.virtuoso.ade.simulationMonitor] - HostInfo:
Host name (type):	dtvt_13 (x86_64)
Operating system:	Linux 3.10.0-1160.118.1.el7.x86_64 #1 SMP Wed Apr 24 16:01:50 UTC 2024 {"hostname": "dtvt_13", "processid": 20834, "history": "ExplorerRun.0", "testname": "my_lib_ota_amp_tb_1", "cornername": "Nominal", "point": 1, "logfile": "/home/dtvt_13/truong/logs_dtvt_13/logs0/Job5.log", "nodename": "dtvt_13", "domainname": "(none)", "machine": "x86_64", "sysname": "Linux", "release": "3.10.0-1160.118.1.el7.x86_64", "version": "#1 SMP Wed Apr 24 16:01:50 UTC 2024"}
[2026-04-19 11:06:36.478 +0700] [PROCESS] [cadence.virtuoso.ade.simulationMonitor] - UsageInfo:
pid=20834
totalPhysicalMemory=15.208324GB,Used=14.664993GB,totalVirtualMemory=22.895821GB,Used=14.712357GB
Cpu: Cores=24, Load average:0.450000,0.590000,0.480000 {"hostname": "dtvt_13", "processid": 20834, "history": "ExplorerRun.0", "testname": "my_lib_ota_amp_tb_1", "cornername": "Nominal", "point": 1, "logfile": "/home/dtvt_13/truong/logs_dtvt_13/logs0/Job5.log", "pid": "20834", "totalPhysicalMemory": "15.208324", "physicalMemoryUsed": "14.664993", "totalVirtualMemory": "22.895821", "virtualMemoryUsed": "14.712357", "cpuCores": "24", "processes": "2596", "loadAverage1": "0.450000", "loadAverage5": "0.590000", "loadAverage15": "0.480000", "loadAverage1Percent": "0.018750"}
[2026-04-19 11:06:36.478 +0700] [EVENT] [cadence.virtuoso.ade.simulationMonitor] - NewPoint {"history": "ExplorerRun.0", "point": 1, "testname": "my_lib_ota_amp_tb_1", "cornername": "Nominal", "event": "NewPoint", "EventSource": "Simulation Monitor", "HistoryName": "ExplorerRun.0", "logFile": "/home/dtvt_13/truong/logs_dtvt_13/logs0/Job5.log", "logFileSize": "77040"}
[2026-04-19 11:06:36.579 +0700] [EVENT] [cadence.virtuoso.ade.simulationMonitor] - NewPoint {"history": "ExplorerRun.0", "point": 1, "testname": "my_lib_ota_amp_tb_1", "cornername": "Nominal", "event": "NewPoint", "EventSource": "spectre", "HistoryName": "ExplorerRun.0", "logFile": "/home/dtvt_13/simulation/my_lib/ota_amp_tb/maestro/results/maestro/ExplorerRun.0/1/my_lib_ota_amp_tb_1/psf/spectre.out", "logFileSize": "-1"}
[2026-04-19 11:06:36.582 +0700] [PROCESS] [cadence.virtuoso.ade.simulationMonitor] - Simulator launched {"hostname": "dtvt_13", "processid": 20834, "history": "ExplorerRun.0", "testname": "my_lib_ota_amp_tb_1", "cornername": "Nominal", "point": 1, "logfile": "/home/dtvt_13/truong/logs_dtvt_13/logs0/Job5.log", "simid": "9"}
[2026-04-19 11:06:36.586 +0700] [PROCESS] [cadence.virtuoso.ade.simulationMonitor] - Expression evaluator launched {"hostname": "dtvt_13", "processid": 20834, "history": "ExplorerRun.0", "testname": "my_lib_ota_amp_tb_1", "cornername": "Nominal", "point": 1, "logfile": "/home/dtvt_13/truong/logs_dtvt_13/logs0/Job5.log"}
[2026-04-19 11:06:36.591 +0700] [PROCESS] [cadence.virtuoso.ade.simulationMonitor] - Started Simulation {"hostname": "dtvt_13", "processid": 20834, "history": "ExplorerRun.0", "testname": "my_lib_ota_amp_tb_1", "cornername": "Nominal", "point": 1, "logfile": "/home/dtvt_13/truong/logs_dtvt_13/logs0/Job5.log"}
[2026-04-19 11:06:58.468 +0700] [PROCESS] [cadence.virtuoso.ade.simulationMonitor] - Finished simulating for one point {"hostname": "dtvt_13", "processid": 20834, "history": "ExplorerRun.0", "testname": "my_lib_ota_amp_tb_1", "cornername": "Nominal", "point": 1, "logfile": "/home/dtvt_13/truong/logs_dtvt_13/logs0/Job5.log", "simid": "9"}
[2026-04-19 11:06:58.469 +0700] [INFO] [cadence.virtuoso.ade.simulationMonitor] - Peak resident memory used = 95.6 Mbytes. {"history": "ExplorerRun.0", "point": 1, "testname": "my_lib_ota_amp_tb_1", "cornername": "Nominal"}
[2026-04-19 11:06:58.469 +0700] [INFO] [cadence.virtuoso.ade.simulationMonitor] - Peak resident memory used = 104 Mbytes. {"history": "ExplorerRun.0", "point": 1, "testname": "my_lib_ota_amp_tb_1", "cornername": "Nominal"}
[2026-04-19 11:06:58.469 +0700] [INFO] [cadence.virtuoso.ade.simulationMonitor] - Notice from spectre during hierarchy flattening.
    The value 'psf' specified for the 'checklimitdest' option will no longer be supported in future releases. Use 'spectre -h' to see other recommended values for the 'checklimitdest' option. {"history": "ExplorerRun.0", "point": 1, "testname": "my_lib_ota_amp_tb_1", "cornername": "Nominal"}
[2026-04-19 11:06:58.469 +0700] [INFO] [cadence.virtuoso.ade.simulationMonitor] - Peak resident memory used = 105 Mbytes. {"history": "ExplorerRun.0", "point": 1, "testname": "my_lib_ota_amp_tb_1", "cornername": "Nominal"}
[2026-04-19 11:06:58.470 +0700] [INFO] [cadence.virtuoso.ade.simulationMonitor] - Notice from spectre during initial setup.
    Multithreading is disabled due to the size of the design being too small. {"history": "ExplorerRun.0", "point": 1, "testname": "my_lib_ota_amp_tb_1", "cornername": "Nominal"}
[2026-04-19 11:06:58.470 +0700] [INFO] [cadence.virtuoso.ade.simulationMonitor] -               nodes 43 {"history": "ExplorerRun.0", "point": 1, "testname": "my_lib_ota_amp_tb_1", "cornername": "Nominal"}
[2026-04-19 11:06:58.471 +0700] [INFO] [cadence.virtuoso.ade.simulationMonitor] - Notice from spectre during initial setup.
    APS enabled. {"history": "ExplorerRun.0", "point": 1, "testname": "my_lib_ota_amp_tb_1", "cornername": "Nominal"}
[2026-04-19 11:06:58.471 +0700] [INFO] [cadence.virtuoso.ade.simulationMonitor] - Peak resident memory used = 107 Mbytes. {"history": "ExplorerRun.0", "point": 1, "testname": "my_lib_ota_amp_tb_1", "cornername": "Nominal"}
[2026-04-19 11:06:58.471 +0700] [INFO] [cadence.virtuoso.ade.simulationMonitor] -    -   (APS) Multi-threading. The recommended number of threads is 1, consider adding +mt=1 on command line. {"history": "ExplorerRun.0", "point": 1, "testname": "my_lib_ota_amp_tb_1", "cornername": "Nominal"}
[2026-04-19 11:06:58.471 +0700] [INFO] [cadence.virtuoso.ade.simulationMonitor] - Total time required for ac analysis `ac': CPU = 4.041 ms, elapsed = 5.13601 ms. {"history": "ExplorerRun.0", "point": 1, "testname": "my_lib_ota_amp_tb_1", "cornername": "Nominal"}
[2026-04-19 11:06:58.471 +0700] [INFO] [cadence.virtuoso.ade.simulationMonitor] - Peak resident memory used = 109 Mbytes. {"history": "ExplorerRun.0", "point": 1, "testname": "my_lib_ota_amp_tb_1", "cornername": "Nominal"}
[2026-04-19 11:06:58.472 +0700] [INFO] [cadence.virtuoso.ade.simulationMonitor] - Total time required for dc analysis `dcOp': CPU = 1.958 ms, elapsed = 3.01218 ms. {"history": "ExplorerRun.0", "point": 1, "testname": "my_lib_ota_amp_tb_1", "cornername": "Nominal"}
[2026-04-19 11:06:58.472 +0700] [INFO] [cadence.virtuoso.ade.simulationMonitor] - Peak resident memory used = 109 Mbytes. {"history": "ExplorerRun.0", "point": 1, "testname": "my_lib_ota_amp_tb_1", "cornername": "Nominal"}
[2026-04-19 11:06:58.472 +0700] [INFO] [cadence.virtuoso.ade.simulationMonitor] - Time used: CPU = 566 ms, elapsed = 21.3 s, util. = 2.66%. {"history": "ExplorerRun.0", "point": 1, "testname": "my_lib_ota_amp_tb_1", "cornername": "Nominal"}
[2026-04-19 11:06:58.472 +0700] [INFO] [cadence.virtuoso.ade.simulationMonitor] - Time spent in licensing: elapsed = 20.7 s, percentage of total = 97.1%. {"history": "ExplorerRun.0", "point": 1, "testname": "my_lib_ota_amp_tb_1", "cornername": "Nominal"}
[2026-04-19 11:06:58.472 +0700] [INFO] [cadence.virtuoso.ade.simulationMonitor] - Peak memory used = 111 Mbytes. {"history": "ExplorerRun.0", "point": 1, "testname": "my_lib_ota_amp_tb_1", "cornername": "Nominal"}
[2026-04-19 11:06:58.473 +0700] [PROCESS] [cadence.virtuoso.ade.simulationMonitor] - Simulation started at: 11:06:36 AM, Sun Apr 19, 2026, ended at: 11:06:58 AM, Sun Apr 19, 2026, with elapsed time (wall clock): 21.3 s. {"history": "ExplorerRun.0", "point": 1, "testname": "my_lib_ota_amp_tb_1", "cornername": "Nominal"}
[2026-04-19 11:06:58.473 +0700] [PROCESS] [cadence.virtuoso.ade.simulationMonitor] - spectre completes with 0 errors, 0 warnings, and 4 notices. {"history": "ExplorerRun.0", "point": 1, "testname": "my_lib_ota_amp_tb_1", "cornername": "Nominal"}
[2026-04-19 11:06:58.473 +0700] [PROCESS] [cadence.virtuoso.ade.simulationMonitor] - Simulator exited {"hostname": "dtvt_13", "processid": 20834, "history": "ExplorerRun.0", "testname": "my_lib_ota_amp_tb_1", "cornername": "Nominal", "point": 1, "logfile": "/home/dtvt_13/truong/logs_dtvt_13/logs0/Job5.log", "exitStatus": "0"}
[2026-04-19 11:06:58.473 +0700] [PROCESS] [cadence.virtuoso.ade.simulationMonitor] - Finished Simulation {"hostname": "dtvt_13", "processid": 20834, "history": "ExplorerRun.0", "testname": "my_lib_ota_amp_tb_1", "cornername": "Nominal", "point": 1, "logfile": "/home/dtvt_13/truong/logs_dtvt_13/logs0/Job5.log", "simid": "9"}
[2026-04-19 11:06:59.486 +0700] [PROCESS] [cadence.virtuoso.ade.simulationMonitor] - Point Finished {"hostname": "dtvt_13", "processid": 20834, "history": "ExplorerRun.0", "testname": "my_lib_ota_amp_tb_1", "cornername": "Nominal", "point": 1, "logfile": "/home/dtvt_13/truong/logs_dtvt_13/logs0/Job5.log"}
[2026-04-19 11:10:10.925 +0700] [INFO] [cadence.virtuoso.ade.simulationMonitor] - SimulationMonitor has terminated the vds process '28085', reason: 'Force to stop the expression evalutor process because of new run' {"history": "ExplorerRun.0", "point": 1, "testname": "my_lib_ota_amp_tb_1", "cornername": "Nominal"}
[2026-04-19 11:10:10.926 +0700] [PROCESS] [cadence.virtuoso.ade.simulationMonitor] - HostInfo:
Host name (type):	dtvt_13 (x86_64)
Operating system:	Linux 3.10.0-1160.118.1.el7.x86_64 #1 SMP Wed Apr 24 16:01:50 UTC 2024 {"hostname": "dtvt_13", "processid": 20834, "history": "ExplorerRun.0", "testname": "my_lib_ota_amp_tb_1", "cornername": "Nominal", "point": 1, "logfile": "/home/dtvt_13/truong/logs_dtvt_13/logs0/Job5.log", "nodename": "dtvt_13", "domainname": "(none)", "machine": "x86_64", "sysname": "Linux", "release": "3.10.0-1160.118.1.el7.x86_64", "version": "#1 SMP Wed Apr 24 16:01:50 UTC 2024"}
[2026-04-19 11:10:10.926 +0700] [PROCESS] [cadence.virtuoso.ade.simulationMonitor] - UsageInfo:
pid=20834
totalPhysicalMemory=15.208324GB,Used=14.219917GB,totalVirtualMemory=22.895821GB,Used=14.267281GB
Cpu: Cores=24, Load average:0.400000,0.460000,0.450000 {"hostname": "dtvt_13", "processid": 20834, "history": "ExplorerRun.0", "testname": "my_lib_ota_amp_tb_1", "cornername": "Nominal", "point": 1, "logfile": "/home/dtvt_13/truong/logs_dtvt_13/logs0/Job5.log", "pid": "20834", "totalPhysicalMemory": "15.208324", "physicalMemoryUsed": "14.219917", "totalVirtualMemory": "22.895821", "virtualMemoryUsed": "14.267281", "cpuCores": "24", "processes": "2583", "loadAverage1": "0.400000", "loadAverage5": "0.460000", "loadAverage15": "0.450000", "loadAverage1Percent": "0.016667"}
[2026-04-19 11:10:10.927 +0700] [EVENT] [cadence.virtuoso.ade.simulationMonitor] - NewPoint {"history": "ExplorerRun.0", "point": 1, "testname": "my_lib_ota_amp_tb_1", "cornername": "Nominal", "event": "NewPoint", "EventSource": "Simulation Monitor", "HistoryName": "ExplorerRun.0", "logFile": "/home/dtvt_13/truong/logs_dtvt_13/logs0/Job5.log", "logFileSize": "86409"}
[2026-04-19 11:10:11.028 +0700] [EVENT] [cadence.virtuoso.ade.simulationMonitor] - NewPoint {"history": "ExplorerRun.0", "point": 1, "testname": "my_lib_ota_amp_tb_1", "cornername": "Nominal", "event": "NewPoint", "EventSource": "spectre", "HistoryName": "ExplorerRun.0", "logFile": "/home/dtvt_13/simulation/my_lib/ota_amp_tb/maestro/results/maestro/ExplorerRun.0/1/my_lib_ota_amp_tb_1/psf/spectre.out", "logFileSize": "-1"}
[2026-04-19 11:10:11.032 +0700] [PROCESS] [cadence.virtuoso.ade.simulationMonitor] - Simulator launched {"hostname": "dtvt_13", "processid": 20834, "history": "ExplorerRun.0", "testname": "my_lib_ota_amp_tb_1", "cornername": "Nominal", "point": 1, "logfile": "/home/dtvt_13/truong/logs_dtvt_13/logs0/Job5.log", "simid": "10"}
[2026-04-19 11:10:11.037 +0700] [PROCESS] [cadence.virtuoso.ade.simulationMonitor] - Expression evaluator launched {"hostname": "dtvt_13", "processid": 20834, "history": "ExplorerRun.0", "testname": "my_lib_ota_amp_tb_1", "cornername": "Nominal", "point": 1, "logfile": "/home/dtvt_13/truong/logs_dtvt_13/logs0/Job5.log"}
[2026-04-19 11:10:11.044 +0700] [PROCESS] [cadence.virtuoso.ade.simulationMonitor] - Started Simulation {"hostname": "dtvt_13", "processid": 20834, "history": "ExplorerRun.0", "testname": "my_lib_ota_amp_tb_1", "cornername": "Nominal", "point": 1, "logfile": "/home/dtvt_13/truong/logs_dtvt_13/logs0/Job5.log"}
[2026-04-19 11:10:32.401 +0700] [INFO] [cadence.virtuoso.ade.simulationMonitor] - Peak resident memory used = 95.6 Mbytes. {"history": "ExplorerRun.0", "point": 1, "testname": "my_lib_ota_amp_tb_1", "cornername": "Nominal"}
[2026-04-19 11:10:32.401 +0700] [INFO] [cadence.virtuoso.ade.simulationMonitor] - Peak resident memory used = 104 Mbytes. {"history": "ExplorerRun.0", "point": 1, "testname": "my_lib_ota_amp_tb_1", "cornername": "Nominal"}
[2026-04-19 11:10:32.401 +0700] [INFO] [cadence.virtuoso.ade.simulationMonitor] - Notice from spectre during hierarchy flattening.
    The value 'psf' specified for the 'checklimitdest' option will no longer be supported in future releases. Use 'spectre -h' to see other recommended values for the 'checklimitdest' option. {"history": "ExplorerRun.0", "point": 1, "testname": "my_lib_ota_amp_tb_1", "cornername": "Nominal"}
[2026-04-19 11:10:32.401 +0700] [INFO] [cadence.virtuoso.ade.simulationMonitor] - Peak resident memory used = 105 Mbytes. {"history": "ExplorerRun.0", "point": 1, "testname": "my_lib_ota_amp_tb_1", "cornername": "Nominal"}
[2026-04-19 11:10:32.401 +0700] [INFO] [cadence.virtuoso.ade.simulationMonitor] - Notice from spectre during initial setup.
    Multithreading is disabled due to the size of the design being too small. {"history": "ExplorerRun.0", "point": 1, "testname": "my_lib_ota_amp_tb_1", "cornername": "Nominal"}
[2026-04-19 11:10:32.402 +0700] [INFO] [cadence.virtuoso.ade.simulationMonitor] -               nodes 43 {"history": "ExplorerRun.0", "point": 1, "testname": "my_lib_ota_amp_tb_1", "cornername": "Nominal"}
[2026-04-19 11:10:32.402 +0700] [INFO] [cadence.virtuoso.ade.simulationMonitor] - Notice from spectre during initial setup.
    APS enabled. {"history": "ExplorerRun.0", "point": 1, "testname": "my_lib_ota_amp_tb_1", "cornername": "Nominal"}
[2026-04-19 11:10:32.402 +0700] [INFO] [cadence.virtuoso.ade.simulationMonitor] - Peak resident memory used = 107 Mbytes. {"history": "ExplorerRun.0", "point": 1, "testname": "my_lib_ota_amp_tb_1", "cornername": "Nominal"}
[2026-04-19 11:10:32.402 +0700] [INFO] [cadence.virtuoso.ade.simulationMonitor] -    -   (APS) Multi-threading. The recommended number of threads is 1, consider adding +mt=1 on command line. {"history": "ExplorerRun.0", "point": 1, "testname": "my_lib_ota_amp_tb_1", "cornername": "Nominal"}
[2026-04-19 11:10:32.402 +0700] [INFO] [cadence.virtuoso.ade.simulationMonitor] - Total time required for ac analysis `ac': CPU = 4.008 ms, elapsed = 5.00607 ms. {"history": "ExplorerRun.0", "point": 1, "testname": "my_lib_ota_amp_tb_1", "cornername": "Nominal"}
[2026-04-19 11:10:32.402 +0700] [INFO] [cadence.virtuoso.ade.simulationMonitor] - Peak resident memory used = 109 Mbytes. {"history": "ExplorerRun.0", "point": 1, "testname": "my_lib_ota_amp_tb_1", "cornername": "Nominal"}
[2026-04-19 11:10:32.402 +0700] [INFO] [cadence.virtuoso.ade.simulationMonitor] - Total time required for dc analysis `dcOp': CPU = 1.208 ms, elapsed = 2.21014 ms. {"history": "ExplorerRun.0", "point": 1, "testname": "my_lib_ota_amp_tb_1", "cornername": "Nominal"}
[2026-04-19 11:10:32.402 +0700] [INFO] [cadence.virtuoso.ade.simulationMonitor] - Peak resident memory used = 109 Mbytes. {"history": "ExplorerRun.0", "point": 1, "testname": "my_lib_ota_amp_tb_1", "cornername": "Nominal"}
[2026-04-19 11:10:32.402 +0700] [INFO] [cadence.virtuoso.ade.simulationMonitor] - Time used: CPU = 535 ms, elapsed = 20.9 s, util. = 2.56%. {"history": "ExplorerRun.0", "point": 1, "testname": "my_lib_ota_amp_tb_1", "cornername": "Nominal"}
[2026-04-19 11:10:32.402 +0700] [INFO] [cadence.virtuoso.ade.simulationMonitor] - Time spent in licensing: elapsed = 20.4 s, percentage of total = 97.3%. {"history": "ExplorerRun.0", "point": 1, "testname": "my_lib_ota_amp_tb_1", "cornername": "Nominal"}
[2026-04-19 11:10:32.402 +0700] [INFO] [cadence.virtuoso.ade.simulationMonitor] - Peak memory used = 111 Mbytes. {"history": "ExplorerRun.0", "point": 1, "testname": "my_lib_ota_amp_tb_1", "cornername": "Nominal"}
[2026-04-19 11:10:32.402 +0700] [PROCESS] [cadence.virtuoso.ade.simulationMonitor] - Simulation started at: 11:10:11 AM, Sun Apr 19, 2026, ended at: 11:10:32 AM, Sun Apr 19, 2026, with elapsed time (wall clock): 20.9 s. {"history": "ExplorerRun.0", "point": 1, "testname": "my_lib_ota_amp_tb_1", "cornername": "Nominal"}
[2026-04-19 11:10:32.402 +0700] [PROCESS] [cadence.virtuoso.ade.simulationMonitor] - spectre completes with 0 errors, 0 warnings, and 4 notices. {"history": "ExplorerRun.0", "point": 1, "testname": "my_lib_ota_amp_tb_1", "cornername": "Nominal"}
[2026-04-19 11:10:32.903 +0700] [PROCESS] [cadence.virtuoso.ade.simulationMonitor] - Finished simulating for one point {"hostname": "dtvt_13", "processid": 20834, "history": "ExplorerRun.0", "testname": "my_lib_ota_amp_tb_1", "cornername": "Nominal", "point": 1, "logfile": "/home/dtvt_13/truong/logs_dtvt_13/logs0/Job5.log", "simid": "10"}
[2026-04-19 11:10:32.903 +0700] [PROCESS] [cadence.virtuoso.ade.simulationMonitor] - Simulator exited {"hostname": "dtvt_13", "processid": 20834, "history": "ExplorerRun.0", "testname": "my_lib_ota_amp_tb_1", "cornername": "Nominal", "point": 1, "logfile": "/home/dtvt_13/truong/logs_dtvt_13/logs0/Job5.log", "exitStatus": "0"}
[2026-04-19 11:10:32.903 +0700] [PROCESS] [cadence.virtuoso.ade.simulationMonitor] - Finished Simulation {"hostname": "dtvt_13", "processid": 20834, "history": "ExplorerRun.0", "testname": "my_lib_ota_amp_tb_1", "cornername": "Nominal", "point": 1, "logfile": "/home/dtvt_13/truong/logs_dtvt_13/logs0/Job5.log", "simid": "10"}
[2026-04-19 11:10:33.417 +0700] [PROCESS] [cadence.virtuoso.ade.simulationMonitor] - Point Finished {"hostname": "dtvt_13", "processid": 20834, "history": "ExplorerRun.0", "testname": "my_lib_ota_amp_tb_1", "cornername": "Nominal", "point": 1, "logfile": "/home/dtvt_13/truong/logs_dtvt_13/logs0/Job5.log"}
[2026-04-19 11:11:59.903 +0700] [INFO] [cadence.virtuoso.ade.simulationMonitor] - SimulationMonitor has terminated the vds process '29536', reason: 'Force to stop the expression evalutor process because of new run' {"history": "ExplorerRun.0", "point": 1, "testname": "my_lib_ota_amp_tb_1", "cornername": "Nominal"}
[2026-04-19 11:11:59.903 +0700] [PROCESS] [cadence.virtuoso.ade.simulationMonitor] - HostInfo:
Host name (type):	dtvt_13 (x86_64)
Operating system:	Linux 3.10.0-1160.118.1.el7.x86_64 #1 SMP Wed Apr 24 16:01:50 UTC 2024 {"hostname": "dtvt_13", "processid": 20834, "history": "ExplorerRun.0", "testname": "my_lib_ota_amp_tb_1", "cornername": "Nominal", "point": 1, "logfile": "/home/dtvt_13/truong/logs_dtvt_13/logs0/Job5.log", "nodename": "dtvt_13", "domainname": "(none)", "machine": "x86_64", "sysname": "Linux", "release": "3.10.0-1160.118.1.el7.x86_64", "version": "#1 SMP Wed Apr 24 16:01:50 UTC 2024"}
[2026-04-19 11:11:59.903 +0700] [PROCESS] [cadence.virtuoso.ade.simulationMonitor] - UsageInfo:
pid=20834
totalPhysicalMemory=15.208324GB,Used=14.222889GB,totalVirtualMemory=22.895821GB,Used=14.270252GB
Cpu: Cores=24, Load average:0.440000,0.480000,0.460000 {"hostname": "dtvt_13", "processid": 20834, "history": "ExplorerRun.0", "testname": "my_lib_ota_amp_tb_1", "cornername": "Nominal", "point": 1, "logfile": "/home/dtvt_13/truong/logs_dtvt_13/logs0/Job5.log", "pid": "20834", "totalPhysicalMemory": "15.208324", "physicalMemoryUsed": "14.222889", "totalVirtualMemory": "22.895821", "virtualMemoryUsed": "14.270252", "cpuCores": "24", "processes": "2576", "loadAverage1": "0.440000", "loadAverage5": "0.480000", "loadAverage15": "0.460000", "loadAverage1Percent": "0.018333"}
[2026-04-19 11:11:59.904 +0700] [EVENT] [cadence.virtuoso.ade.simulationMonitor] - NewPoint {"history": "ExplorerRun.0", "point": 1, "testname": "my_lib_ota_amp_tb_1", "cornername": "Nominal", "event": "NewPoint", "EventSource": "Simulation Monitor", "HistoryName": "ExplorerRun.0", "logFile": "/home/dtvt_13/truong/logs_dtvt_13/logs0/Job5.log", "logFileSize": "95781"}
[2026-04-19 11:12:00.004 +0700] [EVENT] [cadence.virtuoso.ade.simulationMonitor] - NewPoint {"history": "ExplorerRun.0", "point": 1, "testname": "my_lib_ota_amp_tb_1", "cornername": "Nominal", "event": "NewPoint", "EventSource": "spectre", "HistoryName": "ExplorerRun.0", "logFile": "/home/dtvt_13/simulation/my_lib/ota_amp_tb/maestro/results/maestro/ExplorerRun.0/1/my_lib_ota_amp_tb_1/psf/spectre.out", "logFileSize": "-1"}
[2026-04-19 11:12:00.010 +0700] [PROCESS] [cadence.virtuoso.ade.simulationMonitor] - Simulator launched {"hostname": "dtvt_13", "processid": 20834, "history": "ExplorerRun.0", "testname": "my_lib_ota_amp_tb_1", "cornername": "Nominal", "point": 1, "logfile": "/home/dtvt_13/truong/logs_dtvt_13/logs0/Job5.log", "simid": "11"}
[2026-04-19 11:12:00.014 +0700] [PROCESS] [cadence.virtuoso.ade.simulationMonitor] - Expression evaluator launched {"hostname": "dtvt_13", "processid": 20834, "history": "ExplorerRun.0", "testname": "my_lib_ota_amp_tb_1", "cornername": "Nominal", "point": 1, "logfile": "/home/dtvt_13/truong/logs_dtvt_13/logs0/Job5.log"}
[2026-04-19 11:12:00.018 +0700] [PROCESS] [cadence.virtuoso.ade.simulationMonitor] - Started Simulation {"hostname": "dtvt_13", "processid": 20834, "history": "ExplorerRun.0", "testname": "my_lib_ota_amp_tb_1", "cornername": "Nominal", "point": 1, "logfile": "/home/dtvt_13/truong/logs_dtvt_13/logs0/Job5.log"}
[2026-04-19 11:12:21.888 +0700] [PROCESS] [cadence.virtuoso.ade.simulationMonitor] - Finished simulating for one point {"hostname": "dtvt_13", "processid": 20834, "history": "ExplorerRun.0", "testname": "my_lib_ota_amp_tb_1", "cornername": "Nominal", "point": 1, "logfile": "/home/dtvt_13/truong/logs_dtvt_13/logs0/Job5.log", "simid": "11"}
[2026-04-19 11:12:21.889 +0700] [INFO] [cadence.virtuoso.ade.simulationMonitor] - Peak resident memory used = 95.6 Mbytes. {"history": "ExplorerRun.0", "point": 1, "testname": "my_lib_ota_amp_tb_1", "cornername": "Nominal"}
[2026-04-19 11:12:21.889 +0700] [INFO] [cadence.virtuoso.ade.simulationMonitor] - Peak resident memory used = 104 Mbytes. {"history": "ExplorerRun.0", "point": 1, "testname": "my_lib_ota_amp_tb_1", "cornername": "Nominal"}
[2026-04-19 11:12:21.889 +0700] [INFO] [cadence.virtuoso.ade.simulationMonitor] - Notice from spectre during hierarchy flattening.
    The value 'psf' specified for the 'checklimitdest' option will no longer be supported in future releases. Use 'spectre -h' to see other recommended values for the 'checklimitdest' option. {"history": "ExplorerRun.0", "point": 1, "testname": "my_lib_ota_amp_tb_1", "cornername": "Nominal"}
[2026-04-19 11:12:21.889 +0700] [INFO] [cadence.virtuoso.ade.simulationMonitor] - Peak resident memory used = 105 Mbytes. {"history": "ExplorerRun.0", "point": 1, "testname": "my_lib_ota_amp_tb_1", "cornername": "Nominal"}
[2026-04-19 11:12:21.889 +0700] [INFO] [cadence.virtuoso.ade.simulationMonitor] - Notice from spectre during initial setup.
    Multithreading is disabled due to the size of the design being too small. {"history": "ExplorerRun.0", "point": 1, "testname": "my_lib_ota_amp_tb_1", "cornername": "Nominal"}
[2026-04-19 11:12:21.889 +0700] [INFO] [cadence.virtuoso.ade.simulationMonitor] -               nodes 43 {"history": "ExplorerRun.0", "point": 1, "testname": "my_lib_ota_amp_tb_1", "cornername": "Nominal"}
[2026-04-19 11:12:21.890 +0700] [INFO] [cadence.virtuoso.ade.simulationMonitor] - Notice from spectre during initial setup.
    APS enabled. {"history": "ExplorerRun.0", "point": 1, "testname": "my_lib_ota_amp_tb_1", "cornername": "Nominal"}
[2026-04-19 11:12:21.890 +0700] [INFO] [cadence.virtuoso.ade.simulationMonitor] - Peak resident memory used = 107 Mbytes. {"history": "ExplorerRun.0", "point": 1, "testname": "my_lib_ota_amp_tb_1", "cornername": "Nominal"}
[2026-04-19 11:12:21.890 +0700] [INFO] [cadence.virtuoso.ade.simulationMonitor] -    -   (APS) Multi-threading. The recommended number of threads is 1, consider adding +mt=1 on command line. {"history": "ExplorerRun.0", "point": 1, "testname": "my_lib_ota_amp_tb_1", "cornername": "Nominal"}
[2026-04-19 11:12:21.890 +0700] [INFO] [cadence.virtuoso.ade.simulationMonitor] - Total time required for ac analysis `ac': CPU = 2.297 ms, elapsed = 3.196 ms. {"history": "ExplorerRun.0", "point": 1, "testname": "my_lib_ota_amp_tb_1", "cornername": "Nominal"}
[2026-04-19 11:12:21.890 +0700] [INFO] [cadence.virtuoso.ade.simulationMonitor] - Peak resident memory used = 109 Mbytes. {"history": "ExplorerRun.0", "point": 1, "testname": "my_lib_ota_amp_tb_1", "cornername": "Nominal"}
[2026-04-19 11:12:21.890 +0700] [INFO] [cadence.virtuoso.ade.simulationMonitor] - Total time required for dc analysis `dcOp': CPU = 704 us, elapsed = 1.60885 ms. {"history": "ExplorerRun.0", "point": 1, "testname": "my_lib_ota_amp_tb_1", "cornername": "Nominal"}
[2026-04-19 11:12:21.890 +0700] [INFO] [cadence.virtuoso.ade.simulationMonitor] - Peak resident memory used = 109 Mbytes. {"history": "ExplorerRun.0", "point": 1, "testname": "my_lib_ota_amp_tb_1", "cornername": "Nominal"}
[2026-04-19 11:12:21.890 +0700] [INFO] [cadence.virtuoso.ade.simulationMonitor] - Time used: CPU = 719 ms, elapsed = 21.2 s, util. = 3.4%. {"history": "ExplorerRun.0", "point": 1, "testname": "my_lib_ota_amp_tb_1", "cornername": "Nominal"}
[2026-04-19 11:12:21.890 +0700] [INFO] [cadence.virtuoso.ade.simulationMonitor] - Time spent in licensing: elapsed = 20.4 s, percentage of total = 96.3%. {"history": "ExplorerRun.0", "point": 1, "testname": "my_lib_ota_amp_tb_1", "cornername": "Nominal"}
[2026-04-19 11:12:21.890 +0700] [INFO] [cadence.virtuoso.ade.simulationMonitor] - Peak memory used = 111 Mbytes. {"history": "ExplorerRun.0", "point": 1, "testname": "my_lib_ota_amp_tb_1", "cornername": "Nominal"}
[2026-04-19 11:12:21.890 +0700] [PROCESS] [cadence.virtuoso.ade.simulationMonitor] - Simulation started at: 11:12:00 AM, Sun Apr 19, 2026, ended at: 11:12:21 AM, Sun Apr 19, 2026, with elapsed time (wall clock): 21.2 s. {"history": "ExplorerRun.0", "point": 1, "testname": "my_lib_ota_amp_tb_1", "cornername": "Nominal"}
[2026-04-19 11:12:21.890 +0700] [PROCESS] [cadence.virtuoso.ade.simulationMonitor] - spectre completes with 0 errors, 0 warnings, and 4 notices. {"history": "ExplorerRun.0", "point": 1, "testname": "my_lib_ota_amp_tb_1", "cornername": "Nominal"}
[2026-04-19 11:12:21.890 +0700] [PROCESS] [cadence.virtuoso.ade.simulationMonitor] - Simulator exited {"hostname": "dtvt_13", "processid": 20834, "history": "ExplorerRun.0", "testname": "my_lib_ota_amp_tb_1", "cornername": "Nominal", "point": 1, "logfile": "/home/dtvt_13/truong/logs_dtvt_13/logs0/Job5.log", "exitStatus": "0"}
[2026-04-19 11:12:21.890 +0700] [PROCESS] [cadence.virtuoso.ade.simulationMonitor] - Finished Simulation {"hostname": "dtvt_13", "processid": 20834, "history": "ExplorerRun.0", "testname": "my_lib_ota_amp_tb_1", "cornername": "Nominal", "point": 1, "logfile": "/home/dtvt_13/truong/logs_dtvt_13/logs0/Job5.log", "simid": "11"}
[2026-04-19 11:12:22.395 +0700] [PROCESS] [cadence.virtuoso.ade.simulationMonitor] - Point Finished {"hostname": "dtvt_13", "processid": 20834, "history": "ExplorerRun.0", "testname": "my_lib_ota_amp_tb_1", "cornername": "Nominal", "point": 1, "logfile": "/home/dtvt_13/truong/logs_dtvt_13/logs0/Job5.log"}
[2026-04-19 11:14:53.462 +0700] [INFO] [cadence.virtuoso.ade.simulationMonitor] - SimulationMonitor has terminated the vds process '30373', reason: 'Force to stop the expression evalutor process because of new run' {"history": "ExplorerRun.0", "point": 1, "testname": "my_lib_ota_amp_tb_1", "cornername": "Nominal"}
[2026-04-19 11:14:53.462 +0700] [PROCESS] [cadence.virtuoso.ade.simulationMonitor] - HostInfo:
Host name (type):	dtvt_13 (x86_64)
Operating system:	Linux 3.10.0-1160.118.1.el7.x86_64 #1 SMP Wed Apr 24 16:01:50 UTC 2024 {"hostname": "dtvt_13", "processid": 20834, "history": "ExplorerRun.0", "testname": "my_lib_ota_amp_tb_1", "cornername": "Nominal", "point": 1, "logfile": "/home/dtvt_13/truong/logs_dtvt_13/logs0/Job5.log", "nodename": "dtvt_13", "domainname": "(none)", "machine": "x86_64", "sysname": "Linux", "release": "3.10.0-1160.118.1.el7.x86_64", "version": "#1 SMP Wed Apr 24 16:01:50 UTC 2024"}
[2026-04-19 11:14:53.462 +0700] [PROCESS] [cadence.virtuoso.ade.simulationMonitor] - UsageInfo:
pid=20834
totalPhysicalMemory=15.208324GB,Used=14.279850GB,totalVirtualMemory=22.895821GB,Used=14.327213GB
Cpu: Cores=24, Load average:0.620000,0.430000,0.440000 {"hostname": "dtvt_13", "processid": 20834, "history": "ExplorerRun.0", "testname": "my_lib_ota_amp_tb_1", "cornername": "Nominal", "point": 1, "logfile": "/home/dtvt_13/truong/logs_dtvt_13/logs0/Job5.log", "pid": "20834", "totalPhysicalMemory": "15.208324", "physicalMemoryUsed": "14.279850", "totalVirtualMemory": "22.895821", "virtualMemoryUsed": "14.327213", "cpuCores": "24", "processes": "2581", "loadAverage1": "0.620000", "loadAverage5": "0.430000", "loadAverage15": "0.440000", "loadAverage1Percent": "0.025833"}
[2026-04-19 11:14:53.463 +0700] [EVENT] [cadence.virtuoso.ade.simulationMonitor] - NewPoint {"history": "ExplorerRun.0", "point": 1, "testname": "my_lib_ota_amp_tb_1", "cornername": "Nominal", "event": "NewPoint", "EventSource": "Simulation Monitor", "HistoryName": "ExplorerRun.0", "logFile": "/home/dtvt_13/truong/logs_dtvt_13/logs0/Job5.log", "logFileSize": "105148"}
[2026-04-19 11:14:53.563 +0700] [EVENT] [cadence.virtuoso.ade.simulationMonitor] - NewPoint {"history": "ExplorerRun.0", "point": 1, "testname": "my_lib_ota_amp_tb_1", "cornername": "Nominal", "event": "NewPoint", "EventSource": "spectre", "HistoryName": "ExplorerRun.0", "logFile": "/home/dtvt_13/simulation/my_lib/ota_amp_tb/maestro/results/maestro/ExplorerRun.0/1/my_lib_ota_amp_tb_1/psf/spectre.out", "logFileSize": "-1"}
[2026-04-19 11:14:53.568 +0700] [PROCESS] [cadence.virtuoso.ade.simulationMonitor] - Simulator launched {"hostname": "dtvt_13", "processid": 20834, "history": "ExplorerRun.0", "testname": "my_lib_ota_amp_tb_1", "cornername": "Nominal", "point": 1, "logfile": "/home/dtvt_13/truong/logs_dtvt_13/logs0/Job5.log", "simid": "12"}
[2026-04-19 11:14:53.573 +0700] [PROCESS] [cadence.virtuoso.ade.simulationMonitor] - Expression evaluator launched {"hostname": "dtvt_13", "processid": 20834, "history": "ExplorerRun.0", "testname": "my_lib_ota_amp_tb_1", "cornername": "Nominal", "point": 1, "logfile": "/home/dtvt_13/truong/logs_dtvt_13/logs0/Job5.log"}
[2026-04-19 11:14:53.579 +0700] [PROCESS] [cadence.virtuoso.ade.simulationMonitor] - Started Simulation {"hostname": "dtvt_13", "processid": 20834, "history": "ExplorerRun.0", "testname": "my_lib_ota_amp_tb_1", "cornername": "Nominal", "point": 1, "logfile": "/home/dtvt_13/truong/logs_dtvt_13/logs0/Job5.log"}
[2026-04-19 11:15:14.990 +0700] [PROCESS] [cadence.virtuoso.ade.simulationMonitor] - Finished simulating for one point {"hostname": "dtvt_13", "processid": 20834, "history": "ExplorerRun.0", "testname": "my_lib_ota_amp_tb_1", "cornername": "Nominal", "point": 1, "logfile": "/home/dtvt_13/truong/logs_dtvt_13/logs0/Job5.log", "simid": "12"}
[2026-04-19 11:15:14.990 +0700] [INFO] [cadence.virtuoso.ade.simulationMonitor] - Peak resident memory used = 95.6 Mbytes. {"history": "ExplorerRun.0", "point": 1, "testname": "my_lib_ota_amp_tb_1", "cornername": "Nominal"}
[2026-04-19 11:15:14.991 +0700] [INFO] [cadence.virtuoso.ade.simulationMonitor] - Peak resident memory used = 104 Mbytes. {"history": "ExplorerRun.0", "point": 1, "testname": "my_lib_ota_amp_tb_1", "cornername": "Nominal"}
[2026-04-19 11:15:14.991 +0700] [INFO] [cadence.virtuoso.ade.simulationMonitor] - Notice from spectre during hierarchy flattening.
    The value 'psf' specified for the 'checklimitdest' option will no longer be supported in future releases. Use 'spectre -h' to see other recommended values for the 'checklimitdest' option. {"history": "ExplorerRun.0", "point": 1, "testname": "my_lib_ota_amp_tb_1", "cornername": "Nominal"}
[2026-04-19 11:15:14.992 +0700] [INFO] [cadence.virtuoso.ade.simulationMonitor] - Peak resident memory used = 105 Mbytes. {"history": "ExplorerRun.0", "point": 1, "testname": "my_lib_ota_amp_tb_1", "cornername": "Nominal"}
[2026-04-19 11:15:14.992 +0700] [INFO] [cadence.virtuoso.ade.simulationMonitor] - Notice from spectre during initial setup.
    Multithreading is disabled due to the size of the design being too small. {"history": "ExplorerRun.0", "point": 1, "testname": "my_lib_ota_amp_tb_1", "cornername": "Nominal"}
[2026-04-19 11:15:14.993 +0700] [INFO] [cadence.virtuoso.ade.simulationMonitor] -               nodes 43 {"history": "ExplorerRun.0", "point": 1, "testname": "my_lib_ota_amp_tb_1", "cornername": "Nominal"}
[2026-04-19 11:15:14.993 +0700] [INFO] [cadence.virtuoso.ade.simulationMonitor] - Notice from spectre during initial setup.
    APS enabled. {"history": "ExplorerRun.0", "point": 1, "testname": "my_lib_ota_amp_tb_1", "cornername": "Nominal"}
[2026-04-19 11:15:14.994 +0700] [INFO] [cadence.virtuoso.ade.simulationMonitor] - Peak resident memory used = 107 Mbytes. {"history": "ExplorerRun.0", "point": 1, "testname": "my_lib_ota_amp_tb_1", "cornername": "Nominal"}
[2026-04-19 11:15:14.994 +0700] [INFO] [cadence.virtuoso.ade.simulationMonitor] -    -   (APS) Multi-threading. The recommended number of threads is 1, consider adding +mt=1 on command line. {"history": "ExplorerRun.0", "point": 1, "testname": "my_lib_ota_amp_tb_1", "cornername": "Nominal"}
[2026-04-19 11:15:14.994 +0700] [INFO] [cadence.virtuoso.ade.simulationMonitor] - Total time required for ac analysis `ac': CPU = 6.043 ms, elapsed = 7.0641 ms. {"history": "ExplorerRun.0", "point": 1, "testname": "my_lib_ota_amp_tb_1", "cornername": "Nominal"}
[2026-04-19 11:15:14.994 +0700] [INFO] [cadence.virtuoso.ade.simulationMonitor] - Peak resident memory used = 109 Mbytes. {"history": "ExplorerRun.0", "point": 1, "testname": "my_lib_ota_amp_tb_1", "cornername": "Nominal"}
[2026-04-19 11:15:14.995 +0700] [INFO] [cadence.virtuoso.ade.simulationMonitor] - Total time required for dc analysis `dcOp': CPU = 1.252 ms, elapsed = 2.18511 ms. {"history": "ExplorerRun.0", "point": 1, "testname": "my_lib_ota_amp_tb_1", "cornername": "Nominal"}
[2026-04-19 11:15:14.995 +0700] [INFO] [cadence.virtuoso.ade.simulationMonitor] - Peak resident memory used = 109 Mbytes. {"history": "ExplorerRun.0", "point": 1, "testname": "my_lib_ota_amp_tb_1", "cornername": "Nominal"}
[2026-04-19 11:15:14.995 +0700] [INFO] [cadence.virtuoso.ade.simulationMonitor] - Time used: CPU = 512 ms, elapsed = 20.8 s, util. = 2.45%. {"history": "ExplorerRun.0", "point": 1, "testname": "my_lib_ota_amp_tb_1", "cornername": "Nominal"}
[2026-04-19 11:15:14.996 +0700] [INFO] [cadence.virtuoso.ade.simulationMonitor] - Time spent in licensing: elapsed = 20.3 s, percentage of total = 97.3%. {"history": "ExplorerRun.0", "point": 1, "testname": "my_lib_ota_amp_tb_1", "cornername": "Nominal"}
[2026-04-19 11:15:14.996 +0700] [INFO] [cadence.virtuoso.ade.simulationMonitor] - Peak memory used = 111 Mbytes. {"history": "ExplorerRun.0", "point": 1, "testname": "my_lib_ota_amp_tb_1", "cornername": "Nominal"}
[2026-04-19 11:15:14.996 +0700] [PROCESS] [cadence.virtuoso.ade.simulationMonitor] - Simulation started at: 11:14:53 AM, Sun Apr 19, 2026, ended at: 11:15:14 AM, Sun Apr 19, 2026, with elapsed time (wall clock): 20.8 s. {"history": "ExplorerRun.0", "point": 1, "testname": "my_lib_ota_amp_tb_1", "cornername": "Nominal"}
[2026-04-19 11:15:14.997 +0700] [PROCESS] [cadence.virtuoso.ade.simulationMonitor] - spectre completes with 0 errors, 0 warnings, and 4 notices. {"history": "ExplorerRun.0", "point": 1, "testname": "my_lib_ota_amp_tb_1", "cornername": "Nominal"}
[2026-04-19 11:15:14.997 +0700] [PROCESS] [cadence.virtuoso.ade.simulationMonitor] - Simulator exited {"hostname": "dtvt_13", "processid": 20834, "history": "ExplorerRun.0", "testname": "my_lib_ota_amp_tb_1", "cornername": "Nominal", "point": 1, "logfile": "/home/dtvt_13/truong/logs_dtvt_13/logs0/Job5.log", "exitStatus": "0"}
[2026-04-19 11:15:14.997 +0700] [PROCESS] [cadence.virtuoso.ade.simulationMonitor] - Finished Simulation {"hostname": "dtvt_13", "processid": 20834, "history": "ExplorerRun.0", "testname": "my_lib_ota_amp_tb_1", "cornername": "Nominal", "point": 1, "logfile": "/home/dtvt_13/truong/logs_dtvt_13/logs0/Job5.log", "simid": "12"}
[2026-04-19 11:15:15.512 +0700] [PROCESS] [cadence.virtuoso.ade.simulationMonitor] - Point Finished {"hostname": "dtvt_13", "processid": 20834, "history": "ExplorerRun.0", "testname": "my_lib_ota_amp_tb_1", "cornername": "Nominal", "point": 1, "logfile": "/home/dtvt_13/truong/logs_dtvt_13/logs0/Job5.log"}
[2026-04-19 11:15:16.520 +0700] [PROCESS] [cadence.virtuoso.ade.simulationMonitor] - Stay with the runId '27', Linger time '300', currentRunSyn '55', currentTestSyn '55' {"hostname": "dtvt_13", "processid": 20834, "history": "ExplorerRun.0", "testname": "my_lib_ota_amp_tb_1", "cornername": "Nominal", "point": 1, "logfile": "/home/dtvt_13/truong/logs_dtvt_13/logs0/Job5.log"}
[2026-04-19 11:15:44.276 +0700] [INFO] [cadence.virtuoso.ade.simulationMonitor] - SimulationMonitor has terminated the vds process '31450', reason: 'Force to stop the expression evalutor process because of new run' {"history": "ExplorerRun.0", "point": 1, "testname": "my_lib_ota_amp_tb_1", "cornername": "Nominal"}
[2026-04-19 11:15:44.277 +0700] [PROCESS] [cadence.virtuoso.ade.simulationMonitor] - HostInfo:
Host name (type):	dtvt_13 (x86_64)
Operating system:	Linux 3.10.0-1160.118.1.el7.x86_64 #1 SMP Wed Apr 24 16:01:50 UTC 2024 {"hostname": "dtvt_13", "processid": 20834, "history": "ExplorerRun.0", "testname": "my_lib_ota_amp_tb_1", "cornername": "Nominal", "point": 1, "logfile": "/home/dtvt_13/truong/logs_dtvt_13/logs0/Job5.log", "nodename": "dtvt_13", "domainname": "(none)", "machine": "x86_64", "sysname": "Linux", "release": "3.10.0-1160.118.1.el7.x86_64", "version": "#1 SMP Wed Apr 24 16:01:50 UTC 2024"}
[2026-04-19 11:15:44.277 +0700] [PROCESS] [cadence.virtuoso.ade.simulationMonitor] - UsageInfo:
pid=20834
totalPhysicalMemory=15.208324GB,Used=14.284885GB,totalVirtualMemory=22.895821GB,Used=14.332249GB
Cpu: Cores=24, Load average:0.270000,0.360000,0.410000 {"hostname": "dtvt_13", "processid": 20834, "history": "ExplorerRun.0", "testname": "my_lib_ota_amp_tb_1", "cornername": "Nominal", "point": 1, "logfile": "/home/dtvt_13/truong/logs_dtvt_13/logs0/Job5.log", "pid": "20834", "totalPhysicalMemory": "15.208324", "physicalMemoryUsed": "14.284885", "totalVirtualMemory": "22.895821", "virtualMemoryUsed": "14.332249", "cpuCores": "24", "processes": "2604", "loadAverage1": "0.270000", "loadAverage5": "0.360000", "loadAverage15": "0.410000", "loadAverage1Percent": "0.011250"}
[2026-04-19 11:15:44.278 +0700] [EVENT] [cadence.virtuoso.ade.simulationMonitor] - NewPoint {"history": "ExplorerRun.0", "point": 1, "testname": "my_lib_ota_amp_tb_1", "cornername": "Nominal", "event": "NewPoint", "EventSource": "Simulation Monitor", "HistoryName": "ExplorerRun.0", "logFile": "/home/dtvt_13/truong/logs_dtvt_13/logs0/Job5.log", "logFileSize": "114897"}
[2026-04-19 11:15:44.378 +0700] [EVENT] [cadence.virtuoso.ade.simulationMonitor] - NewPoint {"history": "ExplorerRun.0", "point": 1, "testname": "my_lib_ota_amp_tb_1", "cornername": "Nominal", "event": "NewPoint", "EventSource": "spectre", "HistoryName": "ExplorerRun.0", "logFile": "/home/dtvt_13/simulation/my_lib/ota_amp_tb/maestro/results/maestro/ExplorerRun.0/1/my_lib_ota_amp_tb_1/psf/spectre.out", "logFileSize": "-1"}
[2026-04-19 11:15:44.383 +0700] [PROCESS] [cadence.virtuoso.ade.simulationMonitor] - Simulator launched {"hostname": "dtvt_13", "processid": 20834, "history": "ExplorerRun.0", "testname": "my_lib_ota_amp_tb_1", "cornername": "Nominal", "point": 1, "logfile": "/home/dtvt_13/truong/logs_dtvt_13/logs0/Job5.log", "simid": "13"}
[2026-04-19 11:15:44.384 +0700] [PROCESS] [cadence.virtuoso.ade.simulationMonitor] - Expression evaluator launched {"hostname": "dtvt_13", "processid": 20834, "history": "ExplorerRun.0", "testname": "my_lib_ota_amp_tb_1", "cornername": "Nominal", "point": 1, "logfile": "/home/dtvt_13/truong/logs_dtvt_13/logs0/Job5.log"}
[2026-04-19 11:15:44.389 +0700] [PROCESS] [cadence.virtuoso.ade.simulationMonitor] - Started Simulation {"hostname": "dtvt_13", "processid": 20834, "history": "ExplorerRun.0", "testname": "my_lib_ota_amp_tb_1", "cornername": "Nominal", "point": 1, "logfile": "/home/dtvt_13/truong/logs_dtvt_13/logs0/Job5.log"}
[2026-04-19 11:16:05.283 +0700] [INFO] [cadence.virtuoso.ade.simulationMonitor] - Peak resident memory used = 95.6 Mbytes. {"history": "ExplorerRun.0", "point": 1, "testname": "my_lib_ota_amp_tb_1", "cornername": "Nominal"}
[2026-04-19 11:16:05.283 +0700] [INFO] [cadence.virtuoso.ade.simulationMonitor] - Peak resident memory used = 104 Mbytes. {"history": "ExplorerRun.0", "point": 1, "testname": "my_lib_ota_amp_tb_1", "cornername": "Nominal"}
[2026-04-19 11:16:05.284 +0700] [INFO] [cadence.virtuoso.ade.simulationMonitor] - Notice from spectre during hierarchy flattening.
    The value 'psf' specified for the 'checklimitdest' option will no longer be supported in future releases. Use 'spectre -h' to see other recommended values for the 'checklimitdest' option. {"history": "ExplorerRun.0", "point": 1, "testname": "my_lib_ota_amp_tb_1", "cornername": "Nominal"}
[2026-04-19 11:16:05.284 +0700] [INFO] [cadence.virtuoso.ade.simulationMonitor] - Peak resident memory used = 105 Mbytes. {"history": "ExplorerRun.0", "point": 1, "testname": "my_lib_ota_amp_tb_1", "cornername": "Nominal"}
[2026-04-19 11:16:05.284 +0700] [INFO] [cadence.virtuoso.ade.simulationMonitor] - Notice from spectre during initial setup.
    Multithreading is disabled due to the size of the design being too small. {"history": "ExplorerRun.0", "point": 1, "testname": "my_lib_ota_amp_tb_1", "cornername": "Nominal"}
[2026-04-19 11:16:05.284 +0700] [INFO] [cadence.virtuoso.ade.simulationMonitor] -               nodes 43 {"history": "ExplorerRun.0", "point": 1, "testname": "my_lib_ota_amp_tb_1", "cornername": "Nominal"}
[2026-04-19 11:16:05.284 +0700] [INFO] [cadence.virtuoso.ade.simulationMonitor] - Notice from spectre during initial setup.
    APS enabled. {"history": "ExplorerRun.0", "point": 1, "testname": "my_lib_ota_amp_tb_1", "cornername": "Nominal"}
[2026-04-19 11:16:05.285 +0700] [INFO] [cadence.virtuoso.ade.simulationMonitor] - Peak resident memory used = 107 Mbytes. {"history": "ExplorerRun.0", "point": 1, "testname": "my_lib_ota_amp_tb_1", "cornername": "Nominal"}
[2026-04-19 11:16:05.285 +0700] [INFO] [cadence.virtuoso.ade.simulationMonitor] -    -   (APS) Multi-threading. The recommended number of threads is 1, consider adding +mt=1 on command line. {"history": "ExplorerRun.0", "point": 1, "testname": "my_lib_ota_amp_tb_1", "cornername": "Nominal"}
[2026-04-19 11:16:05.285 +0700] [INFO] [cadence.virtuoso.ade.simulationMonitor] - Total time required for ac analysis `ac': CPU = 3.946 ms, elapsed = 4.92787 ms. {"history": "ExplorerRun.0", "point": 1, "testname": "my_lib_ota_amp_tb_1", "cornername": "Nominal"}
[2026-04-19 11:16:05.285 +0700] [INFO] [cadence.virtuoso.ade.simulationMonitor] - Peak resident memory used = 109 Mbytes. {"history": "ExplorerRun.0", "point": 1, "testname": "my_lib_ota_amp_tb_1", "cornername": "Nominal"}
[2026-04-19 11:16:05.285 +0700] [INFO] [cadence.virtuoso.ade.simulationMonitor] - Total time required for dc analysis `dcOp': CPU = 1.549 ms, elapsed = 2.53105 ms. {"history": "ExplorerRun.0", "point": 1, "testname": "my_lib_ota_amp_tb_1", "cornername": "Nominal"}
[2026-04-19 11:16:05.285 +0700] [INFO] [cadence.virtuoso.ade.simulationMonitor] - Peak resident memory used = 109 Mbytes. {"history": "ExplorerRun.0", "point": 1, "testname": "my_lib_ota_amp_tb_1", "cornername": "Nominal"}
[2026-04-19 11:16:05.786 +0700] [PROCESS] [cadence.virtuoso.ade.simulationMonitor] - Finished simulating for one point {"hostname": "dtvt_13", "processid": 20834, "history": "ExplorerRun.0", "testname": "my_lib_ota_amp_tb_1", "cornername": "Nominal", "point": 1, "logfile": "/home/dtvt_13/truong/logs_dtvt_13/logs0/Job5.log", "simid": "13"}
[2026-04-19 11:16:05.786 +0700] [INFO] [cadence.virtuoso.ade.simulationMonitor] - Time used: CPU = 480 ms, elapsed = 20.8 s, util. = 2.31%. {"history": "ExplorerRun.0", "point": 1, "testname": "my_lib_ota_amp_tb_1", "cornername": "Nominal"}
[2026-04-19 11:16:05.786 +0700] [INFO] [cadence.virtuoso.ade.simulationMonitor] - Time spent in licensing: elapsed = 20.3 s, percentage of total = 97.6%. {"history": "ExplorerRun.0", "point": 1, "testname": "my_lib_ota_amp_tb_1", "cornername": "Nominal"}
[2026-04-19 11:16:05.787 +0700] [INFO] [cadence.virtuoso.ade.simulationMonitor] - Peak memory used = 111 Mbytes. {"history": "ExplorerRun.0", "point": 1, "testname": "my_lib_ota_amp_tb_1", "cornername": "Nominal"}
[2026-04-19 11:16:05.787 +0700] [PROCESS] [cadence.virtuoso.ade.simulationMonitor] - Simulation started at: 11:15:44 AM, Sun Apr 19, 2026, ended at: 11:16:05 AM, Sun Apr 19, 2026, with elapsed time (wall clock): 20.8 s. {"history": "ExplorerRun.0", "point": 1, "testname": "my_lib_ota_amp_tb_1", "cornername": "Nominal"}
[2026-04-19 11:16:05.787 +0700] [PROCESS] [cadence.virtuoso.ade.simulationMonitor] - spectre completes with 0 errors, 0 warnings, and 4 notices. {"history": "ExplorerRun.0", "point": 1, "testname": "my_lib_ota_amp_tb_1", "cornername": "Nominal"}
[2026-04-19 11:16:05.788 +0700] [PROCESS] [cadence.virtuoso.ade.simulationMonitor] - Simulator exited {"hostname": "dtvt_13", "processid": 20834, "history": "ExplorerRun.0", "testname": "my_lib_ota_amp_tb_1", "cornername": "Nominal", "point": 1, "logfile": "/home/dtvt_13/truong/logs_dtvt_13/logs0/Job5.log", "exitStatus": "0"}
[2026-04-19 11:16:05.788 +0700] [PROCESS] [cadence.virtuoso.ade.simulationMonitor] - Finished Simulation {"hostname": "dtvt_13", "processid": 20834, "history": "ExplorerRun.0", "testname": "my_lib_ota_amp_tb_1", "cornername": "Nominal", "point": 1, "logfile": "/home/dtvt_13/truong/logs_dtvt_13/logs0/Job5.log", "simid": "13"}
[2026-04-19 11:16:06.302 +0700] [PROCESS] [cadence.virtuoso.ade.simulationMonitor] - Point Finished {"hostname": "dtvt_13", "processid": 20834, "history": "ExplorerRun.0", "testname": "my_lib_ota_amp_tb_1", "cornername": "Nominal", "point": 1, "logfile": "/home/dtvt_13/truong/logs_dtvt_13/logs0/Job5.log"}
[2026-04-19 11:21:07.374 +0700] [PROCESS] [cadence.virtuoso.ade.simulationMonitor] - Current memory used: 32.2539 MBytes, peak memory used: 32.2539 MBytes {"hostname": "dtvt_13", "processid": 20834, "history": "ExplorerRun.0", "testname": "my_lib_ota_amp_tb_1", "cornername": "Nominal", "point": 1, "logfile": "/home/dtvt_13/truong/logs_dtvt_13/logs0/Job5.log"}
[2026-04-19 11:21:07.375 +0700] [PROCESS] [cadence.virtuoso.ade.simulationMonitor] - Simulation Monitor process exit. {"hostname": "dtvt_13", "processid": 20834, "history": "ExplorerRun.0", "testname": "my_lib_ota_amp_tb_1", "cornername": "Nominal", "point": 1, "logfile": "/home/dtvt_13/truong/logs_dtvt_13/logs0/Job5.log"}
