[Simulation Monitor: 50]
[2026-04-12 01:22:27.563 +0700] [PROCESS] [cadence.virtuoso.ade.simulationMonitor] - Simulation Monitor has successfully started up. Trying to set up communication channels to other components ... {"hostname": "dtvt_13", "processid": 30177, "logfile": "/home/dtvt_13/truong/logs_dtvt_13/logs0/Job50.log"}
[2026-04-12 01:22:27.564 +0700] [PROCESS] [cadence.virtuoso.ade.simulationMonitor] - Communication channels have been successfully set up. Start processing events ... {"hostname": "dtvt_13", "processid": 30177, "logfile": "/home/dtvt_13/truong/logs_dtvt_13/logs0/Job50.log"}
[2026-04-12 01:22:27.564 +0700] [PROCESS] [cadence.virtuoso.ade.simulationMonitor] - Considering to start history {"hostname": "dtvt_13", "processid": 30177, "history": "ExplorerRun.0", "logfile": "/home/dtvt_13/truong/logs_dtvt_13/logs0/Job50.log"}
[2026-04-12 01:22:27.565 +0700] [PROCESS] [cadence.virtuoso.ade.simulationMonitor] - HostInfo:
Host name (type):	dtvt_13 (x86_64)
Operating system:	Linux 3.10.0-1160.118.1.el7.x86_64 #1 SMP Wed Apr 24 16:01:50 UTC 2024 {"hostname": "dtvt_13", "processid": 30177, "history": "ExplorerRun.0", "logfile": "/home/dtvt_13/truong/logs_dtvt_13/logs0/Job50.log", "nodename": "dtvt_13", "domainname": "(none)", "machine": "x86_64", "sysname": "Linux", "release": "3.10.0-1160.118.1.el7.x86_64", "version": "#1 SMP Wed Apr 24 16:01:50 UTC 2024"}
[2026-04-12 01:22:27.565 +0700] [PROCESS] [cadence.virtuoso.ade.simulationMonitor] - UsageInfo:
pid=30177
totalPhysicalMemory=15.208324GB,Used=14.680359GB,totalVirtualMemory=22.895821GB,Used=14.734314GB
Cpu: Cores=24, Load average:0.330000,0.170000,0.150000 {"hostname": "dtvt_13", "processid": 30177, "history": "ExplorerRun.0", "logfile": "/home/dtvt_13/truong/logs_dtvt_13/logs0/Job50.log", "pid": "30177", "totalPhysicalMemory": "15.208324", "physicalMemoryUsed": "14.680359", "totalVirtualMemory": "22.895821", "virtualMemoryUsed": "14.734314", "cpuCores": "24", "processes": "2701", "loadAverage1": "0.330000", "loadAverage5": "0.170000", "loadAverage15": "0.150000", "loadAverage1Percent": "0.013750"}
[2026-04-12 01:22:27.565 +0700] [EVENT] [cadence.virtuoso.ade.simulationMonitor] - NewPoint {"history": "ExplorerRun.0", "point": 1, "testname": "my_lib_pmos_tb_1", "cornername": "Nominal", "event": "NewPoint", "EventSource": "Simulation Monitor", "HistoryName": "ExplorerRun.0", "logFile": "/home/dtvt_13/truong/logs_dtvt_13/logs0/Job50.log", "logFileSize": "2100"}
[2026-04-12 01:22:27.666 +0700] [EVENT] [cadence.virtuoso.ade.simulationMonitor] - NewPoint {"history": "ExplorerRun.0", "point": 1, "testname": "my_lib_pmos_tb_1", "cornername": "Nominal", "event": "NewPoint", "EventSource": "spectre", "HistoryName": "ExplorerRun.0", "logFile": "/home/dtvt_13/simulation/my_lib/pmos_tb/maestro/results/maestro/ExplorerRun.0/1/my_lib_pmos_tb_1/psf/spectre.out", "logFileSize": "-1"}
[2026-04-12 01:22:27.700 +0700] [PROCESS] [cadence.virtuoso.ade.simulationMonitor] - Simulator launched {"hostname": "dtvt_13", "processid": 30177, "history": "ExplorerRun.0", "testname": "my_lib_pmos_tb_1", "cornername": "Nominal", "point": 1, "logfile": "/home/dtvt_13/truong/logs_dtvt_13/logs0/Job50.log", "simid": "1"}
[2026-04-12 01:22:27.703 +0700] [PROCESS] [cadence.virtuoso.ade.simulationMonitor] - Expression evaluator launched {"hostname": "dtvt_13", "processid": 30177, "history": "ExplorerRun.0", "testname": "my_lib_pmos_tb_1", "cornername": "Nominal", "point": 1, "logfile": "/home/dtvt_13/truong/logs_dtvt_13/logs0/Job50.log"}
[2026-04-12 01:22:27.717 +0700] [PROCESS] [cadence.virtuoso.ade.simulationMonitor] - Started Simulation {"hostname": "dtvt_13", "processid": 30177, "history": "ExplorerRun.0", "testname": "my_lib_pmos_tb_1", "cornername": "Nominal", "point": 1, "logfile": "/home/dtvt_13/truong/logs_dtvt_13/logs0/Job50.log"}
[2026-04-12 01:22:49.537 +0700] [INFO] [cadence.virtuoso.ade.simulationMonitor] - Peak resident memory used = 96 Mbytes. {"history": "ExplorerRun.0", "point": 1, "testname": "my_lib_pmos_tb_1", "cornername": "Nominal"}
[2026-04-12 01:22:49.538 +0700] [INFO] [cadence.virtuoso.ade.simulationMonitor] - Peak resident memory used = 105 Mbytes. {"history": "ExplorerRun.0", "point": 1, "testname": "my_lib_pmos_tb_1", "cornername": "Nominal"}
[2026-04-12 01:22:49.538 +0700] [INFO] [cadence.virtuoso.ade.simulationMonitor] - Notice from spectre during hierarchy flattening.
    The value 'psf' specified for the 'checklimitdest' option will no longer be supported in future releases. Use 'spectre -h' to see other recommended values for the 'checklimitdest' option. {"history": "ExplorerRun.0", "point": 1, "testname": "my_lib_pmos_tb_1", "cornername": "Nominal"}
[2026-04-12 01:22:49.539 +0700] [INFO] [cadence.virtuoso.ade.simulationMonitor] - Peak resident memory used = 106 Mbytes. {"history": "ExplorerRun.0", "point": 1, "testname": "my_lib_pmos_tb_1", "cornername": "Nominal"}
[2026-04-12 01:22:49.539 +0700] [INFO] [cadence.virtuoso.ade.simulationMonitor] - Notice from spectre during initial setup.
    Multithreading is disabled due to the size of the design being too small. {"history": "ExplorerRun.0", "point": 1, "testname": "my_lib_pmos_tb_1", "cornername": "Nominal"}
[2026-04-12 01:22:49.540 +0700] [INFO] [cadence.virtuoso.ade.simulationMonitor] -               nodes 8 {"history": "ExplorerRun.0", "point": 1, "testname": "my_lib_pmos_tb_1", "cornername": "Nominal"}
[2026-04-12 01:22:49.540 +0700] [INFO] [cadence.virtuoso.ade.simulationMonitor] - Notice from spectre during initial setup.
    APS enabled. {"history": "ExplorerRun.0", "point": 1, "testname": "my_lib_pmos_tb_1", "cornername": "Nominal"}
[2026-04-12 01:22:49.540 +0700] [INFO] [cadence.virtuoso.ade.simulationMonitor] - Peak resident memory used = 107 Mbytes. {"history": "ExplorerRun.0", "point": 1, "testname": "my_lib_pmos_tb_1", "cornername": "Nominal"}
[2026-04-12 01:22:49.541 +0700] [INFO] [cadence.virtuoso.ade.simulationMonitor] -    -   (APS) Multi-threading. The recommended number of threads is 1, consider adding +mt=1 on command line. {"history": "ExplorerRun.0", "point": 1, "testname": "my_lib_pmos_tb_1", "cornername": "Nominal"}
[2026-04-12 01:22:49.541 +0700] [INFO] [cadence.virtuoso.ade.simulationMonitor] - Total time required for dc analysis `dcOp': CPU = 1.99 ms, elapsed = 3.088 ms. {"history": "ExplorerRun.0", "point": 1, "testname": "my_lib_pmos_tb_1", "cornername": "Nominal"}
[2026-04-12 01:22:49.541 +0700] [INFO] [cadence.virtuoso.ade.simulationMonitor] - Peak resident memory used = 109 Mbytes. {"history": "ExplorerRun.0", "point": 1, "testname": "my_lib_pmos_tb_1", "cornername": "Nominal"}
[2026-04-12 01:22:49.541 +0700] [INFO] [cadence.virtuoso.ade.simulationMonitor] - Notice from spectre at vg = 1.2 during DC analysis `dc'.
    The value of parameter 'vg' has been reset to the original value 0.9. {"history": "ExplorerRun.0", "point": 1, "testname": "my_lib_pmos_tb_1", "cornername": "Nominal"}
[2026-04-12 01:22:49.541 +0700] [INFO] [cadence.virtuoso.ade.simulationMonitor] - Total time required for dc analysis `dc': CPU = 11.373 ms, elapsed = 12.4931 ms. {"history": "ExplorerRun.0", "point": 1, "testname": "my_lib_pmos_tb_1", "cornername": "Nominal"}
[2026-04-12 01:22:49.542 +0700] [INFO] [cadence.virtuoso.ade.simulationMonitor] - Peak resident memory used = 110 Mbytes. {"history": "ExplorerRun.0", "point": 1, "testname": "my_lib_pmos_tb_1", "cornername": "Nominal"}
[2026-04-12 01:22:49.542 +0700] [INFO] [cadence.virtuoso.ade.simulationMonitor] - Time used: CPU = 557 ms, elapsed = 21.3 s, util. = 2.61%. {"history": "ExplorerRun.0", "point": 1, "testname": "my_lib_pmos_tb_1", "cornername": "Nominal"}
[2026-04-12 01:22:49.542 +0700] [INFO] [cadence.virtuoso.ade.simulationMonitor] - Time spent in licensing: elapsed = 20.7 s, percentage of total = 97.1%. {"history": "ExplorerRun.0", "point": 1, "testname": "my_lib_pmos_tb_1", "cornername": "Nominal"}
[2026-04-12 01:22:49.542 +0700] [INFO] [cadence.virtuoso.ade.simulationMonitor] - Peak memory used = 111 Mbytes. {"history": "ExplorerRun.0", "point": 1, "testname": "my_lib_pmos_tb_1", "cornername": "Nominal"}
[2026-04-12 01:22:49.542 +0700] [PROCESS] [cadence.virtuoso.ade.simulationMonitor] - Simulation started at: 1:22:28 AM, Sun Apr 12, 2026, ended at: 1:22:49 AM, Sun Apr 12, 2026, with elapsed time (wall clock): 21.3 s. {"history": "ExplorerRun.0", "point": 1, "testname": "my_lib_pmos_tb_1", "cornername": "Nominal"}
[2026-04-12 01:22:49.542 +0700] [PROCESS] [cadence.virtuoso.ade.simulationMonitor] - spectre completes with 0 errors, 0 warnings, and 5 notices. {"history": "ExplorerRun.0", "point": 1, "testname": "my_lib_pmos_tb_1", "cornername": "Nominal"}
[2026-04-12 01:22:50.043 +0700] [PROCESS] [cadence.virtuoso.ade.simulationMonitor] - Finished simulating for one point {"hostname": "dtvt_13", "processid": 30177, "history": "ExplorerRun.0", "testname": "my_lib_pmos_tb_1", "cornername": "Nominal", "point": 1, "logfile": "/home/dtvt_13/truong/logs_dtvt_13/logs0/Job50.log", "simid": "1"}
[2026-04-12 01:22:50.044 +0700] [PROCESS] [cadence.virtuoso.ade.simulationMonitor] - Simulator exited {"hostname": "dtvt_13", "processid": 30177, "history": "ExplorerRun.0", "testname": "my_lib_pmos_tb_1", "cornername": "Nominal", "point": 1, "logfile": "/home/dtvt_13/truong/logs_dtvt_13/logs0/Job50.log", "exitStatus": "0"}
[2026-04-12 01:22:50.044 +0700] [PROCESS] [cadence.virtuoso.ade.simulationMonitor] - Finished Simulation {"hostname": "dtvt_13", "processid": 30177, "history": "ExplorerRun.0", "testname": "my_lib_pmos_tb_1", "cornername": "Nominal", "point": 1, "logfile": "/home/dtvt_13/truong/logs_dtvt_13/logs0/Job50.log", "simid": "1"}
[2026-04-12 01:22:50.559 +0700] [PROCESS] [cadence.virtuoso.ade.simulationMonitor] - Point Finished {"hostname": "dtvt_13", "processid": 30177, "history": "ExplorerRun.0", "testname": "my_lib_pmos_tb_1", "cornername": "Nominal", "point": 1, "logfile": "/home/dtvt_13/truong/logs_dtvt_13/logs0/Job50.log"}
[2026-04-12 01:22:50.589 +0700] [PROCESS] [cadence.virtuoso.ade.simulationMonitor] - HostInfo:
Host name (type):	dtvt_13 (x86_64)
Operating system:	Linux 3.10.0-1160.118.1.el7.x86_64 #1 SMP Wed Apr 24 16:01:50 UTC 2024 {"hostname": "dtvt_13", "processid": 30177, "history": "ExplorerRun.0", "testname": "my_lib_pmos_tb_1", "cornername": "Nominal", "point": 1, "logfile": "/home/dtvt_13/truong/logs_dtvt_13/logs0/Job50.log", "nodename": "dtvt_13", "domainname": "(none)", "machine": "x86_64", "sysname": "Linux", "release": "3.10.0-1160.118.1.el7.x86_64", "version": "#1 SMP Wed Apr 24 16:01:50 UTC 2024"}
[2026-04-12 01:22:50.590 +0700] [PROCESS] [cadence.virtuoso.ade.simulationMonitor] - UsageInfo:
pid=30177
totalPhysicalMemory=15.208324GB,Used=14.915596GB,totalVirtualMemory=22.895821GB,Used=14.969551GB
Cpu: Cores=24, Load average:0.350000,0.190000,0.160000 {"hostname": "dtvt_13", "processid": 30177, "history": "ExplorerRun.0", "testname": "my_lib_pmos_tb_1", "cornername": "Nominal", "point": 1, "logfile": "/home/dtvt_13/truong/logs_dtvt_13/logs0/Job50.log", "pid": "30177", "totalPhysicalMemory": "15.208324", "physicalMemoryUsed": "14.915596", "totalVirtualMemory": "22.895821", "virtualMemoryUsed": "14.969551", "cpuCores": "24", "processes": "2738", "loadAverage1": "0.350000", "loadAverage5": "0.190000", "loadAverage15": "0.160000", "loadAverage1Percent": "0.014583"}
[2026-04-12 01:22:50.591 +0700] [EVENT] [cadence.virtuoso.ade.simulationMonitor] - NewPoint {"history": "ExplorerRun.0", "point": 2, "testname": "my_lib_pmos_tb_1", "cornername": "Nominal", "event": "NewPoint", "EventSource": "Simulation Monitor", "HistoryName": "ExplorerRun.0", "logFile": "/home/dtvt_13/truong/logs_dtvt_13/logs0/Job50.log", "logFileSize": "11373"}
[2026-04-12 01:22:50.692 +0700] [EVENT] [cadence.virtuoso.ade.simulationMonitor] - NewPoint {"history": "ExplorerRun.0", "point": 2, "testname": "my_lib_pmos_tb_1", "cornername": "Nominal", "event": "NewPoint", "EventSource": "spectre", "HistoryName": "ExplorerRun.0", "logFile": "/home/dtvt_13/simulation/my_lib/pmos_tb/maestro/results/maestro/ExplorerRun.0/2/my_lib_pmos_tb_1/psf/spectre.out", "logFileSize": "-1"}
[2026-04-12 01:22:50.702 +0700] [PROCESS] [cadence.virtuoso.ade.simulationMonitor] - Simulator launched {"hostname": "dtvt_13", "processid": 30177, "history": "ExplorerRun.0", "testname": "my_lib_pmos_tb_1", "cornername": "Nominal", "point": 2, "logfile": "/home/dtvt_13/truong/logs_dtvt_13/logs0/Job50.log", "simid": "2"}
[2026-04-12 01:22:50.703 +0700] [PROCESS] [cadence.virtuoso.ade.simulationMonitor] - Started Simulation {"hostname": "dtvt_13", "processid": 30177, "history": "ExplorerRun.0", "testname": "my_lib_pmos_tb_1", "cornername": "Nominal", "point": 2, "logfile": "/home/dtvt_13/truong/logs_dtvt_13/logs0/Job50.log"}
[2026-04-12 01:23:12.045 +0700] [PROCESS] [cadence.virtuoso.ade.simulationMonitor] - Finished simulating for one point {"hostname": "dtvt_13", "processid": 30177, "history": "ExplorerRun.0", "testname": "my_lib_pmos_tb_1", "cornername": "Nominal", "point": 2, "logfile": "/home/dtvt_13/truong/logs_dtvt_13/logs0/Job50.log", "simid": "2"}
[2026-04-12 01:23:12.045 +0700] [INFO] [cadence.virtuoso.ade.simulationMonitor] - Peak resident memory used = 96 Mbytes. {"history": "ExplorerRun.0", "point": 2, "testname": "my_lib_pmos_tb_1", "cornername": "Nominal"}
[2026-04-12 01:23:12.046 +0700] [INFO] [cadence.virtuoso.ade.simulationMonitor] - Peak resident memory used = 105 Mbytes. {"history": "ExplorerRun.0", "point": 2, "testname": "my_lib_pmos_tb_1", "cornername": "Nominal"}
[2026-04-12 01:23:12.046 +0700] [INFO] [cadence.virtuoso.ade.simulationMonitor] - Notice from spectre during hierarchy flattening.
    The value 'psf' specified for the 'checklimitdest' option will no longer be supported in future releases. Use 'spectre -h' to see other recommended values for the 'checklimitdest' option. {"history": "ExplorerRun.0", "point": 2, "testname": "my_lib_pmos_tb_1", "cornername": "Nominal"}
[2026-04-12 01:23:12.047 +0700] [INFO] [cadence.virtuoso.ade.simulationMonitor] - Peak resident memory used = 106 Mbytes. {"history": "ExplorerRun.0", "point": 2, "testname": "my_lib_pmos_tb_1", "cornername": "Nominal"}
[2026-04-12 01:23:12.047 +0700] [INFO] [cadence.virtuoso.ade.simulationMonitor] - Notice from spectre during initial setup.
    Multithreading is disabled due to the size of the design being too small. {"history": "ExplorerRun.0", "point": 2, "testname": "my_lib_pmos_tb_1", "cornername": "Nominal"}
[2026-04-12 01:23:12.048 +0700] [INFO] [cadence.virtuoso.ade.simulationMonitor] -               nodes 8 {"history": "ExplorerRun.0", "point": 2, "testname": "my_lib_pmos_tb_1", "cornername": "Nominal"}
[2026-04-12 01:23:12.049 +0700] [INFO] [cadence.virtuoso.ade.simulationMonitor] - Notice from spectre during initial setup.
    APS enabled. {"history": "ExplorerRun.0", "point": 2, "testname": "my_lib_pmos_tb_1", "cornername": "Nominal"}
[2026-04-12 01:23:12.049 +0700] [INFO] [cadence.virtuoso.ade.simulationMonitor] - Peak resident memory used = 107 Mbytes. {"history": "ExplorerRun.0", "point": 2, "testname": "my_lib_pmos_tb_1", "cornername": "Nominal"}
[2026-04-12 01:23:12.049 +0700] [INFO] [cadence.virtuoso.ade.simulationMonitor] -    -   (APS) Multi-threading. The recommended number of threads is 1, consider adding +mt=1 on command line. {"history": "ExplorerRun.0", "point": 2, "testname": "my_lib_pmos_tb_1", "cornername": "Nominal"}
[2026-04-12 01:23:12.049 +0700] [INFO] [cadence.virtuoso.ade.simulationMonitor] - Total time required for dc analysis `dcOp': CPU = 2.019 ms, elapsed = 3.0489 ms. {"history": "ExplorerRun.0", "point": 2, "testname": "my_lib_pmos_tb_1", "cornername": "Nominal"}
[2026-04-12 01:23:12.050 +0700] [INFO] [cadence.virtuoso.ade.simulationMonitor] - Peak resident memory used = 109 Mbytes. {"history": "ExplorerRun.0", "point": 2, "testname": "my_lib_pmos_tb_1", "cornername": "Nominal"}
[2026-04-12 01:23:12.050 +0700] [INFO] [cadence.virtuoso.ade.simulationMonitor] - Notice from spectre at vg = 1.2 during DC analysis `dc'.
    The value of parameter 'vg' has been reset to the original value 0.9. {"history": "ExplorerRun.0", "point": 2, "testname": "my_lib_pmos_tb_1", "cornername": "Nominal"}
[2026-04-12 01:23:12.050 +0700] [INFO] [cadence.virtuoso.ade.simulationMonitor] - Total time required for dc analysis `dc': CPU = 11.339 ms, elapsed = 12.3079 ms. {"history": "ExplorerRun.0", "point": 2, "testname": "my_lib_pmos_tb_1", "cornername": "Nominal"}
[2026-04-12 01:23:12.050 +0700] [INFO] [cadence.virtuoso.ade.simulationMonitor] - Peak resident memory used = 110 Mbytes. {"history": "ExplorerRun.0", "point": 2, "testname": "my_lib_pmos_tb_1", "cornername": "Nominal"}
[2026-04-12 01:23:12.050 +0700] [INFO] [cadence.virtuoso.ade.simulationMonitor] - Time used: CPU = 539 ms, elapsed = 20.8 s, util. = 2.59%. {"history": "ExplorerRun.0", "point": 2, "testname": "my_lib_pmos_tb_1", "cornername": "Nominal"}
[2026-04-12 01:23:12.050 +0700] [INFO] [cadence.virtuoso.ade.simulationMonitor] - Time spent in licensing: elapsed = 20.3 s, percentage of total = 97.5%. {"history": "ExplorerRun.0", "point": 2, "testname": "my_lib_pmos_tb_1", "cornername": "Nominal"}
[2026-04-12 01:23:12.051 +0700] [INFO] [cadence.virtuoso.ade.simulationMonitor] - Peak memory used = 111 Mbytes. {"history": "ExplorerRun.0", "point": 2, "testname": "my_lib_pmos_tb_1", "cornername": "Nominal"}
[2026-04-12 01:23:12.051 +0700] [PROCESS] [cadence.virtuoso.ade.simulationMonitor] - Simulation started at: 1:22:50 AM, Sun Apr 12, 2026, ended at: 1:23:11 AM, Sun Apr 12, 2026, with elapsed time (wall clock): 20.8 s. {"history": "ExplorerRun.0", "point": 2, "testname": "my_lib_pmos_tb_1", "cornername": "Nominal"}
[2026-04-12 01:23:12.051 +0700] [PROCESS] [cadence.virtuoso.ade.simulationMonitor] - spectre completes with 0 errors, 0 warnings, and 5 notices. {"history": "ExplorerRun.0", "point": 2, "testname": "my_lib_pmos_tb_1", "cornername": "Nominal"}
[2026-04-12 01:23:12.051 +0700] [PROCESS] [cadence.virtuoso.ade.simulationMonitor] - Simulator exited {"hostname": "dtvt_13", "processid": 30177, "history": "ExplorerRun.0", "testname": "my_lib_pmos_tb_1", "cornername": "Nominal", "point": 2, "logfile": "/home/dtvt_13/truong/logs_dtvt_13/logs0/Job50.log", "exitStatus": "0"}
[2026-04-12 01:23:12.051 +0700] [PROCESS] [cadence.virtuoso.ade.simulationMonitor] - Finished Simulation {"hostname": "dtvt_13", "processid": 30177, "history": "ExplorerRun.0", "testname": "my_lib_pmos_tb_1", "cornername": "Nominal", "point": 2, "logfile": "/home/dtvt_13/truong/logs_dtvt_13/logs0/Job50.log", "simid": "2"}
[2026-04-12 01:23:12.567 +0700] [PROCESS] [cadence.virtuoso.ade.simulationMonitor] - Point Finished {"hostname": "dtvt_13", "processid": 30177, "history": "ExplorerRun.0", "testname": "my_lib_pmos_tb_1", "cornername": "Nominal", "point": 2, "logfile": "/home/dtvt_13/truong/logs_dtvt_13/logs0/Job50.log"}
[2026-04-12 01:23:12.574 +0700] [PROCESS] [cadence.virtuoso.ade.simulationMonitor] - HostInfo:
Host name (type):	dtvt_13 (x86_64)
Operating system:	Linux 3.10.0-1160.118.1.el7.x86_64 #1 SMP Wed Apr 24 16:01:50 UTC 2024 {"hostname": "dtvt_13", "processid": 30177, "history": "ExplorerRun.0", "testname": "my_lib_pmos_tb_1", "cornername": "Nominal", "point": 2, "logfile": "/home/dtvt_13/truong/logs_dtvt_13/logs0/Job50.log", "nodename": "dtvt_13", "domainname": "(none)", "machine": "x86_64", "sysname": "Linux", "release": "3.10.0-1160.118.1.el7.x86_64", "version": "#1 SMP Wed Apr 24 16:01:50 UTC 2024"}
[2026-04-12 01:23:12.574 +0700] [PROCESS] [cadence.virtuoso.ade.simulationMonitor] - UsageInfo:
pid=30177
totalPhysicalMemory=15.208324GB,Used=14.917068GB,totalVirtualMemory=22.895821GB,Used=14.971024GB
Cpu: Cores=24, Load average:0.320000,0.190000,0.160000 {"hostname": "dtvt_13", "processid": 30177, "history": "ExplorerRun.0", "testname": "my_lib_pmos_tb_1", "cornername": "Nominal", "point": 2, "logfile": "/home/dtvt_13/truong/logs_dtvt_13/logs0/Job50.log", "pid": "30177", "totalPhysicalMemory": "15.208324", "physicalMemoryUsed": "14.917068", "totalVirtualMemory": "22.895821", "virtualMemoryUsed": "14.971024", "cpuCores": "24", "processes": "2733", "loadAverage1": "0.320000", "loadAverage5": "0.190000", "loadAverage15": "0.160000", "loadAverage1Percent": "0.013333"}
[2026-04-12 01:23:12.575 +0700] [EVENT] [cadence.virtuoso.ade.simulationMonitor] - NewPoint {"history": "ExplorerRun.0", "point": 3, "testname": "my_lib_pmos_tb_1", "cornername": "Nominal", "event": "NewPoint", "EventSource": "Simulation Monitor", "HistoryName": "ExplorerRun.0", "logFile": "/home/dtvt_13/truong/logs_dtvt_13/logs0/Job50.log", "logFileSize": "20329"}
[2026-04-12 01:23:12.681 +0700] [EVENT] [cadence.virtuoso.ade.simulationMonitor] - NewPoint {"history": "ExplorerRun.0", "point": 3, "testname": "my_lib_pmos_tb_1", "cornername": "Nominal", "event": "NewPoint", "EventSource": "spectre", "HistoryName": "ExplorerRun.0", "logFile": "/home/dtvt_13/simulation/my_lib/pmos_tb/maestro/results/maestro/ExplorerRun.0/3/my_lib_pmos_tb_1/psf/spectre.out", "logFileSize": "-1"}
[2026-04-12 01:23:12.692 +0700] [PROCESS] [cadence.virtuoso.ade.simulationMonitor] - Simulator launched {"hostname": "dtvt_13", "processid": 30177, "history": "ExplorerRun.0", "testname": "my_lib_pmos_tb_1", "cornername": "Nominal", "point": 3, "logfile": "/home/dtvt_13/truong/logs_dtvt_13/logs0/Job50.log", "simid": "3"}
[2026-04-12 01:23:12.693 +0700] [PROCESS] [cadence.virtuoso.ade.simulationMonitor] - Started Simulation {"hostname": "dtvt_13", "processid": 30177, "history": "ExplorerRun.0", "testname": "my_lib_pmos_tb_1", "cornername": "Nominal", "point": 3, "logfile": "/home/dtvt_13/truong/logs_dtvt_13/logs0/Job50.log"}
[2026-04-12 01:23:34.057 +0700] [PROCESS] [cadence.virtuoso.ade.simulationMonitor] - Finished simulating for one point {"hostname": "dtvt_13", "processid": 30177, "history": "ExplorerRun.0", "testname": "my_lib_pmos_tb_1", "cornername": "Nominal", "point": 3, "logfile": "/home/dtvt_13/truong/logs_dtvt_13/logs0/Job50.log", "simid": "3"}
[2026-04-12 01:23:34.057 +0700] [INFO] [cadence.virtuoso.ade.simulationMonitor] - Peak resident memory used = 96 Mbytes. {"history": "ExplorerRun.0", "point": 3, "testname": "my_lib_pmos_tb_1", "cornername": "Nominal"}
[2026-04-12 01:23:34.058 +0700] [INFO] [cadence.virtuoso.ade.simulationMonitor] - Peak resident memory used = 105 Mbytes. {"history": "ExplorerRun.0", "point": 3, "testname": "my_lib_pmos_tb_1", "cornername": "Nominal"}
[2026-04-12 01:23:34.058 +0700] [INFO] [cadence.virtuoso.ade.simulationMonitor] - Notice from spectre during hierarchy flattening.
    The value 'psf' specified for the 'checklimitdest' option will no longer be supported in future releases. Use 'spectre -h' to see other recommended values for the 'checklimitdest' option. {"history": "ExplorerRun.0", "point": 3, "testname": "my_lib_pmos_tb_1", "cornername": "Nominal"}
[2026-04-12 01:23:34.059 +0700] [INFO] [cadence.virtuoso.ade.simulationMonitor] - Peak resident memory used = 106 Mbytes. {"history": "ExplorerRun.0", "point": 3, "testname": "my_lib_pmos_tb_1", "cornername": "Nominal"}
[2026-04-12 01:23:34.059 +0700] [ERROR] [cadence.virtuoso.ade.simulationMonitor] -     ERROR (CMI-2440): "/home/dtvt_13/WORK/65NTSMC/tsmcN65/../models/spectre/crn65gplus_2d5_lk_v1d0.scs" 6176: M0:  The length, width, or area of the instance does not fit the given lmax-lmin, wmax-wmin, or areamax-areamin range for any model in the `M0.pch_rf_18' group. The channel width is 6.000000e-06 and length is 3.900000e-07. Specify channel width and length that do not exceed the referenced maximal area Lmax=3.801000e-07, Lmin=2.600000e-07, Wmax=1.001000e-05,and Wmin=1.000000e-06. You can choose the ... {"history": "ExplorerRun.0", "point": 3, "testname": "my_lib_pmos_tb_1", "cornername": "Nominal"}
[2026-04-12 01:23:34.060 +0700] [INFO] [cadence.virtuoso.ade.simulationMonitor] - Time used: CPU = 489 ms, elapsed = 20.8 s, util. = 2.36%. {"history": "ExplorerRun.0", "point": 3, "testname": "my_lib_pmos_tb_1", "cornername": "Nominal"}
[2026-04-12 01:23:34.060 +0700] [INFO] [cadence.virtuoso.ade.simulationMonitor] - Time spent in licensing: elapsed = 20.3 s, percentage of total = 97.7%. {"history": "ExplorerRun.0", "point": 3, "testname": "my_lib_pmos_tb_1", "cornername": "Nominal"}
[2026-04-12 01:23:34.061 +0700] [INFO] [cadence.virtuoso.ade.simulationMonitor] - Peak memory used = 106 Mbytes. {"history": "ExplorerRun.0", "point": 3, "testname": "my_lib_pmos_tb_1", "cornername": "Nominal"}
[2026-04-12 01:23:34.061 +0700] [PROCESS] [cadence.virtuoso.ade.simulationMonitor] - Simulation started at: 1:23:12 AM, Sun Apr 12, 2026, ended at: 1:23:33 AM, Sun Apr 12, 2026, with elapsed time (wall clock): 20.8 s. {"history": "ExplorerRun.0", "point": 3, "testname": "my_lib_pmos_tb_1", "cornername": "Nominal"}
[2026-04-12 01:23:34.061 +0700] [PROCESS] [cadence.virtuoso.ade.simulationMonitor] - spectre completes with 1 error, 0 warnings, and 1 notice. {"history": "ExplorerRun.0", "point": 3, "testname": "my_lib_pmos_tb_1", "cornername": "Nominal"}
[2026-04-12 01:23:34.061 +0700] [FATAL] [cadence.virtuoso.ade.simulationMonitor] - spectre terminated prematurely due to fatal error. {"history": "ExplorerRun.0", "point": 3, "testname": "my_lib_pmos_tb_1", "cornername": "Nominal"}
[2026-04-12 01:23:34.062 +0700] [ERROR] [cadence.virtuoso.ade.simulationMonitor] - While simulating run ExplorerRun.0, point 3, test my_lib_pmos_tb_1, received error:
Simulation Error:
 The simulator process returned a non-zero exit code, indicating failure.
The simulator could have crashed or intentionally returned to indicate an error.
Check the simulator log file for more information.  Common causes:
1. Simulator may have crashed during exit even after reporting success in log file.
2. Abrupt automatic simulator termination (e.g., SIGKILL) because the simulator process has
   exceeded... {"history": "ExplorerRun.0", "point": 3, "testname": "my_lib_pmos_tb_1", "cornername": "Nominal"}
[2026-04-12 01:23:34.062 +0700] [PROCESS] [cadence.virtuoso.ade.simulationMonitor] - Finished Simulation {"hostname": "dtvt_13", "processid": 30177, "history": "ExplorerRun.0", "testname": "my_lib_pmos_tb_1", "cornername": "Nominal", "point": 3, "logfile": "/home/dtvt_13/truong/logs_dtvt_13/logs0/Job50.log", "simid": "3"}
[2026-04-12 01:23:34.069 +0700] [PROCESS] [cadence.virtuoso.ade.simulationMonitor] - HostInfo:
Host name (type):	dtvt_13 (x86_64)
Operating system:	Linux 3.10.0-1160.118.1.el7.x86_64 #1 SMP Wed Apr 24 16:01:50 UTC 2024 {"hostname": "dtvt_13", "processid": 30177, "history": "ExplorerRun.0", "testname": "my_lib_pmos_tb_1", "cornername": "Nominal", "point": 3, "logfile": "/home/dtvt_13/truong/logs_dtvt_13/logs0/Job50.log", "nodename": "dtvt_13", "domainname": "(none)", "machine": "x86_64", "sysname": "Linux", "release": "3.10.0-1160.118.1.el7.x86_64", "version": "#1 SMP Wed Apr 24 16:01:50 UTC 2024"}
[2026-04-12 01:23:34.070 +0700] [PROCESS] [cadence.virtuoso.ade.simulationMonitor] - UsageInfo:
pid=30177
totalPhysicalMemory=15.208324GB,Used=14.918304GB,totalVirtualMemory=22.895821GB,Used=14.972260GB
Cpu: Cores=24, Load average:0.370000,0.210000,0.170000 {"hostname": "dtvt_13", "processid": 30177, "history": "ExplorerRun.0", "testname": "my_lib_pmos_tb_1", "cornername": "Nominal", "point": 3, "logfile": "/home/dtvt_13/truong/logs_dtvt_13/logs0/Job50.log", "pid": "30177", "totalPhysicalMemory": "15.208324", "physicalMemoryUsed": "14.918304", "totalVirtualMemory": "22.895821", "virtualMemoryUsed": "14.972260", "cpuCores": "24", "processes": "2742", "loadAverage1": "0.370000", "loadAverage5": "0.210000", "loadAverage15": "0.170000", "loadAverage1Percent": "0.015417"}
[2026-04-12 01:23:34.071 +0700] [EVENT] [cadence.virtuoso.ade.simulationMonitor] - NewPoint {"history": "ExplorerRun.0", "point": 4, "testname": "my_lib_pmos_tb_1", "cornername": "Nominal", "event": "NewPoint", "EventSource": "Simulation Monitor", "HistoryName": "ExplorerRun.0", "logFile": "/home/dtvt_13/truong/logs_dtvt_13/logs0/Job50.log", "logFileSize": "27753"}
[2026-04-12 01:23:34.175 +0700] [EVENT] [cadence.virtuoso.ade.simulationMonitor] - NewPoint {"history": "ExplorerRun.0", "point": 4, "testname": "my_lib_pmos_tb_1", "cornername": "Nominal", "event": "NewPoint", "EventSource": "spectre", "HistoryName": "ExplorerRun.0", "logFile": "/home/dtvt_13/simulation/my_lib/pmos_tb/maestro/results/maestro/ExplorerRun.0/4/my_lib_pmos_tb_1/psf/spectre.out", "logFileSize": "-1"}
[2026-04-12 01:23:34.186 +0700] [PROCESS] [cadence.virtuoso.ade.simulationMonitor] - Simulator launched {"hostname": "dtvt_13", "processid": 30177, "history": "ExplorerRun.0", "testname": "my_lib_pmos_tb_1", "cornername": "Nominal", "point": 4, "logfile": "/home/dtvt_13/truong/logs_dtvt_13/logs0/Job50.log", "simid": "4"}
[2026-04-12 01:23:34.187 +0700] [PROCESS] [cadence.virtuoso.ade.simulationMonitor] - Started Simulation {"hostname": "dtvt_13", "processid": 30177, "history": "ExplorerRun.0", "testname": "my_lib_pmos_tb_1", "cornername": "Nominal", "point": 4, "logfile": "/home/dtvt_13/truong/logs_dtvt_13/logs0/Job50.log"}
[2026-04-12 01:23:55.471 +0700] [PROCESS] [cadence.virtuoso.ade.simulationMonitor] - Finished simulating for one point {"hostname": "dtvt_13", "processid": 30177, "history": "ExplorerRun.0", "testname": "my_lib_pmos_tb_1", "cornername": "Nominal", "point": 4, "logfile": "/home/dtvt_13/truong/logs_dtvt_13/logs0/Job50.log", "simid": "4"}
[2026-04-12 01:23:55.471 +0700] [INFO] [cadence.virtuoso.ade.simulationMonitor] - Peak resident memory used = 96 Mbytes. {"history": "ExplorerRun.0", "point": 4, "testname": "my_lib_pmos_tb_1", "cornername": "Nominal"}
[2026-04-12 01:23:55.472 +0700] [INFO] [cadence.virtuoso.ade.simulationMonitor] - Peak resident memory used = 105 Mbytes. {"history": "ExplorerRun.0", "point": 4, "testname": "my_lib_pmos_tb_1", "cornername": "Nominal"}
[2026-04-12 01:23:55.472 +0700] [INFO] [cadence.virtuoso.ade.simulationMonitor] - Notice from spectre during hierarchy flattening.
    The value 'psf' specified for the 'checklimitdest' option will no longer be supported in future releases. Use 'spectre -h' to see other recommended values for the 'checklimitdest' option. {"history": "ExplorerRun.0", "point": 4, "testname": "my_lib_pmos_tb_1", "cornername": "Nominal"}
[2026-04-12 01:23:55.472 +0700] [INFO] [cadence.virtuoso.ade.simulationMonitor] - Peak resident memory used = 106 Mbytes. {"history": "ExplorerRun.0", "point": 4, "testname": "my_lib_pmos_tb_1", "cornername": "Nominal"}
[2026-04-12 01:23:55.473 +0700] [ERROR] [cadence.virtuoso.ade.simulationMonitor] -     ERROR (CMI-2440): "/home/dtvt_13/WORK/65NTSMC/tsmcN65/../models/spectre/crn65gplus_2d5_lk_v1d0.scs" 6176: M0:  The length, width, or area of the instance does not fit the given lmax-lmin, wmax-wmin, or areamax-areamin range for any model in the `M0.pch_rf_18' group. The channel width is 6.000000e-06 and length is 4.450000e-07. Specify channel width and length that do not exceed the referenced maximal area Lmax=3.801000e-07, Lmin=2.600000e-07, Wmax=1.001000e-05,and Wmin=1.000000e-06. You can choose the ... {"history": "ExplorerRun.0", "point": 4, "testname": "my_lib_pmos_tb_1", "cornername": "Nominal"}
[2026-04-12 01:23:55.473 +0700] [INFO] [cadence.virtuoso.ade.simulationMonitor] - Time used: CPU = 485 ms, elapsed = 20.8 s, util. = 2.34%. {"history": "ExplorerRun.0", "point": 4, "testname": "my_lib_pmos_tb_1", "cornername": "Nominal"}
[2026-04-12 01:23:55.474 +0700] [INFO] [cadence.virtuoso.ade.simulationMonitor] - Time spent in licensing: elapsed = 20.3 s, percentage of total = 97.8%. {"history": "ExplorerRun.0", "point": 4, "testname": "my_lib_pmos_tb_1", "cornername": "Nominal"}
[2026-04-12 01:23:55.475 +0700] [INFO] [cadence.virtuoso.ade.simulationMonitor] - Peak memory used = 106 Mbytes. {"history": "ExplorerRun.0", "point": 4, "testname": "my_lib_pmos_tb_1", "cornername": "Nominal"}
[2026-04-12 01:23:55.475 +0700] [PROCESS] [cadence.virtuoso.ade.simulationMonitor] - Simulation started at: 1:23:34 AM, Sun Apr 12, 2026, ended at: 1:23:55 AM, Sun Apr 12, 2026, with elapsed time (wall clock): 20.8 s. {"history": "ExplorerRun.0", "point": 4, "testname": "my_lib_pmos_tb_1", "cornername": "Nominal"}
[2026-04-12 01:23:55.476 +0700] [PROCESS] [cadence.virtuoso.ade.simulationMonitor] - spectre completes with 1 error, 0 warnings, and 1 notice. {"history": "ExplorerRun.0", "point": 4, "testname": "my_lib_pmos_tb_1", "cornername": "Nominal"}
[2026-04-12 01:23:55.476 +0700] [FATAL] [cadence.virtuoso.ade.simulationMonitor] - spectre terminated prematurely due to fatal error. {"history": "ExplorerRun.0", "point": 4, "testname": "my_lib_pmos_tb_1", "cornername": "Nominal"}
[2026-04-12 01:23:55.476 +0700] [ERROR] [cadence.virtuoso.ade.simulationMonitor] - While simulating run ExplorerRun.0, point 4, test my_lib_pmos_tb_1, received error:
Simulation Error:
 The simulator process returned a non-zero exit code, indicating failure.
The simulator could have crashed or intentionally returned to indicate an error.
Check the simulator log file for more information.  Common causes:
1. Simulator may have crashed during exit even after reporting success in log file.
2. Abrupt automatic simulator termination (e.g., SIGKILL) because the simulator process has
   exceeded... {"history": "ExplorerRun.0", "point": 4, "testname": "my_lib_pmos_tb_1", "cornername": "Nominal"}
[2026-04-12 01:23:55.477 +0700] [PROCESS] [cadence.virtuoso.ade.simulationMonitor] - Finished Simulation {"hostname": "dtvt_13", "processid": 30177, "history": "ExplorerRun.0", "testname": "my_lib_pmos_tb_1", "cornername": "Nominal", "point": 4, "logfile": "/home/dtvt_13/truong/logs_dtvt_13/logs0/Job50.log", "simid": "4"}
[2026-04-12 01:23:55.486 +0700] [PROCESS] [cadence.virtuoso.ade.simulationMonitor] - HostInfo:
Host name (type):	dtvt_13 (x86_64)
Operating system:	Linux 3.10.0-1160.118.1.el7.x86_64 #1 SMP Wed Apr 24 16:01:50 UTC 2024 {"hostname": "dtvt_13", "processid": 30177, "history": "ExplorerRun.0", "testname": "my_lib_pmos_tb_1", "cornername": "Nominal", "point": 4, "logfile": "/home/dtvt_13/truong/logs_dtvt_13/logs0/Job50.log", "nodename": "dtvt_13", "domainname": "(none)", "machine": "x86_64", "sysname": "Linux", "release": "3.10.0-1160.118.1.el7.x86_64", "version": "#1 SMP Wed Apr 24 16:01:50 UTC 2024"}
[2026-04-12 01:23:55.487 +0700] [PROCESS] [cadence.virtuoso.ade.simulationMonitor] - UsageInfo:
pid=30177
totalPhysicalMemory=15.208324GB,Used=14.918739GB,totalVirtualMemory=22.895821GB,Used=14.972694GB
Cpu: Cores=24, Load average:0.240000,0.190000,0.160000 {"hostname": "dtvt_13", "processid": 30177, "history": "ExplorerRun.0", "testname": "my_lib_pmos_tb_1", "cornername": "Nominal", "point": 4, "logfile": "/home/dtvt_13/truong/logs_dtvt_13/logs0/Job50.log", "pid": "30177", "totalPhysicalMemory": "15.208324", "physicalMemoryUsed": "14.918739", "totalVirtualMemory": "22.895821", "virtualMemoryUsed": "14.972694", "cpuCores": "24", "processes": "2743", "loadAverage1": "0.240000", "loadAverage5": "0.190000", "loadAverage15": "0.160000", "loadAverage1Percent": "0.010000"}
[2026-04-12 01:23:55.488 +0700] [EVENT] [cadence.virtuoso.ade.simulationMonitor] - NewPoint {"history": "ExplorerRun.0", "point": 5, "testname": "my_lib_pmos_tb_1", "cornername": "Nominal", "event": "NewPoint", "EventSource": "Simulation Monitor", "HistoryName": "ExplorerRun.0", "logFile": "/home/dtvt_13/truong/logs_dtvt_13/logs0/Job50.log", "logFileSize": "35177"}
[2026-04-12 01:23:55.589 +0700] [EVENT] [cadence.virtuoso.ade.simulationMonitor] - NewPoint {"history": "ExplorerRun.0", "point": 5, "testname": "my_lib_pmos_tb_1", "cornername": "Nominal", "event": "NewPoint", "EventSource": "spectre", "HistoryName": "ExplorerRun.0", "logFile": "/home/dtvt_13/simulation/my_lib/pmos_tb/maestro/results/maestro/ExplorerRun.0/5/my_lib_pmos_tb_1/psf/spectre.out", "logFileSize": "-1"}
[2026-04-12 01:23:55.597 +0700] [PROCESS] [cadence.virtuoso.ade.simulationMonitor] - Simulator launched {"hostname": "dtvt_13", "processid": 30177, "history": "ExplorerRun.0", "testname": "my_lib_pmos_tb_1", "cornername": "Nominal", "point": 5, "logfile": "/home/dtvt_13/truong/logs_dtvt_13/logs0/Job50.log", "simid": "5"}
[2026-04-12 01:23:55.598 +0700] [PROCESS] [cadence.virtuoso.ade.simulationMonitor] - Started Simulation {"hostname": "dtvt_13", "processid": 30177, "history": "ExplorerRun.0", "testname": "my_lib_pmos_tb_1", "cornername": "Nominal", "point": 5, "logfile": "/home/dtvt_13/truong/logs_dtvt_13/logs0/Job50.log"}
[2026-04-12 01:24:16.886 +0700] [PROCESS] [cadence.virtuoso.ade.simulationMonitor] - Finished simulating for one point {"hostname": "dtvt_13", "processid": 30177, "history": "ExplorerRun.0", "testname": "my_lib_pmos_tb_1", "cornername": "Nominal", "point": 5, "logfile": "/home/dtvt_13/truong/logs_dtvt_13/logs0/Job50.log", "simid": "5"}
[2026-04-12 01:24:16.887 +0700] [INFO] [cadence.virtuoso.ade.simulationMonitor] - Peak resident memory used = 96 Mbytes. {"history": "ExplorerRun.0", "point": 5, "testname": "my_lib_pmos_tb_1", "cornername": "Nominal"}
[2026-04-12 01:24:16.887 +0700] [INFO] [cadence.virtuoso.ade.simulationMonitor] - Peak resident memory used = 105 Mbytes. {"history": "ExplorerRun.0", "point": 5, "testname": "my_lib_pmos_tb_1", "cornername": "Nominal"}
[2026-04-12 01:24:16.887 +0700] [INFO] [cadence.virtuoso.ade.simulationMonitor] - Notice from spectre during hierarchy flattening.
    The value 'psf' specified for the 'checklimitdest' option will no longer be supported in future releases. Use 'spectre -h' to see other recommended values for the 'checklimitdest' option. {"history": "ExplorerRun.0", "point": 5, "testname": "my_lib_pmos_tb_1", "cornername": "Nominal"}
[2026-04-12 01:24:16.888 +0700] [INFO] [cadence.virtuoso.ade.simulationMonitor] - Peak resident memory used = 106 Mbytes. {"history": "ExplorerRun.0", "point": 5, "testname": "my_lib_pmos_tb_1", "cornername": "Nominal"}
[2026-04-12 01:24:16.888 +0700] [ERROR] [cadence.virtuoso.ade.simulationMonitor] -     ERROR (CMI-2440): "/home/dtvt_13/WORK/65NTSMC/tsmcN65/../models/spectre/crn65gplus_2d5_lk_v1d0.scs" 6176: M0:  The length, width, or area of the instance does not fit the given lmax-lmin, wmax-wmin, or areamax-areamin range for any model in the `M0.pch_rf_18' group. The channel width is 6.000000e-06 and length is 5.000000e-07. Specify channel width and length that do not exceed the referenced maximal area Lmax=3.801000e-07, Lmin=2.600000e-07, Wmax=1.001000e-05,and Wmin=1.000000e-06. You can choose the ... {"history": "ExplorerRun.0", "point": 5, "testname": "my_lib_pmos_tb_1", "cornername": "Nominal"}
[2026-04-12 01:24:16.889 +0700] [INFO] [cadence.virtuoso.ade.simulationMonitor] - Time used: CPU = 475 ms, elapsed = 20.8 s, util. = 2.29%. {"history": "ExplorerRun.0", "point": 5, "testname": "my_lib_pmos_tb_1", "cornername": "Nominal"}
[2026-04-12 01:24:16.889 +0700] [INFO] [cadence.virtuoso.ade.simulationMonitor] - Time spent in licensing: elapsed = 20.3 s, percentage of total = 97.8%. {"history": "ExplorerRun.0", "point": 5, "testname": "my_lib_pmos_tb_1", "cornername": "Nominal"}
[2026-04-12 01:24:16.889 +0700] [INFO] [cadence.virtuoso.ade.simulationMonitor] - Peak memory used = 106 Mbytes. {"history": "ExplorerRun.0", "point": 5, "testname": "my_lib_pmos_tb_1", "cornername": "Nominal"}
[2026-04-12 01:24:16.889 +0700] [PROCESS] [cadence.virtuoso.ade.simulationMonitor] - Simulation started at: 1:23:55 AM, Sun Apr 12, 2026, ended at: 1:24:16 AM, Sun Apr 12, 2026, with elapsed time (wall clock): 20.8 s. {"history": "ExplorerRun.0", "point": 5, "testname": "my_lib_pmos_tb_1", "cornername": "Nominal"}
[2026-04-12 01:24:16.890 +0700] [PROCESS] [cadence.virtuoso.ade.simulationMonitor] - spectre completes with 1 error, 0 warnings, and 1 notice. {"history": "ExplorerRun.0", "point": 5, "testname": "my_lib_pmos_tb_1", "cornername": "Nominal"}
[2026-04-12 01:24:16.890 +0700] [FATAL] [cadence.virtuoso.ade.simulationMonitor] - spectre terminated prematurely due to fatal error. {"history": "ExplorerRun.0", "point": 5, "testname": "my_lib_pmos_tb_1", "cornername": "Nominal"}
[2026-04-12 01:24:16.890 +0700] [ERROR] [cadence.virtuoso.ade.simulationMonitor] - While simulating run ExplorerRun.0, point 5, test my_lib_pmos_tb_1, received error:
Simulation Error:
 The simulator process returned a non-zero exit code, indicating failure.
The simulator could have crashed or intentionally returned to indicate an error.
Check the simulator log file for more information.  Common causes:
1. Simulator may have crashed during exit even after reporting success in log file.
2. Abrupt automatic simulator termination (e.g., SIGKILL) because the simulator process has
   exceeded... {"history": "ExplorerRun.0", "point": 5, "testname": "my_lib_pmos_tb_1", "cornername": "Nominal"}
[2026-04-12 01:24:16.891 +0700] [PROCESS] [cadence.virtuoso.ade.simulationMonitor] - Finished Simulation {"hostname": "dtvt_13", "processid": 30177, "history": "ExplorerRun.0", "testname": "my_lib_pmos_tb_1", "cornername": "Nominal", "point": 5, "logfile": "/home/dtvt_13/truong/logs_dtvt_13/logs0/Job50.log", "simid": "5"}
[2026-04-12 01:24:17.901 +0700] [PROCESS] [cadence.virtuoso.ade.simulationMonitor] - Stay with the runId '24', Linger time '300', currentRunSyn '49', currentTestSyn '49' {"hostname": "dtvt_13", "processid": 30177, "history": "ExplorerRun.0", "testname": "my_lib_pmos_tb_1", "cornername": "Nominal", "point": 5, "logfile": "/home/dtvt_13/truong/logs_dtvt_13/logs0/Job50.log"}
[2026-04-12 01:27:23.380 +0700] [INFO] [cadence.virtuoso.ade.simulationMonitor] - SimulationMonitor has terminated the vds process '30362', reason: 'Force to stop the expression evalutor process because of new run' {"history": "ExplorerRun.0", "point": 5, "testname": "my_lib_pmos_tb_1", "cornername": "Nominal"}
[2026-04-12 01:27:23.380 +0700] [PROCESS] [cadence.virtuoso.ade.simulationMonitor] - HostInfo:
Host name (type):	dtvt_13 (x86_64)
Operating system:	Linux 3.10.0-1160.118.1.el7.x86_64 #1 SMP Wed Apr 24 16:01:50 UTC 2024 {"hostname": "dtvt_13", "processid": 30177, "history": "ExplorerRun.0", "testname": "my_lib_pmos_tb_1", "cornername": "Nominal", "point": 5, "logfile": "/home/dtvt_13/truong/logs_dtvt_13/logs0/Job50.log", "nodename": "dtvt_13", "domainname": "(none)", "machine": "x86_64", "sysname": "Linux", "release": "3.10.0-1160.118.1.el7.x86_64", "version": "#1 SMP Wed Apr 24 16:01:50 UTC 2024"}
[2026-04-12 01:27:23.380 +0700] [PROCESS] [cadence.virtuoso.ade.simulationMonitor] - UsageInfo:
pid=30177
totalPhysicalMemory=15.208324GB,Used=14.629654GB,totalVirtualMemory=22.895821GB,Used=14.683609GB
Cpu: Cores=24, Load average:0.310000,0.200000,0.160000 {"hostname": "dtvt_13", "processid": 30177, "history": "ExplorerRun.0", "testname": "my_lib_pmos_tb_1", "cornername": "Nominal", "point": 5, "logfile": "/home/dtvt_13/truong/logs_dtvt_13/logs0/Job50.log", "pid": "30177", "totalPhysicalMemory": "15.208324", "physicalMemoryUsed": "14.629654", "totalVirtualMemory": "22.895821", "virtualMemoryUsed": "14.683609", "cpuCores": "24", "processes": "2714", "loadAverage1": "0.310000", "loadAverage5": "0.200000", "loadAverage15": "0.160000", "loadAverage1Percent": "0.012917"}
[2026-04-12 01:27:23.380 +0700] [EVENT] [cadence.virtuoso.ade.simulationMonitor] - NewPoint {"history": "ExplorerRun.0", "point": 1, "testname": "my_lib_pmos_tb_1", "cornername": "Nominal", "event": "NewPoint", "EventSource": "Simulation Monitor", "HistoryName": "ExplorerRun.0", "logFile": "/home/dtvt_13/truong/logs_dtvt_13/logs0/Job50.log", "logFileSize": "43289"}
[2026-04-12 01:27:23.481 +0700] [EVENT] [cadence.virtuoso.ade.simulationMonitor] - NewPoint {"history": "ExplorerRun.0", "point": 1, "testname": "my_lib_pmos_tb_1", "cornername": "Nominal", "event": "NewPoint", "EventSource": "spectre", "HistoryName": "ExplorerRun.0", "logFile": "/home/dtvt_13/simulation/my_lib/pmos_tb/maestro/results/maestro/ExplorerRun.0/1/my_lib_pmos_tb_1/psf/spectre.out", "logFileSize": "-1"}
[2026-04-12 01:27:23.491 +0700] [PROCESS] [cadence.virtuoso.ade.simulationMonitor] - Simulator launched {"hostname": "dtvt_13", "processid": 30177, "history": "ExplorerRun.0", "testname": "my_lib_pmos_tb_1", "cornername": "Nominal", "point": 1, "logfile": "/home/dtvt_13/truong/logs_dtvt_13/logs0/Job50.log", "simid": "6"}
[2026-04-12 01:27:23.497 +0700] [PROCESS] [cadence.virtuoso.ade.simulationMonitor] - Expression evaluator launched {"hostname": "dtvt_13", "processid": 30177, "history": "ExplorerRun.0", "testname": "my_lib_pmos_tb_1", "cornername": "Nominal", "point": 1, "logfile": "/home/dtvt_13/truong/logs_dtvt_13/logs0/Job50.log"}
[2026-04-12 01:27:23.501 +0700] [PROCESS] [cadence.virtuoso.ade.simulationMonitor] - Started Simulation {"hostname": "dtvt_13", "processid": 30177, "history": "ExplorerRun.0", "testname": "my_lib_pmos_tb_1", "cornername": "Nominal", "point": 1, "logfile": "/home/dtvt_13/truong/logs_dtvt_13/logs0/Job50.log"}
[2026-04-12 01:27:44.798 +0700] [PROCESS] [cadence.virtuoso.ade.simulationMonitor] - Finished simulating for one point {"hostname": "dtvt_13", "processid": 30177, "history": "ExplorerRun.0", "testname": "my_lib_pmos_tb_1", "cornername": "Nominal", "point": 1, "logfile": "/home/dtvt_13/truong/logs_dtvt_13/logs0/Job50.log", "simid": "6"}
[2026-04-12 01:27:44.799 +0700] [INFO] [cadence.virtuoso.ade.simulationMonitor] - Peak resident memory used = 96 Mbytes. {"history": "ExplorerRun.0", "point": 1, "testname": "my_lib_pmos_tb_1", "cornername": "Nominal"}
[2026-04-12 01:27:44.799 +0700] [INFO] [cadence.virtuoso.ade.simulationMonitor] - Peak resident memory used = 105 Mbytes. {"history": "ExplorerRun.0", "point": 1, "testname": "my_lib_pmos_tb_1", "cornername": "Nominal"}
[2026-04-12 01:27:44.799 +0700] [INFO] [cadence.virtuoso.ade.simulationMonitor] - Notice from spectre during hierarchy flattening.
    The value 'psf' specified for the 'checklimitdest' option will no longer be supported in future releases. Use 'spectre -h' to see other recommended values for the 'checklimitdest' option. {"history": "ExplorerRun.0", "point": 1, "testname": "my_lib_pmos_tb_1", "cornername": "Nominal"}
[2026-04-12 01:27:44.799 +0700] [INFO] [cadence.virtuoso.ade.simulationMonitor] - Peak resident memory used = 106 Mbytes. {"history": "ExplorerRun.0", "point": 1, "testname": "my_lib_pmos_tb_1", "cornername": "Nominal"}
[2026-04-12 01:27:44.799 +0700] [INFO] [cadence.virtuoso.ade.simulationMonitor] - Notice from spectre during initial setup.
    Multithreading is disabled due to the size of the design being too small. {"history": "ExplorerRun.0", "point": 1, "testname": "my_lib_pmos_tb_1", "cornername": "Nominal"}
[2026-04-12 01:27:44.799 +0700] [INFO] [cadence.virtuoso.ade.simulationMonitor] -               nodes 8 {"history": "ExplorerRun.0", "point": 1, "testname": "my_lib_pmos_tb_1", "cornername": "Nominal"}
[2026-04-12 01:27:44.799 +0700] [INFO] [cadence.virtuoso.ade.simulationMonitor] - Notice from spectre during initial setup.
    APS enabled. {"history": "ExplorerRun.0", "point": 1, "testname": "my_lib_pmos_tb_1", "cornername": "Nominal"}
[2026-04-12 01:27:44.799 +0700] [INFO] [cadence.virtuoso.ade.simulationMonitor] - Peak resident memory used = 107 Mbytes. {"history": "ExplorerRun.0", "point": 1, "testname": "my_lib_pmos_tb_1", "cornername": "Nominal"}
[2026-04-12 01:27:44.799 +0700] [INFO] [cadence.virtuoso.ade.simulationMonitor] -    -   (APS) Multi-threading. The recommended number of threads is 1, consider adding +mt=1 on command line. {"history": "ExplorerRun.0", "point": 1, "testname": "my_lib_pmos_tb_1", "cornername": "Nominal"}
[2026-04-12 01:27:44.799 +0700] [INFO] [cadence.virtuoso.ade.simulationMonitor] - Total time required for dc analysis `dcOp': CPU = 1.852 ms, elapsed = 2.76303 ms. {"history": "ExplorerRun.0", "point": 1, "testname": "my_lib_pmos_tb_1", "cornername": "Nominal"}
[2026-04-12 01:27:44.800 +0700] [INFO] [cadence.virtuoso.ade.simulationMonitor] - Peak resident memory used = 109 Mbytes. {"history": "ExplorerRun.0", "point": 1, "testname": "my_lib_pmos_tb_1", "cornername": "Nominal"}
[2026-04-12 01:27:44.800 +0700] [INFO] [cadence.virtuoso.ade.simulationMonitor] - Notice from spectre at vg = 1.2 during DC analysis `dc'.
    The value of parameter 'vg' has been reset to the original value 0.9. {"history": "ExplorerRun.0", "point": 1, "testname": "my_lib_pmos_tb_1", "cornername": "Nominal"}
[2026-04-12 01:27:44.800 +0700] [INFO] [cadence.virtuoso.ade.simulationMonitor] - Total time required for dc analysis `dc': CPU = 5.278 ms, elapsed = 6.26183 ms. {"history": "ExplorerRun.0", "point": 1, "testname": "my_lib_pmos_tb_1", "cornername": "Nominal"}
[2026-04-12 01:27:44.800 +0700] [INFO] [cadence.virtuoso.ade.simulationMonitor] - Peak resident memory used = 110 Mbytes. {"history": "ExplorerRun.0", "point": 1, "testname": "my_lib_pmos_tb_1", "cornername": "Nominal"}
[2026-04-12 01:27:44.800 +0700] [INFO] [cadence.virtuoso.ade.simulationMonitor] - Time used: CPU = 473 ms, elapsed = 20.8 s, util. = 2.28%. {"history": "ExplorerRun.0", "point": 1, "testname": "my_lib_pmos_tb_1", "cornername": "Nominal"}
[2026-04-12 01:27:44.800 +0700] [INFO] [cadence.virtuoso.ade.simulationMonitor] - Time spent in licensing: elapsed = 20.3 s, percentage of total = 97.6%. {"history": "ExplorerRun.0", "point": 1, "testname": "my_lib_pmos_tb_1", "cornername": "Nominal"}
[2026-04-12 01:27:44.800 +0700] [INFO] [cadence.virtuoso.ade.simulationMonitor] - Peak memory used = 111 Mbytes. {"history": "ExplorerRun.0", "point": 1, "testname": "my_lib_pmos_tb_1", "cornername": "Nominal"}
[2026-04-12 01:27:44.800 +0700] [PROCESS] [cadence.virtuoso.ade.simulationMonitor] - Simulation started at: 1:27:23 AM, Sun Apr 12, 2026, ended at: 1:27:44 AM, Sun Apr 12, 2026, with elapsed time (wall clock): 20.8 s. {"history": "ExplorerRun.0", "point": 1, "testname": "my_lib_pmos_tb_1", "cornername": "Nominal"}
[2026-04-12 01:27:44.800 +0700] [PROCESS] [cadence.virtuoso.ade.simulationMonitor] - spectre completes with 0 errors, 0 warnings, and 5 notices. {"history": "ExplorerRun.0", "point": 1, "testname": "my_lib_pmos_tb_1", "cornername": "Nominal"}
[2026-04-12 01:27:44.800 +0700] [PROCESS] [cadence.virtuoso.ade.simulationMonitor] - Simulator exited {"hostname": "dtvt_13", "processid": 30177, "history": "ExplorerRun.0", "testname": "my_lib_pmos_tb_1", "cornername": "Nominal", "point": 1, "logfile": "/home/dtvt_13/truong/logs_dtvt_13/logs0/Job50.log", "exitStatus": "0"}
[2026-04-12 01:27:44.800 +0700] [PROCESS] [cadence.virtuoso.ade.simulationMonitor] - Finished Simulation {"hostname": "dtvt_13", "processid": 30177, "history": "ExplorerRun.0", "testname": "my_lib_pmos_tb_1", "cornername": "Nominal", "point": 1, "logfile": "/home/dtvt_13/truong/logs_dtvt_13/logs0/Job50.log", "simid": "6"}
[2026-04-12 01:27:45.304 +0700] [PROCESS] [cadence.virtuoso.ade.simulationMonitor] - Point Finished {"hostname": "dtvt_13", "processid": 30177, "history": "ExplorerRun.0", "testname": "my_lib_pmos_tb_1", "cornername": "Nominal", "point": 1, "logfile": "/home/dtvt_13/truong/logs_dtvt_13/logs0/Job50.log"}
[2026-04-12 01:27:45.313 +0700] [PROCESS] [cadence.virtuoso.ade.simulationMonitor] - HostInfo:
Host name (type):	dtvt_13 (x86_64)
Operating system:	Linux 3.10.0-1160.118.1.el7.x86_64 #1 SMP Wed Apr 24 16:01:50 UTC 2024 {"hostname": "dtvt_13", "processid": 30177, "history": "ExplorerRun.0", "testname": "my_lib_pmos_tb_1", "cornername": "Nominal", "point": 1, "logfile": "/home/dtvt_13/truong/logs_dtvt_13/logs0/Job50.log", "nodename": "dtvt_13", "domainname": "(none)", "machine": "x86_64", "sysname": "Linux", "release": "3.10.0-1160.118.1.el7.x86_64", "version": "#1 SMP Wed Apr 24 16:01:50 UTC 2024"}
[2026-04-12 01:27:45.313 +0700] [PROCESS] [cadence.virtuoso.ade.simulationMonitor] - UsageInfo:
pid=30177
totalPhysicalMemory=15.208324GB,Used=14.866131GB,totalVirtualMemory=22.895821GB,Used=14.920086GB
Cpu: Cores=24, Load average:0.280000,0.200000,0.160000 {"hostname": "dtvt_13", "processid": 30177, "history": "ExplorerRun.0", "testname": "my_lib_pmos_tb_1", "cornername": "Nominal", "point": 1, "logfile": "/home/dtvt_13/truong/logs_dtvt_13/logs0/Job50.log", "pid": "30177", "totalPhysicalMemory": "15.208324", "physicalMemoryUsed": "14.866131", "totalVirtualMemory": "22.895821", "virtualMemoryUsed": "14.920086", "cpuCores": "24", "processes": "2749", "loadAverage1": "0.280000", "loadAverage5": "0.200000", "loadAverage15": "0.160000", "loadAverage1Percent": "0.011667"}
[2026-04-12 01:27:45.314 +0700] [EVENT] [cadence.virtuoso.ade.simulationMonitor] - NewPoint {"history": "ExplorerRun.0", "point": 2, "testname": "my_lib_pmos_tb_1", "cornername": "Nominal", "event": "NewPoint", "EventSource": "Simulation Monitor", "HistoryName": "ExplorerRun.0", "logFile": "/home/dtvt_13/truong/logs_dtvt_13/logs0/Job50.log", "logFileSize": "52565"}
[2026-04-12 01:27:45.414 +0700] [EVENT] [cadence.virtuoso.ade.simulationMonitor] - NewPoint {"history": "ExplorerRun.0", "point": 2, "testname": "my_lib_pmos_tb_1", "cornername": "Nominal", "event": "NewPoint", "EventSource": "spectre", "HistoryName": "ExplorerRun.0", "logFile": "/home/dtvt_13/simulation/my_lib/pmos_tb/maestro/results/maestro/ExplorerRun.0/2/my_lib_pmos_tb_1/psf/spectre.out", "logFileSize": "-1"}
[2026-04-12 01:27:45.419 +0700] [PROCESS] [cadence.virtuoso.ade.simulationMonitor] - Simulator launched {"hostname": "dtvt_13", "processid": 30177, "history": "ExplorerRun.0", "testname": "my_lib_pmos_tb_1", "cornername": "Nominal", "point": 2, "logfile": "/home/dtvt_13/truong/logs_dtvt_13/logs0/Job50.log", "simid": "7"}
[2026-04-12 01:27:45.419 +0700] [PROCESS] [cadence.virtuoso.ade.simulationMonitor] - Started Simulation {"hostname": "dtvt_13", "processid": 30177, "history": "ExplorerRun.0", "testname": "my_lib_pmos_tb_1", "cornername": "Nominal", "point": 2, "logfile": "/home/dtvt_13/truong/logs_dtvt_13/logs0/Job50.log"}
[2026-04-12 01:28:06.709 +0700] [PROCESS] [cadence.virtuoso.ade.simulationMonitor] - Finished simulating for one point {"hostname": "dtvt_13", "processid": 30177, "history": "ExplorerRun.0", "testname": "my_lib_pmos_tb_1", "cornername": "Nominal", "point": 2, "logfile": "/home/dtvt_13/truong/logs_dtvt_13/logs0/Job50.log", "simid": "7"}
[2026-04-12 01:28:06.709 +0700] [INFO] [cadence.virtuoso.ade.simulationMonitor] - Peak resident memory used = 96 Mbytes. {"history": "ExplorerRun.0", "point": 2, "testname": "my_lib_pmos_tb_1", "cornername": "Nominal"}
[2026-04-12 01:28:06.710 +0700] [INFO] [cadence.virtuoso.ade.simulationMonitor] - Peak resident memory used = 105 Mbytes. {"history": "ExplorerRun.0", "point": 2, "testname": "my_lib_pmos_tb_1", "cornername": "Nominal"}
[2026-04-12 01:28:06.710 +0700] [INFO] [cadence.virtuoso.ade.simulationMonitor] - Notice from spectre during hierarchy flattening.
    The value 'psf' specified for the 'checklimitdest' option will no longer be supported in future releases. Use 'spectre -h' to see other recommended values for the 'checklimitdest' option. {"history": "ExplorerRun.0", "point": 2, "testname": "my_lib_pmos_tb_1", "cornername": "Nominal"}
[2026-04-12 01:28:06.710 +0700] [INFO] [cadence.virtuoso.ade.simulationMonitor] - Peak resident memory used = 106 Mbytes. {"history": "ExplorerRun.0", "point": 2, "testname": "my_lib_pmos_tb_1", "cornername": "Nominal"}
[2026-04-12 01:28:06.710 +0700] [INFO] [cadence.virtuoso.ade.simulationMonitor] - Notice from spectre during initial setup.
    Multithreading is disabled due to the size of the design being too small. {"history": "ExplorerRun.0", "point": 2, "testname": "my_lib_pmos_tb_1", "cornername": "Nominal"}
[2026-04-12 01:28:06.710 +0700] [INFO] [cadence.virtuoso.ade.simulationMonitor] -               nodes 8 {"history": "ExplorerRun.0", "point": 2, "testname": "my_lib_pmos_tb_1", "cornername": "Nominal"}
[2026-04-12 01:28:06.711 +0700] [INFO] [cadence.virtuoso.ade.simulationMonitor] - Notice from spectre during initial setup.
    APS enabled. {"history": "ExplorerRun.0", "point": 2, "testname": "my_lib_pmos_tb_1", "cornername": "Nominal"}
[2026-04-12 01:28:06.711 +0700] [INFO] [cadence.virtuoso.ade.simulationMonitor] - Peak resident memory used = 107 Mbytes. {"history": "ExplorerRun.0", "point": 2, "testname": "my_lib_pmos_tb_1", "cornername": "Nominal"}
[2026-04-12 01:28:06.711 +0700] [INFO] [cadence.virtuoso.ade.simulationMonitor] -    -   (APS) Multi-threading. The recommended number of threads is 1, consider adding +mt=1 on command line. {"history": "ExplorerRun.0", "point": 2, "testname": "my_lib_pmos_tb_1", "cornername": "Nominal"}
[2026-04-12 01:28:06.711 +0700] [INFO] [cadence.virtuoso.ade.simulationMonitor] - Total time required for dc analysis `dcOp': CPU = 1.669 ms, elapsed = 2.7349 ms. {"history": "ExplorerRun.0", "point": 2, "testname": "my_lib_pmos_tb_1", "cornername": "Nominal"}
[2026-04-12 01:28:06.711 +0700] [INFO] [cadence.virtuoso.ade.simulationMonitor] - Peak resident memory used = 109 Mbytes. {"history": "ExplorerRun.0", "point": 2, "testname": "my_lib_pmos_tb_1", "cornername": "Nominal"}
[2026-04-12 01:28:06.711 +0700] [INFO] [cadence.virtuoso.ade.simulationMonitor] - Notice from spectre at vg = 1.2 during DC analysis `dc'.
    The value of parameter 'vg' has been reset to the original value 0.9. {"history": "ExplorerRun.0", "point": 2, "testname": "my_lib_pmos_tb_1", "cornername": "Nominal"}
[2026-04-12 01:28:06.711 +0700] [INFO] [cadence.virtuoso.ade.simulationMonitor] - Total time required for dc analysis `dc': CPU = 2.843 ms, elapsed = 3.75199 ms. {"history": "ExplorerRun.0", "point": 2, "testname": "my_lib_pmos_tb_1", "cornername": "Nominal"}
[2026-04-12 01:28:06.711 +0700] [INFO] [cadence.virtuoso.ade.simulationMonitor] - Peak resident memory used = 110 Mbytes. {"history": "ExplorerRun.0", "point": 2, "testname": "my_lib_pmos_tb_1", "cornername": "Nominal"}
[2026-04-12 01:28:06.711 +0700] [INFO] [cadence.virtuoso.ade.simulationMonitor] - Time used: CPU = 445 ms, elapsed = 20.7 s, util. = 2.15%. {"history": "ExplorerRun.0", "point": 2, "testname": "my_lib_pmos_tb_1", "cornername": "Nominal"}
[2026-04-12 01:28:06.711 +0700] [INFO] [cadence.virtuoso.ade.simulationMonitor] - Time spent in licensing: elapsed = 20.3 s, percentage of total = 97.8%. {"history": "ExplorerRun.0", "point": 2, "testname": "my_lib_pmos_tb_1", "cornername": "Nominal"}
[2026-04-12 01:28:06.711 +0700] [INFO] [cadence.virtuoso.ade.simulationMonitor] - Peak memory used = 111 Mbytes. {"history": "ExplorerRun.0", "point": 2, "testname": "my_lib_pmos_tb_1", "cornername": "Nominal"}
[2026-04-12 01:28:06.711 +0700] [PROCESS] [cadence.virtuoso.ade.simulationMonitor] - Simulation started at: 1:27:45 AM, Sun Apr 12, 2026, ended at: 1:28:06 AM, Sun Apr 12, 2026, with elapsed time (wall clock): 20.7 s. {"history": "ExplorerRun.0", "point": 2, "testname": "my_lib_pmos_tb_1", "cornername": "Nominal"}
[2026-04-12 01:28:06.711 +0700] [PROCESS] [cadence.virtuoso.ade.simulationMonitor] - spectre completes with 0 errors, 0 warnings, and 5 notices. {"history": "ExplorerRun.0", "point": 2, "testname": "my_lib_pmos_tb_1", "cornername": "Nominal"}
[2026-04-12 01:28:06.711 +0700] [PROCESS] [cadence.virtuoso.ade.simulationMonitor] - Simulator exited {"hostname": "dtvt_13", "processid": 30177, "history": "ExplorerRun.0", "testname": "my_lib_pmos_tb_1", "cornername": "Nominal", "point": 2, "logfile": "/home/dtvt_13/truong/logs_dtvt_13/logs0/Job50.log", "exitStatus": "0"}
[2026-04-12 01:28:06.711 +0700] [PROCESS] [cadence.virtuoso.ade.simulationMonitor] - Finished Simulation {"hostname": "dtvt_13", "processid": 30177, "history": "ExplorerRun.0", "testname": "my_lib_pmos_tb_1", "cornername": "Nominal", "point": 2, "logfile": "/home/dtvt_13/truong/logs_dtvt_13/logs0/Job50.log", "simid": "7"}
[2026-04-12 01:28:07.216 +0700] [PROCESS] [cadence.virtuoso.ade.simulationMonitor] - Point Finished {"hostname": "dtvt_13", "processid": 30177, "history": "ExplorerRun.0", "testname": "my_lib_pmos_tb_1", "cornername": "Nominal", "point": 2, "logfile": "/home/dtvt_13/truong/logs_dtvt_13/logs0/Job50.log"}
[2026-04-12 01:28:07.218 +0700] [PROCESS] [cadence.virtuoso.ade.simulationMonitor] - HostInfo:
Host name (type):	dtvt_13 (x86_64)
Operating system:	Linux 3.10.0-1160.118.1.el7.x86_64 #1 SMP Wed Apr 24 16:01:50 UTC 2024 {"hostname": "dtvt_13", "processid": 30177, "history": "ExplorerRun.0", "testname": "my_lib_pmos_tb_1", "cornername": "Nominal", "point": 2, "logfile": "/home/dtvt_13/truong/logs_dtvt_13/logs0/Job50.log", "nodename": "dtvt_13", "domainname": "(none)", "machine": "x86_64", "sysname": "Linux", "release": "3.10.0-1160.118.1.el7.x86_64", "version": "#1 SMP Wed Apr 24 16:01:50 UTC 2024"}
[2026-04-12 01:28:07.218 +0700] [PROCESS] [cadence.virtuoso.ade.simulationMonitor] - UsageInfo:
pid=30177
totalPhysicalMemory=15.208324GB,Used=14.858322GB,totalVirtualMemory=22.895821GB,Used=14.912277GB
Cpu: Cores=24, Load average:0.420000,0.230000,0.170000 {"hostname": "dtvt_13", "processid": 30177, "history": "ExplorerRun.0", "testname": "my_lib_pmos_tb_1", "cornername": "Nominal", "point": 2, "logfile": "/home/dtvt_13/truong/logs_dtvt_13/logs0/Job50.log", "pid": "30177", "totalPhysicalMemory": "15.208324", "physicalMemoryUsed": "14.858322", "totalVirtualMemory": "22.895821", "virtualMemoryUsed": "14.912277", "cpuCores": "24", "processes": "2749", "loadAverage1": "0.420000", "loadAverage5": "0.230000", "loadAverage15": "0.170000", "loadAverage1Percent": "0.017500"}
[2026-04-12 01:28:07.218 +0700] [EVENT] [cadence.virtuoso.ade.simulationMonitor] - NewPoint {"history": "ExplorerRun.0", "point": 3, "testname": "my_lib_pmos_tb_1", "cornername": "Nominal", "event": "NewPoint", "EventSource": "Simulation Monitor", "HistoryName": "ExplorerRun.0", "logFile": "/home/dtvt_13/truong/logs_dtvt_13/logs0/Job50.log", "logFileSize": "60742"}
[2026-04-12 01:28:07.322 +0700] [EVENT] [cadence.virtuoso.ade.simulationMonitor] - NewPoint {"history": "ExplorerRun.0", "point": 3, "testname": "my_lib_pmos_tb_1", "cornername": "Nominal", "event": "NewPoint", "EventSource": "spectre", "HistoryName": "ExplorerRun.0", "logFile": "/home/dtvt_13/simulation/my_lib/pmos_tb/maestro/results/maestro/ExplorerRun.0/3/my_lib_pmos_tb_1/psf/spectre.out", "logFileSize": "-1"}
[2026-04-12 01:28:07.324 +0700] [PROCESS] [cadence.virtuoso.ade.simulationMonitor] - Simulator launched {"hostname": "dtvt_13", "processid": 30177, "history": "ExplorerRun.0", "testname": "my_lib_pmos_tb_1", "cornername": "Nominal", "point": 3, "logfile": "/home/dtvt_13/truong/logs_dtvt_13/logs0/Job50.log", "simid": "8"}
[2026-04-12 01:28:07.325 +0700] [PROCESS] [cadence.virtuoso.ade.simulationMonitor] - Started Simulation {"hostname": "dtvt_13", "processid": 30177, "history": "ExplorerRun.0", "testname": "my_lib_pmos_tb_1", "cornername": "Nominal", "point": 3, "logfile": "/home/dtvt_13/truong/logs_dtvt_13/logs0/Job50.log"}
[2026-04-12 01:28:28.609 +0700] [PROCESS] [cadence.virtuoso.ade.simulationMonitor] - Finished simulating for one point {"hostname": "dtvt_13", "processid": 30177, "history": "ExplorerRun.0", "testname": "my_lib_pmos_tb_1", "cornername": "Nominal", "point": 3, "logfile": "/home/dtvt_13/truong/logs_dtvt_13/logs0/Job50.log", "simid": "8"}
[2026-04-12 01:28:28.610 +0700] [INFO] [cadence.virtuoso.ade.simulationMonitor] - Peak resident memory used = 96 Mbytes. {"history": "ExplorerRun.0", "point": 3, "testname": "my_lib_pmos_tb_1", "cornername": "Nominal"}
[2026-04-12 01:28:28.610 +0700] [INFO] [cadence.virtuoso.ade.simulationMonitor] - Peak resident memory used = 105 Mbytes. {"history": "ExplorerRun.0", "point": 3, "testname": "my_lib_pmos_tb_1", "cornername": "Nominal"}
[2026-04-12 01:28:28.610 +0700] [INFO] [cadence.virtuoso.ade.simulationMonitor] - Notice from spectre during hierarchy flattening.
    The value 'psf' specified for the 'checklimitdest' option will no longer be supported in future releases. Use 'spectre -h' to see other recommended values for the 'checklimitdest' option. {"history": "ExplorerRun.0", "point": 3, "testname": "my_lib_pmos_tb_1", "cornername": "Nominal"}
[2026-04-12 01:28:28.610 +0700] [INFO] [cadence.virtuoso.ade.simulationMonitor] - Peak resident memory used = 106 Mbytes. {"history": "ExplorerRun.0", "point": 3, "testname": "my_lib_pmos_tb_1", "cornername": "Nominal"}
[2026-04-12 01:28:28.610 +0700] [ERROR] [cadence.virtuoso.ade.simulationMonitor] -     ERROR (CMI-2440): "/home/dtvt_13/WORK/65NTSMC/tsmcN65/../models/spectre/crn65gplus_2d5_lk_v1d0.scs" 6176: M0:  The length, width, or area of the instance does not fit the given lmax-lmin, wmax-wmin, or areamax-areamin range for any model in the `M0.pch_rf_18' group. The channel width is 6.000000e-06 and length is 3.900000e-07. Specify channel width and length that do not exceed the referenced maximal area Lmax=3.801000e-07, Lmin=2.600000e-07, Wmax=1.001000e-05,and Wmin=1.000000e-06. You can choose the ... {"history": "ExplorerRun.0", "point": 3, "testname": "my_lib_pmos_tb_1", "cornername": "Nominal"}
[2026-04-12 01:28:28.610 +0700] [INFO] [cadence.virtuoso.ade.simulationMonitor] - Time used: CPU = 418 ms, elapsed = 20.7 s, util. = 2.02%. {"history": "ExplorerRun.0", "point": 3, "testname": "my_lib_pmos_tb_1", "cornername": "Nominal"}
[2026-04-12 01:28:28.610 +0700] [INFO] [cadence.virtuoso.ade.simulationMonitor] - Time spent in licensing: elapsed = 20.3 s, percentage of total = 98%. {"history": "ExplorerRun.0", "point": 3, "testname": "my_lib_pmos_tb_1", "cornername": "Nominal"}
[2026-04-12 01:28:28.610 +0700] [INFO] [cadence.virtuoso.ade.simulationMonitor] - Peak memory used = 106 Mbytes. {"history": "ExplorerRun.0", "point": 3, "testname": "my_lib_pmos_tb_1", "cornername": "Nominal"}
[2026-04-12 01:28:28.610 +0700] [PROCESS] [cadence.virtuoso.ade.simulationMonitor] - Simulation started at: 1:28:07 AM, Sun Apr 12, 2026, ended at: 1:28:28 AM, Sun Apr 12, 2026, with elapsed time (wall clock): 20.7 s. {"history": "ExplorerRun.0", "point": 3, "testname": "my_lib_pmos_tb_1", "cornername": "Nominal"}
[2026-04-12 01:28:28.610 +0700] [PROCESS] [cadence.virtuoso.ade.simulationMonitor] - spectre completes with 1 error, 0 warnings, and 1 notice. {"history": "ExplorerRun.0", "point": 3, "testname": "my_lib_pmos_tb_1", "cornername": "Nominal"}
[2026-04-12 01:28:28.610 +0700] [FATAL] [cadence.virtuoso.ade.simulationMonitor] - spectre terminated prematurely due to fatal error. {"history": "ExplorerRun.0", "point": 3, "testname": "my_lib_pmos_tb_1", "cornername": "Nominal"}
[2026-04-12 01:28:28.610 +0700] [ERROR] [cadence.virtuoso.ade.simulationMonitor] - While simulating run ExplorerRun.0, point 3, test my_lib_pmos_tb_1, received error:
Simulation Error:
 The simulator process returned a non-zero exit code, indicating failure.
The simulator could have crashed or intentionally returned to indicate an error.
Check the simulator log file for more information.  Common causes:
1. Simulator may have crashed during exit even after reporting success in log file.
2. Abrupt automatic simulator termination (e.g., SIGKILL) because the simulator process has
   exceeded... {"history": "ExplorerRun.0", "point": 3, "testname": "my_lib_pmos_tb_1", "cornername": "Nominal"}
[2026-04-12 01:28:28.611 +0700] [PROCESS] [cadence.virtuoso.ade.simulationMonitor] - Finished Simulation {"hostname": "dtvt_13", "processid": 30177, "history": "ExplorerRun.0", "testname": "my_lib_pmos_tb_1", "cornername": "Nominal", "point": 3, "logfile": "/home/dtvt_13/truong/logs_dtvt_13/logs0/Job50.log", "simid": "8"}
[2026-04-12 01:28:28.612 +0700] [PROCESS] [cadence.virtuoso.ade.simulationMonitor] - HostInfo:
Host name (type):	dtvt_13 (x86_64)
Operating system:	Linux 3.10.0-1160.118.1.el7.x86_64 #1 SMP Wed Apr 24 16:01:50 UTC 2024 {"hostname": "dtvt_13", "processid": 30177, "history": "ExplorerRun.0", "testname": "my_lib_pmos_tb_1", "cornername": "Nominal", "point": 3, "logfile": "/home/dtvt_13/truong/logs_dtvt_13/logs0/Job50.log", "nodename": "dtvt_13", "domainname": "(none)", "machine": "x86_64", "sysname": "Linux", "release": "3.10.0-1160.118.1.el7.x86_64", "version": "#1 SMP Wed Apr 24 16:01:50 UTC 2024"}
[2026-04-12 01:28:28.612 +0700] [PROCESS] [cadence.virtuoso.ade.simulationMonitor] - UsageInfo:
pid=30177
totalPhysicalMemory=15.208324GB,Used=14.860832GB,totalVirtualMemory=22.895821GB,Used=14.914787GB
Cpu: Cores=24, Load average:0.440000,0.250000,0.180000 {"hostname": "dtvt_13", "processid": 30177, "history": "ExplorerRun.0", "testname": "my_lib_pmos_tb_1", "cornername": "Nominal", "point": 3, "logfile": "/home/dtvt_13/truong/logs_dtvt_13/logs0/Job50.log", "pid": "30177", "totalPhysicalMemory": "15.208324", "physicalMemoryUsed": "14.860832", "totalVirtualMemory": "22.895821", "virtualMemoryUsed": "14.914787", "cpuCores": "24", "processes": "2744", "loadAverage1": "0.440000", "loadAverage5": "0.250000", "loadAverage15": "0.180000", "loadAverage1Percent": "0.018333"}
[2026-04-12 01:28:28.612 +0700] [EVENT] [cadence.virtuoso.ade.simulationMonitor] - NewPoint {"history": "ExplorerRun.0", "point": 4, "testname": "my_lib_pmos_tb_1", "cornername": "Nominal", "event": "NewPoint", "EventSource": "Simulation Monitor", "HistoryName": "ExplorerRun.0", "logFile": "/home/dtvt_13/truong/logs_dtvt_13/logs0/Job50.log", "logFileSize": "68942"}
[2026-04-12 01:28:28.716 +0700] [EVENT] [cadence.virtuoso.ade.simulationMonitor] - NewPoint {"history": "ExplorerRun.0", "point": 4, "testname": "my_lib_pmos_tb_1", "cornername": "Nominal", "event": "NewPoint", "EventSource": "spectre", "HistoryName": "ExplorerRun.0", "logFile": "/home/dtvt_13/simulation/my_lib/pmos_tb/maestro/results/maestro/ExplorerRun.0/4/my_lib_pmos_tb_1/psf/spectre.out", "logFileSize": "-1"}
[2026-04-12 01:28:28.719 +0700] [PROCESS] [cadence.virtuoso.ade.simulationMonitor] - Simulator launched {"hostname": "dtvt_13", "processid": 30177, "history": "ExplorerRun.0", "testname": "my_lib_pmos_tb_1", "cornername": "Nominal", "point": 4, "logfile": "/home/dtvt_13/truong/logs_dtvt_13/logs0/Job50.log", "simid": "9"}
[2026-04-12 01:28:28.719 +0700] [PROCESS] [cadence.virtuoso.ade.simulationMonitor] - Started Simulation {"hostname": "dtvt_13", "processid": 30177, "history": "ExplorerRun.0", "testname": "my_lib_pmos_tb_1", "cornername": "Nominal", "point": 4, "logfile": "/home/dtvt_13/truong/logs_dtvt_13/logs0/Job50.log"}
[2026-04-12 01:28:49.579 +0700] [INFO] [cadence.virtuoso.ade.simulationMonitor] - Peak resident memory used = 96 Mbytes. {"history": "ExplorerRun.0", "point": 4, "testname": "my_lib_pmos_tb_1", "cornername": "Nominal"}
[2026-04-12 01:28:50.080 +0700] [PROCESS] [cadence.virtuoso.ade.simulationMonitor] - Finished simulating for one point {"hostname": "dtvt_13", "processid": 30177, "history": "ExplorerRun.0", "testname": "my_lib_pmos_tb_1", "cornername": "Nominal", "point": 4, "logfile": "/home/dtvt_13/truong/logs_dtvt_13/logs0/Job50.log", "simid": "9"}
[2026-04-12 01:28:50.081 +0700] [INFO] [cadence.virtuoso.ade.simulationMonitor] - Peak resident memory used = 105 Mbytes. {"history": "ExplorerRun.0", "point": 4, "testname": "my_lib_pmos_tb_1", "cornername": "Nominal"}
[2026-04-12 01:28:50.082 +0700] [INFO] [cadence.virtuoso.ade.simulationMonitor] - Notice from spectre during hierarchy flattening.
    The value 'psf' specified for the 'checklimitdest' option will no longer be supported in future releases. Use 'spectre -h' to see other recommended values for the 'checklimitdest' option. {"history": "ExplorerRun.0", "point": 4, "testname": "my_lib_pmos_tb_1", "cornername": "Nominal"}
[2026-04-12 01:28:50.082 +0700] [INFO] [cadence.virtuoso.ade.simulationMonitor] - Peak resident memory used = 106 Mbytes. {"history": "ExplorerRun.0", "point": 4, "testname": "my_lib_pmos_tb_1", "cornername": "Nominal"}
[2026-04-12 01:28:50.083 +0700] [ERROR] [cadence.virtuoso.ade.simulationMonitor] -     ERROR (CMI-2440): "/home/dtvt_13/WORK/65NTSMC/tsmcN65/../models/spectre/crn65gplus_2d5_lk_v1d0.scs" 6176: M0:  The length, width, or area of the instance does not fit the given lmax-lmin, wmax-wmin, or areamax-areamin range for any model in the `M0.pch_rf_18' group. The channel width is 6.000000e-06 and length is 4.450000e-07. Specify channel width and length that do not exceed the referenced maximal area Lmax=3.801000e-07, Lmin=2.600000e-07, Wmax=1.001000e-05,and Wmin=1.000000e-06. You can choose the ... {"history": "ExplorerRun.0", "point": 4, "testname": "my_lib_pmos_tb_1", "cornername": "Nominal"}
[2026-04-12 01:28:50.083 +0700] [INFO] [cadence.virtuoso.ade.simulationMonitor] - Time used: CPU = 443 ms, elapsed = 20.7 s, util. = 2.14%. {"history": "ExplorerRun.0", "point": 4, "testname": "my_lib_pmos_tb_1", "cornername": "Nominal"}
[2026-04-12 01:28:50.084 +0700] [INFO] [cadence.virtuoso.ade.simulationMonitor] - Time spent in licensing: elapsed = 20.3 s, percentage of total = 97.9%. {"history": "ExplorerRun.0", "point": 4, "testname": "my_lib_pmos_tb_1", "cornername": "Nominal"}
[2026-04-12 01:28:50.084 +0700] [INFO] [cadence.virtuoso.ade.simulationMonitor] - Peak memory used = 106 Mbytes. {"history": "ExplorerRun.0", "point": 4, "testname": "my_lib_pmos_tb_1", "cornername": "Nominal"}
[2026-04-12 01:28:50.084 +0700] [PROCESS] [cadence.virtuoso.ade.simulationMonitor] - Simulation started at: 1:28:28 AM, Sun Apr 12, 2026, ended at: 1:28:49 AM, Sun Apr 12, 2026, with elapsed time (wall clock): 20.7 s. {"history": "ExplorerRun.0", "point": 4, "testname": "my_lib_pmos_tb_1", "cornername": "Nominal"}
[2026-04-12 01:28:50.084 +0700] [PROCESS] [cadence.virtuoso.ade.simulationMonitor] - spectre completes with 1 error, 0 warnings, and 1 notice. {"history": "ExplorerRun.0", "point": 4, "testname": "my_lib_pmos_tb_1", "cornername": "Nominal"}
[2026-04-12 01:28:50.085 +0700] [FATAL] [cadence.virtuoso.ade.simulationMonitor] - spectre terminated prematurely due to fatal error. {"history": "ExplorerRun.0", "point": 4, "testname": "my_lib_pmos_tb_1", "cornername": "Nominal"}
[2026-04-12 01:28:50.085 +0700] [ERROR] [cadence.virtuoso.ade.simulationMonitor] - While simulating run ExplorerRun.0, point 4, test my_lib_pmos_tb_1, received error:
Simulation Error:
 The simulator process returned a non-zero exit code, indicating failure.
The simulator could have crashed or intentionally returned to indicate an error.
Check the simulator log file for more information.  Common causes:
1. Simulator may have crashed during exit even after reporting success in log file.
2. Abrupt automatic simulator termination (e.g., SIGKILL) because the simulator process has
   exceeded... {"history": "ExplorerRun.0", "point": 4, "testname": "my_lib_pmos_tb_1", "cornername": "Nominal"}
[2026-04-12 01:28:50.085 +0700] [PROCESS] [cadence.virtuoso.ade.simulationMonitor] - Finished Simulation {"hostname": "dtvt_13", "processid": 30177, "history": "ExplorerRun.0", "testname": "my_lib_pmos_tb_1", "cornername": "Nominal", "point": 4, "logfile": "/home/dtvt_13/truong/logs_dtvt_13/logs0/Job50.log", "simid": "9"}
[2026-04-12 01:28:50.091 +0700] [PROCESS] [cadence.virtuoso.ade.simulationMonitor] - HostInfo:
Host name (type):	dtvt_13 (x86_64)
Operating system:	Linux 3.10.0-1160.118.1.el7.x86_64 #1 SMP Wed Apr 24 16:01:50 UTC 2024 {"hostname": "dtvt_13", "processid": 30177, "history": "ExplorerRun.0", "testname": "my_lib_pmos_tb_1", "cornername": "Nominal", "point": 4, "logfile": "/home/dtvt_13/truong/logs_dtvt_13/logs0/Job50.log", "nodename": "dtvt_13", "domainname": "(none)", "machine": "x86_64", "sysname": "Linux", "release": "3.10.0-1160.118.1.el7.x86_64", "version": "#1 SMP Wed Apr 24 16:01:50 UTC 2024"}
[2026-04-12 01:28:50.091 +0700] [PROCESS] [cadence.virtuoso.ade.simulationMonitor] - UsageInfo:
pid=30177
totalPhysicalMemory=15.208324GB,Used=14.866974GB,totalVirtualMemory=22.895821GB,Used=14.920929GB
Cpu: Cores=24, Load average:0.410000,0.260000,0.180000 {"hostname": "dtvt_13", "processid": 30177, "history": "ExplorerRun.0", "testname": "my_lib_pmos_tb_1", "cornername": "Nominal", "point": 4, "logfile": "/home/dtvt_13/truong/logs_dtvt_13/logs0/Job50.log", "pid": "30177", "totalPhysicalMemory": "15.208324", "physicalMemoryUsed": "14.866974", "totalVirtualMemory": "22.895821", "virtualMemoryUsed": "14.920929", "cpuCores": "24", "processes": "2744", "loadAverage1": "0.410000", "loadAverage5": "0.260000", "loadAverage15": "0.180000", "loadAverage1Percent": "0.017083"}
[2026-04-12 01:28:50.092 +0700] [EVENT] [cadence.virtuoso.ade.simulationMonitor] - NewPoint {"history": "ExplorerRun.0", "point": 5, "testname": "my_lib_pmos_tb_1", "cornername": "Nominal", "event": "NewPoint", "EventSource": "Simulation Monitor", "HistoryName": "ExplorerRun.0", "logFile": "/home/dtvt_13/truong/logs_dtvt_13/logs0/Job50.log", "logFileSize": "76366"}
[2026-04-12 01:28:50.194 +0700] [EVENT] [cadence.virtuoso.ade.simulationMonitor] - NewPoint {"history": "ExplorerRun.0", "point": 5, "testname": "my_lib_pmos_tb_1", "cornername": "Nominal", "event": "NewPoint", "EventSource": "spectre", "HistoryName": "ExplorerRun.0", "logFile": "/home/dtvt_13/simulation/my_lib/pmos_tb/maestro/results/maestro/ExplorerRun.0/5/my_lib_pmos_tb_1/psf/spectre.out", "logFileSize": "-1"}
[2026-04-12 01:28:50.203 +0700] [PROCESS] [cadence.virtuoso.ade.simulationMonitor] - Simulator launched {"hostname": "dtvt_13", "processid": 30177, "history": "ExplorerRun.0", "testname": "my_lib_pmos_tb_1", "cornername": "Nominal", "point": 5, "logfile": "/home/dtvt_13/truong/logs_dtvt_13/logs0/Job50.log", "simid": "10"}
[2026-04-12 01:28:50.204 +0700] [PROCESS] [cadence.virtuoso.ade.simulationMonitor] - Started Simulation {"hostname": "dtvt_13", "processid": 30177, "history": "ExplorerRun.0", "testname": "my_lib_pmos_tb_1", "cornername": "Nominal", "point": 5, "logfile": "/home/dtvt_13/truong/logs_dtvt_13/logs0/Job50.log"}
[2026-04-12 01:29:11.593 +0700] [PROCESS] [cadence.virtuoso.ade.simulationMonitor] - Finished simulating for one point {"hostname": "dtvt_13", "processid": 30177, "history": "ExplorerRun.0", "testname": "my_lib_pmos_tb_1", "cornername": "Nominal", "point": 5, "logfile": "/home/dtvt_13/truong/logs_dtvt_13/logs0/Job50.log", "simid": "10"}
[2026-04-12 01:29:11.594 +0700] [INFO] [cadence.virtuoso.ade.simulationMonitor] - Peak resident memory used = 96 Mbytes. {"history": "ExplorerRun.0", "point": 5, "testname": "my_lib_pmos_tb_1", "cornername": "Nominal"}
[2026-04-12 01:29:11.594 +0700] [INFO] [cadence.virtuoso.ade.simulationMonitor] - Peak resident memory used = 105 Mbytes. {"history": "ExplorerRun.0", "point": 5, "testname": "my_lib_pmos_tb_1", "cornername": "Nominal"}
[2026-04-12 01:29:11.594 +0700] [INFO] [cadence.virtuoso.ade.simulationMonitor] - Notice from spectre during hierarchy flattening.
    The value 'psf' specified for the 'checklimitdest' option will no longer be supported in future releases. Use 'spectre -h' to see other recommended values for the 'checklimitdest' option. {"history": "ExplorerRun.0", "point": 5, "testname": "my_lib_pmos_tb_1", "cornername": "Nominal"}
[2026-04-12 01:29:11.594 +0700] [INFO] [cadence.virtuoso.ade.simulationMonitor] - Peak resident memory used = 106 Mbytes. {"history": "ExplorerRun.0", "point": 5, "testname": "my_lib_pmos_tb_1", "cornername": "Nominal"}
[2026-04-12 01:29:11.594 +0700] [ERROR] [cadence.virtuoso.ade.simulationMonitor] -     ERROR (CMI-2440): "/home/dtvt_13/WORK/65NTSMC/tsmcN65/../models/spectre/crn65gplus_2d5_lk_v1d0.scs" 6176: M0:  The length, width, or area of the instance does not fit the given lmax-lmin, wmax-wmin, or areamax-areamin range for any model in the `M0.pch_rf_18' group. The channel width is 6.000000e-06 and length is 5.000000e-07. Specify channel width and length that do not exceed the referenced maximal area Lmax=3.801000e-07, Lmin=2.600000e-07, Wmax=1.001000e-05,and Wmin=1.000000e-06. You can choose the ... {"history": "ExplorerRun.0", "point": 5, "testname": "my_lib_pmos_tb_1", "cornername": "Nominal"}
[2026-04-12 01:29:11.594 +0700] [INFO] [cadence.virtuoso.ade.simulationMonitor] - Time used: CPU = 481 ms, elapsed = 20.7 s, util. = 2.32%. {"history": "ExplorerRun.0", "point": 5, "testname": "my_lib_pmos_tb_1", "cornername": "Nominal"}
[2026-04-12 01:29:11.594 +0700] [INFO] [cadence.virtuoso.ade.simulationMonitor] - Time spent in licensing: elapsed = 20.3 s, percentage of total = 97.8%. {"history": "ExplorerRun.0", "point": 5, "testname": "my_lib_pmos_tb_1", "cornername": "Nominal"}
[2026-04-12 01:29:11.595 +0700] [INFO] [cadence.virtuoso.ade.simulationMonitor] - Peak memory used = 106 Mbytes. {"history": "ExplorerRun.0", "point": 5, "testname": "my_lib_pmos_tb_1", "cornername": "Nominal"}
[2026-04-12 01:29:11.595 +0700] [PROCESS] [cadence.virtuoso.ade.simulationMonitor] - Simulation started at: 1:28:50 AM, Sun Apr 12, 2026, ended at: 1:29:11 AM, Sun Apr 12, 2026, with elapsed time (wall clock): 20.7 s. {"history": "ExplorerRun.0", "point": 5, "testname": "my_lib_pmos_tb_1", "cornername": "Nominal"}
[2026-04-12 01:29:11.595 +0700] [PROCESS] [cadence.virtuoso.ade.simulationMonitor] - spectre completes with 1 error, 0 warnings, and 1 notice. {"history": "ExplorerRun.0", "point": 5, "testname": "my_lib_pmos_tb_1", "cornername": "Nominal"}
[2026-04-12 01:29:11.595 +0700] [FATAL] [cadence.virtuoso.ade.simulationMonitor] - spectre terminated prematurely due to fatal error. {"history": "ExplorerRun.0", "point": 5, "testname": "my_lib_pmos_tb_1", "cornername": "Nominal"}
[2026-04-12 01:29:11.595 +0700] [ERROR] [cadence.virtuoso.ade.simulationMonitor] - While simulating run ExplorerRun.0, point 5, test my_lib_pmos_tb_1, received error:
Simulation Error:
 The simulator process returned a non-zero exit code, indicating failure.
The simulator could have crashed or intentionally returned to indicate an error.
Check the simulator log file for more information.  Common causes:
1. Simulator may have crashed during exit even after reporting success in log file.
2. Abrupt automatic simulator termination (e.g., SIGKILL) because the simulator process has
   exceeded... {"history": "ExplorerRun.0", "point": 5, "testname": "my_lib_pmos_tb_1", "cornername": "Nominal"}
[2026-04-12 01:29:11.595 +0700] [PROCESS] [cadence.virtuoso.ade.simulationMonitor] - Finished Simulation {"hostname": "dtvt_13", "processid": 30177, "history": "ExplorerRun.0", "testname": "my_lib_pmos_tb_1", "cornername": "Nominal", "point": 5, "logfile": "/home/dtvt_13/truong/logs_dtvt_13/logs0/Job50.log", "simid": "10"}
[2026-04-12 01:29:12.598 +0700] [PROCESS] [cadence.virtuoso.ade.simulationMonitor] - Stay with the runId '25', Linger time '300', currentRunSyn '51', currentTestSyn '51' {"hostname": "dtvt_13", "processid": 30177, "history": "ExplorerRun.0", "testname": "my_lib_pmos_tb_1", "cornername": "Nominal", "point": 5, "logfile": "/home/dtvt_13/truong/logs_dtvt_13/logs0/Job50.log"}
[2026-04-12 01:29:13.599 +0700] [PROCESS] [cadence.virtuoso.ade.simulationMonitor] - Stay with the runId '25', Linger time '300', currentRunSyn '51', currentTestSyn '51' {"hostname": "dtvt_13", "processid": 30177, "history": "ExplorerRun.0", "testname": "my_lib_pmos_tb_1", "cornername": "Nominal", "point": 5, "logfile": "/home/dtvt_13/truong/logs_dtvt_13/logs0/Job50.log"}
[2026-04-12 01:29:28.283 +0700] [INFO] [cadence.virtuoso.ade.simulationMonitor] - SimulationMonitor has terminated the vds process '859', reason: 'Force to stop the expression evalutor process because of new run' {"history": "ExplorerRun.0", "point": 5, "testname": "my_lib_pmos_tb_1", "cornername": "Nominal"}
[2026-04-12 01:29:28.284 +0700] [PROCESS] [cadence.virtuoso.ade.simulationMonitor] - HostInfo:
Host name (type):	dtvt_13 (x86_64)
Operating system:	Linux 3.10.0-1160.118.1.el7.x86_64 #1 SMP Wed Apr 24 16:01:50 UTC 2024 {"hostname": "dtvt_13", "processid": 30177, "history": "ExplorerRun.0", "testname": "my_lib_pmos_tb_1", "cornername": "Nominal", "point": 5, "logfile": "/home/dtvt_13/truong/logs_dtvt_13/logs0/Job50.log", "nodename": "dtvt_13", "domainname": "(none)", "machine": "x86_64", "sysname": "Linux", "release": "3.10.0-1160.118.1.el7.x86_64", "version": "#1 SMP Wed Apr 24 16:01:50 UTC 2024"}
[2026-04-12 01:29:28.284 +0700] [PROCESS] [cadence.virtuoso.ade.simulationMonitor] - UsageInfo:
pid=30177
totalPhysicalMemory=15.208324GB,Used=14.872467GB,totalVirtualMemory=22.895821GB,Used=14.926422GB
Cpu: Cores=24, Load average:0.910000,0.390000,0.230000 {"hostname": "dtvt_13", "processid": 30177, "history": "ExplorerRun.0", "testname": "my_lib_pmos_tb_1", "cornername": "Nominal", "point": 5, "logfile": "/home/dtvt_13/truong/logs_dtvt_13/logs0/Job50.log", "pid": "30177", "totalPhysicalMemory": "15.208324", "physicalMemoryUsed": "14.872467", "totalVirtualMemory": "22.895821", "virtualMemoryUsed": "14.926422", "cpuCores": "24", "processes": "2758", "loadAverage1": "0.910000", "loadAverage5": "0.390000", "loadAverage15": "0.230000", "loadAverage1Percent": "0.037917"}
[2026-04-12 01:29:28.285 +0700] [EVENT] [cadence.virtuoso.ade.simulationMonitor] - NewPoint {"history": "ExplorerRun.0", "point": 1, "testname": "my_lib_pmos_tb_1", "cornername": "Nominal", "event": "NewPoint", "EventSource": "Simulation Monitor", "HistoryName": "ExplorerRun.0", "logFile": "/home/dtvt_13/truong/logs_dtvt_13/logs0/Job50.log", "logFileSize": "84854"}
[2026-04-12 01:29:28.386 +0700] [EVENT] [cadence.virtuoso.ade.simulationMonitor] - NewPoint {"history": "ExplorerRun.0", "point": 1, "testname": "my_lib_pmos_tb_1", "cornername": "Nominal", "event": "NewPoint", "EventSource": "spectre", "HistoryName": "ExplorerRun.0", "logFile": "/home/dtvt_13/simulation/my_lib/pmos_tb/maestro/results/maestro/ExplorerRun.0/1/my_lib_pmos_tb_1/psf/spectre.out", "logFileSize": "-1"}
[2026-04-12 01:29:28.403 +0700] [PROCESS] [cadence.virtuoso.ade.simulationMonitor] - Simulator launched {"hostname": "dtvt_13", "processid": 30177, "history": "ExplorerRun.0", "testname": "my_lib_pmos_tb_1", "cornername": "Nominal", "point": 1, "logfile": "/home/dtvt_13/truong/logs_dtvt_13/logs0/Job50.log", "simid": "11"}
[2026-04-12 01:29:28.408 +0700] [PROCESS] [cadence.virtuoso.ade.simulationMonitor] - Expression evaluator launched {"hostname": "dtvt_13", "processid": 30177, "history": "ExplorerRun.0", "testname": "my_lib_pmos_tb_1", "cornername": "Nominal", "point": 1, "logfile": "/home/dtvt_13/truong/logs_dtvt_13/logs0/Job50.log"}
[2026-04-12 01:29:28.419 +0700] [PROCESS] [cadence.virtuoso.ade.simulationMonitor] - Started Simulation {"hostname": "dtvt_13", "processid": 30177, "history": "ExplorerRun.0", "testname": "my_lib_pmos_tb_1", "cornername": "Nominal", "point": 1, "logfile": "/home/dtvt_13/truong/logs_dtvt_13/logs0/Job50.log"}
[2026-04-12 01:29:49.808 +0700] [PROCESS] [cadence.virtuoso.ade.simulationMonitor] - Finished simulating for one point {"hostname": "dtvt_13", "processid": 30177, "history": "ExplorerRun.0", "testname": "my_lib_pmos_tb_1", "cornername": "Nominal", "point": 1, "logfile": "/home/dtvt_13/truong/logs_dtvt_13/logs0/Job50.log", "simid": "11"}
[2026-04-12 01:29:49.809 +0700] [INFO] [cadence.virtuoso.ade.simulationMonitor] - Peak resident memory used = 96 Mbytes. {"history": "ExplorerRun.0", "point": 1, "testname": "my_lib_pmos_tb_1", "cornername": "Nominal"}
[2026-04-12 01:29:49.809 +0700] [INFO] [cadence.virtuoso.ade.simulationMonitor] - Peak resident memory used = 105 Mbytes. {"history": "ExplorerRun.0", "point": 1, "testname": "my_lib_pmos_tb_1", "cornername": "Nominal"}
[2026-04-12 01:29:49.809 +0700] [INFO] [cadence.virtuoso.ade.simulationMonitor] - Notice from spectre during hierarchy flattening.
    The value 'psf' specified for the 'checklimitdest' option will no longer be supported in future releases. Use 'spectre -h' to see other recommended values for the 'checklimitdest' option. {"history": "ExplorerRun.0", "point": 1, "testname": "my_lib_pmos_tb_1", "cornername": "Nominal"}
[2026-04-12 01:29:49.810 +0700] [INFO] [cadence.virtuoso.ade.simulationMonitor] - Peak resident memory used = 106 Mbytes. {"history": "ExplorerRun.0", "point": 1, "testname": "my_lib_pmos_tb_1", "cornername": "Nominal"}
[2026-04-12 01:29:49.810 +0700] [INFO] [cadence.virtuoso.ade.simulationMonitor] - Notice from spectre during initial setup.
    Multithreading is disabled due to the size of the design being too small. {"history": "ExplorerRun.0", "point": 1, "testname": "my_lib_pmos_tb_1", "cornername": "Nominal"}
[2026-04-12 01:29:49.810 +0700] [INFO] [cadence.virtuoso.ade.simulationMonitor] -               nodes 8 {"history": "ExplorerRun.0", "point": 1, "testname": "my_lib_pmos_tb_1", "cornername": "Nominal"}
[2026-04-12 01:29:49.811 +0700] [INFO] [cadence.virtuoso.ade.simulationMonitor] - Notice from spectre during initial setup.
    APS enabled. {"history": "ExplorerRun.0", "point": 1, "testname": "my_lib_pmos_tb_1", "cornername": "Nominal"}
[2026-04-12 01:29:49.811 +0700] [INFO] [cadence.virtuoso.ade.simulationMonitor] - Peak resident memory used = 107 Mbytes. {"history": "ExplorerRun.0", "point": 1, "testname": "my_lib_pmos_tb_1", "cornername": "Nominal"}
[2026-04-12 01:29:49.811 +0700] [INFO] [cadence.virtuoso.ade.simulationMonitor] -    -   (APS) Multi-threading. The recommended number of threads is 1, consider adding +mt=1 on command line. {"history": "ExplorerRun.0", "point": 1, "testname": "my_lib_pmos_tb_1", "cornername": "Nominal"}
[2026-04-12 01:29:49.811 +0700] [INFO] [cadence.virtuoso.ade.simulationMonitor] - Total time required for dc analysis `dcOp': CPU = 1.942 ms, elapsed = 2.96783 ms. {"history": "ExplorerRun.0", "point": 1, "testname": "my_lib_pmos_tb_1", "cornername": "Nominal"}
[2026-04-12 01:29:49.811 +0700] [INFO] [cadence.virtuoso.ade.simulationMonitor] - Peak resident memory used = 109 Mbytes. {"history": "ExplorerRun.0", "point": 1, "testname": "my_lib_pmos_tb_1", "cornername": "Nominal"}
[2026-04-12 01:29:49.812 +0700] [INFO] [cadence.virtuoso.ade.simulationMonitor] - Notice from spectre at vg = 1.2 during DC analysis `dc'.
    The value of parameter 'vg' has been reset to the original value 0.9. {"history": "ExplorerRun.0", "point": 1, "testname": "my_lib_pmos_tb_1", "cornername": "Nominal"}
[2026-04-12 01:29:49.812 +0700] [INFO] [cadence.virtuoso.ade.simulationMonitor] - Total time required for dc analysis `dc': CPU = 5.84 ms, elapsed = 6.84619 ms. {"history": "ExplorerRun.0", "point": 1, "testname": "my_lib_pmos_tb_1", "cornername": "Nominal"}
[2026-04-12 01:29:49.812 +0700] [INFO] [cadence.virtuoso.ade.simulationMonitor] - Peak resident memory used = 110 Mbytes. {"history": "ExplorerRun.0", "point": 1, "testname": "my_lib_pmos_tb_1", "cornername": "Nominal"}
[2026-04-12 01:29:49.812 +0700] [INFO] [cadence.virtuoso.ade.simulationMonitor] - Time used: CPU = 509 ms, elapsed = 20.8 s, util. = 2.45%. {"history": "ExplorerRun.0", "point": 1, "testname": "my_lib_pmos_tb_1", "cornername": "Nominal"}
[2026-04-12 01:29:49.812 +0700] [INFO] [cadence.virtuoso.ade.simulationMonitor] - Time spent in licensing: elapsed = 20.3 s, percentage of total = 97.6%. {"history": "ExplorerRun.0", "point": 1, "testname": "my_lib_pmos_tb_1", "cornername": "Nominal"}
[2026-04-12 01:29:49.812 +0700] [INFO] [cadence.virtuoso.ade.simulationMonitor] - Peak memory used = 111 Mbytes. {"history": "ExplorerRun.0", "point": 1, "testname": "my_lib_pmos_tb_1", "cornername": "Nominal"}
[2026-04-12 01:29:49.813 +0700] [PROCESS] [cadence.virtuoso.ade.simulationMonitor] - Simulation started at: 1:29:28 AM, Sun Apr 12, 2026, ended at: 1:29:49 AM, Sun Apr 12, 2026, with elapsed time (wall clock): 20.8 s. {"history": "ExplorerRun.0", "point": 1, "testname": "my_lib_pmos_tb_1", "cornername": "Nominal"}
[2026-04-12 01:29:49.813 +0700] [PROCESS] [cadence.virtuoso.ade.simulationMonitor] - spectre completes with 0 errors, 0 warnings, and 5 notices. {"history": "ExplorerRun.0", "point": 1, "testname": "my_lib_pmos_tb_1", "cornername": "Nominal"}
[2026-04-12 01:29:49.813 +0700] [PROCESS] [cadence.virtuoso.ade.simulationMonitor] - Simulator exited {"hostname": "dtvt_13", "processid": 30177, "history": "ExplorerRun.0", "testname": "my_lib_pmos_tb_1", "cornername": "Nominal", "point": 1, "logfile": "/home/dtvt_13/truong/logs_dtvt_13/logs0/Job50.log", "exitStatus": "0"}
[2026-04-12 01:29:49.813 +0700] [PROCESS] [cadence.virtuoso.ade.simulationMonitor] - Finished Simulation {"hostname": "dtvt_13", "processid": 30177, "history": "ExplorerRun.0", "testname": "my_lib_pmos_tb_1", "cornername": "Nominal", "point": 1, "logfile": "/home/dtvt_13/truong/logs_dtvt_13/logs0/Job50.log", "simid": "11"}
[2026-04-12 01:29:50.335 +0700] [PROCESS] [cadence.virtuoso.ade.simulationMonitor] - Point Finished {"hostname": "dtvt_13", "processid": 30177, "history": "ExplorerRun.0", "testname": "my_lib_pmos_tb_1", "cornername": "Nominal", "point": 1, "logfile": "/home/dtvt_13/truong/logs_dtvt_13/logs0/Job50.log"}
[2026-04-12 01:29:50.363 +0700] [PROCESS] [cadence.virtuoso.ade.simulationMonitor] - HostInfo:
Host name (type):	dtvt_13 (x86_64)
Operating system:	Linux 3.10.0-1160.118.1.el7.x86_64 #1 SMP Wed Apr 24 16:01:50 UTC 2024 {"hostname": "dtvt_13", "processid": 30177, "history": "ExplorerRun.0", "testname": "my_lib_pmos_tb_1", "cornername": "Nominal", "point": 1, "logfile": "/home/dtvt_13/truong/logs_dtvt_13/logs0/Job50.log", "nodename": "dtvt_13", "domainname": "(none)", "machine": "x86_64", "sysname": "Linux", "release": "3.10.0-1160.118.1.el7.x86_64", "version": "#1 SMP Wed Apr 24 16:01:50 UTC 2024"}
[2026-04-12 01:29:50.364 +0700] [PROCESS] [cadence.virtuoso.ade.simulationMonitor] - UsageInfo:
pid=30177
totalPhysicalMemory=15.208324GB,Used=14.996311GB,totalVirtualMemory=22.895821GB,Used=15.050510GB
Cpu: Cores=24, Load average:1.590000,0.600000,0.300000 {"hostname": "dtvt_13", "processid": 30177, "history": "ExplorerRun.0", "testname": "my_lib_pmos_tb_1", "cornername": "Nominal", "point": 1, "logfile": "/home/dtvt_13/truong/logs_dtvt_13/logs0/Job50.log", "pid": "30177", "totalPhysicalMemory": "15.208324", "physicalMemoryUsed": "14.996311", "totalVirtualMemory": "22.895821", "virtualMemoryUsed": "15.050510", "cpuCores": "24", "processes": "2792", "loadAverage1": "1.590000", "loadAverage5": "0.600000", "loadAverage15": "0.300000", "loadAverage1Percent": "0.066250"}
[2026-04-12 01:29:50.365 +0700] [EVENT] [cadence.virtuoso.ade.simulationMonitor] - NewPoint {"history": "ExplorerRun.0", "point": 2, "testname": "my_lib_pmos_tb_1", "cornername": "Nominal", "event": "NewPoint", "EventSource": "Simulation Monitor", "HistoryName": "ExplorerRun.0", "logFile": "/home/dtvt_13/truong/logs_dtvt_13/logs0/Job50.log", "logFileSize": "94132"}
[2026-04-12 01:29:50.467 +0700] [EVENT] [cadence.virtuoso.ade.simulationMonitor] - NewPoint {"history": "ExplorerRun.0", "point": 2, "testname": "my_lib_pmos_tb_1", "cornername": "Nominal", "event": "NewPoint", "EventSource": "spectre", "HistoryName": "ExplorerRun.0", "logFile": "/home/dtvt_13/simulation/my_lib/pmos_tb/maestro/results/maestro/ExplorerRun.0/2/my_lib_pmos_tb_1/psf/spectre.out", "logFileSize": "-1"}
[2026-04-12 01:29:50.480 +0700] [PROCESS] [cadence.virtuoso.ade.simulationMonitor] - Simulator launched {"hostname": "dtvt_13", "processid": 30177, "history": "ExplorerRun.0", "testname": "my_lib_pmos_tb_1", "cornername": "Nominal", "point": 2, "logfile": "/home/dtvt_13/truong/logs_dtvt_13/logs0/Job50.log", "simid": "12"}
[2026-04-12 01:29:50.481 +0700] [PROCESS] [cadence.virtuoso.ade.simulationMonitor] - Started Simulation {"hostname": "dtvt_13", "processid": 30177, "history": "ExplorerRun.0", "testname": "my_lib_pmos_tb_1", "cornername": "Nominal", "point": 2, "logfile": "/home/dtvt_13/truong/logs_dtvt_13/logs0/Job50.log"}
[2026-04-12 01:30:11.787 +0700] [PROCESS] [cadence.virtuoso.ade.simulationMonitor] - Finished simulating for one point {"hostname": "dtvt_13", "processid": 30177, "history": "ExplorerRun.0", "testname": "my_lib_pmos_tb_1", "cornername": "Nominal", "point": 2, "logfile": "/home/dtvt_13/truong/logs_dtvt_13/logs0/Job50.log", "simid": "12"}
[2026-04-12 01:30:11.788 +0700] [INFO] [cadence.virtuoso.ade.simulationMonitor] - Peak resident memory used = 96 Mbytes. {"history": "ExplorerRun.0", "point": 2, "testname": "my_lib_pmos_tb_1", "cornername": "Nominal"}
[2026-04-12 01:30:11.789 +0700] [INFO] [cadence.virtuoso.ade.simulationMonitor] - Peak resident memory used = 105 Mbytes. {"history": "ExplorerRun.0", "point": 2, "testname": "my_lib_pmos_tb_1", "cornername": "Nominal"}
[2026-04-12 01:30:11.789 +0700] [INFO] [cadence.virtuoso.ade.simulationMonitor] - Notice from spectre during hierarchy flattening.
    The value 'psf' specified for the 'checklimitdest' option will no longer be supported in future releases. Use 'spectre -h' to see other recommended values for the 'checklimitdest' option. {"history": "ExplorerRun.0", "point": 2, "testname": "my_lib_pmos_tb_1", "cornername": "Nominal"}
[2026-04-12 01:30:11.789 +0700] [INFO] [cadence.virtuoso.ade.simulationMonitor] - Peak resident memory used = 106 Mbytes. {"history": "ExplorerRun.0", "point": 2, "testname": "my_lib_pmos_tb_1", "cornername": "Nominal"}
[2026-04-12 01:30:11.790 +0700] [ERROR] [cadence.virtuoso.ade.simulationMonitor] -     ERROR (CMI-2440): "/home/dtvt_13/WORK/65NTSMC/tsmcN65/../models/spectre/crn65gplus_2d5_lk_v1d0.scs" 6176: M0:  The length, width, or area of the instance does not fit the given lmax-lmin, wmax-wmin, or areamax-areamin range for any model in the `M0.pch_rf_18' group. The channel width is 6.000000e-06 and length is 3.000026e-02. Specify channel width and length that do not exceed the referenced maximal area Lmax=3.801000e-07, Lmin=2.600000e-07, Wmax=1.001000e-05,and Wmin=1.000000e-06. You can choose the ... {"history": "ExplorerRun.0", "point": 2, "testname": "my_lib_pmos_tb_1", "cornername": "Nominal"}
[2026-04-12 01:30:11.791 +0700] [INFO] [cadence.virtuoso.ade.simulationMonitor] - Time used: CPU = 476 ms, elapsed = 20.8 s, util. = 2.29%. {"history": "ExplorerRun.0", "point": 2, "testname": "my_lib_pmos_tb_1", "cornername": "Nominal"}
[2026-04-12 01:30:11.791 +0700] [INFO] [cadence.virtuoso.ade.simulationMonitor] - Time spent in licensing: elapsed = 20.3 s, percentage of total = 97.6%. {"history": "ExplorerRun.0", "point": 2, "testname": "my_lib_pmos_tb_1", "cornername": "Nominal"}
[2026-04-12 01:30:11.791 +0700] [INFO] [cadence.virtuoso.ade.simulationMonitor] - Peak memory used = 106 Mbytes. {"history": "ExplorerRun.0", "point": 2, "testname": "my_lib_pmos_tb_1", "cornername": "Nominal"}
[2026-04-12 01:30:11.791 +0700] [PROCESS] [cadence.virtuoso.ade.simulationMonitor] - Simulation started at: 1:29:50 AM, Sun Apr 12, 2026, ended at: 1:30:11 AM, Sun Apr 12, 2026, with elapsed time (wall clock): 20.8 s. {"history": "ExplorerRun.0", "point": 2, "testname": "my_lib_pmos_tb_1", "cornername": "Nominal"}
[2026-04-12 01:30:11.792 +0700] [PROCESS] [cadence.virtuoso.ade.simulationMonitor] - spectre completes with 1 error, 0 warnings, and 1 notice. {"history": "ExplorerRun.0", "point": 2, "testname": "my_lib_pmos_tb_1", "cornername": "Nominal"}
[2026-04-12 01:30:11.792 +0700] [FATAL] [cadence.virtuoso.ade.simulationMonitor] - spectre terminated prematurely due to fatal error. {"history": "ExplorerRun.0", "point": 2, "testname": "my_lib_pmos_tb_1", "cornername": "Nominal"}
[2026-04-12 01:30:11.792 +0700] [ERROR] [cadence.virtuoso.ade.simulationMonitor] - While simulating run ExplorerRun.0, point 2, test my_lib_pmos_tb_1, received error:
Simulation Error:
 The simulator process returned a non-zero exit code, indicating failure.
The simulator could have crashed or intentionally returned to indicate an error.
Check the simulator log file for more information.  Common causes:
1. Simulator may have crashed during exit even after reporting success in log file.
2. Abrupt automatic simulator termination (e.g., SIGKILL) because the simulator process has
   exceeded... {"history": "ExplorerRun.0", "point": 2, "testname": "my_lib_pmos_tb_1", "cornername": "Nominal"}
[2026-04-12 01:30:11.792 +0700] [PROCESS] [cadence.virtuoso.ade.simulationMonitor] - Finished Simulation {"hostname": "dtvt_13", "processid": 30177, "history": "ExplorerRun.0", "testname": "my_lib_pmos_tb_1", "cornername": "Nominal", "point": 2, "logfile": "/home/dtvt_13/truong/logs_dtvt_13/logs0/Job50.log", "simid": "12"}
[2026-04-12 01:30:20.850 +0700] [INFO] [cadence.virtuoso.ade.simulationMonitor] - SimulationMonitor has terminated the vds process '3379', reason: 'Force to stop the expression evalutor process because of new run' {"history": "ExplorerRun.0", "point": 2, "testname": "my_lib_pmos_tb_1", "cornername": "Nominal"}
[2026-04-12 01:30:20.850 +0700] [PROCESS] [cadence.virtuoso.ade.simulationMonitor] - HostInfo:
Host name (type):	dtvt_13 (x86_64)
Operating system:	Linux 3.10.0-1160.118.1.el7.x86_64 #1 SMP Wed Apr 24 16:01:50 UTC 2024 {"hostname": "dtvt_13", "processid": 30177, "history": "ExplorerRun.0", "testname": "my_lib_pmos_tb_1", "cornername": "Nominal", "point": 2, "logfile": "/home/dtvt_13/truong/logs_dtvt_13/logs0/Job50.log", "nodename": "dtvt_13", "domainname": "(none)", "machine": "x86_64", "sysname": "Linux", "release": "3.10.0-1160.118.1.el7.x86_64", "version": "#1 SMP Wed Apr 24 16:01:50 UTC 2024"}
[2026-04-12 01:30:20.850 +0700] [PROCESS] [cadence.virtuoso.ade.simulationMonitor] - UsageInfo:
pid=30177
totalPhysicalMemory=15.208324GB,Used=14.648064GB,totalVirtualMemory=22.895821GB,Used=14.702263GB
Cpu: Cores=24, Load average:1.190000,0.590000,0.310000 {"hostname": "dtvt_13", "processid": 30177, "history": "ExplorerRun.0", "testname": "my_lib_pmos_tb_1", "cornername": "Nominal", "point": 2, "logfile": "/home/dtvt_13/truong/logs_dtvt_13/logs0/Job50.log", "pid": "30177", "totalPhysicalMemory": "15.208324", "physicalMemoryUsed": "14.648064", "totalVirtualMemory": "22.895821", "virtualMemoryUsed": "14.702263", "cpuCores": "24", "processes": "2712", "loadAverage1": "1.190000", "loadAverage5": "0.590000", "loadAverage15": "0.310000", "loadAverage1Percent": "0.049583"}
[2026-04-12 01:30:20.851 +0700] [EVENT] [cadence.virtuoso.ade.simulationMonitor] - NewPoint {"history": "ExplorerRun.0", "point": 1, "testname": "my_lib_pmos_tb_1", "cornername": "Nominal", "event": "NewPoint", "EventSource": "Simulation Monitor", "HistoryName": "ExplorerRun.0", "logFile": "/home/dtvt_13/truong/logs_dtvt_13/logs0/Job50.log", "logFileSize": "101871"}
[2026-04-12 01:30:20.952 +0700] [EVENT] [cadence.virtuoso.ade.simulationMonitor] - NewPoint {"history": "ExplorerRun.0", "point": 1, "testname": "my_lib_pmos_tb_1", "cornername": "Nominal", "event": "NewPoint", "EventSource": "spectre", "HistoryName": "ExplorerRun.0", "logFile": "/home/dtvt_13/simulation/my_lib/pmos_tb/maestro/results/maestro/ExplorerRun.0/1/my_lib_pmos_tb_1/psf/spectre.out", "logFileSize": "-1"}
[2026-04-12 01:30:20.963 +0700] [PROCESS] [cadence.virtuoso.ade.simulationMonitor] - Simulator launched {"hostname": "dtvt_13", "processid": 30177, "history": "ExplorerRun.0", "testname": "my_lib_pmos_tb_1", "cornername": "Nominal", "point": 1, "logfile": "/home/dtvt_13/truong/logs_dtvt_13/logs0/Job50.log", "simid": "13"}
[2026-04-12 01:30:20.964 +0700] [PROCESS] [cadence.virtuoso.ade.simulationMonitor] - Expression evaluator launched {"hostname": "dtvt_13", "processid": 30177, "history": "ExplorerRun.0", "testname": "my_lib_pmos_tb_1", "cornername": "Nominal", "point": 1, "logfile": "/home/dtvt_13/truong/logs_dtvt_13/logs0/Job50.log"}
[2026-04-12 01:30:20.970 +0700] [PROCESS] [cadence.virtuoso.ade.simulationMonitor] - Started Simulation {"hostname": "dtvt_13", "processid": 30177, "history": "ExplorerRun.0", "testname": "my_lib_pmos_tb_1", "cornername": "Nominal", "point": 1, "logfile": "/home/dtvt_13/truong/logs_dtvt_13/logs0/Job50.log"}
[2026-04-12 01:30:42.260 +0700] [INFO] [cadence.virtuoso.ade.simulationMonitor] - Peak resident memory used = 96 Mbytes. {"history": "ExplorerRun.0", "point": 1, "testname": "my_lib_pmos_tb_1", "cornername": "Nominal"}
[2026-04-12 01:30:42.261 +0700] [INFO] [cadence.virtuoso.ade.simulationMonitor] - Peak resident memory used = 105 Mbytes. {"history": "ExplorerRun.0", "point": 1, "testname": "my_lib_pmos_tb_1", "cornername": "Nominal"}
[2026-04-12 01:30:42.261 +0700] [INFO] [cadence.virtuoso.ade.simulationMonitor] - Notice from spectre during hierarchy flattening.
    The value 'psf' specified for the 'checklimitdest' option will no longer be supported in future releases. Use 'spectre -h' to see other recommended values for the 'checklimitdest' option. {"history": "ExplorerRun.0", "point": 1, "testname": "my_lib_pmos_tb_1", "cornername": "Nominal"}
[2026-04-12 01:30:42.261 +0700] [INFO] [cadence.virtuoso.ade.simulationMonitor] - Peak resident memory used = 106 Mbytes. {"history": "ExplorerRun.0", "point": 1, "testname": "my_lib_pmos_tb_1", "cornername": "Nominal"}
[2026-04-12 01:30:42.262 +0700] [INFO] [cadence.virtuoso.ade.simulationMonitor] - Notice from spectre during initial setup.
    Multithreading is disabled due to the size of the design being too small. {"history": "ExplorerRun.0", "point": 1, "testname": "my_lib_pmos_tb_1", "cornername": "Nominal"}
[2026-04-12 01:30:42.262 +0700] [INFO] [cadence.virtuoso.ade.simulationMonitor] -               nodes 8 {"history": "ExplorerRun.0", "point": 1, "testname": "my_lib_pmos_tb_1", "cornername": "Nominal"}
[2026-04-12 01:30:42.263 +0700] [INFO] [cadence.virtuoso.ade.simulationMonitor] - Notice from spectre during initial setup.
    APS enabled. {"history": "ExplorerRun.0", "point": 1, "testname": "my_lib_pmos_tb_1", "cornername": "Nominal"}
[2026-04-12 01:30:42.263 +0700] [INFO] [cadence.virtuoso.ade.simulationMonitor] - Peak resident memory used = 107 Mbytes. {"history": "ExplorerRun.0", "point": 1, "testname": "my_lib_pmos_tb_1", "cornername": "Nominal"}
[2026-04-12 01:30:42.263 +0700] [INFO] [cadence.virtuoso.ade.simulationMonitor] -    -   (APS) Multi-threading. The recommended number of threads is 1, consider adding +mt=1 on command line. {"history": "ExplorerRun.0", "point": 1, "testname": "my_lib_pmos_tb_1", "cornername": "Nominal"}
[2026-04-12 01:30:42.263 +0700] [INFO] [cadence.virtuoso.ade.simulationMonitor] - Total time required for dc analysis `dcOp': CPU = 2.013 ms, elapsed = 2.95186 ms. {"history": "ExplorerRun.0", "point": 1, "testname": "my_lib_pmos_tb_1", "cornername": "Nominal"}
[2026-04-12 01:30:42.264 +0700] [INFO] [cadence.virtuoso.ade.simulationMonitor] - Peak resident memory used = 109 Mbytes. {"history": "ExplorerRun.0", "point": 1, "testname": "my_lib_pmos_tb_1", "cornername": "Nominal"}
[2026-04-12 01:30:42.264 +0700] [INFO] [cadence.virtuoso.ade.simulationMonitor] - Notice from spectre at vg = 1.2 during DC analysis `dc'.
    The value of parameter 'vg' has been reset to the original value 0.9. {"history": "ExplorerRun.0", "point": 1, "testname": "my_lib_pmos_tb_1", "cornername": "Nominal"}
[2026-04-12 01:30:42.264 +0700] [INFO] [cadence.virtuoso.ade.simulationMonitor] - Total time required for dc analysis `dc': CPU = 6.092 ms, elapsed = 7.15995 ms. {"history": "ExplorerRun.0", "point": 1, "testname": "my_lib_pmos_tb_1", "cornername": "Nominal"}
[2026-04-12 01:30:42.264 +0700] [INFO] [cadence.virtuoso.ade.simulationMonitor] - Peak resident memory used = 110 Mbytes. {"history": "ExplorerRun.0", "point": 1, "testname": "my_lib_pmos_tb_1", "cornername": "Nominal"}
[2026-04-12 01:30:42.765 +0700] [PROCESS] [cadence.virtuoso.ade.simulationMonitor] - Finished simulating for one point {"hostname": "dtvt_13", "processid": 30177, "history": "ExplorerRun.0", "testname": "my_lib_pmos_tb_1", "cornername": "Nominal", "point": 1, "logfile": "/home/dtvt_13/truong/logs_dtvt_13/logs0/Job50.log", "simid": "13"}
[2026-04-12 01:30:42.766 +0700] [INFO] [cadence.virtuoso.ade.simulationMonitor] - Time used: CPU = 485 ms, elapsed = 21.2 s, util. = 2.29%. {"history": "ExplorerRun.0", "point": 1, "testname": "my_lib_pmos_tb_1", "cornername": "Nominal"}
[2026-04-12 01:30:42.766 +0700] [INFO] [cadence.virtuoso.ade.simulationMonitor] - Time spent in licensing: elapsed = 20.7 s, percentage of total = 97.7%. {"history": "ExplorerRun.0", "point": 1, "testname": "my_lib_pmos_tb_1", "cornername": "Nominal"}
[2026-04-12 01:30:42.766 +0700] [INFO] [cadence.virtuoso.ade.simulationMonitor] - Peak memory used = 111 Mbytes. {"history": "ExplorerRun.0", "point": 1, "testname": "my_lib_pmos_tb_1", "cornername": "Nominal"}
[2026-04-12 01:30:42.766 +0700] [PROCESS] [cadence.virtuoso.ade.simulationMonitor] - Simulation started at: 1:30:21 AM, Sun Apr 12, 2026, ended at: 1:30:42 AM, Sun Apr 12, 2026, with elapsed time (wall clock): 21.2 s. {"history": "ExplorerRun.0", "point": 1, "testname": "my_lib_pmos_tb_1", "cornername": "Nominal"}
[2026-04-12 01:30:42.767 +0700] [PROCESS] [cadence.virtuoso.ade.simulationMonitor] - spectre completes with 0 errors, 0 warnings, and 5 notices. {"history": "ExplorerRun.0", "point": 1, "testname": "my_lib_pmos_tb_1", "cornername": "Nominal"}
[2026-04-12 01:30:42.767 +0700] [PROCESS] [cadence.virtuoso.ade.simulationMonitor] - Simulator exited {"hostname": "dtvt_13", "processid": 30177, "history": "ExplorerRun.0", "testname": "my_lib_pmos_tb_1", "cornername": "Nominal", "point": 1, "logfile": "/home/dtvt_13/truong/logs_dtvt_13/logs0/Job50.log", "exitStatus": "0"}
[2026-04-12 01:30:42.767 +0700] [PROCESS] [cadence.virtuoso.ade.simulationMonitor] - Finished Simulation {"hostname": "dtvt_13", "processid": 30177, "history": "ExplorerRun.0", "testname": "my_lib_pmos_tb_1", "cornername": "Nominal", "point": 1, "logfile": "/home/dtvt_13/truong/logs_dtvt_13/logs0/Job50.log", "simid": "13"}
[2026-04-12 01:30:43.782 +0700] [PROCESS] [cadence.virtuoso.ade.simulationMonitor] - Point Finished {"hostname": "dtvt_13", "processid": 30177, "history": "ExplorerRun.0", "testname": "my_lib_pmos_tb_1", "cornername": "Nominal", "point": 1, "logfile": "/home/dtvt_13/truong/logs_dtvt_13/logs0/Job50.log"}
[2026-04-12 01:30:43.810 +0700] [PROCESS] [cadence.virtuoso.ade.simulationMonitor] - HostInfo:
Host name (type):	dtvt_13 (x86_64)
Operating system:	Linux 3.10.0-1160.118.1.el7.x86_64 #1 SMP Wed Apr 24 16:01:50 UTC 2024 {"hostname": "dtvt_13", "processid": 30177, "history": "ExplorerRun.0", "testname": "my_lib_pmos_tb_1", "cornername": "Nominal", "point": 1, "logfile": "/home/dtvt_13/truong/logs_dtvt_13/logs0/Job50.log", "nodename": "dtvt_13", "domainname": "(none)", "machine": "x86_64", "sysname": "Linux", "release": "3.10.0-1160.118.1.el7.x86_64", "version": "#1 SMP Wed Apr 24 16:01:50 UTC 2024"}
[2026-04-12 01:30:43.811 +0700] [PROCESS] [cadence.virtuoso.ade.simulationMonitor] - UsageInfo:
pid=30177
totalPhysicalMemory=15.208324GB,Used=14.905182GB,totalVirtualMemory=22.895821GB,Used=14.959381GB
Cpu: Cores=24, Load average:1.120000,0.620000,0.330000 {"hostname": "dtvt_13", "processid": 30177, "history": "ExplorerRun.0", "testname": "my_lib_pmos_tb_1", "cornername": "Nominal", "point": 1, "logfile": "/home/dtvt_13/truong/logs_dtvt_13/logs0/Job50.log", "pid": "30177", "totalPhysicalMemory": "15.208324", "physicalMemoryUsed": "14.905182", "totalVirtualMemory": "22.895821", "virtualMemoryUsed": "14.959381", "cpuCores": "24", "processes": "2748", "loadAverage1": "1.120000", "loadAverage5": "0.620000", "loadAverage15": "0.330000", "loadAverage1Percent": "0.046667"}
[2026-04-12 01:30:43.811 +0700] [EVENT] [cadence.virtuoso.ade.simulationMonitor] - NewPoint {"history": "ExplorerRun.0", "point": 2, "testname": "my_lib_pmos_tb_1", "cornername": "Nominal", "event": "NewPoint", "EventSource": "Simulation Monitor", "HistoryName": "ExplorerRun.0", "logFile": "/home/dtvt_13/truong/logs_dtvt_13/logs0/Job50.log", "logFileSize": "111151"}
[2026-04-12 01:30:43.915 +0700] [EVENT] [cadence.virtuoso.ade.simulationMonitor] - NewPoint {"history": "ExplorerRun.0", "point": 2, "testname": "my_lib_pmos_tb_1", "cornername": "Nominal", "event": "NewPoint", "EventSource": "spectre", "HistoryName": "ExplorerRun.0", "logFile": "/home/dtvt_13/simulation/my_lib/pmos_tb/maestro/results/maestro/ExplorerRun.0/2/my_lib_pmos_tb_1/psf/spectre.out", "logFileSize": "-1"}
[2026-04-12 01:30:43.928 +0700] [PROCESS] [cadence.virtuoso.ade.simulationMonitor] - Simulator launched {"hostname": "dtvt_13", "processid": 30177, "history": "ExplorerRun.0", "testname": "my_lib_pmos_tb_1", "cornername": "Nominal", "point": 2, "logfile": "/home/dtvt_13/truong/logs_dtvt_13/logs0/Job50.log", "simid": "14"}
[2026-04-12 01:30:43.929 +0700] [PROCESS] [cadence.virtuoso.ade.simulationMonitor] - Started Simulation {"hostname": "dtvt_13", "processid": 30177, "history": "ExplorerRun.0", "testname": "my_lib_pmos_tb_1", "cornername": "Nominal", "point": 2, "logfile": "/home/dtvt_13/truong/logs_dtvt_13/logs0/Job50.log"}
[2026-04-12 01:31:05.238 +0700] [INFO] [cadence.virtuoso.ade.simulationMonitor] - Peak resident memory used = 96 Mbytes. {"history": "ExplorerRun.0", "point": 2, "testname": "my_lib_pmos_tb_1", "cornername": "Nominal"}
[2026-04-12 01:31:05.239 +0700] [INFO] [cadence.virtuoso.ade.simulationMonitor] - Peak resident memory used = 105 Mbytes. {"history": "ExplorerRun.0", "point": 2, "testname": "my_lib_pmos_tb_1", "cornername": "Nominal"}
[2026-04-12 01:31:05.239 +0700] [INFO] [cadence.virtuoso.ade.simulationMonitor] - Notice from spectre during hierarchy flattening.
    The value 'psf' specified for the 'checklimitdest' option will no longer be supported in future releases. Use 'spectre -h' to see other recommended values for the 'checklimitdest' option. {"history": "ExplorerRun.0", "point": 2, "testname": "my_lib_pmos_tb_1", "cornername": "Nominal"}
[2026-04-12 01:31:05.240 +0700] [INFO] [cadence.virtuoso.ade.simulationMonitor] - Peak resident memory used = 106 Mbytes. {"history": "ExplorerRun.0", "point": 2, "testname": "my_lib_pmos_tb_1", "cornername": "Nominal"}
[2026-04-12 01:31:05.240 +0700] [INFO] [cadence.virtuoso.ade.simulationMonitor] - Notice from spectre during initial setup.
    Multithreading is disabled due to the size of the design being too small. {"history": "ExplorerRun.0", "point": 2, "testname": "my_lib_pmos_tb_1", "cornername": "Nominal"}
[2026-04-12 01:31:05.241 +0700] [INFO] [cadence.virtuoso.ade.simulationMonitor] -               nodes 8 {"history": "ExplorerRun.0", "point": 2, "testname": "my_lib_pmos_tb_1", "cornername": "Nominal"}
[2026-04-12 01:31:05.241 +0700] [INFO] [cadence.virtuoso.ade.simulationMonitor] - Notice from spectre during initial setup.
    APS enabled. {"history": "ExplorerRun.0", "point": 2, "testname": "my_lib_pmos_tb_1", "cornername": "Nominal"}
[2026-04-12 01:31:05.742 +0700] [PROCESS] [cadence.virtuoso.ade.simulationMonitor] - Finished simulating for one point {"hostname": "dtvt_13", "processid": 30177, "history": "ExplorerRun.0", "testname": "my_lib_pmos_tb_1", "cornername": "Nominal", "point": 2, "logfile": "/home/dtvt_13/truong/logs_dtvt_13/logs0/Job50.log", "simid": "14"}
[2026-04-12 01:31:05.743 +0700] [INFO] [cadence.virtuoso.ade.simulationMonitor] - Peak resident memory used = 107 Mbytes. {"history": "ExplorerRun.0", "point": 2, "testname": "my_lib_pmos_tb_1", "cornername": "Nominal"}
[2026-04-12 01:31:05.744 +0700] [INFO] [cadence.virtuoso.ade.simulationMonitor] -    -   (APS) Multi-threading. The recommended number of threads is 1, consider adding +mt=1 on command line. {"history": "ExplorerRun.0", "point": 2, "testname": "my_lib_pmos_tb_1", "cornername": "Nominal"}
[2026-04-12 01:31:05.744 +0700] [INFO] [cadence.virtuoso.ade.simulationMonitor] - Total time required for dc analysis `dcOp': CPU = 1.697 ms, elapsed = 2.6722 ms. {"history": "ExplorerRun.0", "point": 2, "testname": "my_lib_pmos_tb_1", "cornername": "Nominal"}
[2026-04-12 01:31:05.744 +0700] [INFO] [cadence.virtuoso.ade.simulationMonitor] - Peak resident memory used = 109 Mbytes. {"history": "ExplorerRun.0", "point": 2, "testname": "my_lib_pmos_tb_1", "cornername": "Nominal"}
[2026-04-12 01:31:05.745 +0700] [INFO] [cadence.virtuoso.ade.simulationMonitor] - Notice from spectre at vg = 1.2 during DC analysis `dc'.
    The value of parameter 'vg' has been reset to the original value 0.9. {"history": "ExplorerRun.0", "point": 2, "testname": "my_lib_pmos_tb_1", "cornername": "Nominal"}
[2026-04-12 01:31:05.745 +0700] [INFO] [cadence.virtuoso.ade.simulationMonitor] - Total time required for dc analysis `dc': CPU = 9.973 ms, elapsed = 11.003 ms. {"history": "ExplorerRun.0", "point": 2, "testname": "my_lib_pmos_tb_1", "cornername": "Nominal"}
[2026-04-12 01:31:05.745 +0700] [INFO] [cadence.virtuoso.ade.simulationMonitor] - Peak resident memory used = 110 Mbytes. {"history": "ExplorerRun.0", "point": 2, "testname": "my_lib_pmos_tb_1", "cornername": "Nominal"}
[2026-04-12 01:31:05.746 +0700] [INFO] [cadence.virtuoso.ade.simulationMonitor] - Time used: CPU = 546 ms, elapsed = 21.1 s, util. = 2.58%. {"history": "ExplorerRun.0", "point": 2, "testname": "my_lib_pmos_tb_1", "cornername": "Nominal"}
[2026-04-12 01:31:05.746 +0700] [INFO] [cadence.virtuoso.ade.simulationMonitor] - Time spent in licensing: elapsed = 20.6 s, percentage of total = 97.5%. {"history": "ExplorerRun.0", "point": 2, "testname": "my_lib_pmos_tb_1", "cornername": "Nominal"}
[2026-04-12 01:31:05.746 +0700] [INFO] [cadence.virtuoso.ade.simulationMonitor] - Peak memory used = 111 Mbytes. {"history": "ExplorerRun.0", "point": 2, "testname": "my_lib_pmos_tb_1", "cornername": "Nominal"}
[2026-04-12 01:31:05.746 +0700] [PROCESS] [cadence.virtuoso.ade.simulationMonitor] - Simulation started at: 1:30:44 AM, Sun Apr 12, 2026, ended at: 1:31:05 AM, Sun Apr 12, 2026, with elapsed time (wall clock): 21.1 s. {"history": "ExplorerRun.0", "point": 2, "testname": "my_lib_pmos_tb_1", "cornername": "Nominal"}
[2026-04-12 01:31:05.746 +0700] [PROCESS] [cadence.virtuoso.ade.simulationMonitor] - spectre completes with 0 errors, 0 warnings, and 5 notices. {"history": "ExplorerRun.0", "point": 2, "testname": "my_lib_pmos_tb_1", "cornername": "Nominal"}
[2026-04-12 01:31:05.747 +0700] [PROCESS] [cadence.virtuoso.ade.simulationMonitor] - Simulator exited {"hostname": "dtvt_13", "processid": 30177, "history": "ExplorerRun.0", "testname": "my_lib_pmos_tb_1", "cornername": "Nominal", "point": 2, "logfile": "/home/dtvt_13/truong/logs_dtvt_13/logs0/Job50.log", "exitStatus": "0"}
[2026-04-12 01:31:05.747 +0700] [PROCESS] [cadence.virtuoso.ade.simulationMonitor] - Finished Simulation {"hostname": "dtvt_13", "processid": 30177, "history": "ExplorerRun.0", "testname": "my_lib_pmos_tb_1", "cornername": "Nominal", "point": 2, "logfile": "/home/dtvt_13/truong/logs_dtvt_13/logs0/Job50.log", "simid": "14"}
[2026-04-12 01:31:06.262 +0700] [PROCESS] [cadence.virtuoso.ade.simulationMonitor] - Point Finished {"hostname": "dtvt_13", "processid": 30177, "history": "ExplorerRun.0", "testname": "my_lib_pmos_tb_1", "cornername": "Nominal", "point": 2, "logfile": "/home/dtvt_13/truong/logs_dtvt_13/logs0/Job50.log"}
[2026-04-12 01:31:06.264 +0700] [PROCESS] [cadence.virtuoso.ade.simulationMonitor] - HostInfo:
Host name (type):	dtvt_13 (x86_64)
Operating system:	Linux 3.10.0-1160.118.1.el7.x86_64 #1 SMP Wed Apr 24 16:01:50 UTC 2024 {"hostname": "dtvt_13", "processid": 30177, "history": "ExplorerRun.0", "testname": "my_lib_pmos_tb_1", "cornername": "Nominal", "point": 2, "logfile": "/home/dtvt_13/truong/logs_dtvt_13/logs0/Job50.log", "nodename": "dtvt_13", "domainname": "(none)", "machine": "x86_64", "sysname": "Linux", "release": "3.10.0-1160.118.1.el7.x86_64", "version": "#1 SMP Wed Apr 24 16:01:50 UTC 2024"}
[2026-04-12 01:31:06.264 +0700] [PROCESS] [cadence.virtuoso.ade.simulationMonitor] - UsageInfo:
pid=30177
totalPhysicalMemory=15.208324GB,Used=14.905075GB,totalVirtualMemory=22.895821GB,Used=14.959274GB
Cpu: Cores=24, Load average:0.820000,0.590000,0.320000 {"hostname": "dtvt_13", "processid": 30177, "history": "ExplorerRun.0", "testname": "my_lib_pmos_tb_1", "cornername": "Nominal", "point": 2, "logfile": "/home/dtvt_13/truong/logs_dtvt_13/logs0/Job50.log", "pid": "30177", "totalPhysicalMemory": "15.208324", "physicalMemoryUsed": "14.905075", "totalVirtualMemory": "22.895821", "virtualMemoryUsed": "14.959274", "cpuCores": "24", "processes": "2743", "loadAverage1": "0.820000", "loadAverage5": "0.590000", "loadAverage15": "0.320000", "loadAverage1Percent": "0.034167"}
[2026-04-12 01:31:06.265 +0700] [EVENT] [cadence.virtuoso.ade.simulationMonitor] - NewPoint {"history": "ExplorerRun.0", "point": 3, "testname": "my_lib_pmos_tb_1", "cornername": "Nominal", "event": "NewPoint", "EventSource": "Simulation Monitor", "HistoryName": "ExplorerRun.0", "logFile": "/home/dtvt_13/truong/logs_dtvt_13/logs0/Job50.log", "logFileSize": "120109"}
[2026-04-12 01:31:06.365 +0700] [EVENT] [cadence.virtuoso.ade.simulationMonitor] - NewPoint {"history": "ExplorerRun.0", "point": 3, "testname": "my_lib_pmos_tb_1", "cornername": "Nominal", "event": "NewPoint", "EventSource": "spectre", "HistoryName": "ExplorerRun.0", "logFile": "/home/dtvt_13/simulation/my_lib/pmos_tb/maestro/results/maestro/ExplorerRun.0/3/my_lib_pmos_tb_1/psf/spectre.out", "logFileSize": "-1"}
[2026-04-12 01:31:06.380 +0700] [PROCESS] [cadence.virtuoso.ade.simulationMonitor] - Simulator launched {"hostname": "dtvt_13", "processid": 30177, "history": "ExplorerRun.0", "testname": "my_lib_pmos_tb_1", "cornername": "Nominal", "point": 3, "logfile": "/home/dtvt_13/truong/logs_dtvt_13/logs0/Job50.log", "simid": "15"}
[2026-04-12 01:31:06.381 +0700] [PROCESS] [cadence.virtuoso.ade.simulationMonitor] - Started Simulation {"hostname": "dtvt_13", "processid": 30177, "history": "ExplorerRun.0", "testname": "my_lib_pmos_tb_1", "cornername": "Nominal", "point": 3, "logfile": "/home/dtvt_13/truong/logs_dtvt_13/logs0/Job50.log"}
[2026-04-12 01:31:27.703 +0700] [PROCESS] [cadence.virtuoso.ade.simulationMonitor] - Finished simulating for one point {"hostname": "dtvt_13", "processid": 30177, "history": "ExplorerRun.0", "testname": "my_lib_pmos_tb_1", "cornername": "Nominal", "point": 3, "logfile": "/home/dtvt_13/truong/logs_dtvt_13/logs0/Job50.log", "simid": "15"}
[2026-04-12 01:31:27.704 +0700] [INFO] [cadence.virtuoso.ade.simulationMonitor] - Peak resident memory used = 96 Mbytes. {"history": "ExplorerRun.0", "point": 3, "testname": "my_lib_pmos_tb_1", "cornername": "Nominal"}
[2026-04-12 01:31:27.705 +0700] [INFO] [cadence.virtuoso.ade.simulationMonitor] - Peak resident memory used = 105 Mbytes. {"history": "ExplorerRun.0", "point": 3, "testname": "my_lib_pmos_tb_1", "cornername": "Nominal"}
[2026-04-12 01:31:27.705 +0700] [INFO] [cadence.virtuoso.ade.simulationMonitor] - Notice from spectre during hierarchy flattening.
    The value 'psf' specified for the 'checklimitdest' option will no longer be supported in future releases. Use 'spectre -h' to see other recommended values for the 'checklimitdest' option. {"history": "ExplorerRun.0", "point": 3, "testname": "my_lib_pmos_tb_1", "cornername": "Nominal"}
[2026-04-12 01:31:27.706 +0700] [INFO] [cadence.virtuoso.ade.simulationMonitor] - Peak resident memory used = 106 Mbytes. {"history": "ExplorerRun.0", "point": 3, "testname": "my_lib_pmos_tb_1", "cornername": "Nominal"}
[2026-04-12 01:31:27.706 +0700] [INFO] [cadence.virtuoso.ade.simulationMonitor] - Notice from spectre during initial setup.
    Multithreading is disabled due to the size of the design being too small. {"history": "ExplorerRun.0", "point": 3, "testname": "my_lib_pmos_tb_1", "cornername": "Nominal"}
[2026-04-12 01:31:27.708 +0700] [INFO] [cadence.virtuoso.ade.simulationMonitor] -               nodes 8 {"history": "ExplorerRun.0", "point": 3, "testname": "my_lib_pmos_tb_1", "cornername": "Nominal"}
[2026-04-12 01:31:27.708 +0700] [INFO] [cadence.virtuoso.ade.simulationMonitor] - Notice from spectre during initial setup.
    APS enabled. {"history": "ExplorerRun.0", "point": 3, "testname": "my_lib_pmos_tb_1", "cornername": "Nominal"}
[2026-04-12 01:31:27.708 +0700] [INFO] [cadence.virtuoso.ade.simulationMonitor] - Peak resident memory used = 107 Mbytes. {"history": "ExplorerRun.0", "point": 3, "testname": "my_lib_pmos_tb_1", "cornername": "Nominal"}
[2026-04-12 01:31:27.708 +0700] [INFO] [cadence.virtuoso.ade.simulationMonitor] -    -   (APS) Multi-threading. The recommended number of threads is 1, consider adding +mt=1 on command line. {"history": "ExplorerRun.0", "point": 3, "testname": "my_lib_pmos_tb_1", "cornername": "Nominal"}
[2026-04-12 01:31:27.709 +0700] [INFO] [cadence.virtuoso.ade.simulationMonitor] - Total time required for dc analysis `dcOp': CPU = 1.79 ms, elapsed = 2.77901 ms. {"history": "ExplorerRun.0", "point": 3, "testname": "my_lib_pmos_tb_1", "cornername": "Nominal"}
[2026-04-12 01:31:27.709 +0700] [INFO] [cadence.virtuoso.ade.simulationMonitor] - Peak resident memory used = 109 Mbytes. {"history": "ExplorerRun.0", "point": 3, "testname": "my_lib_pmos_tb_1", "cornername": "Nominal"}
[2026-04-12 01:31:27.709 +0700] [INFO] [cadence.virtuoso.ade.simulationMonitor] - Notice from spectre at vg = 1.2 during DC analysis `dc'.
    The value of parameter 'vg' has been reset to the original value 0.9. {"history": "ExplorerRun.0", "point": 3, "testname": "my_lib_pmos_tb_1", "cornername": "Nominal"}
[2026-04-12 01:31:27.709 +0700] [INFO] [cadence.virtuoso.ade.simulationMonitor] - Total time required for dc analysis `dc': CPU = 11.223 ms, elapsed = 12.295 ms. {"history": "ExplorerRun.0", "point": 3, "testname": "my_lib_pmos_tb_1", "cornername": "Nominal"}
[2026-04-12 01:31:27.709 +0700] [INFO] [cadence.virtuoso.ade.simulationMonitor] - Peak resident memory used = 110 Mbytes. {"history": "ExplorerRun.0", "point": 3, "testname": "my_lib_pmos_tb_1", "cornername": "Nominal"}
[2026-04-12 01:31:27.710 +0700] [INFO] [cadence.virtuoso.ade.simulationMonitor] - Time used: CPU = 551 ms, elapsed = 20.8 s, util. = 2.64%. {"history": "ExplorerRun.0", "point": 3, "testname": "my_lib_pmos_tb_1", "cornername": "Nominal"}
[2026-04-12 01:31:27.710 +0700] [INFO] [cadence.virtuoso.ade.simulationMonitor] - Time spent in licensing: elapsed = 20.3 s, percentage of total = 97.4%. {"history": "ExplorerRun.0", "point": 3, "testname": "my_lib_pmos_tb_1", "cornername": "Nominal"}
[2026-04-12 01:31:27.710 +0700] [INFO] [cadence.virtuoso.ade.simulationMonitor] - Peak memory used = 111 Mbytes. {"history": "ExplorerRun.0", "point": 3, "testname": "my_lib_pmos_tb_1", "cornername": "Nominal"}
[2026-04-12 01:31:27.710 +0700] [PROCESS] [cadence.virtuoso.ade.simulationMonitor] - Simulation started at: 1:31:06 AM, Sun Apr 12, 2026, ended at: 1:31:27 AM, Sun Apr 12, 2026, with elapsed time (wall clock): 20.8 s. {"history": "ExplorerRun.0", "point": 3, "testname": "my_lib_pmos_tb_1", "cornername": "Nominal"}
[2026-04-12 01:31:27.710 +0700] [PROCESS] [cadence.virtuoso.ade.simulationMonitor] - spectre completes with 0 errors, 0 warnings, and 5 notices. {"history": "ExplorerRun.0", "point": 3, "testname": "my_lib_pmos_tb_1", "cornername": "Nominal"}
[2026-04-12 01:31:27.711 +0700] [PROCESS] [cadence.virtuoso.ade.simulationMonitor] - Simulator exited {"hostname": "dtvt_13", "processid": 30177, "history": "ExplorerRun.0", "testname": "my_lib_pmos_tb_1", "cornername": "Nominal", "point": 3, "logfile": "/home/dtvt_13/truong/logs_dtvt_13/logs0/Job50.log", "exitStatus": "0"}
[2026-04-12 01:31:27.711 +0700] [PROCESS] [cadence.virtuoso.ade.simulationMonitor] - Finished Simulation {"hostname": "dtvt_13", "processid": 30177, "history": "ExplorerRun.0", "testname": "my_lib_pmos_tb_1", "cornername": "Nominal", "point": 3, "logfile": "/home/dtvt_13/truong/logs_dtvt_13/logs0/Job50.log", "simid": "15"}
[2026-04-12 01:31:28.726 +0700] [PROCESS] [cadence.virtuoso.ade.simulationMonitor] - Point Finished {"hostname": "dtvt_13", "processid": 30177, "history": "ExplorerRun.0", "testname": "my_lib_pmos_tb_1", "cornername": "Nominal", "point": 3, "logfile": "/home/dtvt_13/truong/logs_dtvt_13/logs0/Job50.log"}
[2026-04-12 01:31:28.732 +0700] [PROCESS] [cadence.virtuoso.ade.simulationMonitor] - HostInfo:
Host name (type):	dtvt_13 (x86_64)
Operating system:	Linux 3.10.0-1160.118.1.el7.x86_64 #1 SMP Wed Apr 24 16:01:50 UTC 2024 {"hostname": "dtvt_13", "processid": 30177, "history": "ExplorerRun.0", "testname": "my_lib_pmos_tb_1", "cornername": "Nominal", "point": 3, "logfile": "/home/dtvt_13/truong/logs_dtvt_13/logs0/Job50.log", "nodename": "dtvt_13", "domainname": "(none)", "machine": "x86_64", "sysname": "Linux", "release": "3.10.0-1160.118.1.el7.x86_64", "version": "#1 SMP Wed Apr 24 16:01:50 UTC 2024"}
[2026-04-12 01:31:28.733 +0700] [PROCESS] [cadence.virtuoso.ade.simulationMonitor] - UsageInfo:
pid=30177
totalPhysicalMemory=15.208324GB,Used=14.907040GB,totalVirtualMemory=22.895821GB,Used=14.961239GB
Cpu: Cores=24, Load average:0.580000,0.550000,0.310000 {"hostname": "dtvt_13", "processid": 30177, "history": "ExplorerRun.0", "testname": "my_lib_pmos_tb_1", "cornername": "Nominal", "point": 3, "logfile": "/home/dtvt_13/truong/logs_dtvt_13/logs0/Job50.log", "pid": "30177", "totalPhysicalMemory": "15.208324", "physicalMemoryUsed": "14.907040", "totalVirtualMemory": "22.895821", "virtualMemoryUsed": "14.961239", "cpuCores": "24", "processes": "2742", "loadAverage1": "0.580000", "loadAverage5": "0.550000", "loadAverage15": "0.310000", "loadAverage1Percent": "0.024167"}
[2026-04-12 01:31:28.734 +0700] [EVENT] [cadence.virtuoso.ade.simulationMonitor] - NewPoint {"history": "ExplorerRun.0", "point": 4, "testname": "my_lib_pmos_tb_1", "cornername": "Nominal", "event": "NewPoint", "EventSource": "Simulation Monitor", "HistoryName": "ExplorerRun.0", "logFile": "/home/dtvt_13/truong/logs_dtvt_13/logs0/Job50.log", "logFileSize": "129068"}
[2026-04-12 01:31:28.835 +0700] [EVENT] [cadence.virtuoso.ade.simulationMonitor] - NewPoint {"history": "ExplorerRun.0", "point": 4, "testname": "my_lib_pmos_tb_1", "cornername": "Nominal", "event": "NewPoint", "EventSource": "spectre", "HistoryName": "ExplorerRun.0", "logFile": "/home/dtvt_13/simulation/my_lib/pmos_tb/maestro/results/maestro/ExplorerRun.0/4/my_lib_pmos_tb_1/psf/spectre.out", "logFileSize": "-1"}
[2026-04-12 01:31:28.845 +0700] [PROCESS] [cadence.virtuoso.ade.simulationMonitor] - Simulator launched {"hostname": "dtvt_13", "processid": 30177, "history": "ExplorerRun.0", "testname": "my_lib_pmos_tb_1", "cornername": "Nominal", "point": 4, "logfile": "/home/dtvt_13/truong/logs_dtvt_13/logs0/Job50.log", "simid": "16"}
[2026-04-12 01:31:28.846 +0700] [PROCESS] [cadence.virtuoso.ade.simulationMonitor] - Started Simulation {"hostname": "dtvt_13", "processid": 30177, "history": "ExplorerRun.0", "testname": "my_lib_pmos_tb_1", "cornername": "Nominal", "point": 4, "logfile": "/home/dtvt_13/truong/logs_dtvt_13/logs0/Job50.log"}
[2026-04-12 01:31:50.640 +0700] [PROCESS] [cadence.virtuoso.ade.simulationMonitor] - Finished simulating for one point {"hostname": "dtvt_13", "processid": 30177, "history": "ExplorerRun.0", "testname": "my_lib_pmos_tb_1", "cornername": "Nominal", "point": 4, "logfile": "/home/dtvt_13/truong/logs_dtvt_13/logs0/Job50.log", "simid": "16"}
[2026-04-12 01:31:50.640 +0700] [INFO] [cadence.virtuoso.ade.simulationMonitor] - Peak resident memory used = 96 Mbytes. {"history": "ExplorerRun.0", "point": 4, "testname": "my_lib_pmos_tb_1", "cornername": "Nominal"}
[2026-04-12 01:31:50.641 +0700] [INFO] [cadence.virtuoso.ade.simulationMonitor] - Peak resident memory used = 105 Mbytes. {"history": "ExplorerRun.0", "point": 4, "testname": "my_lib_pmos_tb_1", "cornername": "Nominal"}
[2026-04-12 01:31:50.641 +0700] [INFO] [cadence.virtuoso.ade.simulationMonitor] - Notice from spectre during hierarchy flattening.
    The value 'psf' specified for the 'checklimitdest' option will no longer be supported in future releases. Use 'spectre -h' to see other recommended values for the 'checklimitdest' option. {"history": "ExplorerRun.0", "point": 4, "testname": "my_lib_pmos_tb_1", "cornername": "Nominal"}
[2026-04-12 01:31:50.641 +0700] [INFO] [cadence.virtuoso.ade.simulationMonitor] - Peak resident memory used = 106 Mbytes. {"history": "ExplorerRun.0", "point": 4, "testname": "my_lib_pmos_tb_1", "cornername": "Nominal"}
[2026-04-12 01:31:50.641 +0700] [INFO] [cadence.virtuoso.ade.simulationMonitor] - Notice from spectre during initial setup.
    Multithreading is disabled due to the size of the design being too small. {"history": "ExplorerRun.0", "point": 4, "testname": "my_lib_pmos_tb_1", "cornername": "Nominal"}
[2026-04-12 01:31:50.642 +0700] [INFO] [cadence.virtuoso.ade.simulationMonitor] -               nodes 8 {"history": "ExplorerRun.0", "point": 4, "testname": "my_lib_pmos_tb_1", "cornername": "Nominal"}
[2026-04-12 01:31:50.642 +0700] [INFO] [cadence.virtuoso.ade.simulationMonitor] - Notice from spectre during initial setup.
    APS enabled. {"history": "ExplorerRun.0", "point": 4, "testname": "my_lib_pmos_tb_1", "cornername": "Nominal"}
[2026-04-12 01:31:50.642 +0700] [INFO] [cadence.virtuoso.ade.simulationMonitor] - Peak resident memory used = 107 Mbytes. {"history": "ExplorerRun.0", "point": 4, "testname": "my_lib_pmos_tb_1", "cornername": "Nominal"}
[2026-04-12 01:31:50.642 +0700] [INFO] [cadence.virtuoso.ade.simulationMonitor] -    -   (APS) Multi-threading. The recommended number of threads is 1, consider adding +mt=1 on command line. {"history": "ExplorerRun.0", "point": 4, "testname": "my_lib_pmos_tb_1", "cornername": "Nominal"}
[2026-04-12 01:31:50.643 +0700] [INFO] [cadence.virtuoso.ade.simulationMonitor] - Total time required for dc analysis `dcOp': CPU = 1.719 ms, elapsed = 2.80499 ms. {"history": "ExplorerRun.0", "point": 4, "testname": "my_lib_pmos_tb_1", "cornername": "Nominal"}
[2026-04-12 01:31:50.643 +0700] [INFO] [cadence.virtuoso.ade.simulationMonitor] - Peak resident memory used = 109 Mbytes. {"history": "ExplorerRun.0", "point": 4, "testname": "my_lib_pmos_tb_1", "cornername": "Nominal"}
[2026-04-12 01:31:50.643 +0700] [INFO] [cadence.virtuoso.ade.simulationMonitor] - Notice from spectre at vg = 1.2 during DC analysis `dc'.
    The value of parameter 'vg' has been reset to the original value 0.9. {"history": "ExplorerRun.0", "point": 4, "testname": "my_lib_pmos_tb_1", "cornername": "Nominal"}
[2026-04-12 01:31:50.643 +0700] [INFO] [cadence.virtuoso.ade.simulationMonitor] - Total time required for dc analysis `dc': CPU = 10.003 ms, elapsed = 11.071 ms. {"history": "ExplorerRun.0", "point": 4, "testname": "my_lib_pmos_tb_1", "cornername": "Nominal"}
[2026-04-12 01:31:50.643 +0700] [INFO] [cadence.virtuoso.ade.simulationMonitor] - Peak resident memory used = 110 Mbytes. {"history": "ExplorerRun.0", "point": 4, "testname": "my_lib_pmos_tb_1", "cornername": "Nominal"}
[2026-04-12 01:31:50.644 +0700] [INFO] [cadence.virtuoso.ade.simulationMonitor] - Time used: CPU = 537 ms, elapsed = 21.2 s, util. = 2.53%. {"history": "ExplorerRun.0", "point": 4, "testname": "my_lib_pmos_tb_1", "cornername": "Nominal"}
[2026-04-12 01:31:50.644 +0700] [INFO] [cadence.virtuoso.ade.simulationMonitor] - Time spent in licensing: elapsed = 20.7 s, percentage of total = 97.4%. {"history": "ExplorerRun.0", "point": 4, "testname": "my_lib_pmos_tb_1", "cornername": "Nominal"}
[2026-04-12 01:31:50.644 +0700] [INFO] [cadence.virtuoso.ade.simulationMonitor] - Peak memory used = 111 Mbytes. {"history": "ExplorerRun.0", "point": 4, "testname": "my_lib_pmos_tb_1", "cornername": "Nominal"}
[2026-04-12 01:31:50.644 +0700] [PROCESS] [cadence.virtuoso.ade.simulationMonitor] - Simulation started at: 1:31:29 AM, Sun Apr 12, 2026, ended at: 1:31:50 AM, Sun Apr 12, 2026, with elapsed time (wall clock): 21.2 s. {"history": "ExplorerRun.0", "point": 4, "testname": "my_lib_pmos_tb_1", "cornername": "Nominal"}
[2026-04-12 01:31:50.644 +0700] [PROCESS] [cadence.virtuoso.ade.simulationMonitor] - spectre completes with 0 errors, 0 warnings, and 5 notices. {"history": "ExplorerRun.0", "point": 4, "testname": "my_lib_pmos_tb_1", "cornername": "Nominal"}
[2026-04-12 01:31:50.645 +0700] [PROCESS] [cadence.virtuoso.ade.simulationMonitor] - Simulator exited {"hostname": "dtvt_13", "processid": 30177, "history": "ExplorerRun.0", "testname": "my_lib_pmos_tb_1", "cornername": "Nominal", "point": 4, "logfile": "/home/dtvt_13/truong/logs_dtvt_13/logs0/Job50.log", "exitStatus": "0"}
[2026-04-12 01:31:50.645 +0700] [PROCESS] [cadence.virtuoso.ade.simulationMonitor] - Finished Simulation {"hostname": "dtvt_13", "processid": 30177, "history": "ExplorerRun.0", "testname": "my_lib_pmos_tb_1", "cornername": "Nominal", "point": 4, "logfile": "/home/dtvt_13/truong/logs_dtvt_13/logs0/Job50.log", "simid": "16"}
[2026-04-12 01:31:51.159 +0700] [PROCESS] [cadence.virtuoso.ade.simulationMonitor] - Point Finished {"hostname": "dtvt_13", "processid": 30177, "history": "ExplorerRun.0", "testname": "my_lib_pmos_tb_1", "cornername": "Nominal", "point": 4, "logfile": "/home/dtvt_13/truong/logs_dtvt_13/logs0/Job50.log"}
[2026-04-12 01:31:51.166 +0700] [PROCESS] [cadence.virtuoso.ade.simulationMonitor] - HostInfo:
Host name (type):	dtvt_13 (x86_64)
Operating system:	Linux 3.10.0-1160.118.1.el7.x86_64 #1 SMP Wed Apr 24 16:01:50 UTC 2024 {"hostname": "dtvt_13", "processid": 30177, "history": "ExplorerRun.0", "testname": "my_lib_pmos_tb_1", "cornername": "Nominal", "point": 4, "logfile": "/home/dtvt_13/truong/logs_dtvt_13/logs0/Job50.log", "nodename": "dtvt_13", "domainname": "(none)", "machine": "x86_64", "sysname": "Linux", "release": "3.10.0-1160.118.1.el7.x86_64", "version": "#1 SMP Wed Apr 24 16:01:50 UTC 2024"}
[2026-04-12 01:31:51.166 +0700] [PROCESS] [cadence.virtuoso.ade.simulationMonitor] - UsageInfo:
pid=30177
totalPhysicalMemory=15.208324GB,Used=14.906643GB,totalVirtualMemory=22.895821GB,Used=14.960842GB
Cpu: Cores=24, Load average:0.440000,0.520000,0.310000 {"hostname": "dtvt_13", "processid": 30177, "history": "ExplorerRun.0", "testname": "my_lib_pmos_tb_1", "cornername": "Nominal", "point": 4, "logfile": "/home/dtvt_13/truong/logs_dtvt_13/logs0/Job50.log", "pid": "30177", "totalPhysicalMemory": "15.208324", "physicalMemoryUsed": "14.906643", "totalVirtualMemory": "22.895821", "virtualMemoryUsed": "14.960842", "cpuCores": "24", "processes": "2744", "loadAverage1": "0.440000", "loadAverage5": "0.520000", "loadAverage15": "0.310000", "loadAverage1Percent": "0.018333"}
[2026-04-12 01:31:51.167 +0700] [EVENT] [cadence.virtuoso.ade.simulationMonitor] - NewPoint {"history": "ExplorerRun.0", "point": 5, "testname": "my_lib_pmos_tb_1", "cornername": "Nominal", "event": "NewPoint", "EventSource": "Simulation Monitor", "HistoryName": "ExplorerRun.0", "logFile": "/home/dtvt_13/truong/logs_dtvt_13/logs0/Job50.log", "logFileSize": "138028"}
[2026-04-12 01:31:51.273 +0700] [EVENT] [cadence.virtuoso.ade.simulationMonitor] - NewPoint {"history": "ExplorerRun.0", "point": 5, "testname": "my_lib_pmos_tb_1", "cornername": "Nominal", "event": "NewPoint", "EventSource": "spectre", "HistoryName": "ExplorerRun.0", "logFile": "/home/dtvt_13/simulation/my_lib/pmos_tb/maestro/results/maestro/ExplorerRun.0/5/my_lib_pmos_tb_1/psf/spectre.out", "logFileSize": "-1"}
[2026-04-12 01:31:51.283 +0700] [PROCESS] [cadence.virtuoso.ade.simulationMonitor] - Simulator launched {"hostname": "dtvt_13", "processid": 30177, "history": "ExplorerRun.0", "testname": "my_lib_pmos_tb_1", "cornername": "Nominal", "point": 5, "logfile": "/home/dtvt_13/truong/logs_dtvt_13/logs0/Job50.log", "simid": "17"}
[2026-04-12 01:31:51.284 +0700] [PROCESS] [cadence.virtuoso.ade.simulationMonitor] - Started Simulation {"hostname": "dtvt_13", "processid": 30177, "history": "ExplorerRun.0", "testname": "my_lib_pmos_tb_1", "cornername": "Nominal", "point": 5, "logfile": "/home/dtvt_13/truong/logs_dtvt_13/logs0/Job50.log"}
[2026-04-12 01:32:12.577 +0700] [PROCESS] [cadence.virtuoso.ade.simulationMonitor] - Finished simulating for one point {"hostname": "dtvt_13", "processid": 30177, "history": "ExplorerRun.0", "testname": "my_lib_pmos_tb_1", "cornername": "Nominal", "point": 5, "logfile": "/home/dtvt_13/truong/logs_dtvt_13/logs0/Job50.log", "simid": "17"}
[2026-04-12 01:32:12.577 +0700] [INFO] [cadence.virtuoso.ade.simulationMonitor] - Peak resident memory used = 96 Mbytes. {"history": "ExplorerRun.0", "point": 5, "testname": "my_lib_pmos_tb_1", "cornername": "Nominal"}
[2026-04-12 01:32:12.578 +0700] [INFO] [cadence.virtuoso.ade.simulationMonitor] - Peak resident memory used = 105 Mbytes. {"history": "ExplorerRun.0", "point": 5, "testname": "my_lib_pmos_tb_1", "cornername": "Nominal"}
[2026-04-12 01:32:12.578 +0700] [INFO] [cadence.virtuoso.ade.simulationMonitor] - Notice from spectre during hierarchy flattening.
    The value 'psf' specified for the 'checklimitdest' option will no longer be supported in future releases. Use 'spectre -h' to see other recommended values for the 'checklimitdest' option. {"history": "ExplorerRun.0", "point": 5, "testname": "my_lib_pmos_tb_1", "cornername": "Nominal"}
[2026-04-12 01:32:12.578 +0700] [INFO] [cadence.virtuoso.ade.simulationMonitor] - Peak resident memory used = 106 Mbytes. {"history": "ExplorerRun.0", "point": 5, "testname": "my_lib_pmos_tb_1", "cornername": "Nominal"}
[2026-04-12 01:32:12.579 +0700] [INFO] [cadence.virtuoso.ade.simulationMonitor] - Notice from spectre during initial setup.
    Multithreading is disabled due to the size of the design being too small. {"history": "ExplorerRun.0", "point": 5, "testname": "my_lib_pmos_tb_1", "cornername": "Nominal"}
[2026-04-12 01:32:12.580 +0700] [INFO] [cadence.virtuoso.ade.simulationMonitor] -               nodes 8 {"history": "ExplorerRun.0", "point": 5, "testname": "my_lib_pmos_tb_1", "cornername": "Nominal"}
[2026-04-12 01:32:12.580 +0700] [INFO] [cadence.virtuoso.ade.simulationMonitor] - Notice from spectre during initial setup.
    APS enabled. {"history": "ExplorerRun.0", "point": 5, "testname": "my_lib_pmos_tb_1", "cornername": "Nominal"}
[2026-04-12 01:32:12.581 +0700] [INFO] [cadence.virtuoso.ade.simulationMonitor] - Peak resident memory used = 107 Mbytes. {"history": "ExplorerRun.0", "point": 5, "testname": "my_lib_pmos_tb_1", "cornername": "Nominal"}
[2026-04-12 01:32:12.581 +0700] [INFO] [cadence.virtuoso.ade.simulationMonitor] -    -   (APS) Multi-threading. The recommended number of threads is 1, consider adding +mt=1 on command line. {"history": "ExplorerRun.0", "point": 5, "testname": "my_lib_pmos_tb_1", "cornername": "Nominal"}
[2026-04-12 01:32:12.581 +0700] [INFO] [cadence.virtuoso.ade.simulationMonitor] - Total time required for dc analysis `dcOp': CPU = 1.975 ms, elapsed = 2.93183 ms. {"history": "ExplorerRun.0", "point": 5, "testname": "my_lib_pmos_tb_1", "cornername": "Nominal"}
[2026-04-12 01:32:12.581 +0700] [INFO] [cadence.virtuoso.ade.simulationMonitor] - Peak resident memory used = 109 Mbytes. {"history": "ExplorerRun.0", "point": 5, "testname": "my_lib_pmos_tb_1", "cornername": "Nominal"}
[2026-04-12 01:32:12.581 +0700] [INFO] [cadence.virtuoso.ade.simulationMonitor] - Notice from spectre at vg = 1.2 during DC analysis `dc'.
    The value of parameter 'vg' has been reset to the original value 0.9. {"history": "ExplorerRun.0", "point": 5, "testname": "my_lib_pmos_tb_1", "cornername": "Nominal"}
[2026-04-12 01:32:12.581 +0700] [INFO] [cadence.virtuoso.ade.simulationMonitor] - Total time required for dc analysis `dc': CPU = 10.499 ms, elapsed = 11.4782 ms. {"history": "ExplorerRun.0", "point": 5, "testname": "my_lib_pmos_tb_1", "cornername": "Nominal"}
[2026-04-12 01:32:12.582 +0700] [INFO] [cadence.virtuoso.ade.simulationMonitor] - Peak resident memory used = 110 Mbytes. {"history": "ExplorerRun.0", "point": 5, "testname": "my_lib_pmos_tb_1", "cornername": "Nominal"}
[2026-04-12 01:32:12.582 +0700] [INFO] [cadence.virtuoso.ade.simulationMonitor] - Time used: CPU = 533 ms, elapsed = 20.8 s, util. = 2.56%. {"history": "ExplorerRun.0", "point": 5, "testname": "my_lib_pmos_tb_1", "cornername": "Nominal"}
[2026-04-12 01:32:12.582 +0700] [INFO] [cadence.virtuoso.ade.simulationMonitor] - Time spent in licensing: elapsed = 20.3 s, percentage of total = 97.4%. {"history": "ExplorerRun.0", "point": 5, "testname": "my_lib_pmos_tb_1", "cornername": "Nominal"}
[2026-04-12 01:32:12.582 +0700] [INFO] [cadence.virtuoso.ade.simulationMonitor] - Peak memory used = 111 Mbytes. {"history": "ExplorerRun.0", "point": 5, "testname": "my_lib_pmos_tb_1", "cornername": "Nominal"}
[2026-04-12 01:32:12.582 +0700] [PROCESS] [cadence.virtuoso.ade.simulationMonitor] - Simulation started at: 1:31:51 AM, Sun Apr 12, 2026, ended at: 1:32:12 AM, Sun Apr 12, 2026, with elapsed time (wall clock): 20.8 s. {"history": "ExplorerRun.0", "point": 5, "testname": "my_lib_pmos_tb_1", "cornername": "Nominal"}
[2026-04-12 01:32:12.583 +0700] [PROCESS] [cadence.virtuoso.ade.simulationMonitor] - spectre completes with 0 errors, 0 warnings, and 5 notices. {"history": "ExplorerRun.0", "point": 5, "testname": "my_lib_pmos_tb_1", "cornername": "Nominal"}
[2026-04-12 01:32:12.583 +0700] [PROCESS] [cadence.virtuoso.ade.simulationMonitor] - Simulator exited {"hostname": "dtvt_13", "processid": 30177, "history": "ExplorerRun.0", "testname": "my_lib_pmos_tb_1", "cornername": "Nominal", "point": 5, "logfile": "/home/dtvt_13/truong/logs_dtvt_13/logs0/Job50.log", "exitStatus": "0"}
[2026-04-12 01:32:12.583 +0700] [PROCESS] [cadence.virtuoso.ade.simulationMonitor] - Finished Simulation {"hostname": "dtvt_13", "processid": 30177, "history": "ExplorerRun.0", "testname": "my_lib_pmos_tb_1", "cornername": "Nominal", "point": 5, "logfile": "/home/dtvt_13/truong/logs_dtvt_13/logs0/Job50.log", "simid": "17"}
[2026-04-12 01:32:13.599 +0700] [PROCESS] [cadence.virtuoso.ade.simulationMonitor] - Point Finished {"hostname": "dtvt_13", "processid": 30177, "history": "ExplorerRun.0", "testname": "my_lib_pmos_tb_1", "cornername": "Nominal", "point": 5, "logfile": "/home/dtvt_13/truong/logs_dtvt_13/logs0/Job50.log"}
[2026-04-12 01:37:14.213 +0700] [PROCESS] [cadence.virtuoso.ade.simulationMonitor] - Current memory used: 32.3945 MBytes, peak memory used: 32.3945 MBytes {"hostname": "dtvt_13", "processid": 30177, "history": "ExplorerRun.0", "testname": "my_lib_pmos_tb_1", "cornername": "Nominal", "point": 5, "logfile": "/home/dtvt_13/truong/logs_dtvt_13/logs0/Job50.log"}
[2026-04-12 01:37:14.213 +0700] [PROCESS] [cadence.virtuoso.ade.simulationMonitor] - Simulation Monitor process exit. {"hostname": "dtvt_13", "processid": 30177, "history": "ExplorerRun.0", "testname": "my_lib_pmos_tb_1", "cornername": "Nominal", "point": 5, "logfile": "/home/dtvt_13/truong/logs_dtvt_13/logs0/Job50.log"}
