[Simulation Monitor: 68]
[2026-04-12 21:33:57.692 +0700] [PROCESS] [cadence.virtuoso.ade.simulationMonitor] - Simulation Monitor has successfully started up. Trying to set up communication channels to other components ... {"hostname": "dtvt_13", "processid": 15364, "logfile": "/home/dtvt_13/truong/logs_dtvt_13/logs0/Job68.log"}
[2026-04-12 21:33:57.693 +0700] [PROCESS] [cadence.virtuoso.ade.simulationMonitor] - Communication channels have been successfully set up. Start processing events ... {"hostname": "dtvt_13", "processid": 15364, "logfile": "/home/dtvt_13/truong/logs_dtvt_13/logs0/Job68.log"}
[2026-04-12 21:33:57.693 +0700] [PROCESS] [cadence.virtuoso.ade.simulationMonitor] - Considering to start history {"hostname": "dtvt_13", "processid": 15364, "history": "ExplorerRun.0", "logfile": "/home/dtvt_13/truong/logs_dtvt_13/logs0/Job68.log"}
[2026-04-12 21:33:57.695 +0700] [PROCESS] [cadence.virtuoso.ade.simulationMonitor] - HostInfo:
Host name (type):	dtvt_13 (x86_64)
Operating system:	Linux 3.10.0-1160.118.1.el7.x86_64 #1 SMP Wed Apr 24 16:01:50 UTC 2024 {"hostname": "dtvt_13", "processid": 15364, "history": "ExplorerRun.0", "logfile": "/home/dtvt_13/truong/logs_dtvt_13/logs0/Job68.log", "nodename": "dtvt_13", "domainname": "(none)", "machine": "x86_64", "sysname": "Linux", "release": "3.10.0-1160.118.1.el7.x86_64", "version": "#1 SMP Wed Apr 24 16:01:50 UTC 2024"}
[2026-04-12 21:33:57.695 +0700] [PROCESS] [cadence.virtuoso.ade.simulationMonitor] - UsageInfo:
pid=15364
totalPhysicalMemory=15.208324GB,Used=15.034229GB,totalVirtualMemory=22.895821GB,Used=15.095753GB
Cpu: Cores=24, Load average:0.290000,0.100000,0.070000 {"hostname": "dtvt_13", "processid": 15364, "history": "ExplorerRun.0", "logfile": "/home/dtvt_13/truong/logs_dtvt_13/logs0/Job68.log", "pid": "15364", "totalPhysicalMemory": "15.208324", "physicalMemoryUsed": "15.034229", "totalVirtualMemory": "22.895821", "virtualMemoryUsed": "15.095753", "cpuCores": "24", "processes": "2696", "loadAverage1": "0.290000", "loadAverage5": "0.100000", "loadAverage15": "0.070000", "loadAverage1Percent": "0.012083"}
[2026-04-12 21:33:57.695 +0700] [EVENT] [cadence.virtuoso.ade.simulationMonitor] - NewPoint {"history": "ExplorerRun.0", "point": 1, "testname": "my_lib_pmos_tb_1", "cornername": "Nominal", "event": "NewPoint", "EventSource": "Simulation Monitor", "HistoryName": "ExplorerRun.0", "logFile": "/home/dtvt_13/truong/logs_dtvt_13/logs0/Job68.log", "logFileSize": "2100"}
[2026-04-12 21:33:57.796 +0700] [EVENT] [cadence.virtuoso.ade.simulationMonitor] - NewPoint {"history": "ExplorerRun.0", "point": 1, "testname": "my_lib_pmos_tb_1", "cornername": "Nominal", "event": "NewPoint", "EventSource": "spectre", "HistoryName": "ExplorerRun.0", "logFile": "/home/dtvt_13/simulation/my_lib/pmos_tb/maestro/results/maestro/ExplorerRun.0/1/my_lib_pmos_tb_1/psf/spectre.out", "logFileSize": "-1"}
[2026-04-12 21:33:57.807 +0700] [PROCESS] [cadence.virtuoso.ade.simulationMonitor] - Simulator launched {"hostname": "dtvt_13", "processid": 15364, "history": "ExplorerRun.0", "testname": "my_lib_pmos_tb_1", "cornername": "Nominal", "point": 1, "logfile": "/home/dtvt_13/truong/logs_dtvt_13/logs0/Job68.log", "simid": "1"}
[2026-04-12 21:33:57.809 +0700] [PROCESS] [cadence.virtuoso.ade.simulationMonitor] - Expression evaluator launched {"hostname": "dtvt_13", "processid": 15364, "history": "ExplorerRun.0", "testname": "my_lib_pmos_tb_1", "cornername": "Nominal", "point": 1, "logfile": "/home/dtvt_13/truong/logs_dtvt_13/logs0/Job68.log"}
[2026-04-12 21:33:57.814 +0700] [PROCESS] [cadence.virtuoso.ade.simulationMonitor] - Started Simulation {"hostname": "dtvt_13", "processid": 15364, "history": "ExplorerRun.0", "testname": "my_lib_pmos_tb_1", "cornername": "Nominal", "point": 1, "logfile": "/home/dtvt_13/truong/logs_dtvt_13/logs0/Job68.log"}
[2026-04-12 21:34:20.146 +0700] [INFO] [cadence.virtuoso.ade.simulationMonitor] - Peak resident memory used = 96 Mbytes. {"history": "ExplorerRun.0", "point": 1, "testname": "my_lib_pmos_tb_1", "cornername": "Nominal"}
[2026-04-12 21:34:20.147 +0700] [INFO] [cadence.virtuoso.ade.simulationMonitor] - Peak resident memory used = 105 Mbytes. {"history": "ExplorerRun.0", "point": 1, "testname": "my_lib_pmos_tb_1", "cornername": "Nominal"}
[2026-04-12 21:34:20.147 +0700] [INFO] [cadence.virtuoso.ade.simulationMonitor] - Notice from spectre during hierarchy flattening.
    The value 'psf' specified for the 'checklimitdest' option will no longer be supported in future releases. Use 'spectre -h' to see other recommended values for the 'checklimitdest' option. {"history": "ExplorerRun.0", "point": 1, "testname": "my_lib_pmos_tb_1", "cornername": "Nominal"}
[2026-04-12 21:34:20.148 +0700] [INFO] [cadence.virtuoso.ade.simulationMonitor] - Peak resident memory used = 106 Mbytes. {"history": "ExplorerRun.0", "point": 1, "testname": "my_lib_pmos_tb_1", "cornername": "Nominal"}
[2026-04-12 21:34:20.148 +0700] [INFO] [cadence.virtuoso.ade.simulationMonitor] - Notice from spectre during initial setup.
    Multithreading is disabled due to the size of the design being too small. {"history": "ExplorerRun.0", "point": 1, "testname": "my_lib_pmos_tb_1", "cornername": "Nominal"}
[2026-04-12 21:34:20.149 +0700] [INFO] [cadence.virtuoso.ade.simulationMonitor] -               nodes 8 {"history": "ExplorerRun.0", "point": 1, "testname": "my_lib_pmos_tb_1", "cornername": "Nominal"}
[2026-04-12 21:34:20.149 +0700] [INFO] [cadence.virtuoso.ade.simulationMonitor] - Notice from spectre during initial setup.
    APS enabled. {"history": "ExplorerRun.0", "point": 1, "testname": "my_lib_pmos_tb_1", "cornername": "Nominal"}
[2026-04-12 21:34:20.150 +0700] [INFO] [cadence.virtuoso.ade.simulationMonitor] - Peak resident memory used = 107 Mbytes. {"history": "ExplorerRun.0", "point": 1, "testname": "my_lib_pmos_tb_1", "cornername": "Nominal"}
[2026-04-12 21:34:20.150 +0700] [INFO] [cadence.virtuoso.ade.simulationMonitor] -    -   (APS) Multi-threading. The recommended number of threads is 1, consider adding +mt=1 on command line. {"history": "ExplorerRun.0", "point": 1, "testname": "my_lib_pmos_tb_1", "cornername": "Nominal"}
[2026-04-12 21:34:20.150 +0700] [INFO] [cadence.virtuoso.ade.simulationMonitor] - Total time required for dc analysis `dcOp': CPU = 1.914 ms, elapsed = 2.91181 ms. {"history": "ExplorerRun.0", "point": 1, "testname": "my_lib_pmos_tb_1", "cornername": "Nominal"}
[2026-04-12 21:34:20.150 +0700] [INFO] [cadence.virtuoso.ade.simulationMonitor] - Peak resident memory used = 109 Mbytes. {"history": "ExplorerRun.0", "point": 1, "testname": "my_lib_pmos_tb_1", "cornername": "Nominal"}
[2026-04-12 21:34:20.150 +0700] [INFO] [cadence.virtuoso.ade.simulationMonitor] - Notice from spectre at vg = 1.8 during DC analysis `dc'.
    The value of parameter 'vg' has been reset to the original value 0.9. {"history": "ExplorerRun.0", "point": 1, "testname": "my_lib_pmos_tb_1", "cornername": "Nominal"}
[2026-04-12 21:34:20.151 +0700] [INFO] [cadence.virtuoso.ade.simulationMonitor] - Total time required for dc analysis `dc': CPU = 9.736 ms, elapsed = 10.6719 ms. {"history": "ExplorerRun.0", "point": 1, "testname": "my_lib_pmos_tb_1", "cornername": "Nominal"}
[2026-04-12 21:34:20.151 +0700] [INFO] [cadence.virtuoso.ade.simulationMonitor] - Peak resident memory used = 110 Mbytes. {"history": "ExplorerRun.0", "point": 1, "testname": "my_lib_pmos_tb_1", "cornername": "Nominal"}
[2026-04-12 21:34:20.151 +0700] [INFO] [cadence.virtuoso.ade.simulationMonitor] - Time used: CPU = 516 ms, elapsed = 21.9 s, util. = 2.35%. {"history": "ExplorerRun.0", "point": 1, "testname": "my_lib_pmos_tb_1", "cornername": "Nominal"}
[2026-04-12 21:34:20.151 +0700] [INFO] [cadence.virtuoso.ade.simulationMonitor] - Time spent in licensing: elapsed = 20.7 s, percentage of total = 94.3%. {"history": "ExplorerRun.0", "point": 1, "testname": "my_lib_pmos_tb_1", "cornername": "Nominal"}
[2026-04-12 21:34:20.151 +0700] [INFO] [cadence.virtuoso.ade.simulationMonitor] - Peak memory used = 111 Mbytes. {"history": "ExplorerRun.0", "point": 1, "testname": "my_lib_pmos_tb_1", "cornername": "Nominal"}
[2026-04-12 21:34:20.151 +0700] [PROCESS] [cadence.virtuoso.ade.simulationMonitor] - Simulation started at: 9:33:58 PM, Sun Apr 12, 2026, ended at: 9:34:19 PM, Sun Apr 12, 2026, with elapsed time (wall clock): 21.9 s. {"history": "ExplorerRun.0", "point": 1, "testname": "my_lib_pmos_tb_1", "cornername": "Nominal"}
[2026-04-12 21:34:20.152 +0700] [PROCESS] [cadence.virtuoso.ade.simulationMonitor] - spectre completes with 0 errors, 0 warnings, and 5 notices. {"history": "ExplorerRun.0", "point": 1, "testname": "my_lib_pmos_tb_1", "cornername": "Nominal"}
[2026-04-12 21:34:20.652 +0700] [PROCESS] [cadence.virtuoso.ade.simulationMonitor] - Finished simulating for one point {"hostname": "dtvt_13", "processid": 15364, "history": "ExplorerRun.0", "testname": "my_lib_pmos_tb_1", "cornername": "Nominal", "point": 1, "logfile": "/home/dtvt_13/truong/logs_dtvt_13/logs0/Job68.log", "simid": "1"}
[2026-04-12 21:34:20.653 +0700] [PROCESS] [cadence.virtuoso.ade.simulationMonitor] - Simulator exited {"hostname": "dtvt_13", "processid": 15364, "history": "ExplorerRun.0", "testname": "my_lib_pmos_tb_1", "cornername": "Nominal", "point": 1, "logfile": "/home/dtvt_13/truong/logs_dtvt_13/logs0/Job68.log", "exitStatus": "0"}
[2026-04-12 21:34:20.653 +0700] [PROCESS] [cadence.virtuoso.ade.simulationMonitor] - Finished Simulation {"hostname": "dtvt_13", "processid": 15364, "history": "ExplorerRun.0", "testname": "my_lib_pmos_tb_1", "cornername": "Nominal", "point": 1, "logfile": "/home/dtvt_13/truong/logs_dtvt_13/logs0/Job68.log", "simid": "1"}
[2026-04-12 21:34:22.180 +0700] [PROCESS] [cadence.virtuoso.ade.simulationMonitor] - Point Finished {"hostname": "dtvt_13", "processid": 15364, "history": "ExplorerRun.0", "testname": "my_lib_pmos_tb_1", "cornername": "Nominal", "point": 1, "logfile": "/home/dtvt_13/truong/logs_dtvt_13/logs0/Job68.log"}
[2026-04-12 21:34:22.235 +0700] [PROCESS] [cadence.virtuoso.ade.simulationMonitor] - HostInfo:
Host name (type):	dtvt_13 (x86_64)
Operating system:	Linux 3.10.0-1160.118.1.el7.x86_64 #1 SMP Wed Apr 24 16:01:50 UTC 2024 {"hostname": "dtvt_13", "processid": 15364, "history": "ExplorerRun.0", "testname": "my_lib_pmos_tb_1", "cornername": "Nominal", "point": 1, "logfile": "/home/dtvt_13/truong/logs_dtvt_13/logs0/Job68.log", "nodename": "dtvt_13", "domainname": "(none)", "machine": "x86_64", "sysname": "Linux", "release": "3.10.0-1160.118.1.el7.x86_64", "version": "#1 SMP Wed Apr 24 16:01:50 UTC 2024"}
[2026-04-12 21:34:22.236 +0700] [PROCESS] [cadence.virtuoso.ade.simulationMonitor] - UsageInfo:
pid=15364
totalPhysicalMemory=15.208324GB,Used=14.994026GB,totalVirtualMemory=22.895821GB,Used=15.056038GB
Cpu: Cores=24, Load average:0.610000,0.190000,0.100000 {"hostname": "dtvt_13", "processid": 15364, "history": "ExplorerRun.0", "testname": "my_lib_pmos_tb_1", "cornername": "Nominal", "point": 1, "logfile": "/home/dtvt_13/truong/logs_dtvt_13/logs0/Job68.log", "pid": "15364", "totalPhysicalMemory": "15.208324", "physicalMemoryUsed": "14.994026", "totalVirtualMemory": "22.895821", "virtualMemoryUsed": "15.056038", "cpuCores": "24", "processes": "2746", "loadAverage1": "0.610000", "loadAverage5": "0.190000", "loadAverage15": "0.100000", "loadAverage1Percent": "0.025417"}
[2026-04-12 21:34:22.236 +0700] [EVENT] [cadence.virtuoso.ade.simulationMonitor] - NewPoint {"history": "ExplorerRun.0", "point": 2, "testname": "my_lib_pmos_tb_1", "cornername": "Nominal", "event": "NewPoint", "EventSource": "Simulation Monitor", "HistoryName": "ExplorerRun.0", "logFile": "/home/dtvt_13/truong/logs_dtvt_13/logs0/Job68.log", "logFileSize": "11375"}
[2026-04-12 21:34:22.339 +0700] [EVENT] [cadence.virtuoso.ade.simulationMonitor] - NewPoint {"history": "ExplorerRun.0", "point": 2, "testname": "my_lib_pmos_tb_1", "cornername": "Nominal", "event": "NewPoint", "EventSource": "spectre", "HistoryName": "ExplorerRun.0", "logFile": "/home/dtvt_13/simulation/my_lib/pmos_tb/maestro/results/maestro/ExplorerRun.0/2/my_lib_pmos_tb_1/psf/spectre.out", "logFileSize": "-1"}
[2026-04-12 21:34:22.359 +0700] [PROCESS] [cadence.virtuoso.ade.simulationMonitor] - Simulator launched {"hostname": "dtvt_13", "processid": 15364, "history": "ExplorerRun.0", "testname": "my_lib_pmos_tb_1", "cornername": "Nominal", "point": 2, "logfile": "/home/dtvt_13/truong/logs_dtvt_13/logs0/Job68.log", "simid": "2"}
[2026-04-12 21:34:22.360 +0700] [PROCESS] [cadence.virtuoso.ade.simulationMonitor] - Started Simulation {"hostname": "dtvt_13", "processid": 15364, "history": "ExplorerRun.0", "testname": "my_lib_pmos_tb_1", "cornername": "Nominal", "point": 2, "logfile": "/home/dtvt_13/truong/logs_dtvt_13/logs0/Job68.log"}
[2026-04-12 21:34:43.683 +0700] [PROCESS] [cadence.virtuoso.ade.simulationMonitor] - Finished simulating for one point {"hostname": "dtvt_13", "processid": 15364, "history": "ExplorerRun.0", "testname": "my_lib_pmos_tb_1", "cornername": "Nominal", "point": 2, "logfile": "/home/dtvt_13/truong/logs_dtvt_13/logs0/Job68.log", "simid": "2"}
[2026-04-12 21:34:43.684 +0700] [INFO] [cadence.virtuoso.ade.simulationMonitor] - Peak resident memory used = 96 Mbytes. {"history": "ExplorerRun.0", "point": 2, "testname": "my_lib_pmos_tb_1", "cornername": "Nominal"}
[2026-04-12 21:34:43.684 +0700] [INFO] [cadence.virtuoso.ade.simulationMonitor] - Peak resident memory used = 105 Mbytes. {"history": "ExplorerRun.0", "point": 2, "testname": "my_lib_pmos_tb_1", "cornername": "Nominal"}
[2026-04-12 21:34:43.684 +0700] [INFO] [cadence.virtuoso.ade.simulationMonitor] - Notice from spectre during hierarchy flattening.
    The value 'psf' specified for the 'checklimitdest' option will no longer be supported in future releases. Use 'spectre -h' to see other recommended values for the 'checklimitdest' option. {"history": "ExplorerRun.0", "point": 2, "testname": "my_lib_pmos_tb_1", "cornername": "Nominal"}
[2026-04-12 21:34:43.685 +0700] [INFO] [cadence.virtuoso.ade.simulationMonitor] - Peak resident memory used = 106 Mbytes. {"history": "ExplorerRun.0", "point": 2, "testname": "my_lib_pmos_tb_1", "cornername": "Nominal"}
[2026-04-12 21:34:43.685 +0700] [INFO] [cadence.virtuoso.ade.simulationMonitor] - Notice from spectre during initial setup.
    Multithreading is disabled due to the size of the design being too small. {"history": "ExplorerRun.0", "point": 2, "testname": "my_lib_pmos_tb_1", "cornername": "Nominal"}
[2026-04-12 21:34:43.686 +0700] [INFO] [cadence.virtuoso.ade.simulationMonitor] -               nodes 8 {"history": "ExplorerRun.0", "point": 2, "testname": "my_lib_pmos_tb_1", "cornername": "Nominal"}
[2026-04-12 21:34:43.686 +0700] [INFO] [cadence.virtuoso.ade.simulationMonitor] - Notice from spectre during initial setup.
    APS enabled. {"history": "ExplorerRun.0", "point": 2, "testname": "my_lib_pmos_tb_1", "cornername": "Nominal"}
[2026-04-12 21:34:43.686 +0700] [INFO] [cadence.virtuoso.ade.simulationMonitor] - Peak resident memory used = 107 Mbytes. {"history": "ExplorerRun.0", "point": 2, "testname": "my_lib_pmos_tb_1", "cornername": "Nominal"}
[2026-04-12 21:34:43.686 +0700] [INFO] [cadence.virtuoso.ade.simulationMonitor] -    -   (APS) Multi-threading. The recommended number of threads is 1, consider adding +mt=1 on command line. {"history": "ExplorerRun.0", "point": 2, "testname": "my_lib_pmos_tb_1", "cornername": "Nominal"}
[2026-04-12 21:34:43.687 +0700] [INFO] [cadence.virtuoso.ade.simulationMonitor] - Total time required for dc analysis `dcOp': CPU = 1.666 ms, elapsed = 2.58422 ms. {"history": "ExplorerRun.0", "point": 2, "testname": "my_lib_pmos_tb_1", "cornername": "Nominal"}
[2026-04-12 21:34:43.687 +0700] [INFO] [cadence.virtuoso.ade.simulationMonitor] - Peak resident memory used = 109 Mbytes. {"history": "ExplorerRun.0", "point": 2, "testname": "my_lib_pmos_tb_1", "cornername": "Nominal"}
[2026-04-12 21:34:43.687 +0700] [INFO] [cadence.virtuoso.ade.simulationMonitor] - Notice from spectre at vg = 1.8 during DC analysis `dc'.
    The value of parameter 'vg' has been reset to the original value 0.9. {"history": "ExplorerRun.0", "point": 2, "testname": "my_lib_pmos_tb_1", "cornername": "Nominal"}
[2026-04-12 21:34:43.687 +0700] [INFO] [cadence.virtuoso.ade.simulationMonitor] - Total time required for dc analysis `dc': CPU = 5.545 ms, elapsed = 6.54578 ms. {"history": "ExplorerRun.0", "point": 2, "testname": "my_lib_pmos_tb_1", "cornername": "Nominal"}
[2026-04-12 21:34:43.687 +0700] [INFO] [cadence.virtuoso.ade.simulationMonitor] - Peak resident memory used = 110 Mbytes. {"history": "ExplorerRun.0", "point": 2, "testname": "my_lib_pmos_tb_1", "cornername": "Nominal"}
[2026-04-12 21:34:43.688 +0700] [INFO] [cadence.virtuoso.ade.simulationMonitor] - Time used: CPU = 523 ms, elapsed = 20.9 s, util. = 2.51%. {"history": "ExplorerRun.0", "point": 2, "testname": "my_lib_pmos_tb_1", "cornername": "Nominal"}
[2026-04-12 21:34:43.688 +0700] [INFO] [cadence.virtuoso.ade.simulationMonitor] - Time spent in licensing: elapsed = 20.3 s, percentage of total = 97.3%. {"history": "ExplorerRun.0", "point": 2, "testname": "my_lib_pmos_tb_1", "cornername": "Nominal"}
[2026-04-12 21:34:43.688 +0700] [INFO] [cadence.virtuoso.ade.simulationMonitor] - Peak memory used = 111 Mbytes. {"history": "ExplorerRun.0", "point": 2, "testname": "my_lib_pmos_tb_1", "cornername": "Nominal"}
[2026-04-12 21:34:43.688 +0700] [PROCESS] [cadence.virtuoso.ade.simulationMonitor] - Simulation started at: 9:34:22 PM, Sun Apr 12, 2026, ended at: 9:34:43 PM, Sun Apr 12, 2026, with elapsed time (wall clock): 20.9 s. {"history": "ExplorerRun.0", "point": 2, "testname": "my_lib_pmos_tb_1", "cornername": "Nominal"}
[2026-04-12 21:34:43.688 +0700] [PROCESS] [cadence.virtuoso.ade.simulationMonitor] - spectre completes with 0 errors, 0 warnings, and 5 notices. {"history": "ExplorerRun.0", "point": 2, "testname": "my_lib_pmos_tb_1", "cornername": "Nominal"}
[2026-04-12 21:34:43.689 +0700] [PROCESS] [cadence.virtuoso.ade.simulationMonitor] - Simulator exited {"hostname": "dtvt_13", "processid": 15364, "history": "ExplorerRun.0", "testname": "my_lib_pmos_tb_1", "cornername": "Nominal", "point": 2, "logfile": "/home/dtvt_13/truong/logs_dtvt_13/logs0/Job68.log", "exitStatus": "0"}
[2026-04-12 21:34:43.689 +0700] [PROCESS] [cadence.virtuoso.ade.simulationMonitor] - Finished Simulation {"hostname": "dtvt_13", "processid": 15364, "history": "ExplorerRun.0", "testname": "my_lib_pmos_tb_1", "cornername": "Nominal", "point": 2, "logfile": "/home/dtvt_13/truong/logs_dtvt_13/logs0/Job68.log", "simid": "2"}
[2026-04-12 21:34:44.702 +0700] [PROCESS] [cadence.virtuoso.ade.simulationMonitor] - Point Finished {"hostname": "dtvt_13", "processid": 15364, "history": "ExplorerRun.0", "testname": "my_lib_pmos_tb_1", "cornername": "Nominal", "point": 2, "logfile": "/home/dtvt_13/truong/logs_dtvt_13/logs0/Job68.log"}
[2026-04-12 21:34:44.708 +0700] [PROCESS] [cadence.virtuoso.ade.simulationMonitor] - HostInfo:
Host name (type):	dtvt_13 (x86_64)
Operating system:	Linux 3.10.0-1160.118.1.el7.x86_64 #1 SMP Wed Apr 24 16:01:50 UTC 2024 {"hostname": "dtvt_13", "processid": 15364, "history": "ExplorerRun.0", "testname": "my_lib_pmos_tb_1", "cornername": "Nominal", "point": 2, "logfile": "/home/dtvt_13/truong/logs_dtvt_13/logs0/Job68.log", "nodename": "dtvt_13", "domainname": "(none)", "machine": "x86_64", "sysname": "Linux", "release": "3.10.0-1160.118.1.el7.x86_64", "version": "#1 SMP Wed Apr 24 16:01:50 UTC 2024"}
[2026-04-12 21:34:44.709 +0700] [PROCESS] [cadence.virtuoso.ade.simulationMonitor] - UsageInfo:
pid=15364
totalPhysicalMemory=15.208324GB,Used=14.966946GB,totalVirtualMemory=22.895821GB,Used=15.028957GB
Cpu: Cores=24, Load average:0.600000,0.220000,0.110000 {"hostname": "dtvt_13", "processid": 15364, "history": "ExplorerRun.0", "testname": "my_lib_pmos_tb_1", "cornername": "Nominal", "point": 2, "logfile": "/home/dtvt_13/truong/logs_dtvt_13/logs0/Job68.log", "pid": "15364", "totalPhysicalMemory": "15.208324", "physicalMemoryUsed": "14.966946", "totalVirtualMemory": "22.895821", "virtualMemoryUsed": "15.028957", "cpuCores": "24", "processes": "2740", "loadAverage1": "0.600000", "loadAverage5": "0.220000", "loadAverage15": "0.110000", "loadAverage1Percent": "0.025000"}
[2026-04-12 21:34:44.709 +0700] [EVENT] [cadence.virtuoso.ade.simulationMonitor] - NewPoint {"history": "ExplorerRun.0", "point": 3, "testname": "my_lib_pmos_tb_1", "cornername": "Nominal", "event": "NewPoint", "EventSource": "Simulation Monitor", "HistoryName": "ExplorerRun.0", "logFile": "/home/dtvt_13/truong/logs_dtvt_13/logs0/Job68.log", "logFileSize": "20331"}
[2026-04-12 21:34:44.814 +0700] [EVENT] [cadence.virtuoso.ade.simulationMonitor] - NewPoint {"history": "ExplorerRun.0", "point": 3, "testname": "my_lib_pmos_tb_1", "cornername": "Nominal", "event": "NewPoint", "EventSource": "spectre", "HistoryName": "ExplorerRun.0", "logFile": "/home/dtvt_13/simulation/my_lib/pmos_tb/maestro/results/maestro/ExplorerRun.0/3/my_lib_pmos_tb_1/psf/spectre.out", "logFileSize": "-1"}
[2026-04-12 21:34:44.824 +0700] [PROCESS] [cadence.virtuoso.ade.simulationMonitor] - Simulator launched {"hostname": "dtvt_13", "processid": 15364, "history": "ExplorerRun.0", "testname": "my_lib_pmos_tb_1", "cornername": "Nominal", "point": 3, "logfile": "/home/dtvt_13/truong/logs_dtvt_13/logs0/Job68.log", "simid": "3"}
[2026-04-12 21:34:44.825 +0700] [PROCESS] [cadence.virtuoso.ade.simulationMonitor] - Started Simulation {"hostname": "dtvt_13", "processid": 15364, "history": "ExplorerRun.0", "testname": "my_lib_pmos_tb_1", "cornername": "Nominal", "point": 3, "logfile": "/home/dtvt_13/truong/logs_dtvt_13/logs0/Job68.log"}
[2026-04-12 21:34:56.466 +0700] [INFO] [cadence.virtuoso.ade.simulationMonitor] - Peak resident memory used = 96.2 Mbytes. {"history": "ExplorerRun.0", "point": 3, "testname": "my_lib_pmos_tb_1", "cornername": "Nominal"}
[2026-04-12 21:34:56.466 +0700] [INFO] [cadence.virtuoso.ade.simulationMonitor] - Peak resident memory used = 105 Mbytes. {"history": "ExplorerRun.0", "point": 3, "testname": "my_lib_pmos_tb_1", "cornername": "Nominal"}
[2026-04-12 21:34:56.467 +0700] [INFO] [cadence.virtuoso.ade.simulationMonitor] - Notice from spectre during hierarchy flattening.
    The value 'psf' specified for the 'checklimitdest' option will no longer be supported in future releases. Use 'spectre -h' to see other recommended values for the 'checklimitdest' option. {"history": "ExplorerRun.0", "point": 3, "testname": "my_lib_pmos_tb_1", "cornername": "Nominal"}
[2026-04-12 21:34:56.467 +0700] [INFO] [cadence.virtuoso.ade.simulationMonitor] - Peak resident memory used = 106 Mbytes. {"history": "ExplorerRun.0", "point": 3, "testname": "my_lib_pmos_tb_1", "cornername": "Nominal"}
[2026-04-12 21:34:56.468 +0700] [INFO] [cadence.virtuoso.ade.simulationMonitor] - Notice from spectre during initial setup.
    Multithreading is disabled due to the size of the design being too small. {"history": "ExplorerRun.0", "point": 3, "testname": "my_lib_pmos_tb_1", "cornername": "Nominal"}
[2026-04-12 21:34:56.469 +0700] [INFO] [cadence.virtuoso.ade.simulationMonitor] -               nodes 8 {"history": "ExplorerRun.0", "point": 3, "testname": "my_lib_pmos_tb_1", "cornername": "Nominal"}
[2026-04-12 21:34:56.469 +0700] [INFO] [cadence.virtuoso.ade.simulationMonitor] - Notice from spectre during initial setup.
    APS enabled. {"history": "ExplorerRun.0", "point": 3, "testname": "my_lib_pmos_tb_1", "cornername": "Nominal"}
[2026-04-12 21:34:56.470 +0700] [INFO] [cadence.virtuoso.ade.simulationMonitor] - Peak resident memory used = 107 Mbytes. {"history": "ExplorerRun.0", "point": 3, "testname": "my_lib_pmos_tb_1", "cornername": "Nominal"}
[2026-04-12 21:34:56.470 +0700] [INFO] [cadence.virtuoso.ade.simulationMonitor] -    -   (APS) Multi-threading. The recommended number of threads is 1, consider adding +mt=1 on command line. {"history": "ExplorerRun.0", "point": 3, "testname": "my_lib_pmos_tb_1", "cornername": "Nominal"}
[2026-04-12 21:34:56.470 +0700] [INFO] [cadence.virtuoso.ade.simulationMonitor] - Total time required for dc analysis `dcOp': CPU = 2.054 ms, elapsed = 2.99096 ms. {"history": "ExplorerRun.0", "point": 3, "testname": "my_lib_pmos_tb_1", "cornername": "Nominal"}
[2026-04-12 21:34:56.471 +0700] [INFO] [cadence.virtuoso.ade.simulationMonitor] - Peak resident memory used = 109 Mbytes. {"history": "ExplorerRun.0", "point": 3, "testname": "my_lib_pmos_tb_1", "cornername": "Nominal"}
[2026-04-12 21:34:56.471 +0700] [INFO] [cadence.virtuoso.ade.simulationMonitor] - Notice from spectre at vg = 1.8 during DC analysis `dc'.
    The value of parameter 'vg' has been reset to the original value 0.9. {"history": "ExplorerRun.0", "point": 3, "testname": "my_lib_pmos_tb_1", "cornername": "Nominal"}
[2026-04-12 21:34:56.471 +0700] [INFO] [cadence.virtuoso.ade.simulationMonitor] - Total time required for dc analysis `dc': CPU = 11.624 ms, elapsed = 12.6321 ms. {"history": "ExplorerRun.0", "point": 3, "testname": "my_lib_pmos_tb_1", "cornername": "Nominal"}
[2026-04-12 21:34:56.471 +0700] [INFO] [cadence.virtuoso.ade.simulationMonitor] - Peak resident memory used = 110 Mbytes. {"history": "ExplorerRun.0", "point": 3, "testname": "my_lib_pmos_tb_1", "cornername": "Nominal"}
[2026-04-12 21:34:56.471 +0700] [INFO] [cadence.virtuoso.ade.simulationMonitor] - Time used: CPU = 541 ms, elapsed = 11.4 s, util. = 4.75%. {"history": "ExplorerRun.0", "point": 3, "testname": "my_lib_pmos_tb_1", "cornername": "Nominal"}
[2026-04-12 21:34:56.471 +0700] [INFO] [cadence.virtuoso.ade.simulationMonitor] - Time spent in licensing: elapsed = 10.8 s, percentage of total = 95.1%. {"history": "ExplorerRun.0", "point": 3, "testname": "my_lib_pmos_tb_1", "cornername": "Nominal"}
[2026-04-12 21:34:56.472 +0700] [INFO] [cadence.virtuoso.ade.simulationMonitor] - Peak memory used = 111 Mbytes. {"history": "ExplorerRun.0", "point": 3, "testname": "my_lib_pmos_tb_1", "cornername": "Nominal"}
[2026-04-12 21:34:56.472 +0700] [PROCESS] [cadence.virtuoso.ade.simulationMonitor] - Simulation started at: 9:34:45 PM, Sun Apr 12, 2026, ended at: 9:34:56 PM, Sun Apr 12, 2026, with elapsed time (wall clock): 11.4 s. {"history": "ExplorerRun.0", "point": 3, "testname": "my_lib_pmos_tb_1", "cornername": "Nominal"}
[2026-04-12 21:34:56.472 +0700] [PROCESS] [cadence.virtuoso.ade.simulationMonitor] - spectre completes with 0 errors, 0 warnings, and 5 notices. {"history": "ExplorerRun.0", "point": 3, "testname": "my_lib_pmos_tb_1", "cornername": "Nominal"}
[2026-04-12 21:34:56.973 +0700] [PROCESS] [cadence.virtuoso.ade.simulationMonitor] - Finished simulating for one point {"hostname": "dtvt_13", "processid": 15364, "history": "ExplorerRun.0", "testname": "my_lib_pmos_tb_1", "cornername": "Nominal", "point": 3, "logfile": "/home/dtvt_13/truong/logs_dtvt_13/logs0/Job68.log", "simid": "3"}
[2026-04-12 21:34:56.974 +0700] [PROCESS] [cadence.virtuoso.ade.simulationMonitor] - Simulator exited {"hostname": "dtvt_13", "processid": 15364, "history": "ExplorerRun.0", "testname": "my_lib_pmos_tb_1", "cornername": "Nominal", "point": 3, "logfile": "/home/dtvt_13/truong/logs_dtvt_13/logs0/Job68.log", "exitStatus": "0"}
[2026-04-12 21:34:56.974 +0700] [PROCESS] [cadence.virtuoso.ade.simulationMonitor] - Finished Simulation {"hostname": "dtvt_13", "processid": 15364, "history": "ExplorerRun.0", "testname": "my_lib_pmos_tb_1", "cornername": "Nominal", "point": 3, "logfile": "/home/dtvt_13/truong/logs_dtvt_13/logs0/Job68.log", "simid": "3"}
[2026-04-12 21:34:57.489 +0700] [PROCESS] [cadence.virtuoso.ade.simulationMonitor] - Point Finished {"hostname": "dtvt_13", "processid": 15364, "history": "ExplorerRun.0", "testname": "my_lib_pmos_tb_1", "cornername": "Nominal", "point": 3, "logfile": "/home/dtvt_13/truong/logs_dtvt_13/logs0/Job68.log"}
[2026-04-12 21:34:57.491 +0700] [PROCESS] [cadence.virtuoso.ade.simulationMonitor] - HostInfo:
Host name (type):	dtvt_13 (x86_64)
Operating system:	Linux 3.10.0-1160.118.1.el7.x86_64 #1 SMP Wed Apr 24 16:01:50 UTC 2024 {"hostname": "dtvt_13", "processid": 15364, "history": "ExplorerRun.0", "testname": "my_lib_pmos_tb_1", "cornername": "Nominal", "point": 3, "logfile": "/home/dtvt_13/truong/logs_dtvt_13/logs0/Job68.log", "nodename": "dtvt_13", "domainname": "(none)", "machine": "x86_64", "sysname": "Linux", "release": "3.10.0-1160.118.1.el7.x86_64", "version": "#1 SMP Wed Apr 24 16:01:50 UTC 2024"}
[2026-04-12 21:34:57.492 +0700] [PROCESS] [cadence.virtuoso.ade.simulationMonitor] - UsageInfo:
pid=15364
totalPhysicalMemory=15.208324GB,Used=14.966797GB,totalVirtualMemory=22.895821GB,Used=15.028809GB
Cpu: Cores=24, Load average:0.510000,0.210000,0.110000 {"hostname": "dtvt_13", "processid": 15364, "history": "ExplorerRun.0", "testname": "my_lib_pmos_tb_1", "cornername": "Nominal", "point": 3, "logfile": "/home/dtvt_13/truong/logs_dtvt_13/logs0/Job68.log", "pid": "15364", "totalPhysicalMemory": "15.208324", "physicalMemoryUsed": "14.966797", "totalVirtualMemory": "22.895821", "virtualMemoryUsed": "15.028809", "cpuCores": "24", "processes": "2740", "loadAverage1": "0.510000", "loadAverage5": "0.210000", "loadAverage15": "0.110000", "loadAverage1Percent": "0.021250"}
[2026-04-12 21:34:57.492 +0700] [EVENT] [cadence.virtuoso.ade.simulationMonitor] - NewPoint {"history": "ExplorerRun.0", "point": 4, "testname": "my_lib_pmos_tb_1", "cornername": "Nominal", "event": "NewPoint", "EventSource": "Simulation Monitor", "HistoryName": "ExplorerRun.0", "logFile": "/home/dtvt_13/truong/logs_dtvt_13/logs0/Job68.log", "logFileSize": "29290"}
[2026-04-12 21:34:57.593 +0700] [EVENT] [cadence.virtuoso.ade.simulationMonitor] - NewPoint {"history": "ExplorerRun.0", "point": 4, "testname": "my_lib_pmos_tb_1", "cornername": "Nominal", "event": "NewPoint", "EventSource": "spectre", "HistoryName": "ExplorerRun.0", "logFile": "/home/dtvt_13/simulation/my_lib/pmos_tb/maestro/results/maestro/ExplorerRun.0/4/my_lib_pmos_tb_1/psf/spectre.out", "logFileSize": "-1"}
[2026-04-12 21:34:57.603 +0700] [PROCESS] [cadence.virtuoso.ade.simulationMonitor] - Simulator launched {"hostname": "dtvt_13", "processid": 15364, "history": "ExplorerRun.0", "testname": "my_lib_pmos_tb_1", "cornername": "Nominal", "point": 4, "logfile": "/home/dtvt_13/truong/logs_dtvt_13/logs0/Job68.log", "simid": "4"}
[2026-04-12 21:34:57.604 +0700] [PROCESS] [cadence.virtuoso.ade.simulationMonitor] - Started Simulation {"hostname": "dtvt_13", "processid": 15364, "history": "ExplorerRun.0", "testname": "my_lib_pmos_tb_1", "cornername": "Nominal", "point": 4, "logfile": "/home/dtvt_13/truong/logs_dtvt_13/logs0/Job68.log"}
[2026-04-12 21:34:59.105 +0700] [PROCESS] [cadence.virtuoso.ade.simulationMonitor] - Finished simulating for one point {"hostname": "dtvt_13", "processid": 15364, "history": "ExplorerRun.0", "testname": "my_lib_pmos_tb_1", "cornername": "Nominal", "point": 4, "logfile": "/home/dtvt_13/truong/logs_dtvt_13/logs0/Job68.log", "simid": "4"}
[2026-04-12 21:34:59.105 +0700] [INFO] [cadence.virtuoso.ade.simulationMonitor] - Peak resident memory used = 96.2 Mbytes. {"history": "ExplorerRun.0", "point": 4, "testname": "my_lib_pmos_tb_1", "cornername": "Nominal"}
[2026-04-12 21:34:59.105 +0700] [INFO] [cadence.virtuoso.ade.simulationMonitor] - Peak resident memory used = 105 Mbytes. {"history": "ExplorerRun.0", "point": 4, "testname": "my_lib_pmos_tb_1", "cornername": "Nominal"}
[2026-04-12 21:34:59.105 +0700] [INFO] [cadence.virtuoso.ade.simulationMonitor] - Notice from spectre during hierarchy flattening.
    The value 'psf' specified for the 'checklimitdest' option will no longer be supported in future releases. Use 'spectre -h' to see other recommended values for the 'checklimitdest' option. {"history": "ExplorerRun.0", "point": 4, "testname": "my_lib_pmos_tb_1", "cornername": "Nominal"}
[2026-04-12 21:34:59.105 +0700] [INFO] [cadence.virtuoso.ade.simulationMonitor] - Peak resident memory used = 106 Mbytes. {"history": "ExplorerRun.0", "point": 4, "testname": "my_lib_pmos_tb_1", "cornername": "Nominal"}
[2026-04-12 21:34:59.106 +0700] [INFO] [cadence.virtuoso.ade.simulationMonitor] - Notice from spectre during initial setup.
    Multithreading is disabled due to the size of the design being too small. {"history": "ExplorerRun.0", "point": 4, "testname": "my_lib_pmos_tb_1", "cornername": "Nominal"}
[2026-04-12 21:34:59.106 +0700] [INFO] [cadence.virtuoso.ade.simulationMonitor] -               nodes 8 {"history": "ExplorerRun.0", "point": 4, "testname": "my_lib_pmos_tb_1", "cornername": "Nominal"}
[2026-04-12 21:34:59.106 +0700] [INFO] [cadence.virtuoso.ade.simulationMonitor] - Notice from spectre during initial setup.
    APS enabled. {"history": "ExplorerRun.0", "point": 4, "testname": "my_lib_pmos_tb_1", "cornername": "Nominal"}
[2026-04-12 21:34:59.106 +0700] [INFO] [cadence.virtuoso.ade.simulationMonitor] - Peak resident memory used = 107 Mbytes. {"history": "ExplorerRun.0", "point": 4, "testname": "my_lib_pmos_tb_1", "cornername": "Nominal"}
[2026-04-12 21:34:59.106 +0700] [INFO] [cadence.virtuoso.ade.simulationMonitor] -    -   (APS) Multi-threading. The recommended number of threads is 1, consider adding +mt=1 on command line. {"history": "ExplorerRun.0", "point": 4, "testname": "my_lib_pmos_tb_1", "cornername": "Nominal"}
[2026-04-12 21:34:59.107 +0700] [INFO] [cadence.virtuoso.ade.simulationMonitor] - Total time required for dc analysis `dcOp': CPU = 1.699 ms, elapsed = 2.71106 ms. {"history": "ExplorerRun.0", "point": 4, "testname": "my_lib_pmos_tb_1", "cornername": "Nominal"}
[2026-04-12 21:34:59.107 +0700] [INFO] [cadence.virtuoso.ade.simulationMonitor] - Peak resident memory used = 109 Mbytes. {"history": "ExplorerRun.0", "point": 4, "testname": "my_lib_pmos_tb_1", "cornername": "Nominal"}
[2026-04-12 21:34:59.107 +0700] [INFO] [cadence.virtuoso.ade.simulationMonitor] - Notice from spectre at vg = 1.8 during DC analysis `dc'.
    The value of parameter 'vg' has been reset to the original value 0.9. {"history": "ExplorerRun.0", "point": 4, "testname": "my_lib_pmos_tb_1", "cornername": "Nominal"}
[2026-04-12 21:34:59.107 +0700] [INFO] [cadence.virtuoso.ade.simulationMonitor] - Total time required for dc analysis `dc': CPU = 9.996 ms, elapsed = 11.0629 ms. {"history": "ExplorerRun.0", "point": 4, "testname": "my_lib_pmos_tb_1", "cornername": "Nominal"}
[2026-04-12 21:34:59.107 +0700] [INFO] [cadence.virtuoso.ade.simulationMonitor] - Peak resident memory used = 110 Mbytes. {"history": "ExplorerRun.0", "point": 4, "testname": "my_lib_pmos_tb_1", "cornername": "Nominal"}
[2026-04-12 21:34:59.107 +0700] [INFO] [cadence.virtuoso.ade.simulationMonitor] - Time used: CPU = 534 ms, elapsed = 843 ms, util. = 63.3%. {"history": "ExplorerRun.0", "point": 4, "testname": "my_lib_pmos_tb_1", "cornername": "Nominal"}
[2026-04-12 21:34:59.107 +0700] [INFO] [cadence.virtuoso.ade.simulationMonitor] - Time spent in licensing: elapsed = 339 ms, percentage of total = 40.3%. {"history": "ExplorerRun.0", "point": 4, "testname": "my_lib_pmos_tb_1", "cornername": "Nominal"}
[2026-04-12 21:34:59.107 +0700] [INFO] [cadence.virtuoso.ade.simulationMonitor] - Peak memory used = 111 Mbytes. {"history": "ExplorerRun.0", "point": 4, "testname": "my_lib_pmos_tb_1", "cornername": "Nominal"}
[2026-04-12 21:34:59.108 +0700] [PROCESS] [cadence.virtuoso.ade.simulationMonitor] - Simulation started at: 9:34:57 PM, Sun Apr 12, 2026, ended at: 9:34:58 PM, Sun Apr 12, 2026, with elapsed time (wall clock): 843 ms. {"history": "ExplorerRun.0", "point": 4, "testname": "my_lib_pmos_tb_1", "cornername": "Nominal"}
[2026-04-12 21:34:59.108 +0700] [PROCESS] [cadence.virtuoso.ade.simulationMonitor] - spectre completes with 0 errors, 0 warnings, and 5 notices. {"history": "ExplorerRun.0", "point": 4, "testname": "my_lib_pmos_tb_1", "cornername": "Nominal"}
[2026-04-12 21:34:59.108 +0700] [PROCESS] [cadence.virtuoso.ade.simulationMonitor] - Simulator exited {"hostname": "dtvt_13", "processid": 15364, "history": "ExplorerRun.0", "testname": "my_lib_pmos_tb_1", "cornername": "Nominal", "point": 4, "logfile": "/home/dtvt_13/truong/logs_dtvt_13/logs0/Job68.log", "exitStatus": "0"}
[2026-04-12 21:34:59.108 +0700] [PROCESS] [cadence.virtuoso.ade.simulationMonitor] - Finished Simulation {"hostname": "dtvt_13", "processid": 15364, "history": "ExplorerRun.0", "testname": "my_lib_pmos_tb_1", "cornername": "Nominal", "point": 4, "logfile": "/home/dtvt_13/truong/logs_dtvt_13/logs0/Job68.log", "simid": "4"}
[2026-04-12 21:34:59.622 +0700] [PROCESS] [cadence.virtuoso.ade.simulationMonitor] - Point Finished {"hostname": "dtvt_13", "processid": 15364, "history": "ExplorerRun.0", "testname": "my_lib_pmos_tb_1", "cornername": "Nominal", "point": 4, "logfile": "/home/dtvt_13/truong/logs_dtvt_13/logs0/Job68.log"}
[2026-04-12 21:34:59.628 +0700] [PROCESS] [cadence.virtuoso.ade.simulationMonitor] - HostInfo:
Host name (type):	dtvt_13 (x86_64)
Operating system:	Linux 3.10.0-1160.118.1.el7.x86_64 #1 SMP Wed Apr 24 16:01:50 UTC 2024 {"hostname": "dtvt_13", "processid": 15364, "history": "ExplorerRun.0", "testname": "my_lib_pmos_tb_1", "cornername": "Nominal", "point": 4, "logfile": "/home/dtvt_13/truong/logs_dtvt_13/logs0/Job68.log", "nodename": "dtvt_13", "domainname": "(none)", "machine": "x86_64", "sysname": "Linux", "release": "3.10.0-1160.118.1.el7.x86_64", "version": "#1 SMP Wed Apr 24 16:01:50 UTC 2024"}
[2026-04-12 21:34:59.628 +0700] [PROCESS] [cadence.virtuoso.ade.simulationMonitor] - UsageInfo:
pid=15364
totalPhysicalMemory=15.208324GB,Used=14.971535GB,totalVirtualMemory=22.895821GB,Used=15.033546GB
Cpu: Cores=24, Load average:0.550000,0.230000,0.110000 {"hostname": "dtvt_13", "processid": 15364, "history": "ExplorerRun.0", "testname": "my_lib_pmos_tb_1", "cornername": "Nominal", "point": 4, "logfile": "/home/dtvt_13/truong/logs_dtvt_13/logs0/Job68.log", "pid": "15364", "totalPhysicalMemory": "15.208324", "physicalMemoryUsed": "14.971535", "totalVirtualMemory": "22.895821", "virtualMemoryUsed": "15.033546", "cpuCores": "24", "processes": "2740", "loadAverage1": "0.550000", "loadAverage5": "0.230000", "loadAverage15": "0.110000", "loadAverage1Percent": "0.022917"}
[2026-04-12 21:34:59.629 +0700] [EVENT] [cadence.virtuoso.ade.simulationMonitor] - NewPoint {"history": "ExplorerRun.0", "point": 5, "testname": "my_lib_pmos_tb_1", "cornername": "Nominal", "event": "NewPoint", "EventSource": "Simulation Monitor", "HistoryName": "ExplorerRun.0", "logFile": "/home/dtvt_13/truong/logs_dtvt_13/logs0/Job68.log", "logFileSize": "38248"}
[2026-04-12 21:34:59.730 +0700] [EVENT] [cadence.virtuoso.ade.simulationMonitor] - NewPoint {"history": "ExplorerRun.0", "point": 5, "testname": "my_lib_pmos_tb_1", "cornername": "Nominal", "event": "NewPoint", "EventSource": "spectre", "HistoryName": "ExplorerRun.0", "logFile": "/home/dtvt_13/simulation/my_lib/pmos_tb/maestro/results/maestro/ExplorerRun.0/5/my_lib_pmos_tb_1/psf/spectre.out", "logFileSize": "-1"}
[2026-04-12 21:34:59.739 +0700] [PROCESS] [cadence.virtuoso.ade.simulationMonitor] - Simulator launched {"hostname": "dtvt_13", "processid": 15364, "history": "ExplorerRun.0", "testname": "my_lib_pmos_tb_1", "cornername": "Nominal", "point": 5, "logfile": "/home/dtvt_13/truong/logs_dtvt_13/logs0/Job68.log", "simid": "5"}
[2026-04-12 21:34:59.739 +0700] [PROCESS] [cadence.virtuoso.ade.simulationMonitor] - Started Simulation {"hostname": "dtvt_13", "processid": 15364, "history": "ExplorerRun.0", "testname": "my_lib_pmos_tb_1", "cornername": "Nominal", "point": 5, "logfile": "/home/dtvt_13/truong/logs_dtvt_13/logs0/Job68.log"}
[2026-04-12 21:35:10.948 +0700] [INFO] [cadence.virtuoso.ade.simulationMonitor] - Peak resident memory used = 96.2 Mbytes. {"history": "ExplorerRun.0", "point": 5, "testname": "my_lib_pmos_tb_1", "cornername": "Nominal"}
[2026-04-12 21:35:10.949 +0700] [INFO] [cadence.virtuoso.ade.simulationMonitor] - Peak resident memory used = 105 Mbytes. {"history": "ExplorerRun.0", "point": 5, "testname": "my_lib_pmos_tb_1", "cornername": "Nominal"}
[2026-04-12 21:35:10.949 +0700] [INFO] [cadence.virtuoso.ade.simulationMonitor] - Notice from spectre during hierarchy flattening.
    The value 'psf' specified for the 'checklimitdest' option will no longer be supported in future releases. Use 'spectre -h' to see other recommended values for the 'checklimitdest' option. {"history": "ExplorerRun.0", "point": 5, "testname": "my_lib_pmos_tb_1", "cornername": "Nominal"}
[2026-04-12 21:35:10.949 +0700] [INFO] [cadence.virtuoso.ade.simulationMonitor] - Peak resident memory used = 106 Mbytes. {"history": "ExplorerRun.0", "point": 5, "testname": "my_lib_pmos_tb_1", "cornername": "Nominal"}
[2026-04-12 21:35:10.950 +0700] [INFO] [cadence.virtuoso.ade.simulationMonitor] - Notice from spectre during initial setup.
    Multithreading is disabled due to the size of the design being too small. {"history": "ExplorerRun.0", "point": 5, "testname": "my_lib_pmos_tb_1", "cornername": "Nominal"}
[2026-04-12 21:35:10.951 +0700] [INFO] [cadence.virtuoso.ade.simulationMonitor] -               nodes 8 {"history": "ExplorerRun.0", "point": 5, "testname": "my_lib_pmos_tb_1", "cornername": "Nominal"}
[2026-04-12 21:35:10.951 +0700] [INFO] [cadence.virtuoso.ade.simulationMonitor] - Notice from spectre during initial setup.
    APS enabled. {"history": "ExplorerRun.0", "point": 5, "testname": "my_lib_pmos_tb_1", "cornername": "Nominal"}
[2026-04-12 21:35:10.952 +0700] [INFO] [cadence.virtuoso.ade.simulationMonitor] - Peak resident memory used = 107 Mbytes. {"history": "ExplorerRun.0", "point": 5, "testname": "my_lib_pmos_tb_1", "cornername": "Nominal"}
[2026-04-12 21:35:10.952 +0700] [INFO] [cadence.virtuoso.ade.simulationMonitor] -    -   (APS) Multi-threading. The recommended number of threads is 1, consider adding +mt=1 on command line. {"history": "ExplorerRun.0", "point": 5, "testname": "my_lib_pmos_tb_1", "cornername": "Nominal"}
[2026-04-12 21:35:11.453 +0700] [PROCESS] [cadence.virtuoso.ade.simulationMonitor] - Finished simulating for one point {"hostname": "dtvt_13", "processid": 15364, "history": "ExplorerRun.0", "testname": "my_lib_pmos_tb_1", "cornername": "Nominal", "point": 5, "logfile": "/home/dtvt_13/truong/logs_dtvt_13/logs0/Job68.log", "simid": "5"}
[2026-04-12 21:35:11.454 +0700] [INFO] [cadence.virtuoso.ade.simulationMonitor] - Total time required for dc analysis `dcOp': CPU = 2.013 ms, elapsed = 3.01194 ms. {"history": "ExplorerRun.0", "point": 5, "testname": "my_lib_pmos_tb_1", "cornername": "Nominal"}
[2026-04-12 21:35:11.454 +0700] [INFO] [cadence.virtuoso.ade.simulationMonitor] - Peak resident memory used = 109 Mbytes. {"history": "ExplorerRun.0", "point": 5, "testname": "my_lib_pmos_tb_1", "cornername": "Nominal"}
[2026-04-12 21:35:11.455 +0700] [INFO] [cadence.virtuoso.ade.simulationMonitor] - Notice from spectre at vg = 1.8 during DC analysis `dc'.
    The value of parameter 'vg' has been reset to the original value 0.9. {"history": "ExplorerRun.0", "point": 5, "testname": "my_lib_pmos_tb_1", "cornername": "Nominal"}
[2026-04-12 21:35:11.455 +0700] [INFO] [cadence.virtuoso.ade.simulationMonitor] - Total time required for dc analysis `dc': CPU = 6.653 ms, elapsed = 7.57098 ms. {"history": "ExplorerRun.0", "point": 5, "testname": "my_lib_pmos_tb_1", "cornername": "Nominal"}
[2026-04-12 21:35:11.455 +0700] [INFO] [cadence.virtuoso.ade.simulationMonitor] - Peak resident memory used = 110 Mbytes. {"history": "ExplorerRun.0", "point": 5, "testname": "my_lib_pmos_tb_1", "cornername": "Nominal"}
[2026-04-12 21:35:11.456 +0700] [INFO] [cadence.virtuoso.ade.simulationMonitor] - Time used: CPU = 550 ms, elapsed = 10.9 s, util. = 5.06%. {"history": "ExplorerRun.0", "point": 5, "testname": "my_lib_pmos_tb_1", "cornername": "Nominal"}
[2026-04-12 21:35:11.456 +0700] [INFO] [cadence.virtuoso.ade.simulationMonitor] - Time spent in licensing: elapsed = 10.4 s, percentage of total = 95.4%. {"history": "ExplorerRun.0", "point": 5, "testname": "my_lib_pmos_tb_1", "cornername": "Nominal"}
[2026-04-12 21:35:11.456 +0700] [INFO] [cadence.virtuoso.ade.simulationMonitor] - Peak memory used = 111 Mbytes. {"history": "ExplorerRun.0", "point": 5, "testname": "my_lib_pmos_tb_1", "cornername": "Nominal"}
[2026-04-12 21:35:11.457 +0700] [PROCESS] [cadence.virtuoso.ade.simulationMonitor] - Simulation started at: 9:34:59 PM, Sun Apr 12, 2026, ended at: 9:35:10 PM, Sun Apr 12, 2026, with elapsed time (wall clock): 10.9 s. {"history": "ExplorerRun.0", "point": 5, "testname": "my_lib_pmos_tb_1", "cornername": "Nominal"}
[2026-04-12 21:35:11.457 +0700] [PROCESS] [cadence.virtuoso.ade.simulationMonitor] - spectre completes with 0 errors, 0 warnings, and 5 notices. {"history": "ExplorerRun.0", "point": 5, "testname": "my_lib_pmos_tb_1", "cornername": "Nominal"}
[2026-04-12 21:35:11.457 +0700] [PROCESS] [cadence.virtuoso.ade.simulationMonitor] - Simulator exited {"hostname": "dtvt_13", "processid": 15364, "history": "ExplorerRun.0", "testname": "my_lib_pmos_tb_1", "cornername": "Nominal", "point": 5, "logfile": "/home/dtvt_13/truong/logs_dtvt_13/logs0/Job68.log", "exitStatus": "0"}
[2026-04-12 21:35:11.457 +0700] [PROCESS] [cadence.virtuoso.ade.simulationMonitor] - Finished Simulation {"hostname": "dtvt_13", "processid": 15364, "history": "ExplorerRun.0", "testname": "my_lib_pmos_tb_1", "cornername": "Nominal", "point": 5, "logfile": "/home/dtvt_13/truong/logs_dtvt_13/logs0/Job68.log", "simid": "5"}
[2026-04-12 21:35:11.972 +0700] [PROCESS] [cadence.virtuoso.ade.simulationMonitor] - Point Finished {"hostname": "dtvt_13", "processid": 15364, "history": "ExplorerRun.0", "testname": "my_lib_pmos_tb_1", "cornername": "Nominal", "point": 5, "logfile": "/home/dtvt_13/truong/logs_dtvt_13/logs0/Job68.log"}
[2026-04-12 21:35:11.980 +0700] [PROCESS] [cadence.virtuoso.ade.simulationMonitor] - HostInfo:
Host name (type):	dtvt_13 (x86_64)
Operating system:	Linux 3.10.0-1160.118.1.el7.x86_64 #1 SMP Wed Apr 24 16:01:50 UTC 2024 {"hostname": "dtvt_13", "processid": 15364, "history": "ExplorerRun.0", "testname": "my_lib_pmos_tb_1", "cornername": "Nominal", "point": 5, "logfile": "/home/dtvt_13/truong/logs_dtvt_13/logs0/Job68.log", "nodename": "dtvt_13", "domainname": "(none)", "machine": "x86_64", "sysname": "Linux", "release": "3.10.0-1160.118.1.el7.x86_64", "version": "#1 SMP Wed Apr 24 16:01:50 UTC 2024"}
[2026-04-12 21:35:11.980 +0700] [PROCESS] [cadence.virtuoso.ade.simulationMonitor] - UsageInfo:
pid=15364
totalPhysicalMemory=15.208324GB,Used=14.972813GB,totalVirtualMemory=22.895821GB,Used=15.034824GB
Cpu: Cores=24, Load average:0.470000,0.220000,0.110000 {"hostname": "dtvt_13", "processid": 15364, "history": "ExplorerRun.0", "testname": "my_lib_pmos_tb_1", "cornername": "Nominal", "point": 5, "logfile": "/home/dtvt_13/truong/logs_dtvt_13/logs0/Job68.log", "pid": "15364", "totalPhysicalMemory": "15.208324", "physicalMemoryUsed": "14.972813", "totalVirtualMemory": "22.895821", "virtualMemoryUsed": "15.034824", "cpuCores": "24", "processes": "2740", "loadAverage1": "0.470000", "loadAverage5": "0.220000", "loadAverage15": "0.110000", "loadAverage1Percent": "0.019583"}
[2026-04-12 21:35:11.981 +0700] [EVENT] [cadence.virtuoso.ade.simulationMonitor] - NewPoint {"history": "ExplorerRun.0", "point": 6, "testname": "my_lib_pmos_tb_1", "cornername": "Nominal", "event": "NewPoint", "EventSource": "Simulation Monitor", "HistoryName": "ExplorerRun.0", "logFile": "/home/dtvt_13/truong/logs_dtvt_13/logs0/Job68.log", "logFileSize": "47206"}
[2026-04-12 21:35:12.082 +0700] [EVENT] [cadence.virtuoso.ade.simulationMonitor] - NewPoint {"history": "ExplorerRun.0", "point": 6, "testname": "my_lib_pmos_tb_1", "cornername": "Nominal", "event": "NewPoint", "EventSource": "spectre", "HistoryName": "ExplorerRun.0", "logFile": "/home/dtvt_13/simulation/my_lib/pmos_tb/maestro/results/maestro/ExplorerRun.0/6/my_lib_pmos_tb_1/psf/spectre.out", "logFileSize": "-1"}
[2026-04-12 21:35:12.093 +0700] [PROCESS] [cadence.virtuoso.ade.simulationMonitor] - Simulator launched {"hostname": "dtvt_13", "processid": 15364, "history": "ExplorerRun.0", "testname": "my_lib_pmos_tb_1", "cornername": "Nominal", "point": 6, "logfile": "/home/dtvt_13/truong/logs_dtvt_13/logs0/Job68.log", "simid": "6"}
[2026-04-12 21:35:12.093 +0700] [PROCESS] [cadence.virtuoso.ade.simulationMonitor] - Started Simulation {"hostname": "dtvt_13", "processid": 15364, "history": "ExplorerRun.0", "testname": "my_lib_pmos_tb_1", "cornername": "Nominal", "point": 6, "logfile": "/home/dtvt_13/truong/logs_dtvt_13/logs0/Job68.log"}
[2026-04-12 21:35:33.489 +0700] [PROCESS] [cadence.virtuoso.ade.simulationMonitor] - Finished simulating for one point {"hostname": "dtvt_13", "processid": 15364, "history": "ExplorerRun.0", "testname": "my_lib_pmos_tb_1", "cornername": "Nominal", "point": 6, "logfile": "/home/dtvt_13/truong/logs_dtvt_13/logs0/Job68.log", "simid": "6"}
[2026-04-12 21:35:33.490 +0700] [INFO] [cadence.virtuoso.ade.simulationMonitor] - Peak resident memory used = 96 Mbytes. {"history": "ExplorerRun.0", "point": 6, "testname": "my_lib_pmos_tb_1", "cornername": "Nominal"}
[2026-04-12 21:35:33.491 +0700] [INFO] [cadence.virtuoso.ade.simulationMonitor] - Peak resident memory used = 105 Mbytes. {"history": "ExplorerRun.0", "point": 6, "testname": "my_lib_pmos_tb_1", "cornername": "Nominal"}
[2026-04-12 21:35:33.491 +0700] [INFO] [cadence.virtuoso.ade.simulationMonitor] - Notice from spectre during hierarchy flattening.
    The value 'psf' specified for the 'checklimitdest' option will no longer be supported in future releases. Use 'spectre -h' to see other recommended values for the 'checklimitdest' option. {"history": "ExplorerRun.0", "point": 6, "testname": "my_lib_pmos_tb_1", "cornername": "Nominal"}
[2026-04-12 21:35:33.491 +0700] [INFO] [cadence.virtuoso.ade.simulationMonitor] - Peak resident memory used = 106 Mbytes. {"history": "ExplorerRun.0", "point": 6, "testname": "my_lib_pmos_tb_1", "cornername": "Nominal"}
[2026-04-12 21:35:33.492 +0700] [INFO] [cadence.virtuoso.ade.simulationMonitor] - Notice from spectre during initial setup.
    Multithreading is disabled due to the size of the design being too small. {"history": "ExplorerRun.0", "point": 6, "testname": "my_lib_pmos_tb_1", "cornername": "Nominal"}
[2026-04-12 21:35:33.492 +0700] [INFO] [cadence.virtuoso.ade.simulationMonitor] -               nodes 8 {"history": "ExplorerRun.0", "point": 6, "testname": "my_lib_pmos_tb_1", "cornername": "Nominal"}
[2026-04-12 21:35:33.492 +0700] [INFO] [cadence.virtuoso.ade.simulationMonitor] - Notice from spectre during initial setup.
    APS enabled. {"history": "ExplorerRun.0", "point": 6, "testname": "my_lib_pmos_tb_1", "cornername": "Nominal"}
[2026-04-12 21:35:33.493 +0700] [INFO] [cadence.virtuoso.ade.simulationMonitor] - Peak resident memory used = 107 Mbytes. {"history": "ExplorerRun.0", "point": 6, "testname": "my_lib_pmos_tb_1", "cornername": "Nominal"}
[2026-04-12 21:35:33.493 +0700] [INFO] [cadence.virtuoso.ade.simulationMonitor] -    -   (APS) Multi-threading. The recommended number of threads is 1, consider adding +mt=1 on command line. {"history": "ExplorerRun.0", "point": 6, "testname": "my_lib_pmos_tb_1", "cornername": "Nominal"}
[2026-04-12 21:35:33.493 +0700] [INFO] [cadence.virtuoso.ade.simulationMonitor] - Total time required for dc analysis `dcOp': CPU = 1.859 ms, elapsed = 2.78091 ms. {"history": "ExplorerRun.0", "point": 6, "testname": "my_lib_pmos_tb_1", "cornername": "Nominal"}
[2026-04-12 21:35:33.493 +0700] [INFO] [cadence.virtuoso.ade.simulationMonitor] - Peak resident memory used = 109 Mbytes. {"history": "ExplorerRun.0", "point": 6, "testname": "my_lib_pmos_tb_1", "cornername": "Nominal"}
[2026-04-12 21:35:33.493 +0700] [INFO] [cadence.virtuoso.ade.simulationMonitor] - Notice from spectre at vg = 1.8 during DC analysis `dc'.
    The value of parameter 'vg' has been reset to the original value 0.9. {"history": "ExplorerRun.0", "point": 6, "testname": "my_lib_pmos_tb_1", "cornername": "Nominal"}
[2026-04-12 21:35:33.493 +0700] [INFO] [cadence.virtuoso.ade.simulationMonitor] - Total time required for dc analysis `dc': CPU = 12.34 ms, elapsed = 13.4799 ms. {"history": "ExplorerRun.0", "point": 6, "testname": "my_lib_pmos_tb_1", "cornername": "Nominal"}
[2026-04-12 21:35:33.493 +0700] [INFO] [cadence.virtuoso.ade.simulationMonitor] - Peak resident memory used = 110 Mbytes. {"history": "ExplorerRun.0", "point": 6, "testname": "my_lib_pmos_tb_1", "cornername": "Nominal"}
[2026-04-12 21:35:33.494 +0700] [INFO] [cadence.virtuoso.ade.simulationMonitor] - Time used: CPU = 525 ms, elapsed = 21 s, util. = 2.5%. {"history": "ExplorerRun.0", "point": 6, "testname": "my_lib_pmos_tb_1", "cornername": "Nominal"}
[2026-04-12 21:35:33.494 +0700] [INFO] [cadence.virtuoso.ade.simulationMonitor] - Time spent in licensing: elapsed = 20.5 s, percentage of total = 97.6%. {"history": "ExplorerRun.0", "point": 6, "testname": "my_lib_pmos_tb_1", "cornername": "Nominal"}
[2026-04-12 21:35:33.494 +0700] [INFO] [cadence.virtuoso.ade.simulationMonitor] - Peak memory used = 111 Mbytes. {"history": "ExplorerRun.0", "point": 6, "testname": "my_lib_pmos_tb_1", "cornername": "Nominal"}
[2026-04-12 21:35:33.494 +0700] [PROCESS] [cadence.virtuoso.ade.simulationMonitor] - Simulation started at: 9:35:12 PM, Sun Apr 12, 2026, ended at: 9:35:33 PM, Sun Apr 12, 2026, with elapsed time (wall clock): 21 s. {"history": "ExplorerRun.0", "point": 6, "testname": "my_lib_pmos_tb_1", "cornername": "Nominal"}
[2026-04-12 21:35:33.494 +0700] [PROCESS] [cadence.virtuoso.ade.simulationMonitor] - spectre completes with 0 errors, 0 warnings, and 5 notices. {"history": "ExplorerRun.0", "point": 6, "testname": "my_lib_pmos_tb_1", "cornername": "Nominal"}
[2026-04-12 21:35:33.494 +0700] [PROCESS] [cadence.virtuoso.ade.simulationMonitor] - Simulator exited {"hostname": "dtvt_13", "processid": 15364, "history": "ExplorerRun.0", "testname": "my_lib_pmos_tb_1", "cornername": "Nominal", "point": 6, "logfile": "/home/dtvt_13/truong/logs_dtvt_13/logs0/Job68.log", "exitStatus": "0"}
[2026-04-12 21:35:33.494 +0700] [PROCESS] [cadence.virtuoso.ade.simulationMonitor] - Finished Simulation {"hostname": "dtvt_13", "processid": 15364, "history": "ExplorerRun.0", "testname": "my_lib_pmos_tb_1", "cornername": "Nominal", "point": 6, "logfile": "/home/dtvt_13/truong/logs_dtvt_13/logs0/Job68.log", "simid": "6"}
[2026-04-12 21:35:34.008 +0700] [PROCESS] [cadence.virtuoso.ade.simulationMonitor] - Point Finished {"hostname": "dtvt_13", "processid": 15364, "history": "ExplorerRun.0", "testname": "my_lib_pmos_tb_1", "cornername": "Nominal", "point": 6, "logfile": "/home/dtvt_13/truong/logs_dtvt_13/logs0/Job68.log"}
[2026-04-12 21:35:34.015 +0700] [PROCESS] [cadence.virtuoso.ade.simulationMonitor] - HostInfo:
Host name (type):	dtvt_13 (x86_64)
Operating system:	Linux 3.10.0-1160.118.1.el7.x86_64 #1 SMP Wed Apr 24 16:01:50 UTC 2024 {"hostname": "dtvt_13", "processid": 15364, "history": "ExplorerRun.0", "testname": "my_lib_pmos_tb_1", "cornername": "Nominal", "point": 6, "logfile": "/home/dtvt_13/truong/logs_dtvt_13/logs0/Job68.log", "nodename": "dtvt_13", "domainname": "(none)", "machine": "x86_64", "sysname": "Linux", "release": "3.10.0-1160.118.1.el7.x86_64", "version": "#1 SMP Wed Apr 24 16:01:50 UTC 2024"}
[2026-04-12 21:35:34.016 +0700] [PROCESS] [cadence.virtuoso.ade.simulationMonitor] - UsageInfo:
pid=15364
totalPhysicalMemory=15.208324GB,Used=14.974007GB,totalVirtualMemory=22.895821GB,Used=15.036018GB
Cpu: Cores=24, Load average:0.330000,0.200000,0.110000 {"hostname": "dtvt_13", "processid": 15364, "history": "ExplorerRun.0", "testname": "my_lib_pmos_tb_1", "cornername": "Nominal", "point": 6, "logfile": "/home/dtvt_13/truong/logs_dtvt_13/logs0/Job68.log", "pid": "15364", "totalPhysicalMemory": "15.208324", "physicalMemoryUsed": "14.974007", "totalVirtualMemory": "22.895821", "virtualMemoryUsed": "15.036018", "cpuCores": "24", "processes": "2740", "loadAverage1": "0.330000", "loadAverage5": "0.200000", "loadAverage15": "0.110000", "loadAverage1Percent": "0.013750"}
[2026-04-12 21:35:34.016 +0700] [EVENT] [cadence.virtuoso.ade.simulationMonitor] - NewPoint {"history": "ExplorerRun.0", "point": 7, "testname": "my_lib_pmos_tb_1", "cornername": "Nominal", "event": "NewPoint", "EventSource": "Simulation Monitor", "HistoryName": "ExplorerRun.0", "logFile": "/home/dtvt_13/truong/logs_dtvt_13/logs0/Job68.log", "logFileSize": "56157"}
[2026-04-12 21:35:34.118 +0700] [EVENT] [cadence.virtuoso.ade.simulationMonitor] - NewPoint {"history": "ExplorerRun.0", "point": 7, "testname": "my_lib_pmos_tb_1", "cornername": "Nominal", "event": "NewPoint", "EventSource": "spectre", "HistoryName": "ExplorerRun.0", "logFile": "/home/dtvt_13/simulation/my_lib/pmos_tb/maestro/results/maestro/ExplorerRun.0/7/my_lib_pmos_tb_1/psf/spectre.out", "logFileSize": "-1"}
[2026-04-12 21:35:34.128 +0700] [PROCESS] [cadence.virtuoso.ade.simulationMonitor] - Simulator launched {"hostname": "dtvt_13", "processid": 15364, "history": "ExplorerRun.0", "testname": "my_lib_pmos_tb_1", "cornername": "Nominal", "point": 7, "logfile": "/home/dtvt_13/truong/logs_dtvt_13/logs0/Job68.log", "simid": "7"}
[2026-04-12 21:35:34.129 +0700] [PROCESS] [cadence.virtuoso.ade.simulationMonitor] - Started Simulation {"hostname": "dtvt_13", "processid": 15364, "history": "ExplorerRun.0", "testname": "my_lib_pmos_tb_1", "cornername": "Nominal", "point": 7, "logfile": "/home/dtvt_13/truong/logs_dtvt_13/logs0/Job68.log"}
[2026-04-12 21:35:35.630 +0700] [PROCESS] [cadence.virtuoso.ade.simulationMonitor] - Finished simulating for one point {"hostname": "dtvt_13", "processid": 15364, "history": "ExplorerRun.0", "testname": "my_lib_pmos_tb_1", "cornername": "Nominal", "point": 7, "logfile": "/home/dtvt_13/truong/logs_dtvt_13/logs0/Job68.log", "simid": "7"}
[2026-04-12 21:35:35.631 +0700] [INFO] [cadence.virtuoso.ade.simulationMonitor] - Peak resident memory used = 96.2 Mbytes. {"history": "ExplorerRun.0", "point": 7, "testname": "my_lib_pmos_tb_1", "cornername": "Nominal"}
[2026-04-12 21:35:35.631 +0700] [INFO] [cadence.virtuoso.ade.simulationMonitor] - Peak resident memory used = 105 Mbytes. {"history": "ExplorerRun.0", "point": 7, "testname": "my_lib_pmos_tb_1", "cornername": "Nominal"}
[2026-04-12 21:35:35.631 +0700] [INFO] [cadence.virtuoso.ade.simulationMonitor] - Notice from spectre during hierarchy flattening.
    The value 'psf' specified for the 'checklimitdest' option will no longer be supported in future releases. Use 'spectre -h' to see other recommended values for the 'checklimitdest' option. {"history": "ExplorerRun.0", "point": 7, "testname": "my_lib_pmos_tb_1", "cornername": "Nominal"}
[2026-04-12 21:35:35.632 +0700] [INFO] [cadence.virtuoso.ade.simulationMonitor] - Peak resident memory used = 106 Mbytes. {"history": "ExplorerRun.0", "point": 7, "testname": "my_lib_pmos_tb_1", "cornername": "Nominal"}
[2026-04-12 21:35:35.632 +0700] [INFO] [cadence.virtuoso.ade.simulationMonitor] - Notice from spectre during initial setup.
    Multithreading is disabled due to the size of the design being too small. {"history": "ExplorerRun.0", "point": 7, "testname": "my_lib_pmos_tb_1", "cornername": "Nominal"}
[2026-04-12 21:35:35.632 +0700] [INFO] [cadence.virtuoso.ade.simulationMonitor] -               nodes 8 {"history": "ExplorerRun.0", "point": 7, "testname": "my_lib_pmos_tb_1", "cornername": "Nominal"}
[2026-04-12 21:35:35.633 +0700] [INFO] [cadence.virtuoso.ade.simulationMonitor] - Notice from spectre during initial setup.
    APS enabled. {"history": "ExplorerRun.0", "point": 7, "testname": "my_lib_pmos_tb_1", "cornername": "Nominal"}
[2026-04-12 21:35:35.633 +0700] [INFO] [cadence.virtuoso.ade.simulationMonitor] - Peak resident memory used = 107 Mbytes. {"history": "ExplorerRun.0", "point": 7, "testname": "my_lib_pmos_tb_1", "cornername": "Nominal"}
[2026-04-12 21:35:35.633 +0700] [INFO] [cadence.virtuoso.ade.simulationMonitor] -    -   (APS) Multi-threading. The recommended number of threads is 1, consider adding +mt=1 on command line. {"history": "ExplorerRun.0", "point": 7, "testname": "my_lib_pmos_tb_1", "cornername": "Nominal"}
[2026-04-12 21:35:35.633 +0700] [INFO] [cadence.virtuoso.ade.simulationMonitor] - Total time required for dc analysis `dcOp': CPU = 1.71 ms, elapsed = 2.74086 ms. {"history": "ExplorerRun.0", "point": 7, "testname": "my_lib_pmos_tb_1", "cornername": "Nominal"}
[2026-04-12 21:35:35.633 +0700] [INFO] [cadence.virtuoso.ade.simulationMonitor] - Peak resident memory used = 109 Mbytes. {"history": "ExplorerRun.0", "point": 7, "testname": "my_lib_pmos_tb_1", "cornername": "Nominal"}
[2026-04-12 21:35:35.633 +0700] [INFO] [cadence.virtuoso.ade.simulationMonitor] - Notice from spectre at vg = 1.8 during DC analysis `dc'.
    The value of parameter 'vg' has been reset to the original value 0.9. {"history": "ExplorerRun.0", "point": 7, "testname": "my_lib_pmos_tb_1", "cornername": "Nominal"}
[2026-04-12 21:35:35.633 +0700] [INFO] [cadence.virtuoso.ade.simulationMonitor] - Total time required for dc analysis `dc': CPU = 9.464 ms, elapsed = 10.5381 ms. {"history": "ExplorerRun.0", "point": 7, "testname": "my_lib_pmos_tb_1", "cornername": "Nominal"}
[2026-04-12 21:35:35.634 +0700] [INFO] [cadence.virtuoso.ade.simulationMonitor] - Peak resident memory used = 110 Mbytes. {"history": "ExplorerRun.0", "point": 7, "testname": "my_lib_pmos_tb_1", "cornername": "Nominal"}
[2026-04-12 21:35:35.634 +0700] [INFO] [cadence.virtuoso.ade.simulationMonitor] - Time used: CPU = 553 ms, elapsed = 1.02 s, util. = 54.3%. {"history": "ExplorerRun.0", "point": 7, "testname": "my_lib_pmos_tb_1", "cornername": "Nominal"}
[2026-04-12 21:35:35.634 +0700] [INFO] [cadence.virtuoso.ade.simulationMonitor] - Time spent in licensing: elapsed = 496 ms, percentage of total = 48.7%. {"history": "ExplorerRun.0", "point": 7, "testname": "my_lib_pmos_tb_1", "cornername": "Nominal"}
[2026-04-12 21:35:35.634 +0700] [INFO] [cadence.virtuoso.ade.simulationMonitor] - Peak memory used = 111 Mbytes. {"history": "ExplorerRun.0", "point": 7, "testname": "my_lib_pmos_tb_1", "cornername": "Nominal"}
[2026-04-12 21:35:35.634 +0700] [PROCESS] [cadence.virtuoso.ade.simulationMonitor] - Simulation started at: 9:35:34 PM, Sun Apr 12, 2026, ended at: 9:35:35 PM, Sun Apr 12, 2026, with elapsed time (wall clock): 1.02 s. {"history": "ExplorerRun.0", "point": 7, "testname": "my_lib_pmos_tb_1", "cornername": "Nominal"}
[2026-04-12 21:35:35.634 +0700] [PROCESS] [cadence.virtuoso.ade.simulationMonitor] - spectre completes with 0 errors, 0 warnings, and 5 notices. {"history": "ExplorerRun.0", "point": 7, "testname": "my_lib_pmos_tb_1", "cornername": "Nominal"}
[2026-04-12 21:35:35.635 +0700] [PROCESS] [cadence.virtuoso.ade.simulationMonitor] - Simulator exited {"hostname": "dtvt_13", "processid": 15364, "history": "ExplorerRun.0", "testname": "my_lib_pmos_tb_1", "cornername": "Nominal", "point": 7, "logfile": "/home/dtvt_13/truong/logs_dtvt_13/logs0/Job68.log", "exitStatus": "0"}
[2026-04-12 21:35:35.635 +0700] [PROCESS] [cadence.virtuoso.ade.simulationMonitor] - Finished Simulation {"hostname": "dtvt_13", "processid": 15364, "history": "ExplorerRun.0", "testname": "my_lib_pmos_tb_1", "cornername": "Nominal", "point": 7, "logfile": "/home/dtvt_13/truong/logs_dtvt_13/logs0/Job68.log", "simid": "7"}
[2026-04-12 21:35:36.654 +0700] [PROCESS] [cadence.virtuoso.ade.simulationMonitor] - Point Finished {"hostname": "dtvt_13", "processid": 15364, "history": "ExplorerRun.0", "testname": "my_lib_pmos_tb_1", "cornername": "Nominal", "point": 7, "logfile": "/home/dtvt_13/truong/logs_dtvt_13/logs0/Job68.log"}
[2026-04-12 21:35:36.654 +0700] [PROCESS] [cadence.virtuoso.ade.simulationMonitor] - HostInfo:
Host name (type):	dtvt_13 (x86_64)
Operating system:	Linux 3.10.0-1160.118.1.el7.x86_64 #1 SMP Wed Apr 24 16:01:50 UTC 2024 {"hostname": "dtvt_13", "processid": 15364, "history": "ExplorerRun.0", "testname": "my_lib_pmos_tb_1", "cornername": "Nominal", "point": 7, "logfile": "/home/dtvt_13/truong/logs_dtvt_13/logs0/Job68.log", "nodename": "dtvt_13", "domainname": "(none)", "machine": "x86_64", "sysname": "Linux", "release": "3.10.0-1160.118.1.el7.x86_64", "version": "#1 SMP Wed Apr 24 16:01:50 UTC 2024"}
[2026-04-12 21:35:36.654 +0700] [PROCESS] [cadence.virtuoso.ade.simulationMonitor] - UsageInfo:
pid=15364
totalPhysicalMemory=15.208324GB,Used=14.973991GB,totalVirtualMemory=22.895821GB,Used=15.036003GB
Cpu: Cores=24, Load average:0.310000,0.200000,0.110000 {"hostname": "dtvt_13", "processid": 15364, "history": "ExplorerRun.0", "testname": "my_lib_pmos_tb_1", "cornername": "Nominal", "point": 7, "logfile": "/home/dtvt_13/truong/logs_dtvt_13/logs0/Job68.log", "pid": "15364", "totalPhysicalMemory": "15.208324", "physicalMemoryUsed": "14.973991", "totalVirtualMemory": "22.895821", "virtualMemoryUsed": "15.036003", "cpuCores": "24", "processes": "2740", "loadAverage1": "0.310000", "loadAverage5": "0.200000", "loadAverage15": "0.110000", "loadAverage1Percent": "0.012917"}
[2026-04-12 21:35:36.654 +0700] [EVENT] [cadence.virtuoso.ade.simulationMonitor] - NewPoint {"history": "ExplorerRun.0", "point": 8, "testname": "my_lib_pmos_tb_1", "cornername": "Nominal", "event": "NewPoint", "EventSource": "Simulation Monitor", "HistoryName": "ExplorerRun.0", "logFile": "/home/dtvt_13/truong/logs_dtvt_13/logs0/Job68.log", "logFileSize": "65114"}
[2026-04-12 21:35:36.654 +0700] [EVENT] [cadence.virtuoso.ade.simulationMonitor] - NewPoint {"history": "ExplorerRun.0", "point": 8, "testname": "my_lib_pmos_tb_1", "cornername": "Nominal", "event": "NewPoint", "EventSource": "spectre", "HistoryName": "ExplorerRun.0", "logFile": "/home/dtvt_13/simulation/my_lib/pmos_tb/maestro/results/maestro/ExplorerRun.0/8/my_lib_pmos_tb_1/psf/spectre.out", "logFileSize": "-1"}
[2026-04-12 21:35:36.654 +0700] [PROCESS] [cadence.virtuoso.ade.simulationMonitor] - Simulator launched {"hostname": "dtvt_13", "processid": 15364, "history": "ExplorerRun.0", "testname": "my_lib_pmos_tb_1", "cornername": "Nominal", "point": 8, "logfile": "/home/dtvt_13/truong/logs_dtvt_13/logs0/Job68.log", "simid": "8"}
[2026-04-12 21:35:36.654 +0700] [PROCESS] [cadence.virtuoso.ade.simulationMonitor] - Started Simulation {"hostname": "dtvt_13", "processid": 15364, "history": "ExplorerRun.0", "testname": "my_lib_pmos_tb_1", "cornername": "Nominal", "point": 8, "logfile": "/home/dtvt_13/truong/logs_dtvt_13/logs0/Job68.log"}
[2026-04-12 21:35:48.448 +0700] [INFO] [cadence.virtuoso.ade.simulationMonitor] - Peak resident memory used = 96.2 Mbytes. {"history": "ExplorerRun.0", "point": 8, "testname": "my_lib_pmos_tb_1", "cornername": "Nominal"}
[2026-04-12 21:35:48.448 +0700] [INFO] [cadence.virtuoso.ade.simulationMonitor] - Peak resident memory used = 105 Mbytes. {"history": "ExplorerRun.0", "point": 8, "testname": "my_lib_pmos_tb_1", "cornername": "Nominal"}
[2026-04-12 21:35:48.448 +0700] [INFO] [cadence.virtuoso.ade.simulationMonitor] - Notice from spectre during hierarchy flattening.
    The value 'psf' specified for the 'checklimitdest' option will no longer be supported in future releases. Use 'spectre -h' to see other recommended values for the 'checklimitdest' option. {"history": "ExplorerRun.0", "point": 8, "testname": "my_lib_pmos_tb_1", "cornername": "Nominal"}
[2026-04-12 21:35:48.448 +0700] [INFO] [cadence.virtuoso.ade.simulationMonitor] - Peak resident memory used = 106 Mbytes. {"history": "ExplorerRun.0", "point": 8, "testname": "my_lib_pmos_tb_1", "cornername": "Nominal"}
[2026-04-12 21:35:48.448 +0700] [INFO] [cadence.virtuoso.ade.simulationMonitor] - Notice from spectre during initial setup.
    Multithreading is disabled due to the size of the design being too small. {"history": "ExplorerRun.0", "point": 8, "testname": "my_lib_pmos_tb_1", "cornername": "Nominal"}
[2026-04-12 21:35:48.448 +0700] [INFO] [cadence.virtuoso.ade.simulationMonitor] -               nodes 8 {"history": "ExplorerRun.0", "point": 8, "testname": "my_lib_pmos_tb_1", "cornername": "Nominal"}
[2026-04-12 21:35:48.448 +0700] [INFO] [cadence.virtuoso.ade.simulationMonitor] - Notice from spectre during initial setup.
    APS enabled. {"history": "ExplorerRun.0", "point": 8, "testname": "my_lib_pmos_tb_1", "cornername": "Nominal"}
[2026-04-12 21:35:48.448 +0700] [INFO] [cadence.virtuoso.ade.simulationMonitor] - Peak resident memory used = 107 Mbytes. {"history": "ExplorerRun.0", "point": 8, "testname": "my_lib_pmos_tb_1", "cornername": "Nominal"}
[2026-04-12 21:35:48.448 +0700] [INFO] [cadence.virtuoso.ade.simulationMonitor] -    -   (APS) Multi-threading. The recommended number of threads is 1, consider adding +mt=1 on command line. {"history": "ExplorerRun.0", "point": 8, "testname": "my_lib_pmos_tb_1", "cornername": "Nominal"}
[2026-04-12 21:35:48.448 +0700] [INFO] [cadence.virtuoso.ade.simulationMonitor] - Total time required for dc analysis `dcOp': CPU = 1.625 ms, elapsed = 2.62785 ms. {"history": "ExplorerRun.0", "point": 8, "testname": "my_lib_pmos_tb_1", "cornername": "Nominal"}
[2026-04-12 21:35:48.448 +0700] [INFO] [cadence.virtuoso.ade.simulationMonitor] - Peak resident memory used = 109 Mbytes. {"history": "ExplorerRun.0", "point": 8, "testname": "my_lib_pmos_tb_1", "cornername": "Nominal"}
[2026-04-12 21:35:48.448 +0700] [INFO] [cadence.virtuoso.ade.simulationMonitor] - Notice from spectre at vg = 1.8 during DC analysis `dc'.
    The value of parameter 'vg' has been reset to the original value 0.9. {"history": "ExplorerRun.0", "point": 8, "testname": "my_lib_pmos_tb_1", "cornername": "Nominal"}
[2026-04-12 21:35:48.448 +0700] [INFO] [cadence.virtuoso.ade.simulationMonitor] - Total time required for dc analysis `dc': CPU = 9.922 ms, elapsed = 10.956 ms. {"history": "ExplorerRun.0", "point": 8, "testname": "my_lib_pmos_tb_1", "cornername": "Nominal"}
[2026-04-12 21:35:48.448 +0700] [INFO] [cadence.virtuoso.ade.simulationMonitor] - Peak resident memory used = 110 Mbytes. {"history": "ExplorerRun.0", "point": 8, "testname": "my_lib_pmos_tb_1", "cornername": "Nominal"}
[2026-04-12 21:35:48.448 +0700] [INFO] [cadence.virtuoso.ade.simulationMonitor] - Time used: CPU = 532 ms, elapsed = 11.4 s, util. = 4.65%. {"history": "ExplorerRun.0", "point": 8, "testname": "my_lib_pmos_tb_1", "cornername": "Nominal"}
[2026-04-12 21:35:48.448 +0700] [INFO] [cadence.virtuoso.ade.simulationMonitor] - Time spent in licensing: elapsed = 10.9 s, percentage of total = 95.1%. {"history": "ExplorerRun.0", "point": 8, "testname": "my_lib_pmos_tb_1", "cornername": "Nominal"}
[2026-04-12 21:35:48.448 +0700] [INFO] [cadence.virtuoso.ade.simulationMonitor] - Peak memory used = 111 Mbytes. {"history": "ExplorerRun.0", "point": 8, "testname": "my_lib_pmos_tb_1", "cornername": "Nominal"}
[2026-04-12 21:35:48.448 +0700] [PROCESS] [cadence.virtuoso.ade.simulationMonitor] - Simulation started at: 9:35:36 PM, Sun Apr 12, 2026, ended at: 9:35:48 PM, Sun Apr 12, 2026, with elapsed time (wall clock): 11.4 s. {"history": "ExplorerRun.0", "point": 8, "testname": "my_lib_pmos_tb_1", "cornername": "Nominal"}
[2026-04-12 21:35:48.448 +0700] [PROCESS] [cadence.virtuoso.ade.simulationMonitor] - spectre completes with 0 errors, 0 warnings, and 5 notices. {"history": "ExplorerRun.0", "point": 8, "testname": "my_lib_pmos_tb_1", "cornername": "Nominal"}
[2026-04-12 21:35:48.448 +0700] [PROCESS] [cadence.virtuoso.ade.simulationMonitor] - Finished simulating for one point {"hostname": "dtvt_13", "processid": 15364, "history": "ExplorerRun.0", "testname": "my_lib_pmos_tb_1", "cornername": "Nominal", "point": 8, "logfile": "/home/dtvt_13/truong/logs_dtvt_13/logs0/Job68.log", "simid": "8"}
[2026-04-12 21:35:48.448 +0700] [PROCESS] [cadence.virtuoso.ade.simulationMonitor] - Simulator exited {"hostname": "dtvt_13", "processid": 15364, "history": "ExplorerRun.0", "testname": "my_lib_pmos_tb_1", "cornername": "Nominal", "point": 8, "logfile": "/home/dtvt_13/truong/logs_dtvt_13/logs0/Job68.log", "exitStatus": "0"}
[2026-04-12 21:35:48.448 +0700] [PROCESS] [cadence.virtuoso.ade.simulationMonitor] - Finished Simulation {"hostname": "dtvt_13", "processid": 15364, "history": "ExplorerRun.0", "testname": "my_lib_pmos_tb_1", "cornername": "Nominal", "point": 8, "logfile": "/home/dtvt_13/truong/logs_dtvt_13/logs0/Job68.log", "simid": "8"}
[2026-04-12 21:35:49.965 +0700] [PROCESS] [cadence.virtuoso.ade.simulationMonitor] - Point Finished {"hostname": "dtvt_13", "processid": 15364, "history": "ExplorerRun.0", "testname": "my_lib_pmos_tb_1", "cornername": "Nominal", "point": 8, "logfile": "/home/dtvt_13/truong/logs_dtvt_13/logs0/Job68.log"}
[2026-04-12 21:35:49.965 +0700] [PROCESS] [cadence.virtuoso.ade.simulationMonitor] - HostInfo:
Host name (type):	dtvt_13 (x86_64)
Operating system:	Linux 3.10.0-1160.118.1.el7.x86_64 #1 SMP Wed Apr 24 16:01:50 UTC 2024 {"hostname": "dtvt_13", "processid": 15364, "history": "ExplorerRun.0", "testname": "my_lib_pmos_tb_1", "cornername": "Nominal", "point": 8, "logfile": "/home/dtvt_13/truong/logs_dtvt_13/logs0/Job68.log", "nodename": "dtvt_13", "domainname": "(none)", "machine": "x86_64", "sysname": "Linux", "release": "3.10.0-1160.118.1.el7.x86_64", "version": "#1 SMP Wed Apr 24 16:01:50 UTC 2024"}
[2026-04-12 21:35:49.965 +0700] [PROCESS] [cadence.virtuoso.ade.simulationMonitor] - UsageInfo:
pid=15364
totalPhysicalMemory=15.208324GB,Used=14.975410GB,totalVirtualMemory=22.895821GB,Used=15.037422GB
Cpu: Cores=24, Load average:0.320000,0.210000,0.120000 {"hostname": "dtvt_13", "processid": 15364, "history": "ExplorerRun.0", "testname": "my_lib_pmos_tb_1", "cornername": "Nominal", "point": 8, "logfile": "/home/dtvt_13/truong/logs_dtvt_13/logs0/Job68.log", "pid": "15364", "totalPhysicalMemory": "15.208324", "physicalMemoryUsed": "14.975410", "totalVirtualMemory": "22.895821", "virtualMemoryUsed": "15.037422", "cpuCores": "24", "processes": "2740", "loadAverage1": "0.320000", "loadAverage5": "0.210000", "loadAverage15": "0.120000", "loadAverage1Percent": "0.013333"}
[2026-04-12 21:35:49.965 +0700] [EVENT] [cadence.virtuoso.ade.simulationMonitor] - NewPoint {"history": "ExplorerRun.0", "point": 9, "testname": "my_lib_pmos_tb_1", "cornername": "Nominal", "event": "NewPoint", "EventSource": "Simulation Monitor", "HistoryName": "ExplorerRun.0", "logFile": "/home/dtvt_13/truong/logs_dtvt_13/logs0/Job68.log", "logFileSize": "74071"}
[2026-04-12 21:35:50.076 +0700] [EVENT] [cadence.virtuoso.ade.simulationMonitor] - NewPoint {"history": "ExplorerRun.0", "point": 9, "testname": "my_lib_pmos_tb_1", "cornername": "Nominal", "event": "NewPoint", "EventSource": "spectre", "HistoryName": "ExplorerRun.0", "logFile": "/home/dtvt_13/simulation/my_lib/pmos_tb/maestro/results/maestro/ExplorerRun.0/9/my_lib_pmos_tb_1/psf/spectre.out", "logFileSize": "-1"}
[2026-04-12 21:35:50.076 +0700] [PROCESS] [cadence.virtuoso.ade.simulationMonitor] - Simulator launched {"hostname": "dtvt_13", "processid": 15364, "history": "ExplorerRun.0", "testname": "my_lib_pmos_tb_1", "cornername": "Nominal", "point": 9, "logfile": "/home/dtvt_13/truong/logs_dtvt_13/logs0/Job68.log", "simid": "9"}
[2026-04-12 21:35:50.076 +0700] [PROCESS] [cadence.virtuoso.ade.simulationMonitor] - Started Simulation {"hostname": "dtvt_13", "processid": 15364, "history": "ExplorerRun.0", "testname": "my_lib_pmos_tb_1", "cornername": "Nominal", "point": 9, "logfile": "/home/dtvt_13/truong/logs_dtvt_13/logs0/Job68.log"}
[2026-04-12 21:36:11.500 +0700] [INFO] [cadence.virtuoso.ade.simulationMonitor] - Peak resident memory used = 96 Mbytes. {"history": "ExplorerRun.0", "point": 9, "testname": "my_lib_pmos_tb_1", "cornername": "Nominal"}
[2026-04-12 21:36:11.500 +0700] [INFO] [cadence.virtuoso.ade.simulationMonitor] - Peak resident memory used = 105 Mbytes. {"history": "ExplorerRun.0", "point": 9, "testname": "my_lib_pmos_tb_1", "cornername": "Nominal"}
[2026-04-12 21:36:11.500 +0700] [INFO] [cadence.virtuoso.ade.simulationMonitor] - Notice from spectre during hierarchy flattening.
    The value 'psf' specified for the 'checklimitdest' option will no longer be supported in future releases. Use 'spectre -h' to see other recommended values for the 'checklimitdest' option. {"history": "ExplorerRun.0", "point": 9, "testname": "my_lib_pmos_tb_1", "cornername": "Nominal"}
[2026-04-12 21:36:11.500 +0700] [INFO] [cadence.virtuoso.ade.simulationMonitor] - Peak resident memory used = 106 Mbytes. {"history": "ExplorerRun.0", "point": 9, "testname": "my_lib_pmos_tb_1", "cornername": "Nominal"}
[2026-04-12 21:36:11.500 +0700] [INFO] [cadence.virtuoso.ade.simulationMonitor] - Notice from spectre during initial setup.
    Multithreading is disabled due to the size of the design being too small. {"history": "ExplorerRun.0", "point": 9, "testname": "my_lib_pmos_tb_1", "cornername": "Nominal"}
[2026-04-12 21:36:11.500 +0700] [INFO] [cadence.virtuoso.ade.simulationMonitor] -               nodes 8 {"history": "ExplorerRun.0", "point": 9, "testname": "my_lib_pmos_tb_1", "cornername": "Nominal"}
[2026-04-12 21:36:11.500 +0700] [INFO] [cadence.virtuoso.ade.simulationMonitor] - Notice from spectre during initial setup.
    APS enabled. {"history": "ExplorerRun.0", "point": 9, "testname": "my_lib_pmos_tb_1", "cornername": "Nominal"}
[2026-04-12 21:36:11.500 +0700] [INFO] [cadence.virtuoso.ade.simulationMonitor] - Peak resident memory used = 107 Mbytes. {"history": "ExplorerRun.0", "point": 9, "testname": "my_lib_pmos_tb_1", "cornername": "Nominal"}
[2026-04-12 21:36:11.500 +0700] [INFO] [cadence.virtuoso.ade.simulationMonitor] -    -   (APS) Multi-threading. The recommended number of threads is 1, consider adding +mt=1 on command line. {"history": "ExplorerRun.0", "point": 9, "testname": "my_lib_pmos_tb_1", "cornername": "Nominal"}
[2026-04-12 21:36:11.500 +0700] [INFO] [cadence.virtuoso.ade.simulationMonitor] - Total time required for dc analysis `dcOp': CPU = 2.34 ms, elapsed = 3.29185 ms. {"history": "ExplorerRun.0", "point": 9, "testname": "my_lib_pmos_tb_1", "cornername": "Nominal"}
[2026-04-12 21:36:11.500 +0700] [INFO] [cadence.virtuoso.ade.simulationMonitor] - Peak resident memory used = 109 Mbytes. {"history": "ExplorerRun.0", "point": 9, "testname": "my_lib_pmos_tb_1", "cornername": "Nominal"}
[2026-04-12 21:36:11.500 +0700] [INFO] [cadence.virtuoso.ade.simulationMonitor] - Notice from spectre at vg = 1.8 during DC analysis `dc'.
    The value of parameter 'vg' has been reset to the original value 0.9. {"history": "ExplorerRun.0", "point": 9, "testname": "my_lib_pmos_tb_1", "cornername": "Nominal"}
[2026-04-12 21:36:11.500 +0700] [INFO] [cadence.virtuoso.ade.simulationMonitor] - Total time required for dc analysis `dc': CPU = 9.115 ms, elapsed = 10.1979 ms. {"history": "ExplorerRun.0", "point": 9, "testname": "my_lib_pmos_tb_1", "cornername": "Nominal"}
[2026-04-12 21:36:11.500 +0700] [INFO] [cadence.virtuoso.ade.simulationMonitor] - Peak resident memory used = 110 Mbytes. {"history": "ExplorerRun.0", "point": 9, "testname": "my_lib_pmos_tb_1", "cornername": "Nominal"}
[2026-04-12 21:36:11.500 +0700] [INFO] [cadence.virtuoso.ade.simulationMonitor] - Time used: CPU = 555 ms, elapsed = 21.1 s, util. = 2.64%. {"history": "ExplorerRun.0", "point": 9, "testname": "my_lib_pmos_tb_1", "cornername": "Nominal"}
[2026-04-12 21:36:11.500 +0700] [INFO] [cadence.virtuoso.ade.simulationMonitor] - Time spent in licensing: elapsed = 20.5 s, percentage of total = 97.3%. {"history": "ExplorerRun.0", "point": 9, "testname": "my_lib_pmos_tb_1", "cornername": "Nominal"}
[2026-04-12 21:36:11.500 +0700] [INFO] [cadence.virtuoso.ade.simulationMonitor] - Peak memory used = 111 Mbytes. {"history": "ExplorerRun.0", "point": 9, "testname": "my_lib_pmos_tb_1", "cornername": "Nominal"}
[2026-04-12 21:36:11.500 +0700] [PROCESS] [cadence.virtuoso.ade.simulationMonitor] - Simulation started at: 9:35:50 PM, Sun Apr 12, 2026, ended at: 9:36:11 PM, Sun Apr 12, 2026, with elapsed time (wall clock): 21.1 s. {"history": "ExplorerRun.0", "point": 9, "testname": "my_lib_pmos_tb_1", "cornername": "Nominal"}
[2026-04-12 21:36:11.500 +0700] [PROCESS] [cadence.virtuoso.ade.simulationMonitor] - spectre completes with 0 errors, 0 warnings, and 5 notices. {"history": "ExplorerRun.0", "point": 9, "testname": "my_lib_pmos_tb_1", "cornername": "Nominal"}
[2026-04-12 21:36:12.005 +0700] [PROCESS] [cadence.virtuoso.ade.simulationMonitor] - Finished simulating for one point {"hostname": "dtvt_13", "processid": 15364, "history": "ExplorerRun.0", "testname": "my_lib_pmos_tb_1", "cornername": "Nominal", "point": 9, "logfile": "/home/dtvt_13/truong/logs_dtvt_13/logs0/Job68.log", "simid": "9"}
[2026-04-12 21:36:12.005 +0700] [PROCESS] [cadence.virtuoso.ade.simulationMonitor] - Simulator exited {"hostname": "dtvt_13", "processid": 15364, "history": "ExplorerRun.0", "testname": "my_lib_pmos_tb_1", "cornername": "Nominal", "point": 9, "logfile": "/home/dtvt_13/truong/logs_dtvt_13/logs0/Job68.log", "exitStatus": "0"}
[2026-04-12 21:36:12.005 +0700] [PROCESS] [cadence.virtuoso.ade.simulationMonitor] - Finished Simulation {"hostname": "dtvt_13", "processid": 15364, "history": "ExplorerRun.0", "testname": "my_lib_pmos_tb_1", "cornername": "Nominal", "point": 9, "logfile": "/home/dtvt_13/truong/logs_dtvt_13/logs0/Job68.log", "simid": "9"}
[2026-04-12 21:36:13.020 +0700] [PROCESS] [cadence.virtuoso.ade.simulationMonitor] - Point Finished {"hostname": "dtvt_13", "processid": 15364, "history": "ExplorerRun.0", "testname": "my_lib_pmos_tb_1", "cornername": "Nominal", "point": 9, "logfile": "/home/dtvt_13/truong/logs_dtvt_13/logs0/Job68.log"}
[2026-04-12 21:36:13.020 +0700] [PROCESS] [cadence.virtuoso.ade.simulationMonitor] - HostInfo:
Host name (type):	dtvt_13 (x86_64)
Operating system:	Linux 3.10.0-1160.118.1.el7.x86_64 #1 SMP Wed Apr 24 16:01:50 UTC 2024 {"hostname": "dtvt_13", "processid": 15364, "history": "ExplorerRun.0", "testname": "my_lib_pmos_tb_1", "cornername": "Nominal", "point": 9, "logfile": "/home/dtvt_13/truong/logs_dtvt_13/logs0/Job68.log", "nodename": "dtvt_13", "domainname": "(none)", "machine": "x86_64", "sysname": "Linux", "release": "3.10.0-1160.118.1.el7.x86_64", "version": "#1 SMP Wed Apr 24 16:01:50 UTC 2024"}
[2026-04-12 21:36:13.020 +0700] [PROCESS] [cadence.virtuoso.ade.simulationMonitor] - UsageInfo:
pid=15364
totalPhysicalMemory=15.208324GB,Used=14.976574GB,totalVirtualMemory=22.895821GB,Used=15.038586GB
Cpu: Cores=24, Load average:0.360000,0.230000,0.120000 {"hostname": "dtvt_13", "processid": 15364, "history": "ExplorerRun.0", "testname": "my_lib_pmos_tb_1", "cornername": "Nominal", "point": 9, "logfile": "/home/dtvt_13/truong/logs_dtvt_13/logs0/Job68.log", "pid": "15364", "totalPhysicalMemory": "15.208324", "physicalMemoryUsed": "14.976574", "totalVirtualMemory": "22.895821", "virtualMemoryUsed": "15.038586", "cpuCores": "24", "processes": "2740", "loadAverage1": "0.360000", "loadAverage5": "0.230000", "loadAverage15": "0.120000", "loadAverage1Percent": "0.015000"}
[2026-04-12 21:36:13.020 +0700] [EVENT] [cadence.virtuoso.ade.simulationMonitor] - NewPoint {"history": "ExplorerRun.0", "point": 10, "testname": "my_lib_pmos_tb_1", "cornername": "Nominal", "event": "NewPoint", "EventSource": "Simulation Monitor", "HistoryName": "ExplorerRun.0", "logFile": "/home/dtvt_13/truong/logs_dtvt_13/logs0/Job68.log", "logFileSize": "83026"}
[2026-04-12 21:36:13.020 +0700] [EVENT] [cadence.virtuoso.ade.simulationMonitor] - NewPoint {"history": "ExplorerRun.0", "point": 10, "testname": "my_lib_pmos_tb_1", "cornername": "Nominal", "event": "NewPoint", "EventSource": "spectre", "HistoryName": "ExplorerRun.0", "logFile": "/home/dtvt_13/simulation/my_lib/pmos_tb/maestro/results/maestro/ExplorerRun.0/10/my_lib_pmos_tb_1/psf/spectre.out", "logFileSize": "-1"}
[2026-04-12 21:36:13.020 +0700] [PROCESS] [cadence.virtuoso.ade.simulationMonitor] - Simulator launched {"hostname": "dtvt_13", "processid": 15364, "history": "ExplorerRun.0", "testname": "my_lib_pmos_tb_1", "cornername": "Nominal", "point": 10, "logfile": "/home/dtvt_13/truong/logs_dtvt_13/logs0/Job68.log", "simid": "10"}
[2026-04-12 21:36:13.020 +0700] [PROCESS] [cadence.virtuoso.ade.simulationMonitor] - Started Simulation {"hostname": "dtvt_13", "processid": 15364, "history": "ExplorerRun.0", "testname": "my_lib_pmos_tb_1", "cornername": "Nominal", "point": 10, "logfile": "/home/dtvt_13/truong/logs_dtvt_13/logs0/Job68.log"}
[2026-04-12 21:36:24.825 +0700] [PROCESS] [cadence.virtuoso.ade.simulationMonitor] - Finished simulating for one point {"hostname": "dtvt_13", "processid": 15364, "history": "ExplorerRun.0", "testname": "my_lib_pmos_tb_1", "cornername": "Nominal", "point": 10, "logfile": "/home/dtvt_13/truong/logs_dtvt_13/logs0/Job68.log", "simid": "10"}
[2026-04-12 21:36:24.825 +0700] [INFO] [cadence.virtuoso.ade.simulationMonitor] - Peak resident memory used = 96.2 Mbytes. {"history": "ExplorerRun.0", "point": 10, "testname": "my_lib_pmos_tb_1", "cornername": "Nominal"}
[2026-04-12 21:36:24.825 +0700] [INFO] [cadence.virtuoso.ade.simulationMonitor] - Peak resident memory used = 105 Mbytes. {"history": "ExplorerRun.0", "point": 10, "testname": "my_lib_pmos_tb_1", "cornername": "Nominal"}
[2026-04-12 21:36:24.825 +0700] [INFO] [cadence.virtuoso.ade.simulationMonitor] - Notice from spectre during hierarchy flattening.
    The value 'psf' specified for the 'checklimitdest' option will no longer be supported in future releases. Use 'spectre -h' to see other recommended values for the 'checklimitdest' option. {"history": "ExplorerRun.0", "point": 10, "testname": "my_lib_pmos_tb_1", "cornername": "Nominal"}
[2026-04-12 21:36:24.825 +0700] [INFO] [cadence.virtuoso.ade.simulationMonitor] - Peak resident memory used = 106 Mbytes. {"history": "ExplorerRun.0", "point": 10, "testname": "my_lib_pmos_tb_1", "cornername": "Nominal"}
[2026-04-12 21:36:24.825 +0700] [INFO] [cadence.virtuoso.ade.simulationMonitor] - Notice from spectre during initial setup.
    Multithreading is disabled due to the size of the design being too small. {"history": "ExplorerRun.0", "point": 10, "testname": "my_lib_pmos_tb_1", "cornername": "Nominal"}
[2026-04-12 21:36:24.825 +0700] [INFO] [cadence.virtuoso.ade.simulationMonitor] -               nodes 8 {"history": "ExplorerRun.0", "point": 10, "testname": "my_lib_pmos_tb_1", "cornername": "Nominal"}
[2026-04-12 21:36:24.825 +0700] [INFO] [cadence.virtuoso.ade.simulationMonitor] - Notice from spectre during initial setup.
    APS enabled. {"history": "ExplorerRun.0", "point": 10, "testname": "my_lib_pmos_tb_1", "cornername": "Nominal"}
[2026-04-12 21:36:24.825 +0700] [INFO] [cadence.virtuoso.ade.simulationMonitor] - Peak resident memory used = 107 Mbytes. {"history": "ExplorerRun.0", "point": 10, "testname": "my_lib_pmos_tb_1", "cornername": "Nominal"}
[2026-04-12 21:36:24.825 +0700] [INFO] [cadence.virtuoso.ade.simulationMonitor] -    -   (APS) Multi-threading. The recommended number of threads is 1, consider adding +mt=1 on command line. {"history": "ExplorerRun.0", "point": 10, "testname": "my_lib_pmos_tb_1", "cornername": "Nominal"}
[2026-04-12 21:36:24.825 +0700] [INFO] [cadence.virtuoso.ade.simulationMonitor] - Total time required for dc analysis `dcOp': CPU = 1.934 ms, elapsed = 2.92301 ms. {"history": "ExplorerRun.0", "point": 10, "testname": "my_lib_pmos_tb_1", "cornername": "Nominal"}
[2026-04-12 21:36:24.825 +0700] [INFO] [cadence.virtuoso.ade.simulationMonitor] - Peak resident memory used = 109 Mbytes. {"history": "ExplorerRun.0", "point": 10, "testname": "my_lib_pmos_tb_1", "cornername": "Nominal"}
[2026-04-12 21:36:24.825 +0700] [INFO] [cadence.virtuoso.ade.simulationMonitor] - Notice from spectre at vg = 1.8 during DC analysis `dc'.
    The value of parameter 'vg' has been reset to the original value 0.9. {"history": "ExplorerRun.0", "point": 10, "testname": "my_lib_pmos_tb_1", "cornername": "Nominal"}
[2026-04-12 21:36:24.825 +0700] [INFO] [cadence.virtuoso.ade.simulationMonitor] - Total time required for dc analysis `dc': CPU = 6.951 ms, elapsed = 7.94792 ms. {"history": "ExplorerRun.0", "point": 10, "testname": "my_lib_pmos_tb_1", "cornername": "Nominal"}
[2026-04-12 21:36:24.825 +0700] [INFO] [cadence.virtuoso.ade.simulationMonitor] - Peak resident memory used = 110 Mbytes. {"history": "ExplorerRun.0", "point": 10, "testname": "my_lib_pmos_tb_1", "cornername": "Nominal"}
[2026-04-12 21:36:24.825 +0700] [INFO] [cadence.virtuoso.ade.simulationMonitor] - Time used: CPU = 544 ms, elapsed = 10.9 s, util. = 5.01%. {"history": "ExplorerRun.0", "point": 10, "testname": "my_lib_pmos_tb_1", "cornername": "Nominal"}
[2026-04-12 21:36:24.825 +0700] [INFO] [cadence.virtuoso.ade.simulationMonitor] - Time spent in licensing: elapsed = 10.3 s, percentage of total = 95.3%. {"history": "ExplorerRun.0", "point": 10, "testname": "my_lib_pmos_tb_1", "cornername": "Nominal"}
[2026-04-12 21:36:24.825 +0700] [INFO] [cadence.virtuoso.ade.simulationMonitor] - Peak memory used = 111 Mbytes. {"history": "ExplorerRun.0", "point": 10, "testname": "my_lib_pmos_tb_1", "cornername": "Nominal"}
[2026-04-12 21:36:24.825 +0700] [PROCESS] [cadence.virtuoso.ade.simulationMonitor] - Simulation started at: 9:36:13 PM, Sun Apr 12, 2026, ended at: 9:36:24 PM, Sun Apr 12, 2026, with elapsed time (wall clock): 10.9 s. {"history": "ExplorerRun.0", "point": 10, "testname": "my_lib_pmos_tb_1", "cornername": "Nominal"}
[2026-04-12 21:36:24.825 +0700] [PROCESS] [cadence.virtuoso.ade.simulationMonitor] - spectre completes with 0 errors, 0 warnings, and 5 notices. {"history": "ExplorerRun.0", "point": 10, "testname": "my_lib_pmos_tb_1", "cornername": "Nominal"}
[2026-04-12 21:36:24.825 +0700] [PROCESS] [cadence.virtuoso.ade.simulationMonitor] - Simulator exited {"hostname": "dtvt_13", "processid": 15364, "history": "ExplorerRun.0", "testname": "my_lib_pmos_tb_1", "cornername": "Nominal", "point": 10, "logfile": "/home/dtvt_13/truong/logs_dtvt_13/logs0/Job68.log", "exitStatus": "0"}
[2026-04-12 21:36:24.825 +0700] [PROCESS] [cadence.virtuoso.ade.simulationMonitor] - Finished Simulation {"hostname": "dtvt_13", "processid": 15364, "history": "ExplorerRun.0", "testname": "my_lib_pmos_tb_1", "cornername": "Nominal", "point": 10, "logfile": "/home/dtvt_13/truong/logs_dtvt_13/logs0/Job68.log", "simid": "10"}
[2026-04-12 21:36:25.344 +0700] [PROCESS] [cadence.virtuoso.ade.simulationMonitor] - Point Finished {"hostname": "dtvt_13", "processid": 15364, "history": "ExplorerRun.0", "testname": "my_lib_pmos_tb_1", "cornername": "Nominal", "point": 10, "logfile": "/home/dtvt_13/truong/logs_dtvt_13/logs0/Job68.log"}
[2026-04-12 21:36:25.344 +0700] [PROCESS] [cadence.virtuoso.ade.simulationMonitor] - HostInfo:
Host name (type):	dtvt_13 (x86_64)
Operating system:	Linux 3.10.0-1160.118.1.el7.x86_64 #1 SMP Wed Apr 24 16:01:50 UTC 2024 {"hostname": "dtvt_13", "processid": 15364, "history": "ExplorerRun.0", "testname": "my_lib_pmos_tb_1", "cornername": "Nominal", "point": 10, "logfile": "/home/dtvt_13/truong/logs_dtvt_13/logs0/Job68.log", "nodename": "dtvt_13", "domainname": "(none)", "machine": "x86_64", "sysname": "Linux", "release": "3.10.0-1160.118.1.el7.x86_64", "version": "#1 SMP Wed Apr 24 16:01:50 UTC 2024"}
[2026-04-12 21:36:25.344 +0700] [PROCESS] [cadence.virtuoso.ade.simulationMonitor] - UsageInfo:
pid=15364
totalPhysicalMemory=15.208324GB,Used=14.977829GB,totalVirtualMemory=22.895821GB,Used=15.039841GB
Cpu: Cores=24, Load average:0.360000,0.230000,0.130000 {"hostname": "dtvt_13", "processid": 15364, "history": "ExplorerRun.0", "testname": "my_lib_pmos_tb_1", "cornername": "Nominal", "point": 10, "logfile": "/home/dtvt_13/truong/logs_dtvt_13/logs0/Job68.log", "pid": "15364", "totalPhysicalMemory": "15.208324", "physicalMemoryUsed": "14.977829", "totalVirtualMemory": "22.895821", "virtualMemoryUsed": "15.039841", "cpuCores": "24", "processes": "2740", "loadAverage1": "0.360000", "loadAverage5": "0.230000", "loadAverage15": "0.130000", "loadAverage1Percent": "0.015000"}
[2026-04-12 21:36:25.344 +0700] [EVENT] [cadence.virtuoso.ade.simulationMonitor] - NewPoint {"history": "ExplorerRun.0", "point": 11, "testname": "my_lib_pmos_tb_1", "cornername": "Nominal", "event": "NewPoint", "EventSource": "Simulation Monitor", "HistoryName": "ExplorerRun.0", "logFile": "/home/dtvt_13/truong/logs_dtvt_13/logs0/Job68.log", "logFileSize": "92017"}
[2026-04-12 21:36:25.344 +0700] [EVENT] [cadence.virtuoso.ade.simulationMonitor] - NewPoint {"history": "ExplorerRun.0", "point": 11, "testname": "my_lib_pmos_tb_1", "cornername": "Nominal", "event": "NewPoint", "EventSource": "spectre", "HistoryName": "ExplorerRun.0", "logFile": "/home/dtvt_13/simulation/my_lib/pmos_tb/maestro/results/maestro/ExplorerRun.0/11/my_lib_pmos_tb_1/psf/spectre.out", "logFileSize": "-1"}
[2026-04-12 21:36:25.344 +0700] [PROCESS] [cadence.virtuoso.ade.simulationMonitor] - Simulator launched {"hostname": "dtvt_13", "processid": 15364, "history": "ExplorerRun.0", "testname": "my_lib_pmos_tb_1", "cornername": "Nominal", "point": 11, "logfile": "/home/dtvt_13/truong/logs_dtvt_13/logs0/Job68.log", "simid": "11"}
[2026-04-12 21:36:25.344 +0700] [PROCESS] [cadence.virtuoso.ade.simulationMonitor] - Started Simulation {"hostname": "dtvt_13", "processid": 15364, "history": "ExplorerRun.0", "testname": "my_lib_pmos_tb_1", "cornername": "Nominal", "point": 11, "logfile": "/home/dtvt_13/truong/logs_dtvt_13/logs0/Job68.log"}
[2026-04-12 21:36:46.836 +0700] [PROCESS] [cadence.virtuoso.ade.simulationMonitor] - Finished simulating for one point {"hostname": "dtvt_13", "processid": 15364, "history": "ExplorerRun.0", "testname": "my_lib_pmos_tb_1", "cornername": "Nominal", "point": 11, "logfile": "/home/dtvt_13/truong/logs_dtvt_13/logs0/Job68.log", "simid": "11"}
[2026-04-12 21:36:46.836 +0700] [INFO] [cadence.virtuoso.ade.simulationMonitor] - Peak resident memory used = 96 Mbytes. {"history": "ExplorerRun.0", "point": 11, "testname": "my_lib_pmos_tb_1", "cornername": "Nominal"}
[2026-04-12 21:36:46.836 +0700] [INFO] [cadence.virtuoso.ade.simulationMonitor] - Peak resident memory used = 105 Mbytes. {"history": "ExplorerRun.0", "point": 11, "testname": "my_lib_pmos_tb_1", "cornername": "Nominal"}
[2026-04-12 21:36:46.836 +0700] [INFO] [cadence.virtuoso.ade.simulationMonitor] - Notice from spectre during hierarchy flattening.
    The value 'psf' specified for the 'checklimitdest' option will no longer be supported in future releases. Use 'spectre -h' to see other recommended values for the 'checklimitdest' option. {"history": "ExplorerRun.0", "point": 11, "testname": "my_lib_pmos_tb_1", "cornername": "Nominal"}
[2026-04-12 21:36:46.836 +0700] [INFO] [cadence.virtuoso.ade.simulationMonitor] - Peak resident memory used = 106 Mbytes. {"history": "ExplorerRun.0", "point": 11, "testname": "my_lib_pmos_tb_1", "cornername": "Nominal"}
[2026-04-12 21:36:46.836 +0700] [INFO] [cadence.virtuoso.ade.simulationMonitor] - Notice from spectre during initial setup.
    Multithreading is disabled due to the size of the design being too small. {"history": "ExplorerRun.0", "point": 11, "testname": "my_lib_pmos_tb_1", "cornername": "Nominal"}
[2026-04-12 21:36:46.836 +0700] [INFO] [cadence.virtuoso.ade.simulationMonitor] -               nodes 8 {"history": "ExplorerRun.0", "point": 11, "testname": "my_lib_pmos_tb_1", "cornername": "Nominal"}
[2026-04-12 21:36:46.836 +0700] [INFO] [cadence.virtuoso.ade.simulationMonitor] - Notice from spectre during initial setup.
    APS enabled. {"history": "ExplorerRun.0", "point": 11, "testname": "my_lib_pmos_tb_1", "cornername": "Nominal"}
[2026-04-12 21:36:46.836 +0700] [INFO] [cadence.virtuoso.ade.simulationMonitor] - Peak resident memory used = 107 Mbytes. {"history": "ExplorerRun.0", "point": 11, "testname": "my_lib_pmos_tb_1", "cornername": "Nominal"}
[2026-04-12 21:36:46.836 +0700] [INFO] [cadence.virtuoso.ade.simulationMonitor] -    -   (APS) Multi-threading. The recommended number of threads is 1, consider adding +mt=1 on command line. {"history": "ExplorerRun.0", "point": 11, "testname": "my_lib_pmos_tb_1", "cornername": "Nominal"}
[2026-04-12 21:36:46.836 +0700] [INFO] [cadence.virtuoso.ade.simulationMonitor] - Total time required for dc analysis `dcOp': CPU = 1.686 ms, elapsed = 2.71797 ms. {"history": "ExplorerRun.0", "point": 11, "testname": "my_lib_pmos_tb_1", "cornername": "Nominal"}
[2026-04-12 21:36:46.836 +0700] [INFO] [cadence.virtuoso.ade.simulationMonitor] - Peak resident memory used = 109 Mbytes. {"history": "ExplorerRun.0", "point": 11, "testname": "my_lib_pmos_tb_1", "cornername": "Nominal"}
[2026-04-12 21:36:46.836 +0700] [INFO] [cadence.virtuoso.ade.simulationMonitor] - Notice from spectre at vg = 1.8 during DC analysis `dc'.
    The value of parameter 'vg' has been reset to the original value 0.9. {"history": "ExplorerRun.0", "point": 11, "testname": "my_lib_pmos_tb_1", "cornername": "Nominal"}
[2026-04-12 21:36:46.836 +0700] [INFO] [cadence.virtuoso.ade.simulationMonitor] - Total time required for dc analysis `dc': CPU = 8.528 ms, elapsed = 9.52911 ms. {"history": "ExplorerRun.0", "point": 11, "testname": "my_lib_pmos_tb_1", "cornername": "Nominal"}
[2026-04-12 21:36:46.836 +0700] [INFO] [cadence.virtuoso.ade.simulationMonitor] - Peak resident memory used = 110 Mbytes. {"history": "ExplorerRun.0", "point": 11, "testname": "my_lib_pmos_tb_1", "cornername": "Nominal"}
[2026-04-12 21:36:46.836 +0700] [INFO] [cadence.virtuoso.ade.simulationMonitor] - Time used: CPU = 541 ms, elapsed = 20.8 s, util. = 2.6%. {"history": "ExplorerRun.0", "point": 11, "testname": "my_lib_pmos_tb_1", "cornername": "Nominal"}
[2026-04-12 21:36:46.836 +0700] [INFO] [cadence.virtuoso.ade.simulationMonitor] - Time spent in licensing: elapsed = 20.3 s, percentage of total = 97.4%. {"history": "ExplorerRun.0", "point": 11, "testname": "my_lib_pmos_tb_1", "cornername": "Nominal"}
[2026-04-12 21:36:46.836 +0700] [INFO] [cadence.virtuoso.ade.simulationMonitor] - Peak memory used = 111 Mbytes. {"history": "ExplorerRun.0", "point": 11, "testname": "my_lib_pmos_tb_1", "cornername": "Nominal"}
[2026-04-12 21:36:46.836 +0700] [PROCESS] [cadence.virtuoso.ade.simulationMonitor] - Simulation started at: 9:36:25 PM, Sun Apr 12, 2026, ended at: 9:36:46 PM, Sun Apr 12, 2026, with elapsed time (wall clock): 20.8 s. {"history": "ExplorerRun.0", "point": 11, "testname": "my_lib_pmos_tb_1", "cornername": "Nominal"}
[2026-04-12 21:36:46.836 +0700] [PROCESS] [cadence.virtuoso.ade.simulationMonitor] - spectre completes with 0 errors, 0 warnings, and 5 notices. {"history": "ExplorerRun.0", "point": 11, "testname": "my_lib_pmos_tb_1", "cornername": "Nominal"}
[2026-04-12 21:36:46.836 +0700] [PROCESS] [cadence.virtuoso.ade.simulationMonitor] - Simulator exited {"hostname": "dtvt_13", "processid": 15364, "history": "ExplorerRun.0", "testname": "my_lib_pmos_tb_1", "cornername": "Nominal", "point": 11, "logfile": "/home/dtvt_13/truong/logs_dtvt_13/logs0/Job68.log", "exitStatus": "0"}
[2026-04-12 21:36:46.836 +0700] [PROCESS] [cadence.virtuoso.ade.simulationMonitor] - Finished Simulation {"hostname": "dtvt_13", "processid": 15364, "history": "ExplorerRun.0", "testname": "my_lib_pmos_tb_1", "cornername": "Nominal", "point": 11, "logfile": "/home/dtvt_13/truong/logs_dtvt_13/logs0/Job68.log", "simid": "11"}
[2026-04-12 21:36:47.353 +0700] [PROCESS] [cadence.virtuoso.ade.simulationMonitor] - Point Finished {"hostname": "dtvt_13", "processid": 15364, "history": "ExplorerRun.0", "testname": "my_lib_pmos_tb_1", "cornername": "Nominal", "point": 11, "logfile": "/home/dtvt_13/truong/logs_dtvt_13/logs0/Job68.log"}
[2026-04-12 21:36:48.361 +0700] [PROCESS] [cadence.virtuoso.ade.simulationMonitor] - Stay with the runId '31', Linger time '300', currentRunSyn '63', currentTestSyn '63' {"hostname": "dtvt_13", "processid": 15364, "history": "ExplorerRun.0", "testname": "my_lib_pmos_tb_1", "cornername": "Nominal", "point": 11, "logfile": "/home/dtvt_13/truong/logs_dtvt_13/logs0/Job68.log"}
[2026-04-12 21:41:48.364 +0700] [PROCESS] [cadence.virtuoso.ade.simulationMonitor] - Current memory used: 32.2773 MBytes, peak memory used: 32.2773 MBytes {"hostname": "dtvt_13", "processid": 15364, "history": "ExplorerRun.0", "testname": "my_lib_pmos_tb_1", "cornername": "Nominal", "point": 11, "logfile": "/home/dtvt_13/truong/logs_dtvt_13/logs0/Job68.log"}
[2026-04-12 21:41:48.364 +0700] [PROCESS] [cadence.virtuoso.ade.simulationMonitor] - Simulation Monitor process exit. {"hostname": "dtvt_13", "processid": 15364, "history": "ExplorerRun.0", "testname": "my_lib_pmos_tb_1", "cornername": "Nominal", "point": 11, "logfile": "/home/dtvt_13/truong/logs_dtvt_13/logs0/Job68.log"}
