[Simulation Monitor: 71]
[2026-04-12 21:42:00.581 +0700] [PROCESS] [cadence.virtuoso.ade.simulationMonitor] - Simulation Monitor has successfully started up. Trying to set up communication channels to other components ... {"hostname": "dtvt_13", "processid": 22713, "logfile": "/home/dtvt_13/truong/logs_dtvt_13/logs0/Job71.log"}
[2026-04-12 21:42:00.581 +0700] [PROCESS] [cadence.virtuoso.ade.simulationMonitor] - Communication channels have been successfully set up. Start processing events ... {"hostname": "dtvt_13", "processid": 22713, "logfile": "/home/dtvt_13/truong/logs_dtvt_13/logs0/Job71.log"}
[2026-04-12 21:42:00.581 +0700] [PROCESS] [cadence.virtuoso.ade.simulationMonitor] - Considering to start history {"hostname": "dtvt_13", "processid": 22713, "history": "ExplorerRun.0", "logfile": "/home/dtvt_13/truong/logs_dtvt_13/logs0/Job71.log"}
[2026-04-12 21:42:00.582 +0700] [PROCESS] [cadence.virtuoso.ade.simulationMonitor] - HostInfo:
Host name (type):	dtvt_13 (x86_64)
Operating system:	Linux 3.10.0-1160.118.1.el7.x86_64 #1 SMP Wed Apr 24 16:01:50 UTC 2024 {"hostname": "dtvt_13", "processid": 22713, "history": "ExplorerRun.0", "logfile": "/home/dtvt_13/truong/logs_dtvt_13/logs0/Job71.log", "nodename": "dtvt_13", "domainname": "(none)", "machine": "x86_64", "sysname": "Linux", "release": "3.10.0-1160.118.1.el7.x86_64", "version": "#1 SMP Wed Apr 24 16:01:50 UTC 2024"}
[2026-04-12 21:42:00.582 +0700] [PROCESS] [cadence.virtuoso.ade.simulationMonitor] - UsageInfo:
pid=22713
totalPhysicalMemory=15.208324GB,Used=14.643764GB,totalVirtualMemory=22.895821GB,Used=14.705776GB
Cpu: Cores=24, Load average:0.510000,0.290000,0.170000 {"hostname": "dtvt_13", "processid": 22713, "history": "ExplorerRun.0", "logfile": "/home/dtvt_13/truong/logs_dtvt_13/logs0/Job71.log", "pid": "22713", "totalPhysicalMemory": "15.208324", "physicalMemoryUsed": "14.643764", "totalVirtualMemory": "22.895821", "virtualMemoryUsed": "14.705776", "cpuCores": "24", "processes": "2709", "loadAverage1": "0.510000", "loadAverage5": "0.290000", "loadAverage15": "0.170000", "loadAverage1Percent": "0.021250"}
[2026-04-12 21:42:00.583 +0700] [EVENT] [cadence.virtuoso.ade.simulationMonitor] - NewPoint {"history": "ExplorerRun.0", "point": 1, "testname": "my_lib_nmos_tb_1", "cornername": "Nominal", "event": "NewPoint", "EventSource": "Simulation Monitor", "HistoryName": "ExplorerRun.0", "logFile": "/home/dtvt_13/truong/logs_dtvt_13/logs0/Job71.log", "logFileSize": "2100"}
[2026-04-12 21:42:00.684 +0700] [EVENT] [cadence.virtuoso.ade.simulationMonitor] - NewPoint {"history": "ExplorerRun.0", "point": 1, "testname": "my_lib_nmos_tb_1", "cornername": "Nominal", "event": "NewPoint", "EventSource": "spectre", "HistoryName": "ExplorerRun.0", "logFile": "/home/dtvt_13/simulation/my_lib/nmos_tb/maestro/results/maestro/ExplorerRun.0/1/my_lib_nmos_tb_1/psf/spectre.out", "logFileSize": "-1"}
[2026-04-12 21:42:00.705 +0700] [PROCESS] [cadence.virtuoso.ade.simulationMonitor] - Simulator launched {"hostname": "dtvt_13", "processid": 22713, "history": "ExplorerRun.0", "testname": "my_lib_nmos_tb_1", "cornername": "Nominal", "point": 1, "logfile": "/home/dtvt_13/truong/logs_dtvt_13/logs0/Job71.log", "simid": "1"}
[2026-04-12 21:42:00.707 +0700] [PROCESS] [cadence.virtuoso.ade.simulationMonitor] - Expression evaluator launched {"hostname": "dtvt_13", "processid": 22713, "history": "ExplorerRun.0", "testname": "my_lib_nmos_tb_1", "cornername": "Nominal", "point": 1, "logfile": "/home/dtvt_13/truong/logs_dtvt_13/logs0/Job71.log"}
[2026-04-12 21:42:00.712 +0700] [PROCESS] [cadence.virtuoso.ade.simulationMonitor] - Started Simulation {"hostname": "dtvt_13", "processid": 22713, "history": "ExplorerRun.0", "testname": "my_lib_nmos_tb_1", "cornername": "Nominal", "point": 1, "logfile": "/home/dtvt_13/truong/logs_dtvt_13/logs0/Job71.log"}
[2026-04-12 21:42:12.389 +0700] [INFO] [cadence.virtuoso.ade.simulationMonitor] - Peak resident memory used = 96.2 Mbytes. {"history": "ExplorerRun.0", "point": 1, "testname": "my_lib_nmos_tb_1", "cornername": "Nominal"}
[2026-04-12 21:42:12.389 +0700] [INFO] [cadence.virtuoso.ade.simulationMonitor] - Peak resident memory used = 105 Mbytes. {"history": "ExplorerRun.0", "point": 1, "testname": "my_lib_nmos_tb_1", "cornername": "Nominal"}
[2026-04-12 21:42:12.389 +0700] [INFO] [cadence.virtuoso.ade.simulationMonitor] - Notice from spectre during hierarchy flattening.
    The value 'psf' specified for the 'checklimitdest' option will no longer be supported in future releases. Use 'spectre -h' to see other recommended values for the 'checklimitdest' option. {"history": "ExplorerRun.0", "point": 1, "testname": "my_lib_nmos_tb_1", "cornername": "Nominal"}
[2026-04-12 21:42:12.390 +0700] [INFO] [cadence.virtuoso.ade.simulationMonitor] - Peak resident memory used = 106 Mbytes. {"history": "ExplorerRun.0", "point": 1, "testname": "my_lib_nmos_tb_1", "cornername": "Nominal"}
[2026-04-12 21:42:12.390 +0700] [INFO] [cadence.virtuoso.ade.simulationMonitor] - Notice from spectre during initial setup.
    Multithreading is disabled due to the size of the design being too small. {"history": "ExplorerRun.0", "point": 1, "testname": "my_lib_nmos_tb_1", "cornername": "Nominal"}
[2026-04-12 21:42:12.390 +0700] [INFO] [cadence.virtuoso.ade.simulationMonitor] -               nodes 8 {"history": "ExplorerRun.0", "point": 1, "testname": "my_lib_nmos_tb_1", "cornername": "Nominal"}
[2026-04-12 21:42:12.390 +0700] [INFO] [cadence.virtuoso.ade.simulationMonitor] - Notice from spectre during initial setup.
    APS enabled. {"history": "ExplorerRun.0", "point": 1, "testname": "my_lib_nmos_tb_1", "cornername": "Nominal"}
[2026-04-12 21:42:12.390 +0700] [INFO] [cadence.virtuoso.ade.simulationMonitor] - Peak resident memory used = 107 Mbytes. {"history": "ExplorerRun.0", "point": 1, "testname": "my_lib_nmos_tb_1", "cornername": "Nominal"}
[2026-04-12 21:42:12.390 +0700] [INFO] [cadence.virtuoso.ade.simulationMonitor] -    -   (APS) Multi-threading. The recommended number of threads is 1, consider adding +mt=1 on command line. {"history": "ExplorerRun.0", "point": 1, "testname": "my_lib_nmos_tb_1", "cornername": "Nominal"}
[2026-04-12 21:42:12.390 +0700] [INFO] [cadence.virtuoso.ade.simulationMonitor] - Total time required for dc analysis `dcOp': CPU = 1.612 ms, elapsed = 2.60806 ms. {"history": "ExplorerRun.0", "point": 1, "testname": "my_lib_nmos_tb_1", "cornername": "Nominal"}
[2026-04-12 21:42:12.390 +0700] [INFO] [cadence.virtuoso.ade.simulationMonitor] - Peak resident memory used = 109 Mbytes. {"history": "ExplorerRun.0", "point": 1, "testname": "my_lib_nmos_tb_1", "cornername": "Nominal"}
[2026-04-12 21:42:12.390 +0700] [INFO] [cadence.virtuoso.ade.simulationMonitor] - Notice from spectre at vg = 1.8 during DC analysis `dc'.
    The value of parameter 'vg' has been reset to the original value 0.9. {"history": "ExplorerRun.0", "point": 1, "testname": "my_lib_nmos_tb_1", "cornername": "Nominal"}
[2026-04-12 21:42:12.390 +0700] [INFO] [cadence.virtuoso.ade.simulationMonitor] - Total time required for dc analysis `dc': CPU = 2.488 ms, elapsed = 3.51405 ms. {"history": "ExplorerRun.0", "point": 1, "testname": "my_lib_nmos_tb_1", "cornername": "Nominal"}
[2026-04-12 21:42:12.390 +0700] [INFO] [cadence.virtuoso.ade.simulationMonitor] - Peak resident memory used = 110 Mbytes. {"history": "ExplorerRun.0", "point": 1, "testname": "my_lib_nmos_tb_1", "cornername": "Nominal"}
[2026-04-12 21:42:12.390 +0700] [INFO] [cadence.virtuoso.ade.simulationMonitor] - Time used: CPU = 486 ms, elapsed = 11.3 s, util. = 4.3%. {"history": "ExplorerRun.0", "point": 1, "testname": "my_lib_nmos_tb_1", "cornername": "Nominal"}
[2026-04-12 21:42:12.391 +0700] [INFO] [cadence.virtuoso.ade.simulationMonitor] - Time spent in licensing: elapsed = 10.8 s, percentage of total = 95.1%. {"history": "ExplorerRun.0", "point": 1, "testname": "my_lib_nmos_tb_1", "cornername": "Nominal"}
[2026-04-12 21:42:12.391 +0700] [INFO] [cadence.virtuoso.ade.simulationMonitor] - Peak memory used = 111 Mbytes. {"history": "ExplorerRun.0", "point": 1, "testname": "my_lib_nmos_tb_1", "cornername": "Nominal"}
[2026-04-12 21:42:12.391 +0700] [PROCESS] [cadence.virtuoso.ade.simulationMonitor] - Simulation started at: 9:42:00 PM, Sun Apr 12, 2026, ended at: 9:42:12 PM, Sun Apr 12, 2026, with elapsed time (wall clock): 11.3 s. {"history": "ExplorerRun.0", "point": 1, "testname": "my_lib_nmos_tb_1", "cornername": "Nominal"}
[2026-04-12 21:42:12.391 +0700] [PROCESS] [cadence.virtuoso.ade.simulationMonitor] - spectre completes with 0 errors, 0 warnings, and 5 notices. {"history": "ExplorerRun.0", "point": 1, "testname": "my_lib_nmos_tb_1", "cornername": "Nominal"}
[2026-04-12 21:42:12.891 +0700] [PROCESS] [cadence.virtuoso.ade.simulationMonitor] - Finished simulating for one point {"hostname": "dtvt_13", "processid": 22713, "history": "ExplorerRun.0", "testname": "my_lib_nmos_tb_1", "cornername": "Nominal", "point": 1, "logfile": "/home/dtvt_13/truong/logs_dtvt_13/logs0/Job71.log", "simid": "1"}
[2026-04-12 21:42:12.891 +0700] [PROCESS] [cadence.virtuoso.ade.simulationMonitor] - Simulator exited {"hostname": "dtvt_13", "processid": 22713, "history": "ExplorerRun.0", "testname": "my_lib_nmos_tb_1", "cornername": "Nominal", "point": 1, "logfile": "/home/dtvt_13/truong/logs_dtvt_13/logs0/Job71.log", "exitStatus": "0"}
[2026-04-12 21:42:12.891 +0700] [PROCESS] [cadence.virtuoso.ade.simulationMonitor] - Finished Simulation {"hostname": "dtvt_13", "processid": 22713, "history": "ExplorerRun.0", "testname": "my_lib_nmos_tb_1", "cornername": "Nominal", "point": 1, "logfile": "/home/dtvt_13/truong/logs_dtvt_13/logs0/Job71.log", "simid": "1"}
[2026-04-12 21:42:13.397 +0700] [PROCESS] [cadence.virtuoso.ade.simulationMonitor] - Point Finished {"hostname": "dtvt_13", "processid": 22713, "history": "ExplorerRun.0", "testname": "my_lib_nmos_tb_1", "cornername": "Nominal", "point": 1, "logfile": "/home/dtvt_13/truong/logs_dtvt_13/logs0/Job71.log"}
[2026-04-12 21:42:13.405 +0700] [PROCESS] [cadence.virtuoso.ade.simulationMonitor] - HostInfo:
Host name (type):	dtvt_13 (x86_64)
Operating system:	Linux 3.10.0-1160.118.1.el7.x86_64 #1 SMP Wed Apr 24 16:01:50 UTC 2024 {"hostname": "dtvt_13", "processid": 22713, "history": "ExplorerRun.0", "testname": "my_lib_nmos_tb_1", "cornername": "Nominal", "point": 1, "logfile": "/home/dtvt_13/truong/logs_dtvt_13/logs0/Job71.log", "nodename": "dtvt_13", "domainname": "(none)", "machine": "x86_64", "sysname": "Linux", "release": "3.10.0-1160.118.1.el7.x86_64", "version": "#1 SMP Wed Apr 24 16:01:50 UTC 2024"}
[2026-04-12 21:42:13.405 +0700] [PROCESS] [cadence.virtuoso.ade.simulationMonitor] - UsageInfo:
pid=22713
totalPhysicalMemory=15.208324GB,Used=14.878555GB,totalVirtualMemory=22.895821GB,Used=14.940567GB
Cpu: Cores=24, Load average:0.520000,0.290000,0.180000 {"hostname": "dtvt_13", "processid": 22713, "history": "ExplorerRun.0", "testname": "my_lib_nmos_tb_1", "cornername": "Nominal", "point": 1, "logfile": "/home/dtvt_13/truong/logs_dtvt_13/logs0/Job71.log", "pid": "22713", "totalPhysicalMemory": "15.208324", "physicalMemoryUsed": "14.878555", "totalVirtualMemory": "22.895821", "virtualMemoryUsed": "14.940567", "cpuCores": "24", "processes": "2752", "loadAverage1": "0.520000", "loadAverage5": "0.290000", "loadAverage15": "0.180000", "loadAverage1Percent": "0.021667"}
[2026-04-12 21:42:13.406 +0700] [EVENT] [cadence.virtuoso.ade.simulationMonitor] - NewPoint {"history": "ExplorerRun.0", "point": 2, "testname": "my_lib_nmos_tb_1", "cornername": "Nominal", "event": "NewPoint", "EventSource": "Simulation Monitor", "HistoryName": "ExplorerRun.0", "logFile": "/home/dtvt_13/truong/logs_dtvt_13/logs0/Job71.log", "logFileSize": "11376"}
[2026-04-12 21:42:13.506 +0700] [EVENT] [cadence.virtuoso.ade.simulationMonitor] - NewPoint {"history": "ExplorerRun.0", "point": 2, "testname": "my_lib_nmos_tb_1", "cornername": "Nominal", "event": "NewPoint", "EventSource": "spectre", "HistoryName": "ExplorerRun.0", "logFile": "/home/dtvt_13/simulation/my_lib/nmos_tb/maestro/results/maestro/ExplorerRun.0/2/my_lib_nmos_tb_1/psf/spectre.out", "logFileSize": "-1"}
[2026-04-12 21:42:13.510 +0700] [PROCESS] [cadence.virtuoso.ade.simulationMonitor] - Simulator launched {"hostname": "dtvt_13", "processid": 22713, "history": "ExplorerRun.0", "testname": "my_lib_nmos_tb_1", "cornername": "Nominal", "point": 2, "logfile": "/home/dtvt_13/truong/logs_dtvt_13/logs0/Job71.log", "simid": "2"}
[2026-04-12 21:42:13.510 +0700] [PROCESS] [cadence.virtuoso.ade.simulationMonitor] - Started Simulation {"hostname": "dtvt_13", "processid": 22713, "history": "ExplorerRun.0", "testname": "my_lib_nmos_tb_1", "cornername": "Nominal", "point": 2, "logfile": "/home/dtvt_13/truong/logs_dtvt_13/logs0/Job71.log"}
[2026-04-12 21:42:15.011 +0700] [PROCESS] [cadence.virtuoso.ade.simulationMonitor] - Finished simulating for one point {"hostname": "dtvt_13", "processid": 22713, "history": "ExplorerRun.0", "testname": "my_lib_nmos_tb_1", "cornername": "Nominal", "point": 2, "logfile": "/home/dtvt_13/truong/logs_dtvt_13/logs0/Job71.log", "simid": "2"}
[2026-04-12 21:42:15.012 +0700] [INFO] [cadence.virtuoso.ade.simulationMonitor] - Peak resident memory used = 96.2 Mbytes. {"history": "ExplorerRun.0", "point": 2, "testname": "my_lib_nmos_tb_1", "cornername": "Nominal"}
[2026-04-12 21:42:15.012 +0700] [INFO] [cadence.virtuoso.ade.simulationMonitor] - Peak resident memory used = 105 Mbytes. {"history": "ExplorerRun.0", "point": 2, "testname": "my_lib_nmos_tb_1", "cornername": "Nominal"}
[2026-04-12 21:42:15.012 +0700] [INFO] [cadence.virtuoso.ade.simulationMonitor] - Notice from spectre during hierarchy flattening.
    The value 'psf' specified for the 'checklimitdest' option will no longer be supported in future releases. Use 'spectre -h' to see other recommended values for the 'checklimitdest' option. {"history": "ExplorerRun.0", "point": 2, "testname": "my_lib_nmos_tb_1", "cornername": "Nominal"}
[2026-04-12 21:42:15.013 +0700] [INFO] [cadence.virtuoso.ade.simulationMonitor] - Peak resident memory used = 106 Mbytes. {"history": "ExplorerRun.0", "point": 2, "testname": "my_lib_nmos_tb_1", "cornername": "Nominal"}
[2026-04-12 21:42:15.013 +0700] [INFO] [cadence.virtuoso.ade.simulationMonitor] - Notice from spectre during initial setup.
    Multithreading is disabled due to the size of the design being too small. {"history": "ExplorerRun.0", "point": 2, "testname": "my_lib_nmos_tb_1", "cornername": "Nominal"}
[2026-04-12 21:42:15.014 +0700] [INFO] [cadence.virtuoso.ade.simulationMonitor] -               nodes 8 {"history": "ExplorerRun.0", "point": 2, "testname": "my_lib_nmos_tb_1", "cornername": "Nominal"}
[2026-04-12 21:42:15.014 +0700] [INFO] [cadence.virtuoso.ade.simulationMonitor] - Notice from spectre during initial setup.
    APS enabled. {"history": "ExplorerRun.0", "point": 2, "testname": "my_lib_nmos_tb_1", "cornername": "Nominal"}
[2026-04-12 21:42:15.014 +0700] [INFO] [cadence.virtuoso.ade.simulationMonitor] - Peak resident memory used = 107 Mbytes. {"history": "ExplorerRun.0", "point": 2, "testname": "my_lib_nmos_tb_1", "cornername": "Nominal"}
[2026-04-12 21:42:15.014 +0700] [INFO] [cadence.virtuoso.ade.simulationMonitor] -    -   (APS) Multi-threading. The recommended number of threads is 1, consider adding +mt=1 on command line. {"history": "ExplorerRun.0", "point": 2, "testname": "my_lib_nmos_tb_1", "cornername": "Nominal"}
[2026-04-12 21:42:15.014 +0700] [INFO] [cadence.virtuoso.ade.simulationMonitor] - Total time required for dc analysis `dcOp': CPU = 1.643 ms, elapsed = 2.62094 ms. {"history": "ExplorerRun.0", "point": 2, "testname": "my_lib_nmos_tb_1", "cornername": "Nominal"}
[2026-04-12 21:42:15.015 +0700] [INFO] [cadence.virtuoso.ade.simulationMonitor] - Peak resident memory used = 109 Mbytes. {"history": "ExplorerRun.0", "point": 2, "testname": "my_lib_nmos_tb_1", "cornername": "Nominal"}
[2026-04-12 21:42:15.015 +0700] [INFO] [cadence.virtuoso.ade.simulationMonitor] - Notice from spectre at vg = 1.8 during DC analysis `dc'.
    The value of parameter 'vg' has been reset to the original value 0.9. {"history": "ExplorerRun.0", "point": 2, "testname": "my_lib_nmos_tb_1", "cornername": "Nominal"}
[2026-04-12 21:42:15.015 +0700] [INFO] [cadence.virtuoso.ade.simulationMonitor] - Total time required for dc analysis `dc': CPU = 2.663 ms, elapsed = 3.57103 ms. {"history": "ExplorerRun.0", "point": 2, "testname": "my_lib_nmos_tb_1", "cornername": "Nominal"}
[2026-04-12 21:42:15.015 +0700] [INFO] [cadence.virtuoso.ade.simulationMonitor] - Peak resident memory used = 110 Mbytes. {"history": "ExplorerRun.0", "point": 2, "testname": "my_lib_nmos_tb_1", "cornername": "Nominal"}
[2026-04-12 21:42:15.015 +0700] [INFO] [cadence.virtuoso.ade.simulationMonitor] - Time used: CPU = 438 ms, elapsed = 821 ms, util. = 53.4%. {"history": "ExplorerRun.0", "point": 2, "testname": "my_lib_nmos_tb_1", "cornername": "Nominal"}
[2026-04-12 21:42:15.016 +0700] [INFO] [cadence.virtuoso.ade.simulationMonitor] - Time spent in licensing: elapsed = 374 ms, percentage of total = 45.6%. {"history": "ExplorerRun.0", "point": 2, "testname": "my_lib_nmos_tb_1", "cornername": "Nominal"}
[2026-04-12 21:42:15.016 +0700] [INFO] [cadence.virtuoso.ade.simulationMonitor] - Peak memory used = 111 Mbytes. {"history": "ExplorerRun.0", "point": 2, "testname": "my_lib_nmos_tb_1", "cornername": "Nominal"}
[2026-04-12 21:42:15.016 +0700] [PROCESS] [cadence.virtuoso.ade.simulationMonitor] - Simulation started at: 9:42:13 PM, Sun Apr 12, 2026, ended at: 9:42:14 PM, Sun Apr 12, 2026, with elapsed time (wall clock): 821 ms. {"history": "ExplorerRun.0", "point": 2, "testname": "my_lib_nmos_tb_1", "cornername": "Nominal"}
[2026-04-12 21:42:15.016 +0700] [PROCESS] [cadence.virtuoso.ade.simulationMonitor] - spectre completes with 0 errors, 0 warnings, and 5 notices. {"history": "ExplorerRun.0", "point": 2, "testname": "my_lib_nmos_tb_1", "cornername": "Nominal"}
[2026-04-12 21:42:15.016 +0700] [PROCESS] [cadence.virtuoso.ade.simulationMonitor] - Simulator exited {"hostname": "dtvt_13", "processid": 22713, "history": "ExplorerRun.0", "testname": "my_lib_nmos_tb_1", "cornername": "Nominal", "point": 2, "logfile": "/home/dtvt_13/truong/logs_dtvt_13/logs0/Job71.log", "exitStatus": "0"}
[2026-04-12 21:42:15.017 +0700] [PROCESS] [cadence.virtuoso.ade.simulationMonitor] - Finished Simulation {"hostname": "dtvt_13", "processid": 22713, "history": "ExplorerRun.0", "testname": "my_lib_nmos_tb_1", "cornername": "Nominal", "point": 2, "logfile": "/home/dtvt_13/truong/logs_dtvt_13/logs0/Job71.log", "simid": "2"}
[2026-04-12 21:42:15.531 +0700] [PROCESS] [cadence.virtuoso.ade.simulationMonitor] - Point Finished {"hostname": "dtvt_13", "processid": 22713, "history": "ExplorerRun.0", "testname": "my_lib_nmos_tb_1", "cornername": "Nominal", "point": 2, "logfile": "/home/dtvt_13/truong/logs_dtvt_13/logs0/Job71.log"}
[2026-04-12 21:42:15.538 +0700] [PROCESS] [cadence.virtuoso.ade.simulationMonitor] - HostInfo:
Host name (type):	dtvt_13 (x86_64)
Operating system:	Linux 3.10.0-1160.118.1.el7.x86_64 #1 SMP Wed Apr 24 16:01:50 UTC 2024 {"hostname": "dtvt_13", "processid": 22713, "history": "ExplorerRun.0", "testname": "my_lib_nmos_tb_1", "cornername": "Nominal", "point": 2, "logfile": "/home/dtvt_13/truong/logs_dtvt_13/logs0/Job71.log", "nodename": "dtvt_13", "domainname": "(none)", "machine": "x86_64", "sysname": "Linux", "release": "3.10.0-1160.118.1.el7.x86_64", "version": "#1 SMP Wed Apr 24 16:01:50 UTC 2024"}
[2026-04-12 21:42:15.539 +0700] [PROCESS] [cadence.virtuoso.ade.simulationMonitor] - UsageInfo:
pid=22713
totalPhysicalMemory=15.208324GB,Used=14.878895GB,totalVirtualMemory=22.895821GB,Used=14.940907GB
Cpu: Cores=24, Load average:0.630000,0.320000,0.190000 {"hostname": "dtvt_13", "processid": 22713, "history": "ExplorerRun.0", "testname": "my_lib_nmos_tb_1", "cornername": "Nominal", "point": 2, "logfile": "/home/dtvt_13/truong/logs_dtvt_13/logs0/Job71.log", "pid": "22713", "totalPhysicalMemory": "15.208324", "physicalMemoryUsed": "14.878895", "totalVirtualMemory": "22.895821", "virtualMemoryUsed": "14.940907", "cpuCores": "24", "processes": "2752", "loadAverage1": "0.630000", "loadAverage5": "0.320000", "loadAverage15": "0.190000", "loadAverage1Percent": "0.026250"}
[2026-04-12 21:42:15.539 +0700] [EVENT] [cadence.virtuoso.ade.simulationMonitor] - NewPoint {"history": "ExplorerRun.0", "point": 3, "testname": "my_lib_nmos_tb_1", "cornername": "Nominal", "event": "NewPoint", "EventSource": "Simulation Monitor", "HistoryName": "ExplorerRun.0", "logFile": "/home/dtvt_13/truong/logs_dtvt_13/logs0/Job71.log", "logFileSize": "20334"}
[2026-04-12 21:42:15.641 +0700] [EVENT] [cadence.virtuoso.ade.simulationMonitor] - NewPoint {"history": "ExplorerRun.0", "point": 3, "testname": "my_lib_nmos_tb_1", "cornername": "Nominal", "event": "NewPoint", "EventSource": "spectre", "HistoryName": "ExplorerRun.0", "logFile": "/home/dtvt_13/simulation/my_lib/nmos_tb/maestro/results/maestro/ExplorerRun.0/3/my_lib_nmos_tb_1/psf/spectre.out", "logFileSize": "-1"}
[2026-04-12 21:42:15.651 +0700] [PROCESS] [cadence.virtuoso.ade.simulationMonitor] - Simulator launched {"hostname": "dtvt_13", "processid": 22713, "history": "ExplorerRun.0", "testname": "my_lib_nmos_tb_1", "cornername": "Nominal", "point": 3, "logfile": "/home/dtvt_13/truong/logs_dtvt_13/logs0/Job71.log", "simid": "3"}
[2026-04-12 21:42:15.652 +0700] [PROCESS] [cadence.virtuoso.ade.simulationMonitor] - Started Simulation {"hostname": "dtvt_13", "processid": 22713, "history": "ExplorerRun.0", "testname": "my_lib_nmos_tb_1", "cornername": "Nominal", "point": 3, "logfile": "/home/dtvt_13/truong/logs_dtvt_13/logs0/Job71.log"}
[2026-04-12 21:42:17.153 +0700] [PROCESS] [cadence.virtuoso.ade.simulationMonitor] - Finished simulating for one point {"hostname": "dtvt_13", "processid": 22713, "history": "ExplorerRun.0", "testname": "my_lib_nmos_tb_1", "cornername": "Nominal", "point": 3, "logfile": "/home/dtvt_13/truong/logs_dtvt_13/logs0/Job71.log", "simid": "3"}
[2026-04-12 21:42:17.154 +0700] [INFO] [cadence.virtuoso.ade.simulationMonitor] - Peak resident memory used = 96.2 Mbytes. {"history": "ExplorerRun.0", "point": 3, "testname": "my_lib_nmos_tb_1", "cornername": "Nominal"}
[2026-04-12 21:42:17.154 +0700] [INFO] [cadence.virtuoso.ade.simulationMonitor] - Peak resident memory used = 105 Mbytes. {"history": "ExplorerRun.0", "point": 3, "testname": "my_lib_nmos_tb_1", "cornername": "Nominal"}
[2026-04-12 21:42:17.155 +0700] [INFO] [cadence.virtuoso.ade.simulationMonitor] - Notice from spectre during hierarchy flattening.
    The value 'psf' specified for the 'checklimitdest' option will no longer be supported in future releases. Use 'spectre -h' to see other recommended values for the 'checklimitdest' option. {"history": "ExplorerRun.0", "point": 3, "testname": "my_lib_nmos_tb_1", "cornername": "Nominal"}
[2026-04-12 21:42:17.155 +0700] [INFO] [cadence.virtuoso.ade.simulationMonitor] - Peak resident memory used = 106 Mbytes. {"history": "ExplorerRun.0", "point": 3, "testname": "my_lib_nmos_tb_1", "cornername": "Nominal"}
[2026-04-12 21:42:17.156 +0700] [INFO] [cadence.virtuoso.ade.simulationMonitor] - Notice from spectre during initial setup.
    Multithreading is disabled due to the size of the design being too small. {"history": "ExplorerRun.0", "point": 3, "testname": "my_lib_nmos_tb_1", "cornername": "Nominal"}
[2026-04-12 21:42:17.156 +0700] [INFO] [cadence.virtuoso.ade.simulationMonitor] -               nodes 8 {"history": "ExplorerRun.0", "point": 3, "testname": "my_lib_nmos_tb_1", "cornername": "Nominal"}
[2026-04-12 21:42:17.157 +0700] [INFO] [cadence.virtuoso.ade.simulationMonitor] - Notice from spectre during initial setup.
    APS enabled. {"history": "ExplorerRun.0", "point": 3, "testname": "my_lib_nmos_tb_1", "cornername": "Nominal"}
[2026-04-12 21:42:17.157 +0700] [INFO] [cadence.virtuoso.ade.simulationMonitor] - Peak resident memory used = 107 Mbytes. {"history": "ExplorerRun.0", "point": 3, "testname": "my_lib_nmos_tb_1", "cornername": "Nominal"}
[2026-04-12 21:42:17.157 +0700] [INFO] [cadence.virtuoso.ade.simulationMonitor] -    -   (APS) Multi-threading. The recommended number of threads is 1, consider adding +mt=1 on command line. {"history": "ExplorerRun.0", "point": 3, "testname": "my_lib_nmos_tb_1", "cornername": "Nominal"}
[2026-04-12 21:42:17.157 +0700] [INFO] [cadence.virtuoso.ade.simulationMonitor] - Total time required for dc analysis `dcOp': CPU = 1.645 ms, elapsed = 2.53201 ms. {"history": "ExplorerRun.0", "point": 3, "testname": "my_lib_nmos_tb_1", "cornername": "Nominal"}
[2026-04-12 21:42:17.158 +0700] [INFO] [cadence.virtuoso.ade.simulationMonitor] - Peak resident memory used = 109 Mbytes. {"history": "ExplorerRun.0", "point": 3, "testname": "my_lib_nmos_tb_1", "cornername": "Nominal"}
[2026-04-12 21:42:17.158 +0700] [INFO] [cadence.virtuoso.ade.simulationMonitor] - Notice from spectre at vg = 1.8 during DC analysis `dc'.
    The value of parameter 'vg' has been reset to the original value 0.9. {"history": "ExplorerRun.0", "point": 3, "testname": "my_lib_nmos_tb_1", "cornername": "Nominal"}
[2026-04-12 21:42:17.158 +0700] [INFO] [cadence.virtuoso.ade.simulationMonitor] - Total time required for dc analysis `dc': CPU = 5.807 ms, elapsed = 6.83784 ms. {"history": "ExplorerRun.0", "point": 3, "testname": "my_lib_nmos_tb_1", "cornername": "Nominal"}
[2026-04-12 21:42:17.158 +0700] [INFO] [cadence.virtuoso.ade.simulationMonitor] - Peak resident memory used = 110 Mbytes. {"history": "ExplorerRun.0", "point": 3, "testname": "my_lib_nmos_tb_1", "cornername": "Nominal"}
[2026-04-12 21:42:17.158 +0700] [INFO] [cadence.virtuoso.ade.simulationMonitor] - Time used: CPU = 496 ms, elapsed = 817 ms, util. = 60.8%. {"history": "ExplorerRun.0", "point": 3, "testname": "my_lib_nmos_tb_1", "cornername": "Nominal"}
[2026-04-12 21:42:17.159 +0700] [INFO] [cadence.virtuoso.ade.simulationMonitor] - Time spent in licensing: elapsed = 322 ms, percentage of total = 39.4%. {"history": "ExplorerRun.0", "point": 3, "testname": "my_lib_nmos_tb_1", "cornername": "Nominal"}
[2026-04-12 21:42:17.159 +0700] [INFO] [cadence.virtuoso.ade.simulationMonitor] - Peak memory used = 111 Mbytes. {"history": "ExplorerRun.0", "point": 3, "testname": "my_lib_nmos_tb_1", "cornername": "Nominal"}
[2026-04-12 21:42:17.159 +0700] [PROCESS] [cadence.virtuoso.ade.simulationMonitor] - Simulation started at: 9:42:15 PM, Sun Apr 12, 2026, ended at: 9:42:16 PM, Sun Apr 12, 2026, with elapsed time (wall clock): 817 ms. {"history": "ExplorerRun.0", "point": 3, "testname": "my_lib_nmos_tb_1", "cornername": "Nominal"}
[2026-04-12 21:42:17.159 +0700] [PROCESS] [cadence.virtuoso.ade.simulationMonitor] - spectre completes with 0 errors, 0 warnings, and 5 notices. {"history": "ExplorerRun.0", "point": 3, "testname": "my_lib_nmos_tb_1", "cornername": "Nominal"}
[2026-04-12 21:42:17.159 +0700] [PROCESS] [cadence.virtuoso.ade.simulationMonitor] - Simulator exited {"hostname": "dtvt_13", "processid": 22713, "history": "ExplorerRun.0", "testname": "my_lib_nmos_tb_1", "cornername": "Nominal", "point": 3, "logfile": "/home/dtvt_13/truong/logs_dtvt_13/logs0/Job71.log", "exitStatus": "0"}
[2026-04-12 21:42:17.160 +0700] [PROCESS] [cadence.virtuoso.ade.simulationMonitor] - Finished Simulation {"hostname": "dtvt_13", "processid": 22713, "history": "ExplorerRun.0", "testname": "my_lib_nmos_tb_1", "cornername": "Nominal", "point": 3, "logfile": "/home/dtvt_13/truong/logs_dtvt_13/logs0/Job71.log", "simid": "3"}
[2026-04-12 21:42:17.674 +0700] [PROCESS] [cadence.virtuoso.ade.simulationMonitor] - Point Finished {"hostname": "dtvt_13", "processid": 22713, "history": "ExplorerRun.0", "testname": "my_lib_nmos_tb_1", "cornername": "Nominal", "point": 3, "logfile": "/home/dtvt_13/truong/logs_dtvt_13/logs0/Job71.log"}
[2026-04-12 21:42:17.680 +0700] [PROCESS] [cadence.virtuoso.ade.simulationMonitor] - HostInfo:
Host name (type):	dtvt_13 (x86_64)
Operating system:	Linux 3.10.0-1160.118.1.el7.x86_64 #1 SMP Wed Apr 24 16:01:50 UTC 2024 {"hostname": "dtvt_13", "processid": 22713, "history": "ExplorerRun.0", "testname": "my_lib_nmos_tb_1", "cornername": "Nominal", "point": 3, "logfile": "/home/dtvt_13/truong/logs_dtvt_13/logs0/Job71.log", "nodename": "dtvt_13", "domainname": "(none)", "machine": "x86_64", "sysname": "Linux", "release": "3.10.0-1160.118.1.el7.x86_64", "version": "#1 SMP Wed Apr 24 16:01:50 UTC 2024"}
[2026-04-12 21:42:17.680 +0700] [PROCESS] [cadence.virtuoso.ade.simulationMonitor] - UsageInfo:
pid=22713
totalPhysicalMemory=15.208324GB,Used=14.881706GB,totalVirtualMemory=22.895821GB,Used=14.943718GB
Cpu: Cores=24, Load average:0.630000,0.320000,0.190000 {"hostname": "dtvt_13", "processid": 22713, "history": "ExplorerRun.0", "testname": "my_lib_nmos_tb_1", "cornername": "Nominal", "point": 3, "logfile": "/home/dtvt_13/truong/logs_dtvt_13/logs0/Job71.log", "pid": "22713", "totalPhysicalMemory": "15.208324", "physicalMemoryUsed": "14.881706", "totalVirtualMemory": "22.895821", "virtualMemoryUsed": "14.943718", "cpuCores": "24", "processes": "2752", "loadAverage1": "0.630000", "loadAverage5": "0.320000", "loadAverage15": "0.190000", "loadAverage1Percent": "0.026250"}
[2026-04-12 21:42:17.681 +0700] [EVENT] [cadence.virtuoso.ade.simulationMonitor] - NewPoint {"history": "ExplorerRun.0", "point": 4, "testname": "my_lib_nmos_tb_1", "cornername": "Nominal", "event": "NewPoint", "EventSource": "Simulation Monitor", "HistoryName": "ExplorerRun.0", "logFile": "/home/dtvt_13/truong/logs_dtvt_13/logs0/Job71.log", "logFileSize": "29292"}
[2026-04-12 21:42:17.782 +0700] [EVENT] [cadence.virtuoso.ade.simulationMonitor] - NewPoint {"history": "ExplorerRun.0", "point": 4, "testname": "my_lib_nmos_tb_1", "cornername": "Nominal", "event": "NewPoint", "EventSource": "spectre", "HistoryName": "ExplorerRun.0", "logFile": "/home/dtvt_13/simulation/my_lib/nmos_tb/maestro/results/maestro/ExplorerRun.0/4/my_lib_nmos_tb_1/psf/spectre.out", "logFileSize": "-1"}
[2026-04-12 21:42:17.792 +0700] [PROCESS] [cadence.virtuoso.ade.simulationMonitor] - Simulator launched {"hostname": "dtvt_13", "processid": 22713, "history": "ExplorerRun.0", "testname": "my_lib_nmos_tb_1", "cornername": "Nominal", "point": 4, "logfile": "/home/dtvt_13/truong/logs_dtvt_13/logs0/Job71.log", "simid": "4"}
[2026-04-12 21:42:17.793 +0700] [PROCESS] [cadence.virtuoso.ade.simulationMonitor] - Started Simulation {"hostname": "dtvt_13", "processid": 22713, "history": "ExplorerRun.0", "testname": "my_lib_nmos_tb_1", "cornername": "Nominal", "point": 4, "logfile": "/home/dtvt_13/truong/logs_dtvt_13/logs0/Job71.log"}
[2026-04-12 21:42:28.938 +0700] [PROCESS] [cadence.virtuoso.ade.simulationMonitor] - Finished simulating for one point {"hostname": "dtvt_13", "processid": 22713, "history": "ExplorerRun.0", "testname": "my_lib_nmos_tb_1", "cornername": "Nominal", "point": 4, "logfile": "/home/dtvt_13/truong/logs_dtvt_13/logs0/Job71.log", "simid": "4"}
[2026-04-12 21:42:28.939 +0700] [INFO] [cadence.virtuoso.ade.simulationMonitor] - Peak resident memory used = 96.2 Mbytes. {"history": "ExplorerRun.0", "point": 4, "testname": "my_lib_nmos_tb_1", "cornername": "Nominal"}
[2026-04-12 21:42:28.939 +0700] [INFO] [cadence.virtuoso.ade.simulationMonitor] - Peak resident memory used = 105 Mbytes. {"history": "ExplorerRun.0", "point": 4, "testname": "my_lib_nmos_tb_1", "cornername": "Nominal"}
[2026-04-12 21:42:28.940 +0700] [INFO] [cadence.virtuoso.ade.simulationMonitor] - Notice from spectre during hierarchy flattening.
    The value 'psf' specified for the 'checklimitdest' option will no longer be supported in future releases. Use 'spectre -h' to see other recommended values for the 'checklimitdest' option. {"history": "ExplorerRun.0", "point": 4, "testname": "my_lib_nmos_tb_1", "cornername": "Nominal"}
[2026-04-12 21:42:28.940 +0700] [INFO] [cadence.virtuoso.ade.simulationMonitor] - Peak resident memory used = 106 Mbytes. {"history": "ExplorerRun.0", "point": 4, "testname": "my_lib_nmos_tb_1", "cornername": "Nominal"}
[2026-04-12 21:42:28.940 +0700] [INFO] [cadence.virtuoso.ade.simulationMonitor] - Notice from spectre during initial setup.
    Multithreading is disabled due to the size of the design being too small. {"history": "ExplorerRun.0", "point": 4, "testname": "my_lib_nmos_tb_1", "cornername": "Nominal"}
[2026-04-12 21:42:28.941 +0700] [INFO] [cadence.virtuoso.ade.simulationMonitor] -               nodes 8 {"history": "ExplorerRun.0", "point": 4, "testname": "my_lib_nmos_tb_1", "cornername": "Nominal"}
[2026-04-12 21:42:28.941 +0700] [INFO] [cadence.virtuoso.ade.simulationMonitor] - Notice from spectre during initial setup.
    APS enabled. {"history": "ExplorerRun.0", "point": 4, "testname": "my_lib_nmos_tb_1", "cornername": "Nominal"}
[2026-04-12 21:42:28.941 +0700] [INFO] [cadence.virtuoso.ade.simulationMonitor] - Peak resident memory used = 107 Mbytes. {"history": "ExplorerRun.0", "point": 4, "testname": "my_lib_nmos_tb_1", "cornername": "Nominal"}
[2026-04-12 21:42:28.941 +0700] [INFO] [cadence.virtuoso.ade.simulationMonitor] -    -   (APS) Multi-threading. The recommended number of threads is 1, consider adding +mt=1 on command line. {"history": "ExplorerRun.0", "point": 4, "testname": "my_lib_nmos_tb_1", "cornername": "Nominal"}
[2026-04-12 21:42:28.942 +0700] [INFO] [cadence.virtuoso.ade.simulationMonitor] - Total time required for dc analysis `dcOp': CPU = 1.574 ms, elapsed = 2.54607 ms. {"history": "ExplorerRun.0", "point": 4, "testname": "my_lib_nmos_tb_1", "cornername": "Nominal"}
[2026-04-12 21:42:28.942 +0700] [INFO] [cadence.virtuoso.ade.simulationMonitor] - Peak resident memory used = 109 Mbytes. {"history": "ExplorerRun.0", "point": 4, "testname": "my_lib_nmos_tb_1", "cornername": "Nominal"}
[2026-04-12 21:42:28.942 +0700] [INFO] [cadence.virtuoso.ade.simulationMonitor] - Notice from spectre at vg = 1.8 during DC analysis `dc'.
    The value of parameter 'vg' has been reset to the original value 0.9. {"history": "ExplorerRun.0", "point": 4, "testname": "my_lib_nmos_tb_1", "cornername": "Nominal"}
[2026-04-12 21:42:28.942 +0700] [INFO] [cadence.virtuoso.ade.simulationMonitor] - Total time required for dc analysis `dc': CPU = 5.066 ms, elapsed = 6.001 ms. {"history": "ExplorerRun.0", "point": 4, "testname": "my_lib_nmos_tb_1", "cornername": "Nominal"}
[2026-04-12 21:42:28.942 +0700] [INFO] [cadence.virtuoso.ade.simulationMonitor] - Peak resident memory used = 110 Mbytes. {"history": "ExplorerRun.0", "point": 4, "testname": "my_lib_nmos_tb_1", "cornername": "Nominal"}
[2026-04-12 21:42:28.942 +0700] [INFO] [cadence.virtuoso.ade.simulationMonitor] - Time used: CPU = 515 ms, elapsed = 10.8 s, util. = 4.76%. {"history": "ExplorerRun.0", "point": 4, "testname": "my_lib_nmos_tb_1", "cornername": "Nominal"}
[2026-04-12 21:42:28.943 +0700] [INFO] [cadence.virtuoso.ade.simulationMonitor] - Time spent in licensing: elapsed = 10.3 s, percentage of total = 95.2%. {"history": "ExplorerRun.0", "point": 4, "testname": "my_lib_nmos_tb_1", "cornername": "Nominal"}
[2026-04-12 21:42:28.943 +0700] [INFO] [cadence.virtuoso.ade.simulationMonitor] - Peak memory used = 111 Mbytes. {"history": "ExplorerRun.0", "point": 4, "testname": "my_lib_nmos_tb_1", "cornername": "Nominal"}
[2026-04-12 21:42:28.943 +0700] [PROCESS] [cadence.virtuoso.ade.simulationMonitor] - Simulation started at: 9:42:17 PM, Sun Apr 12, 2026, ended at: 9:42:28 PM, Sun Apr 12, 2026, with elapsed time (wall clock): 10.8 s. {"history": "ExplorerRun.0", "point": 4, "testname": "my_lib_nmos_tb_1", "cornername": "Nominal"}
[2026-04-12 21:42:28.943 +0700] [PROCESS] [cadence.virtuoso.ade.simulationMonitor] - spectre completes with 0 errors, 0 warnings, and 5 notices. {"history": "ExplorerRun.0", "point": 4, "testname": "my_lib_nmos_tb_1", "cornername": "Nominal"}
[2026-04-12 21:42:28.943 +0700] [PROCESS] [cadence.virtuoso.ade.simulationMonitor] - Simulator exited {"hostname": "dtvt_13", "processid": 22713, "history": "ExplorerRun.0", "testname": "my_lib_nmos_tb_1", "cornername": "Nominal", "point": 4, "logfile": "/home/dtvt_13/truong/logs_dtvt_13/logs0/Job71.log", "exitStatus": "0"}
[2026-04-12 21:42:28.944 +0700] [PROCESS] [cadence.virtuoso.ade.simulationMonitor] - Finished Simulation {"hostname": "dtvt_13", "processid": 22713, "history": "ExplorerRun.0", "testname": "my_lib_nmos_tb_1", "cornername": "Nominal", "point": 4, "logfile": "/home/dtvt_13/truong/logs_dtvt_13/logs0/Job71.log", "simid": "4"}
[2026-04-12 21:42:29.958 +0700] [PROCESS] [cadence.virtuoso.ade.simulationMonitor] - Point Finished {"hostname": "dtvt_13", "processid": 22713, "history": "ExplorerRun.0", "testname": "my_lib_nmos_tb_1", "cornername": "Nominal", "point": 4, "logfile": "/home/dtvt_13/truong/logs_dtvt_13/logs0/Job71.log"}
[2026-04-12 21:42:29.965 +0700] [PROCESS] [cadence.virtuoso.ade.simulationMonitor] - HostInfo:
Host name (type):	dtvt_13 (x86_64)
Operating system:	Linux 3.10.0-1160.118.1.el7.x86_64 #1 SMP Wed Apr 24 16:01:50 UTC 2024 {"hostname": "dtvt_13", "processid": 22713, "history": "ExplorerRun.0", "testname": "my_lib_nmos_tb_1", "cornername": "Nominal", "point": 4, "logfile": "/home/dtvt_13/truong/logs_dtvt_13/logs0/Job71.log", "nodename": "dtvt_13", "domainname": "(none)", "machine": "x86_64", "sysname": "Linux", "release": "3.10.0-1160.118.1.el7.x86_64", "version": "#1 SMP Wed Apr 24 16:01:50 UTC 2024"}
[2026-04-12 21:42:29.966 +0700] [PROCESS] [cadence.virtuoso.ade.simulationMonitor] - UsageInfo:
pid=22713
totalPhysicalMemory=15.208324GB,Used=14.884377GB,totalVirtualMemory=22.895821GB,Used=14.946388GB
Cpu: Cores=24, Load average:0.490000,0.300000,0.180000 {"hostname": "dtvt_13", "processid": 22713, "history": "ExplorerRun.0", "testname": "my_lib_nmos_tb_1", "cornername": "Nominal", "point": 4, "logfile": "/home/dtvt_13/truong/logs_dtvt_13/logs0/Job71.log", "pid": "22713", "totalPhysicalMemory": "15.208324", "physicalMemoryUsed": "14.884377", "totalVirtualMemory": "22.895821", "virtualMemoryUsed": "14.946388", "cpuCores": "24", "processes": "2745", "loadAverage1": "0.490000", "loadAverage5": "0.300000", "loadAverage15": "0.180000", "loadAverage1Percent": "0.020417"}
[2026-04-12 21:42:29.966 +0700] [EVENT] [cadence.virtuoso.ade.simulationMonitor] - NewPoint {"history": "ExplorerRun.0", "point": 5, "testname": "my_lib_nmos_tb_1", "cornername": "Nominal", "event": "NewPoint", "EventSource": "Simulation Monitor", "HistoryName": "ExplorerRun.0", "logFile": "/home/dtvt_13/truong/logs_dtvt_13/logs0/Job71.log", "logFileSize": "38248"}
[2026-04-12 21:42:30.068 +0700] [EVENT] [cadence.virtuoso.ade.simulationMonitor] - NewPoint {"history": "ExplorerRun.0", "point": 5, "testname": "my_lib_nmos_tb_1", "cornername": "Nominal", "event": "NewPoint", "EventSource": "spectre", "HistoryName": "ExplorerRun.0", "logFile": "/home/dtvt_13/simulation/my_lib/nmos_tb/maestro/results/maestro/ExplorerRun.0/5/my_lib_nmos_tb_1/psf/spectre.out", "logFileSize": "-1"}
[2026-04-12 21:42:30.078 +0700] [PROCESS] [cadence.virtuoso.ade.simulationMonitor] - Simulator launched {"hostname": "dtvt_13", "processid": 22713, "history": "ExplorerRun.0", "testname": "my_lib_nmos_tb_1", "cornername": "Nominal", "point": 5, "logfile": "/home/dtvt_13/truong/logs_dtvt_13/logs0/Job71.log", "simid": "5"}
[2026-04-12 21:42:30.079 +0700] [PROCESS] [cadence.virtuoso.ade.simulationMonitor] - Started Simulation {"hostname": "dtvt_13", "processid": 22713, "history": "ExplorerRun.0", "testname": "my_lib_nmos_tb_1", "cornername": "Nominal", "point": 5, "logfile": "/home/dtvt_13/truong/logs_dtvt_13/logs0/Job71.log"}
[2026-04-12 21:42:41.734 +0700] [PROCESS] [cadence.virtuoso.ade.simulationMonitor] - Finished simulating for one point {"hostname": "dtvt_13", "processid": 22713, "history": "ExplorerRun.0", "testname": "my_lib_nmos_tb_1", "cornername": "Nominal", "point": 5, "logfile": "/home/dtvt_13/truong/logs_dtvt_13/logs0/Job71.log", "simid": "5"}
[2026-04-12 21:42:41.735 +0700] [INFO] [cadence.virtuoso.ade.simulationMonitor] - Peak resident memory used = 96.2 Mbytes. {"history": "ExplorerRun.0", "point": 5, "testname": "my_lib_nmos_tb_1", "cornername": "Nominal"}
[2026-04-12 21:42:41.735 +0700] [INFO] [cadence.virtuoso.ade.simulationMonitor] - Peak resident memory used = 105 Mbytes. {"history": "ExplorerRun.0", "point": 5, "testname": "my_lib_nmos_tb_1", "cornername": "Nominal"}
[2026-04-12 21:42:41.736 +0700] [INFO] [cadence.virtuoso.ade.simulationMonitor] - Notice from spectre during hierarchy flattening.
    The value 'psf' specified for the 'checklimitdest' option will no longer be supported in future releases. Use 'spectre -h' to see other recommended values for the 'checklimitdest' option. {"history": "ExplorerRun.0", "point": 5, "testname": "my_lib_nmos_tb_1", "cornername": "Nominal"}
[2026-04-12 21:42:41.736 +0700] [INFO] [cadence.virtuoso.ade.simulationMonitor] - Peak resident memory used = 106 Mbytes. {"history": "ExplorerRun.0", "point": 5, "testname": "my_lib_nmos_tb_1", "cornername": "Nominal"}
[2026-04-12 21:42:41.736 +0700] [INFO] [cadence.virtuoso.ade.simulationMonitor] - Notice from spectre during initial setup.
    Multithreading is disabled due to the size of the design being too small. {"history": "ExplorerRun.0", "point": 5, "testname": "my_lib_nmos_tb_1", "cornername": "Nominal"}
[2026-04-12 21:42:41.737 +0700] [INFO] [cadence.virtuoso.ade.simulationMonitor] -               nodes 8 {"history": "ExplorerRun.0", "point": 5, "testname": "my_lib_nmos_tb_1", "cornername": "Nominal"}
[2026-04-12 21:42:41.737 +0700] [INFO] [cadence.virtuoso.ade.simulationMonitor] - Notice from spectre during initial setup.
    APS enabled. {"history": "ExplorerRun.0", "point": 5, "testname": "my_lib_nmos_tb_1", "cornername": "Nominal"}
[2026-04-12 21:42:41.737 +0700] [INFO] [cadence.virtuoso.ade.simulationMonitor] - Peak resident memory used = 107 Mbytes. {"history": "ExplorerRun.0", "point": 5, "testname": "my_lib_nmos_tb_1", "cornername": "Nominal"}
[2026-04-12 21:42:41.738 +0700] [INFO] [cadence.virtuoso.ade.simulationMonitor] -    -   (APS) Multi-threading. The recommended number of threads is 1, consider adding +mt=1 on command line. {"history": "ExplorerRun.0", "point": 5, "testname": "my_lib_nmos_tb_1", "cornername": "Nominal"}
[2026-04-12 21:42:41.738 +0700] [INFO] [cadence.virtuoso.ade.simulationMonitor] - Total time required for dc analysis `dcOp': CPU = 1.73 ms, elapsed = 2.68197 ms. {"history": "ExplorerRun.0", "point": 5, "testname": "my_lib_nmos_tb_1", "cornername": "Nominal"}
[2026-04-12 21:42:41.738 +0700] [INFO] [cadence.virtuoso.ade.simulationMonitor] - Peak resident memory used = 109 Mbytes. {"history": "ExplorerRun.0", "point": 5, "testname": "my_lib_nmos_tb_1", "cornername": "Nominal"}
[2026-04-12 21:42:41.738 +0700] [INFO] [cadence.virtuoso.ade.simulationMonitor] - Notice from spectre at vg = 1.8 during DC analysis `dc'.
    The value of parameter 'vg' has been reset to the original value 0.9. {"history": "ExplorerRun.0", "point": 5, "testname": "my_lib_nmos_tb_1", "cornername": "Nominal"}
[2026-04-12 21:42:41.738 +0700] [INFO] [cadence.virtuoso.ade.simulationMonitor] - Total time required for dc analysis `dc': CPU = 6.347 ms, elapsed = 7.39503 ms. {"history": "ExplorerRun.0", "point": 5, "testname": "my_lib_nmos_tb_1", "cornername": "Nominal"}
[2026-04-12 21:42:41.738 +0700] [INFO] [cadence.virtuoso.ade.simulationMonitor] - Peak resident memory used = 110 Mbytes. {"history": "ExplorerRun.0", "point": 5, "testname": "my_lib_nmos_tb_1", "cornername": "Nominal"}
[2026-04-12 21:42:41.739 +0700] [INFO] [cadence.virtuoso.ade.simulationMonitor] - Time used: CPU = 529 ms, elapsed = 11.1 s, util. = 4.76%. {"history": "ExplorerRun.0", "point": 5, "testname": "my_lib_nmos_tb_1", "cornername": "Nominal"}
[2026-04-12 21:42:41.739 +0700] [INFO] [cadence.virtuoso.ade.simulationMonitor] - Time spent in licensing: elapsed = 10.6 s, percentage of total = 95.3%. {"history": "ExplorerRun.0", "point": 5, "testname": "my_lib_nmos_tb_1", "cornername": "Nominal"}
[2026-04-12 21:42:41.739 +0700] [INFO] [cadence.virtuoso.ade.simulationMonitor] - Peak memory used = 111 Mbytes. {"history": "ExplorerRun.0", "point": 5, "testname": "my_lib_nmos_tb_1", "cornername": "Nominal"}
[2026-04-12 21:42:41.739 +0700] [PROCESS] [cadence.virtuoso.ade.simulationMonitor] - Simulation started at: 9:42:30 PM, Sun Apr 12, 2026, ended at: 9:42:41 PM, Sun Apr 12, 2026, with elapsed time (wall clock): 11.1 s. {"history": "ExplorerRun.0", "point": 5, "testname": "my_lib_nmos_tb_1", "cornername": "Nominal"}
[2026-04-12 21:42:41.739 +0700] [PROCESS] [cadence.virtuoso.ade.simulationMonitor] - spectre completes with 0 errors, 0 warnings, and 5 notices. {"history": "ExplorerRun.0", "point": 5, "testname": "my_lib_nmos_tb_1", "cornername": "Nominal"}
[2026-04-12 21:42:41.740 +0700] [PROCESS] [cadence.virtuoso.ade.simulationMonitor] - Simulator exited {"hostname": "dtvt_13", "processid": 22713, "history": "ExplorerRun.0", "testname": "my_lib_nmos_tb_1", "cornername": "Nominal", "point": 5, "logfile": "/home/dtvt_13/truong/logs_dtvt_13/logs0/Job71.log", "exitStatus": "0"}
[2026-04-12 21:42:41.740 +0700] [PROCESS] [cadence.virtuoso.ade.simulationMonitor] - Finished Simulation {"hostname": "dtvt_13", "processid": 22713, "history": "ExplorerRun.0", "testname": "my_lib_nmos_tb_1", "cornername": "Nominal", "point": 5, "logfile": "/home/dtvt_13/truong/logs_dtvt_13/logs0/Job71.log", "simid": "5"}
[2026-04-12 21:42:42.754 +0700] [PROCESS] [cadence.virtuoso.ade.simulationMonitor] - Point Finished {"hostname": "dtvt_13", "processid": 22713, "history": "ExplorerRun.0", "testname": "my_lib_nmos_tb_1", "cornername": "Nominal", "point": 5, "logfile": "/home/dtvt_13/truong/logs_dtvt_13/logs0/Job71.log"}
[2026-04-12 21:42:42.762 +0700] [PROCESS] [cadence.virtuoso.ade.simulationMonitor] - HostInfo:
Host name (type):	dtvt_13 (x86_64)
Operating system:	Linux 3.10.0-1160.118.1.el7.x86_64 #1 SMP Wed Apr 24 16:01:50 UTC 2024 {"hostname": "dtvt_13", "processid": 22713, "history": "ExplorerRun.0", "testname": "my_lib_nmos_tb_1", "cornername": "Nominal", "point": 5, "logfile": "/home/dtvt_13/truong/logs_dtvt_13/logs0/Job71.log", "nodename": "dtvt_13", "domainname": "(none)", "machine": "x86_64", "sysname": "Linux", "release": "3.10.0-1160.118.1.el7.x86_64", "version": "#1 SMP Wed Apr 24 16:01:50 UTC 2024"}
[2026-04-12 21:42:42.762 +0700] [PROCESS] [cadence.virtuoso.ade.simulationMonitor] - UsageInfo:
pid=22713
totalPhysicalMemory=15.208324GB,Used=14.885609GB,totalVirtualMemory=22.895821GB,Used=14.947620GB
Cpu: Cores=24, Load average:0.420000,0.290000,0.180000 {"hostname": "dtvt_13", "processid": 22713, "history": "ExplorerRun.0", "testname": "my_lib_nmos_tb_1", "cornername": "Nominal", "point": 5, "logfile": "/home/dtvt_13/truong/logs_dtvt_13/logs0/Job71.log", "pid": "22713", "totalPhysicalMemory": "15.208324", "physicalMemoryUsed": "14.885609", "totalVirtualMemory": "22.895821", "virtualMemoryUsed": "14.947620", "cpuCores": "24", "processes": "2745", "loadAverage1": "0.420000", "loadAverage5": "0.290000", "loadAverage15": "0.180000", "loadAverage1Percent": "0.017500"}
[2026-04-12 21:42:42.763 +0700] [EVENT] [cadence.virtuoso.ade.simulationMonitor] - NewPoint {"history": "ExplorerRun.0", "point": 6, "testname": "my_lib_nmos_tb_1", "cornername": "Nominal", "event": "NewPoint", "EventSource": "Simulation Monitor", "HistoryName": "ExplorerRun.0", "logFile": "/home/dtvt_13/truong/logs_dtvt_13/logs0/Job71.log", "logFileSize": "47205"}
[2026-04-12 21:42:42.868 +0700] [EVENT] [cadence.virtuoso.ade.simulationMonitor] - NewPoint {"history": "ExplorerRun.0", "point": 6, "testname": "my_lib_nmos_tb_1", "cornername": "Nominal", "event": "NewPoint", "EventSource": "spectre", "HistoryName": "ExplorerRun.0", "logFile": "/home/dtvt_13/simulation/my_lib/nmos_tb/maestro/results/maestro/ExplorerRun.0/6/my_lib_nmos_tb_1/psf/spectre.out", "logFileSize": "-1"}
[2026-04-12 21:42:42.878 +0700] [PROCESS] [cadence.virtuoso.ade.simulationMonitor] - Simulator launched {"hostname": "dtvt_13", "processid": 22713, "history": "ExplorerRun.0", "testname": "my_lib_nmos_tb_1", "cornername": "Nominal", "point": 6, "logfile": "/home/dtvt_13/truong/logs_dtvt_13/logs0/Job71.log", "simid": "6"}
[2026-04-12 21:42:42.879 +0700] [PROCESS] [cadence.virtuoso.ade.simulationMonitor] - Started Simulation {"hostname": "dtvt_13", "processid": 22713, "history": "ExplorerRun.0", "testname": "my_lib_nmos_tb_1", "cornername": "Nominal", "point": 6, "logfile": "/home/dtvt_13/truong/logs_dtvt_13/logs0/Job71.log"}
[2026-04-12 21:42:44.380 +0700] [INFO] [cadence.virtuoso.ade.simulationMonitor] - Peak resident memory used = 96.2 Mbytes. {"history": "ExplorerRun.0", "point": 6, "testname": "my_lib_nmos_tb_1", "cornername": "Nominal"}
[2026-04-12 21:42:44.380 +0700] [INFO] [cadence.virtuoso.ade.simulationMonitor] - Peak resident memory used = 105 Mbytes. {"history": "ExplorerRun.0", "point": 6, "testname": "my_lib_nmos_tb_1", "cornername": "Nominal"}
[2026-04-12 21:42:44.380 +0700] [INFO] [cadence.virtuoso.ade.simulationMonitor] - Notice from spectre during hierarchy flattening.
    The value 'psf' specified for the 'checklimitdest' option will no longer be supported in future releases. Use 'spectre -h' to see other recommended values for the 'checklimitdest' option. {"history": "ExplorerRun.0", "point": 6, "testname": "my_lib_nmos_tb_1", "cornername": "Nominal"}
[2026-04-12 21:42:44.381 +0700] [INFO] [cadence.virtuoso.ade.simulationMonitor] - Peak resident memory used = 106 Mbytes. {"history": "ExplorerRun.0", "point": 6, "testname": "my_lib_nmos_tb_1", "cornername": "Nominal"}
[2026-04-12 21:42:44.382 +0700] [INFO] [cadence.virtuoso.ade.simulationMonitor] - Notice from spectre during initial setup.
    Multithreading is disabled due to the size of the design being too small. {"history": "ExplorerRun.0", "point": 6, "testname": "my_lib_nmos_tb_1", "cornername": "Nominal"}
[2026-04-12 21:42:44.383 +0700] [INFO] [cadence.virtuoso.ade.simulationMonitor] -               nodes 8 {"history": "ExplorerRun.0", "point": 6, "testname": "my_lib_nmos_tb_1", "cornername": "Nominal"}
[2026-04-12 21:42:44.383 +0700] [INFO] [cadence.virtuoso.ade.simulationMonitor] - Notice from spectre during initial setup.
    APS enabled. {"history": "ExplorerRun.0", "point": 6, "testname": "my_lib_nmos_tb_1", "cornername": "Nominal"}
[2026-04-12 21:42:44.383 +0700] [INFO] [cadence.virtuoso.ade.simulationMonitor] - Peak resident memory used = 107 Mbytes. {"history": "ExplorerRun.0", "point": 6, "testname": "my_lib_nmos_tb_1", "cornername": "Nominal"}
[2026-04-12 21:42:44.384 +0700] [INFO] [cadence.virtuoso.ade.simulationMonitor] -    -   (APS) Multi-threading. The recommended number of threads is 1, consider adding +mt=1 on command line. {"history": "ExplorerRun.0", "point": 6, "testname": "my_lib_nmos_tb_1", "cornername": "Nominal"}
[2026-04-12 21:42:44.384 +0700] [INFO] [cadence.virtuoso.ade.simulationMonitor] - Total time required for dc analysis `dcOp': CPU = 1.642 ms, elapsed = 2.66981 ms. {"history": "ExplorerRun.0", "point": 6, "testname": "my_lib_nmos_tb_1", "cornername": "Nominal"}
[2026-04-12 21:42:44.384 +0700] [INFO] [cadence.virtuoso.ade.simulationMonitor] - Peak resident memory used = 109 Mbytes. {"history": "ExplorerRun.0", "point": 6, "testname": "my_lib_nmos_tb_1", "cornername": "Nominal"}
[2026-04-12 21:42:44.384 +0700] [INFO] [cadence.virtuoso.ade.simulationMonitor] - Notice from spectre at vg = 1.8 during DC analysis `dc'.
    The value of parameter 'vg' has been reset to the original value 0.9. {"history": "ExplorerRun.0", "point": 6, "testname": "my_lib_nmos_tb_1", "cornername": "Nominal"}
[2026-04-12 21:42:44.385 +0700] [INFO] [cadence.virtuoso.ade.simulationMonitor] - Total time required for dc analysis `dc': CPU = 5.786 ms, elapsed = 6.80995 ms. {"history": "ExplorerRun.0", "point": 6, "testname": "my_lib_nmos_tb_1", "cornername": "Nominal"}
[2026-04-12 21:42:44.385 +0700] [INFO] [cadence.virtuoso.ade.simulationMonitor] - Peak resident memory used = 110 Mbytes. {"history": "ExplorerRun.0", "point": 6, "testname": "my_lib_nmos_tb_1", "cornername": "Nominal"}
[2026-04-12 21:42:44.886 +0700] [PROCESS] [cadence.virtuoso.ade.simulationMonitor] - Finished simulating for one point {"hostname": "dtvt_13", "processid": 22713, "history": "ExplorerRun.0", "testname": "my_lib_nmos_tb_1", "cornername": "Nominal", "point": 6, "logfile": "/home/dtvt_13/truong/logs_dtvt_13/logs0/Job71.log", "simid": "6"}
[2026-04-12 21:42:44.886 +0700] [INFO] [cadence.virtuoso.ade.simulationMonitor] - Time used: CPU = 546 ms, elapsed = 1.23 s, util. = 44.5%. {"history": "ExplorerRun.0", "point": 6, "testname": "my_lib_nmos_tb_1", "cornername": "Nominal"}
[2026-04-12 21:42:44.886 +0700] [INFO] [cadence.virtuoso.ade.simulationMonitor] - Time spent in licensing: elapsed = 706 ms, percentage of total = 57.6%. {"history": "ExplorerRun.0", "point": 6, "testname": "my_lib_nmos_tb_1", "cornername": "Nominal"}
[2026-04-12 21:42:44.887 +0700] [INFO] [cadence.virtuoso.ade.simulationMonitor] - Peak memory used = 111 Mbytes. {"history": "ExplorerRun.0", "point": 6, "testname": "my_lib_nmos_tb_1", "cornername": "Nominal"}
[2026-04-12 21:42:44.887 +0700] [PROCESS] [cadence.virtuoso.ade.simulationMonitor] - Simulation started at: 9:42:43 PM, Sun Apr 12, 2026, ended at: 9:42:44 PM, Sun Apr 12, 2026, with elapsed time (wall clock): 1.23 s. {"history": "ExplorerRun.0", "point": 6, "testname": "my_lib_nmos_tb_1", "cornername": "Nominal"}
[2026-04-12 21:42:44.887 +0700] [PROCESS] [cadence.virtuoso.ade.simulationMonitor] - spectre completes with 0 errors, 0 warnings, and 5 notices. {"history": "ExplorerRun.0", "point": 6, "testname": "my_lib_nmos_tb_1", "cornername": "Nominal"}
[2026-04-12 21:42:44.887 +0700] [PROCESS] [cadence.virtuoso.ade.simulationMonitor] - Simulator exited {"hostname": "dtvt_13", "processid": 22713, "history": "ExplorerRun.0", "testname": "my_lib_nmos_tb_1", "cornername": "Nominal", "point": 6, "logfile": "/home/dtvt_13/truong/logs_dtvt_13/logs0/Job71.log", "exitStatus": "0"}
[2026-04-12 21:42:44.888 +0700] [PROCESS] [cadence.virtuoso.ade.simulationMonitor] - Finished Simulation {"hostname": "dtvt_13", "processid": 22713, "history": "ExplorerRun.0", "testname": "my_lib_nmos_tb_1", "cornername": "Nominal", "point": 6, "logfile": "/home/dtvt_13/truong/logs_dtvt_13/logs0/Job71.log", "simid": "6"}
[2026-04-12 21:42:45.921 +0700] [PROCESS] [cadence.virtuoso.ade.simulationMonitor] - Point Finished {"hostname": "dtvt_13", "processid": 22713, "history": "ExplorerRun.0", "testname": "my_lib_nmos_tb_1", "cornername": "Nominal", "point": 6, "logfile": "/home/dtvt_13/truong/logs_dtvt_13/logs0/Job71.log"}
[2026-04-12 21:42:45.924 +0700] [PROCESS] [cadence.virtuoso.ade.simulationMonitor] - HostInfo:
Host name (type):	dtvt_13 (x86_64)
Operating system:	Linux 3.10.0-1160.118.1.el7.x86_64 #1 SMP Wed Apr 24 16:01:50 UTC 2024 {"hostname": "dtvt_13", "processid": 22713, "history": "ExplorerRun.0", "testname": "my_lib_nmos_tb_1", "cornername": "Nominal", "point": 6, "logfile": "/home/dtvt_13/truong/logs_dtvt_13/logs0/Job71.log", "nodename": "dtvt_13", "domainname": "(none)", "machine": "x86_64", "sysname": "Linux", "release": "3.10.0-1160.118.1.el7.x86_64", "version": "#1 SMP Wed Apr 24 16:01:50 UTC 2024"}
[2026-04-12 21:42:45.924 +0700] [PROCESS] [cadence.virtuoso.ade.simulationMonitor] - UsageInfo:
pid=22713
totalPhysicalMemory=15.208324GB,Used=14.887756GB,totalVirtualMemory=22.895821GB,Used=14.949768GB
Cpu: Cores=24, Load average:0.460000,0.310000,0.190000 {"hostname": "dtvt_13", "processid": 22713, "history": "ExplorerRun.0", "testname": "my_lib_nmos_tb_1", "cornername": "Nominal", "point": 6, "logfile": "/home/dtvt_13/truong/logs_dtvt_13/logs0/Job71.log", "pid": "22713", "totalPhysicalMemory": "15.208324", "physicalMemoryUsed": "14.887756", "totalVirtualMemory": "22.895821", "virtualMemoryUsed": "14.949768", "cpuCores": "24", "processes": "2746", "loadAverage1": "0.460000", "loadAverage5": "0.310000", "loadAverage15": "0.190000", "loadAverage1Percent": "0.019167"}
[2026-04-12 21:42:45.925 +0700] [EVENT] [cadence.virtuoso.ade.simulationMonitor] - NewPoint {"history": "ExplorerRun.0", "point": 7, "testname": "my_lib_nmos_tb_1", "cornername": "Nominal", "event": "NewPoint", "EventSource": "Simulation Monitor", "HistoryName": "ExplorerRun.0", "logFile": "/home/dtvt_13/truong/logs_dtvt_13/logs0/Job71.log", "logFileSize": "56163"}
[2026-04-12 21:42:46.025 +0700] [EVENT] [cadence.virtuoso.ade.simulationMonitor] - NewPoint {"history": "ExplorerRun.0", "point": 7, "testname": "my_lib_nmos_tb_1", "cornername": "Nominal", "event": "NewPoint", "EventSource": "spectre", "HistoryName": "ExplorerRun.0", "logFile": "/home/dtvt_13/simulation/my_lib/nmos_tb/maestro/results/maestro/ExplorerRun.0/7/my_lib_nmos_tb_1/psf/spectre.out", "logFileSize": "-1"}
[2026-04-12 21:42:46.032 +0700] [PROCESS] [cadence.virtuoso.ade.simulationMonitor] - Simulator launched {"hostname": "dtvt_13", "processid": 22713, "history": "ExplorerRun.0", "testname": "my_lib_nmos_tb_1", "cornername": "Nominal", "point": 7, "logfile": "/home/dtvt_13/truong/logs_dtvt_13/logs0/Job71.log", "simid": "7"}
[2026-04-12 21:42:46.032 +0700] [PROCESS] [cadence.virtuoso.ade.simulationMonitor] - Started Simulation {"hostname": "dtvt_13", "processid": 22713, "history": "ExplorerRun.0", "testname": "my_lib_nmos_tb_1", "cornername": "Nominal", "point": 7, "logfile": "/home/dtvt_13/truong/logs_dtvt_13/logs0/Job71.log"}
[2026-04-12 21:42:57.680 +0700] [PROCESS] [cadence.virtuoso.ade.simulationMonitor] - Finished simulating for one point {"hostname": "dtvt_13", "processid": 22713, "history": "ExplorerRun.0", "testname": "my_lib_nmos_tb_1", "cornername": "Nominal", "point": 7, "logfile": "/home/dtvt_13/truong/logs_dtvt_13/logs0/Job71.log", "simid": "7"}
[2026-04-12 21:42:57.681 +0700] [INFO] [cadence.virtuoso.ade.simulationMonitor] - Peak resident memory used = 96.2 Mbytes. {"history": "ExplorerRun.0", "point": 7, "testname": "my_lib_nmos_tb_1", "cornername": "Nominal"}
[2026-04-12 21:42:57.681 +0700] [INFO] [cadence.virtuoso.ade.simulationMonitor] - Peak resident memory used = 105 Mbytes. {"history": "ExplorerRun.0", "point": 7, "testname": "my_lib_nmos_tb_1", "cornername": "Nominal"}
[2026-04-12 21:42:57.681 +0700] [INFO] [cadence.virtuoso.ade.simulationMonitor] - Notice from spectre during hierarchy flattening.
    The value 'psf' specified for the 'checklimitdest' option will no longer be supported in future releases. Use 'spectre -h' to see other recommended values for the 'checklimitdest' option. {"history": "ExplorerRun.0", "point": 7, "testname": "my_lib_nmos_tb_1", "cornername": "Nominal"}
[2026-04-12 21:42:57.682 +0700] [INFO] [cadence.virtuoso.ade.simulationMonitor] - Peak resident memory used = 106 Mbytes. {"history": "ExplorerRun.0", "point": 7, "testname": "my_lib_nmos_tb_1", "cornername": "Nominal"}
[2026-04-12 21:42:57.682 +0700] [INFO] [cadence.virtuoso.ade.simulationMonitor] - Notice from spectre during initial setup.
    Multithreading is disabled due to the size of the design being too small. {"history": "ExplorerRun.0", "point": 7, "testname": "my_lib_nmos_tb_1", "cornername": "Nominal"}
[2026-04-12 21:42:57.683 +0700] [INFO] [cadence.virtuoso.ade.simulationMonitor] -               nodes 8 {"history": "ExplorerRun.0", "point": 7, "testname": "my_lib_nmos_tb_1", "cornername": "Nominal"}
[2026-04-12 21:42:57.683 +0700] [INFO] [cadence.virtuoso.ade.simulationMonitor] - Notice from spectre during initial setup.
    APS enabled. {"history": "ExplorerRun.0", "point": 7, "testname": "my_lib_nmos_tb_1", "cornername": "Nominal"}
[2026-04-12 21:42:57.683 +0700] [INFO] [cadence.virtuoso.ade.simulationMonitor] - Peak resident memory used = 107 Mbytes. {"history": "ExplorerRun.0", "point": 7, "testname": "my_lib_nmos_tb_1", "cornername": "Nominal"}
[2026-04-12 21:42:57.684 +0700] [INFO] [cadence.virtuoso.ade.simulationMonitor] -    -   (APS) Multi-threading. The recommended number of threads is 1, consider adding +mt=1 on command line. {"history": "ExplorerRun.0", "point": 7, "testname": "my_lib_nmos_tb_1", "cornername": "Nominal"}
[2026-04-12 21:42:57.684 +0700] [INFO] [cadence.virtuoso.ade.simulationMonitor] - Total time required for dc analysis `dcOp': CPU = 1.597 ms, elapsed = 2.56395 ms. {"history": "ExplorerRun.0", "point": 7, "testname": "my_lib_nmos_tb_1", "cornername": "Nominal"}
[2026-04-12 21:42:57.684 +0700] [INFO] [cadence.virtuoso.ade.simulationMonitor] - Peak resident memory used = 109 Mbytes. {"history": "ExplorerRun.0", "point": 7, "testname": "my_lib_nmos_tb_1", "cornername": "Nominal"}
[2026-04-12 21:42:57.684 +0700] [INFO] [cadence.virtuoso.ade.simulationMonitor] - Notice from spectre at vg = 1.8 during DC analysis `dc'.
    The value of parameter 'vg' has been reset to the original value 0.9. {"history": "ExplorerRun.0", "point": 7, "testname": "my_lib_nmos_tb_1", "cornername": "Nominal"}
[2026-04-12 21:42:57.685 +0700] [INFO] [cadence.virtuoso.ade.simulationMonitor] - Total time required for dc analysis `dc': CPU = 9.585 ms, elapsed = 10.592 ms. {"history": "ExplorerRun.0", "point": 7, "testname": "my_lib_nmos_tb_1", "cornername": "Nominal"}
[2026-04-12 21:42:57.685 +0700] [INFO] [cadence.virtuoso.ade.simulationMonitor] - Peak resident memory used = 110 Mbytes. {"history": "ExplorerRun.0", "point": 7, "testname": "my_lib_nmos_tb_1", "cornername": "Nominal"}
[2026-04-12 21:42:57.685 +0700] [INFO] [cadence.virtuoso.ade.simulationMonitor] - Time used: CPU = 513 ms, elapsed = 11.2 s, util. = 4.57%. {"history": "ExplorerRun.0", "point": 7, "testname": "my_lib_nmos_tb_1", "cornername": "Nominal"}
[2026-04-12 21:42:57.685 +0700] [INFO] [cadence.virtuoso.ade.simulationMonitor] - Time spent in licensing: elapsed = 10.7 s, percentage of total = 95.1%. {"history": "ExplorerRun.0", "point": 7, "testname": "my_lib_nmos_tb_1", "cornername": "Nominal"}
[2026-04-12 21:42:57.685 +0700] [INFO] [cadence.virtuoso.ade.simulationMonitor] - Peak memory used = 111 Mbytes. {"history": "ExplorerRun.0", "point": 7, "testname": "my_lib_nmos_tb_1", "cornername": "Nominal"}
[2026-04-12 21:42:57.686 +0700] [PROCESS] [cadence.virtuoso.ade.simulationMonitor] - Simulation started at: 9:42:46 PM, Sun Apr 12, 2026, ended at: 9:42:57 PM, Sun Apr 12, 2026, with elapsed time (wall clock): 11.2 s. {"history": "ExplorerRun.0", "point": 7, "testname": "my_lib_nmos_tb_1", "cornername": "Nominal"}
[2026-04-12 21:42:57.686 +0700] [PROCESS] [cadence.virtuoso.ade.simulationMonitor] - spectre completes with 0 errors, 0 warnings, and 5 notices. {"history": "ExplorerRun.0", "point": 7, "testname": "my_lib_nmos_tb_1", "cornername": "Nominal"}
[2026-04-12 21:42:57.686 +0700] [PROCESS] [cadence.virtuoso.ade.simulationMonitor] - Simulator exited {"hostname": "dtvt_13", "processid": 22713, "history": "ExplorerRun.0", "testname": "my_lib_nmos_tb_1", "cornername": "Nominal", "point": 7, "logfile": "/home/dtvt_13/truong/logs_dtvt_13/logs0/Job71.log", "exitStatus": "0"}
[2026-04-12 21:42:57.686 +0700] [PROCESS] [cadence.virtuoso.ade.simulationMonitor] - Finished Simulation {"hostname": "dtvt_13", "processid": 22713, "history": "ExplorerRun.0", "testname": "my_lib_nmos_tb_1", "cornername": "Nominal", "point": 7, "logfile": "/home/dtvt_13/truong/logs_dtvt_13/logs0/Job71.log", "simid": "7"}
[2026-04-12 21:42:58.698 +0700] [PROCESS] [cadence.virtuoso.ade.simulationMonitor] - Point Finished {"hostname": "dtvt_13", "processid": 22713, "history": "ExplorerRun.0", "testname": "my_lib_nmos_tb_1", "cornername": "Nominal", "point": 7, "logfile": "/home/dtvt_13/truong/logs_dtvt_13/logs0/Job71.log"}
[2026-04-12 21:42:58.705 +0700] [PROCESS] [cadence.virtuoso.ade.simulationMonitor] - HostInfo:
Host name (type):	dtvt_13 (x86_64)
Operating system:	Linux 3.10.0-1160.118.1.el7.x86_64 #1 SMP Wed Apr 24 16:01:50 UTC 2024 {"hostname": "dtvt_13", "processid": 22713, "history": "ExplorerRun.0", "testname": "my_lib_nmos_tb_1", "cornername": "Nominal", "point": 7, "logfile": "/home/dtvt_13/truong/logs_dtvt_13/logs0/Job71.log", "nodename": "dtvt_13", "domainname": "(none)", "machine": "x86_64", "sysname": "Linux", "release": "3.10.0-1160.118.1.el7.x86_64", "version": "#1 SMP Wed Apr 24 16:01:50 UTC 2024"}
[2026-04-12 21:42:58.705 +0700] [PROCESS] [cadence.virtuoso.ade.simulationMonitor] - UsageInfo:
pid=22713
totalPhysicalMemory=15.208324GB,Used=14.886868GB,totalVirtualMemory=22.895821GB,Used=14.948879GB
Cpu: Cores=24, Load average:0.390000,0.300000,0.190000 {"hostname": "dtvt_13", "processid": 22713, "history": "ExplorerRun.0", "testname": "my_lib_nmos_tb_1", "cornername": "Nominal", "point": 7, "logfile": "/home/dtvt_13/truong/logs_dtvt_13/logs0/Job71.log", "pid": "22713", "totalPhysicalMemory": "15.208324", "physicalMemoryUsed": "14.886868", "totalVirtualMemory": "22.895821", "virtualMemoryUsed": "14.948879", "cpuCores": "24", "processes": "2746", "loadAverage1": "0.390000", "loadAverage5": "0.300000", "loadAverage15": "0.190000", "loadAverage1Percent": "0.016250"}
[2026-04-12 21:42:58.706 +0700] [EVENT] [cadence.virtuoso.ade.simulationMonitor] - NewPoint {"history": "ExplorerRun.0", "point": 8, "testname": "my_lib_nmos_tb_1", "cornername": "Nominal", "event": "NewPoint", "EventSource": "Simulation Monitor", "HistoryName": "ExplorerRun.0", "logFile": "/home/dtvt_13/truong/logs_dtvt_13/logs0/Job71.log", "logFileSize": "65120"}
[2026-04-12 21:42:58.807 +0700] [EVENT] [cadence.virtuoso.ade.simulationMonitor] - NewPoint {"history": "ExplorerRun.0", "point": 8, "testname": "my_lib_nmos_tb_1", "cornername": "Nominal", "event": "NewPoint", "EventSource": "spectre", "HistoryName": "ExplorerRun.0", "logFile": "/home/dtvt_13/simulation/my_lib/nmos_tb/maestro/results/maestro/ExplorerRun.0/8/my_lib_nmos_tb_1/psf/spectre.out", "logFileSize": "-1"}
[2026-04-12 21:42:58.816 +0700] [PROCESS] [cadence.virtuoso.ade.simulationMonitor] - Simulator launched {"hostname": "dtvt_13", "processid": 22713, "history": "ExplorerRun.0", "testname": "my_lib_nmos_tb_1", "cornername": "Nominal", "point": 8, "logfile": "/home/dtvt_13/truong/logs_dtvt_13/logs0/Job71.log", "simid": "8"}
[2026-04-12 21:42:58.817 +0700] [PROCESS] [cadence.virtuoso.ade.simulationMonitor] - Started Simulation {"hostname": "dtvt_13", "processid": 22713, "history": "ExplorerRun.0", "testname": "my_lib_nmos_tb_1", "cornername": "Nominal", "point": 8, "logfile": "/home/dtvt_13/truong/logs_dtvt_13/logs0/Job71.log"}
[2026-04-12 21:43:00.818 +0700] [PROCESS] [cadence.virtuoso.ade.simulationMonitor] - Finished simulating for one point {"hostname": "dtvt_13", "processid": 22713, "history": "ExplorerRun.0", "testname": "my_lib_nmos_tb_1", "cornername": "Nominal", "point": 8, "logfile": "/home/dtvt_13/truong/logs_dtvt_13/logs0/Job71.log", "simid": "8"}
[2026-04-12 21:43:00.819 +0700] [INFO] [cadence.virtuoso.ade.simulationMonitor] - Peak resident memory used = 96.2 Mbytes. {"history": "ExplorerRun.0", "point": 8, "testname": "my_lib_nmos_tb_1", "cornername": "Nominal"}
[2026-04-12 21:43:00.819 +0700] [INFO] [cadence.virtuoso.ade.simulationMonitor] - Peak resident memory used = 105 Mbytes. {"history": "ExplorerRun.0", "point": 8, "testname": "my_lib_nmos_tb_1", "cornername": "Nominal"}
[2026-04-12 21:43:00.820 +0700] [INFO] [cadence.virtuoso.ade.simulationMonitor] - Notice from spectre during hierarchy flattening.
    The value 'psf' specified for the 'checklimitdest' option will no longer be supported in future releases. Use 'spectre -h' to see other recommended values for the 'checklimitdest' option. {"history": "ExplorerRun.0", "point": 8, "testname": "my_lib_nmos_tb_1", "cornername": "Nominal"}
[2026-04-12 21:43:00.820 +0700] [INFO] [cadence.virtuoso.ade.simulationMonitor] - Peak resident memory used = 106 Mbytes. {"history": "ExplorerRun.0", "point": 8, "testname": "my_lib_nmos_tb_1", "cornername": "Nominal"}
[2026-04-12 21:43:00.821 +0700] [INFO] [cadence.virtuoso.ade.simulationMonitor] - Notice from spectre during initial setup.
    Multithreading is disabled due to the size of the design being too small. {"history": "ExplorerRun.0", "point": 8, "testname": "my_lib_nmos_tb_1", "cornername": "Nominal"}
[2026-04-12 21:43:00.822 +0700] [INFO] [cadence.virtuoso.ade.simulationMonitor] -               nodes 8 {"history": "ExplorerRun.0", "point": 8, "testname": "my_lib_nmos_tb_1", "cornername": "Nominal"}
[2026-04-12 21:43:00.822 +0700] [INFO] [cadence.virtuoso.ade.simulationMonitor] - Notice from spectre during initial setup.
    APS enabled. {"history": "ExplorerRun.0", "point": 8, "testname": "my_lib_nmos_tb_1", "cornername": "Nominal"}
[2026-04-12 21:43:00.822 +0700] [INFO] [cadence.virtuoso.ade.simulationMonitor] - Peak resident memory used = 107 Mbytes. {"history": "ExplorerRun.0", "point": 8, "testname": "my_lib_nmos_tb_1", "cornername": "Nominal"}
[2026-04-12 21:43:00.822 +0700] [INFO] [cadence.virtuoso.ade.simulationMonitor] -    -   (APS) Multi-threading. The recommended number of threads is 1, consider adding +mt=1 on command line. {"history": "ExplorerRun.0", "point": 8, "testname": "my_lib_nmos_tb_1", "cornername": "Nominal"}
[2026-04-12 21:43:00.823 +0700] [INFO] [cadence.virtuoso.ade.simulationMonitor] - Total time required for dc analysis `dcOp': CPU = 1.608 ms, elapsed = 2.54583 ms. {"history": "ExplorerRun.0", "point": 8, "testname": "my_lib_nmos_tb_1", "cornername": "Nominal"}
[2026-04-12 21:43:00.823 +0700] [INFO] [cadence.virtuoso.ade.simulationMonitor] - Peak resident memory used = 109 Mbytes. {"history": "ExplorerRun.0", "point": 8, "testname": "my_lib_nmos_tb_1", "cornername": "Nominal"}
[2026-04-12 21:43:00.823 +0700] [INFO] [cadence.virtuoso.ade.simulationMonitor] - Notice from spectre at vg = 1.8 during DC analysis `dc'.
    The value of parameter 'vg' has been reset to the original value 0.9. {"history": "ExplorerRun.0", "point": 8, "testname": "my_lib_nmos_tb_1", "cornername": "Nominal"}
[2026-04-12 21:43:00.823 +0700] [INFO] [cadence.virtuoso.ade.simulationMonitor] - Total time required for dc analysis `dc': CPU = 5.462 ms, elapsed = 6.4671 ms. {"history": "ExplorerRun.0", "point": 8, "testname": "my_lib_nmos_tb_1", "cornername": "Nominal"}
[2026-04-12 21:43:00.823 +0700] [INFO] [cadence.virtuoso.ade.simulationMonitor] - Peak resident memory used = 110 Mbytes. {"history": "ExplorerRun.0", "point": 8, "testname": "my_lib_nmos_tb_1", "cornername": "Nominal"}
[2026-04-12 21:43:00.823 +0700] [INFO] [cadence.virtuoso.ade.simulationMonitor] - Time used: CPU = 522 ms, elapsed = 1.34 s, util. = 38.9%. {"history": "ExplorerRun.0", "point": 8, "testname": "my_lib_nmos_tb_1", "cornername": "Nominal"}
[2026-04-12 21:43:00.823 +0700] [INFO] [cadence.virtuoso.ade.simulationMonitor] - Time spent in licensing: elapsed = 839 ms, percentage of total = 62.6%. {"history": "ExplorerRun.0", "point": 8, "testname": "my_lib_nmos_tb_1", "cornername": "Nominal"}
[2026-04-12 21:43:00.824 +0700] [INFO] [cadence.virtuoso.ade.simulationMonitor] - Peak memory used = 111 Mbytes. {"history": "ExplorerRun.0", "point": 8, "testname": "my_lib_nmos_tb_1", "cornername": "Nominal"}
[2026-04-12 21:43:00.824 +0700] [PROCESS] [cadence.virtuoso.ade.simulationMonitor] - Simulation started at: 9:42:58 PM, Sun Apr 12, 2026, ended at: 9:43:00 PM, Sun Apr 12, 2026, with elapsed time (wall clock): 1.34 s. {"history": "ExplorerRun.0", "point": 8, "testname": "my_lib_nmos_tb_1", "cornername": "Nominal"}
[2026-04-12 21:43:00.824 +0700] [PROCESS] [cadence.virtuoso.ade.simulationMonitor] - spectre completes with 0 errors, 0 warnings, and 5 notices. {"history": "ExplorerRun.0", "point": 8, "testname": "my_lib_nmos_tb_1", "cornername": "Nominal"}
[2026-04-12 21:43:00.824 +0700] [PROCESS] [cadence.virtuoso.ade.simulationMonitor] - Simulator exited {"hostname": "dtvt_13", "processid": 22713, "history": "ExplorerRun.0", "testname": "my_lib_nmos_tb_1", "cornername": "Nominal", "point": 8, "logfile": "/home/dtvt_13/truong/logs_dtvt_13/logs0/Job71.log", "exitStatus": "0"}
[2026-04-12 21:43:00.824 +0700] [PROCESS] [cadence.virtuoso.ade.simulationMonitor] - Finished Simulation {"hostname": "dtvt_13", "processid": 22713, "history": "ExplorerRun.0", "testname": "my_lib_nmos_tb_1", "cornername": "Nominal", "point": 8, "logfile": "/home/dtvt_13/truong/logs_dtvt_13/logs0/Job71.log", "simid": "8"}
[2026-04-12 21:43:01.837 +0700] [PROCESS] [cadence.virtuoso.ade.simulationMonitor] - Point Finished {"hostname": "dtvt_13", "processid": 22713, "history": "ExplorerRun.0", "testname": "my_lib_nmos_tb_1", "cornername": "Nominal", "point": 8, "logfile": "/home/dtvt_13/truong/logs_dtvt_13/logs0/Job71.log"}
[2026-04-12 21:43:01.843 +0700] [PROCESS] [cadence.virtuoso.ade.simulationMonitor] - HostInfo:
Host name (type):	dtvt_13 (x86_64)
Operating system:	Linux 3.10.0-1160.118.1.el7.x86_64 #1 SMP Wed Apr 24 16:01:50 UTC 2024 {"hostname": "dtvt_13", "processid": 22713, "history": "ExplorerRun.0", "testname": "my_lib_nmos_tb_1", "cornername": "Nominal", "point": 8, "logfile": "/home/dtvt_13/truong/logs_dtvt_13/logs0/Job71.log", "nodename": "dtvt_13", "domainname": "(none)", "machine": "x86_64", "sysname": "Linux", "release": "3.10.0-1160.118.1.el7.x86_64", "version": "#1 SMP Wed Apr 24 16:01:50 UTC 2024"}
[2026-04-12 21:43:01.844 +0700] [PROCESS] [cadence.virtuoso.ade.simulationMonitor] - UsageInfo:
pid=22713
totalPhysicalMemory=15.208324GB,Used=14.889572GB,totalVirtualMemory=22.895821GB,Used=14.951584GB
Cpu: Cores=24, Load average:0.360000,0.290000,0.180000 {"hostname": "dtvt_13", "processid": 22713, "history": "ExplorerRun.0", "testname": "my_lib_nmos_tb_1", "cornername": "Nominal", "point": 8, "logfile": "/home/dtvt_13/truong/logs_dtvt_13/logs0/Job71.log", "pid": "22713", "totalPhysicalMemory": "15.208324", "physicalMemoryUsed": "14.889572", "totalVirtualMemory": "22.895821", "virtualMemoryUsed": "14.951584", "cpuCores": "24", "processes": "2746", "loadAverage1": "0.360000", "loadAverage5": "0.290000", "loadAverage15": "0.180000", "loadAverage1Percent": "0.015000"}
[2026-04-12 21:43:01.844 +0700] [EVENT] [cadence.virtuoso.ade.simulationMonitor] - NewPoint {"history": "ExplorerRun.0", "point": 9, "testname": "my_lib_nmos_tb_1", "cornername": "Nominal", "event": "NewPoint", "EventSource": "Simulation Monitor", "HistoryName": "ExplorerRun.0", "logFile": "/home/dtvt_13/truong/logs_dtvt_13/logs0/Job71.log", "logFileSize": "74077"}
[2026-04-12 21:43:01.946 +0700] [EVENT] [cadence.virtuoso.ade.simulationMonitor] - NewPoint {"history": "ExplorerRun.0", "point": 9, "testname": "my_lib_nmos_tb_1", "cornername": "Nominal", "event": "NewPoint", "EventSource": "spectre", "HistoryName": "ExplorerRun.0", "logFile": "/home/dtvt_13/simulation/my_lib/nmos_tb/maestro/results/maestro/ExplorerRun.0/9/my_lib_nmos_tb_1/psf/spectre.out", "logFileSize": "-1"}
[2026-04-12 21:43:01.955 +0700] [PROCESS] [cadence.virtuoso.ade.simulationMonitor] - Simulator launched {"hostname": "dtvt_13", "processid": 22713, "history": "ExplorerRun.0", "testname": "my_lib_nmos_tb_1", "cornername": "Nominal", "point": 9, "logfile": "/home/dtvt_13/truong/logs_dtvt_13/logs0/Job71.log", "simid": "9"}
[2026-04-12 21:43:01.955 +0700] [PROCESS] [cadence.virtuoso.ade.simulationMonitor] - Started Simulation {"hostname": "dtvt_13", "processid": 22713, "history": "ExplorerRun.0", "testname": "my_lib_nmos_tb_1", "cornername": "Nominal", "point": 9, "logfile": "/home/dtvt_13/truong/logs_dtvt_13/logs0/Job71.log"}
[2026-04-12 21:43:03.457 +0700] [PROCESS] [cadence.virtuoso.ade.simulationMonitor] - Finished simulating for one point {"hostname": "dtvt_13", "processid": 22713, "history": "ExplorerRun.0", "testname": "my_lib_nmos_tb_1", "cornername": "Nominal", "point": 9, "logfile": "/home/dtvt_13/truong/logs_dtvt_13/logs0/Job71.log", "simid": "9"}
[2026-04-12 21:43:03.457 +0700] [INFO] [cadence.virtuoso.ade.simulationMonitor] - Peak resident memory used = 96.2 Mbytes. {"history": "ExplorerRun.0", "point": 9, "testname": "my_lib_nmos_tb_1", "cornername": "Nominal"}
[2026-04-12 21:43:03.458 +0700] [INFO] [cadence.virtuoso.ade.simulationMonitor] - Peak resident memory used = 105 Mbytes. {"history": "ExplorerRun.0", "point": 9, "testname": "my_lib_nmos_tb_1", "cornername": "Nominal"}
[2026-04-12 21:43:03.458 +0700] [INFO] [cadence.virtuoso.ade.simulationMonitor] - Notice from spectre during hierarchy flattening.
    The value 'psf' specified for the 'checklimitdest' option will no longer be supported in future releases. Use 'spectre -h' to see other recommended values for the 'checklimitdest' option. {"history": "ExplorerRun.0", "point": 9, "testname": "my_lib_nmos_tb_1", "cornername": "Nominal"}
[2026-04-12 21:43:03.459 +0700] [INFO] [cadence.virtuoso.ade.simulationMonitor] - Peak resident memory used = 106 Mbytes. {"history": "ExplorerRun.0", "point": 9, "testname": "my_lib_nmos_tb_1", "cornername": "Nominal"}
[2026-04-12 21:43:03.459 +0700] [INFO] [cadence.virtuoso.ade.simulationMonitor] - Notice from spectre during initial setup.
    Multithreading is disabled due to the size of the design being too small. {"history": "ExplorerRun.0", "point": 9, "testname": "my_lib_nmos_tb_1", "cornername": "Nominal"}
[2026-04-12 21:43:03.460 +0700] [INFO] [cadence.virtuoso.ade.simulationMonitor] -               nodes 8 {"history": "ExplorerRun.0", "point": 9, "testname": "my_lib_nmos_tb_1", "cornername": "Nominal"}
[2026-04-12 21:43:03.460 +0700] [INFO] [cadence.virtuoso.ade.simulationMonitor] - Notice from spectre during initial setup.
    APS enabled. {"history": "ExplorerRun.0", "point": 9, "testname": "my_lib_nmos_tb_1", "cornername": "Nominal"}
[2026-04-12 21:43:03.461 +0700] [INFO] [cadence.virtuoso.ade.simulationMonitor] - Peak resident memory used = 107 Mbytes. {"history": "ExplorerRun.0", "point": 9, "testname": "my_lib_nmos_tb_1", "cornername": "Nominal"}
[2026-04-12 21:43:03.461 +0700] [INFO] [cadence.virtuoso.ade.simulationMonitor] -    -   (APS) Multi-threading. The recommended number of threads is 1, consider adding +mt=1 on command line. {"history": "ExplorerRun.0", "point": 9, "testname": "my_lib_nmos_tb_1", "cornername": "Nominal"}
[2026-04-12 21:43:03.461 +0700] [INFO] [cadence.virtuoso.ade.simulationMonitor] - Total time required for dc analysis `dcOp': CPU = 1.607 ms, elapsed = 2.60186 ms. {"history": "ExplorerRun.0", "point": 9, "testname": "my_lib_nmos_tb_1", "cornername": "Nominal"}
[2026-04-12 21:43:03.461 +0700] [INFO] [cadence.virtuoso.ade.simulationMonitor] - Peak resident memory used = 109 Mbytes. {"history": "ExplorerRun.0", "point": 9, "testname": "my_lib_nmos_tb_1", "cornername": "Nominal"}
[2026-04-12 21:43:03.461 +0700] [INFO] [cadence.virtuoso.ade.simulationMonitor] - Notice from spectre at vg = 1.8 during DC analysis `dc'.
    The value of parameter 'vg' has been reset to the original value 0.9. {"history": "ExplorerRun.0", "point": 9, "testname": "my_lib_nmos_tb_1", "cornername": "Nominal"}
[2026-04-12 21:43:03.462 +0700] [INFO] [cadence.virtuoso.ade.simulationMonitor] - Total time required for dc analysis `dc': CPU = 6.448 ms, elapsed = 7.47585 ms. {"history": "ExplorerRun.0", "point": 9, "testname": "my_lib_nmos_tb_1", "cornername": "Nominal"}
[2026-04-12 21:43:03.462 +0700] [INFO] [cadence.virtuoso.ade.simulationMonitor] - Peak resident memory used = 110 Mbytes. {"history": "ExplorerRun.0", "point": 9, "testname": "my_lib_nmos_tb_1", "cornername": "Nominal"}
[2026-04-12 21:43:03.462 +0700] [INFO] [cadence.virtuoso.ade.simulationMonitor] - Time used: CPU = 538 ms, elapsed = 1.1 s, util. = 48.8%. {"history": "ExplorerRun.0", "point": 9, "testname": "my_lib_nmos_tb_1", "cornername": "Nominal"}
[2026-04-12 21:43:03.462 +0700] [INFO] [cadence.virtuoso.ade.simulationMonitor] - Time spent in licensing: elapsed = 531 ms, percentage of total = 48.2%. {"history": "ExplorerRun.0", "point": 9, "testname": "my_lib_nmos_tb_1", "cornername": "Nominal"}
[2026-04-12 21:43:03.462 +0700] [INFO] [cadence.virtuoso.ade.simulationMonitor] - Peak memory used = 111 Mbytes. {"history": "ExplorerRun.0", "point": 9, "testname": "my_lib_nmos_tb_1", "cornername": "Nominal"}
[2026-04-12 21:43:03.462 +0700] [PROCESS] [cadence.virtuoso.ade.simulationMonitor] - Simulation started at: 9:43:02 PM, Sun Apr 12, 2026, ended at: 9:43:03 PM, Sun Apr 12, 2026, with elapsed time (wall clock): 1.1 s. {"history": "ExplorerRun.0", "point": 9, "testname": "my_lib_nmos_tb_1", "cornername": "Nominal"}
[2026-04-12 21:43:03.462 +0700] [PROCESS] [cadence.virtuoso.ade.simulationMonitor] - spectre completes with 0 errors, 0 warnings, and 5 notices. {"history": "ExplorerRun.0", "point": 9, "testname": "my_lib_nmos_tb_1", "cornername": "Nominal"}
[2026-04-12 21:43:03.463 +0700] [PROCESS] [cadence.virtuoso.ade.simulationMonitor] - Simulator exited {"hostname": "dtvt_13", "processid": 22713, "history": "ExplorerRun.0", "testname": "my_lib_nmos_tb_1", "cornername": "Nominal", "point": 9, "logfile": "/home/dtvt_13/truong/logs_dtvt_13/logs0/Job71.log", "exitStatus": "0"}
[2026-04-12 21:43:03.463 +0700] [PROCESS] [cadence.virtuoso.ade.simulationMonitor] - Finished Simulation {"hostname": "dtvt_13", "processid": 22713, "history": "ExplorerRun.0", "testname": "my_lib_nmos_tb_1", "cornername": "Nominal", "point": 9, "logfile": "/home/dtvt_13/truong/logs_dtvt_13/logs0/Job71.log", "simid": "9"}
[2026-04-12 21:43:04.475 +0700] [PROCESS] [cadence.virtuoso.ade.simulationMonitor] - Point Finished {"hostname": "dtvt_13", "processid": 22713, "history": "ExplorerRun.0", "testname": "my_lib_nmos_tb_1", "cornername": "Nominal", "point": 9, "logfile": "/home/dtvt_13/truong/logs_dtvt_13/logs0/Job71.log"}
[2026-04-12 21:43:04.481 +0700] [PROCESS] [cadence.virtuoso.ade.simulationMonitor] - HostInfo:
Host name (type):	dtvt_13 (x86_64)
Operating system:	Linux 3.10.0-1160.118.1.el7.x86_64 #1 SMP Wed Apr 24 16:01:50 UTC 2024 {"hostname": "dtvt_13", "processid": 22713, "history": "ExplorerRun.0", "testname": "my_lib_nmos_tb_1", "cornername": "Nominal", "point": 9, "logfile": "/home/dtvt_13/truong/logs_dtvt_13/logs0/Job71.log", "nodename": "dtvt_13", "domainname": "(none)", "machine": "x86_64", "sysname": "Linux", "release": "3.10.0-1160.118.1.el7.x86_64", "version": "#1 SMP Wed Apr 24 16:01:50 UTC 2024"}
[2026-04-12 21:43:04.481 +0700] [PROCESS] [cadence.virtuoso.ade.simulationMonitor] - UsageInfo:
pid=22713
totalPhysicalMemory=15.208324GB,Used=14.889816GB,totalVirtualMemory=22.895821GB,Used=14.951828GB
Cpu: Cores=24, Load average:0.410000,0.300000,0.190000 {"hostname": "dtvt_13", "processid": 22713, "history": "ExplorerRun.0", "testname": "my_lib_nmos_tb_1", "cornername": "Nominal", "point": 9, "logfile": "/home/dtvt_13/truong/logs_dtvt_13/logs0/Job71.log", "pid": "22713", "totalPhysicalMemory": "15.208324", "physicalMemoryUsed": "14.889816", "totalVirtualMemory": "22.895821", "virtualMemoryUsed": "14.951828", "cpuCores": "24", "processes": "2755", "loadAverage1": "0.410000", "loadAverage5": "0.300000", "loadAverage15": "0.190000", "loadAverage1Percent": "0.017083"}
[2026-04-12 21:43:04.482 +0700] [EVENT] [cadence.virtuoso.ade.simulationMonitor] - NewPoint {"history": "ExplorerRun.0", "point": 10, "testname": "my_lib_nmos_tb_1", "cornername": "Nominal", "event": "NewPoint", "EventSource": "Simulation Monitor", "HistoryName": "ExplorerRun.0", "logFile": "/home/dtvt_13/truong/logs_dtvt_13/logs0/Job71.log", "logFileSize": "83033"}
[2026-04-12 21:43:04.586 +0700] [EVENT] [cadence.virtuoso.ade.simulationMonitor] - NewPoint {"history": "ExplorerRun.0", "point": 10, "testname": "my_lib_nmos_tb_1", "cornername": "Nominal", "event": "NewPoint", "EventSource": "spectre", "HistoryName": "ExplorerRun.0", "logFile": "/home/dtvt_13/simulation/my_lib/nmos_tb/maestro/results/maestro/ExplorerRun.0/10/my_lib_nmos_tb_1/psf/spectre.out", "logFileSize": "-1"}
[2026-04-12 21:43:04.594 +0700] [PROCESS] [cadence.virtuoso.ade.simulationMonitor] - Simulator launched {"hostname": "dtvt_13", "processid": 22713, "history": "ExplorerRun.0", "testname": "my_lib_nmos_tb_1", "cornername": "Nominal", "point": 10, "logfile": "/home/dtvt_13/truong/logs_dtvt_13/logs0/Job71.log", "simid": "10"}
[2026-04-12 21:43:04.595 +0700] [PROCESS] [cadence.virtuoso.ade.simulationMonitor] - Started Simulation {"hostname": "dtvt_13", "processid": 22713, "history": "ExplorerRun.0", "testname": "my_lib_nmos_tb_1", "cornername": "Nominal", "point": 10, "logfile": "/home/dtvt_13/truong/logs_dtvt_13/logs0/Job71.log"}
[2026-04-12 21:43:06.096 +0700] [PROCESS] [cadence.virtuoso.ade.simulationMonitor] - Finished simulating for one point {"hostname": "dtvt_13", "processid": 22713, "history": "ExplorerRun.0", "testname": "my_lib_nmos_tb_1", "cornername": "Nominal", "point": 10, "logfile": "/home/dtvt_13/truong/logs_dtvt_13/logs0/Job71.log", "simid": "10"}
[2026-04-12 21:43:06.097 +0700] [INFO] [cadence.virtuoso.ade.simulationMonitor] - Peak resident memory used = 96.2 Mbytes. {"history": "ExplorerRun.0", "point": 10, "testname": "my_lib_nmos_tb_1", "cornername": "Nominal"}
[2026-04-12 21:43:06.097 +0700] [INFO] [cadence.virtuoso.ade.simulationMonitor] - Peak resident memory used = 105 Mbytes. {"history": "ExplorerRun.0", "point": 10, "testname": "my_lib_nmos_tb_1", "cornername": "Nominal"}
[2026-04-12 21:43:06.097 +0700] [INFO] [cadence.virtuoso.ade.simulationMonitor] - Notice from spectre during hierarchy flattening.
    The value 'psf' specified for the 'checklimitdest' option will no longer be supported in future releases. Use 'spectre -h' to see other recommended values for the 'checklimitdest' option. {"history": "ExplorerRun.0", "point": 10, "testname": "my_lib_nmos_tb_1", "cornername": "Nominal"}
[2026-04-12 21:43:06.098 +0700] [INFO] [cadence.virtuoso.ade.simulationMonitor] - Peak resident memory used = 106 Mbytes. {"history": "ExplorerRun.0", "point": 10, "testname": "my_lib_nmos_tb_1", "cornername": "Nominal"}
[2026-04-12 21:43:06.098 +0700] [INFO] [cadence.virtuoso.ade.simulationMonitor] - Notice from spectre during initial setup.
    Multithreading is disabled due to the size of the design being too small. {"history": "ExplorerRun.0", "point": 10, "testname": "my_lib_nmos_tb_1", "cornername": "Nominal"}
[2026-04-12 21:43:06.099 +0700] [INFO] [cadence.virtuoso.ade.simulationMonitor] -               nodes 8 {"history": "ExplorerRun.0", "point": 10, "testname": "my_lib_nmos_tb_1", "cornername": "Nominal"}
[2026-04-12 21:43:06.099 +0700] [INFO] [cadence.virtuoso.ade.simulationMonitor] - Notice from spectre during initial setup.
    APS enabled. {"history": "ExplorerRun.0", "point": 10, "testname": "my_lib_nmos_tb_1", "cornername": "Nominal"}
[2026-04-12 21:43:06.100 +0700] [INFO] [cadence.virtuoso.ade.simulationMonitor] - Peak resident memory used = 107 Mbytes. {"history": "ExplorerRun.0", "point": 10, "testname": "my_lib_nmos_tb_1", "cornername": "Nominal"}
[2026-04-12 21:43:06.100 +0700] [INFO] [cadence.virtuoso.ade.simulationMonitor] -    -   (APS) Multi-threading. The recommended number of threads is 1, consider adding +mt=1 on command line. {"history": "ExplorerRun.0", "point": 10, "testname": "my_lib_nmos_tb_1", "cornername": "Nominal"}
[2026-04-12 21:43:06.100 +0700] [INFO] [cadence.virtuoso.ade.simulationMonitor] - Total time required for dc analysis `dcOp': CPU = 1.993 ms, elapsed = 2.98095 ms. {"history": "ExplorerRun.0", "point": 10, "testname": "my_lib_nmos_tb_1", "cornername": "Nominal"}
[2026-04-12 21:43:06.100 +0700] [INFO] [cadence.virtuoso.ade.simulationMonitor] - Peak resident memory used = 109 Mbytes. {"history": "ExplorerRun.0", "point": 10, "testname": "my_lib_nmos_tb_1", "cornername": "Nominal"}
[2026-04-12 21:43:06.100 +0700] [INFO] [cadence.virtuoso.ade.simulationMonitor] - Notice from spectre at vg = 1.8 during DC analysis `dc'.
    The value of parameter 'vg' has been reset to the original value 0.9. {"history": "ExplorerRun.0", "point": 10, "testname": "my_lib_nmos_tb_1", "cornername": "Nominal"}
[2026-04-12 21:43:06.100 +0700] [INFO] [cadence.virtuoso.ade.simulationMonitor] - Total time required for dc analysis `dc': CPU = 6.651 ms, elapsed = 7.53498 ms. {"history": "ExplorerRun.0", "point": 10, "testname": "my_lib_nmos_tb_1", "cornername": "Nominal"}
[2026-04-12 21:43:06.101 +0700] [INFO] [cadence.virtuoso.ade.simulationMonitor] - Peak resident memory used = 110 Mbytes. {"history": "ExplorerRun.0", "point": 10, "testname": "my_lib_nmos_tb_1", "cornername": "Nominal"}
[2026-04-12 21:43:06.101 +0700] [INFO] [cadence.virtuoso.ade.simulationMonitor] - Time used: CPU = 550 ms, elapsed = 891 ms, util. = 61.7%. {"history": "ExplorerRun.0", "point": 10, "testname": "my_lib_nmos_tb_1", "cornername": "Nominal"}
[2026-04-12 21:43:06.101 +0700] [INFO] [cadence.virtuoso.ade.simulationMonitor] - Time spent in licensing: elapsed = 344 ms, percentage of total = 38.6%. {"history": "ExplorerRun.0", "point": 10, "testname": "my_lib_nmos_tb_1", "cornername": "Nominal"}
[2026-04-12 21:43:06.101 +0700] [INFO] [cadence.virtuoso.ade.simulationMonitor] - Peak memory used = 111 Mbytes. {"history": "ExplorerRun.0", "point": 10, "testname": "my_lib_nmos_tb_1", "cornername": "Nominal"}
[2026-04-12 21:43:06.101 +0700] [PROCESS] [cadence.virtuoso.ade.simulationMonitor] - Simulation started at: 9:43:04 PM, Sun Apr 12, 2026, ended at: 9:43:05 PM, Sun Apr 12, 2026, with elapsed time (wall clock): 891 ms. {"history": "ExplorerRun.0", "point": 10, "testname": "my_lib_nmos_tb_1", "cornername": "Nominal"}
[2026-04-12 21:43:06.101 +0700] [PROCESS] [cadence.virtuoso.ade.simulationMonitor] - spectre completes with 0 errors, 0 warnings, and 5 notices. {"history": "ExplorerRun.0", "point": 10, "testname": "my_lib_nmos_tb_1", "cornername": "Nominal"}
[2026-04-12 21:43:06.101 +0700] [PROCESS] [cadence.virtuoso.ade.simulationMonitor] - Simulator exited {"hostname": "dtvt_13", "processid": 22713, "history": "ExplorerRun.0", "testname": "my_lib_nmos_tb_1", "cornername": "Nominal", "point": 10, "logfile": "/home/dtvt_13/truong/logs_dtvt_13/logs0/Job71.log", "exitStatus": "0"}
[2026-04-12 21:43:06.102 +0700] [PROCESS] [cadence.virtuoso.ade.simulationMonitor] - Finished Simulation {"hostname": "dtvt_13", "processid": 22713, "history": "ExplorerRun.0", "testname": "my_lib_nmos_tb_1", "cornername": "Nominal", "point": 10, "logfile": "/home/dtvt_13/truong/logs_dtvt_13/logs0/Job71.log", "simid": "10"}
[2026-04-12 21:43:07.114 +0700] [PROCESS] [cadence.virtuoso.ade.simulationMonitor] - Point Finished {"hostname": "dtvt_13", "processid": 22713, "history": "ExplorerRun.0", "testname": "my_lib_nmos_tb_1", "cornername": "Nominal", "point": 10, "logfile": "/home/dtvt_13/truong/logs_dtvt_13/logs0/Job71.log"}
[2026-04-12 21:43:07.120 +0700] [PROCESS] [cadence.virtuoso.ade.simulationMonitor] - HostInfo:
Host name (type):	dtvt_13 (x86_64)
Operating system:	Linux 3.10.0-1160.118.1.el7.x86_64 #1 SMP Wed Apr 24 16:01:50 UTC 2024 {"hostname": "dtvt_13", "processid": 22713, "history": "ExplorerRun.0", "testname": "my_lib_nmos_tb_1", "cornername": "Nominal", "point": 10, "logfile": "/home/dtvt_13/truong/logs_dtvt_13/logs0/Job71.log", "nodename": "dtvt_13", "domainname": "(none)", "machine": "x86_64", "sysname": "Linux", "release": "3.10.0-1160.118.1.el7.x86_64", "version": "#1 SMP Wed Apr 24 16:01:50 UTC 2024"}
[2026-04-12 21:43:07.120 +0700] [PROCESS] [cadence.virtuoso.ade.simulationMonitor] - UsageInfo:
pid=22713
totalPhysicalMemory=15.208324GB,Used=14.891773GB,totalVirtualMemory=22.895821GB,Used=14.953785GB
Cpu: Cores=24, Load average:0.410000,0.300000,0.190000 {"hostname": "dtvt_13", "processid": 22713, "history": "ExplorerRun.0", "testname": "my_lib_nmos_tb_1", "cornername": "Nominal", "point": 10, "logfile": "/home/dtvt_13/truong/logs_dtvt_13/logs0/Job71.log", "pid": "22713", "totalPhysicalMemory": "15.208324", "physicalMemoryUsed": "14.891773", "totalVirtualMemory": "22.895821", "virtualMemoryUsed": "14.953785", "cpuCores": "24", "processes": "2755", "loadAverage1": "0.410000", "loadAverage5": "0.300000", "loadAverage15": "0.190000", "loadAverage1Percent": "0.017083"}
[2026-04-12 21:43:07.121 +0700] [EVENT] [cadence.virtuoso.ade.simulationMonitor] - NewPoint {"history": "ExplorerRun.0", "point": 11, "testname": "my_lib_nmos_tb_1", "cornername": "Nominal", "event": "NewPoint", "EventSource": "Simulation Monitor", "HistoryName": "ExplorerRun.0", "logFile": "/home/dtvt_13/truong/logs_dtvt_13/logs0/Job71.log", "logFileSize": "92024"}
[2026-04-12 21:43:07.222 +0700] [EVENT] [cadence.virtuoso.ade.simulationMonitor] - NewPoint {"history": "ExplorerRun.0", "point": 11, "testname": "my_lib_nmos_tb_1", "cornername": "Nominal", "event": "NewPoint", "EventSource": "spectre", "HistoryName": "ExplorerRun.0", "logFile": "/home/dtvt_13/simulation/my_lib/nmos_tb/maestro/results/maestro/ExplorerRun.0/11/my_lib_nmos_tb_1/psf/spectre.out", "logFileSize": "-1"}
[2026-04-12 21:43:07.230 +0700] [PROCESS] [cadence.virtuoso.ade.simulationMonitor] - Simulator launched {"hostname": "dtvt_13", "processid": 22713, "history": "ExplorerRun.0", "testname": "my_lib_nmos_tb_1", "cornername": "Nominal", "point": 11, "logfile": "/home/dtvt_13/truong/logs_dtvt_13/logs0/Job71.log", "simid": "11"}
[2026-04-12 21:43:07.231 +0700] [PROCESS] [cadence.virtuoso.ade.simulationMonitor] - Started Simulation {"hostname": "dtvt_13", "processid": 22713, "history": "ExplorerRun.0", "testname": "my_lib_nmos_tb_1", "cornername": "Nominal", "point": 11, "logfile": "/home/dtvt_13/truong/logs_dtvt_13/logs0/Job71.log"}
[2026-04-12 21:43:08.732 +0700] [PROCESS] [cadence.virtuoso.ade.simulationMonitor] - Finished simulating for one point {"hostname": "dtvt_13", "processid": 22713, "history": "ExplorerRun.0", "testname": "my_lib_nmos_tb_1", "cornername": "Nominal", "point": 11, "logfile": "/home/dtvt_13/truong/logs_dtvt_13/logs0/Job71.log", "simid": "11"}
[2026-04-12 21:43:08.733 +0700] [INFO] [cadence.virtuoso.ade.simulationMonitor] - Peak resident memory used = 96.2 Mbytes. {"history": "ExplorerRun.0", "point": 11, "testname": "my_lib_nmos_tb_1", "cornername": "Nominal"}
[2026-04-12 21:43:08.733 +0700] [INFO] [cadence.virtuoso.ade.simulationMonitor] - Peak resident memory used = 105 Mbytes. {"history": "ExplorerRun.0", "point": 11, "testname": "my_lib_nmos_tb_1", "cornername": "Nominal"}
[2026-04-12 21:43:08.734 +0700] [INFO] [cadence.virtuoso.ade.simulationMonitor] - Notice from spectre during hierarchy flattening.
    The value 'psf' specified for the 'checklimitdest' option will no longer be supported in future releases. Use 'spectre -h' to see other recommended values for the 'checklimitdest' option. {"history": "ExplorerRun.0", "point": 11, "testname": "my_lib_nmos_tb_1", "cornername": "Nominal"}
[2026-04-12 21:43:08.734 +0700] [INFO] [cadence.virtuoso.ade.simulationMonitor] - Peak resident memory used = 106 Mbytes. {"history": "ExplorerRun.0", "point": 11, "testname": "my_lib_nmos_tb_1", "cornername": "Nominal"}
[2026-04-12 21:43:08.734 +0700] [INFO] [cadence.virtuoso.ade.simulationMonitor] - Notice from spectre during initial setup.
    Multithreading is disabled due to the size of the design being too small. {"history": "ExplorerRun.0", "point": 11, "testname": "my_lib_nmos_tb_1", "cornername": "Nominal"}
[2026-04-12 21:43:08.735 +0700] [INFO] [cadence.virtuoso.ade.simulationMonitor] -               nodes 8 {"history": "ExplorerRun.0", "point": 11, "testname": "my_lib_nmos_tb_1", "cornername": "Nominal"}
[2026-04-12 21:43:08.735 +0700] [INFO] [cadence.virtuoso.ade.simulationMonitor] - Notice from spectre during initial setup.
    APS enabled. {"history": "ExplorerRun.0", "point": 11, "testname": "my_lib_nmos_tb_1", "cornername": "Nominal"}
[2026-04-12 21:43:08.735 +0700] [INFO] [cadence.virtuoso.ade.simulationMonitor] - Peak resident memory used = 107 Mbytes. {"history": "ExplorerRun.0", "point": 11, "testname": "my_lib_nmos_tb_1", "cornername": "Nominal"}
[2026-04-12 21:43:08.735 +0700] [INFO] [cadence.virtuoso.ade.simulationMonitor] -    -   (APS) Multi-threading. The recommended number of threads is 1, consider adding +mt=1 on command line. {"history": "ExplorerRun.0", "point": 11, "testname": "my_lib_nmos_tb_1", "cornername": "Nominal"}
[2026-04-12 21:43:08.735 +0700] [INFO] [cadence.virtuoso.ade.simulationMonitor] - Total time required for dc analysis `dcOp': CPU = 1.645 ms, elapsed = 2.65288 ms. {"history": "ExplorerRun.0", "point": 11, "testname": "my_lib_nmos_tb_1", "cornername": "Nominal"}
[2026-04-12 21:43:08.735 +0700] [INFO] [cadence.virtuoso.ade.simulationMonitor] - Peak resident memory used = 109 Mbytes. {"history": "ExplorerRun.0", "point": 11, "testname": "my_lib_nmos_tb_1", "cornername": "Nominal"}
[2026-04-12 21:43:08.736 +0700] [INFO] [cadence.virtuoso.ade.simulationMonitor] - Notice from spectre at vg = 1.8 during DC analysis `dc'.
    The value of parameter 'vg' has been reset to the original value 0.9. {"history": "ExplorerRun.0", "point": 11, "testname": "my_lib_nmos_tb_1", "cornername": "Nominal"}
[2026-04-12 21:43:08.736 +0700] [INFO] [cadence.virtuoso.ade.simulationMonitor] - Total time required for dc analysis `dc': CPU = 5.989 ms, elapsed = 6.94609 ms. {"history": "ExplorerRun.0", "point": 11, "testname": "my_lib_nmos_tb_1", "cornername": "Nominal"}
[2026-04-12 21:43:08.736 +0700] [INFO] [cadence.virtuoso.ade.simulationMonitor] - Peak resident memory used = 110 Mbytes. {"history": "ExplorerRun.0", "point": 11, "testname": "my_lib_nmos_tb_1", "cornername": "Nominal"}
[2026-04-12 21:43:08.736 +0700] [INFO] [cadence.virtuoso.ade.simulationMonitor] - Time used: CPU = 497 ms, elapsed = 856 ms, util. = 58.1%. {"history": "ExplorerRun.0", "point": 11, "testname": "my_lib_nmos_tb_1", "cornername": "Nominal"}
[2026-04-12 21:43:08.736 +0700] [INFO] [cadence.virtuoso.ade.simulationMonitor] - Time spent in licensing: elapsed = 340 ms, percentage of total = 39.8%. {"history": "ExplorerRun.0", "point": 11, "testname": "my_lib_nmos_tb_1", "cornername": "Nominal"}
[2026-04-12 21:43:08.736 +0700] [INFO] [cadence.virtuoso.ade.simulationMonitor] - Peak memory used = 111 Mbytes. {"history": "ExplorerRun.0", "point": 11, "testname": "my_lib_nmos_tb_1", "cornername": "Nominal"}
[2026-04-12 21:43:08.737 +0700] [PROCESS] [cadence.virtuoso.ade.simulationMonitor] - Simulation started at: 9:43:07 PM, Sun Apr 12, 2026, ended at: 9:43:08 PM, Sun Apr 12, 2026, with elapsed time (wall clock): 856 ms. {"history": "ExplorerRun.0", "point": 11, "testname": "my_lib_nmos_tb_1", "cornername": "Nominal"}
[2026-04-12 21:43:08.737 +0700] [PROCESS] [cadence.virtuoso.ade.simulationMonitor] - spectre completes with 0 errors, 0 warnings, and 5 notices. {"history": "ExplorerRun.0", "point": 11, "testname": "my_lib_nmos_tb_1", "cornername": "Nominal"}
[2026-04-12 21:43:08.737 +0700] [PROCESS] [cadence.virtuoso.ade.simulationMonitor] - Simulator exited {"hostname": "dtvt_13", "processid": 22713, "history": "ExplorerRun.0", "testname": "my_lib_nmos_tb_1", "cornername": "Nominal", "point": 11, "logfile": "/home/dtvt_13/truong/logs_dtvt_13/logs0/Job71.log", "exitStatus": "0"}
[2026-04-12 21:43:08.737 +0700] [PROCESS] [cadence.virtuoso.ade.simulationMonitor] - Finished Simulation {"hostname": "dtvt_13", "processid": 22713, "history": "ExplorerRun.0", "testname": "my_lib_nmos_tb_1", "cornername": "Nominal", "point": 11, "logfile": "/home/dtvt_13/truong/logs_dtvt_13/logs0/Job71.log", "simid": "11"}
[2026-04-12 21:43:09.749 +0700] [PROCESS] [cadence.virtuoso.ade.simulationMonitor] - Point Finished {"hostname": "dtvt_13", "processid": 22713, "history": "ExplorerRun.0", "testname": "my_lib_nmos_tb_1", "cornername": "Nominal", "point": 11, "logfile": "/home/dtvt_13/truong/logs_dtvt_13/logs0/Job71.log"}
[2026-04-12 21:48:10.315 +0700] [PROCESS] [cadence.virtuoso.ade.simulationMonitor] - Current memory used: 32.2422 MBytes, peak memory used: 32.2422 MBytes {"hostname": "dtvt_13", "processid": 22713, "history": "ExplorerRun.0", "testname": "my_lib_nmos_tb_1", "cornername": "Nominal", "point": 11, "logfile": "/home/dtvt_13/truong/logs_dtvt_13/logs0/Job71.log"}
[2026-04-12 21:48:10.315 +0700] [PROCESS] [cadence.virtuoso.ade.simulationMonitor] - Simulation Monitor process exit. {"hostname": "dtvt_13", "processid": 22713, "history": "ExplorerRun.0", "testname": "my_lib_nmos_tb_1", "cornername": "Nominal", "point": 11, "logfile": "/home/dtvt_13/truong/logs_dtvt_13/logs0/Job71.log"}
