[ADE GUI: 9e65807a-a00a-49f8-8b50-e2b5df55f325]
[2026-04-19 09:42:29.160 +0700] [PROCESS] [cadence.virtuoso.ade.gui] - /home/dtvt_13/truong/.tmp_dtvt_13/.cmddir0/swiftLoggingService0 is starting {"logfile": "/home/dtvt_13/truong/logs_dtvt_13/logs0/LoggingService0.log"}
[2026-04-19 09:42:29.265 +0700] [PROCESS] [cadence.virtuoso.ade.gui] - /home/dtvt_13/truong/.tmp_dtvt_13/.cmddir0/swiftNetlistService1 is starting {"logfile": "/home/dtvt_13/truong/logs_dtvt_13/logs0/Service1.log"}
[2026-04-19 09:42:29.266 +0700] [PROCESS] [cadence.virtuoso.ade.gui] - Logging Service '29967' is starting up on host 'dtvt_13' {"logfile": "/home/dtvt_13/truong/logs_dtvt_13/logs0/LoggingService0.log"}
[2026-04-19 09:42:30.451 +0700] [PROCESS] [cadence.virtuoso.ade.gui] - Netlist Service '30023' is starting up on host 'dtvt_13' {"logfile": "/home/dtvt_13/truong/logs_dtvt_13/logs0/Service1.log"}
[2026-04-19 09:42:36.846 +0700] [EVENT] [cadence.virtuoso.ade.gui] - NewHistoryCreated {"history": "ExplorerRun.0", "event": "NewHistoryCreated", "EventSource": "ADE GUI", "HistoryName": "ExplorerRun.0", "WorkDir": "/home/dtvt_13/truong", "HistorySimDir": "/home/dtvt_13/simulation/my_lib/ota_amp_tb/maestro/results/maestro/ExplorerRun.0", "HistoryResultsDir": "/home/dtvt_13/truong/my_lib/ota_amp_tb/maestro/results/maestro"}
[2026-04-19 09:42:36.846 +0700] [PROCESS] [cadence.virtuoso.ade.gui] - History Setup {"hostname": "dtvt_13", "processid": 28387, "history": "ExplorerRun.0", "logfile": "/home/dtvt_13/truong/logs_dtvt_13/logs0/virtuoso_ade_debug.log", "jobmode": "LSCS", "runmode": "Single Run, Sweeps and Corners", "lib": "my_lib", "cell": "ota_amp_tb", "view": "maestro", "icversion": "sub-version  IC6.1.8-64b.500.28 ", "runstart": "Sun Apr 19 09:42:36 2026\n", "timezonelocal": "+000", "spectreversion": "unknown", "jobpolicyname": "", "maxjobs": "unknown", "ncjobpolicyname": "", "ncmaxjobs": "unknown", "numtests": "1", "runfinished": "unknown", "runelapsed": "-1", "numcorners": "1"}
[2026-04-19 09:42:37.151 +0700] [WARN] [cadence.virtuoso.ade.gui] - Could not find log file for Same Process Job 0. Log message for this job will be printed in the CDS log file. {"history": "ExplorerRun.0", "testname": "my_lib_ota_amp_tb_1", "detailed_message": "", "message_id": "EXPLORER-5028"}
[2026-04-19 09:42:37.487 +0700] [INFO] [cadence.virtuoso.ade.gui] - Simulation will use spectre batch mode because the GCC version used by Spectre and Virtuoso are not compatible. {"history": "ExplorerRun.0", "testname": "my_lib_ota_amp_tb_1", "detailed_message": "", "message_id": "EXPLORER-5024"}
[2026-04-19 09:42:37.650 +0700] [EVENT] [cadence.virtuoso.ade.pointevaluator] - NewPoint {"history": "ExplorerRun.0", "point": 1, "testname": "my_lib_ota_amp_tb_1", "event": "NewPoint", "EventSource": "ADE GUI", "HistoryName": "ExplorerRun.0", "logFile": "/home/dtvt_13/truong/logs_dtvt_13/logs0/virtuoso_ade_debug.log", "logFileSize": "2580"}
[2026-04-19 09:42:37.650 +0700] [INFO] [cadence.virtuoso.ade.pointevaluator] - Started netlisting {"history": "ExplorerRun.0", "point": 1, "testname": "my_lib_ota_amp_tb_1"}
[2026-04-19 09:42:38.019 +0700] [INFO] [cadence.virtuoso.ade.pointevaluator] - Finished netlisting {"history": "ExplorerRun.0", "point": 1, "testname": "my_lib_ota_amp_tb_1"}
[2026-04-19 09:42:38.019 +0700] [INFO] [cadence.virtuoso.ade.pointevaluator] - Submitted {"history": "ExplorerRun.0", "point": 1, "testname": "my_lib_ota_amp_tb_1"}
[2026-04-19 09:42:42.465 +0700] [PROCESS] [cadence.virtuoso.ade.gui] - /home/dtvt_13/truong/.tmp_dtvt_13/.cmddir0/swiftJob2 is starting {"logfile": "/home/dtvt_13/truong/logs_dtvt_13/logs0/Job2.log"}
[2026-04-19 09:42:42.574 +0700] [PROCESS] [cadence.virtuoso.ade.gui] - Simulation Monitor process '30621' is starting up on host 'dtvt_13' {"logfile": "/home/dtvt_13/truong/logs_dtvt_13/logs0/Job2.log"}
[2026-04-19 09:43:04.683 +0700] [PROCESS] [cadence.virtuoso.ade.gui] - ln: failed to create symbolic link '/home/dtvt_13/simulation/my_lib/ota_amp_tb/maestro/results/maestro/ExplorerRun.0/1/my_lib_ota_amp_tb_1/netlist/exprOutputs.log': File exists
 {"logfile": "/home/dtvt_13/truong/logs_dtvt_13/logs0/Job2.log"}
[2026-04-19 09:43:04.686 +0700] [PROCESS] [cadence.virtuoso.ade.gui] - ln: failed to create symbolic link '/home/dtvt_13/simulation/my_lib/ota_amp_tb/maestro/results/maestro/ExplorerRun.0/1/my_lib_ota_amp_tb_1/netlist/amps_evaluator.log': File exists
 {"logfile": "/home/dtvt_13/truong/logs_dtvt_13/logs0/Job2.log"}
[2026-04-19 09:43:05.376 +0700] [INFO] [cadence.virtuoso.ade.gui] - Point completed {"history": "ExplorerRun.0", "point": 1, "testname": "my_lib_ota_amp_tb_1"}
[2026-04-19 09:43:05.385 +0700] [EVENT] [cadence.virtuoso.ade.gui] - HistoryFinished {"history": "ExplorerRun.0", "point": 1, "testname": "my_lib_ota_amp_tb_1", "event": "HistoryFinished", "EventSource": "ADE GUI", "HistoryName": "ExplorerRun.0"}
[2026-04-19 09:43:43.839 +0700] [EVENT] [cadence.virtuoso.ade.gui] - NewHistoryCreated {"history": "ExplorerRun.0", "point": 1, "testname": "my_lib_ota_amp_tb_1", "event": "NewHistoryCreated", "EventSource": "ADE GUI", "HistoryName": "ExplorerRun.0", "WorkDir": "/home/dtvt_13/truong", "HistorySimDir": "/home/dtvt_13/simulation/my_lib/ota_amp_tb/maestro/results/maestro/ExplorerRun.0", "HistoryResultsDir": "/home/dtvt_13/truong/my_lib/ota_amp_tb/maestro/results/maestro"}
[2026-04-19 09:43:43.842 +0700] [PROCESS] [cadence.virtuoso.ade.gui] - History Setup {"hostname": "dtvt_13", "processid": 28387, "history": "ExplorerRun.0", "testname": "my_lib_ota_amp_tb_1", "point": 1, "logfile": "/home/dtvt_13/truong/logs_dtvt_13/logs0/virtuoso_ade_debug.log", "jobmode": "LSCS", "runmode": "Single Run, Sweeps and Corners", "lib": "my_lib", "cell": "ota_amp_tb", "view": "maestro", "icversion": "sub-version  IC6.1.8-64b.500.28 ", "runstart": "Sun Apr 19 09:43:43 2026\n", "timezonelocal": "+000", "spectreversion": "unknown", "jobpolicyname": "", "maxjobs": "unknown", "ncjobpolicyname": "", "ncmaxjobs": "unknown", "numtests": "1", "runfinished": "unknown", "runelapsed": "-1", "numcorners": "1"}
[2026-04-19 09:43:44.598 +0700] [INFO] [cadence.virtuoso.ade.gui] - Simulation will use spectre batch mode because the GCC version used by Spectre and Virtuoso are not compatible. {"history": "ExplorerRun.0", "point": 1, "testname": "my_lib_ota_amp_tb_1", "detailed_message": "", "message_id": "EXPLORER-5024"}
[2026-04-19 09:43:44.828 +0700] [EVENT] [cadence.virtuoso.ade.pointevaluator] - NewPoint {"history": "ExplorerRun.0", "point": 1, "testname": "my_lib_ota_amp_tb_1", "event": "NewPoint", "EventSource": "ADE GUI", "HistoryName": "ExplorerRun.0", "logFile": "/home/dtvt_13/truong/logs_dtvt_13/logs0/virtuoso_ade_debug.log", "logFileSize": "6382"}
[2026-04-19 09:43:44.829 +0700] [INFO] [cadence.virtuoso.ade.pointevaluator] - Started netlisting {"history": "ExplorerRun.0", "point": 1, "testname": "my_lib_ota_amp_tb_1"}
[2026-04-19 09:43:45.040 +0700] [INFO] [cadence.virtuoso.ade.pointevaluator] - Finished netlisting {"history": "ExplorerRun.0", "point": 1, "testname": "my_lib_ota_amp_tb_1"}
[2026-04-19 09:43:45.040 +0700] [INFO] [cadence.virtuoso.ade.pointevaluator] - Submitted {"history": "ExplorerRun.0", "point": 1, "testname": "my_lib_ota_amp_tb_1"}
[2026-04-19 09:44:15.027 +0700] [PROCESS] [cadence.virtuoso.ade.gui] - ln: failed to create symbolic link '/home/dtvt_13/simulation/my_lib/ota_amp_tb/maestro/results/maestro/ExplorerRun.0/1/my_lib_ota_amp_tb_1/netlist/exprOutputs.log': File exists
 {"logfile": "/home/dtvt_13/truong/logs_dtvt_13/logs0/Job2.log"}
[2026-04-19 09:44:15.032 +0700] [PROCESS] [cadence.virtuoso.ade.gui] - ln: failed to create symbolic link '/home/dtvt_13/simulation/my_lib/ota_amp_tb/maestro/results/maestro/ExplorerRun.0/1/my_lib_ota_amp_tb_1/netlist/amps_evaluator.log': File exists
 {"logfile": "/home/dtvt_13/truong/logs_dtvt_13/logs0/Job2.log"}
[2026-04-19 09:44:17.377 +0700] [INFO] [cadence.virtuoso.ade.gui] - Point completed {"history": "ExplorerRun.0", "point": 1, "testname": "my_lib_ota_amp_tb_1"}
[2026-04-19 09:44:17.397 +0700] [EVENT] [cadence.virtuoso.ade.gui] - HistoryFinished {"history": "ExplorerRun.0", "point": 1, "testname": "my_lib_ota_amp_tb_1", "event": "HistoryFinished", "EventSource": "ADE GUI", "HistoryName": "ExplorerRun.0"}
[2026-04-19 09:47:10.890 +0700] [EVENT] [cadence.virtuoso.ade.gui] - NewHistoryCreated {"history": "ExplorerRun.0", "point": 1, "testname": "my_lib_ota_amp_tb_1", "event": "NewHistoryCreated", "EventSource": "ADE GUI", "HistoryName": "ExplorerRun.0", "WorkDir": "/home/dtvt_13/truong", "HistorySimDir": "/home/dtvt_13/simulation/my_lib/ota_amp_tb/maestro/results/maestro/ExplorerRun.0", "HistoryResultsDir": "/home/dtvt_13/truong/my_lib/ota_amp_tb/maestro/results/maestro"}
[2026-04-19 09:47:10.895 +0700] [PROCESS] [cadence.virtuoso.ade.gui] - History Setup {"hostname": "dtvt_13", "processid": 28387, "history": "ExplorerRun.0", "testname": "my_lib_ota_amp_tb_1", "point": 1, "logfile": "/home/dtvt_13/truong/logs_dtvt_13/logs0/virtuoso_ade_debug.log", "jobmode": "LSCS", "runmode": "Single Run, Sweeps and Corners", "lib": "my_lib", "cell": "ota_amp_tb", "view": "maestro", "icversion": "sub-version  IC6.1.8-64b.500.28 ", "runstart": "Sun Apr 19 09:47:10 2026\n", "timezonelocal": "+000", "spectreversion": "unknown", "jobpolicyname": "", "maxjobs": "unknown", "ncjobpolicyname": "", "ncmaxjobs": "unknown", "numtests": "1", "runfinished": "unknown", "runelapsed": "-1", "numcorners": "1"}
[2026-04-19 09:47:11.752 +0700] [INFO] [cadence.virtuoso.ade.gui] - Simulation will use spectre batch mode because the GCC version used by Spectre and Virtuoso are not compatible. {"history": "ExplorerRun.0", "point": 1, "testname": "my_lib_ota_amp_tb_1", "detailed_message": "", "message_id": "EXPLORER-5024"}
[2026-04-19 09:47:12.006 +0700] [EVENT] [cadence.virtuoso.ade.pointevaluator] - NewPoint {"history": "ExplorerRun.0", "point": 1, "testname": "my_lib_ota_amp_tb_1", "event": "NewPoint", "EventSource": "ADE GUI", "HistoryName": "ExplorerRun.0", "logFile": "/home/dtvt_13/truong/logs_dtvt_13/logs0/virtuoso_ade_debug.log", "logFileSize": "9781"}
[2026-04-19 09:47:12.007 +0700] [INFO] [cadence.virtuoso.ade.pointevaluator] - Started netlisting {"history": "ExplorerRun.0", "point": 1, "testname": "my_lib_ota_amp_tb_1"}
[2026-04-19 09:47:12.505 +0700] [INFO] [cadence.virtuoso.ade.pointevaluator] - Finished netlisting {"history": "ExplorerRun.0", "point": 1, "testname": "my_lib_ota_amp_tb_1"}
[2026-04-19 09:47:12.505 +0700] [INFO] [cadence.virtuoso.ade.pointevaluator] - Submitted {"history": "ExplorerRun.0", "point": 1, "testname": "my_lib_ota_amp_tb_1"}
[2026-04-19 09:47:41.080 +0700] [PROCESS] [cadence.virtuoso.ade.gui] - Netlist Service '30023' stopped with exit code '0' {"logfile": "/home/dtvt_13/truong/logs_dtvt_13/logs0/Service1.log"}
[2026-04-19 09:47:46.247 +0700] [PROCESS] [cadence.virtuoso.ade.gui] - ln: failed to create symbolic link '/home/dtvt_13/simulation/my_lib/ota_amp_tb/maestro/results/maestro/ExplorerRun.0/1/my_lib_ota_amp_tb_1/netlist/exprOutputs.log': File exists
 {"logfile": "/home/dtvt_13/truong/logs_dtvt_13/logs0/Job2.log"}
[2026-04-19 09:47:46.254 +0700] [PROCESS] [cadence.virtuoso.ade.gui] - ln: failed to create symbolic link '/home/dtvt_13/simulation/my_lib/ota_amp_tb/maestro/results/maestro/ExplorerRun.0/1/my_lib_ota_amp_tb_1/netlist/amps_evaluator.log': File exists
 {"logfile": "/home/dtvt_13/truong/logs_dtvt_13/logs0/Job2.log"}
[2026-04-19 09:47:47.381 +0700] [INFO] [cadence.virtuoso.ade.gui] - Point completed {"history": "ExplorerRun.0", "point": 1, "testname": "my_lib_ota_amp_tb_1"}
[2026-04-19 09:47:47.389 +0700] [EVENT] [cadence.virtuoso.ade.gui] - HistoryFinished {"history": "ExplorerRun.0", "point": 1, "testname": "my_lib_ota_amp_tb_1", "event": "HistoryFinished", "EventSource": "ADE GUI", "HistoryName": "ExplorerRun.0"}
[2026-04-19 09:53:07.748 +0700] [EVENT] [cadence.virtuoso.ade.gui] - NewHistoryCreated {"history": "ExplorerRun.0", "point": 1, "testname": "my_lib_ota_amp_tb_1", "event": "NewHistoryCreated", "EventSource": "ADE GUI", "HistoryName": "ExplorerRun.0", "WorkDir": "/home/dtvt_13/truong", "HistorySimDir": "/home/dtvt_13/simulation/my_lib/ota_amp_tb/maestro/results/maestro/ExplorerRun.0", "HistoryResultsDir": "/home/dtvt_13/truong/my_lib/ota_amp_tb/maestro/results/maestro"}
[2026-04-19 09:53:07.752 +0700] [PROCESS] [cadence.virtuoso.ade.gui] - History Setup {"hostname": "dtvt_13", "processid": 28387, "history": "ExplorerRun.0", "testname": "my_lib_ota_amp_tb_1", "point": 1, "logfile": "/home/dtvt_13/truong/logs_dtvt_13/logs0/virtuoso_ade_debug.log", "jobmode": "LSCS", "runmode": "Single Run, Sweeps and Corners", "lib": "my_lib", "cell": "ota_amp_tb", "view": "maestro", "icversion": "sub-version  IC6.1.8-64b.500.28 ", "runstart": "Sun Apr 19 09:53:07 2026\n", "timezonelocal": "+000", "spectreversion": "unknown", "jobpolicyname": "", "maxjobs": "unknown", "ncjobpolicyname": "", "ncmaxjobs": "unknown", "numtests": "1", "runfinished": "unknown", "runelapsed": "-1", "numcorners": "1"}
[2026-04-19 09:53:08.323 +0700] [INFO] [cadence.virtuoso.ade.gui] - Simulation will use spectre batch mode because the GCC version used by Spectre and Virtuoso are not compatible. {"history": "ExplorerRun.0", "point": 1, "testname": "my_lib_ota_amp_tb_1", "detailed_message": "", "message_id": "EXPLORER-5024"}
[2026-04-19 09:53:08.488 +0700] [EVENT] [cadence.virtuoso.ade.pointevaluator] - NewPoint {"history": "ExplorerRun.0", "point": 1, "testname": "my_lib_ota_amp_tb_1", "event": "NewPoint", "EventSource": "ADE GUI", "HistoryName": "ExplorerRun.0", "logFile": "/home/dtvt_13/truong/logs_dtvt_13/logs0/virtuoso_ade_debug.log", "logFileSize": "13370"}
[2026-04-19 09:53:08.488 +0700] [INFO] [cadence.virtuoso.ade.pointevaluator] - Started netlisting {"history": "ExplorerRun.0", "point": 1, "testname": "my_lib_ota_amp_tb_1"}
[2026-04-19 09:53:08.800 +0700] [INFO] [cadence.virtuoso.ade.pointevaluator] - Finished netlisting {"history": "ExplorerRun.0", "point": 1, "testname": "my_lib_ota_amp_tb_1"}
[2026-04-19 09:53:08.801 +0700] [INFO] [cadence.virtuoso.ade.pointevaluator] - Submitted {"history": "ExplorerRun.0", "point": 1, "testname": "my_lib_ota_amp_tb_1"}
[2026-04-19 09:53:13.300 +0700] [PROCESS] [cadence.virtuoso.ade.gui] - /home/dtvt_13/truong/.tmp_dtvt_13/.cmddir0/swiftJob3 is starting {"logfile": "/home/dtvt_13/truong/logs_dtvt_13/logs0/Job3.log"}
[2026-04-19 09:53:13.407 +0700] [PROCESS] [cadence.virtuoso.ade.gui] - Simulation Monitor process '2538' is starting up on host 'dtvt_13' {"logfile": "/home/dtvt_13/truong/logs_dtvt_13/logs0/Job3.log"}
[2026-04-19 09:53:35.585 +0700] [PROCESS] [cadence.virtuoso.ade.gui] - ln: failed to create symbolic link '/home/dtvt_13/simulation/my_lib/ota_amp_tb/maestro/results/maestro/ExplorerRun.0/1/my_lib_ota_amp_tb_1/netlist/exprOutputs.log': File exists
 {"logfile": "/home/dtvt_13/truong/logs_dtvt_13/logs0/Job3.log"}
[2026-04-19 09:53:35.590 +0700] [PROCESS] [cadence.virtuoso.ade.gui] - ln: failed to create symbolic link '/home/dtvt_13/simulation/my_lib/ota_amp_tb/maestro/results/maestro/ExplorerRun.0/1/my_lib_ota_amp_tb_1/netlist/amps_evaluator.log': File exists
 {"logfile": "/home/dtvt_13/truong/logs_dtvt_13/logs0/Job3.log"}
[2026-04-19 09:53:36.381 +0700] [INFO] [cadence.virtuoso.ade.gui] - Point completed {"history": "ExplorerRun.0", "point": 1, "testname": "my_lib_ota_amp_tb_1"}
[2026-04-19 09:53:36.393 +0700] [EVENT] [cadence.virtuoso.ade.gui] - HistoryFinished {"history": "ExplorerRun.0", "point": 1, "testname": "my_lib_ota_amp_tb_1", "event": "HistoryFinished", "EventSource": "ADE GUI", "HistoryName": "ExplorerRun.0"}
[2026-04-19 09:58:20.793 +0700] [EVENT] [cadence.virtuoso.ade.gui] - NewHistoryCreated {"history": "ExplorerRun.0", "point": 1, "testname": "my_lib_ota_amp_tb_1", "event": "NewHistoryCreated", "EventSource": "ADE GUI", "HistoryName": "ExplorerRun.0", "WorkDir": "/home/dtvt_13/truong", "HistorySimDir": "/home/dtvt_13/simulation/my_lib/ota_amp_tb/maestro/results/maestro/ExplorerRun.0", "HistoryResultsDir": "/home/dtvt_13/truong/my_lib/ota_amp_tb/maestro/results/maestro"}
[2026-04-19 09:58:20.796 +0700] [PROCESS] [cadence.virtuoso.ade.gui] - History Setup {"hostname": "dtvt_13", "processid": 28387, "history": "ExplorerRun.0", "testname": "my_lib_ota_amp_tb_1", "point": 1, "logfile": "/home/dtvt_13/truong/logs_dtvt_13/logs0/virtuoso_ade_debug.log", "jobmode": "LSCS", "runmode": "Single Run, Sweeps and Corners", "lib": "my_lib", "cell": "ota_amp_tb", "view": "maestro", "icversion": "sub-version  IC6.1.8-64b.500.28 ", "runstart": "Sun Apr 19 09:58:20 2026\n", "timezonelocal": "+000", "spectreversion": "unknown", "jobpolicyname": "", "maxjobs": "unknown", "ncjobpolicyname": "", "ncmaxjobs": "unknown", "numtests": "1", "runfinished": "unknown", "runelapsed": "-1", "numcorners": "1"}
[2026-04-19 09:58:21.438 +0700] [INFO] [cadence.virtuoso.ade.gui] - Simulation will use spectre batch mode because the GCC version used by Spectre and Virtuoso are not compatible. {"history": "ExplorerRun.0", "point": 1, "testname": "my_lib_ota_amp_tb_1", "detailed_message": "", "message_id": "EXPLORER-5024"}
[2026-04-19 09:58:21.539 +0700] [EVENT] [cadence.virtuoso.ade.pointevaluator] - NewPoint {"history": "ExplorerRun.0", "point": 1, "testname": "my_lib_ota_amp_tb_1", "event": "NewPoint", "EventSource": "ADE GUI", "HistoryName": "ExplorerRun.0", "logFile": "/home/dtvt_13/truong/logs_dtvt_13/logs0/virtuoso_ade_debug.log", "logFileSize": "17172"}
[2026-04-19 09:58:21.540 +0700] [INFO] [cadence.virtuoso.ade.pointevaluator] - Started netlisting {"history": "ExplorerRun.0", "point": 1, "testname": "my_lib_ota_amp_tb_1"}
[2026-04-19 09:58:21.905 +0700] [INFO] [cadence.virtuoso.ade.pointevaluator] - Finished netlisting {"history": "ExplorerRun.0", "point": 1, "testname": "my_lib_ota_amp_tb_1"}
[2026-04-19 09:58:21.905 +0700] [INFO] [cadence.virtuoso.ade.pointevaluator] - Submitted {"history": "ExplorerRun.0", "point": 1, "testname": "my_lib_ota_amp_tb_1"}
[2026-04-19 09:58:43.963 +0700] [PROCESS] [cadence.virtuoso.ade.gui] - ln: failed to create symbolic link '/home/dtvt_13/simulation/my_lib/ota_amp_tb/maestro/results/maestro/ExplorerRun.0/1/my_lib_ota_amp_tb_1/netlist/exprOutputs.log': File exists
 {"logfile": "/home/dtvt_13/truong/logs_dtvt_13/logs0/Job3.log"}
[2026-04-19 09:58:43.969 +0700] [PROCESS] [cadence.virtuoso.ade.gui] - ln: failed to create symbolic link '/home/dtvt_13/simulation/my_lib/ota_amp_tb/maestro/results/maestro/ExplorerRun.0/1/my_lib_ota_amp_tb_1/netlist/amps_evaluator.log': File exists
 {"logfile": "/home/dtvt_13/truong/logs_dtvt_13/logs0/Job3.log"}
[2026-04-19 09:58:45.377 +0700] [INFO] [cadence.virtuoso.ade.gui] - Point completed {"history": "ExplorerRun.0", "point": 1, "testname": "my_lib_ota_amp_tb_1"}
[2026-04-19 09:58:45.396 +0700] [EVENT] [cadence.virtuoso.ade.gui] - HistoryFinished {"history": "ExplorerRun.0", "point": 1, "testname": "my_lib_ota_amp_tb_1", "event": "HistoryFinished", "EventSource": "ADE GUI", "HistoryName": "ExplorerRun.0"}
[2026-04-19 09:59:19.873 +0700] [EVENT] [cadence.virtuoso.ade.gui] - NewHistoryCreated {"history": "ExplorerRun.0", "point": 1, "testname": "my_lib_ota_amp_tb_1", "event": "NewHistoryCreated", "EventSource": "ADE GUI", "HistoryName": "ExplorerRun.0", "WorkDir": "/home/dtvt_13/truong", "HistorySimDir": "/home/dtvt_13/simulation/my_lib/ota_amp_tb/maestro/results/maestro/ExplorerRun.0", "HistoryResultsDir": "/home/dtvt_13/truong/my_lib/ota_amp_tb/maestro/results/maestro"}
[2026-04-19 09:59:19.873 +0700] [PROCESS] [cadence.virtuoso.ade.gui] - History Setup {"hostname": "dtvt_13", "processid": 28387, "history": "ExplorerRun.0", "testname": "my_lib_ota_amp_tb_1", "point": 1, "logfile": "/home/dtvt_13/truong/logs_dtvt_13/logs0/virtuoso_ade_debug.log", "jobmode": "LSCS", "runmode": "Single Run, Sweeps and Corners", "lib": "my_lib", "cell": "ota_amp_tb", "view": "maestro", "icversion": "sub-version  IC6.1.8-64b.500.28 ", "runstart": "Sun Apr 19 09:59:19 2026\n", "timezonelocal": "+000", "spectreversion": "unknown", "jobpolicyname": "", "maxjobs": "unknown", "ncjobpolicyname": "", "ncmaxjobs": "unknown", "numtests": "1", "runfinished": "unknown", "runelapsed": "-1", "numcorners": "1"}
[2026-04-19 09:59:20.688 +0700] [INFO] [cadence.virtuoso.ade.gui] - Simulation will use spectre batch mode because the GCC version used by Spectre and Virtuoso are not compatible. {"history": "ExplorerRun.0", "point": 1, "testname": "my_lib_ota_amp_tb_1", "detailed_message": "", "message_id": "EXPLORER-5024"}
[2026-04-19 09:59:20.956 +0700] [EVENT] [cadence.virtuoso.ade.pointevaluator] - NewPoint {"history": "ExplorerRun.0", "point": 1, "testname": "my_lib_ota_amp_tb_1", "event": "NewPoint", "EventSource": "ADE GUI", "HistoryName": "ExplorerRun.0", "logFile": "/home/dtvt_13/truong/logs_dtvt_13/logs0/virtuoso_ade_debug.log", "logFileSize": "20572"}
[2026-04-19 09:59:20.957 +0700] [INFO] [cadence.virtuoso.ade.pointevaluator] - Started netlisting {"history": "ExplorerRun.0", "point": 1, "testname": "my_lib_ota_amp_tb_1"}
[2026-04-19 09:59:21.233 +0700] [INFO] [cadence.virtuoso.ade.pointevaluator] - Finished netlisting {"history": "ExplorerRun.0", "point": 1, "testname": "my_lib_ota_amp_tb_1"}
[2026-04-19 09:59:21.233 +0700] [INFO] [cadence.virtuoso.ade.pointevaluator] - Submitted {"history": "ExplorerRun.0", "point": 1, "testname": "my_lib_ota_amp_tb_1"}
[2026-04-19 09:59:42.858 +0700] [PROCESS] [cadence.virtuoso.ade.gui] - ln: failed to create symbolic link '/home/dtvt_13/simulation/my_lib/ota_amp_tb/maestro/results/maestro/ExplorerRun.0/1/my_lib_ota_amp_tb_1/netlist/exprOutputs.log': File exists
 {"logfile": "/home/dtvt_13/truong/logs_dtvt_13/logs0/Job3.log"}
[2026-04-19 09:59:42.864 +0700] [PROCESS] [cadence.virtuoso.ade.gui] - ln: failed to create symbolic link '/home/dtvt_13/simulation/my_lib/ota_amp_tb/maestro/results/maestro/ExplorerRun.0/1/my_lib_ota_amp_tb_1/netlist/amps_evaluator.log' {"logfile": "/home/dtvt_13/truong/logs_dtvt_13/logs0/Job3.log"}
[2026-04-19 09:59:42.864 +0700] [PROCESS] [cadence.virtuoso.ade.gui] - : File exists
 {"logfile": "/home/dtvt_13/truong/logs_dtvt_13/logs0/Job3.log"}
[2026-04-19 09:59:43.382 +0700] [INFO] [cadence.virtuoso.ade.gui] - Point completed {"history": "ExplorerRun.0", "point": 1, "testname": "my_lib_ota_amp_tb_1"}
[2026-04-19 09:59:43.393 +0700] [EVENT] [cadence.virtuoso.ade.gui] - HistoryFinished {"history": "ExplorerRun.0", "point": 1, "testname": "my_lib_ota_amp_tb_1", "event": "HistoryFinished", "EventSource": "ADE GUI", "HistoryName": "ExplorerRun.0"}
[2026-04-19 10:04:42.022 +0700] [EVENT] [cadence.virtuoso.ade.gui] - NewHistoryCreated {"history": "ExplorerRun.0", "point": 1, "testname": "my_lib_ota_amp_tb_1", "event": "NewHistoryCreated", "EventSource": "ADE GUI", "HistoryName": "ExplorerRun.0", "WorkDir": "/home/dtvt_13/truong", "HistorySimDir": "/home/dtvt_13/simulation/my_lib/ota_amp_tb/maestro/results/maestro/ExplorerRun.0", "HistoryResultsDir": "/home/dtvt_13/truong/my_lib/ota_amp_tb/maestro/results/maestro"}
[2026-04-19 10:04:42.025 +0700] [PROCESS] [cadence.virtuoso.ade.gui] - History Setup {"hostname": "dtvt_13", "processid": 28387, "history": "ExplorerRun.0", "testname": "my_lib_ota_amp_tb_1", "point": 1, "logfile": "/home/dtvt_13/truong/logs_dtvt_13/logs0/virtuoso_ade_debug.log", "jobmode": "LSCS", "runmode": "Single Run, Sweeps and Corners", "lib": "my_lib", "cell": "ota_amp_tb", "view": "maestro", "icversion": "sub-version  IC6.1.8-64b.500.28 ", "runstart": "Sun Apr 19 10:04:42 2026\n", "timezonelocal": "+000", "spectreversion": "unknown", "jobpolicyname": "", "maxjobs": "unknown", "ncjobpolicyname": "", "ncmaxjobs": "unknown", "numtests": "1", "runfinished": "unknown", "runelapsed": "-1", "numcorners": "1"}
[2026-04-19 10:04:42.599 +0700] [INFO] [cadence.virtuoso.ade.gui] - Simulation will use spectre batch mode because the GCC version used by Spectre and Virtuoso are not compatible. {"history": "ExplorerRun.0", "point": 1, "testname": "my_lib_ota_amp_tb_1", "detailed_message": "", "message_id": "EXPLORER-5024"}
[2026-04-19 10:04:42.778 +0700] [EVENT] [cadence.virtuoso.ade.pointevaluator] - NewPoint {"history": "ExplorerRun.0", "point": 1, "testname": "my_lib_ota_amp_tb_1", "event": "NewPoint", "EventSource": "ADE GUI", "HistoryName": "ExplorerRun.0", "logFile": "/home/dtvt_13/truong/logs_dtvt_13/logs0/virtuoso_ade_debug.log", "logFileSize": "24108"}
[2026-04-19 10:04:42.779 +0700] [INFO] [cadence.virtuoso.ade.pointevaluator] - Started netlisting {"history": "ExplorerRun.0", "point": 1, "testname": "my_lib_ota_amp_tb_1"}
[2026-04-19 10:04:43.114 +0700] [INFO] [cadence.virtuoso.ade.pointevaluator] - Finished netlisting {"history": "ExplorerRun.0", "point": 1, "testname": "my_lib_ota_amp_tb_1"}
[2026-04-19 10:04:43.115 +0700] [INFO] [cadence.virtuoso.ade.pointevaluator] - Submitted {"history": "ExplorerRun.0", "point": 1, "testname": "my_lib_ota_amp_tb_1"}
[2026-04-19 10:05:04.742 +0700] [PROCESS] [cadence.virtuoso.ade.gui] - ln: failed to create symbolic link '/home/dtvt_13/simulation/my_lib/ota_amp_tb/maestro/results/maestro/ExplorerRun.0/1/my_lib_ota_amp_tb_1/netlist/exprOutputs.log': File exists
 {"logfile": "/home/dtvt_13/truong/logs_dtvt_13/logs0/Job3.log"}
[2026-04-19 10:05:04.748 +0700] [PROCESS] [cadence.virtuoso.ade.gui] - ln: failed to create symbolic link '/home/dtvt_13/simulation/my_lib/ota_amp_tb/maestro/results/maestro/ExplorerRun.0/1/my_lib_ota_amp_tb_1/netlist/amps_evaluator.log': File exists {"logfile": "/home/dtvt_13/truong/logs_dtvt_13/logs0/Job3.log"}
[2026-04-19 10:05:04.748 +0700] [PROCESS] [cadence.virtuoso.ade.gui] - 
 {"logfile": "/home/dtvt_13/truong/logs_dtvt_13/logs0/Job3.log"}
[2026-04-19 10:05:06.378 +0700] [INFO] [cadence.virtuoso.ade.gui] - Point completed {"history": "ExplorerRun.0", "point": 1, "testname": "my_lib_ota_amp_tb_1"}
[2026-04-19 10:05:06.391 +0700] [EVENT] [cadence.virtuoso.ade.gui] - HistoryFinished {"history": "ExplorerRun.0", "point": 1, "testname": "my_lib_ota_amp_tb_1", "event": "HistoryFinished", "EventSource": "ADE GUI", "HistoryName": "ExplorerRun.0"}
[2026-04-19 10:05:46.985 +0700] [EVENT] [cadence.virtuoso.ade.gui] - NewHistoryCreated {"history": "ExplorerRun.0", "point": 1, "testname": "my_lib_ota_amp_tb_1", "event": "NewHistoryCreated", "EventSource": "ADE GUI", "HistoryName": "ExplorerRun.0", "WorkDir": "/home/dtvt_13/truong", "HistorySimDir": "/home/dtvt_13/simulation/my_lib/ota_amp_tb/maestro/results/maestro/ExplorerRun.0", "HistoryResultsDir": "/home/dtvt_13/truong/my_lib/ota_amp_tb/maestro/results/maestro"}
[2026-04-19 10:05:46.986 +0700] [PROCESS] [cadence.virtuoso.ade.gui] - History Setup {"hostname": "dtvt_13", "processid": 28387, "history": "ExplorerRun.0", "testname": "my_lib_ota_amp_tb_1", "point": 1, "logfile": "/home/dtvt_13/truong/logs_dtvt_13/logs0/virtuoso_ade_debug.log", "jobmode": "LSCS", "runmode": "Single Run, Sweeps and Corners", "lib": "my_lib", "cell": "ota_amp_tb", "view": "maestro", "icversion": "sub-version  IC6.1.8-64b.500.28 ", "runstart": "Sun Apr 19 10:05:46 2026\n", "timezonelocal": "+000", "spectreversion": "unknown", "jobpolicyname": "", "maxjobs": "unknown", "ncjobpolicyname": "", "ncmaxjobs": "unknown", "numtests": "1", "runfinished": "unknown", "runelapsed": "-1", "numcorners": "1"}
[2026-04-19 10:05:47.868 +0700] [INFO] [cadence.virtuoso.ade.gui] - Simulation will use spectre batch mode because the GCC version used by Spectre and Virtuoso are not compatible. {"history": "ExplorerRun.0", "point": 1, "testname": "my_lib_ota_amp_tb_1", "detailed_message": "", "message_id": "EXPLORER-5024"}
[2026-04-19 10:05:48.133 +0700] [EVENT] [cadence.virtuoso.ade.pointevaluator] - NewPoint {"history": "ExplorerRun.0", "point": 1, "testname": "my_lib_ota_amp_tb_1", "event": "NewPoint", "EventSource": "ADE GUI", "HistoryName": "ExplorerRun.0", "logFile": "/home/dtvt_13/truong/logs_dtvt_13/logs0/virtuoso_ade_debug.log", "logFileSize": "27644"}
[2026-04-19 10:05:48.133 +0700] [INFO] [cadence.virtuoso.ade.pointevaluator] - Started netlisting {"history": "ExplorerRun.0", "point": 1, "testname": "my_lib_ota_amp_tb_1"}
[2026-04-19 10:05:48.423 +0700] [INFO] [cadence.virtuoso.ade.pointevaluator] - Finished netlisting {"history": "ExplorerRun.0", "point": 1, "testname": "my_lib_ota_amp_tb_1"}
[2026-04-19 10:05:48.423 +0700] [INFO] [cadence.virtuoso.ade.pointevaluator] - Submitted {"history": "ExplorerRun.0", "point": 1, "testname": "my_lib_ota_amp_tb_1"}
[2026-04-19 10:06:10.005 +0700] [PROCESS] [cadence.virtuoso.ade.gui] - ln: failed to create symbolic link '/home/dtvt_13/simulation/my_lib/ota_amp_tb/maestro/results/maestro/ExplorerRun.0/1/my_lib_ota_amp_tb_1/netlist/exprOutputs.log': File exists
 {"logfile": "/home/dtvt_13/truong/logs_dtvt_13/logs0/Job3.log"}
[2026-04-19 10:06:10.011 +0700] [PROCESS] [cadence.virtuoso.ade.gui] - ln: failed to create symbolic link '/home/dtvt_13/simulation/my_lib/ota_amp_tb/maestro/results/maestro/ExplorerRun.0/1/my_lib_ota_amp_tb_1/netlist/amps_evaluator.log': File exists
 {"logfile": "/home/dtvt_13/truong/logs_dtvt_13/logs0/Job3.log"}
[2026-04-19 10:06:11.378 +0700] [INFO] [cadence.virtuoso.ade.gui] - Point completed {"history": "ExplorerRun.0", "point": 1, "testname": "my_lib_ota_amp_tb_1"}
[2026-04-19 10:06:11.396 +0700] [EVENT] [cadence.virtuoso.ade.gui] - HistoryFinished {"history": "ExplorerRun.0", "point": 1, "testname": "my_lib_ota_amp_tb_1", "event": "HistoryFinished", "EventSource": "ADE GUI", "HistoryName": "ExplorerRun.0"}
[2026-04-19 10:10:44.198 +0700] [EVENT] [cadence.virtuoso.ade.gui] - NewHistoryCreated {"history": "ExplorerRun.0", "point": 1, "testname": "my_lib_ota_amp_tb_1", "event": "NewHistoryCreated", "EventSource": "ADE GUI", "HistoryName": "ExplorerRun.0", "WorkDir": "/home/dtvt_13/truong", "HistorySimDir": "/home/dtvt_13/simulation/my_lib/ota_amp_tb/maestro/results/maestro/ExplorerRun.0", "HistoryResultsDir": "/home/dtvt_13/truong/my_lib/ota_amp_tb/maestro/results/maestro"}
[2026-04-19 10:10:44.201 +0700] [PROCESS] [cadence.virtuoso.ade.gui] - History Setup {"hostname": "dtvt_13", "processid": 28387, "history": "ExplorerRun.0", "testname": "my_lib_ota_amp_tb_1", "point": 1, "logfile": "/home/dtvt_13/truong/logs_dtvt_13/logs0/virtuoso_ade_debug.log", "jobmode": "LSCS", "runmode": "Single Run, Sweeps and Corners", "lib": "my_lib", "cell": "ota_amp_tb", "view": "maestro", "icversion": "sub-version  IC6.1.8-64b.500.28 ", "runstart": "Sun Apr 19 10:10:44 2026\n", "timezonelocal": "+000", "spectreversion": "unknown", "jobpolicyname": "", "maxjobs": "unknown", "ncjobpolicyname": "", "ncmaxjobs": "unknown", "numtests": "1", "runfinished": "unknown", "runelapsed": "-1", "numcorners": "1"}
[2026-04-19 10:10:44.882 +0700] [INFO] [cadence.virtuoso.ade.gui] - Simulation will use spectre batch mode because the GCC version used by Spectre and Virtuoso are not compatible. {"history": "ExplorerRun.0", "point": 1, "testname": "my_lib_ota_amp_tb_1", "detailed_message": "", "message_id": "EXPLORER-5024"}
[2026-04-19 10:10:45.065 +0700] [EVENT] [cadence.virtuoso.ade.pointevaluator] - NewPoint {"history": "ExplorerRun.0", "point": 1, "testname": "my_lib_ota_amp_tb_1", "event": "NewPoint", "EventSource": "ADE GUI", "HistoryName": "ExplorerRun.0", "logFile": "/home/dtvt_13/truong/logs_dtvt_13/logs0/virtuoso_ade_debug.log", "logFileSize": "31044"}
[2026-04-19 10:10:45.065 +0700] [INFO] [cadence.virtuoso.ade.pointevaluator] - Started netlisting {"history": "ExplorerRun.0", "point": 1, "testname": "my_lib_ota_amp_tb_1"}
[2026-04-19 10:10:45.364 +0700] [INFO] [cadence.virtuoso.ade.pointevaluator] - Finished netlisting {"history": "ExplorerRun.0", "point": 1, "testname": "my_lib_ota_amp_tb_1"}
[2026-04-19 10:10:45.364 +0700] [INFO] [cadence.virtuoso.ade.pointevaluator] - Submitted {"history": "ExplorerRun.0", "point": 1, "testname": "my_lib_ota_amp_tb_1"}
[2026-04-19 10:11:06.906 +0700] [PROCESS] [cadence.virtuoso.ade.gui] - ln: failed to create symbolic link '/home/dtvt_13/simulation/my_lib/ota_amp_tb/maestro/results/maestro/ExplorerRun.0/1/my_lib_ota_amp_tb_1/netlist/exprOutputs.log': File exists
 {"logfile": "/home/dtvt_13/truong/logs_dtvt_13/logs0/Job3.log"}
[2026-04-19 10:11:06.907 +0700] [PROCESS] [cadence.virtuoso.ade.gui] - ln: failed to create symbolic link '/home/dtvt_13/simulation/my_lib/ota_amp_tb/maestro/results/maestro/ExplorerRun.0/1/my_lib_ota_amp_tb_1/netlist/amps_evaluator.log': File exists {"logfile": "/home/dtvt_13/truong/logs_dtvt_13/logs0/Job3.log"}
[2026-04-19 10:11:06.907 +0700] [PROCESS] [cadence.virtuoso.ade.gui] - 
 {"logfile": "/home/dtvt_13/truong/logs_dtvt_13/logs0/Job3.log"}
[2026-04-19 10:11:08.378 +0700] [INFO] [cadence.virtuoso.ade.gui] - Point completed {"history": "ExplorerRun.0", "point": 1, "testname": "my_lib_ota_amp_tb_1"}
[2026-04-19 10:11:08.388 +0700] [EVENT] [cadence.virtuoso.ade.gui] - HistoryFinished {"history": "ExplorerRun.0", "point": 1, "testname": "my_lib_ota_amp_tb_1", "event": "HistoryFinished", "EventSource": "ADE GUI", "HistoryName": "ExplorerRun.0"}
[2026-04-19 10:11:37.101 +0700] [EVENT] [cadence.virtuoso.ade.gui] - NewHistoryCreated {"history": "ExplorerRun.0", "point": 1, "testname": "my_lib_ota_amp_tb_1", "event": "NewHistoryCreated", "EventSource": "ADE GUI", "HistoryName": "ExplorerRun.0", "WorkDir": "/home/dtvt_13/truong", "HistorySimDir": "/home/dtvt_13/simulation/my_lib/ota_amp_tb/maestro/results/maestro/ExplorerRun.0", "HistoryResultsDir": "/home/dtvt_13/truong/my_lib/ota_amp_tb/maestro/results/maestro"}
[2026-04-19 10:11:37.101 +0700] [PROCESS] [cadence.virtuoso.ade.gui] - History Setup {"hostname": "dtvt_13", "processid": 28387, "history": "ExplorerRun.0", "testname": "my_lib_ota_amp_tb_1", "point": 1, "logfile": "/home/dtvt_13/truong/logs_dtvt_13/logs0/virtuoso_ade_debug.log", "jobmode": "LSCS", "runmode": "Single Run, Sweeps and Corners", "lib": "my_lib", "cell": "ota_amp_tb", "view": "maestro", "icversion": "sub-version  IC6.1.8-64b.500.28 ", "runstart": "Sun Apr 19 10:11:37 2026\n", "timezonelocal": "+000", "spectreversion": "unknown", "jobpolicyname": "", "maxjobs": "unknown", "ncjobpolicyname": "", "ncmaxjobs": "unknown", "numtests": "1", "runfinished": "unknown", "runelapsed": "-1", "numcorners": "1"}
[2026-04-19 10:11:37.605 +0700] [INFO] [cadence.virtuoso.ade.gui] - Simulation will use spectre batch mode because the GCC version used by Spectre and Virtuoso are not compatible. {"history": "ExplorerRun.0", "point": 1, "testname": "my_lib_ota_amp_tb_1", "detailed_message": "", "message_id": "EXPLORER-5024"}
[2026-04-19 10:11:37.782 +0700] [EVENT] [cadence.virtuoso.ade.pointevaluator] - NewPoint {"history": "ExplorerRun.0", "point": 1, "testname": "my_lib_ota_amp_tb_1", "event": "NewPoint", "EventSource": "ADE GUI", "HistoryName": "ExplorerRun.0", "logFile": "/home/dtvt_13/truong/logs_dtvt_13/logs0/virtuoso_ade_debug.log", "logFileSize": "34580"}
[2026-04-19 10:11:37.782 +0700] [INFO] [cadence.virtuoso.ade.pointevaluator] - Started netlisting {"history": "ExplorerRun.0", "point": 1, "testname": "my_lib_ota_amp_tb_1"}
[2026-04-19 10:11:38.043 +0700] [INFO] [cadence.virtuoso.ade.pointevaluator] - Finished netlisting {"history": "ExplorerRun.0", "point": 1, "testname": "my_lib_ota_amp_tb_1"}
[2026-04-19 10:11:38.043 +0700] [INFO] [cadence.virtuoso.ade.pointevaluator] - Submitted {"history": "ExplorerRun.0", "point": 1, "testname": "my_lib_ota_amp_tb_1"}
[2026-04-19 10:11:59.550 +0700] [PROCESS] [cadence.virtuoso.ade.gui] - ln: failed to create symbolic link '/home/dtvt_13/simulation/my_lib/ota_amp_tb/maestro/results/maestro/ExplorerRun.0/1/my_lib_ota_amp_tb_1/netlist/exprOutputs.log': File exists
 {"logfile": "/home/dtvt_13/truong/logs_dtvt_13/logs0/Job3.log"}
[2026-04-19 10:11:59.555 +0700] [PROCESS] [cadence.virtuoso.ade.gui] - ln: failed to create symbolic link '/home/dtvt_13/simulation/my_lib/ota_amp_tb/maestro/results/maestro/ExplorerRun.0/1/my_lib_ota_amp_tb_1/netlist/amps_evaluator.log' {"logfile": "/home/dtvt_13/truong/logs_dtvt_13/logs0/Job3.log"}
[2026-04-19 10:11:59.556 +0700] [PROCESS] [cadence.virtuoso.ade.gui] - : File exists
 {"logfile": "/home/dtvt_13/truong/logs_dtvt_13/logs0/Job3.log"}
[2026-04-19 10:12:00.381 +0700] [INFO] [cadence.virtuoso.ade.gui] - Point completed {"history": "ExplorerRun.0", "point": 1, "testname": "my_lib_ota_amp_tb_1"}
[2026-04-19 10:12:00.392 +0700] [EVENT] [cadence.virtuoso.ade.gui] - HistoryFinished {"history": "ExplorerRun.0", "point": 1, "testname": "my_lib_ota_amp_tb_1", "event": "HistoryFinished", "EventSource": "ADE GUI", "HistoryName": "ExplorerRun.0"}
[2026-04-19 10:16:40.213 +0700] [EVENT] [cadence.virtuoso.ade.gui] - NewHistoryCreated {"history": "ExplorerRun.0", "point": 1, "testname": "my_lib_ota_amp_tb_1", "event": "NewHistoryCreated", "EventSource": "ADE GUI", "HistoryName": "ExplorerRun.0", "WorkDir": "/home/dtvt_13/truong", "HistorySimDir": "/home/dtvt_13/simulation/my_lib/ota_amp_tb/maestro/results/maestro/ExplorerRun.0", "HistoryResultsDir": "/home/dtvt_13/truong/my_lib/ota_amp_tb/maestro/results/maestro"}
[2026-04-19 10:16:40.215 +0700] [PROCESS] [cadence.virtuoso.ade.gui] - History Setup {"hostname": "dtvt_13", "processid": 28387, "history": "ExplorerRun.0", "testname": "my_lib_ota_amp_tb_1", "point": 1, "logfile": "/home/dtvt_13/truong/logs_dtvt_13/logs0/virtuoso_ade_debug.log", "jobmode": "LSCS", "runmode": "Single Run, Sweeps and Corners", "lib": "my_lib", "cell": "ota_amp_tb", "view": "maestro", "icversion": "sub-version  IC6.1.8-64b.500.28 ", "runstart": "Sun Apr 19 10:16:40 2026\n", "timezonelocal": "+000", "spectreversion": "unknown", "jobpolicyname": "", "maxjobs": "unknown", "ncjobpolicyname": "", "ncmaxjobs": "unknown", "numtests": "1", "runfinished": "unknown", "runelapsed": "-1", "numcorners": "1"}
[2026-04-19 10:16:41.148 +0700] [INFO] [cadence.virtuoso.ade.gui] - Simulation will use spectre batch mode because the GCC version used by Spectre and Virtuoso are not compatible. {"history": "ExplorerRun.0", "point": 1, "testname": "my_lib_ota_amp_tb_1", "detailed_message": "", "message_id": "EXPLORER-5024"}
[2026-04-19 10:16:41.435 +0700] [EVENT] [cadence.virtuoso.ade.pointevaluator] - NewPoint {"history": "ExplorerRun.0", "point": 1, "testname": "my_lib_ota_amp_tb_1", "event": "NewPoint", "EventSource": "ADE GUI", "HistoryName": "ExplorerRun.0", "logFile": "/home/dtvt_13/truong/logs_dtvt_13/logs0/virtuoso_ade_debug.log", "logFileSize": "38116"}
[2026-04-19 10:16:41.435 +0700] [INFO] [cadence.virtuoso.ade.pointevaluator] - Started netlisting {"history": "ExplorerRun.0", "point": 1, "testname": "my_lib_ota_amp_tb_1"}
[2026-04-19 10:16:41.725 +0700] [INFO] [cadence.virtuoso.ade.pointevaluator] - Finished netlisting {"history": "ExplorerRun.0", "point": 1, "testname": "my_lib_ota_amp_tb_1"}
[2026-04-19 10:16:41.725 +0700] [INFO] [cadence.virtuoso.ade.pointevaluator] - Submitted {"history": "ExplorerRun.0", "point": 1, "testname": "my_lib_ota_amp_tb_1"}
[2026-04-19 10:17:03.777 +0700] [PROCESS] [cadence.virtuoso.ade.gui] - ln: failed to create symbolic link '/home/dtvt_13/simulation/my_lib/ota_amp_tb/maestro/results/maestro/ExplorerRun.0/1/my_lib_ota_amp_tb_1/netlist/exprOutputs.log': File exists
 {"logfile": "/home/dtvt_13/truong/logs_dtvt_13/logs0/Job3.log"}
[2026-04-19 10:17:03.782 +0700] [PROCESS] [cadence.virtuoso.ade.gui] - ln: failed to create symbolic link '/home/dtvt_13/simulation/my_lib/ota_amp_tb/maestro/results/maestro/ExplorerRun.0/1/my_lib_ota_amp_tb_1/netlist/amps_evaluator.log': File exists
 {"logfile": "/home/dtvt_13/truong/logs_dtvt_13/logs0/Job3.log"}
[2026-04-19 10:17:04.376 +0700] [INFO] [cadence.virtuoso.ade.gui] - Point completed {"history": "ExplorerRun.0", "point": 1, "testname": "my_lib_ota_amp_tb_1"}
[2026-04-19 10:17:04.383 +0700] [EVENT] [cadence.virtuoso.ade.gui] - HistoryFinished {"history": "ExplorerRun.0", "point": 1, "testname": "my_lib_ota_amp_tb_1", "event": "HistoryFinished", "EventSource": "ADE GUI", "HistoryName": "ExplorerRun.0"}
[2026-04-19 10:21:39.913 +0700] [EVENT] [cadence.virtuoso.ade.gui] - NewHistoryCreated {"history": "ExplorerRun.0", "point": 1, "testname": "my_lib_ota_amp_tb_1", "event": "NewHistoryCreated", "EventSource": "ADE GUI", "HistoryName": "ExplorerRun.0", "WorkDir": "/home/dtvt_13/truong", "HistorySimDir": "/home/dtvt_13/simulation/my_lib/ota_amp_tb/maestro/results/maestro/ExplorerRun.0", "HistoryResultsDir": "/home/dtvt_13/truong/my_lib/ota_amp_tb/maestro/results/maestro"}
[2026-04-19 10:21:39.915 +0700] [PROCESS] [cadence.virtuoso.ade.gui] - History Setup {"hostname": "dtvt_13", "processid": 28387, "history": "ExplorerRun.0", "testname": "my_lib_ota_amp_tb_1", "point": 1, "logfile": "/home/dtvt_13/truong/logs_dtvt_13/logs0/virtuoso_ade_debug.log", "jobmode": "LSCS", "runmode": "Single Run, Sweeps and Corners", "lib": "my_lib", "cell": "ota_amp_tb", "view": "maestro", "icversion": "sub-version  IC6.1.8-64b.500.28 ", "runstart": "Sun Apr 19 10:21:39 2026\n", "timezonelocal": "+000", "spectreversion": "unknown", "jobpolicyname": "", "maxjobs": "unknown", "ncjobpolicyname": "", "ncmaxjobs": "unknown", "numtests": "1", "runfinished": "unknown", "runelapsed": "-1", "numcorners": "1"}
[2026-04-19 10:21:40.501 +0700] [INFO] [cadence.virtuoso.ade.gui] - Simulation will use spectre batch mode because the GCC version used by Spectre and Virtuoso are not compatible. {"history": "ExplorerRun.0", "point": 1, "testname": "my_lib_ota_amp_tb_1", "detailed_message": "", "message_id": "EXPLORER-5024"}
[2026-04-19 10:21:40.689 +0700] [EVENT] [cadence.virtuoso.ade.pointevaluator] - NewPoint {"history": "ExplorerRun.0", "point": 1, "testname": "my_lib_ota_amp_tb_1", "event": "NewPoint", "EventSource": "ADE GUI", "HistoryName": "ExplorerRun.0", "logFile": "/home/dtvt_13/truong/logs_dtvt_13/logs0/virtuoso_ade_debug.log", "logFileSize": "41516"}
[2026-04-19 10:21:40.690 +0700] [INFO] [cadence.virtuoso.ade.pointevaluator] - Started netlisting {"history": "ExplorerRun.0", "point": 1, "testname": "my_lib_ota_amp_tb_1"}
[2026-04-19 10:21:41.189 +0700] [INFO] [cadence.virtuoso.ade.pointevaluator] - Finished netlisting {"history": "ExplorerRun.0", "point": 1, "testname": "my_lib_ota_amp_tb_1"}
[2026-04-19 10:21:41.189 +0700] [INFO] [cadence.virtuoso.ade.pointevaluator] - Submitted {"history": "ExplorerRun.0", "point": 1, "testname": "my_lib_ota_amp_tb_1"}
[2026-04-19 10:22:03.208 +0700] [PROCESS] [cadence.virtuoso.ade.gui] - ln: failed to create symbolic link '/home/dtvt_13/simulation/my_lib/ota_amp_tb/maestro/results/maestro/ExplorerRun.0/1/my_lib_ota_amp_tb_1/netlist/exprOutputs.log': File exists
 {"logfile": "/home/dtvt_13/truong/logs_dtvt_13/logs0/Job3.log"}
[2026-04-19 10:22:03.214 +0700] [PROCESS] [cadence.virtuoso.ade.gui] - ln: failed to create symbolic link '/home/dtvt_13/simulation/my_lib/ota_amp_tb/maestro/results/maestro/ExplorerRun.0/1/my_lib_ota_amp_tb_1/netlist/amps_evaluator.log': File exists
 {"logfile": "/home/dtvt_13/truong/logs_dtvt_13/logs0/Job3.log"}
[2026-04-19 10:22:04.380 +0700] [INFO] [cadence.virtuoso.ade.gui] - Point completed {"history": "ExplorerRun.0", "point": 1, "testname": "my_lib_ota_amp_tb_1"}
[2026-04-19 10:22:04.393 +0700] [EVENT] [cadence.virtuoso.ade.gui] - HistoryFinished {"history": "ExplorerRun.0", "point": 1, "testname": "my_lib_ota_amp_tb_1", "event": "HistoryFinished", "EventSource": "ADE GUI", "HistoryName": "ExplorerRun.0"}
[2026-04-19 10:22:46.963 +0700] [EVENT] [cadence.virtuoso.ade.gui] - NewHistoryCreated {"history": "ExplorerRun.0", "point": 1, "testname": "my_lib_ota_amp_tb_1", "event": "NewHistoryCreated", "EventSource": "ADE GUI", "HistoryName": "ExplorerRun.0", "WorkDir": "/home/dtvt_13/truong", "HistorySimDir": "/home/dtvt_13/simulation/my_lib/ota_amp_tb/maestro/results/maestro/ExplorerRun.0", "HistoryResultsDir": "/home/dtvt_13/truong/my_lib/ota_amp_tb/maestro/results/maestro"}
[2026-04-19 10:22:46.965 +0700] [PROCESS] [cadence.virtuoso.ade.gui] - History Setup {"hostname": "dtvt_13", "processid": 28387, "history": "ExplorerRun.0", "testname": "my_lib_ota_amp_tb_1", "point": 1, "logfile": "/home/dtvt_13/truong/logs_dtvt_13/logs0/virtuoso_ade_debug.log", "jobmode": "LSCS", "runmode": "Single Run, Sweeps and Corners", "lib": "my_lib", "cell": "ota_amp_tb", "view": "maestro", "icversion": "sub-version  IC6.1.8-64b.500.28 ", "runstart": "Sun Apr 19 10:22:46 2026\n", "timezonelocal": "+000", "spectreversion": "unknown", "jobpolicyname": "", "maxjobs": "unknown", "ncjobpolicyname": "", "ncmaxjobs": "unknown", "numtests": "1", "runfinished": "unknown", "runelapsed": "-1", "numcorners": "1"}
[2026-04-19 10:22:47.484 +0700] [INFO] [cadence.virtuoso.ade.gui] - Simulation will use spectre batch mode because the GCC version used by Spectre and Virtuoso are not compatible. {"history": "ExplorerRun.0", "point": 1, "testname": "my_lib_ota_amp_tb_1", "detailed_message": "", "message_id": "EXPLORER-5024"}
[2026-04-19 10:22:47.677 +0700] [EVENT] [cadence.virtuoso.ade.pointevaluator] - NewPoint {"history": "ExplorerRun.0", "point": 1, "testname": "my_lib_ota_amp_tb_1", "event": "NewPoint", "EventSource": "ADE GUI", "HistoryName": "ExplorerRun.0", "logFile": "/home/dtvt_13/truong/logs_dtvt_13/logs0/virtuoso_ade_debug.log", "logFileSize": "44916"}
[2026-04-19 10:22:47.677 +0700] [INFO] [cadence.virtuoso.ade.pointevaluator] - Started netlisting {"history": "ExplorerRun.0", "point": 1, "testname": "my_lib_ota_amp_tb_1"}
[2026-04-19 10:22:47.965 +0700] [INFO] [cadence.virtuoso.ade.pointevaluator] - Finished netlisting {"history": "ExplorerRun.0", "point": 1, "testname": "my_lib_ota_amp_tb_1"}
[2026-04-19 10:22:47.966 +0700] [INFO] [cadence.virtuoso.ade.pointevaluator] - Submitted {"history": "ExplorerRun.0", "point": 1, "testname": "my_lib_ota_amp_tb_1"}
[2026-04-19 10:23:09.557 +0700] [PROCESS] [cadence.virtuoso.ade.gui] - ln: failed to create symbolic link '/home/dtvt_13/simulation/my_lib/ota_amp_tb/maestro/results/maestro/ExplorerRun.0/1/my_lib_ota_amp_tb_1/netlist/exprOutputs.log': File exists
 {"logfile": "/home/dtvt_13/truong/logs_dtvt_13/logs0/Job3.log"}
[2026-04-19 10:23:09.564 +0700] [PROCESS] [cadence.virtuoso.ade.gui] - ln: failed to create symbolic link '/home/dtvt_13/simulation/my_lib/ota_amp_tb/maestro/results/maestro/ExplorerRun.0/1/my_lib_ota_amp_tb_1/netlist/amps_evaluator.log': File exists
 {"logfile": "/home/dtvt_13/truong/logs_dtvt_13/logs0/Job3.log"}
[2026-04-19 10:23:10.381 +0700] [INFO] [cadence.virtuoso.ade.gui] - Point completed {"history": "ExplorerRun.0", "point": 1, "testname": "my_lib_ota_amp_tb_1"}
[2026-04-19 10:23:10.392 +0700] [EVENT] [cadence.virtuoso.ade.gui] - HistoryFinished {"history": "ExplorerRun.0", "point": 1, "testname": "my_lib_ota_amp_tb_1", "event": "HistoryFinished", "EventSource": "ADE GUI", "HistoryName": "ExplorerRun.0"}
[2026-04-19 10:23:50.372 +0700] [EVENT] [cadence.virtuoso.ade.gui] - NewHistoryCreated {"history": "ExplorerRun.0", "point": 1, "testname": "my_lib_ota_amp_tb_1", "event": "NewHistoryCreated", "EventSource": "ADE GUI", "HistoryName": "ExplorerRun.0", "WorkDir": "/home/dtvt_13/truong", "HistorySimDir": "/home/dtvt_13/simulation/my_lib/ota_amp_tb/maestro/results/maestro/ExplorerRun.0", "HistoryResultsDir": "/home/dtvt_13/truong/my_lib/ota_amp_tb/maestro/results/maestro"}
[2026-04-19 10:23:50.375 +0700] [PROCESS] [cadence.virtuoso.ade.gui] - History Setup {"hostname": "dtvt_13", "processid": 28387, "history": "ExplorerRun.0", "testname": "my_lib_ota_amp_tb_1", "point": 1, "logfile": "/home/dtvt_13/truong/logs_dtvt_13/logs0/virtuoso_ade_debug.log", "jobmode": "LSCS", "runmode": "Single Run, Sweeps and Corners", "lib": "my_lib", "cell": "ota_amp_tb", "view": "maestro", "icversion": "sub-version  IC6.1.8-64b.500.28 ", "runstart": "Sun Apr 19 10:23:50 2026\n", "timezonelocal": "+000", "spectreversion": "unknown", "jobpolicyname": "", "maxjobs": "unknown", "ncjobpolicyname": "", "ncmaxjobs": "unknown", "numtests": "1", "runfinished": "unknown", "runelapsed": "-1", "numcorners": "1"}
[2026-04-19 10:23:51.251 +0700] [INFO] [cadence.virtuoso.ade.gui] - Simulation will use spectre batch mode because the GCC version used by Spectre and Virtuoso are not compatible. {"history": "ExplorerRun.0", "point": 1, "testname": "my_lib_ota_amp_tb_1", "detailed_message": "", "message_id": "EXPLORER-5024"}
[2026-04-19 10:23:51.543 +0700] [EVENT] [cadence.virtuoso.ade.pointevaluator] - NewPoint {"history": "ExplorerRun.0", "point": 1, "testname": "my_lib_ota_amp_tb_1", "event": "NewPoint", "EventSource": "ADE GUI", "HistoryName": "ExplorerRun.0", "logFile": "/home/dtvt_13/truong/logs_dtvt_13/logs0/virtuoso_ade_debug.log", "logFileSize": "48316"}
[2026-04-19 10:23:51.543 +0700] [INFO] [cadence.virtuoso.ade.pointevaluator] - Started netlisting {"history": "ExplorerRun.0", "point": 1, "testname": "my_lib_ota_amp_tb_1"}
[2026-04-19 10:23:51.838 +0700] [INFO] [cadence.virtuoso.ade.pointevaluator] - Finished netlisting {"history": "ExplorerRun.0", "point": 1, "testname": "my_lib_ota_amp_tb_1"}
[2026-04-19 10:23:51.838 +0700] [INFO] [cadence.virtuoso.ade.pointevaluator] - Submitted {"history": "ExplorerRun.0", "point": 1, "testname": "my_lib_ota_amp_tb_1"}
[2026-04-19 10:24:13.862 +0700] [PROCESS] [cadence.virtuoso.ade.gui] - ln: failed to create symbolic link '/home/dtvt_13/simulation/my_lib/ota_amp_tb/maestro/results/maestro/ExplorerRun.0/1/my_lib_ota_amp_tb_1/netlist/exprOutputs.log': File exists
 {"logfile": "/home/dtvt_13/truong/logs_dtvt_13/logs0/Job3.log"}
[2026-04-19 10:24:13.868 +0700] [PROCESS] [cadence.virtuoso.ade.gui] - ln: failed to create symbolic link '/home/dtvt_13/simulation/my_lib/ota_amp_tb/maestro/results/maestro/ExplorerRun.0/1/my_lib_ota_amp_tb_1/netlist/amps_evaluator.log': File exists
 {"logfile": "/home/dtvt_13/truong/logs_dtvt_13/logs0/Job3.log"}
[2026-04-19 10:24:14.382 +0700] [INFO] [cadence.virtuoso.ade.gui] - Point completed {"history": "ExplorerRun.0", "point": 1, "testname": "my_lib_ota_amp_tb_1"}
[2026-04-19 10:24:14.393 +0700] [EVENT] [cadence.virtuoso.ade.gui] - HistoryFinished {"history": "ExplorerRun.0", "point": 1, "testname": "my_lib_ota_amp_tb_1", "event": "HistoryFinished", "EventSource": "ADE GUI", "HistoryName": "ExplorerRun.0"}
[2026-04-19 10:24:50.047 +0700] [EVENT] [cadence.virtuoso.ade.gui] - NewHistoryCreated {"history": "ExplorerRun.0", "point": 1, "testname": "my_lib_ota_amp_tb_1", "event": "NewHistoryCreated", "EventSource": "ADE GUI", "HistoryName": "ExplorerRun.0", "WorkDir": "/home/dtvt_13/truong", "HistorySimDir": "/home/dtvt_13/simulation/my_lib/ota_amp_tb/maestro/results/maestro/ExplorerRun.0", "HistoryResultsDir": "/home/dtvt_13/truong/my_lib/ota_amp_tb/maestro/results/maestro"}
[2026-04-19 10:24:50.048 +0700] [PROCESS] [cadence.virtuoso.ade.gui] - History Setup {"hostname": "dtvt_13", "processid": 28387, "history": "ExplorerRun.0", "testname": "my_lib_ota_amp_tb_1", "point": 1, "logfile": "/home/dtvt_13/truong/logs_dtvt_13/logs0/virtuoso_ade_debug.log", "jobmode": "LSCS", "runmode": "Single Run, Sweeps and Corners", "lib": "my_lib", "cell": "ota_amp_tb", "view": "maestro", "icversion": "sub-version  IC6.1.8-64b.500.28 ", "runstart": "Sun Apr 19 10:24:50 2026\n", "timezonelocal": "+000", "spectreversion": "unknown", "jobpolicyname": "", "maxjobs": "unknown", "ncjobpolicyname": "", "ncmaxjobs": "unknown", "numtests": "1", "runfinished": "unknown", "runelapsed": "-1", "numcorners": "1"}
[2026-04-19 10:24:50.552 +0700] [INFO] [cadence.virtuoso.ade.gui] - Simulation will use spectre batch mode because the GCC version used by Spectre and Virtuoso are not compatible. {"history": "ExplorerRun.0", "point": 1, "testname": "my_lib_ota_amp_tb_1", "detailed_message": "", "message_id": "EXPLORER-5024"}
[2026-04-19 10:24:50.747 +0700] [EVENT] [cadence.virtuoso.ade.pointevaluator] - NewPoint {"history": "ExplorerRun.0", "point": 1, "testname": "my_lib_ota_amp_tb_1", "event": "NewPoint", "EventSource": "ADE GUI", "HistoryName": "ExplorerRun.0", "logFile": "/home/dtvt_13/truong/logs_dtvt_13/logs0/virtuoso_ade_debug.log", "logFileSize": "51716"}
[2026-04-19 10:24:50.747 +0700] [INFO] [cadence.virtuoso.ade.pointevaluator] - Started netlisting {"history": "ExplorerRun.0", "point": 1, "testname": "my_lib_ota_amp_tb_1"}
[2026-04-19 10:24:51.047 +0700] [INFO] [cadence.virtuoso.ade.pointevaluator] - Finished netlisting {"history": "ExplorerRun.0", "point": 1, "testname": "my_lib_ota_amp_tb_1"}
[2026-04-19 10:24:51.047 +0700] [INFO] [cadence.virtuoso.ade.pointevaluator] - Submitted {"history": "ExplorerRun.0", "point": 1, "testname": "my_lib_ota_amp_tb_1"}
[2026-04-19 10:25:12.697 +0700] [PROCESS] [cadence.virtuoso.ade.gui] - ln: failed to create symbolic link '/home/dtvt_13/simulation/my_lib/ota_amp_tb/maestro/results/maestro/ExplorerRun.0/1/my_lib_ota_amp_tb_1/netlist/exprOutputs.log': File exists
 {"logfile": "/home/dtvt_13/truong/logs_dtvt_13/logs0/Job3.log"}
[2026-04-19 10:25:12.703 +0700] [PROCESS] [cadence.virtuoso.ade.gui] - ln: failed to create symbolic link '/home/dtvt_13/simulation/my_lib/ota_amp_tb/maestro/results/maestro/ExplorerRun.0/1/my_lib_ota_amp_tb_1/netlist/amps_evaluator.log': File exists
 {"logfile": "/home/dtvt_13/truong/logs_dtvt_13/logs0/Job3.log"}
[2026-04-19 10:25:13.381 +0700] [INFO] [cadence.virtuoso.ade.gui] - Point completed {"history": "ExplorerRun.0", "point": 1, "testname": "my_lib_ota_amp_tb_1"}
[2026-04-19 10:25:13.393 +0700] [EVENT] [cadence.virtuoso.ade.gui] - HistoryFinished {"history": "ExplorerRun.0", "point": 1, "testname": "my_lib_ota_amp_tb_1", "event": "HistoryFinished", "EventSource": "ADE GUI", "HistoryName": "ExplorerRun.0"}
[2026-04-19 10:26:30.075 +0700] [EVENT] [cadence.virtuoso.ade.gui] - NewHistoryCreated {"history": "ExplorerRun.0", "point": 1, "testname": "my_lib_ota_amp_tb_1", "event": "NewHistoryCreated", "EventSource": "ADE GUI", "HistoryName": "ExplorerRun.0", "WorkDir": "/home/dtvt_13/truong", "HistorySimDir": "/home/dtvt_13/simulation/my_lib/ota_amp_tb/maestro/results/maestro/ExplorerRun.0", "HistoryResultsDir": "/home/dtvt_13/truong/my_lib/ota_amp_tb/maestro/results/maestro"}
[2026-04-19 10:26:30.077 +0700] [PROCESS] [cadence.virtuoso.ade.gui] - History Setup {"hostname": "dtvt_13", "processid": 28387, "history": "ExplorerRun.0", "testname": "my_lib_ota_amp_tb_1", "point": 1, "logfile": "/home/dtvt_13/truong/logs_dtvt_13/logs0/virtuoso_ade_debug.log", "jobmode": "LSCS", "runmode": "Single Run, Sweeps and Corners", "lib": "my_lib", "cell": "ota_amp_tb", "view": "maestro", "icversion": "sub-version  IC6.1.8-64b.500.28 ", "runstart": "Sun Apr 19 10:26:30 2026\n", "timezonelocal": "+000", "spectreversion": "unknown", "jobpolicyname": "", "maxjobs": "unknown", "ncjobpolicyname": "", "ncmaxjobs": "unknown", "numtests": "1", "runfinished": "unknown", "runelapsed": "-1", "numcorners": "1"}
[2026-04-19 10:26:30.688 +0700] [INFO] [cadence.virtuoso.ade.gui] - Simulation will use spectre batch mode because the GCC version used by Spectre and Virtuoso are not compatible. {"history": "ExplorerRun.0", "point": 1, "testname": "my_lib_ota_amp_tb_1", "detailed_message": "", "message_id": "EXPLORER-5024"}
[2026-04-19 10:26:30.894 +0700] [EVENT] [cadence.virtuoso.ade.pointevaluator] - NewPoint {"history": "ExplorerRun.0", "point": 1, "testname": "my_lib_ota_amp_tb_1", "event": "NewPoint", "EventSource": "ADE GUI", "HistoryName": "ExplorerRun.0", "logFile": "/home/dtvt_13/truong/logs_dtvt_13/logs0/virtuoso_ade_debug.log", "logFileSize": "55116"}
[2026-04-19 10:26:30.895 +0700] [INFO] [cadence.virtuoso.ade.pointevaluator] - Started netlisting {"history": "ExplorerRun.0", "point": 1, "testname": "my_lib_ota_amp_tb_1"}
[2026-04-19 10:26:31.191 +0700] [INFO] [cadence.virtuoso.ade.pointevaluator] - Finished netlisting {"history": "ExplorerRun.0", "point": 1, "testname": "my_lib_ota_amp_tb_1"}
[2026-04-19 10:26:31.191 +0700] [INFO] [cadence.virtuoso.ade.pointevaluator] - Submitted {"history": "ExplorerRun.0", "point": 1, "testname": "my_lib_ota_amp_tb_1"}
[2026-04-19 10:26:53.349 +0700] [PROCESS] [cadence.virtuoso.ade.gui] - ln: failed to create symbolic link '/home/dtvt_13/simulation/my_lib/ota_amp_tb/maestro/results/maestro/ExplorerRun.0/1/my_lib_ota_amp_tb_1/netlist/exprOutputs.log': File exists
 {"logfile": "/home/dtvt_13/truong/logs_dtvt_13/logs0/Job3.log"}
[2026-04-19 10:26:53.355 +0700] [PROCESS] [cadence.virtuoso.ade.gui] - ln: failed to create symbolic link '/home/dtvt_13/simulation/my_lib/ota_amp_tb/maestro/results/maestro/ExplorerRun.0/1/my_lib_ota_amp_tb_1/netlist/amps_evaluator.log': File exists
 {"logfile": "/home/dtvt_13/truong/logs_dtvt_13/logs0/Job3.log"}
[2026-04-19 10:26:54.380 +0700] [INFO] [cadence.virtuoso.ade.gui] - Point completed {"history": "ExplorerRun.0", "point": 1, "testname": "my_lib_ota_amp_tb_1"}
[2026-04-19 10:26:54.392 +0700] [EVENT] [cadence.virtuoso.ade.gui] - HistoryFinished {"history": "ExplorerRun.0", "point": 1, "testname": "my_lib_ota_amp_tb_1", "event": "HistoryFinished", "EventSource": "ADE GUI", "HistoryName": "ExplorerRun.0"}
[2026-04-19 10:42:02.151 +0700] [PROCESS] [cadence.virtuoso.ade.gui] - Logging Service '29967' stopped with exit code '0' {"logfile": "/home/dtvt_13/truong/logs_dtvt_13/logs0/LoggingService0.log"}
[2026-04-19 10:50:39.470 +0700] [EVENT] [cadence.virtuoso.ade.gui] - NewHistoryCreated {"history": "ExplorerRun.0", "point": 1, "testname": "my_lib_ota_amp_tb_1", "event": "NewHistoryCreated", "EventSource": "ADE GUI", "HistoryName": "ExplorerRun.0", "WorkDir": "/home/dtvt_13/truong", "HistorySimDir": "/home/dtvt_13/simulation/my_lib/ota_amp_tb/maestro/results/maestro/ExplorerRun.0", "HistoryResultsDir": "/home/dtvt_13/truong/my_lib/ota_amp_tb/maestro/results/maestro"}
[2026-04-19 10:50:39.473 +0700] [PROCESS] [cadence.virtuoso.ade.gui] - History Setup {"hostname": "dtvt_13", "processid": 28387, "history": "ExplorerRun.0", "testname": "my_lib_ota_amp_tb_1", "point": 1, "logfile": "/home/dtvt_13/truong/logs_dtvt_13/logs0/virtuoso_ade_debug.log", "jobmode": "LSCS", "runmode": "Single Run, Sweeps and Corners", "lib": "my_lib", "cell": "ota_amp_tb", "view": "maestro", "icversion": "sub-version  IC6.1.8-64b.500.28 ", "runstart": "Sun Apr 19 10:50:39 2026\n", "timezonelocal": "+000", "spectreversion": "unknown", "jobpolicyname": "", "maxjobs": "unknown", "ncjobpolicyname": "", "ncmaxjobs": "unknown", "numtests": "1", "runfinished": "unknown", "runelapsed": "-1", "numcorners": "1"}
[2026-04-19 10:50:40.101 +0700] [INFO] [cadence.virtuoso.ade.gui] - Simulation will use spectre batch mode because the GCC version used by Spectre and Virtuoso are not compatible. {"history": "ExplorerRun.0", "point": 1, "testname": "my_lib_ota_amp_tb_1", "detailed_message": "", "message_id": "EXPLORER-5024"}
[2026-04-19 10:50:40.298 +0700] [EVENT] [cadence.virtuoso.ade.pointevaluator] - NewPoint {"history": "ExplorerRun.0", "point": 1, "testname": "my_lib_ota_amp_tb_1", "event": "NewPoint", "EventSource": "ADE GUI", "HistoryName": "ExplorerRun.0", "logFile": "/home/dtvt_13/truong/logs_dtvt_13/logs0/virtuoso_ade_debug.log", "logFileSize": "58713"}
[2026-04-19 10:50:40.298 +0700] [INFO] [cadence.virtuoso.ade.pointevaluator] - Started netlisting {"history": "ExplorerRun.0", "point": 1, "testname": "my_lib_ota_amp_tb_1"}
[2026-04-19 10:50:40.605 +0700] [INFO] [cadence.virtuoso.ade.pointevaluator] - Finished netlisting {"history": "ExplorerRun.0", "point": 1, "testname": "my_lib_ota_amp_tb_1"}
[2026-04-19 10:50:40.605 +0700] [INFO] [cadence.virtuoso.ade.pointevaluator] - Submitted {"history": "ExplorerRun.0", "point": 1, "testname": "my_lib_ota_amp_tb_1"}
[2026-04-19 10:50:44.621 +0700] [PROCESS] [cadence.virtuoso.ade.gui] - /home/dtvt_13/truong/.tmp_dtvt_13/.cmddir0/swiftLoggingService4 is starting {"logfile": "/home/dtvt_13/truong/logs_dtvt_13/logs0/LoggingService4.log"}
[2026-04-19 10:50:44.731 +0700] [PROCESS] [cadence.virtuoso.ade.gui] - /home/dtvt_13/truong/.tmp_dtvt_13/.cmddir0/swiftJob5 is starting {"logfile": "/home/dtvt_13/truong/logs_dtvt_13/logs0/Job5.log"}
[2026-04-19 10:50:44.731 +0700] [PROCESS] [cadence.virtuoso.ade.gui] - Logging Service '20780' is starting up on host 'dtvt_13' {"logfile": "/home/dtvt_13/truong/logs_dtvt_13/logs0/LoggingService4.log"}
[2026-04-19 10:50:44.834 +0700] [PROCESS] [cadence.virtuoso.ade.gui] - Simulation Monitor process '20834' is starting up on host 'dtvt_13' {"logfile": "/home/dtvt_13/truong/logs_dtvt_13/logs0/Job5.log"}
[2026-04-19 10:51:06.873 +0700] [PROCESS] [cadence.virtuoso.ade.gui] - ln: failed to create symbolic link '/home/dtvt_13/simulation/my_lib/ota_amp_tb/maestro/results/maestro/ExplorerRun.0/1/my_lib_ota_amp_tb_1/netlist/exprOutputs.log': File exists
 {"logfile": "/home/dtvt_13/truong/logs_dtvt_13/logs0/Job5.log"}
[2026-04-19 10:51:06.898 +0700] [PROCESS] [cadence.virtuoso.ade.gui] - ln: failed to create symbolic link '/home/dtvt_13/simulation/my_lib/ota_amp_tb/maestro/results/maestro/ExplorerRun.0/1/my_lib_ota_amp_tb_1/netlist/amps_evaluator.log': File exists
 {"logfile": "/home/dtvt_13/truong/logs_dtvt_13/logs0/Job5.log"}
[2026-04-19 10:51:07.376 +0700] [INFO] [cadence.virtuoso.ade.gui] - Point completed {"history": "ExplorerRun.0", "point": 1, "testname": "my_lib_ota_amp_tb_1"}
[2026-04-19 10:51:07.385 +0700] [EVENT] [cadence.virtuoso.ade.gui] - HistoryFinished {"history": "ExplorerRun.0", "point": 1, "testname": "my_lib_ota_amp_tb_1", "event": "HistoryFinished", "EventSource": "ADE GUI", "HistoryName": "ExplorerRun.0"}
[2026-04-19 10:51:42.497 +0700] [EVENT] [cadence.virtuoso.ade.gui] - NewHistoryCreated {"history": "ExplorerRun.0", "point": 1, "testname": "my_lib_ota_amp_tb_1", "event": "NewHistoryCreated", "EventSource": "ADE GUI", "HistoryName": "ExplorerRun.0", "WorkDir": "/home/dtvt_13/truong", "HistorySimDir": "/home/dtvt_13/simulation/my_lib/ota_amp_tb/maestro/results/maestro/ExplorerRun.0", "HistoryResultsDir": "/home/dtvt_13/truong/my_lib/ota_amp_tb/maestro/results/maestro"}
[2026-04-19 10:51:42.500 +0700] [PROCESS] [cadence.virtuoso.ade.gui] - History Setup {"hostname": "dtvt_13", "processid": 28387, "history": "ExplorerRun.0", "testname": "my_lib_ota_amp_tb_1", "point": 1, "logfile": "/home/dtvt_13/truong/logs_dtvt_13/logs0/virtuoso_ade_debug.log", "jobmode": "LSCS", "runmode": "Single Run, Sweeps and Corners", "lib": "my_lib", "cell": "ota_amp_tb", "view": "maestro", "icversion": "sub-version  IC6.1.8-64b.500.28 ", "runstart": "Sun Apr 19 10:51:42 2026\n", "timezonelocal": "+000", "spectreversion": "unknown", "jobpolicyname": "", "maxjobs": "unknown", "ncjobpolicyname": "", "ncmaxjobs": "unknown", "numtests": "1", "runfinished": "unknown", "runelapsed": "-1", "numcorners": "1"}
[2026-04-19 10:51:43.126 +0700] [INFO] [cadence.virtuoso.ade.gui] - Simulation will use spectre batch mode because the GCC version used by Spectre and Virtuoso are not compatible. {"history": "ExplorerRun.0", "point": 1, "testname": "my_lib_ota_amp_tb_1", "detailed_message": "", "message_id": "EXPLORER-5024"}
[2026-04-19 10:51:43.320 +0700] [EVENT] [cadence.virtuoso.ade.pointevaluator] - NewPoint {"history": "ExplorerRun.0", "point": 1, "testname": "my_lib_ota_amp_tb_1", "event": "NewPoint", "EventSource": "ADE GUI", "HistoryName": "ExplorerRun.0", "logFile": "/home/dtvt_13/truong/logs_dtvt_13/logs0/virtuoso_ade_debug.log", "logFileSize": "62941"}
[2026-04-19 10:51:43.320 +0700] [INFO] [cadence.virtuoso.ade.pointevaluator] - Started netlisting {"history": "ExplorerRun.0", "point": 1, "testname": "my_lib_ota_amp_tb_1"}
[2026-04-19 10:51:43.738 +0700] [INFO] [cadence.virtuoso.ade.pointevaluator] - Finished netlisting {"history": "ExplorerRun.0", "point": 1, "testname": "my_lib_ota_amp_tb_1"}
[2026-04-19 10:51:43.738 +0700] [INFO] [cadence.virtuoso.ade.pointevaluator] - Submitted {"history": "ExplorerRun.0", "point": 1, "testname": "my_lib_ota_amp_tb_1"}
[2026-04-19 10:52:05.828 +0700] [PROCESS] [cadence.virtuoso.ade.gui] - ln: failed to create symbolic link '/home/dtvt_13/simulation/my_lib/ota_amp_tb/maestro/results/maestro/ExplorerRun.0/1/my_lib_ota_amp_tb_1/netlist/exprOutputs.log': File exists
 {"logfile": "/home/dtvt_13/truong/logs_dtvt_13/logs0/Job5.log"}
[2026-04-19 10:52:05.834 +0700] [PROCESS] [cadence.virtuoso.ade.gui] - ln: failed to create symbolic link '/home/dtvt_13/simulation/my_lib/ota_amp_tb/maestro/results/maestro/ExplorerRun.0/1/my_lib_ota_amp_tb_1/netlist/amps_evaluator.log': File exists
 {"logfile": "/home/dtvt_13/truong/logs_dtvt_13/logs0/Job5.log"}
[2026-04-19 10:52:07.376 +0700] [INFO] [cadence.virtuoso.ade.gui] - Point completed {"history": "ExplorerRun.0", "point": 1, "testname": "my_lib_ota_amp_tb_1"}
[2026-04-19 10:52:07.386 +0700] [EVENT] [cadence.virtuoso.ade.gui] - HistoryFinished {"history": "ExplorerRun.0", "point": 1, "testname": "my_lib_ota_amp_tb_1", "event": "HistoryFinished", "EventSource": "ADE GUI", "HistoryName": "ExplorerRun.0"}
[2026-04-19 10:56:18.177 +0700] [EVENT] [cadence.virtuoso.ade.gui] - NewHistoryCreated {"history": "ExplorerRun.0", "point": 1, "testname": "my_lib_ota_amp_tb_1", "event": "NewHistoryCreated", "EventSource": "ADE GUI", "HistoryName": "ExplorerRun.0", "WorkDir": "/home/dtvt_13/truong", "HistorySimDir": "/home/dtvt_13/simulation/my_lib/ota_amp_tb/maestro/results/maestro/ExplorerRun.0", "HistoryResultsDir": "/home/dtvt_13/truong/my_lib/ota_amp_tb/maestro/results/maestro"}
[2026-04-19 10:56:18.179 +0700] [PROCESS] [cadence.virtuoso.ade.gui] - History Setup {"hostname": "dtvt_13", "processid": 28387, "history": "ExplorerRun.0", "testname": "my_lib_ota_amp_tb_1", "point": 1, "logfile": "/home/dtvt_13/truong/logs_dtvt_13/logs0/virtuoso_ade_debug.log", "jobmode": "LSCS", "runmode": "Single Run, Sweeps and Corners", "lib": "my_lib", "cell": "ota_amp_tb", "view": "maestro", "icversion": "sub-version  IC6.1.8-64b.500.28 ", "runstart": "Sun Apr 19 10:56:18 2026\n", "timezonelocal": "+000", "spectreversion": "unknown", "jobpolicyname": "", "maxjobs": "unknown", "ncjobpolicyname": "", "ncmaxjobs": "unknown", "numtests": "1", "runfinished": "unknown", "runelapsed": "-1", "numcorners": "1"}
[2026-04-19 10:56:19.101 +0700] [INFO] [cadence.virtuoso.ade.gui] - Simulation will use spectre batch mode because the GCC version used by Spectre and Virtuoso are not compatible. {"history": "ExplorerRun.0", "point": 1, "testname": "my_lib_ota_amp_tb_1", "detailed_message": "", "message_id": "EXPLORER-5024"}
[2026-04-19 10:56:19.384 +0700] [EVENT] [cadence.virtuoso.ade.pointevaluator] - NewPoint {"history": "ExplorerRun.0", "point": 1, "testname": "my_lib_ota_amp_tb_1", "event": "NewPoint", "EventSource": "ADE GUI", "HistoryName": "ExplorerRun.0", "logFile": "/home/dtvt_13/truong/logs_dtvt_13/logs0/virtuoso_ade_debug.log", "logFileSize": "66341"}
[2026-04-19 10:56:19.384 +0700] [INFO] [cadence.virtuoso.ade.pointevaluator] - Started netlisting {"history": "ExplorerRun.0", "point": 1, "testname": "my_lib_ota_amp_tb_1"}
[2026-04-19 10:56:19.682 +0700] [INFO] [cadence.virtuoso.ade.pointevaluator] - Finished netlisting {"history": "ExplorerRun.0", "point": 1, "testname": "my_lib_ota_amp_tb_1"}
[2026-04-19 10:56:19.682 +0700] [INFO] [cadence.virtuoso.ade.pointevaluator] - Submitted {"history": "ExplorerRun.0", "point": 1, "testname": "my_lib_ota_amp_tb_1"}
[2026-04-19 10:56:41.696 +0700] [PROCESS] [cadence.virtuoso.ade.gui] - ln: failed to create symbolic link '/home/dtvt_13/simulation/my_lib/ota_amp_tb/maestro/results/maestro/ExplorerRun.0/1/my_lib_ota_amp_tb_1/netlist/exprOutputs.log': File exists
 {"logfile": "/home/dtvt_13/truong/logs_dtvt_13/logs0/Job5.log"}
[2026-04-19 10:56:41.698 +0700] [PROCESS] [cadence.virtuoso.ade.gui] - ln: failed to create symbolic link '/home/dtvt_13/simulation/my_lib/ota_amp_tb/maestro/results/maestro/ExplorerRun.0/1/my_lib_ota_amp_tb_1/netlist/amps_evaluator.log': File exists
 {"logfile": "/home/dtvt_13/truong/logs_dtvt_13/logs0/Job5.log"}
[2026-04-19 10:56:42.376 +0700] [INFO] [cadence.virtuoso.ade.gui] - Point completed {"history": "ExplorerRun.0", "point": 1, "testname": "my_lib_ota_amp_tb_1"}
[2026-04-19 10:56:42.384 +0700] [EVENT] [cadence.virtuoso.ade.gui] - HistoryFinished {"history": "ExplorerRun.0", "point": 1, "testname": "my_lib_ota_amp_tb_1", "event": "HistoryFinished", "EventSource": "ADE GUI", "HistoryName": "ExplorerRun.0"}
[2026-04-19 10:57:28.335 +0700] [EVENT] [cadence.virtuoso.ade.gui] - NewHistoryCreated {"history": "ExplorerRun.0", "point": 1, "testname": "my_lib_ota_amp_tb_1", "event": "NewHistoryCreated", "EventSource": "ADE GUI", "HistoryName": "ExplorerRun.0", "WorkDir": "/home/dtvt_13/truong", "HistorySimDir": "/home/dtvt_13/simulation/my_lib/ota_amp_tb/maestro/results/maestro/ExplorerRun.0", "HistoryResultsDir": "/home/dtvt_13/truong/my_lib/ota_amp_tb/maestro/results/maestro"}
[2026-04-19 10:57:28.337 +0700] [PROCESS] [cadence.virtuoso.ade.gui] - History Setup {"hostname": "dtvt_13", "processid": 28387, "history": "ExplorerRun.0", "testname": "my_lib_ota_amp_tb_1", "point": 1, "logfile": "/home/dtvt_13/truong/logs_dtvt_13/logs0/virtuoso_ade_debug.log", "jobmode": "LSCS", "runmode": "Single Run, Sweeps and Corners", "lib": "my_lib", "cell": "ota_amp_tb", "view": "maestro", "icversion": "sub-version  IC6.1.8-64b.500.28 ", "runstart": "Sun Apr 19 10:57:28 2026\n", "timezonelocal": "+000", "spectreversion": "unknown", "jobpolicyname": "", "maxjobs": "unknown", "ncjobpolicyname": "", "ncmaxjobs": "unknown", "numtests": "1", "runfinished": "unknown", "runelapsed": "-1", "numcorners": "1"}
[2026-04-19 10:57:28.875 +0700] [INFO] [cadence.virtuoso.ade.gui] - Simulation will use spectre batch mode because the GCC version used by Spectre and Virtuoso are not compatible. {"history": "ExplorerRun.0", "point": 1, "testname": "my_lib_ota_amp_tb_1", "detailed_message": "", "message_id": "EXPLORER-5024"}
[2026-04-19 10:57:29.073 +0700] [EVENT] [cadence.virtuoso.ade.pointevaluator] - NewPoint {"history": "ExplorerRun.0", "point": 1, "testname": "my_lib_ota_amp_tb_1", "event": "NewPoint", "EventSource": "ADE GUI", "HistoryName": "ExplorerRun.0", "logFile": "/home/dtvt_13/truong/logs_dtvt_13/logs0/virtuoso_ade_debug.log", "logFileSize": "69741"}
[2026-04-19 10:57:29.074 +0700] [INFO] [cadence.virtuoso.ade.pointevaluator] - Started netlisting {"history": "ExplorerRun.0", "point": 1, "testname": "my_lib_ota_amp_tb_1"}
[2026-04-19 10:57:29.362 +0700] [INFO] [cadence.virtuoso.ade.pointevaluator] - Finished netlisting {"history": "ExplorerRun.0", "point": 1, "testname": "my_lib_ota_amp_tb_1"}
[2026-04-19 10:57:29.362 +0700] [INFO] [cadence.virtuoso.ade.pointevaluator] - Submitted {"history": "ExplorerRun.0", "point": 1, "testname": "my_lib_ota_amp_tb_1"}
[2026-04-19 10:57:40.803 +0700] [PROCESS] [cadence.virtuoso.ade.gui] - ln: failed to create symbolic link '/home/dtvt_13/simulation/my_lib/ota_amp_tb/maestro/results/maestro/ExplorerRun.0/1/my_lib_ota_amp_tb_1/netlist/exprOutputs.log': File exists
 {"logfile": "/home/dtvt_13/truong/logs_dtvt_13/logs0/Job5.log"}
[2026-04-19 10:57:40.805 +0700] [PROCESS] [cadence.virtuoso.ade.gui] - ln: failed to create symbolic link '/home/dtvt_13/simulation/my_lib/ota_amp_tb/maestro/results/maestro/ExplorerRun.0/1/my_lib_ota_amp_tb_1/netlist/amps_evaluator.log': File exists
 {"logfile": "/home/dtvt_13/truong/logs_dtvt_13/logs0/Job5.log"}
[2026-04-19 10:57:41.382 +0700] [INFO] [cadence.virtuoso.ade.gui] - Point completed {"history": "ExplorerRun.0", "point": 1, "testname": "my_lib_ota_amp_tb_1"}
[2026-04-19 10:57:41.402 +0700] [EVENT] [cadence.virtuoso.ade.gui] - HistoryFinished {"history": "ExplorerRun.0", "point": 1, "testname": "my_lib_ota_amp_tb_1", "event": "HistoryFinished", "EventSource": "ADE GUI", "HistoryName": "ExplorerRun.0"}
[2026-04-19 11:00:23.118 +0700] [EVENT] [cadence.virtuoso.ade.gui] - NewHistoryCreated {"history": "ExplorerRun.0", "point": 1, "testname": "my_lib_ota_amp_tb_1", "event": "NewHistoryCreated", "EventSource": "ADE GUI", "HistoryName": "ExplorerRun.0", "WorkDir": "/home/dtvt_13/truong", "HistorySimDir": "/home/dtvt_13/simulation/my_lib/ota_amp_tb/maestro/results/maestro/ExplorerRun.0", "HistoryResultsDir": "/home/dtvt_13/truong/my_lib/ota_amp_tb/maestro/results/maestro"}
[2026-04-19 11:00:23.121 +0700] [PROCESS] [cadence.virtuoso.ade.gui] - History Setup {"hostname": "dtvt_13", "processid": 28387, "history": "ExplorerRun.0", "testname": "my_lib_ota_amp_tb_1", "point": 1, "logfile": "/home/dtvt_13/truong/logs_dtvt_13/logs0/virtuoso_ade_debug.log", "jobmode": "LSCS", "runmode": "Single Run, Sweeps and Corners", "lib": "my_lib", "cell": "ota_amp_tb", "view": "maestro", "icversion": "sub-version  IC6.1.8-64b.500.28 ", "runstart": "Sun Apr 19 11:00:23 2026\n", "timezonelocal": "+000", "spectreversion": "unknown", "jobpolicyname": "", "maxjobs": "unknown", "ncjobpolicyname": "", "ncmaxjobs": "unknown", "numtests": "1", "runfinished": "unknown", "runelapsed": "-1", "numcorners": "1"}
[2026-04-19 11:00:23.733 +0700] [INFO] [cadence.virtuoso.ade.gui] - Simulation will use spectre batch mode because the GCC version used by Spectre and Virtuoso are not compatible. {"history": "ExplorerRun.0", "point": 1, "testname": "my_lib_ota_amp_tb_1", "detailed_message": "", "message_id": "EXPLORER-5024"}
[2026-04-19 11:00:23.928 +0700] [EVENT] [cadence.virtuoso.ade.pointevaluator] - NewPoint {"history": "ExplorerRun.0", "point": 1, "testname": "my_lib_ota_amp_tb_1", "event": "NewPoint", "EventSource": "ADE GUI", "HistoryName": "ExplorerRun.0", "logFile": "/home/dtvt_13/truong/logs_dtvt_13/logs0/virtuoso_ade_debug.log", "logFileSize": "73141"}
[2026-04-19 11:00:23.928 +0700] [INFO] [cadence.virtuoso.ade.pointevaluator] - Started netlisting {"history": "ExplorerRun.0", "point": 1, "testname": "my_lib_ota_amp_tb_1"}
[2026-04-19 11:00:24.236 +0700] [INFO] [cadence.virtuoso.ade.pointevaluator] - Finished netlisting {"history": "ExplorerRun.0", "point": 1, "testname": "my_lib_ota_amp_tb_1"}
[2026-04-19 11:00:24.236 +0700] [INFO] [cadence.virtuoso.ade.pointevaluator] - Submitted {"history": "ExplorerRun.0", "point": 1, "testname": "my_lib_ota_amp_tb_1"}
[2026-04-19 11:00:45.902 +0700] [PROCESS] [cadence.virtuoso.ade.gui] - ln: failed to create symbolic link '/home/dtvt_13/simulation/my_lib/ota_amp_tb/maestro/results/maestro/ExplorerRun.0/1/my_lib_ota_amp_tb_1/netlist/exprOutputs.log': File exists
 {"logfile": "/home/dtvt_13/truong/logs_dtvt_13/logs0/Job5.log"}
[2026-04-19 11:00:45.903 +0700] [PROCESS] [cadence.virtuoso.ade.gui] - ln: failed to create symbolic link '/home/dtvt_13/simulation/my_lib/ota_amp_tb/maestro/results/maestro/ExplorerRun.0/1/my_lib_ota_amp_tb_1/netlist/amps_evaluator.log': File exists
 {"logfile": "/home/dtvt_13/truong/logs_dtvt_13/logs0/Job5.log"}
[2026-04-19 11:00:46.376 +0700] [INFO] [cadence.virtuoso.ade.gui] - Point completed {"history": "ExplorerRun.0", "point": 1, "testname": "my_lib_ota_amp_tb_1"}
[2026-04-19 11:00:46.384 +0700] [EVENT] [cadence.virtuoso.ade.gui] - HistoryFinished {"history": "ExplorerRun.0", "point": 1, "testname": "my_lib_ota_amp_tb_1", "event": "HistoryFinished", "EventSource": "ADE GUI", "HistoryName": "ExplorerRun.0"}
[2026-04-19 11:01:52.247 +0700] [EVENT] [cadence.virtuoso.ade.gui] - NewHistoryCreated {"history": "ExplorerRun.0", "point": 1, "testname": "my_lib_ota_amp_tb_1", "event": "NewHistoryCreated", "EventSource": "ADE GUI", "HistoryName": "ExplorerRun.0", "WorkDir": "/home/dtvt_13/truong", "HistorySimDir": "/home/dtvt_13/simulation/my_lib/ota_amp_tb/maestro/results/maestro/ExplorerRun.0", "HistoryResultsDir": "/home/dtvt_13/truong/my_lib/ota_amp_tb/maestro/results/maestro"}
[2026-04-19 11:01:52.249 +0700] [PROCESS] [cadence.virtuoso.ade.gui] - History Setup {"hostname": "dtvt_13", "processid": 28387, "history": "ExplorerRun.0", "testname": "my_lib_ota_amp_tb_1", "point": 1, "logfile": "/home/dtvt_13/truong/logs_dtvt_13/logs0/virtuoso_ade_debug.log", "jobmode": "LSCS", "runmode": "Single Run, Sweeps and Corners", "lib": "my_lib", "cell": "ota_amp_tb", "view": "maestro", "icversion": "sub-version  IC6.1.8-64b.500.28 ", "runstart": "Sun Apr 19 11:01:52 2026\n", "timezonelocal": "+000", "spectreversion": "unknown", "jobpolicyname": "", "maxjobs": "unknown", "ncjobpolicyname": "", "ncmaxjobs": "unknown", "numtests": "1", "runfinished": "unknown", "runelapsed": "-1", "numcorners": "1"}
[2026-04-19 11:01:52.860 +0700] [INFO] [cadence.virtuoso.ade.gui] - Simulation will use spectre batch mode because the GCC version used by Spectre and Virtuoso are not compatible. {"history": "ExplorerRun.0", "point": 1, "testname": "my_lib_ota_amp_tb_1", "detailed_message": "", "message_id": "EXPLORER-5024"}
[2026-04-19 11:01:53.058 +0700] [EVENT] [cadence.virtuoso.ade.pointevaluator] - NewPoint {"history": "ExplorerRun.0", "point": 1, "testname": "my_lib_ota_amp_tb_1", "event": "NewPoint", "EventSource": "ADE GUI", "HistoryName": "ExplorerRun.0", "logFile": "/home/dtvt_13/truong/logs_dtvt_13/logs0/virtuoso_ade_debug.log", "logFileSize": "76541"}
[2026-04-19 11:01:53.059 +0700] [INFO] [cadence.virtuoso.ade.pointevaluator] - Started netlisting {"history": "ExplorerRun.0", "point": 1, "testname": "my_lib_ota_amp_tb_1"}
[2026-04-19 11:01:53.365 +0700] [INFO] [cadence.virtuoso.ade.pointevaluator] - Finished netlisting {"history": "ExplorerRun.0", "point": 1, "testname": "my_lib_ota_amp_tb_1"}
[2026-04-19 11:01:53.365 +0700] [INFO] [cadence.virtuoso.ade.pointevaluator] - Submitted {"history": "ExplorerRun.0", "point": 1, "testname": "my_lib_ota_amp_tb_1"}
[2026-04-19 11:02:14.903 +0700] [PROCESS] [cadence.virtuoso.ade.gui] - ln: failed to create symbolic link '/home/dtvt_13/simulation/my_lib/ota_amp_tb/maestro/results/maestro/ExplorerRun.0/1/my_lib_ota_amp_tb_1/netlist/exprOutputs.log': File exists
 {"logfile": "/home/dtvt_13/truong/logs_dtvt_13/logs0/Job5.log"}
[2026-04-19 11:02:14.906 +0700] [PROCESS] [cadence.virtuoso.ade.gui] - ln: failed to create symbolic link '/home/dtvt_13/simulation/my_lib/ota_amp_tb/maestro/results/maestro/ExplorerRun.0/1/my_lib_ota_amp_tb_1/netlist/amps_evaluator.log': File exists
 {"logfile": "/home/dtvt_13/truong/logs_dtvt_13/logs0/Job5.log"}
[2026-04-19 11:02:16.382 +0700] [INFO] [cadence.virtuoso.ade.gui] - Point completed {"history": "ExplorerRun.0", "point": 1, "testname": "my_lib_ota_amp_tb_1"}
[2026-04-19 11:02:16.401 +0700] [EVENT] [cadence.virtuoso.ade.gui] - HistoryFinished {"history": "ExplorerRun.0", "point": 1, "testname": "my_lib_ota_amp_tb_1", "event": "HistoryFinished", "EventSource": "ADE GUI", "HistoryName": "ExplorerRun.0"}
[2026-04-19 11:04:12.409 +0700] [EVENT] [cadence.virtuoso.ade.gui] - NewHistoryCreated {"history": "ExplorerRun.0", "point": 1, "testname": "my_lib_ota_amp_tb_1", "event": "NewHistoryCreated", "EventSource": "ADE GUI", "HistoryName": "ExplorerRun.0", "WorkDir": "/home/dtvt_13/truong", "HistorySimDir": "/home/dtvt_13/simulation/my_lib/ota_amp_tb/maestro/results/maestro/ExplorerRun.0", "HistoryResultsDir": "/home/dtvt_13/truong/my_lib/ota_amp_tb/maestro/results/maestro"}
[2026-04-19 11:04:12.412 +0700] [PROCESS] [cadence.virtuoso.ade.gui] - History Setup {"hostname": "dtvt_13", "processid": 28387, "history": "ExplorerRun.0", "testname": "my_lib_ota_amp_tb_1", "point": 1, "logfile": "/home/dtvt_13/truong/logs_dtvt_13/logs0/virtuoso_ade_debug.log", "jobmode": "LSCS", "runmode": "Single Run, Sweeps and Corners", "lib": "my_lib", "cell": "ota_amp_tb", "view": "maestro", "icversion": "sub-version  IC6.1.8-64b.500.28 ", "runstart": "Sun Apr 19 11:04:12 2026\n", "timezonelocal": "+000", "spectreversion": "unknown", "jobpolicyname": "", "maxjobs": "unknown", "ncjobpolicyname": "", "ncmaxjobs": "unknown", "numtests": "1", "runfinished": "unknown", "runelapsed": "-1", "numcorners": "1"}
[2026-04-19 11:04:13.333 +0700] [INFO] [cadence.virtuoso.ade.gui] - Simulation will use spectre batch mode because the GCC version used by Spectre and Virtuoso are not compatible. {"history": "ExplorerRun.0", "point": 1, "testname": "my_lib_ota_amp_tb_1", "detailed_message": "", "message_id": "EXPLORER-5024"}
[2026-04-19 11:04:13.631 +0700] [EVENT] [cadence.virtuoso.ade.pointevaluator] - NewPoint {"history": "ExplorerRun.0", "point": 1, "testname": "my_lib_ota_amp_tb_1", "event": "NewPoint", "EventSource": "ADE GUI", "HistoryName": "ExplorerRun.0", "logFile": "/home/dtvt_13/truong/logs_dtvt_13/logs0/virtuoso_ade_debug.log", "logFileSize": "79941"}
[2026-04-19 11:04:13.631 +0700] [INFO] [cadence.virtuoso.ade.pointevaluator] - Started netlisting {"history": "ExplorerRun.0", "point": 1, "testname": "my_lib_ota_amp_tb_1"}
[2026-04-19 11:04:13.858 +0700] [INFO] [cadence.virtuoso.ade.pointevaluator] - Finished netlisting {"history": "ExplorerRun.0", "point": 1, "testname": "my_lib_ota_amp_tb_1"}
[2026-04-19 11:04:13.858 +0700] [INFO] [cadence.virtuoso.ade.pointevaluator] - Submitted {"history": "ExplorerRun.0", "point": 1, "testname": "my_lib_ota_amp_tb_1"}
[2026-04-19 11:04:35.881 +0700] [PROCESS] [cadence.virtuoso.ade.gui] - ln: failed to create symbolic link '/home/dtvt_13/simulation/my_lib/ota_amp_tb/maestro/results/maestro/ExplorerRun.0/1/my_lib_ota_amp_tb_1/netlist/exprOutputs.log': File exists
 {"logfile": "/home/dtvt_13/truong/logs_dtvt_13/logs0/Job5.log"}
[2026-04-19 11:04:35.886 +0700] [PROCESS] [cadence.virtuoso.ade.gui] - ln: failed to create symbolic link '/home/dtvt_13/simulation/my_lib/ota_amp_tb/maestro/results/maestro/ExplorerRun.0/1/my_lib_ota_amp_tb_1/netlist/amps_evaluator.log': File exists
 {"logfile": "/home/dtvt_13/truong/logs_dtvt_13/logs0/Job5.log"}
[2026-04-19 11:04:37.378 +0700] [INFO] [cadence.virtuoso.ade.gui] - Point completed {"history": "ExplorerRun.0", "point": 1, "testname": "my_lib_ota_amp_tb_1"}
[2026-04-19 11:04:37.389 +0700] [EVENT] [cadence.virtuoso.ade.gui] - HistoryFinished {"history": "ExplorerRun.0", "point": 1, "testname": "my_lib_ota_amp_tb_1", "event": "HistoryFinished", "EventSource": "ADE GUI", "HistoryName": "ExplorerRun.0"}
[2026-04-19 11:05:11.399 +0700] [EVENT] [cadence.virtuoso.ade.gui] - NewHistoryCreated {"history": "ExplorerRun.0", "point": 1, "testname": "my_lib_ota_amp_tb_1", "event": "NewHistoryCreated", "EventSource": "ADE GUI", "HistoryName": "ExplorerRun.0", "WorkDir": "/home/dtvt_13/truong", "HistorySimDir": "/home/dtvt_13/simulation/my_lib/ota_amp_tb/maestro/results/maestro/ExplorerRun.0", "HistoryResultsDir": "/home/dtvt_13/truong/my_lib/ota_amp_tb/maestro/results/maestro"}
[2026-04-19 11:05:11.399 +0700] [PROCESS] [cadence.virtuoso.ade.gui] - History Setup {"hostname": "dtvt_13", "processid": 28387, "history": "ExplorerRun.0", "testname": "my_lib_ota_amp_tb_1", "point": 1, "logfile": "/home/dtvt_13/truong/logs_dtvt_13/logs0/virtuoso_ade_debug.log", "jobmode": "LSCS", "runmode": "Single Run, Sweeps and Corners", "lib": "my_lib", "cell": "ota_amp_tb", "view": "maestro", "icversion": "sub-version  IC6.1.8-64b.500.28 ", "runstart": "Sun Apr 19 11:05:11 2026\n", "timezonelocal": "+000", "spectreversion": "unknown", "jobpolicyname": "", "maxjobs": "unknown", "ncjobpolicyname": "", "ncmaxjobs": "unknown", "numtests": "1", "runfinished": "unknown", "runelapsed": "-1", "numcorners": "1"}
[2026-04-19 11:05:12.226 +0700] [INFO] [cadence.virtuoso.ade.gui] - Simulation will use spectre batch mode because the GCC version used by Spectre and Virtuoso are not compatible. {"history": "ExplorerRun.0", "point": 1, "testname": "my_lib_ota_amp_tb_1", "detailed_message": "", "message_id": "EXPLORER-5024"}
[2026-04-19 11:05:12.520 +0700] [EVENT] [cadence.virtuoso.ade.pointevaluator] - NewPoint {"history": "ExplorerRun.0", "point": 1, "testname": "my_lib_ota_amp_tb_1", "event": "NewPoint", "EventSource": "ADE GUI", "HistoryName": "ExplorerRun.0", "logFile": "/home/dtvt_13/truong/logs_dtvt_13/logs0/virtuoso_ade_debug.log", "logFileSize": "83341"}
[2026-04-19 11:05:12.520 +0700] [INFO] [cadence.virtuoso.ade.pointevaluator] - Started netlisting {"history": "ExplorerRun.0", "point": 1, "testname": "my_lib_ota_amp_tb_1"}
[2026-04-19 11:05:12.856 +0700] [INFO] [cadence.virtuoso.ade.pointevaluator] - Finished netlisting {"history": "ExplorerRun.0", "point": 1, "testname": "my_lib_ota_amp_tb_1"}
[2026-04-19 11:05:12.856 +0700] [INFO] [cadence.virtuoso.ade.pointevaluator] - Submitted {"history": "ExplorerRun.0", "point": 1, "testname": "my_lib_ota_amp_tb_1"}
[2026-04-19 11:05:34.879 +0700] [PROCESS] [cadence.virtuoso.ade.gui] - ln: failed to create symbolic link '/home/dtvt_13/simulation/my_lib/ota_amp_tb/maestro/results/maestro/ExplorerRun.0/1/my_lib_ota_amp_tb_1/netlist/exprOutputs.log': File exists
 {"logfile": "/home/dtvt_13/truong/logs_dtvt_13/logs0/Job5.log"}
[2026-04-19 11:05:34.885 +0700] [PROCESS] [cadence.virtuoso.ade.gui] - ln: failed to create symbolic link '/home/dtvt_13/simulation/my_lib/ota_amp_tb/maestro/results/maestro/ExplorerRun.0/1/my_lib_ota_amp_tb_1/netlist/amps_evaluator.log': File exists
 {"logfile": "/home/dtvt_13/truong/logs_dtvt_13/logs0/Job5.log"}
[2026-04-19 11:05:35.381 +0700] [INFO] [cadence.virtuoso.ade.gui] - Point completed {"history": "ExplorerRun.0", "point": 1, "testname": "my_lib_ota_amp_tb_1"}
[2026-04-19 11:05:35.389 +0700] [EVENT] [cadence.virtuoso.ade.gui] - HistoryFinished {"history": "ExplorerRun.0", "point": 1, "testname": "my_lib_ota_amp_tb_1", "event": "HistoryFinished", "EventSource": "ADE GUI", "HistoryName": "ExplorerRun.0"}
[2026-04-19 11:06:34.654 +0700] [EVENT] [cadence.virtuoso.ade.gui] - NewHistoryCreated {"history": "ExplorerRun.0", "point": 1, "testname": "my_lib_ota_amp_tb_1", "event": "NewHistoryCreated", "EventSource": "ADE GUI", "HistoryName": "ExplorerRun.0", "WorkDir": "/home/dtvt_13/truong", "HistorySimDir": "/home/dtvt_13/simulation/my_lib/ota_amp_tb/maestro/results/maestro/ExplorerRun.0", "HistoryResultsDir": "/home/dtvt_13/truong/my_lib/ota_amp_tb/maestro/results/maestro"}
[2026-04-19 11:06:34.654 +0700] [PROCESS] [cadence.virtuoso.ade.gui] - History Setup {"hostname": "dtvt_13", "processid": 28387, "history": "ExplorerRun.0", "testname": "my_lib_ota_amp_tb_1", "point": 1, "logfile": "/home/dtvt_13/truong/logs_dtvt_13/logs0/virtuoso_ade_debug.log", "jobmode": "LSCS", "runmode": "Single Run, Sweeps and Corners", "lib": "my_lib", "cell": "ota_amp_tb", "view": "maestro", "icversion": "sub-version  IC6.1.8-64b.500.28 ", "runstart": "Sun Apr 19 11:06:34 2026\n", "timezonelocal": "+000", "spectreversion": "unknown", "jobpolicyname": "", "maxjobs": "unknown", "ncjobpolicyname": "", "ncmaxjobs": "unknown", "numtests": "1", "runfinished": "unknown", "runelapsed": "-1", "numcorners": "1"}
[2026-04-19 11:06:35.589 +0700] [INFO] [cadence.virtuoso.ade.gui] - Simulation will use spectre batch mode because the GCC version used by Spectre and Virtuoso are not compatible. {"history": "ExplorerRun.0", "point": 1, "testname": "my_lib_ota_amp_tb_1", "detailed_message": "", "message_id": "EXPLORER-5024"}
[2026-04-19 11:06:35.589 +0700] [EVENT] [cadence.virtuoso.ade.pointevaluator] - NewPoint {"history": "ExplorerRun.0", "point": 1, "testname": "my_lib_ota_amp_tb_1", "event": "NewPoint", "EventSource": "ADE GUI", "HistoryName": "ExplorerRun.0", "logFile": "/home/dtvt_13/truong/logs_dtvt_13/logs0/virtuoso_ade_debug.log", "logFileSize": "86741"}
[2026-04-19 11:06:35.589 +0700] [INFO] [cadence.virtuoso.ade.pointevaluator] - Started netlisting {"history": "ExplorerRun.0", "point": 1, "testname": "my_lib_ota_amp_tb_1"}
[2026-04-19 11:06:36.377 +0700] [INFO] [cadence.virtuoso.ade.pointevaluator] - Finished netlisting {"history": "ExplorerRun.0", "point": 1, "testname": "my_lib_ota_amp_tb_1"}
[2026-04-19 11:06:36.377 +0700] [INFO] [cadence.virtuoso.ade.pointevaluator] - Submitted {"history": "ExplorerRun.0", "point": 1, "testname": "my_lib_ota_amp_tb_1"}
[2026-04-19 11:06:58.480 +0700] [PROCESS] [cadence.virtuoso.ade.gui] - ln: failed to create symbolic link '/home/dtvt_13/simulation/my_lib/ota_amp_tb/maestro/results/maestro/ExplorerRun.0/1/my_lib_ota_amp_tb_1/netlist/exprOutputs.log': File exists
 {"logfile": "/home/dtvt_13/truong/logs_dtvt_13/logs0/Job5.log"}
[2026-04-19 11:06:58.480 +0700] [PROCESS] [cadence.virtuoso.ade.gui] - ln: failed to create symbolic link '/home/dtvt_13/simulation/my_lib/ota_amp_tb/maestro/results/maestro/ExplorerRun.0/1/my_lib_ota_amp_tb_1/netlist/amps_evaluator.log': File exists
 {"logfile": "/home/dtvt_13/truong/logs_dtvt_13/logs0/Job5.log"}
[2026-04-19 11:06:59.382 +0700] [INFO] [cadence.virtuoso.ade.gui] - Point completed {"history": "ExplorerRun.0", "point": 1, "testname": "my_lib_ota_amp_tb_1"}
[2026-04-19 11:06:59.382 +0700] [EVENT] [cadence.virtuoso.ade.gui] - HistoryFinished {"history": "ExplorerRun.0", "point": 1, "testname": "my_lib_ota_amp_tb_1", "event": "HistoryFinished", "EventSource": "ADE GUI", "HistoryName": "ExplorerRun.0"}
[2026-04-19 11:10:09.699 +0700] [EVENT] [cadence.virtuoso.ade.gui] - NewHistoryCreated {"history": "ExplorerRun.0", "point": 1, "testname": "my_lib_ota_amp_tb_1", "event": "NewHistoryCreated", "EventSource": "ADE GUI", "HistoryName": "ExplorerRun.0", "WorkDir": "/home/dtvt_13/truong", "HistorySimDir": "/home/dtvt_13/simulation/my_lib/ota_amp_tb/maestro/results/maestro/ExplorerRun.0", "HistoryResultsDir": "/home/dtvt_13/truong/my_lib/ota_amp_tb/maestro/results/maestro"}
[2026-04-19 11:10:09.699 +0700] [PROCESS] [cadence.virtuoso.ade.gui] - History Setup {"hostname": "dtvt_13", "processid": 28387, "history": "ExplorerRun.0", "testname": "my_lib_ota_amp_tb_1", "point": 1, "logfile": "/home/dtvt_13/truong/logs_dtvt_13/logs0/virtuoso_ade_debug.log", "jobmode": "LSCS", "runmode": "Single Run, Sweeps and Corners", "lib": "my_lib", "cell": "ota_amp_tb", "view": "maestro", "icversion": "sub-version  IC6.1.8-64b.500.28 ", "runstart": "Sun Apr 19 11:10:09 2026\n", "timezonelocal": "+000", "spectreversion": "unknown", "jobpolicyname": "", "maxjobs": "unknown", "ncjobpolicyname": "", "ncmaxjobs": "unknown", "numtests": "1", "runfinished": "unknown", "runelapsed": "-1", "numcorners": "1"}
[2026-04-19 11:10:10.323 +0700] [INFO] [cadence.virtuoso.ade.gui] - Simulation will use spectre batch mode because the GCC version used by Spectre and Virtuoso are not compatible. {"history": "ExplorerRun.0", "point": 1, "testname": "my_lib_ota_amp_tb_1", "detailed_message": "", "message_id": "EXPLORER-5024"}
[2026-04-19 11:10:10.323 +0700] [EVENT] [cadence.virtuoso.ade.pointevaluator] - NewPoint {"history": "ExplorerRun.0", "point": 1, "testname": "my_lib_ota_amp_tb_1", "event": "NewPoint", "EventSource": "ADE GUI", "HistoryName": "ExplorerRun.0", "logFile": "/home/dtvt_13/truong/logs_dtvt_13/logs0/virtuoso_ade_debug.log", "logFileSize": "90141"}
[2026-04-19 11:10:10.323 +0700] [INFO] [cadence.virtuoso.ade.pointevaluator] - Started netlisting {"history": "ExplorerRun.0", "point": 1, "testname": "my_lib_ota_amp_tb_1"}
[2026-04-19 11:10:10.323 +0700] [INFO] [cadence.virtuoso.ade.pointevaluator] - Finished netlisting {"history": "ExplorerRun.0", "point": 1, "testname": "my_lib_ota_amp_tb_1"}
[2026-04-19 11:10:10.323 +0700] [INFO] [cadence.virtuoso.ade.pointevaluator] - Submitted {"history": "ExplorerRun.0", "point": 1, "testname": "my_lib_ota_amp_tb_1"}
[2026-04-19 11:10:32.911 +0700] [PROCESS] [cadence.virtuoso.ade.gui] - ln: failed to create symbolic link '/home/dtvt_13/simulation/my_lib/ota_amp_tb/maestro/results/maestro/ExplorerRun.0/1/my_lib_ota_amp_tb_1/netlist/exprOutputs.log': File exists
 {"logfile": "/home/dtvt_13/truong/logs_dtvt_13/logs0/Job5.log"}
[2026-04-19 11:10:32.911 +0700] [PROCESS] [cadence.virtuoso.ade.gui] - ln: failed to create symbolic link '/home/dtvt_13/simulation/my_lib/ota_amp_tb/maestro/results/maestro/ExplorerRun.0/1/my_lib_ota_amp_tb_1/netlist/amps_evaluator.log': File exists
 {"logfile": "/home/dtvt_13/truong/logs_dtvt_13/logs0/Job5.log"}
[2026-04-19 11:10:33.376 +0700] [INFO] [cadence.virtuoso.ade.gui] - Point completed {"history": "ExplorerRun.0", "point": 1, "testname": "my_lib_ota_amp_tb_1"}
[2026-04-19 11:10:33.376 +0700] [EVENT] [cadence.virtuoso.ade.gui] - HistoryFinished {"history": "ExplorerRun.0", "point": 1, "testname": "my_lib_ota_amp_tb_1", "event": "HistoryFinished", "EventSource": "ADE GUI", "HistoryName": "ExplorerRun.0"}
[2026-04-19 11:11:58.516 +0700] [EVENT] [cadence.virtuoso.ade.gui] - NewHistoryCreated {"history": "ExplorerRun.0", "point": 1, "testname": "my_lib_ota_amp_tb_1", "event": "NewHistoryCreated", "EventSource": "ADE GUI", "HistoryName": "ExplorerRun.0", "WorkDir": "/home/dtvt_13/truong", "HistorySimDir": "/home/dtvt_13/simulation/my_lib/ota_amp_tb/maestro/results/maestro/ExplorerRun.0", "HistoryResultsDir": "/home/dtvt_13/truong/my_lib/ota_amp_tb/maestro/results/maestro"}
[2026-04-19 11:11:58.516 +0700] [PROCESS] [cadence.virtuoso.ade.gui] - History Setup {"hostname": "dtvt_13", "processid": 28387, "history": "ExplorerRun.0", "testname": "my_lib_ota_amp_tb_1", "point": 1, "logfile": "/home/dtvt_13/truong/logs_dtvt_13/logs0/virtuoso_ade_debug.log", "jobmode": "LSCS", "runmode": "Single Run, Sweeps and Corners", "lib": "my_lib", "cell": "ota_amp_tb", "view": "maestro", "icversion": "sub-version  IC6.1.8-64b.500.28 ", "runstart": "Sun Apr 19 11:11:58 2026\n", "timezonelocal": "+000", "spectreversion": "unknown", "jobpolicyname": "", "maxjobs": "unknown", "ncjobpolicyname": "", "ncmaxjobs": "unknown", "numtests": "1", "runfinished": "unknown", "runelapsed": "-1", "numcorners": "1"}
[2026-04-19 11:11:59.141 +0700] [INFO] [cadence.virtuoso.ade.gui] - Simulation will use spectre batch mode because the GCC version used by Spectre and Virtuoso are not compatible. {"history": "ExplorerRun.0", "point": 1, "testname": "my_lib_ota_amp_tb_1", "detailed_message": "", "message_id": "EXPLORER-5024"}
[2026-04-19 11:11:59.141 +0700] [EVENT] [cadence.virtuoso.ade.pointevaluator] - NewPoint {"history": "ExplorerRun.0", "point": 1, "testname": "my_lib_ota_amp_tb_1", "event": "NewPoint", "EventSource": "ADE GUI", "HistoryName": "ExplorerRun.0", "logFile": "/home/dtvt_13/truong/logs_dtvt_13/logs0/virtuoso_ade_debug.log", "logFileSize": "93541"}
[2026-04-19 11:11:59.141 +0700] [INFO] [cadence.virtuoso.ade.pointevaluator] - Started netlisting {"history": "ExplorerRun.0", "point": 1, "testname": "my_lib_ota_amp_tb_1"}
[2026-04-19 11:11:59.141 +0700] [INFO] [cadence.virtuoso.ade.pointevaluator] - Finished netlisting {"history": "ExplorerRun.0", "point": 1, "testname": "my_lib_ota_amp_tb_1"}
[2026-04-19 11:11:59.141 +0700] [INFO] [cadence.virtuoso.ade.pointevaluator] - Submitted {"history": "ExplorerRun.0", "point": 1, "testname": "my_lib_ota_amp_tb_1"}
[2026-04-19 11:12:21.893 +0700] [PROCESS] [cadence.virtuoso.ade.gui] - ln: failed to create symbolic link '/home/dtvt_13/simulation/my_lib/ota_amp_tb/maestro/results/maestro/ExplorerRun.0/1/my_lib_ota_amp_tb_1/netlist/exprOutputs.log': File exists
 {"logfile": "/home/dtvt_13/truong/logs_dtvt_13/logs0/Job5.log"}
[2026-04-19 11:12:21.893 +0700] [PROCESS] [cadence.virtuoso.ade.gui] - ln: failed to create symbolic link '/home/dtvt_13/simulation/my_lib/ota_amp_tb/maestro/results/maestro/ExplorerRun.0/1/my_lib_ota_amp_tb_1/netlist/amps_evaluator.log': File exists
 {"logfile": "/home/dtvt_13/truong/logs_dtvt_13/logs0/Job5.log"}
[2026-04-19 11:12:22.376 +0700] [INFO] [cadence.virtuoso.ade.gui] - Point completed {"history": "ExplorerRun.0", "point": 1, "testname": "my_lib_ota_amp_tb_1"}
[2026-04-19 11:12:22.376 +0700] [EVENT] [cadence.virtuoso.ade.gui] - HistoryFinished {"history": "ExplorerRun.0", "point": 1, "testname": "my_lib_ota_amp_tb_1", "event": "HistoryFinished", "EventSource": "ADE GUI", "HistoryName": "ExplorerRun.0"}
[2026-04-19 11:14:52.145 +0700] [EVENT] [cadence.virtuoso.ade.gui] - NewHistoryCreated {"history": "ExplorerRun.0", "point": 1, "testname": "my_lib_ota_amp_tb_1", "event": "NewHistoryCreated", "EventSource": "ADE GUI", "HistoryName": "ExplorerRun.0", "WorkDir": "/home/dtvt_13/truong", "HistorySimDir": "/home/dtvt_13/simulation/my_lib/ota_amp_tb/maestro/results/maestro/ExplorerRun.0", "HistoryResultsDir": "/home/dtvt_13/truong/my_lib/ota_amp_tb/maestro/results/maestro"}
[2026-04-19 11:14:52.145 +0700] [PROCESS] [cadence.virtuoso.ade.gui] - History Setup {"hostname": "dtvt_13", "processid": 28387, "history": "ExplorerRun.0", "testname": "my_lib_ota_amp_tb_1", "point": 1, "logfile": "/home/dtvt_13/truong/logs_dtvt_13/logs0/virtuoso_ade_debug.log", "jobmode": "LSCS", "runmode": "Single Run, Sweeps and Corners", "lib": "my_lib", "cell": "ota_amp_tb", "view": "maestro", "icversion": "sub-version  IC6.1.8-64b.500.28 ", "runstart": "Sun Apr 19 11:14:52 2026\n", "timezonelocal": "+000", "spectreversion": "unknown", "jobpolicyname": "", "maxjobs": "unknown", "ncjobpolicyname": "", "ncmaxjobs": "unknown", "numtests": "1", "runfinished": "unknown", "runelapsed": "-1", "numcorners": "1"}
[2026-04-19 11:14:52.145 +0700] [INFO] [cadence.virtuoso.ade.gui] - Simulation will use spectre batch mode because the GCC version used by Spectre and Virtuoso are not compatible. {"history": "ExplorerRun.0", "point": 1, "testname": "my_lib_ota_amp_tb_1", "detailed_message": "", "message_id": "EXPLORER-5024"}
[2026-04-19 11:14:53.006 +0700] [EVENT] [cadence.virtuoso.ade.pointevaluator] - NewPoint {"history": "ExplorerRun.0", "point": 1, "testname": "my_lib_ota_amp_tb_1", "event": "NewPoint", "EventSource": "ADE GUI", "HistoryName": "ExplorerRun.0", "logFile": "/home/dtvt_13/truong/logs_dtvt_13/logs0/virtuoso_ade_debug.log", "logFileSize": "96941"}
[2026-04-19 11:14:53.006 +0700] [INFO] [cadence.virtuoso.ade.pointevaluator] - Started netlisting {"history": "ExplorerRun.0", "point": 1, "testname": "my_lib_ota_amp_tb_1"}
[2026-04-19 11:14:53.006 +0700] [INFO] [cadence.virtuoso.ade.pointevaluator] - Finished netlisting {"history": "ExplorerRun.0", "point": 1, "testname": "my_lib_ota_amp_tb_1"}
[2026-04-19 11:14:53.006 +0700] [INFO] [cadence.virtuoso.ade.pointevaluator] - Submitted {"history": "ExplorerRun.0", "point": 1, "testname": "my_lib_ota_amp_tb_1"}
[2026-04-19 11:15:15.005 +0700] [PROCESS] [cadence.virtuoso.ade.gui] - ln: failed to create symbolic link '/home/dtvt_13/simulation/my_lib/ota_amp_tb/maestro/results/maestro/ExplorerRun.0/1/my_lib_ota_amp_tb_1/netlist/exprOutputs.log': File exists
 {"logfile": "/home/dtvt_13/truong/logs_dtvt_13/logs0/Job5.log"}
[2026-04-19 11:15:15.005 +0700] [PROCESS] [cadence.virtuoso.ade.gui] - ln: failed to create symbolic link '/home/dtvt_13/simulation/my_lib/ota_amp_tb/maestro/results/maestro/ExplorerRun.0/1/my_lib_ota_amp_tb_1/netlist/amps_evaluator.log': File exists
 {"logfile": "/home/dtvt_13/truong/logs_dtvt_13/logs0/Job5.log"}
[2026-04-19 11:15:16.378 +0700] [INFO] [cadence.virtuoso.ade.gui] - Point completed {"history": "ExplorerRun.0", "point": 1, "testname": "my_lib_ota_amp_tb_1"}
[2026-04-19 11:15:16.378 +0700] [EVENT] [cadence.virtuoso.ade.gui] - HistoryFinished {"history": "ExplorerRun.0", "point": 1, "testname": "my_lib_ota_amp_tb_1", "event": "HistoryFinished", "EventSource": "ADE GUI", "HistoryName": "ExplorerRun.0"}
[2026-04-19 11:15:43.090 +0700] [EVENT] [cadence.virtuoso.ade.gui] - NewHistoryCreated {"history": "ExplorerRun.0", "point": 1, "testname": "my_lib_ota_amp_tb_1", "event": "NewHistoryCreated", "EventSource": "ADE GUI", "HistoryName": "ExplorerRun.0", "WorkDir": "/home/dtvt_13/truong", "HistorySimDir": "/home/dtvt_13/simulation/my_lib/ota_amp_tb/maestro/results/maestro/ExplorerRun.0", "HistoryResultsDir": "/home/dtvt_13/truong/my_lib/ota_amp_tb/maestro/results/maestro"}
[2026-04-19 11:15:43.090 +0700] [PROCESS] [cadence.virtuoso.ade.gui] - History Setup {"hostname": "dtvt_13", "processid": 28387, "history": "ExplorerRun.0", "testname": "my_lib_ota_amp_tb_1", "point": 1, "logfile": "/home/dtvt_13/truong/logs_dtvt_13/logs0/virtuoso_ade_debug.log", "jobmode": "LSCS", "runmode": "Single Run, Sweeps and Corners", "lib": "my_lib", "cell": "ota_amp_tb", "view": "maestro", "icversion": "sub-version  IC6.1.8-64b.500.28 ", "runstart": "Sun Apr 19 11:15:43 2026\n", "timezonelocal": "+000", "spectreversion": "unknown", "jobpolicyname": "", "maxjobs": "unknown", "ncjobpolicyname": "", "ncmaxjobs": "unknown", "numtests": "1", "runfinished": "unknown", "runelapsed": "-1", "numcorners": "1"}
[2026-04-19 11:15:43.090 +0700] [INFO] [cadence.virtuoso.ade.gui] - Simulation will use spectre batch mode because the GCC version used by Spectre and Virtuoso are not compatible. {"history": "ExplorerRun.0", "point": 1, "testname": "my_lib_ota_amp_tb_1", "detailed_message": "", "message_id": "EXPLORER-5024"}
[2026-04-19 11:15:43.090 +0700] [EVENT] [cadence.virtuoso.ade.pointevaluator] - NewPoint {"history": "ExplorerRun.0", "point": 1, "testname": "my_lib_ota_amp_tb_1", "event": "NewPoint", "EventSource": "ADE GUI", "HistoryName": "ExplorerRun.0", "logFile": "/home/dtvt_13/truong/logs_dtvt_13/logs0/virtuoso_ade_debug.log", "logFileSize": "100341"}
[2026-04-19 11:15:43.090 +0700] [INFO] [cadence.virtuoso.ade.pointevaluator] - Started netlisting {"history": "ExplorerRun.0", "point": 1, "testname": "my_lib_ota_amp_tb_1"}
[2026-04-19 11:15:44.175 +0700] [INFO] [cadence.virtuoso.ade.pointevaluator] - Finished netlisting {"history": "ExplorerRun.0", "point": 1, "testname": "my_lib_ota_amp_tb_1"}
[2026-04-19 11:15:44.175 +0700] [INFO] [cadence.virtuoso.ade.pointevaluator] - Submitted {"history": "ExplorerRun.0", "point": 1, "testname": "my_lib_ota_amp_tb_1"}
[2026-04-19 11:16:05.795 +0700] [PROCESS] [cadence.virtuoso.ade.gui] - ln: failed to create symbolic link '/home/dtvt_13/simulation/my_lib/ota_amp_tb/maestro/results/maestro/ExplorerRun.0/1/my_lib_ota_amp_tb_1/netlist/exprOutputs.log': File exists
 {"logfile": "/home/dtvt_13/truong/logs_dtvt_13/logs0/Job5.log"}
[2026-04-19 11:16:05.795 +0700] [PROCESS] [cadence.virtuoso.ade.gui] - ln: failed to create symbolic link '/home/dtvt_13/simulation/my_lib/ota_amp_tb/maestro/results/maestro/ExplorerRun.0/1/my_lib_ota_amp_tb_1/netlist/amps_evaluator.log': File exists
 {"logfile": "/home/dtvt_13/truong/logs_dtvt_13/logs0/Job5.log"}
[2026-04-19 11:16:06.380 +0700] [INFO] [cadence.virtuoso.ade.gui] - Point completed {"history": "ExplorerRun.0", "point": 1, "testname": "my_lib_ota_amp_tb_1"}
[2026-04-19 11:16:06.380 +0700] [EVENT] [cadence.virtuoso.ade.gui] - HistoryFinished {"history": "ExplorerRun.0", "point": 1, "testname": "my_lib_ota_amp_tb_1", "event": "HistoryFinished", "EventSource": "ADE GUI", "HistoryName": "ExplorerRun.0"}
[2026-04-19 11:31:14.912 +0700] [PROCESS] [cadence.virtuoso.ade.gui] - Logging Service '20780' stopped with exit code '0' {"logfile": "/home/dtvt_13/truong/logs_dtvt_13/logs0/LoggingService4.log"}
[2026-04-19 11:48:54.731 +0700] [EVENT] [cadence.virtuoso.ade.gui] - NewHistoryCreated {"history": "ExplorerRun.0", "point": 1, "testname": "my_lib_ota_amp_tb_1", "event": "NewHistoryCreated", "EventSource": "ADE GUI", "HistoryName": "ExplorerRun.0", "WorkDir": "/home/dtvt_13/truong", "HistorySimDir": "/home/dtvt_13/simulation/my_lib/ota_amp_tb/maestro/results/maestro/ExplorerRun.0", "HistoryResultsDir": "/home/dtvt_13/truong/my_lib/ota_amp_tb/maestro/results/maestro"}
[2026-04-19 11:48:54.731 +0700] [PROCESS] [cadence.virtuoso.ade.gui] - History Setup {"hostname": "dtvt_13", "processid": 28387, "history": "ExplorerRun.0", "testname": "my_lib_ota_amp_tb_1", "point": 1, "logfile": "/home/dtvt_13/truong/logs_dtvt_13/logs0/virtuoso_ade_debug.log", "jobmode": "LSCS", "runmode": "Single Run, Sweeps and Corners", "lib": "my_lib", "cell": "ota_amp_tb", "view": "maestro", "icversion": "sub-version  IC6.1.8-64b.500.28 ", "runstart": "Sun Apr 19 11:48:54 2026\n", "timezonelocal": "+000", "spectreversion": "unknown", "jobpolicyname": "", "maxjobs": "unknown", "ncjobpolicyname": "", "ncmaxjobs": "unknown", "numtests": "1", "runfinished": "unknown", "runelapsed": "-1", "numcorners": "1"}
[2026-04-19 11:48:55.362 +0700] [INFO] [cadence.virtuoso.ade.gui] - Simulation will use spectre batch mode because the GCC version used by Spectre and Virtuoso are not compatible. {"history": "ExplorerRun.0", "point": 1, "testname": "my_lib_ota_amp_tb_1", "detailed_message": "", "message_id": "EXPLORER-5024"}
[2026-04-19 11:48:55.362 +0700] [EVENT] [cadence.virtuoso.ade.pointevaluator] - NewPoint {"history": "ExplorerRun.0", "point": 1, "testname": "my_lib_ota_amp_tb_1", "event": "NewPoint", "EventSource": "ADE GUI", "HistoryName": "ExplorerRun.0", "logFile": "/home/dtvt_13/truong/logs_dtvt_13/logs0/virtuoso_ade_debug.log", "logFileSize": "103939"}
[2026-04-19 11:48:55.362 +0700] [INFO] [cadence.virtuoso.ade.pointevaluator] - Started netlisting {"history": "ExplorerRun.0", "point": 1, "testname": "my_lib_ota_amp_tb_1"}
[2026-04-19 11:48:56.061 +0700] [INFO] [cadence.virtuoso.ade.pointevaluator] - Finished netlisting {"history": "ExplorerRun.0", "point": 1, "testname": "my_lib_ota_amp_tb_1"}
[2026-04-19 11:48:56.061 +0700] [INFO] [cadence.virtuoso.ade.pointevaluator] - Submitted {"history": "ExplorerRun.0", "point": 1, "testname": "my_lib_ota_amp_tb_1"}
[2026-04-19 11:49:00.377 +0700] [PROCESS] [cadence.virtuoso.ade.gui] - /home/dtvt_13/truong/.tmp_dtvt_13/.cmddir0/swiftLoggingService6 is starting {"logfile": "/home/dtvt_13/truong/logs_dtvt_13/logs0/LoggingService6.log"}
[2026-04-19 11:49:00.377 +0700] [PROCESS] [cadence.virtuoso.ade.gui] - /home/dtvt_13/truong/.tmp_dtvt_13/.cmddir0/swiftJob7 is starting {"logfile": "/home/dtvt_13/truong/logs_dtvt_13/logs0/Job7.log1"}
[2026-04-19 11:49:00.377 +0700] [PROCESS] [cadence.virtuoso.ade.gui] - Logging Service '4230' is starting up on host 'dtvt_13' {"logfile": "/home/dtvt_13/truong/logs_dtvt_13/logs0/LoggingService6.log"}
[2026-04-19 11:49:00.377 +0700] [PROCESS] [cadence.virtuoso.ade.gui] - Simulation Monitor process '4284' is starting up on host 'dtvt_13' {"logfile": "/home/dtvt_13/truong/logs_dtvt_13/logs0/Job7.log1"}
[2026-04-19 11:49:22.029 +0700] [PROCESS] [cadence.virtuoso.ade.gui] - ln: failed to create symbolic link '/home/dtvt_13/simulation/my_lib/ota_amp_tb/maestro/results/maestro/ExplorerRun.0/1/my_lib_ota_amp_tb_1/netlist/exprOutputs.log': File exists
 {"logfile": "/home/dtvt_13/truong/logs_dtvt_13/logs0/Job7.log1"}
[2026-04-19 11:49:22.029 +0700] [PROCESS] [cadence.virtuoso.ade.gui] - ln: failed to create symbolic link '/home/dtvt_13/simulation/my_lib/ota_amp_tb/maestro/results/maestro/ExplorerRun.0/1/my_lib_ota_amp_tb_1/netlist/amps_evaluator.log' {"logfile": "/home/dtvt_13/truong/logs_dtvt_13/logs0/Job7.log1"}
[2026-04-19 11:49:22.029 +0700] [PROCESS] [cadence.virtuoso.ade.gui] - : File exists
 {"logfile": "/home/dtvt_13/truong/logs_dtvt_13/logs0/Job7.log1"}
[2026-04-19 11:49:23.379 +0700] [INFO] [cadence.virtuoso.ade.gui] - Point completed {"history": "ExplorerRun.0", "point": 1, "testname": "my_lib_ota_amp_tb_1"}
[2026-04-19 11:49:23.379 +0700] [EVENT] [cadence.virtuoso.ade.gui] - HistoryFinished {"history": "ExplorerRun.0", "point": 1, "testname": "my_lib_ota_amp_tb_1", "event": "HistoryFinished", "EventSource": "ADE GUI", "HistoryName": "ExplorerRun.0"}
[2026-04-19 11:50:03.759 +0700] [EVENT] [cadence.virtuoso.ade.gui] - NewHistoryCreated {"history": "ExplorerRun.0", "point": 1, "testname": "my_lib_ota_amp_tb_1", "event": "NewHistoryCreated", "EventSource": "ADE GUI", "HistoryName": "ExplorerRun.0", "WorkDir": "/home/dtvt_13/truong", "HistorySimDir": "/home/dtvt_13/simulation/my_lib/ota_amp_tb/maestro/results/maestro/ExplorerRun.0", "HistoryResultsDir": "/home/dtvt_13/truong/my_lib/ota_amp_tb/maestro/results/maestro"}
[2026-04-19 11:50:03.759 +0700] [PROCESS] [cadence.virtuoso.ade.gui] - History Setup {"hostname": "dtvt_13", "processid": 28387, "history": "ExplorerRun.0", "testname": "my_lib_ota_amp_tb_1", "point": 1, "logfile": "/home/dtvt_13/truong/logs_dtvt_13/logs0/virtuoso_ade_debug.log", "jobmode": "LSCS", "runmode": "Single Run, Sweeps and Corners", "lib": "my_lib", "cell": "ota_amp_tb", "view": "maestro", "icversion": "sub-version  IC6.1.8-64b.500.28 ", "runstart": "Sun Apr 19 11:50:03 2026\n", "timezonelocal": "+000", "spectreversion": "unknown", "jobpolicyname": "", "maxjobs": "unknown", "ncjobpolicyname": "", "ncmaxjobs": "unknown", "numtests": "1", "runfinished": "unknown", "runelapsed": "-1", "numcorners": "1"}
[2026-04-19 11:50:04.722 +0700] [INFO] [cadence.virtuoso.ade.gui] - Simulation will use spectre batch mode because the GCC version used by Spectre and Virtuoso are not compatible. {"history": "ExplorerRun.0", "point": 1, "testname": "my_lib_ota_amp_tb_1", "detailed_message": "", "message_id": "EXPLORER-5024"}
[2026-04-19 11:50:05.036 +0700] [EVENT] [cadence.virtuoso.ade.pointevaluator] - NewPoint {"history": "ExplorerRun.0", "point": 1, "testname": "my_lib_ota_amp_tb_1", "event": "NewPoint", "EventSource": "ADE GUI", "HistoryName": "ExplorerRun.0", "logFile": "/home/dtvt_13/truong/logs_dtvt_13/logs0/virtuoso_ade_debug.log", "logFileSize": "108307"}
[2026-04-19 11:50:05.036 +0700] [INFO] [cadence.virtuoso.ade.pointevaluator] - Started netlisting {"history": "ExplorerRun.0", "point": 1, "testname": "my_lib_ota_amp_tb_1"}
[2026-04-19 11:50:05.036 +0700] [INFO] [cadence.virtuoso.ade.pointevaluator] - Finished netlisting {"history": "ExplorerRun.0", "point": 1, "testname": "my_lib_ota_amp_tb_1"}
[2026-04-19 11:50:05.036 +0700] [INFO] [cadence.virtuoso.ade.pointevaluator] - Submitted {"history": "ExplorerRun.0", "point": 1, "testname": "my_lib_ota_amp_tb_1"}
[2026-04-19 11:50:26.944 +0700] [PROCESS] [cadence.virtuoso.ade.gui] - ln: failed to create symbolic link '/home/dtvt_13/simulation/my_lib/ota_amp_tb/maestro/results/maestro/ExplorerRun.0/1/my_lib_ota_amp_tb_1/netlist/exprOutputs.log': File exists
 {"logfile": "/home/dtvt_13/truong/logs_dtvt_13/logs0/Job7.log1"}
[2026-04-19 11:50:26.944 +0700] [PROCESS] [cadence.virtuoso.ade.gui] - ln: failed to create symbolic link '/home/dtvt_13/simulation/my_lib/ota_amp_tb/maestro/results/maestro/ExplorerRun.0/1/my_lib_ota_amp_tb_1/netlist/amps_evaluator.log': File exists
 {"logfile": "/home/dtvt_13/truong/logs_dtvt_13/logs0/Job7.log1"}
[2026-04-19 11:50:28.378 +0700] [INFO] [cadence.virtuoso.ade.gui] - Point completed {"history": "ExplorerRun.0", "point": 1, "testname": "my_lib_ota_amp_tb_1"}
[2026-04-19 11:50:28.378 +0700] [EVENT] [cadence.virtuoso.ade.gui] - HistoryFinished {"history": "ExplorerRun.0", "point": 1, "testname": "my_lib_ota_amp_tb_1", "event": "HistoryFinished", "EventSource": "ADE GUI", "HistoryName": "ExplorerRun.0"}
[2026-04-19 11:54:12.521 +0700] [EVENT] [cadence.virtuoso.ade.gui] - NewHistoryCreated {"history": "ExplorerRun.0", "point": 1, "testname": "my_lib_ota_amp_tb_1", "event": "NewHistoryCreated", "EventSource": "ADE GUI", "HistoryName": "ExplorerRun.0", "WorkDir": "/home/dtvt_13/truong", "HistorySimDir": "/home/dtvt_13/simulation/my_lib/ota_amp_tb/maestro/results/maestro/ExplorerRun.0", "HistoryResultsDir": "/home/dtvt_13/truong/my_lib/ota_amp_tb/maestro/results/maestro"}
[2026-04-19 11:54:12.521 +0700] [PROCESS] [cadence.virtuoso.ade.gui] - History Setup {"hostname": "dtvt_13", "processid": 28387, "history": "ExplorerRun.0", "testname": "my_lib_ota_amp_tb_1", "point": 1, "logfile": "/home/dtvt_13/truong/logs_dtvt_13/logs0/virtuoso_ade_debug.log", "jobmode": "LSCS", "runmode": "Single Run, Sweeps and Corners", "lib": "my_lib", "cell": "ota_amp_tb", "view": "maestro", "icversion": "sub-version  IC6.1.8-64b.500.28 ", "runstart": "Sun Apr 19 11:54:12 2026\n", "timezonelocal": "+000", "spectreversion": "unknown", "jobpolicyname": "", "maxjobs": "unknown", "ncjobpolicyname": "", "ncmaxjobs": "unknown", "numtests": "1", "runfinished": "unknown", "runelapsed": "-1", "numcorners": "1"}
[2026-04-19 11:54:13.160 +0700] [INFO] [cadence.virtuoso.ade.gui] - Simulation will use spectre batch mode because the GCC version used by Spectre and Virtuoso are not compatible. {"history": "ExplorerRun.0", "point": 1, "testname": "my_lib_ota_amp_tb_1", "detailed_message": "", "message_id": "EXPLORER-5024"}
[2026-04-19 11:54:13.160 +0700] [EVENT] [cadence.virtuoso.ade.pointevaluator] - NewPoint {"history": "ExplorerRun.0", "point": 1, "testname": "my_lib_ota_amp_tb_1", "event": "NewPoint", "EventSource": "ADE GUI", "HistoryName": "ExplorerRun.0", "logFile": "/home/dtvt_13/truong/logs_dtvt_13/logs0/virtuoso_ade_debug.log", "logFileSize": "111710"}
[2026-04-19 11:54:13.160 +0700] [INFO] [cadence.virtuoso.ade.pointevaluator] - Started netlisting {"history": "ExplorerRun.0", "point": 1, "testname": "my_lib_ota_amp_tb_1"}
[2026-04-19 11:54:13.160 +0700] [INFO] [cadence.virtuoso.ade.pointevaluator] - Finished netlisting {"history": "ExplorerRun.0", "point": 1, "testname": "my_lib_ota_amp_tb_1"}
[2026-04-19 11:54:13.160 +0700] [INFO] [cadence.virtuoso.ade.pointevaluator] - Submitted {"history": "ExplorerRun.0", "point": 1, "testname": "my_lib_ota_amp_tb_1"}
[2026-04-19 11:54:35.761 +0700] [PROCESS] [cadence.virtuoso.ade.gui] - ln: failed to create symbolic link '/home/dtvt_13/simulation/my_lib/ota_amp_tb/maestro/results/maestro/ExplorerRun.0/1/my_lib_ota_amp_tb_1/netlist/exprOutputs.log': File exists
 {"logfile": "/home/dtvt_13/truong/logs_dtvt_13/logs0/Job7.log1"}
[2026-04-19 11:54:35.761 +0700] [PROCESS] [cadence.virtuoso.ade.gui] - ln: failed to create symbolic link '/home/dtvt_13/simulation/my_lib/ota_amp_tb/maestro/results/maestro/ExplorerRun.0/1/my_lib_ota_amp_tb_1/netlist/amps_evaluator.log': File exists
 {"logfile": "/home/dtvt_13/truong/logs_dtvt_13/logs0/Job7.log1"}
[2026-04-19 11:54:36.381 +0700] [INFO] [cadence.virtuoso.ade.gui] - Point completed {"history": "ExplorerRun.0", "point": 1, "testname": "my_lib_ota_amp_tb_1"}
[2026-04-19 11:54:36.381 +0700] [EVENT] [cadence.virtuoso.ade.gui] - HistoryFinished {"history": "ExplorerRun.0", "point": 1, "testname": "my_lib_ota_amp_tb_1", "event": "HistoryFinished", "EventSource": "ADE GUI", "HistoryName": "ExplorerRun.0"}
[2026-04-19 11:55:27.519 +0700] [EVENT] [cadence.virtuoso.ade.gui] - NewHistoryCreated {"history": "ExplorerRun.0", "point": 1, "testname": "my_lib_ota_amp_tb_1", "event": "NewHistoryCreated", "EventSource": "ADE GUI", "HistoryName": "ExplorerRun.0", "WorkDir": "/home/dtvt_13/truong", "HistorySimDir": "/home/dtvt_13/simulation/my_lib/ota_amp_tb/maestro/results/maestro/ExplorerRun.0", "HistoryResultsDir": "/home/dtvt_13/truong/my_lib/ota_amp_tb/maestro/results/maestro"}
[2026-04-19 11:55:27.519 +0700] [PROCESS] [cadence.virtuoso.ade.gui] - History Setup {"hostname": "dtvt_13", "processid": 28387, "history": "ExplorerRun.0", "testname": "my_lib_ota_amp_tb_1", "point": 1, "logfile": "/home/dtvt_13/truong/logs_dtvt_13/logs0/virtuoso_ade_debug.log", "jobmode": "LSCS", "runmode": "Single Run, Sweeps and Corners", "lib": "my_lib", "cell": "ota_amp_tb", "view": "maestro", "icversion": "sub-version  IC6.1.8-64b.500.28 ", "runstart": "Sun Apr 19 11:55:27 2026\n", "timezonelocal": "+000", "spectreversion": "unknown", "jobpolicyname": "", "maxjobs": "unknown", "ncjobpolicyname": "", "ncmaxjobs": "unknown", "numtests": "1", "runfinished": "unknown", "runelapsed": "-1", "numcorners": "1"}
[2026-04-19 11:55:28.529 +0700] [INFO] [cadence.virtuoso.ade.gui] - Simulation will use spectre batch mode because the GCC version used by Spectre and Virtuoso are not compatible. {"history": "ExplorerRun.0", "point": 1, "testname": "my_lib_ota_amp_tb_1", "detailed_message": "", "message_id": "EXPLORER-5024"}
[2026-04-19 11:55:28.529 +0700] [EVENT] [cadence.virtuoso.ade.pointevaluator] - NewPoint {"history": "ExplorerRun.0", "point": 1, "testname": "my_lib_ota_amp_tb_1", "event": "NewPoint", "EventSource": "ADE GUI", "HistoryName": "ExplorerRun.0", "logFile": "/home/dtvt_13/truong/logs_dtvt_13/logs0/virtuoso_ade_debug.log", "logFileSize": "115113"}
[2026-04-19 11:55:28.529 +0700] [INFO] [cadence.virtuoso.ade.pointevaluator] - Started netlisting {"history": "ExplorerRun.0", "point": 1, "testname": "my_lib_ota_amp_tb_1"}
[2026-04-19 11:55:29.157 +0700] [INFO] [cadence.virtuoso.ade.pointevaluator] - Finished netlisting {"history": "ExplorerRun.0", "point": 1, "testname": "my_lib_ota_amp_tb_1"}
[2026-04-19 11:55:29.157 +0700] [INFO] [cadence.virtuoso.ade.pointevaluator] - Submitted {"history": "ExplorerRun.0", "point": 1, "testname": "my_lib_ota_amp_tb_1"}
[2026-04-19 11:55:50.753 +0700] [PROCESS] [cadence.virtuoso.ade.gui] - ln: failed to create symbolic link '/home/dtvt_13/simulation/my_lib/ota_amp_tb/maestro/results/maestro/ExplorerRun.0/1/my_lib_ota_amp_tb_1/netlist/exprOutputs.log': File exists
 {"logfile": "/home/dtvt_13/truong/logs_dtvt_13/logs0/Job7.log1"}
[2026-04-19 11:55:50.753 +0700] [PROCESS] [cadence.virtuoso.ade.gui] - ln: failed to create symbolic link '/home/dtvt_13/simulation/my_lib/ota_amp_tb/maestro/results/maestro/ExplorerRun.0/1/my_lib_ota_amp_tb_1/netlist/amps_evaluator.log': File exists
 {"logfile": "/home/dtvt_13/truong/logs_dtvt_13/logs0/Job7.log1"}
[2026-04-19 11:55:51.381 +0700] [INFO] [cadence.virtuoso.ade.gui] - Point completed {"history": "ExplorerRun.0", "point": 1, "testname": "my_lib_ota_amp_tb_1"}
[2026-04-19 11:55:51.381 +0700] [EVENT] [cadence.virtuoso.ade.gui] - HistoryFinished {"history": "ExplorerRun.0", "point": 1, "testname": "my_lib_ota_amp_tb_1", "event": "HistoryFinished", "EventSource": "ADE GUI", "HistoryName": "ExplorerRun.0"}
[2026-04-19 11:57:43.560 +0700] [EVENT] [cadence.virtuoso.ade.gui] - NewHistoryCreated {"history": "ExplorerRun.0", "point": 1, "testname": "my_lib_ota_amp_tb_1", "event": "NewHistoryCreated", "EventSource": "ADE GUI", "HistoryName": "ExplorerRun.0", "WorkDir": "/home/dtvt_13/truong", "HistorySimDir": "/home/dtvt_13/simulation/my_lib/ota_amp_tb/maestro/results/maestro/ExplorerRun.0", "HistoryResultsDir": "/home/dtvt_13/truong/my_lib/ota_amp_tb/maestro/results/maestro"}
[2026-04-19 11:57:43.560 +0700] [PROCESS] [cadence.virtuoso.ade.gui] - History Setup {"hostname": "dtvt_13", "processid": 28387, "history": "ExplorerRun.0", "testname": "my_lib_ota_amp_tb_1", "point": 1, "logfile": "/home/dtvt_13/truong/logs_dtvt_13/logs0/virtuoso_ade_debug.log", "jobmode": "LSCS", "runmode": "Single Run, Sweeps and Corners", "lib": "my_lib", "cell": "ota_amp_tb", "view": "maestro", "icversion": "sub-version  IC6.1.8-64b.500.28 ", "runstart": "Sun Apr 19 11:57:43 2026\n", "timezonelocal": "+000", "spectreversion": "unknown", "jobpolicyname": "", "maxjobs": "unknown", "ncjobpolicyname": "", "ncmaxjobs": "unknown", "numtests": "1", "runfinished": "unknown", "runelapsed": "-1", "numcorners": "1"}
[2026-04-19 11:57:44.199 +0700] [INFO] [cadence.virtuoso.ade.gui] - Simulation will use spectre batch mode because the GCC version used by Spectre and Virtuoso are not compatible. {"history": "ExplorerRun.0", "point": 1, "testname": "my_lib_ota_amp_tb_1", "detailed_message": "", "message_id": "EXPLORER-5024"}
[2026-04-19 11:57:44.199 +0700] [EVENT] [cadence.virtuoso.ade.pointevaluator] - NewPoint {"history": "ExplorerRun.0", "point": 1, "testname": "my_lib_ota_amp_tb_1", "event": "NewPoint", "EventSource": "ADE GUI", "HistoryName": "ExplorerRun.0", "logFile": "/home/dtvt_13/truong/logs_dtvt_13/logs0/virtuoso_ade_debug.log", "logFileSize": "118516"}
[2026-04-19 11:57:44.199 +0700] [INFO] [cadence.virtuoso.ade.pointevaluator] - Started netlisting {"history": "ExplorerRun.0", "point": 1, "testname": "my_lib_ota_amp_tb_1"}
[2026-04-19 11:57:44.199 +0700] [INFO] [cadence.virtuoso.ade.pointevaluator] - Finished netlisting {"history": "ExplorerRun.0", "point": 1, "testname": "my_lib_ota_amp_tb_1"}
[2026-04-19 11:57:44.199 +0700] [INFO] [cadence.virtuoso.ade.pointevaluator] - Submitted {"history": "ExplorerRun.0", "point": 1, "testname": "my_lib_ota_amp_tb_1"}
[2026-04-19 11:58:07.019 +0700] [PROCESS] [cadence.virtuoso.ade.gui] - ln: failed to create symbolic link '/home/dtvt_13/simulation/my_lib/ota_amp_tb/maestro/results/maestro/ExplorerRun.0/1/my_lib_ota_amp_tb_1/netlist/exprOutputs.log': File exists
 {"logfile": "/home/dtvt_13/truong/logs_dtvt_13/logs0/Job7.log1"}
[2026-04-19 11:58:07.019 +0700] [PROCESS] [cadence.virtuoso.ade.gui] - ln: failed to create symbolic link '/home/dtvt_13/simulation/my_lib/ota_amp_tb/maestro/results/maestro/ExplorerRun.0/1/my_lib_ota_amp_tb_1/netlist/amps_evaluator.log': File exists
 {"logfile": "/home/dtvt_13/truong/logs_dtvt_13/logs0/Job7.log1"}
[2026-04-19 11:58:08.379 +0700] [INFO] [cadence.virtuoso.ade.gui] - Point completed {"history": "ExplorerRun.0", "point": 1, "testname": "my_lib_ota_amp_tb_1"}
[2026-04-19 11:58:08.379 +0700] [EVENT] [cadence.virtuoso.ade.gui] - HistoryFinished {"history": "ExplorerRun.0", "point": 1, "testname": "my_lib_ota_amp_tb_1", "event": "HistoryFinished", "EventSource": "ADE GUI", "HistoryName": "ExplorerRun.0"}
[2026-04-19 11:59:01.334 +0700] [EVENT] [cadence.virtuoso.ade.gui] - NewHistoryCreated {"history": "ExplorerRun.0", "point": 1, "testname": "my_lib_ota_amp_tb_1", "event": "NewHistoryCreated", "EventSource": "ADE GUI", "HistoryName": "ExplorerRun.0", "WorkDir": "/home/dtvt_13/truong", "HistorySimDir": "/home/dtvt_13/simulation/my_lib/ota_amp_tb/maestro/results/maestro/ExplorerRun.0", "HistoryResultsDir": "/home/dtvt_13/truong/my_lib/ota_amp_tb/maestro/results/maestro"}
[2026-04-19 11:59:01.334 +0700] [PROCESS] [cadence.virtuoso.ade.gui] - History Setup {"hostname": "dtvt_13", "processid": 28387, "history": "ExplorerRun.0", "testname": "my_lib_ota_amp_tb_1", "point": 1, "logfile": "/home/dtvt_13/truong/logs_dtvt_13/logs0/virtuoso_ade_debug.log", "jobmode": "LSCS", "runmode": "Single Run, Sweeps and Corners", "lib": "my_lib", "cell": "ota_amp_tb", "view": "maestro", "icversion": "sub-version  IC6.1.8-64b.500.28 ", "runstart": "Sun Apr 19 11:59:01 2026\n", "timezonelocal": "+000", "spectreversion": "unknown", "jobpolicyname": "", "maxjobs": "unknown", "ncjobpolicyname": "", "ncmaxjobs": "unknown", "numtests": "1", "runfinished": "unknown", "runelapsed": "-1", "numcorners": "1"}
[2026-04-19 11:59:01.334 +0700] [INFO] [cadence.virtuoso.ade.gui] - Simulation will use spectre batch mode because the GCC version used by Spectre and Virtuoso are not compatible. {"history": "ExplorerRun.0", "point": 1, "testname": "my_lib_ota_amp_tb_1", "detailed_message": "", "message_id": "EXPLORER-5024"}
[2026-04-19 11:59:02.080 +0700] [EVENT] [cadence.virtuoso.ade.pointevaluator] - NewPoint {"history": "ExplorerRun.0", "point": 1, "testname": "my_lib_ota_amp_tb_1", "event": "NewPoint", "EventSource": "ADE GUI", "HistoryName": "ExplorerRun.0", "logFile": "/home/dtvt_13/truong/logs_dtvt_13/logs0/virtuoso_ade_debug.log", "logFileSize": "121919"}
[2026-04-19 11:59:02.080 +0700] [INFO] [cadence.virtuoso.ade.pointevaluator] - Started netlisting {"history": "ExplorerRun.0", "point": 1, "testname": "my_lib_ota_amp_tb_1"}
[2026-04-19 11:59:02.080 +0700] [INFO] [cadence.virtuoso.ade.pointevaluator] - Finished netlisting {"history": "ExplorerRun.0", "point": 1, "testname": "my_lib_ota_amp_tb_1"}
[2026-04-19 11:59:02.080 +0700] [INFO] [cadence.virtuoso.ade.pointevaluator] - Submitted {"history": "ExplorerRun.0", "point": 1, "testname": "my_lib_ota_amp_tb_1"}
[2026-04-19 11:59:24.135 +0700] [PROCESS] [cadence.virtuoso.ade.gui] - ln: failed to create symbolic link '/home/dtvt_13/simulation/my_lib/ota_amp_tb/maestro/results/maestro/ExplorerRun.0/1/my_lib_ota_amp_tb_1/netlist/exprOutputs.log': File exists
 {"logfile": "/home/dtvt_13/truong/logs_dtvt_13/logs0/Job7.log1"}
[2026-04-19 11:59:24.135 +0700] [PROCESS] [cadence.virtuoso.ade.gui] - ln: failed to create symbolic link '/home/dtvt_13/simulation/my_lib/ota_amp_tb/maestro/results/maestro/ExplorerRun.0/1/my_lib_ota_amp_tb_1/netlist/amps_evaluator.log': File exists
 {"logfile": "/home/dtvt_13/truong/logs_dtvt_13/logs0/Job7.log1"}
[2026-04-19 11:59:25.378 +0700] [INFO] [cadence.virtuoso.ade.gui] - Point completed {"history": "ExplorerRun.0", "point": 1, "testname": "my_lib_ota_amp_tb_1"}
[2026-04-19 11:59:25.378 +0700] [EVENT] [cadence.virtuoso.ade.gui] - HistoryFinished {"history": "ExplorerRun.0", "point": 1, "testname": "my_lib_ota_amp_tb_1", "event": "HistoryFinished", "EventSource": "ADE GUI", "HistoryName": "ExplorerRun.0"}
[2026-04-19 12:00:05.081 +0700] [EVENT] [cadence.virtuoso.ade.gui] - NewHistoryCreated {"history": "ExplorerRun.0", "point": 1, "testname": "my_lib_ota_amp_tb_1", "event": "NewHistoryCreated", "EventSource": "ADE GUI", "HistoryName": "ExplorerRun.0", "WorkDir": "/home/dtvt_13/truong", "HistorySimDir": "/home/dtvt_13/simulation/my_lib/ota_amp_tb/maestro/results/maestro/ExplorerRun.0", "HistoryResultsDir": "/home/dtvt_13/truong/my_lib/ota_amp_tb/maestro/results/maestro"}
[2026-04-19 12:00:05.081 +0700] [PROCESS] [cadence.virtuoso.ade.gui] - History Setup {"hostname": "dtvt_13", "processid": 28387, "history": "ExplorerRun.0", "testname": "my_lib_ota_amp_tb_1", "point": 1, "logfile": "/home/dtvt_13/truong/logs_dtvt_13/logs0/virtuoso_ade_debug.log", "jobmode": "LSCS", "runmode": "Single Run, Sweeps and Corners", "lib": "my_lib", "cell": "ota_amp_tb", "view": "maestro", "icversion": "sub-version  IC6.1.8-64b.500.28 ", "runstart": "Sun Apr 19 12:00:05 2026\n", "timezonelocal": "+000", "spectreversion": "unknown", "jobpolicyname": "", "maxjobs": "unknown", "ncjobpolicyname": "", "ncmaxjobs": "unknown", "numtests": "1", "runfinished": "unknown", "runelapsed": "-1", "numcorners": "1"}
[2026-04-19 12:00:05.081 +0700] [INFO] [cadence.virtuoso.ade.gui] - Simulation will use spectre batch mode because the GCC version used by Spectre and Virtuoso are not compatible. {"history": "ExplorerRun.0", "point": 1, "testname": "my_lib_ota_amp_tb_1", "detailed_message": "", "message_id": "EXPLORER-5024"}
[2026-04-19 12:00:06.325 +0700] [EVENT] [cadence.virtuoso.ade.pointevaluator] - NewPoint {"history": "ExplorerRun.0", "point": 1, "testname": "my_lib_ota_amp_tb_1", "event": "NewPoint", "EventSource": "ADE GUI", "HistoryName": "ExplorerRun.0", "logFile": "/home/dtvt_13/truong/logs_dtvt_13/logs0/virtuoso_ade_debug.log", "logFileSize": "125322"}
[2026-04-19 12:00:06.325 +0700] [INFO] [cadence.virtuoso.ade.pointevaluator] - Started netlisting {"history": "ExplorerRun.0", "point": 1, "testname": "my_lib_ota_amp_tb_1"}
[2026-04-19 12:00:06.325 +0700] [INFO] [cadence.virtuoso.ade.pointevaluator] - Finished netlisting {"history": "ExplorerRun.0", "point": 1, "testname": "my_lib_ota_amp_tb_1"}
[2026-04-19 12:00:06.325 +0700] [INFO] [cadence.virtuoso.ade.pointevaluator] - Submitted {"history": "ExplorerRun.0", "point": 1, "testname": "my_lib_ota_amp_tb_1"}
[2026-04-19 12:00:28.683 +0700] [PROCESS] [cadence.virtuoso.ade.gui] - ln: failed to create symbolic link '/home/dtvt_13/simulation/my_lib/ota_amp_tb/maestro/results/maestro/ExplorerRun.0/1/my_lib_ota_amp_tb_1/netlist/exprOutputs.log': File exists
 {"logfile": "/home/dtvt_13/truong/logs_dtvt_13/logs0/Job7.log1"}
[2026-04-19 12:00:28.683 +0700] [PROCESS] [cadence.virtuoso.ade.gui] - ln: failed to create symbolic link '/home/dtvt_13/simulation/my_lib/ota_amp_tb/maestro/results/maestro/ExplorerRun.0/1/my_lib_ota_amp_tb_1/netlist/amps_evaluator.log': File exists
 {"logfile": "/home/dtvt_13/truong/logs_dtvt_13/logs0/Job7.log1"}
[2026-04-19 12:00:29.377 +0700] [INFO] [cadence.virtuoso.ade.gui] - Point completed {"history": "ExplorerRun.0", "point": 1, "testname": "my_lib_ota_amp_tb_1"}
[2026-04-19 12:00:29.377 +0700] [EVENT] [cadence.virtuoso.ade.gui] - HistoryFinished {"history": "ExplorerRun.0", "point": 1, "testname": "my_lib_ota_amp_tb_1", "event": "HistoryFinished", "EventSource": "ADE GUI", "HistoryName": "ExplorerRun.0"}
[2026-04-19 12:08:08.461 +0700] [EVENT] [cadence.virtuoso.ade.gui] - NewHistoryCreated {"history": "ExplorerRun.0", "point": 1, "testname": "my_lib_ota_amp_tb_1", "event": "NewHistoryCreated", "EventSource": "ADE GUI", "HistoryName": "ExplorerRun.0", "WorkDir": "/home/dtvt_13/truong", "HistorySimDir": "/home/dtvt_13/simulation/my_lib/ota_amp_tb/maestro/results/maestro/ExplorerRun.0", "HistoryResultsDir": "/home/dtvt_13/truong/my_lib/ota_amp_tb/maestro/results/maestro"}
[2026-04-19 12:08:08.461 +0700] [PROCESS] [cadence.virtuoso.ade.gui] - History Setup {"hostname": "dtvt_13", "processid": 28387, "history": "ExplorerRun.0", "testname": "my_lib_ota_amp_tb_1", "point": 1, "logfile": "/home/dtvt_13/truong/logs_dtvt_13/logs0/virtuoso_ade_debug.log", "jobmode": "LSCS", "runmode": "Single Run, Sweeps and Corners", "lib": "my_lib", "cell": "ota_amp_tb", "view": "maestro", "icversion": "sub-version  IC6.1.8-64b.500.28 ", "runstart": "Sun Apr 19 12:08:08 2026\n", "timezonelocal": "+000", "spectreversion": "unknown", "jobpolicyname": "", "maxjobs": "unknown", "ncjobpolicyname": "", "ncmaxjobs": "unknown", "numtests": "1", "runfinished": "unknown", "runelapsed": "-1", "numcorners": "1"}
[2026-04-19 12:08:09.107 +0700] [INFO] [cadence.virtuoso.ade.gui] - Simulation will use spectre batch mode because the GCC version used by Spectre and Virtuoso are not compatible. {"history": "ExplorerRun.0", "point": 1, "testname": "my_lib_ota_amp_tb_1", "detailed_message": "", "message_id": "EXPLORER-5024"}
[2026-04-19 12:08:09.107 +0700] [EVENT] [cadence.virtuoso.ade.pointevaluator] - NewPoint {"history": "ExplorerRun.0", "point": 1, "testname": "my_lib_ota_amp_tb_1", "event": "NewPoint", "EventSource": "ADE GUI", "HistoryName": "ExplorerRun.0", "logFile": "/home/dtvt_13/truong/logs_dtvt_13/logs0/virtuoso_ade_debug.log", "logFileSize": "128725"}
[2026-04-19 12:08:09.107 +0700] [INFO] [cadence.virtuoso.ade.pointevaluator] - Started netlisting {"history": "ExplorerRun.0", "point": 1, "testname": "my_lib_ota_amp_tb_1"}
[2026-04-19 12:08:09.107 +0700] [INFO] [cadence.virtuoso.ade.pointevaluator] - Finished netlisting {"history": "ExplorerRun.0", "point": 1, "testname": "my_lib_ota_amp_tb_1"}
[2026-04-19 12:08:09.107 +0700] [INFO] [cadence.virtuoso.ade.pointevaluator] - Submitted {"history": "ExplorerRun.0", "point": 1, "testname": "my_lib_ota_amp_tb_1"}
[2026-04-19 12:08:13.503 +0700] [PROCESS] [cadence.virtuoso.ade.gui] - /home/dtvt_13/truong/.tmp_dtvt_13/.cmddir0/swiftJob8 is starting {"logfile": "/home/dtvt_13/truong/logs_dtvt_13/logs0/Job8.log"}
[2026-04-19 12:08:13.503 +0700] [PROCESS] [cadence.virtuoso.ade.gui] - Simulation Monitor process '12564' is starting up on host 'dtvt_13' {"logfile": "/home/dtvt_13/truong/logs_dtvt_13/logs0/Job8.log"}
[2026-04-19 12:08:35.704 +0700] [PROCESS] [cadence.virtuoso.ade.gui] - ln: failed to create symbolic link '/home/dtvt_13/simulation/my_lib/ota_amp_tb/maestro/results/maestro/ExplorerRun.0/1/my_lib_ota_amp_tb_1/netlist/exprOutputs.log': File exists
 {"logfile": "/home/dtvt_13/truong/logs_dtvt_13/logs0/Job8.log"}
[2026-04-19 12:08:35.704 +0700] [PROCESS] [cadence.virtuoso.ade.gui] - ln: failed to create symbolic link '/home/dtvt_13/simulation/my_lib/ota_amp_tb/maestro/results/maestro/ExplorerRun.0/1/my_lib_ota_amp_tb_1/netlist/amps_evaluator.log': File exists
 {"logfile": "/home/dtvt_13/truong/logs_dtvt_13/logs0/Job8.log"}
[2026-04-19 12:08:36.381 +0700] [INFO] [cadence.virtuoso.ade.gui] - Point completed {"history": "ExplorerRun.0", "point": 1, "testname": "my_lib_ota_amp_tb_1"}
[2026-04-19 12:08:36.381 +0700] [EVENT] [cadence.virtuoso.ade.gui] - HistoryFinished {"history": "ExplorerRun.0", "point": 1, "testname": "my_lib_ota_amp_tb_1", "event": "HistoryFinished", "EventSource": "ADE GUI", "HistoryName": "ExplorerRun.0"}
[2026-04-19 12:09:09.732 +0700] [EVENT] [cadence.virtuoso.ade.gui] - NewHistoryCreated {"history": "ExplorerRun.0", "point": 1, "testname": "my_lib_ota_amp_tb_1", "event": "NewHistoryCreated", "EventSource": "ADE GUI", "HistoryName": "ExplorerRun.0", "WorkDir": "/home/dtvt_13/truong", "HistorySimDir": "/home/dtvt_13/simulation/my_lib/ota_amp_tb/maestro/results/maestro/ExplorerRun.0", "HistoryResultsDir": "/home/dtvt_13/truong/my_lib/ota_amp_tb/maestro/results/maestro"}
[2026-04-19 12:09:09.732 +0700] [PROCESS] [cadence.virtuoso.ade.gui] - History Setup {"hostname": "dtvt_13", "processid": 28387, "history": "ExplorerRun.0", "testname": "my_lib_ota_amp_tb_1", "point": 1, "logfile": "/home/dtvt_13/truong/logs_dtvt_13/logs0/virtuoso_ade_debug.log", "jobmode": "LSCS", "runmode": "Single Run, Sweeps and Corners", "lib": "my_lib", "cell": "ota_amp_tb", "view": "maestro", "icversion": "sub-version  IC6.1.8-64b.500.28 ", "runstart": "Sun Apr 19 12:09:09 2026\n", "timezonelocal": "+000", "spectreversion": "unknown", "jobpolicyname": "", "maxjobs": "unknown", "ncjobpolicyname": "", "ncmaxjobs": "unknown", "numtests": "1", "runfinished": "unknown", "runelapsed": "-1", "numcorners": "1"}
[2026-04-19 12:09:10.319 +0700] [INFO] [cadence.virtuoso.ade.gui] - Simulation will use spectre batch mode because the GCC version used by Spectre and Virtuoso are not compatible. {"history": "ExplorerRun.0", "point": 1, "testname": "my_lib_ota_amp_tb_1", "detailed_message": "", "message_id": "EXPLORER-5024"}
[2026-04-19 12:09:10.319 +0700] [EVENT] [cadence.virtuoso.ade.pointevaluator] - NewPoint {"history": "ExplorerRun.0", "point": 1, "testname": "my_lib_ota_amp_tb_1", "event": "NewPoint", "EventSource": "ADE GUI", "HistoryName": "ExplorerRun.0", "logFile": "/home/dtvt_13/truong/logs_dtvt_13/logs0/virtuoso_ade_debug.log", "logFileSize": "132529"}
[2026-04-19 12:09:10.319 +0700] [INFO] [cadence.virtuoso.ade.pointevaluator] - Started netlisting {"history": "ExplorerRun.0", "point": 1, "testname": "my_lib_ota_amp_tb_1"}
[2026-04-19 12:09:10.319 +0700] [INFO] [cadence.virtuoso.ade.pointevaluator] - Finished netlisting {"history": "ExplorerRun.0", "point": 1, "testname": "my_lib_ota_amp_tb_1"}
[2026-04-19 12:09:10.319 +0700] [INFO] [cadence.virtuoso.ade.pointevaluator] - Submitted {"history": "ExplorerRun.0", "point": 1, "testname": "my_lib_ota_amp_tb_1"}
[2026-04-19 12:09:32.937 +0700] [PROCESS] [cadence.virtuoso.ade.gui] - ln: failed to create symbolic link '/home/dtvt_13/simulation/my_lib/ota_amp_tb/maestro/results/maestro/ExplorerRun.0/1/my_lib_ota_amp_tb_1/netlist/exprOutputs.log': File exists
 {"logfile": "/home/dtvt_13/truong/logs_dtvt_13/logs0/Job8.log"}
[2026-04-19 12:09:32.937 +0700] [PROCESS] [cadence.virtuoso.ade.gui] - ln: failed to create symbolic link '/home/dtvt_13/simulation/my_lib/ota_amp_tb/maestro/results/maestro/ExplorerRun.0/1/my_lib_ota_amp_tb_1/netlist/amps_evaluator.log' {"logfile": "/home/dtvt_13/truong/logs_dtvt_13/logs0/Job8.log"}
[2026-04-19 12:09:32.937 +0700] [PROCESS] [cadence.virtuoso.ade.gui] - : File exists
 {"logfile": "/home/dtvt_13/truong/logs_dtvt_13/logs0/Job8.log"}
[2026-04-19 12:09:33.378 +0700] [INFO] [cadence.virtuoso.ade.gui] - Point completed {"history": "ExplorerRun.0", "point": 1, "testname": "my_lib_ota_amp_tb_1"}
[2026-04-19 12:09:33.378 +0700] [EVENT] [cadence.virtuoso.ade.gui] - HistoryFinished {"history": "ExplorerRun.0", "point": 1, "testname": "my_lib_ota_amp_tb_1", "event": "HistoryFinished", "EventSource": "ADE GUI", "HistoryName": "ExplorerRun.0"}
[2026-04-19 12:14:12.086 +0700] [EVENT] [cadence.virtuoso.ade.gui] - NewHistoryCreated {"history": "ExplorerRun.0", "point": 1, "testname": "my_lib_ota_amp_tb_1", "event": "NewHistoryCreated", "EventSource": "ADE GUI", "HistoryName": "ExplorerRun.0", "WorkDir": "/home/dtvt_13/truong", "HistorySimDir": "/home/dtvt_13/simulation/my_lib/ota_amp_tb/maestro/results/maestro/ExplorerRun.0", "HistoryResultsDir": "/home/dtvt_13/truong/my_lib/ota_amp_tb/maestro/results/maestro"}
[2026-04-19 12:14:12.086 +0700] [PROCESS] [cadence.virtuoso.ade.gui] - History Setup {"hostname": "dtvt_13", "processid": 28387, "history": "ExplorerRun.0", "testname": "my_lib_ota_amp_tb_1", "point": 1, "logfile": "/home/dtvt_13/truong/logs_dtvt_13/logs0/virtuoso_ade_debug.log", "jobmode": "LSCS", "runmode": "Single Run, Sweeps and Corners", "lib": "my_lib", "cell": "ota_amp_tb", "view": "maestro", "icversion": "sub-version  IC6.1.8-64b.500.28 ", "runstart": "Sun Apr 19 12:14:12 2026\n", "timezonelocal": "+000", "spectreversion": "unknown", "jobpolicyname": "", "maxjobs": "unknown", "ncjobpolicyname": "", "ncmaxjobs": "unknown", "numtests": "1", "runfinished": "unknown", "runelapsed": "-1", "numcorners": "1"}
[2026-04-19 12:14:13.055 +0700] [INFO] [cadence.virtuoso.ade.gui] - Simulation will use spectre batch mode because the GCC version used by Spectre and Virtuoso are not compatible. {"history": "ExplorerRun.0", "point": 1, "testname": "my_lib_ota_amp_tb_1", "detailed_message": "", "message_id": "EXPLORER-5024"}
[2026-04-19 12:14:13.055 +0700] [EVENT] [cadence.virtuoso.ade.pointevaluator] - NewPoint {"history": "ExplorerRun.0", "point": 1, "testname": "my_lib_ota_amp_tb_1", "event": "NewPoint", "EventSource": "ADE GUI", "HistoryName": "ExplorerRun.0", "logFile": "/home/dtvt_13/truong/logs_dtvt_13/logs0/virtuoso_ade_debug.log", "logFileSize": "136066"}
[2026-04-19 12:14:13.055 +0700] [INFO] [cadence.virtuoso.ade.pointevaluator] - Started netlisting {"history": "ExplorerRun.0", "point": 1, "testname": "my_lib_ota_amp_tb_1"}
[2026-04-19 12:14:13.055 +0700] [INFO] [cadence.virtuoso.ade.pointevaluator] - Finished netlisting {"history": "ExplorerRun.0", "point": 1, "testname": "my_lib_ota_amp_tb_1"}
[2026-04-19 12:14:13.055 +0700] [INFO] [cadence.virtuoso.ade.pointevaluator] - Submitted {"history": "ExplorerRun.0", "point": 1, "testname": "my_lib_ota_amp_tb_1"}
[2026-04-19 12:14:35.777 +0700] [PROCESS] [cadence.virtuoso.ade.gui] - ln: failed to create symbolic link '/home/dtvt_13/simulation/my_lib/ota_amp_tb/maestro/results/maestro/ExplorerRun.0/1/my_lib_ota_amp_tb_1/netlist/exprOutputs.log': File exists
 {"logfile": "/home/dtvt_13/truong/logs_dtvt_13/logs0/Job8.log"}
[2026-04-19 12:14:35.777 +0700] [PROCESS] [cadence.virtuoso.ade.gui] - ln: failed to create symbolic link '/home/dtvt_13/simulation/my_lib/ota_amp_tb/maestro/results/maestro/ExplorerRun.0/1/my_lib_ota_amp_tb_1/netlist/amps_evaluator.log' {"logfile": "/home/dtvt_13/truong/logs_dtvt_13/logs0/Job8.log"}
[2026-04-19 12:14:35.777 +0700] [PROCESS] [cadence.virtuoso.ade.gui] - : File exists
 {"logfile": "/home/dtvt_13/truong/logs_dtvt_13/logs0/Job8.log"}
[2026-04-19 12:14:36.377 +0700] [INFO] [cadence.virtuoso.ade.gui] - Point completed {"history": "ExplorerRun.0", "point": 1, "testname": "my_lib_ota_amp_tb_1"}
[2026-04-19 12:14:36.377 +0700] [EVENT] [cadence.virtuoso.ade.gui] - HistoryFinished {"history": "ExplorerRun.0", "point": 1, "testname": "my_lib_ota_amp_tb_1", "event": "HistoryFinished", "EventSource": "ADE GUI", "HistoryName": "ExplorerRun.0"}
[2026-04-19 12:15:17.556 +0700] [EVENT] [cadence.virtuoso.ade.gui] - NewHistoryCreated {"history": "ExplorerRun.0", "point": 1, "testname": "my_lib_ota_amp_tb_1", "event": "NewHistoryCreated", "EventSource": "ADE GUI", "HistoryName": "ExplorerRun.0", "WorkDir": "/home/dtvt_13/truong", "HistorySimDir": "/home/dtvt_13/simulation/my_lib/ota_amp_tb/maestro/results/maestro/ExplorerRun.0", "HistoryResultsDir": "/home/dtvt_13/truong/my_lib/ota_amp_tb/maestro/results/maestro"}
[2026-04-19 12:15:17.556 +0700] [PROCESS] [cadence.virtuoso.ade.gui] - History Setup {"hostname": "dtvt_13", "processid": 28387, "history": "ExplorerRun.0", "testname": "my_lib_ota_amp_tb_1", "point": 1, "logfile": "/home/dtvt_13/truong/logs_dtvt_13/logs0/virtuoso_ade_debug.log", "jobmode": "LSCS", "runmode": "Single Run, Sweeps and Corners", "lib": "my_lib", "cell": "ota_amp_tb", "view": "maestro", "icversion": "sub-version  IC6.1.8-64b.500.28 ", "runstart": "Sun Apr 19 12:15:17 2026\n", "timezonelocal": "+000", "spectreversion": "unknown", "jobpolicyname": "", "maxjobs": "unknown", "ncjobpolicyname": "", "ncmaxjobs": "unknown", "numtests": "1", "runfinished": "unknown", "runelapsed": "-1", "numcorners": "1"}
[2026-04-19 12:15:18.201 +0700] [INFO] [cadence.virtuoso.ade.gui] - Simulation will use spectre batch mode because the GCC version used by Spectre and Virtuoso are not compatible. {"history": "ExplorerRun.0", "point": 1, "testname": "my_lib_ota_amp_tb_1", "detailed_message": "", "message_id": "EXPLORER-5024"}
[2026-04-19 12:15:18.201 +0700] [EVENT] [cadence.virtuoso.ade.pointevaluator] - NewPoint {"history": "ExplorerRun.0", "point": 1, "testname": "my_lib_ota_amp_tb_1", "event": "NewPoint", "EventSource": "ADE GUI", "HistoryName": "ExplorerRun.0", "logFile": "/home/dtvt_13/truong/logs_dtvt_13/logs0/virtuoso_ade_debug.log", "logFileSize": "139603"}
[2026-04-19 12:15:18.201 +0700] [INFO] [cadence.virtuoso.ade.pointevaluator] - Started netlisting {"history": "ExplorerRun.0", "point": 1, "testname": "my_lib_ota_amp_tb_1"}
[2026-04-19 12:15:18.201 +0700] [INFO] [cadence.virtuoso.ade.pointevaluator] - Finished netlisting {"history": "ExplorerRun.0", "point": 1, "testname": "my_lib_ota_amp_tb_1"}
[2026-04-19 12:15:18.201 +0700] [INFO] [cadence.virtuoso.ade.pointevaluator] - Submitted {"history": "ExplorerRun.0", "point": 1, "testname": "my_lib_ota_amp_tb_1"}
[2026-04-19 12:15:40.768 +0700] [PROCESS] [cadence.virtuoso.ade.gui] - ln: failed to create symbolic link '/home/dtvt_13/simulation/my_lib/ota_amp_tb/maestro/results/maestro/ExplorerRun.0/1/my_lib_ota_amp_tb_1/netlist/exprOutputs.log': File exists
 {"logfile": "/home/dtvt_13/truong/logs_dtvt_13/logs0/Job8.log"}
[2026-04-19 12:15:40.768 +0700] [PROCESS] [cadence.virtuoso.ade.gui] - ln: failed to create symbolic link '/home/dtvt_13/simulation/my_lib/ota_amp_tb/maestro/results/maestro/ExplorerRun.0/1/my_lib_ota_amp_tb_1/netlist/amps_evaluator.log' {"logfile": "/home/dtvt_13/truong/logs_dtvt_13/logs0/Job8.log"}
[2026-04-19 12:15:40.768 +0700] [PROCESS] [cadence.virtuoso.ade.gui] - : File exists
 {"logfile": "/home/dtvt_13/truong/logs_dtvt_13/logs0/Job8.log"}
[2026-04-19 12:15:41.380 +0700] [INFO] [cadence.virtuoso.ade.gui] - Point completed {"history": "ExplorerRun.0", "point": 1, "testname": "my_lib_ota_amp_tb_1"}
[2026-04-19 12:15:41.380 +0700] [EVENT] [cadence.virtuoso.ade.gui] - HistoryFinished {"history": "ExplorerRun.0", "point": 1, "testname": "my_lib_ota_amp_tb_1", "event": "HistoryFinished", "EventSource": "ADE GUI", "HistoryName": "ExplorerRun.0"}
[2026-04-19 12:16:05.338 +0700] [EVENT] [cadence.virtuoso.ade.gui] - NewHistoryCreated {"history": "ExplorerRun.0", "point": 1, "testname": "my_lib_ota_amp_tb_1", "event": "NewHistoryCreated", "EventSource": "ADE GUI", "HistoryName": "ExplorerRun.0", "WorkDir": "/home/dtvt_13/truong", "HistorySimDir": "/home/dtvt_13/simulation/my_lib/ota_amp_tb/maestro/results/maestro/ExplorerRun.0", "HistoryResultsDir": "/home/dtvt_13/truong/my_lib/ota_amp_tb/maestro/results/maestro"}
[2026-04-19 12:16:05.338 +0700] [PROCESS] [cadence.virtuoso.ade.gui] - History Setup {"hostname": "dtvt_13", "processid": 28387, "history": "ExplorerRun.0", "testname": "my_lib_ota_amp_tb_1", "point": 1, "logfile": "/home/dtvt_13/truong/logs_dtvt_13/logs0/virtuoso_ade_debug.log", "jobmode": "LSCS", "runmode": "Single Run, Sweeps and Corners", "lib": "my_lib", "cell": "ota_amp_tb", "view": "maestro", "icversion": "sub-version  IC6.1.8-64b.500.28 ", "runstart": "Sun Apr 19 12:16:05 2026\n", "timezonelocal": "+000", "spectreversion": "unknown", "jobpolicyname": "", "maxjobs": "unknown", "ncjobpolicyname": "", "ncmaxjobs": "unknown", "numtests": "1", "runfinished": "unknown", "runelapsed": "-1", "numcorners": "1"}
[2026-04-19 12:16:06.305 +0700] [INFO] [cadence.virtuoso.ade.gui] - Simulation will use spectre batch mode because the GCC version used by Spectre and Virtuoso are not compatible. {"history": "ExplorerRun.0", "point": 1, "testname": "my_lib_ota_amp_tb_1", "detailed_message": "", "message_id": "EXPLORER-5024"}
[2026-04-19 12:16:06.305 +0700] [EVENT] [cadence.virtuoso.ade.pointevaluator] - NewPoint {"history": "ExplorerRun.0", "point": 1, "testname": "my_lib_ota_amp_tb_1", "event": "NewPoint", "EventSource": "ADE GUI", "HistoryName": "ExplorerRun.0", "logFile": "/home/dtvt_13/truong/logs_dtvt_13/logs0/virtuoso_ade_debug.log", "logFileSize": "143140"}
[2026-04-19 12:16:06.305 +0700] [INFO] [cadence.virtuoso.ade.pointevaluator] - Started netlisting {"history": "ExplorerRun.0", "point": 1, "testname": "my_lib_ota_amp_tb_1"}
[2026-04-19 12:16:06.305 +0700] [INFO] [cadence.virtuoso.ade.pointevaluator] - Finished netlisting {"history": "ExplorerRun.0", "point": 1, "testname": "my_lib_ota_amp_tb_1"}
[2026-04-19 12:16:06.305 +0700] [INFO] [cadence.virtuoso.ade.pointevaluator] - Submitted {"history": "ExplorerRun.0", "point": 1, "testname": "my_lib_ota_amp_tb_1"}
[2026-04-19 12:16:28.985 +0700] [PROCESS] [cadence.virtuoso.ade.gui] - ln: failed to create symbolic link '/home/dtvt_13/simulation/my_lib/ota_amp_tb/maestro/results/maestro/ExplorerRun.0/1/my_lib_ota_amp_tb_1/netlist/exprOutputs.log': File exists
 {"logfile": "/home/dtvt_13/truong/logs_dtvt_13/logs0/Job8.log"}
[2026-04-19 12:16:28.985 +0700] [PROCESS] [cadence.virtuoso.ade.gui] - ln: failed to create symbolic link '/home/dtvt_13/simulation/my_lib/ota_amp_tb/maestro/results/maestro/ExplorerRun.0/1/my_lib_ota_amp_tb_1/netlist/amps_evaluator.log': File exists
 {"logfile": "/home/dtvt_13/truong/logs_dtvt_13/logs0/Job8.log"}
[2026-04-19 12:16:30.378 +0700] [INFO] [cadence.virtuoso.ade.gui] - Point completed {"history": "ExplorerRun.0", "point": 1, "testname": "my_lib_ota_amp_tb_1"}
[2026-04-19 12:16:30.378 +0700] [EVENT] [cadence.virtuoso.ade.gui] - HistoryFinished {"history": "ExplorerRun.0", "point": 1, "testname": "my_lib_ota_amp_tb_1", "event": "HistoryFinished", "EventSource": "ADE GUI", "HistoryName": "ExplorerRun.0"}
[2026-04-19 12:16:51.361 +0700] [EVENT] [cadence.virtuoso.ade.gui] - NewHistoryCreated {"history": "ExplorerRun.0", "point": 1, "testname": "my_lib_ota_amp_tb_1", "event": "NewHistoryCreated", "EventSource": "ADE GUI", "HistoryName": "ExplorerRun.0", "WorkDir": "/home/dtvt_13/truong", "HistorySimDir": "/home/dtvt_13/simulation/my_lib/ota_amp_tb/maestro/results/maestro/ExplorerRun.0", "HistoryResultsDir": "/home/dtvt_13/truong/my_lib/ota_amp_tb/maestro/results/maestro"}
[2026-04-19 12:16:51.361 +0700] [PROCESS] [cadence.virtuoso.ade.gui] - History Setup {"hostname": "dtvt_13", "processid": 28387, "history": "ExplorerRun.0", "testname": "my_lib_ota_amp_tb_1", "point": 1, "logfile": "/home/dtvt_13/truong/logs_dtvt_13/logs0/virtuoso_ade_debug.log", "jobmode": "LSCS", "runmode": "Single Run, Sweeps and Corners", "lib": "my_lib", "cell": "ota_amp_tb", "view": "maestro", "icversion": "sub-version  IC6.1.8-64b.500.28 ", "runstart": "Sun Apr 19 12:16:51 2026\n", "timezonelocal": "+000", "spectreversion": "unknown", "jobpolicyname": "", "maxjobs": "unknown", "ncjobpolicyname": "", "ncmaxjobs": "unknown", "numtests": "1", "runfinished": "unknown", "runelapsed": "-1", "numcorners": "1"}
[2026-04-19 12:16:51.361 +0700] [INFO] [cadence.virtuoso.ade.gui] - Simulation will use spectre batch mode because the GCC version used by Spectre and Virtuoso are not compatible. {"history": "ExplorerRun.0", "point": 1, "testname": "my_lib_ota_amp_tb_1", "detailed_message": "", "message_id": "EXPLORER-5024"}
[2026-04-19 12:16:52.143 +0700] [EVENT] [cadence.virtuoso.ade.pointevaluator] - NewPoint {"history": "ExplorerRun.0", "point": 1, "testname": "my_lib_ota_amp_tb_1", "event": "NewPoint", "EventSource": "ADE GUI", "HistoryName": "ExplorerRun.0", "logFile": "/home/dtvt_13/truong/logs_dtvt_13/logs0/virtuoso_ade_debug.log", "logFileSize": "146541"}
[2026-04-19 12:16:52.143 +0700] [INFO] [cadence.virtuoso.ade.pointevaluator] - Started netlisting {"history": "ExplorerRun.0", "point": 1, "testname": "my_lib_ota_amp_tb_1"}
[2026-04-19 12:16:52.143 +0700] [INFO] [cadence.virtuoso.ade.pointevaluator] - Finished netlisting {"history": "ExplorerRun.0", "point": 1, "testname": "my_lib_ota_amp_tb_1"}
[2026-04-19 12:16:52.143 +0700] [INFO] [cadence.virtuoso.ade.pointevaluator] - Submitted {"history": "ExplorerRun.0", "point": 1, "testname": "my_lib_ota_amp_tb_1"}
[2026-04-19 12:17:14.053 +0700] [PROCESS] [cadence.virtuoso.ade.gui] - ln: failed to create symbolic link '/home/dtvt_13/simulation/my_lib/ota_amp_tb/maestro/results/maestro/ExplorerRun.0/1/my_lib_ota_amp_tb_1/netlist/exprOutputs.log': File exists
 {"logfile": "/home/dtvt_13/truong/logs_dtvt_13/logs0/Job8.log"}
[2026-04-19 12:17:14.053 +0700] [PROCESS] [cadence.virtuoso.ade.gui] - ln: failed to create symbolic link '/home/dtvt_13/simulation/my_lib/ota_amp_tb/maestro/results/maestro/ExplorerRun.0/1/my_lib_ota_amp_tb_1/netlist/amps_evaluator.log': File exists
 {"logfile": "/home/dtvt_13/truong/logs_dtvt_13/logs0/Job8.log"}
[2026-04-19 12:17:15.381 +0700] [INFO] [cadence.virtuoso.ade.gui] - Point completed {"history": "ExplorerRun.0", "point": 1, "testname": "my_lib_ota_amp_tb_1"}
[2026-04-19 12:17:15.381 +0700] [EVENT] [cadence.virtuoso.ade.gui] - HistoryFinished {"history": "ExplorerRun.0", "point": 1, "testname": "my_lib_ota_amp_tb_1", "event": "HistoryFinished", "EventSource": "ADE GUI", "HistoryName": "ExplorerRun.0"}
[2026-04-19 12:17:49.761 +0700] [EVENT] [cadence.virtuoso.ade.gui] - NewHistoryCreated {"history": "ExplorerRun.0", "point": 1, "testname": "my_lib_ota_amp_tb_1", "event": "NewHistoryCreated", "EventSource": "ADE GUI", "HistoryName": "ExplorerRun.0", "WorkDir": "/home/dtvt_13/truong", "HistorySimDir": "/home/dtvt_13/simulation/my_lib/ota_amp_tb/maestro/results/maestro/ExplorerRun.0", "HistoryResultsDir": "/home/dtvt_13/truong/my_lib/ota_amp_tb/maestro/results/maestro"}
[2026-04-19 12:17:49.761 +0700] [PROCESS] [cadence.virtuoso.ade.gui] - History Setup {"hostname": "dtvt_13", "processid": 28387, "history": "ExplorerRun.0", "testname": "my_lib_ota_amp_tb_1", "point": 1, "logfile": "/home/dtvt_13/truong/logs_dtvt_13/logs0/virtuoso_ade_debug.log", "jobmode": "LSCS", "runmode": "Single Run, Sweeps and Corners", "lib": "my_lib", "cell": "ota_amp_tb", "view": "maestro", "icversion": "sub-version  IC6.1.8-64b.500.28 ", "runstart": "Sun Apr 19 12:17:49 2026\n", "timezonelocal": "+000", "spectreversion": "unknown", "jobpolicyname": "", "maxjobs": "unknown", "ncjobpolicyname": "", "ncmaxjobs": "unknown", "numtests": "1", "runfinished": "unknown", "runelapsed": "-1", "numcorners": "1"}
[2026-04-19 12:17:50.691 +0700] [INFO] [cadence.virtuoso.ade.gui] - Simulation will use spectre batch mode because the GCC version used by Spectre and Virtuoso are not compatible. {"history": "ExplorerRun.0", "point": 1, "testname": "my_lib_ota_amp_tb_1", "detailed_message": "", "message_id": "EXPLORER-5024"}
[2026-04-19 12:17:51.024 +0700] [EVENT] [cadence.virtuoso.ade.pointevaluator] - NewPoint {"history": "ExplorerRun.0", "point": 1, "testname": "my_lib_ota_amp_tb_1", "event": "NewPoint", "EventSource": "ADE GUI", "HistoryName": "ExplorerRun.0", "logFile": "/home/dtvt_13/truong/logs_dtvt_13/logs0/virtuoso_ade_debug.log", "logFileSize": "149942"}
[2026-04-19 12:17:51.024 +0700] [INFO] [cadence.virtuoso.ade.pointevaluator] - Started netlisting {"history": "ExplorerRun.0", "point": 1, "testname": "my_lib_ota_amp_tb_1"}
[2026-04-19 12:17:51.024 +0700] [INFO] [cadence.virtuoso.ade.pointevaluator] - Finished netlisting {"history": "ExplorerRun.0", "point": 1, "testname": "my_lib_ota_amp_tb_1"}
[2026-04-19 12:17:51.024 +0700] [INFO] [cadence.virtuoso.ade.pointevaluator] - Submitted {"history": "ExplorerRun.0", "point": 1, "testname": "my_lib_ota_amp_tb_1"}
[2026-04-19 12:18:12.905 +0700] [PROCESS] [cadence.virtuoso.ade.gui] - ln: failed to create symbolic link '/home/dtvt_13/simulation/my_lib/ota_amp_tb/maestro/results/maestro/ExplorerRun.0/1/my_lib_ota_amp_tb_1/netlist/exprOutputs.log': File exists
 {"logfile": "/home/dtvt_13/truong/logs_dtvt_13/logs0/Job8.log"}
[2026-04-19 12:18:12.905 +0700] [PROCESS] [cadence.virtuoso.ade.gui] - ln: failed to create symbolic link '/home/dtvt_13/simulation/my_lib/ota_amp_tb/maestro/results/maestro/ExplorerRun.0/1/my_lib_ota_amp_tb_1/netlist/amps_evaluator.log': File exists
 {"logfile": "/home/dtvt_13/truong/logs_dtvt_13/logs0/Job8.log"}
[2026-04-19 12:18:14.378 +0700] [INFO] [cadence.virtuoso.ade.gui] - Point completed {"history": "ExplorerRun.0", "point": 1, "testname": "my_lib_ota_amp_tb_1"}
[2026-04-19 12:18:14.378 +0700] [EVENT] [cadence.virtuoso.ade.gui] - HistoryFinished {"history": "ExplorerRun.0", "point": 1, "testname": "my_lib_ota_amp_tb_1", "event": "HistoryFinished", "EventSource": "ADE GUI", "HistoryName": "ExplorerRun.0"}
[2026-04-19 12:18:50.500 +0700] [EVENT] [cadence.virtuoso.ade.gui] - NewHistoryCreated {"history": "ExplorerRun.0", "point": 1, "testname": "my_lib_ota_amp_tb_1", "event": "NewHistoryCreated", "EventSource": "ADE GUI", "HistoryName": "ExplorerRun.0", "WorkDir": "/home/dtvt_13/truong", "HistorySimDir": "/home/dtvt_13/simulation/my_lib/ota_amp_tb/maestro/results/maestro/ExplorerRun.0", "HistoryResultsDir": "/home/dtvt_13/truong/my_lib/ota_amp_tb/maestro/results/maestro"}
[2026-04-19 12:18:50.500 +0700] [PROCESS] [cadence.virtuoso.ade.gui] - History Setup {"hostname": "dtvt_13", "processid": 28387, "history": "ExplorerRun.0", "testname": "my_lib_ota_amp_tb_1", "point": 1, "logfile": "/home/dtvt_13/truong/logs_dtvt_13/logs0/virtuoso_ade_debug.log", "jobmode": "LSCS", "runmode": "Single Run, Sweeps and Corners", "lib": "my_lib", "cell": "ota_amp_tb", "view": "maestro", "icversion": "sub-version  IC6.1.8-64b.500.28 ", "runstart": "Sun Apr 19 12:18:50 2026\n", "timezonelocal": "+000", "spectreversion": "unknown", "jobpolicyname": "", "maxjobs": "unknown", "ncjobpolicyname": "", "ncmaxjobs": "unknown", "numtests": "1", "runfinished": "unknown", "runelapsed": "-1", "numcorners": "1"}
[2026-04-19 12:18:51.140 +0700] [INFO] [cadence.virtuoso.ade.gui] - Simulation will use spectre batch mode because the GCC version used by Spectre and Virtuoso are not compatible. {"history": "ExplorerRun.0", "point": 1, "testname": "my_lib_ota_amp_tb_1", "detailed_message": "", "message_id": "EXPLORER-5024"}
[2026-04-19 12:18:51.140 +0700] [EVENT] [cadence.virtuoso.ade.pointevaluator] - NewPoint {"history": "ExplorerRun.0", "point": 1, "testname": "my_lib_ota_amp_tb_1", "event": "NewPoint", "EventSource": "ADE GUI", "HistoryName": "ExplorerRun.0", "logFile": "/home/dtvt_13/truong/logs_dtvt_13/logs0/virtuoso_ade_debug.log", "logFileSize": "153343"}
[2026-04-19 12:18:51.140 +0700] [INFO] [cadence.virtuoso.ade.pointevaluator] - Started netlisting {"history": "ExplorerRun.0", "point": 1, "testname": "my_lib_ota_amp_tb_1"}
[2026-04-19 12:18:51.140 +0700] [INFO] [cadence.virtuoso.ade.pointevaluator] - Finished netlisting {"history": "ExplorerRun.0", "point": 1, "testname": "my_lib_ota_amp_tb_1"}
[2026-04-19 12:18:51.140 +0700] [INFO] [cadence.virtuoso.ade.pointevaluator] - Submitted {"history": "ExplorerRun.0", "point": 1, "testname": "my_lib_ota_amp_tb_1"}
[2026-04-19 12:19:13.882 +0700] [PROCESS] [cadence.virtuoso.ade.gui] - ln: failed to create symbolic link '/home/dtvt_13/simulation/my_lib/ota_amp_tb/maestro/results/maestro/ExplorerRun.0/1/my_lib_ota_amp_tb_1/netlist/exprOutputs.log': File exists
 {"logfile": "/home/dtvt_13/truong/logs_dtvt_13/logs0/Job8.log"}
[2026-04-19 12:19:13.882 +0700] [PROCESS] [cadence.virtuoso.ade.gui] - ln: failed to create symbolic link '/home/dtvt_13/simulation/my_lib/ota_amp_tb/maestro/results/maestro/ExplorerRun.0/1/my_lib_ota_amp_tb_1/netlist/amps_evaluator.log': File exists
 {"logfile": "/home/dtvt_13/truong/logs_dtvt_13/logs0/Job8.log"}
[2026-04-19 12:19:14.375 +0700] [INFO] [cadence.virtuoso.ade.gui] - Point completed {"history": "ExplorerRun.0", "point": 1, "testname": "my_lib_ota_amp_tb_1"}
[2026-04-19 12:19:14.375 +0700] [EVENT] [cadence.virtuoso.ade.gui] - HistoryFinished {"history": "ExplorerRun.0", "point": 1, "testname": "my_lib_ota_amp_tb_1", "event": "HistoryFinished", "EventSource": "ADE GUI", "HistoryName": "ExplorerRun.0"}
[2026-04-19 12:25:58.599 +0700] [EVENT] [cadence.virtuoso.ade.gui] - NewHistoryCreated {"history": "ExplorerRun.0", "point": 1, "testname": "my_lib_ota_amp_tb_1", "event": "NewHistoryCreated", "EventSource": "ADE GUI", "HistoryName": "ExplorerRun.0", "WorkDir": "/home/dtvt_13/truong", "HistorySimDir": "/home/dtvt_13/simulation/my_lib/ota_amp_tb/maestro/results/maestro/ExplorerRun.0", "HistoryResultsDir": "/home/dtvt_13/truong/my_lib/ota_amp_tb/maestro/results/maestro"}
[2026-04-19 12:25:58.599 +0700] [PROCESS] [cadence.virtuoso.ade.gui] - History Setup {"hostname": "dtvt_13", "processid": 28387, "history": "ExplorerRun.0", "testname": "my_lib_ota_amp_tb_1", "point": 1, "logfile": "/home/dtvt_13/truong/logs_dtvt_13/logs0/virtuoso_ade_debug.log", "jobmode": "LSCS", "runmode": "Single Run, Sweeps and Corners", "lib": "my_lib", "cell": "ota_amp_tb", "view": "maestro", "icversion": "sub-version  IC6.1.8-64b.500.28 ", "runstart": "Sun Apr 19 12:25:58 2026\n", "timezonelocal": "+000", "spectreversion": "unknown", "jobpolicyname": "", "maxjobs": "unknown", "ncjobpolicyname": "", "ncmaxjobs": "unknown", "numtests": "1", "runfinished": "unknown", "runelapsed": "-1", "numcorners": "1"}
[2026-04-19 12:25:59.588 +0700] [INFO] [cadence.virtuoso.ade.gui] - Simulation will use spectre batch mode because the GCC version used by Spectre and Virtuoso are not compatible. {"history": "ExplorerRun.0", "point": 1, "testname": "my_lib_ota_amp_tb_1", "detailed_message": "", "message_id": "EXPLORER-5024"}
[2026-04-19 12:25:59.588 +0700] [EVENT] [cadence.virtuoso.ade.pointevaluator] - NewPoint {"history": "ExplorerRun.0", "point": 1, "testname": "my_lib_ota_amp_tb_1", "event": "NewPoint", "EventSource": "ADE GUI", "HistoryName": "ExplorerRun.0", "logFile": "/home/dtvt_13/truong/logs_dtvt_13/logs0/virtuoso_ade_debug.log", "logFileSize": "156744"}
[2026-04-19 12:25:59.588 +0700] [INFO] [cadence.virtuoso.ade.pointevaluator] - Started netlisting {"history": "ExplorerRun.0", "point": 1, "testname": "my_lib_ota_amp_tb_1"}
[2026-04-19 12:26:00.220 +0700] [INFO] [cadence.virtuoso.ade.pointevaluator] - Finished netlisting {"history": "ExplorerRun.0", "point": 1, "testname": "my_lib_ota_amp_tb_1"}
[2026-04-19 12:26:00.220 +0700] [INFO] [cadence.virtuoso.ade.pointevaluator] - Submitted {"history": "ExplorerRun.0", "point": 1, "testname": "my_lib_ota_amp_tb_1"}
[2026-04-19 12:26:04.382 +0700] [PROCESS] [cadence.virtuoso.ade.gui] - /home/dtvt_13/truong/.tmp_dtvt_13/.cmddir0/swiftJob9 is starting {"logfile": "/home/dtvt_13/truong/logs_dtvt_13/logs0/Job9.log"}
[2026-04-19 12:26:04.382 +0700] [PROCESS] [cadence.virtuoso.ade.gui] - Simulation Monitor process '20869' is starting up on host 'dtvt_13' {"logfile": "/home/dtvt_13/truong/logs_dtvt_13/logs0/Job9.log"}
[2026-04-19 12:26:26.114 +0700] [PROCESS] [cadence.virtuoso.ade.gui] - ln: failed to create symbolic link '/home/dtvt_13/simulation/my_lib/ota_amp_tb/maestro/results/maestro/ExplorerRun.0/1/my_lib_ota_amp_tb_1/netlist/exprOutputs.log': File exists
 {"logfile": "/home/dtvt_13/truong/logs_dtvt_13/logs0/Job9.log"}
[2026-04-19 12:26:26.114 +0700] [PROCESS] [cadence.virtuoso.ade.gui] - ln: failed to create symbolic link '/home/dtvt_13/simulation/my_lib/ota_amp_tb/maestro/results/maestro/ExplorerRun.0/1/my_lib_ota_amp_tb_1/netlist/amps_evaluator.log': File exists
 {"logfile": "/home/dtvt_13/truong/logs_dtvt_13/logs0/Job9.log"}
[2026-04-19 12:26:27.378 +0700] [INFO] [cadence.virtuoso.ade.gui] - Point completed {"history": "ExplorerRun.0", "point": 1, "testname": "my_lib_ota_amp_tb_1"}
[2026-04-19 12:26:27.378 +0700] [EVENT] [cadence.virtuoso.ade.gui] - HistoryFinished {"history": "ExplorerRun.0", "point": 1, "testname": "my_lib_ota_amp_tb_1", "event": "HistoryFinished", "EventSource": "ADE GUI", "HistoryName": "ExplorerRun.0"}
[2026-04-19 12:27:08.585 +0700] [EVENT] [cadence.virtuoso.ade.gui] - NewHistoryCreated {"history": "ExplorerRun.0", "point": 1, "testname": "my_lib_ota_amp_tb_1", "event": "NewHistoryCreated", "EventSource": "ADE GUI", "HistoryName": "ExplorerRun.0", "WorkDir": "/home/dtvt_13/truong", "HistorySimDir": "/home/dtvt_13/simulation/my_lib/ota_amp_tb/maestro/results/maestro/ExplorerRun.0", "HistoryResultsDir": "/home/dtvt_13/truong/my_lib/ota_amp_tb/maestro/results/maestro"}
[2026-04-19 12:27:08.585 +0700] [PROCESS] [cadence.virtuoso.ade.gui] - History Setup {"hostname": "dtvt_13", "processid": 28387, "history": "ExplorerRun.0", "testname": "my_lib_ota_amp_tb_1", "point": 1, "logfile": "/home/dtvt_13/truong/logs_dtvt_13/logs0/virtuoso_ade_debug.log", "jobmode": "LSCS", "runmode": "Single Run, Sweeps and Corners", "lib": "my_lib", "cell": "ota_amp_tb", "view": "maestro", "icversion": "sub-version  IC6.1.8-64b.500.28 ", "runstart": "Sun Apr 19 12:27:08 2026\n", "timezonelocal": "+000", "spectreversion": "unknown", "jobpolicyname": "", "maxjobs": "unknown", "ncjobpolicyname": "", "ncmaxjobs": "unknown", "numtests": "1", "runfinished": "unknown", "runelapsed": "-1", "numcorners": "1"}
[2026-04-19 12:27:09.241 +0700] [INFO] [cadence.virtuoso.ade.gui] - Simulation will use spectre batch mode because the GCC version used by Spectre and Virtuoso are not compatible. {"history": "ExplorerRun.0", "point": 1, "testname": "my_lib_ota_amp_tb_1", "detailed_message": "", "message_id": "EXPLORER-5024"}
[2026-04-19 12:27:09.241 +0700] [EVENT] [cadence.virtuoso.ade.pointevaluator] - NewPoint {"history": "ExplorerRun.0", "point": 1, "testname": "my_lib_ota_amp_tb_1", "event": "NewPoint", "EventSource": "ADE GUI", "HistoryName": "ExplorerRun.0", "logFile": "/home/dtvt_13/truong/logs_dtvt_13/logs0/virtuoso_ade_debug.log", "logFileSize": "160548"}
[2026-04-19 12:27:09.241 +0700] [INFO] [cadence.virtuoso.ade.pointevaluator] - Started netlisting {"history": "ExplorerRun.0", "point": 1, "testname": "my_lib_ota_amp_tb_1"}
[2026-04-19 12:27:09.241 +0700] [INFO] [cadence.virtuoso.ade.pointevaluator] - Finished netlisting {"history": "ExplorerRun.0", "point": 1, "testname": "my_lib_ota_amp_tb_1"}
[2026-04-19 12:27:09.241 +0700] [INFO] [cadence.virtuoso.ade.pointevaluator] - Submitted {"history": "ExplorerRun.0", "point": 1, "testname": "my_lib_ota_amp_tb_1"}
[2026-04-19 12:27:32.093 +0700] [PROCESS] [cadence.virtuoso.ade.gui] - ln: failed to create symbolic link '/home/dtvt_13/simulation/my_lib/ota_amp_tb/maestro/results/maestro/ExplorerRun.0/1/my_lib_ota_amp_tb_1/netlist/exprOutputs.log': File exists
 {"logfile": "/home/dtvt_13/truong/logs_dtvt_13/logs0/Job9.log"}
[2026-04-19 12:27:32.093 +0700] [PROCESS] [cadence.virtuoso.ade.gui] - ln: failed to create symbolic link '/home/dtvt_13/simulation/my_lib/ota_amp_tb/maestro/results/maestro/ExplorerRun.0/1/my_lib_ota_amp_tb_1/netlist/amps_evaluator.log': File exists
 {"logfile": "/home/dtvt_13/truong/logs_dtvt_13/logs0/Job9.log"}
[2026-04-19 12:27:33.380 +0700] [INFO] [cadence.virtuoso.ade.gui] - Point completed {"history": "ExplorerRun.0", "point": 1, "testname": "my_lib_ota_amp_tb_1"}
[2026-04-19 12:27:33.380 +0700] [EVENT] [cadence.virtuoso.ade.gui] - HistoryFinished {"history": "ExplorerRun.0", "point": 1, "testname": "my_lib_ota_amp_tb_1", "event": "HistoryFinished", "EventSource": "ADE GUI", "HistoryName": "ExplorerRun.0"}
[2026-04-19 12:33:44.734 +0700] [EVENT] [cadence.virtuoso.ade.gui] - NewHistoryCreated {"history": "ExplorerRun.0", "point": 1, "testname": "my_lib_ota_amp_tb_1", "event": "NewHistoryCreated", "EventSource": "ADE GUI", "HistoryName": "ExplorerRun.0", "WorkDir": "/home/dtvt_13/truong", "HistorySimDir": "/home/dtvt_13/simulation/my_lib/ota_amp_tb/maestro/results/maestro/ExplorerRun.0", "HistoryResultsDir": "/home/dtvt_13/truong/my_lib/ota_amp_tb/maestro/results/maestro"}
[2026-04-19 12:33:44.734 +0700] [PROCESS] [cadence.virtuoso.ade.gui] - History Setup {"hostname": "dtvt_13", "processid": 28387, "history": "ExplorerRun.0", "testname": "my_lib_ota_amp_tb_1", "point": 1, "logfile": "/home/dtvt_13/truong/logs_dtvt_13/logs0/virtuoso_ade_debug.log", "jobmode": "LSCS", "runmode": "Single Run, Sweeps and Corners", "lib": "my_lib", "cell": "ota_amp_tb", "view": "maestro", "icversion": "sub-version  IC6.1.8-64b.500.28 ", "runstart": "Sun Apr 19 12:33:44 2026\n", "timezonelocal": "+000", "spectreversion": "unknown", "jobpolicyname": "", "maxjobs": "unknown", "ncjobpolicyname": "", "ncmaxjobs": "unknown", "numtests": "1", "runfinished": "unknown", "runelapsed": "-1", "numcorners": "1"}
[2026-04-19 12:33:45.382 +0700] [INFO] [cadence.virtuoso.ade.gui] - Simulation will use spectre batch mode because the GCC version used by Spectre and Virtuoso are not compatible. {"history": "ExplorerRun.0", "point": 1, "testname": "my_lib_ota_amp_tb_1", "detailed_message": "", "message_id": "EXPLORER-5024"}
[2026-04-19 12:33:45.382 +0700] [EVENT] [cadence.virtuoso.ade.pointevaluator] - NewPoint {"history": "ExplorerRun.0", "point": 1, "testname": "my_lib_ota_amp_tb_1", "event": "NewPoint", "EventSource": "ADE GUI", "HistoryName": "ExplorerRun.0", "logFile": "/home/dtvt_13/truong/logs_dtvt_13/logs0/virtuoso_ade_debug.log", "logFileSize": "163949"}
[2026-04-19 12:33:45.382 +0700] [INFO] [cadence.virtuoso.ade.pointevaluator] - Started netlisting {"history": "ExplorerRun.0", "point": 1, "testname": "my_lib_ota_amp_tb_1"}
[2026-04-19 12:33:45.382 +0700] [INFO] [cadence.virtuoso.ade.pointevaluator] - Finished netlisting {"history": "ExplorerRun.0", "point": 1, "testname": "my_lib_ota_amp_tb_1"}
[2026-04-19 12:33:45.382 +0700] [INFO] [cadence.virtuoso.ade.pointevaluator] - Submitted {"history": "ExplorerRun.0", "point": 1, "testname": "my_lib_ota_amp_tb_1"}
[2026-04-19 12:33:50.394 +0700] [PROCESS] [cadence.virtuoso.ade.gui] - /home/dtvt_13/truong/.tmp_dtvt_13/.cmddir0/swiftJob10 is starting {"logfile": "/home/dtvt_13/truong/logs_dtvt_13/logs0/Job10.log"}
[2026-04-19 12:33:50.394 +0700] [PROCESS] [cadence.virtuoso.ade.gui] - Simulation Monitor process '23418' is starting up on host 'dtvt_13' {"logfile": "/home/dtvt_13/truong/logs_dtvt_13/logs0/Job10.log"}
[2026-04-19 12:34:12.671 +0700] [PROCESS] [cadence.virtuoso.ade.gui] - ln: failed to create symbolic link '/home/dtvt_13/simulation/my_lib/ota_amp_tb/maestro/results/maestro/ExplorerRun.0/1/my_lib_ota_amp_tb_1/netlist/exprOutputs.log': File exists
 {"logfile": "/home/dtvt_13/truong/logs_dtvt_13/logs0/Job10.log"}
[2026-04-19 12:34:12.671 +0700] [PROCESS] [cadence.virtuoso.ade.gui] - ln: failed to create symbolic link '/home/dtvt_13/simulation/my_lib/ota_amp_tb/maestro/results/maestro/ExplorerRun.0/1/my_lib_ota_amp_tb_1/netlist/amps_evaluator.log': File exists
 {"logfile": "/home/dtvt_13/truong/logs_dtvt_13/logs0/Job10.log"}
[2026-04-19 12:34:13.381 +0700] [INFO] [cadence.virtuoso.ade.gui] - Point completed {"history": "ExplorerRun.0", "point": 1, "testname": "my_lib_ota_amp_tb_1"}
[2026-04-19 12:34:13.381 +0700] [EVENT] [cadence.virtuoso.ade.gui] - HistoryFinished {"history": "ExplorerRun.0", "point": 1, "testname": "my_lib_ota_amp_tb_1", "event": "HistoryFinished", "EventSource": "ADE GUI", "HistoryName": "ExplorerRun.0"}
[2026-04-19 12:34:29.055 +0700] [EVENT] [cadence.virtuoso.ade.gui] - NewHistoryCreated {"history": "ExplorerRun.0", "point": 1, "testname": "my_lib_ota_amp_tb_1", "event": "NewHistoryCreated", "EventSource": "ADE GUI", "HistoryName": "ExplorerRun.0", "WorkDir": "/home/dtvt_13/truong", "HistorySimDir": "/home/dtvt_13/simulation/my_lib/ota_amp_tb/maestro/results/maestro/ExplorerRun.0", "HistoryResultsDir": "/home/dtvt_13/truong/my_lib/ota_amp_tb/maestro/results/maestro"}
[2026-04-19 12:34:29.055 +0700] [PROCESS] [cadence.virtuoso.ade.gui] - History Setup {"hostname": "dtvt_13", "processid": 28387, "history": "ExplorerRun.0", "testname": "my_lib_ota_amp_tb_1", "point": 1, "logfile": "/home/dtvt_13/truong/logs_dtvt_13/logs0/virtuoso_ade_debug.log", "jobmode": "LSCS", "runmode": "Single Run, Sweeps and Corners", "lib": "my_lib", "cell": "ota_amp_tb", "view": "maestro", "icversion": "sub-version  IC6.1.8-64b.500.28 ", "runstart": "Sun Apr 19 12:34:29 2026\n", "timezonelocal": "+000", "spectreversion": "unknown", "jobpolicyname": "", "maxjobs": "unknown", "ncjobpolicyname": "", "ncmaxjobs": "unknown", "numtests": "1", "runfinished": "unknown", "runelapsed": "-1", "numcorners": "1"}
[2026-04-19 12:34:29.055 +0700] [INFO] [cadence.virtuoso.ade.gui] - Simulation will use spectre batch mode because the GCC version used by Spectre and Virtuoso are not compatible. {"history": "ExplorerRun.0", "point": 1, "testname": "my_lib_ota_amp_tb_1", "detailed_message": "", "message_id": "EXPLORER-5024"}
[2026-04-19 12:34:30.274 +0700] [EVENT] [cadence.virtuoso.ade.pointevaluator] - NewPoint {"history": "ExplorerRun.0", "point": 1, "testname": "my_lib_ota_amp_tb_1", "event": "NewPoint", "EventSource": "ADE GUI", "HistoryName": "ExplorerRun.0", "logFile": "/home/dtvt_13/truong/logs_dtvt_13/logs0/virtuoso_ade_debug.log", "logFileSize": "167758"}
[2026-04-19 12:34:30.274 +0700] [INFO] [cadence.virtuoso.ade.pointevaluator] - Started netlisting {"history": "ExplorerRun.0", "point": 1, "testname": "my_lib_ota_amp_tb_1"}
[2026-04-19 12:34:30.274 +0700] [INFO] [cadence.virtuoso.ade.pointevaluator] - Finished netlisting {"history": "ExplorerRun.0", "point": 1, "testname": "my_lib_ota_amp_tb_1"}
[2026-04-19 12:34:30.274 +0700] [INFO] [cadence.virtuoso.ade.pointevaluator] - Submitted {"history": "ExplorerRun.0", "point": 1, "testname": "my_lib_ota_amp_tb_1"}
[2026-04-19 12:34:52.678 +0700] [PROCESS] [cadence.virtuoso.ade.gui] - ln: failed to create symbolic link '/home/dtvt_13/simulation/my_lib/ota_amp_tb/maestro/results/maestro/ExplorerRun.0/1/my_lib_ota_amp_tb_1/netlist/exprOutputs.log': File exists
 {"logfile": "/home/dtvt_13/truong/logs_dtvt_13/logs0/Job10.log"}
[2026-04-19 12:34:52.678 +0700] [PROCESS] [cadence.virtuoso.ade.gui] - ln: failed to create symbolic link '/home/dtvt_13/simulation/my_lib/ota_amp_tb/maestro/results/maestro/ExplorerRun.0/1/my_lib_ota_amp_tb_1/netlist/amps_evaluator.log': File exists
 {"logfile": "/home/dtvt_13/truong/logs_dtvt_13/logs0/Job10.log"}
[2026-04-19 12:34:53.377 +0700] [INFO] [cadence.virtuoso.ade.gui] - Point completed {"history": "ExplorerRun.0", "point": 1, "testname": "my_lib_ota_amp_tb_1"}
[2026-04-19 12:34:53.377 +0700] [EVENT] [cadence.virtuoso.ade.gui] - HistoryFinished {"history": "ExplorerRun.0", "point": 1, "testname": "my_lib_ota_amp_tb_1", "event": "HistoryFinished", "EventSource": "ADE GUI", "HistoryName": "ExplorerRun.0"}
[2026-04-19 12:40:01.778 +0700] [EVENT] [cadence.virtuoso.ade.gui] - NewHistoryCreated {"history": "ExplorerRun.0", "point": 1, "testname": "my_lib_ota_amp_tb_1", "event": "NewHistoryCreated", "EventSource": "ADE GUI", "HistoryName": "ExplorerRun.0", "WorkDir": "/home/dtvt_13/truong", "HistorySimDir": "/home/dtvt_13/simulation/my_lib/ota_amp_tb/maestro/results/maestro/ExplorerRun.0", "HistoryResultsDir": "/home/dtvt_13/truong/my_lib/ota_amp_tb/maestro/results/maestro"}
[2026-04-19 12:40:01.778 +0700] [PROCESS] [cadence.virtuoso.ade.gui] - History Setup {"hostname": "dtvt_13", "processid": 28387, "history": "ExplorerRun.0", "testname": "my_lib_ota_amp_tb_1", "point": 1, "logfile": "/home/dtvt_13/truong/logs_dtvt_13/logs0/virtuoso_ade_debug.log", "jobmode": "LSCS", "runmode": "Single Run, Sweeps and Corners", "lib": "my_lib", "cell": "ota_amp_tb", "view": "maestro", "icversion": "sub-version  IC6.1.8-64b.500.28 ", "runstart": "Sun Apr 19 12:40:01 2026\n", "timezonelocal": "+000", "spectreversion": "unknown", "jobpolicyname": "", "maxjobs": "unknown", "ncjobpolicyname": "", "ncmaxjobs": "unknown", "numtests": "1", "runfinished": "unknown", "runelapsed": "-1", "numcorners": "1"}
[2026-04-19 12:40:02.407 +0700] [INFO] [cadence.virtuoso.ade.gui] - Simulation will use spectre batch mode because the GCC version used by Spectre and Virtuoso are not compatible. {"history": "ExplorerRun.0", "point": 1, "testname": "my_lib_ota_amp_tb_1", "detailed_message": "", "message_id": "EXPLORER-5024"}
[2026-04-19 12:40:02.407 +0700] [EVENT] [cadence.virtuoso.ade.pointevaluator] - NewPoint {"history": "ExplorerRun.0", "point": 1, "testname": "my_lib_ota_amp_tb_1", "event": "NewPoint", "EventSource": "ADE GUI", "HistoryName": "ExplorerRun.0", "logFile": "/home/dtvt_13/truong/logs_dtvt_13/logs0/virtuoso_ade_debug.log", "logFileSize": "171161"}
[2026-04-19 12:40:02.407 +0700] [INFO] [cadence.virtuoso.ade.pointevaluator] - Started netlisting {"history": "ExplorerRun.0", "point": 1, "testname": "my_lib_ota_amp_tb_1"}
[2026-04-19 12:40:02.407 +0700] [INFO] [cadence.virtuoso.ade.pointevaluator] - Finished netlisting {"history": "ExplorerRun.0", "point": 1, "testname": "my_lib_ota_amp_tb_1"}
[2026-04-19 12:40:02.407 +0700] [INFO] [cadence.virtuoso.ade.pointevaluator] - Submitted {"history": "ExplorerRun.0", "point": 1, "testname": "my_lib_ota_amp_tb_1"}
[2026-04-19 12:40:07.380 +0700] [PROCESS] [cadence.virtuoso.ade.gui] - /home/dtvt_13/truong/.tmp_dtvt_13/.cmddir0/swiftJob11 is starting {"logfile": "/home/dtvt_13/truong/logs_dtvt_13/logs0/Job11.log"}
[2026-04-19 12:40:07.380 +0700] [PROCESS] [cadence.virtuoso.ade.gui] - Simulation Monitor process '25708' is starting up on host 'dtvt_13' {"logfile": "/home/dtvt_13/truong/logs_dtvt_13/logs0/Job11.log"}
[2026-04-19 12:40:28.993 +0700] [PROCESS] [cadence.virtuoso.ade.gui] - ln: failed to create symbolic link '/home/dtvt_13/simulation/my_lib/ota_amp_tb/maestro/results/maestro/ExplorerRun.0/1/my_lib_ota_amp_tb_1/netlist/exprOutputs.log': File exists
 {"logfile": "/home/dtvt_13/truong/logs_dtvt_13/logs0/Job11.log"}
[2026-04-19 12:40:28.993 +0700] [PROCESS] [cadence.virtuoso.ade.gui] - ln: failed to create symbolic link '/home/dtvt_13/simulation/my_lib/ota_amp_tb/maestro/results/maestro/ExplorerRun.0/1/my_lib_ota_amp_tb_1/netlist/amps_evaluator.log': File exists
 {"logfile": "/home/dtvt_13/truong/logs_dtvt_13/logs0/Job11.log"}
[2026-04-19 12:40:30.380 +0700] [INFO] [cadence.virtuoso.ade.gui] - Point completed {"history": "ExplorerRun.0", "point": 1, "testname": "my_lib_ota_amp_tb_1"}
[2026-04-19 12:40:30.380 +0700] [EVENT] [cadence.virtuoso.ade.gui] - HistoryFinished {"history": "ExplorerRun.0", "point": 1, "testname": "my_lib_ota_amp_tb_1", "event": "HistoryFinished", "EventSource": "ADE GUI", "HistoryName": "ExplorerRun.0"}
[2026-04-19 12:41:21.359 +0700] [EVENT] [cadence.virtuoso.ade.gui] - NewHistoryCreated {"history": "ExplorerRun.0", "point": 1, "testname": "my_lib_ota_amp_tb_1", "event": "NewHistoryCreated", "EventSource": "ADE GUI", "HistoryName": "ExplorerRun.0", "WorkDir": "/home/dtvt_13/truong", "HistorySimDir": "/home/dtvt_13/simulation/my_lib/ota_amp_tb/maestro/results/maestro/ExplorerRun.0", "HistoryResultsDir": "/home/dtvt_13/truong/my_lib/ota_amp_tb/maestro/results/maestro"}
[2026-04-19 12:41:21.359 +0700] [PROCESS] [cadence.virtuoso.ade.gui] - History Setup {"hostname": "dtvt_13", "processid": 28387, "history": "ExplorerRun.0", "testname": "my_lib_ota_amp_tb_1", "point": 1, "logfile": "/home/dtvt_13/truong/logs_dtvt_13/logs0/virtuoso_ade_debug.log", "jobmode": "LSCS", "runmode": "Single Run, Sweeps and Corners", "lib": "my_lib", "cell": "ota_amp_tb", "view": "maestro", "icversion": "sub-version  IC6.1.8-64b.500.28 ", "runstart": "Sun Apr 19 12:41:21 2026\n", "timezonelocal": "+000", "spectreversion": "unknown", "jobpolicyname": "", "maxjobs": "unknown", "ncjobpolicyname": "", "ncmaxjobs": "unknown", "numtests": "1", "runfinished": "unknown", "runelapsed": "-1", "numcorners": "1"}
[2026-04-19 12:41:22.301 +0700] [INFO] [cadence.virtuoso.ade.gui] - Simulation will use spectre batch mode because the GCC version used by Spectre and Virtuoso are not compatible. {"history": "ExplorerRun.0", "point": 1, "testname": "my_lib_ota_amp_tb_1", "detailed_message": "", "message_id": "EXPLORER-5024"}
[2026-04-19 12:41:22.301 +0700] [EVENT] [cadence.virtuoso.ade.pointevaluator] - NewPoint {"history": "ExplorerRun.0", "point": 1, "testname": "my_lib_ota_amp_tb_1", "event": "NewPoint", "EventSource": "ADE GUI", "HistoryName": "ExplorerRun.0", "logFile": "/home/dtvt_13/truong/logs_dtvt_13/logs0/virtuoso_ade_debug.log", "logFileSize": "174970"}
[2026-04-19 12:41:22.301 +0700] [INFO] [cadence.virtuoso.ade.pointevaluator] - Started netlisting {"history": "ExplorerRun.0", "point": 1, "testname": "my_lib_ota_amp_tb_1"}
[2026-04-19 12:41:23.030 +0700] [INFO] [cadence.virtuoso.ade.pointevaluator] - Finished netlisting {"history": "ExplorerRun.0", "point": 1, "testname": "my_lib_ota_amp_tb_1"}
[2026-04-19 12:41:23.030 +0700] [INFO] [cadence.virtuoso.ade.pointevaluator] - Submitted {"history": "ExplorerRun.0", "point": 1, "testname": "my_lib_ota_amp_tb_1"}
[2026-04-19 12:41:45.181 +0700] [PROCESS] [cadence.virtuoso.ade.gui] - ln: failed to create symbolic link '/home/dtvt_13/simulation/my_lib/ota_amp_tb/maestro/results/maestro/ExplorerRun.0/1/my_lib_ota_amp_tb_1/netlist/exprOutputs.log': File exists
 {"logfile": "/home/dtvt_13/truong/logs_dtvt_13/logs0/Job11.log"}
[2026-04-19 12:41:45.181 +0700] [PROCESS] [cadence.virtuoso.ade.gui] - ln: failed to create symbolic link '/home/dtvt_13/simulation/my_lib/ota_amp_tb/maestro/results/maestro/ExplorerRun.0/1/my_lib_ota_amp_tb_1/netlist/amps_evaluator.log': File exists
 {"logfile": "/home/dtvt_13/truong/logs_dtvt_13/logs0/Job11.log"}
[2026-04-19 12:41:46.381 +0700] [INFO] [cadence.virtuoso.ade.gui] - Point completed {"history": "ExplorerRun.0", "point": 1, "testname": "my_lib_ota_amp_tb_1"}
[2026-04-19 12:41:46.381 +0700] [EVENT] [cadence.virtuoso.ade.gui] - HistoryFinished {"history": "ExplorerRun.0", "point": 1, "testname": "my_lib_ota_amp_tb_1", "event": "HistoryFinished", "EventSource": "ADE GUI", "HistoryName": "ExplorerRun.0"}
[2026-04-19 12:42:28.927 +0700] [EVENT] [cadence.virtuoso.ade.gui] - NewHistoryCreated {"history": "ExplorerRun.0", "point": 1, "testname": "my_lib_ota_amp_tb_1", "event": "NewHistoryCreated", "EventSource": "ADE GUI", "HistoryName": "ExplorerRun.0", "WorkDir": "/home/dtvt_13/truong", "HistorySimDir": "/home/dtvt_13/simulation/my_lib/ota_amp_tb/maestro/results/maestro/ExplorerRun.0", "HistoryResultsDir": "/home/dtvt_13/truong/my_lib/ota_amp_tb/maestro/results/maestro"}
[2026-04-19 12:42:28.927 +0700] [PROCESS] [cadence.virtuoso.ade.gui] - History Setup {"hostname": "dtvt_13", "processid": 28387, "history": "ExplorerRun.0", "testname": "my_lib_ota_amp_tb_1", "point": 1, "logfile": "/home/dtvt_13/truong/logs_dtvt_13/logs0/virtuoso_ade_debug.log", "jobmode": "LSCS", "runmode": "Single Run, Sweeps and Corners", "lib": "my_lib", "cell": "ota_amp_tb", "view": "maestro", "icversion": "sub-version  IC6.1.8-64b.500.28 ", "runstart": "Sun Apr 19 12:42:28 2026\n", "timezonelocal": "+000", "spectreversion": "unknown", "jobpolicyname": "", "maxjobs": "unknown", "ncjobpolicyname": "", "ncmaxjobs": "unknown", "numtests": "1", "runfinished": "unknown", "runelapsed": "-1", "numcorners": "1"}
[2026-04-19 12:42:29.877 +0700] [INFO] [cadence.virtuoso.ade.gui] - Simulation will use spectre batch mode because the GCC version used by Spectre and Virtuoso are not compatible. {"history": "ExplorerRun.0", "point": 1, "testname": "my_lib_ota_amp_tb_1", "detailed_message": "", "message_id": "EXPLORER-5024"}
[2026-04-19 12:42:30.266 +0700] [EVENT] [cadence.virtuoso.ade.pointevaluator] - NewPoint {"history": "ExplorerRun.0", "point": 1, "testname": "my_lib_ota_amp_tb_1", "event": "NewPoint", "EventSource": "ADE GUI", "HistoryName": "ExplorerRun.0", "logFile": "/home/dtvt_13/truong/logs_dtvt_13/logs0/virtuoso_ade_debug.log", "logFileSize": "178373"}
[2026-04-19 12:42:30.266 +0700] [INFO] [cadence.virtuoso.ade.pointevaluator] - Started netlisting {"history": "ExplorerRun.0", "point": 1, "testname": "my_lib_ota_amp_tb_1"}
[2026-04-19 12:42:30.266 +0700] [INFO] [cadence.virtuoso.ade.pointevaluator] - Finished netlisting {"history": "ExplorerRun.0", "point": 1, "testname": "my_lib_ota_amp_tb_1"}
[2026-04-19 12:42:30.266 +0700] [INFO] [cadence.virtuoso.ade.pointevaluator] - Submitted {"history": "ExplorerRun.0", "point": 1, "testname": "my_lib_ota_amp_tb_1"}
[2026-04-19 12:42:52.209 +0700] [PROCESS] [cadence.virtuoso.ade.gui] - ln: failed to create symbolic link '/home/dtvt_13/simulation/my_lib/ota_amp_tb/maestro/results/maestro/ExplorerRun.0/1/my_lib_ota_amp_tb_1/netlist/exprOutputs.log': File exists
 {"logfile": "/home/dtvt_13/truong/logs_dtvt_13/logs0/Job11.log"}
[2026-04-19 12:42:52.209 +0700] [PROCESS] [cadence.virtuoso.ade.gui] - ln: failed to create symbolic link '/home/dtvt_13/simulation/my_lib/ota_amp_tb/maestro/results/maestro/ExplorerRun.0/1/my_lib_ota_amp_tb_1/netlist/amps_evaluator.log' {"logfile": "/home/dtvt_13/truong/logs_dtvt_13/logs0/Job11.log"}
[2026-04-19 12:42:52.209 +0700] [PROCESS] [cadence.virtuoso.ade.gui] - : File exists
 {"logfile": "/home/dtvt_13/truong/logs_dtvt_13/logs0/Job11.log"}
[2026-04-19 12:42:53.381 +0700] [INFO] [cadence.virtuoso.ade.gui] - Point completed {"history": "ExplorerRun.0", "point": 1, "testname": "my_lib_ota_amp_tb_1"}
[2026-04-19 12:42:53.381 +0700] [EVENT] [cadence.virtuoso.ade.gui] - HistoryFinished {"history": "ExplorerRun.0", "point": 1, "testname": "my_lib_ota_amp_tb_1", "event": "HistoryFinished", "EventSource": "ADE GUI", "HistoryName": "ExplorerRun.0"}
[2026-04-19 12:43:05.651 +0700] [EVENT] [cadence.virtuoso.ade.gui] - NewHistoryCreated {"history": "ExplorerRun.0", "point": 1, "testname": "my_lib_ota_amp_tb_1", "event": "NewHistoryCreated", "EventSource": "ADE GUI", "HistoryName": "ExplorerRun.0", "WorkDir": "/home/dtvt_13/truong", "HistorySimDir": "/home/dtvt_13/simulation/my_lib/ota_amp_tb/maestro/results/maestro/ExplorerRun.0", "HistoryResultsDir": "/home/dtvt_13/truong/my_lib/ota_amp_tb/maestro/results/maestro"}
[2026-04-19 12:43:05.651 +0700] [PROCESS] [cadence.virtuoso.ade.gui] - History Setup {"hostname": "dtvt_13", "processid": 28387, "history": "ExplorerRun.0", "testname": "my_lib_ota_amp_tb_1", "point": 1, "logfile": "/home/dtvt_13/truong/logs_dtvt_13/logs0/virtuoso_ade_debug.log", "jobmode": "LSCS", "runmode": "Single Run, Sweeps and Corners", "lib": "my_lib", "cell": "ota_amp_tb", "view": "maestro", "icversion": "sub-version  IC6.1.8-64b.500.28 ", "runstart": "Sun Apr 19 12:43:05 2026\n", "timezonelocal": "+000", "spectreversion": "unknown", "jobpolicyname": "", "maxjobs": "unknown", "ncjobpolicyname": "", "ncmaxjobs": "unknown", "numtests": "1", "runfinished": "unknown", "runelapsed": "-1", "numcorners": "1"}
[2026-04-19 12:43:06.578 +0700] [INFO] [cadence.virtuoso.ade.gui] - Simulation will use spectre batch mode because the GCC version used by Spectre and Virtuoso are not compatible. {"history": "ExplorerRun.0", "point": 1, "testname": "my_lib_ota_amp_tb_1", "detailed_message": "", "message_id": "EXPLORER-5024"}
[2026-04-19 12:43:06.578 +0700] [EVENT] [cadence.virtuoso.ade.pointevaluator] - NewPoint {"history": "ExplorerRun.0", "point": 1, "testname": "my_lib_ota_amp_tb_1", "event": "NewPoint", "EventSource": "ADE GUI", "HistoryName": "ExplorerRun.0", "logFile": "/home/dtvt_13/truong/logs_dtvt_13/logs0/virtuoso_ade_debug.log", "logFileSize": "181913"}
[2026-04-19 12:43:06.578 +0700] [INFO] [cadence.virtuoso.ade.pointevaluator] - Started netlisting {"history": "ExplorerRun.0", "point": 1, "testname": "my_lib_ota_amp_tb_1"}
[2026-04-19 12:43:07.197 +0700] [INFO] [cadence.virtuoso.ade.pointevaluator] - Finished netlisting {"history": "ExplorerRun.0", "point": 1, "testname": "my_lib_ota_amp_tb_1"}
[2026-04-19 12:43:07.197 +0700] [INFO] [cadence.virtuoso.ade.pointevaluator] - Submitted {"history": "ExplorerRun.0", "point": 1, "testname": "my_lib_ota_amp_tb_1"}
[2026-04-19 12:43:28.828 +0700] [PROCESS] [cadence.virtuoso.ade.gui] - ln: failed to create symbolic link '/home/dtvt_13/simulation/my_lib/ota_amp_tb/maestro/results/maestro/ExplorerRun.0/1/my_lib_ota_amp_tb_1/netlist/exprOutputs.log': File exists
 {"logfile": "/home/dtvt_13/truong/logs_dtvt_13/logs0/Job11.log"}
[2026-04-19 12:43:28.828 +0700] [PROCESS] [cadence.virtuoso.ade.gui] - ln: failed to create symbolic link '/home/dtvt_13/simulation/my_lib/ota_amp_tb/maestro/results/maestro/ExplorerRun.0/1/my_lib_ota_amp_tb_1/netlist/amps_evaluator.log': File exists
 {"logfile": "/home/dtvt_13/truong/logs_dtvt_13/logs0/Job11.log"}
[2026-04-19 12:43:30.378 +0700] [INFO] [cadence.virtuoso.ade.gui] - Point completed {"history": "ExplorerRun.0", "point": 1, "testname": "my_lib_ota_amp_tb_1"}
[2026-04-19 12:43:30.378 +0700] [EVENT] [cadence.virtuoso.ade.gui] - HistoryFinished {"history": "ExplorerRun.0", "point": 1, "testname": "my_lib_ota_amp_tb_1", "event": "HistoryFinished", "EventSource": "ADE GUI", "HistoryName": "ExplorerRun.0"}
[2026-04-19 12:43:52.354 +0700] [EVENT] [cadence.virtuoso.ade.gui] - NewHistoryCreated {"history": "ExplorerRun.0", "point": 1, "testname": "my_lib_ota_amp_tb_1", "event": "NewHistoryCreated", "EventSource": "ADE GUI", "HistoryName": "ExplorerRun.0", "WorkDir": "/home/dtvt_13/truong", "HistorySimDir": "/home/dtvt_13/simulation/my_lib/ota_amp_tb/maestro/results/maestro/ExplorerRun.0", "HistoryResultsDir": "/home/dtvt_13/truong/my_lib/ota_amp_tb/maestro/results/maestro"}
[2026-04-19 12:43:52.354 +0700] [PROCESS] [cadence.virtuoso.ade.gui] - History Setup {"hostname": "dtvt_13", "processid": 28387, "history": "ExplorerRun.0", "testname": "my_lib_ota_amp_tb_1", "point": 1, "logfile": "/home/dtvt_13/truong/logs_dtvt_13/logs0/virtuoso_ade_debug.log", "jobmode": "LSCS", "runmode": "Single Run, Sweeps and Corners", "lib": "my_lib", "cell": "ota_amp_tb", "view": "maestro", "icversion": "sub-version  IC6.1.8-64b.500.28 ", "runstart": "Sun Apr 19 12:43:52 2026\n", "timezonelocal": "+000", "spectreversion": "unknown", "jobpolicyname": "", "maxjobs": "unknown", "ncjobpolicyname": "", "ncmaxjobs": "unknown", "numtests": "1", "runfinished": "unknown", "runelapsed": "-1", "numcorners": "1"}
[2026-04-19 12:43:52.354 +0700] [INFO] [cadence.virtuoso.ade.gui] - Simulation will use spectre batch mode because the GCC version used by Spectre and Virtuoso are not compatible. {"history": "ExplorerRun.0", "point": 1, "testname": "my_lib_ota_amp_tb_1", "detailed_message": "", "message_id": "EXPLORER-5024"}
[2026-04-19 12:43:53.176 +0700] [EVENT] [cadence.virtuoso.ade.pointevaluator] - NewPoint {"history": "ExplorerRun.0", "point": 1, "testname": "my_lib_ota_amp_tb_1", "event": "NewPoint", "EventSource": "ADE GUI", "HistoryName": "ExplorerRun.0", "logFile": "/home/dtvt_13/truong/logs_dtvt_13/logs0/virtuoso_ade_debug.log", "logFileSize": "185316"}
[2026-04-19 12:43:53.176 +0700] [INFO] [cadence.virtuoso.ade.pointevaluator] - Started netlisting {"history": "ExplorerRun.0", "point": 1, "testname": "my_lib_ota_amp_tb_1"}
[2026-04-19 12:43:53.176 +0700] [INFO] [cadence.virtuoso.ade.pointevaluator] - Finished netlisting {"history": "ExplorerRun.0", "point": 1, "testname": "my_lib_ota_amp_tb_1"}
[2026-04-19 12:43:53.176 +0700] [INFO] [cadence.virtuoso.ade.pointevaluator] - Submitted {"history": "ExplorerRun.0", "point": 1, "testname": "my_lib_ota_amp_tb_1"}
[2026-04-19 12:44:15.090 +0700] [PROCESS] [cadence.virtuoso.ade.gui] - ln: failed to create symbolic link '/home/dtvt_13/simulation/my_lib/ota_amp_tb/maestro/results/maestro/ExplorerRun.0/1/my_lib_ota_amp_tb_1/netlist/exprOutputs.log': File exists
 {"logfile": "/home/dtvt_13/truong/logs_dtvt_13/logs0/Job11.log"}
[2026-04-19 12:44:15.090 +0700] [PROCESS] [cadence.virtuoso.ade.gui] - ln: failed to create symbolic link '/home/dtvt_13/simulation/my_lib/ota_amp_tb/maestro/results/maestro/ExplorerRun.0/1/my_lib_ota_amp_tb_1/netlist/amps_evaluator.log': File exists
 {"logfile": "/home/dtvt_13/truong/logs_dtvt_13/logs0/Job11.log"}
[2026-04-19 12:44:16.378 +0700] [INFO] [cadence.virtuoso.ade.gui] - Point completed {"history": "ExplorerRun.0", "point": 1, "testname": "my_lib_ota_amp_tb_1"}
[2026-04-19 12:44:16.378 +0700] [EVENT] [cadence.virtuoso.ade.gui] - HistoryFinished {"history": "ExplorerRun.0", "point": 1, "testname": "my_lib_ota_amp_tb_1", "event": "HistoryFinished", "EventSource": "ADE GUI", "HistoryName": "ExplorerRun.0"}
[2026-04-19 12:44:44.410 +0700] [EVENT] [cadence.virtuoso.ade.gui] - NewHistoryCreated {"history": "ExplorerRun.0", "point": 1, "testname": "my_lib_ota_amp_tb_1", "event": "NewHistoryCreated", "EventSource": "ADE GUI", "HistoryName": "ExplorerRun.0", "WorkDir": "/home/dtvt_13/truong", "HistorySimDir": "/home/dtvt_13/simulation/my_lib/ota_amp_tb/maestro/results/maestro/ExplorerRun.0", "HistoryResultsDir": "/home/dtvt_13/truong/my_lib/ota_amp_tb/maestro/results/maestro"}
[2026-04-19 12:44:44.410 +0700] [PROCESS] [cadence.virtuoso.ade.gui] - History Setup {"hostname": "dtvt_13", "processid": 28387, "history": "ExplorerRun.0", "testname": "my_lib_ota_amp_tb_1", "point": 1, "logfile": "/home/dtvt_13/truong/logs_dtvt_13/logs0/virtuoso_ade_debug.log", "jobmode": "LSCS", "runmode": "Single Run, Sweeps and Corners", "lib": "my_lib", "cell": "ota_amp_tb", "view": "maestro", "icversion": "sub-version  IC6.1.8-64b.500.28 ", "runstart": "Sun Apr 19 12:44:44 2026\n", "timezonelocal": "+000", "spectreversion": "unknown", "jobpolicyname": "", "maxjobs": "unknown", "ncjobpolicyname": "", "ncmaxjobs": "unknown", "numtests": "1", "runfinished": "unknown", "runelapsed": "-1", "numcorners": "1"}
[2026-04-19 12:44:45.331 +0700] [INFO] [cadence.virtuoso.ade.gui] - Simulation will use spectre batch mode because the GCC version used by Spectre and Virtuoso are not compatible. {"history": "ExplorerRun.0", "point": 1, "testname": "my_lib_ota_amp_tb_1", "detailed_message": "", "message_id": "EXPLORER-5024"}
[2026-04-19 12:44:45.331 +0700] [EVENT] [cadence.virtuoso.ade.pointevaluator] - NewPoint {"history": "ExplorerRun.0", "point": 1, "testname": "my_lib_ota_amp_tb_1", "event": "NewPoint", "EventSource": "ADE GUI", "HistoryName": "ExplorerRun.0", "logFile": "/home/dtvt_13/truong/logs_dtvt_13/logs0/virtuoso_ade_debug.log", "logFileSize": "188719"}
[2026-04-19 12:44:45.331 +0700] [INFO] [cadence.virtuoso.ade.pointevaluator] - Started netlisting {"history": "ExplorerRun.0", "point": 1, "testname": "my_lib_ota_amp_tb_1"}
[2026-04-19 12:44:46.120 +0700] [INFO] [cadence.virtuoso.ade.pointevaluator] - Finished netlisting {"history": "ExplorerRun.0", "point": 1, "testname": "my_lib_ota_amp_tb_1"}
[2026-04-19 12:44:46.120 +0700] [INFO] [cadence.virtuoso.ade.pointevaluator] - Submitted {"history": "ExplorerRun.0", "point": 1, "testname": "my_lib_ota_amp_tb_1"}
[2026-04-19 12:45:07.762 +0700] [PROCESS] [cadence.virtuoso.ade.gui] - ln: failed to create symbolic link '/home/dtvt_13/simulation/my_lib/ota_amp_tb/maestro/results/maestro/ExplorerRun.0/1/my_lib_ota_amp_tb_1/netlist/exprOutputs.log': File exists
 {"logfile": "/home/dtvt_13/truong/logs_dtvt_13/logs0/Job11.log"}
[2026-04-19 12:45:07.762 +0700] [PROCESS] [cadence.virtuoso.ade.gui] - ln: failed to create symbolic link '/home/dtvt_13/simulation/my_lib/ota_amp_tb/maestro/results/maestro/ExplorerRun.0/1/my_lib_ota_amp_tb_1/netlist/amps_evaluator.log': File exists
 {"logfile": "/home/dtvt_13/truong/logs_dtvt_13/logs0/Job11.log"}
[2026-04-19 12:45:08.379 +0700] [INFO] [cadence.virtuoso.ade.gui] - Point completed {"history": "ExplorerRun.0", "point": 1, "testname": "my_lib_ota_amp_tb_1"}
[2026-04-19 12:45:08.379 +0700] [EVENT] [cadence.virtuoso.ade.gui] - HistoryFinished {"history": "ExplorerRun.0", "point": 1, "testname": "my_lib_ota_amp_tb_1", "event": "HistoryFinished", "EventSource": "ADE GUI", "HistoryName": "ExplorerRun.0"}
[2026-04-19 12:45:55.716 +0700] [EVENT] [cadence.virtuoso.ade.gui] - NewHistoryCreated {"history": "ExplorerRun.0", "point": 1, "testname": "my_lib_ota_amp_tb_1", "event": "NewHistoryCreated", "EventSource": "ADE GUI", "HistoryName": "ExplorerRun.0", "WorkDir": "/home/dtvt_13/truong", "HistorySimDir": "/home/dtvt_13/simulation/my_lib/ota_amp_tb/maestro/results/maestro/ExplorerRun.0", "HistoryResultsDir": "/home/dtvt_13/truong/my_lib/ota_amp_tb/maestro/results/maestro"}
[2026-04-19 12:45:55.716 +0700] [PROCESS] [cadence.virtuoso.ade.gui] - History Setup {"hostname": "dtvt_13", "processid": 28387, "history": "ExplorerRun.0", "testname": "my_lib_ota_amp_tb_1", "point": 1, "logfile": "/home/dtvt_13/truong/logs_dtvt_13/logs0/virtuoso_ade_debug.log", "jobmode": "LSCS", "runmode": "Single Run, Sweeps and Corners", "lib": "my_lib", "cell": "ota_amp_tb", "view": "maestro", "icversion": "sub-version  IC6.1.8-64b.500.28 ", "runstart": "Sun Apr 19 12:45:55 2026\n", "timezonelocal": "+000", "spectreversion": "unknown", "jobpolicyname": "", "maxjobs": "unknown", "ncjobpolicyname": "", "ncmaxjobs": "unknown", "numtests": "1", "runfinished": "unknown", "runelapsed": "-1", "numcorners": "1"}
[2026-04-19 12:45:56.303 +0700] [INFO] [cadence.virtuoso.ade.gui] - Simulation will use spectre batch mode because the GCC version used by Spectre and Virtuoso are not compatible. {"history": "ExplorerRun.0", "point": 1, "testname": "my_lib_ota_amp_tb_1", "detailed_message": "", "message_id": "EXPLORER-5024"}
[2026-04-19 12:45:56.303 +0700] [EVENT] [cadence.virtuoso.ade.pointevaluator] - NewPoint {"history": "ExplorerRun.0", "point": 1, "testname": "my_lib_ota_amp_tb_1", "event": "NewPoint", "EventSource": "ADE GUI", "HistoryName": "ExplorerRun.0", "logFile": "/home/dtvt_13/truong/logs_dtvt_13/logs0/virtuoso_ade_debug.log", "logFileSize": "192122"}
[2026-04-19 12:45:56.303 +0700] [INFO] [cadence.virtuoso.ade.pointevaluator] - Started netlisting {"history": "ExplorerRun.0", "point": 1, "testname": "my_lib_ota_amp_tb_1"}
[2026-04-19 12:45:56.303 +0700] [INFO] [cadence.virtuoso.ade.pointevaluator] - Finished netlisting {"history": "ExplorerRun.0", "point": 1, "testname": "my_lib_ota_amp_tb_1"}
[2026-04-19 12:45:56.303 +0700] [INFO] [cadence.virtuoso.ade.pointevaluator] - Submitted {"history": "ExplorerRun.0", "point": 1, "testname": "my_lib_ota_amp_tb_1"}
[2026-04-19 12:46:18.851 +0700] [PROCESS] [cadence.virtuoso.ade.gui] - ln: failed to create symbolic link '/home/dtvt_13/simulation/my_lib/ota_amp_tb/maestro/results/maestro/ExplorerRun.0/1/my_lib_ota_amp_tb_1/netlist/exprOutputs.log': File exists
 {"logfile": "/home/dtvt_13/truong/logs_dtvt_13/logs0/Job11.log"}
[2026-04-19 12:46:18.851 +0700] [PROCESS] [cadence.virtuoso.ade.gui] - ln: failed to create symbolic link '/home/dtvt_13/simulation/my_lib/ota_amp_tb/maestro/results/maestro/ExplorerRun.0/1/my_lib_ota_amp_tb_1/netlist/amps_evaluator.log' {"logfile": "/home/dtvt_13/truong/logs_dtvt_13/logs0/Job11.log"}
[2026-04-19 12:46:18.851 +0700] [PROCESS] [cadence.virtuoso.ade.gui] - : File exists
 {"logfile": "/home/dtvt_13/truong/logs_dtvt_13/logs0/Job11.log"}
[2026-04-19 12:46:20.378 +0700] [INFO] [cadence.virtuoso.ade.gui] - Point completed {"history": "ExplorerRun.0", "point": 1, "testname": "my_lib_ota_amp_tb_1"}
[2026-04-19 12:46:20.378 +0700] [EVENT] [cadence.virtuoso.ade.gui] - HistoryFinished {"history": "ExplorerRun.0", "point": 1, "testname": "my_lib_ota_amp_tb_1", "event": "HistoryFinished", "EventSource": "ADE GUI", "HistoryName": "ExplorerRun.0"}
[2026-04-19 12:55:32.590 +0700] [EVENT] [cadence.virtuoso.ade.gui] - NewHistoryCreated {"history": "ExplorerRun.0", "point": 1, "testname": "my_lib_ota_amp_tb_1", "event": "NewHistoryCreated", "EventSource": "ADE GUI", "HistoryName": "ExplorerRun.0", "WorkDir": "/home/dtvt_13/truong", "HistorySimDir": "/home/dtvt_13/simulation/my_lib/ota_amp_tb/maestro/results/maestro/ExplorerRun.0", "HistoryResultsDir": "/home/dtvt_13/truong/my_lib/ota_amp_tb/maestro/results/maestro"}
[2026-04-19 12:55:32.590 +0700] [PROCESS] [cadence.virtuoso.ade.gui] - History Setup {"hostname": "dtvt_13", "processid": 28387, "history": "ExplorerRun.0", "testname": "my_lib_ota_amp_tb_1", "point": 1, "logfile": "/home/dtvt_13/truong/logs_dtvt_13/logs0/virtuoso_ade_debug.log", "jobmode": "LSCS", "runmode": "Single Run, Sweeps and Corners", "lib": "my_lib", "cell": "ota_amp_tb", "view": "maestro", "icversion": "sub-version  IC6.1.8-64b.500.28 ", "runstart": "Sun Apr 19 12:55:32 2026\n", "timezonelocal": "+000", "spectreversion": "unknown", "jobpolicyname": "", "maxjobs": "unknown", "ncjobpolicyname": "", "ncmaxjobs": "unknown", "numtests": "1", "runfinished": "unknown", "runelapsed": "-1", "numcorners": "1"}
[2026-04-19 12:55:33.607 +0700] [INFO] [cadence.virtuoso.ade.gui] - Simulation will use spectre batch mode because the GCC version used by Spectre and Virtuoso are not compatible. {"history": "ExplorerRun.0", "point": 1, "testname": "my_lib_ota_amp_tb_1", "detailed_message": "", "message_id": "EXPLORER-5024"}
[2026-04-19 12:55:33.607 +0700] [EVENT] [cadence.virtuoso.ade.pointevaluator] - NewPoint {"history": "ExplorerRun.0", "point": 1, "testname": "my_lib_ota_amp_tb_1", "event": "NewPoint", "EventSource": "ADE GUI", "HistoryName": "ExplorerRun.0", "logFile": "/home/dtvt_13/truong/logs_dtvt_13/logs0/virtuoso_ade_debug.log", "logFileSize": "195662"}
[2026-04-19 12:55:33.607 +0700] [INFO] [cadence.virtuoso.ade.pointevaluator] - Started netlisting {"history": "ExplorerRun.0", "point": 1, "testname": "my_lib_ota_amp_tb_1"}
[2026-04-19 12:55:34.173 +0700] [INFO] [cadence.virtuoso.ade.pointevaluator] - Finished netlisting {"history": "ExplorerRun.0", "point": 1, "testname": "my_lib_ota_amp_tb_1"}
[2026-04-19 12:55:34.173 +0700] [INFO] [cadence.virtuoso.ade.pointevaluator] - Submitted {"history": "ExplorerRun.0", "point": 1, "testname": "my_lib_ota_amp_tb_1"}
[2026-04-19 12:55:38.391 +0700] [PROCESS] [cadence.virtuoso.ade.gui] - /home/dtvt_13/truong/.tmp_dtvt_13/.cmddir0/swiftJob12 is starting {"logfile": "/home/dtvt_13/truong/logs_dtvt_13/logs0/Job12.log"}
[2026-04-19 12:55:38.391 +0700] [PROCESS] [cadence.virtuoso.ade.gui] - Simulation Monitor process '32302' is starting up on host 'dtvt_13' {"logfile": "/home/dtvt_13/truong/logs_dtvt_13/logs0/Job12.log"}
[2026-04-19 12:56:01.043 +0700] [PROCESS] [cadence.virtuoso.ade.gui] - ln: failed to create symbolic link '/home/dtvt_13/simulation/my_lib/ota_amp_tb/maestro/results/maestro/ExplorerRun.0/1/my_lib_ota_amp_tb_1/netlist/exprOutputs.log': File exists
 {"logfile": "/home/dtvt_13/truong/logs_dtvt_13/logs0/Job12.log"}
[2026-04-19 12:56:01.043 +0700] [PROCESS] [cadence.virtuoso.ade.gui] - ln: failed to create symbolic link '/home/dtvt_13/simulation/my_lib/ota_amp_tb/maestro/results/maestro/ExplorerRun.0/1/my_lib_ota_amp_tb_1/netlist/amps_evaluator.log': File exists
 {"logfile": "/home/dtvt_13/truong/logs_dtvt_13/logs0/Job12.log"}
[2026-04-19 12:56:02.379 +0700] [INFO] [cadence.virtuoso.ade.gui] - Point completed {"history": "ExplorerRun.0", "point": 1, "testname": "my_lib_ota_amp_tb_1"}
[2026-04-19 12:56:02.379 +0700] [EVENT] [cadence.virtuoso.ade.gui] - HistoryFinished {"history": "ExplorerRun.0", "point": 1, "testname": "my_lib_ota_amp_tb_1", "event": "HistoryFinished", "EventSource": "ADE GUI", "HistoryName": "ExplorerRun.0"}
[2026-04-19 12:59:31.189 +0700] [EVENT] [cadence.virtuoso.ade.gui] - NewHistoryCreated {"history": "ExplorerRun.0", "point": 1, "testname": "my_lib_ota_amp_tb_1", "event": "NewHistoryCreated", "EventSource": "ADE GUI", "HistoryName": "ExplorerRun.0", "WorkDir": "/home/dtvt_13/truong", "HistorySimDir": "/home/dtvt_13/simulation/my_lib/ota_amp_tb/maestro/results/maestro/ExplorerRun.0", "HistoryResultsDir": "/home/dtvt_13/truong/my_lib/ota_amp_tb/maestro/results/maestro"}
[2026-04-19 12:59:31.189 +0700] [PROCESS] [cadence.virtuoso.ade.gui] - History Setup {"hostname": "dtvt_13", "processid": 28387, "history": "ExplorerRun.0", "testname": "my_lib_ota_amp_tb_1", "point": 1, "logfile": "/home/dtvt_13/truong/logs_dtvt_13/logs0/virtuoso_ade_debug.log", "jobmode": "LSCS", "runmode": "Single Run, Sweeps and Corners", "lib": "my_lib", "cell": "ota_amp_tb", "view": "maestro", "icversion": "sub-version  IC6.1.8-64b.500.28 ", "runstart": "Sun Apr 19 12:59:31 2026\n", "timezonelocal": "+000", "spectreversion": "unknown", "jobpolicyname": "", "maxjobs": "unknown", "ncjobpolicyname": "", "ncmaxjobs": "unknown", "numtests": "1", "runfinished": "unknown", "runelapsed": "-1", "numcorners": "1"}
[2026-04-19 12:59:32.350 +0700] [INFO] [cadence.virtuoso.ade.gui] - Simulation will use spectre batch mode because the GCC version used by Spectre and Virtuoso are not compatible. {"history": "ExplorerRun.0", "point": 1, "testname": "my_lib_ota_amp_tb_1", "detailed_message": "", "message_id": "EXPLORER-5024"}
[2026-04-19 12:59:32.350 +0700] [EVENT] [cadence.virtuoso.ade.pointevaluator] - NewPoint {"history": "ExplorerRun.0", "point": 1, "testname": "my_lib_ota_amp_tb_1", "event": "NewPoint", "EventSource": "ADE GUI", "HistoryName": "ExplorerRun.0", "logFile": "/home/dtvt_13/truong/logs_dtvt_13/logs0/virtuoso_ade_debug.log", "logFileSize": "199471"}
[2026-04-19 12:59:32.350 +0700] [INFO] [cadence.virtuoso.ade.pointevaluator] - Started netlisting {"history": "ExplorerRun.0", "point": 1, "testname": "my_lib_ota_amp_tb_1"}
[2026-04-19 12:59:32.350 +0700] [INFO] [cadence.virtuoso.ade.pointevaluator] - Finished netlisting {"history": "ExplorerRun.0", "point": 1, "testname": "my_lib_ota_amp_tb_1"}
[2026-04-19 12:59:32.350 +0700] [INFO] [cadence.virtuoso.ade.pointevaluator] - Submitted {"history": "ExplorerRun.0", "point": 1, "testname": "my_lib_ota_amp_tb_1"}
[2026-04-19 12:59:54.892 +0700] [PROCESS] [cadence.virtuoso.ade.gui] - ln: failed to create symbolic link '/home/dtvt_13/simulation/my_lib/ota_amp_tb/maestro/results/maestro/ExplorerRun.0/1/my_lib_ota_amp_tb_1/netlist/exprOutputs.log': File exists
 {"logfile": "/home/dtvt_13/truong/logs_dtvt_13/logs0/Job12.log"}
[2026-04-19 12:59:54.892 +0700] [PROCESS] [cadence.virtuoso.ade.gui] - ln: failed to create symbolic link '/home/dtvt_13/simulation/my_lib/ota_amp_tb/maestro/results/maestro/ExplorerRun.0/1/my_lib_ota_amp_tb_1/netlist/amps_evaluator.log': File exists
 {"logfile": "/home/dtvt_13/truong/logs_dtvt_13/logs0/Job12.log"}
[2026-04-19 12:59:56.380 +0700] [INFO] [cadence.virtuoso.ade.gui] - Point completed {"history": "ExplorerRun.0", "point": 1, "testname": "my_lib_ota_amp_tb_1"}
[2026-04-19 12:59:56.380 +0700] [EVENT] [cadence.virtuoso.ade.gui] - HistoryFinished {"history": "ExplorerRun.0", "point": 1, "testname": "my_lib_ota_amp_tb_1", "event": "HistoryFinished", "EventSource": "ADE GUI", "HistoryName": "ExplorerRun.0"}
[2026-04-19 13:02:34.395 +0700] [EVENT] [cadence.virtuoso.ade.gui] - NewHistoryCreated {"history": "ExplorerRun.0", "point": 1, "testname": "my_lib_ota_amp_tb_1", "event": "NewHistoryCreated", "EventSource": "ADE GUI", "HistoryName": "ExplorerRun.0", "WorkDir": "/home/dtvt_13/truong", "HistorySimDir": "/home/dtvt_13/simulation/my_lib/ota_amp_tb/maestro/results/maestro/ExplorerRun.0", "HistoryResultsDir": "/home/dtvt_13/truong/my_lib/ota_amp_tb/maestro/results/maestro"}
[2026-04-19 13:02:34.395 +0700] [PROCESS] [cadence.virtuoso.ade.gui] - History Setup {"hostname": "dtvt_13", "processid": 28387, "history": "ExplorerRun.0", "testname": "my_lib_ota_amp_tb_1", "point": 1, "logfile": "/home/dtvt_13/truong/logs_dtvt_13/logs0/virtuoso_ade_debug.log", "jobmode": "LSCS", "runmode": "Single Run, Sweeps and Corners", "lib": "my_lib", "cell": "ota_amp_tb", "view": "maestro", "icversion": "sub-version  IC6.1.8-64b.500.28 ", "runstart": "Sun Apr 19 13:02:34 2026\n", "timezonelocal": "+000", "spectreversion": "unknown", "jobpolicyname": "", "maxjobs": "unknown", "ncjobpolicyname": "", "ncmaxjobs": "unknown", "numtests": "1", "runfinished": "unknown", "runelapsed": "-1", "numcorners": "1"}
[2026-04-19 13:02:35.067 +0700] [INFO] [cadence.virtuoso.ade.gui] - Simulation will use spectre batch mode because the GCC version used by Spectre and Virtuoso are not compatible. {"history": "ExplorerRun.0", "point": 1, "testname": "my_lib_ota_amp_tb_1", "detailed_message": "", "message_id": "EXPLORER-5024"}
[2026-04-19 13:02:35.067 +0700] [EVENT] [cadence.virtuoso.ade.pointevaluator] - NewPoint {"history": "ExplorerRun.0", "point": 1, "testname": "my_lib_ota_amp_tb_1", "event": "NewPoint", "EventSource": "ADE GUI", "HistoryName": "ExplorerRun.0", "logFile": "/home/dtvt_13/truong/logs_dtvt_13/logs0/virtuoso_ade_debug.log", "logFileSize": "202874"}
[2026-04-19 13:02:35.067 +0700] [INFO] [cadence.virtuoso.ade.pointevaluator] - Started netlisting {"history": "ExplorerRun.0", "point": 1, "testname": "my_lib_ota_amp_tb_1"}
[2026-04-19 13:02:35.067 +0700] [INFO] [cadence.virtuoso.ade.pointevaluator] - Finished netlisting {"history": "ExplorerRun.0", "point": 1, "testname": "my_lib_ota_amp_tb_1"}
[2026-04-19 13:02:35.067 +0700] [INFO] [cadence.virtuoso.ade.pointevaluator] - Submitted {"history": "ExplorerRun.0", "point": 1, "testname": "my_lib_ota_amp_tb_1"}
[2026-04-19 13:02:57.860 +0700] [PROCESS] [cadence.virtuoso.ade.gui] - ln: failed to create symbolic link '/home/dtvt_13/simulation/my_lib/ota_amp_tb/maestro/results/maestro/ExplorerRun.0/1/my_lib_ota_amp_tb_1/netlist/exprOutputs.log': File exists
 {"logfile": "/home/dtvt_13/truong/logs_dtvt_13/logs0/Job12.log"}
[2026-04-19 13:02:57.860 +0700] [PROCESS] [cadence.virtuoso.ade.gui] - ln: failed to create symbolic link '/home/dtvt_13/simulation/my_lib/ota_amp_tb/maestro/results/maestro/ExplorerRun.0/1/my_lib_ota_amp_tb_1/netlist/amps_evaluator.log': File exists
 {"logfile": "/home/dtvt_13/truong/logs_dtvt_13/logs0/Job12.log"}
[2026-04-19 13:02:59.378 +0700] [INFO] [cadence.virtuoso.ade.gui] - Point completed {"history": "ExplorerRun.0", "point": 1, "testname": "my_lib_ota_amp_tb_1"}
[2026-04-19 13:02:59.378 +0700] [EVENT] [cadence.virtuoso.ade.gui] - HistoryFinished {"history": "ExplorerRun.0", "point": 1, "testname": "my_lib_ota_amp_tb_1", "event": "HistoryFinished", "EventSource": "ADE GUI", "HistoryName": "ExplorerRun.0"}
[2026-04-19 13:04:16.888 +0700] [EVENT] [cadence.virtuoso.ade.gui] - NewHistoryCreated {"history": "ExplorerRun.0", "point": 1, "testname": "my_lib_ota_amp_tb_1", "event": "NewHistoryCreated", "EventSource": "ADE GUI", "HistoryName": "ExplorerRun.0", "WorkDir": "/home/dtvt_13/truong", "HistorySimDir": "/home/dtvt_13/simulation/my_lib/ota_amp_tb/maestro/results/maestro/ExplorerRun.0", "HistoryResultsDir": "/home/dtvt_13/truong/my_lib/ota_amp_tb/maestro/results/maestro"}
[2026-04-19 13:04:16.888 +0700] [PROCESS] [cadence.virtuoso.ade.gui] - History Setup {"hostname": "dtvt_13", "processid": 28387, "history": "ExplorerRun.0", "testname": "my_lib_ota_amp_tb_1", "point": 1, "logfile": "/home/dtvt_13/truong/logs_dtvt_13/logs0/virtuoso_ade_debug.log", "jobmode": "LSCS", "runmode": "Single Run, Sweeps and Corners", "lib": "my_lib", "cell": "ota_amp_tb", "view": "maestro", "icversion": "sub-version  IC6.1.8-64b.500.28 ", "runstart": "Sun Apr 19 13:04:16 2026\n", "timezonelocal": "+000", "spectreversion": "unknown", "jobpolicyname": "", "maxjobs": "unknown", "ncjobpolicyname": "", "ncmaxjobs": "unknown", "numtests": "1", "runfinished": "unknown", "runelapsed": "-1", "numcorners": "1"}
[2026-04-19 13:04:17.562 +0700] [INFO] [cadence.virtuoso.ade.gui] - Simulation will use spectre batch mode because the GCC version used by Spectre and Virtuoso are not compatible. {"history": "ExplorerRun.0", "point": 1, "testname": "my_lib_ota_amp_tb_1", "detailed_message": "", "message_id": "EXPLORER-5024"}
[2026-04-19 13:04:17.562 +0700] [EVENT] [cadence.virtuoso.ade.pointevaluator] - NewPoint {"history": "ExplorerRun.0", "point": 1, "testname": "my_lib_ota_amp_tb_1", "event": "NewPoint", "EventSource": "ADE GUI", "HistoryName": "ExplorerRun.0", "logFile": "/home/dtvt_13/truong/logs_dtvt_13/logs0/virtuoso_ade_debug.log", "logFileSize": "206277"}
[2026-04-19 13:04:17.562 +0700] [INFO] [cadence.virtuoso.ade.pointevaluator] - Started netlisting {"history": "ExplorerRun.0", "point": 1, "testname": "my_lib_ota_amp_tb_1"}
[2026-04-19 13:04:18.292 +0700] [INFO] [cadence.virtuoso.ade.pointevaluator] - Finished netlisting {"history": "ExplorerRun.0", "point": 1, "testname": "my_lib_ota_amp_tb_1"}
[2026-04-19 13:04:18.292 +0700] [INFO] [cadence.virtuoso.ade.pointevaluator] - Submitted {"history": "ExplorerRun.0", "point": 1, "testname": "my_lib_ota_amp_tb_1"}
[2026-04-19 13:04:39.810 +0700] [PROCESS] [cadence.virtuoso.ade.gui] - ln: failed to create symbolic link '/home/dtvt_13/simulation/my_lib/ota_amp_tb/maestro/results/maestro/ExplorerRun.0/1/my_lib_ota_amp_tb_1/netlist/exprOutputs.log': File exists
 {"logfile": "/home/dtvt_13/truong/logs_dtvt_13/logs0/Job12.log"}
[2026-04-19 13:04:39.810 +0700] [PROCESS] [cadence.virtuoso.ade.gui] - ln: failed to create symbolic link '/home/dtvt_13/simulation/my_lib/ota_amp_tb/maestro/results/maestro/ExplorerRun.0/1/my_lib_ota_amp_tb_1/netlist/amps_evaluator.log': File exists
 {"logfile": "/home/dtvt_13/truong/logs_dtvt_13/logs0/Job12.log"}
[2026-04-19 13:04:40.381 +0700] [INFO] [cadence.virtuoso.ade.gui] - Point completed {"history": "ExplorerRun.0", "point": 1, "testname": "my_lib_ota_amp_tb_1"}
[2026-04-19 13:04:40.381 +0700] [EVENT] [cadence.virtuoso.ade.gui] - HistoryFinished {"history": "ExplorerRun.0", "point": 1, "testname": "my_lib_ota_amp_tb_1", "event": "HistoryFinished", "EventSource": "ADE GUI", "HistoryName": "ExplorerRun.0"}
[2026-04-19 13:05:11.388 +0700] [EVENT] [cadence.virtuoso.ade.gui] - NewHistoryCreated {"history": "ExplorerRun.0", "point": 1, "testname": "my_lib_ota_amp_tb_1", "event": "NewHistoryCreated", "EventSource": "ADE GUI", "HistoryName": "ExplorerRun.0", "WorkDir": "/home/dtvt_13/truong", "HistorySimDir": "/home/dtvt_13/simulation/my_lib/ota_amp_tb/maestro/results/maestro/ExplorerRun.0", "HistoryResultsDir": "/home/dtvt_13/truong/my_lib/ota_amp_tb/maestro/results/maestro"}
[2026-04-19 13:05:11.388 +0700] [PROCESS] [cadence.virtuoso.ade.gui] - History Setup {"hostname": "dtvt_13", "processid": 28387, "history": "ExplorerRun.0", "testname": "my_lib_ota_amp_tb_1", "point": 1, "logfile": "/home/dtvt_13/truong/logs_dtvt_13/logs0/virtuoso_ade_debug.log", "jobmode": "LSCS", "runmode": "Single Run, Sweeps and Corners", "lib": "my_lib", "cell": "ota_amp_tb", "view": "maestro", "icversion": "sub-version  IC6.1.8-64b.500.28 ", "runstart": "Sun Apr 19 13:05:11 2026\n", "timezonelocal": "+000", "spectreversion": "unknown", "jobpolicyname": "", "maxjobs": "unknown", "ncjobpolicyname": "", "ncmaxjobs": "unknown", "numtests": "1", "runfinished": "unknown", "runelapsed": "-1", "numcorners": "1"}
[2026-04-19 13:05:12.060 +0700] [INFO] [cadence.virtuoso.ade.gui] - Simulation will use spectre batch mode because the GCC version used by Spectre and Virtuoso are not compatible. {"history": "ExplorerRun.0", "point": 1, "testname": "my_lib_ota_amp_tb_1", "detailed_message": "", "message_id": "EXPLORER-5024"}
[2026-04-19 13:05:12.060 +0700] [EVENT] [cadence.virtuoso.ade.pointevaluator] - NewPoint {"history": "ExplorerRun.0", "point": 1, "testname": "my_lib_ota_amp_tb_1", "event": "NewPoint", "EventSource": "ADE GUI", "HistoryName": "ExplorerRun.0", "logFile": "/home/dtvt_13/truong/logs_dtvt_13/logs0/virtuoso_ade_debug.log", "logFileSize": "209680"}
[2026-04-19 13:05:12.060 +0700] [INFO] [cadence.virtuoso.ade.pointevaluator] - Started netlisting {"history": "ExplorerRun.0", "point": 1, "testname": "my_lib_ota_amp_tb_1"}
[2026-04-19 13:05:12.060 +0700] [INFO] [cadence.virtuoso.ade.pointevaluator] - Finished netlisting {"history": "ExplorerRun.0", "point": 1, "testname": "my_lib_ota_amp_tb_1"}
[2026-04-19 13:05:12.060 +0700] [INFO] [cadence.virtuoso.ade.pointevaluator] - Submitted {"history": "ExplorerRun.0", "point": 1, "testname": "my_lib_ota_amp_tb_1"}
[2026-04-19 13:05:34.919 +0700] [PROCESS] [cadence.virtuoso.ade.gui] - ln: failed to create symbolic link '/home/dtvt_13/simulation/my_lib/ota_amp_tb/maestro/results/maestro/ExplorerRun.0/1/my_lib_ota_amp_tb_1/netlist/exprOutputs.log': File exists
 {"logfile": "/home/dtvt_13/truong/logs_dtvt_13/logs0/Job12.log"}
[2026-04-19 13:05:34.919 +0700] [PROCESS] [cadence.virtuoso.ade.gui] - ln: failed to create symbolic link '/home/dtvt_13/simulation/my_lib/ota_amp_tb/maestro/results/maestro/ExplorerRun.0/1/my_lib_ota_amp_tb_1/netlist/amps_evaluator.log': File exists
 {"logfile": "/home/dtvt_13/truong/logs_dtvt_13/logs0/Job12.log"}
[2026-04-19 13:05:36.380 +0700] [INFO] [cadence.virtuoso.ade.gui] - Point completed {"history": "ExplorerRun.0", "point": 1, "testname": "my_lib_ota_amp_tb_1"}
[2026-04-19 13:05:36.380 +0700] [EVENT] [cadence.virtuoso.ade.gui] - HistoryFinished {"history": "ExplorerRun.0", "point": 1, "testname": "my_lib_ota_amp_tb_1", "event": "HistoryFinished", "EventSource": "ADE GUI", "HistoryName": "ExplorerRun.0"}
[2026-04-19 13:06:27.858 +0700] [PROCESS] [cadence.virtuoso.ade.gui] - Logging Service '4230' stopped with exit code '0' {"logfile": "/home/dtvt_13/truong/logs_dtvt_13/logs0/LoggingService6.log"}
