[Simulation Monitor: 30]
[2026-04-16 00:49:05.517 +0700] [PROCESS] [cadence.virtuoso.ade.simulationMonitor] - Simulation Monitor has successfully started up. Trying to set up communication channels to other components ... {"hostname": "dtvt_13", "processid": 32574, "logfile": "/home/dtvt_13/duyDUT/logs_dtvt_13/logs0/Job30.log"}
[2026-04-16 00:49:05.518 +0700] [PROCESS] [cadence.virtuoso.ade.simulationMonitor] - Communication channels have been successfully set up. Start processing events ... {"hostname": "dtvt_13", "processid": 32574, "logfile": "/home/dtvt_13/duyDUT/logs_dtvt_13/logs0/Job30.log"}
[2026-04-16 00:49:05.519 +0700] [PROCESS] [cadence.virtuoso.ade.simulationMonitor] - Started History {"hostname": "dtvt_13", "processid": 32574, "history": "ExplorerRun.0", "logfile": "/home/dtvt_13/duyDUT/logs_dtvt_13/logs0/Job30.log"}
[2026-04-16 00:49:05.519 +0700] [PROCESS] [cadence.virtuoso.ade.simulationMonitor] - HostInfo:
Host name (type):	dtvt_13 (x86_64)
Operating system:	Linux 3.10.0-1160.118.1.el7.x86_64 #1 SMP Wed Apr 24 16:01:50 UTC 2024 {"hostname": "dtvt_13", "processid": 32574, "history": "ExplorerRun.0", "logfile": "/home/dtvt_13/duyDUT/logs_dtvt_13/logs0/Job30.log", "nodename": "dtvt_13", "domainname": "(none)", "machine": "x86_64", "sysname": "Linux", "release": "3.10.0-1160.118.1.el7.x86_64", "version": "#1 SMP Wed Apr 24 16:01:50 UTC 2024"}
[2026-04-16 00:49:05.519 +0700] [PROCESS] [cadence.virtuoso.ade.simulationMonitor] - UsageInfo:
pid=32574
totalPhysicalMemory=15.208324GB,Used=14.916691GB,totalVirtualMemory=22.895821GB,Used=14.943546GB
Cpu: Cores=24, Load average:0.200000,0.070000,0.120000 {"hostname": "dtvt_13", "processid": 32574, "history": "ExplorerRun.0", "logfile": "/home/dtvt_13/duyDUT/logs_dtvt_13/logs0/Job30.log", "pid": "32574", "totalPhysicalMemory": "15.208324", "physicalMemoryUsed": "14.916691", "totalVirtualMemory": "22.895821", "virtualMemoryUsed": "14.943546", "cpuCores": "24", "processes": "2599", "loadAverage1": "0.200000", "loadAverage5": "0.070000", "loadAverage15": "0.120000", "loadAverage1Percent": "0.008333"}
[2026-04-16 00:49:05.519 +0700] [EVENT] [cadence.virtuoso.ade.simulationMonitor] - NewPoint {"history": "ExplorerRun.0", "point": 1, "testname": "gmIdwl_gmid2_1", "cornername": "Nominal", "event": "NewPoint", "EventSource": "Simulation Monitor", "HistoryName": "ExplorerRun.0", "logFile": "/home/dtvt_13/duyDUT/logs_dtvt_13/logs0/Job30.log", "logFileSize": "2087"}
[2026-04-16 00:49:05.620 +0700] [EVENT] [cadence.virtuoso.ade.simulationMonitor] - NewPoint {"history": "ExplorerRun.0", "point": 1, "testname": "gmIdwl_gmid2_1", "cornername": "Nominal", "event": "NewPoint", "EventSource": "spectre", "HistoryName": "ExplorerRun.0", "logFile": "/home/dtvt_13/simulation/gmIdwl/gmid2/maestro/results/maestro/ExplorerRun.0/1/gmIdwl_gmid2_1/psf/spectre.out", "logFileSize": "-1"}
[2026-04-16 00:49:05.623 +0700] [PROCESS] [cadence.virtuoso.ade.simulationMonitor] - Simulator launched {"hostname": "dtvt_13", "processid": 32574, "history": "ExplorerRun.0", "testname": "gmIdwl_gmid2_1", "cornername": "Nominal", "point": 1, "logfile": "/home/dtvt_13/duyDUT/logs_dtvt_13/logs0/Job30.log", "simid": "1"}
[2026-04-16 00:49:05.625 +0700] [PROCESS] [cadence.virtuoso.ade.simulationMonitor] - Expression evaluator launched {"hostname": "dtvt_13", "processid": 32574, "history": "ExplorerRun.0", "testname": "gmIdwl_gmid2_1", "cornername": "Nominal", "point": 1, "logfile": "/home/dtvt_13/duyDUT/logs_dtvt_13/logs0/Job30.log"}
[2026-04-16 00:49:05.628 +0700] [PROCESS] [cadence.virtuoso.ade.simulationMonitor] - Started Simulation {"hostname": "dtvt_13", "processid": 32574, "history": "ExplorerRun.0", "testname": "gmIdwl_gmid2_1", "cornername": "Nominal", "point": 1, "logfile": "/home/dtvt_13/duyDUT/logs_dtvt_13/logs0/Job30.log"}
[2026-04-16 00:49:27.541 +0700] [INFO] [cadence.virtuoso.ade.simulationMonitor] - Peak resident memory used = 86.1 Mbytes. {"history": "ExplorerRun.0", "point": 1, "testname": "gmIdwl_gmid2_1", "cornername": "Nominal"}
[2026-04-16 00:49:27.541 +0700] [INFO] [cadence.virtuoso.ade.simulationMonitor] - Peak resident memory used = 96.4 Mbytes. {"history": "ExplorerRun.0", "point": 1, "testname": "gmIdwl_gmid2_1", "cornername": "Nominal"}
[2026-04-16 00:49:27.542 +0700] [INFO] [cadence.virtuoso.ade.simulationMonitor] - Notice from spectre during hierarchy flattening.
    The value 'psf' specified for the 'checklimitdest' option will no longer be supported in future releases. Use 'spectre -h' to see other recommended values for the 'checklimitdest' option. {"history": "ExplorerRun.0", "point": 1, "testname": "gmIdwl_gmid2_1", "cornername": "Nominal"}
[2026-04-16 00:49:27.542 +0700] [INFO] [cadence.virtuoso.ade.simulationMonitor] - Peak resident memory used = 97.3 Mbytes. {"history": "ExplorerRun.0", "point": 1, "testname": "gmIdwl_gmid2_1", "cornername": "Nominal"}
[2026-04-16 00:49:27.542 +0700] [WARN] [cadence.virtuoso.ade.simulationMonitor] -     WARNING (SPECTRE-8061): `PM0': Does not have a terminal named `id'. {"history": "ExplorerRun.0", "point": 1, "testname": "gmIdwl_gmid2_1", "cornername": "Nominal"}
[2026-04-16 00:49:27.542 +0700] [WARN] [cadence.virtuoso.ade.simulationMonitor] -     WARNING (SPECTRE-8287): Ignoring invalid item `PM0:id' in save statement. {"history": "ExplorerRun.0", "point": 1, "testname": "gmIdwl_gmid2_1", "cornername": "Nominal"}
[2026-04-16 00:49:27.542 +0700] [WARN] [cadence.virtuoso.ade.simulationMonitor] -     WARNING (SPECTRE-8061): `PM0': Does not have a terminal named `gm'. {"history": "ExplorerRun.0", "point": 1, "testname": "gmIdwl_gmid2_1", "cornername": "Nominal"}
[2026-04-16 00:49:27.542 +0700] [WARN] [cadence.virtuoso.ade.simulationMonitor] -     WARNING (SPECTRE-8287): Ignoring invalid item `PM0:gm' in save statement. {"history": "ExplorerRun.0", "point": 1, "testname": "gmIdwl_gmid2_1", "cornername": "Nominal"}
[2026-04-16 00:49:27.542 +0700] [WARN] [cadence.virtuoso.ade.simulationMonitor] -     WARNING (SPECTRE-8061): `PM0': Does not have a terminal named `vgs'. {"history": "ExplorerRun.0", "point": 1, "testname": "gmIdwl_gmid2_1", "cornername": "Nominal"}
[2026-04-16 00:49:27.542 +0700] [WARN] [cadence.virtuoso.ade.simulationMonitor] -     WARNING (SPECTRE-8287): Ignoring invalid item `PM0:vgs' in save statement. {"history": "ExplorerRun.0", "point": 1, "testname": "gmIdwl_gmid2_1", "cornername": "Nominal"}
[2026-04-16 00:49:27.542 +0700] [WARN] [cadence.virtuoso.ade.simulationMonitor] -     WARNING (SPECTRE-8061): `PM0': Does not have a terminal named `vth'. {"history": "ExplorerRun.0", "point": 1, "testname": "gmIdwl_gmid2_1", "cornername": "Nominal"}
[2026-04-16 00:49:27.542 +0700] [WARN] [cadence.virtuoso.ade.simulationMonitor] -     WARNING (SPECTRE-8287): Ignoring invalid item `PM0:vth' in save statement. {"history": "ExplorerRun.0", "point": 1, "testname": "gmIdwl_gmid2_1", "cornername": "Nominal"}
[2026-04-16 00:49:27.542 +0700] [INFO] [cadence.virtuoso.ade.simulationMonitor] - Notice from spectre during initial setup.
    Multithreading is disabled due to the size of the design being too small. {"history": "ExplorerRun.0", "point": 1, "testname": "gmIdwl_gmid2_1", "cornername": "Nominal"}
[2026-04-16 00:49:27.542 +0700] [INFO] [cadence.virtuoso.ade.simulationMonitor] -               nodes 3 {"history": "ExplorerRun.0", "point": 1, "testname": "gmIdwl_gmid2_1", "cornername": "Nominal"}
[2026-04-16 00:49:27.542 +0700] [INFO] [cadence.virtuoso.ade.simulationMonitor] - Notice from spectre during initial setup.
    APS enabled. {"history": "ExplorerRun.0", "point": 1, "testname": "gmIdwl_gmid2_1", "cornername": "Nominal"}
[2026-04-16 00:49:27.543 +0700] [INFO] [cadence.virtuoso.ade.simulationMonitor] - Peak resident memory used = 98.8 Mbytes. {"history": "ExplorerRun.0", "point": 1, "testname": "gmIdwl_gmid2_1", "cornername": "Nominal"}
[2026-04-16 00:49:27.543 +0700] [INFO] [cadence.virtuoso.ade.simulationMonitor] -    -   (APS) Multi-threading. The recommended number of threads is 1, consider adding +mt=1 on command line. {"history": "ExplorerRun.0", "point": 1, "testname": "gmIdwl_gmid2_1", "cornername": "Nominal"}
[2026-04-16 00:49:27.543 +0700] [INFO] [cadence.virtuoso.ade.simulationMonitor] - Total time required for dc analysis `dcOp': CPU = 2.032 ms, elapsed = 2.96903 ms. {"history": "ExplorerRun.0", "point": 1, "testname": "gmIdwl_gmid2_1", "cornername": "Nominal"}
[2026-04-16 00:49:27.543 +0700] [INFO] [cadence.virtuoso.ade.simulationMonitor] - Peak resident memory used = 101 Mbytes. {"history": "ExplorerRun.0", "point": 1, "testname": "gmIdwl_gmid2_1", "cornername": "Nominal"}
[2026-04-16 00:49:28.043 +0700] [PROCESS] [cadence.virtuoso.ade.simulationMonitor] - Finished simulating for one point {"hostname": "dtvt_13", "processid": 32574, "history": "ExplorerRun.0", "testname": "gmIdwl_gmid2_1", "cornername": "Nominal", "point": 1, "logfile": "/home/dtvt_13/duyDUT/logs_dtvt_13/logs0/Job30.log", "simid": "1"}
[2026-04-16 00:49:28.044 +0700] [INFO] [cadence.virtuoso.ade.simulationMonitor] - Notice from spectre at vsg = 934e-03 during DC analysis `dc'.
    The value of parameter 'vsg' has been reset to the original value 0.6. {"history": "ExplorerRun.0", "point": 1, "testname": "gmIdwl_gmid2_1", "cornername": "Nominal"}
[2026-04-16 00:49:28.044 +0700] [INFO] [cadence.virtuoso.ade.simulationMonitor] - Total time required for dc analysis `dc': CPU = 234.166 ms, elapsed = 235.087 ms. {"history": "ExplorerRun.0", "point": 1, "testname": "gmIdwl_gmid2_1", "cornername": "Nominal"}
[2026-04-16 00:49:28.044 +0700] [INFO] [cadence.virtuoso.ade.simulationMonitor] - Peak resident memory used = 102 Mbytes. {"history": "ExplorerRun.0", "point": 1, "testname": "gmIdwl_gmid2_1", "cornername": "Nominal"}
[2026-04-16 00:49:28.045 +0700] [INFO] [cadence.virtuoso.ade.simulationMonitor] - Time used: CPU = 718 ms, elapsed = 21.5 s, util. = 3.33%. {"history": "ExplorerRun.0", "point": 1, "testname": "gmIdwl_gmid2_1", "cornername": "Nominal"}
[2026-04-16 00:49:28.045 +0700] [INFO] [cadence.virtuoso.ade.simulationMonitor] - Time spent in licensing: elapsed = 20.3 s, percentage of total = 94.1%. {"history": "ExplorerRun.0", "point": 1, "testname": "gmIdwl_gmid2_1", "cornername": "Nominal"}
[2026-04-16 00:49:28.045 +0700] [INFO] [cadence.virtuoso.ade.simulationMonitor] - Peak memory used = 110 Mbytes. {"history": "ExplorerRun.0", "point": 1, "testname": "gmIdwl_gmid2_1", "cornername": "Nominal"}
[2026-04-16 00:49:28.045 +0700] [PROCESS] [cadence.virtuoso.ade.simulationMonitor] - Simulation started at: 12:49:05 AM, Thur Apr 16, 2026, ended at: 12:49:27 AM, Thur Apr 16, 2026, with elapsed time (wall clock): 21.5 s. {"history": "ExplorerRun.0", "point": 1, "testname": "gmIdwl_gmid2_1", "cornername": "Nominal"}
[2026-04-16 00:49:28.045 +0700] [PROCESS] [cadence.virtuoso.ade.simulationMonitor] - spectre completes with 0 errors, 8 warnings, and 5 notices. {"history": "ExplorerRun.0", "point": 1, "testname": "gmIdwl_gmid2_1", "cornername": "Nominal"}
[2026-04-16 00:49:28.045 +0700] [PROCESS] [cadence.virtuoso.ade.simulationMonitor] - Simulator exited {"hostname": "dtvt_13", "processid": 32574, "history": "ExplorerRun.0", "testname": "gmIdwl_gmid2_1", "cornername": "Nominal", "point": 1, "logfile": "/home/dtvt_13/duyDUT/logs_dtvt_13/logs0/Job30.log", "exitStatus": "0"}
[2026-04-16 00:49:28.046 +0700] [PROCESS] [cadence.virtuoso.ade.simulationMonitor] - Finished Simulation {"hostname": "dtvt_13", "processid": 32574, "history": "ExplorerRun.0", "testname": "gmIdwl_gmid2_1", "cornername": "Nominal", "point": 1, "logfile": "/home/dtvt_13/duyDUT/logs_dtvt_13/logs0/Job30.log", "simid": "1"}
[2026-04-16 00:49:28.553 +0700] [PROCESS] [cadence.virtuoso.ade.simulationMonitor] - Point Finished {"hostname": "dtvt_13", "processid": 32574, "history": "ExplorerRun.0", "testname": "gmIdwl_gmid2_1", "cornername": "Nominal", "point": 1, "logfile": "/home/dtvt_13/duyDUT/logs_dtvt_13/logs0/Job30.log"}
[2026-04-16 00:49:28.556 +0700] [PROCESS] [cadence.virtuoso.ade.simulationMonitor] - HostInfo:
Host name (type):	dtvt_13 (x86_64)
Operating system:	Linux 3.10.0-1160.118.1.el7.x86_64 #1 SMP Wed Apr 24 16:01:50 UTC 2024 {"hostname": "dtvt_13", "processid": 32574, "history": "ExplorerRun.0", "testname": "gmIdwl_gmid2_1", "cornername": "Nominal", "point": 1, "logfile": "/home/dtvt_13/duyDUT/logs_dtvt_13/logs0/Job30.log", "nodename": "dtvt_13", "domainname": "(none)", "machine": "x86_64", "sysname": "Linux", "release": "3.10.0-1160.118.1.el7.x86_64", "version": "#1 SMP Wed Apr 24 16:01:50 UTC 2024"}
[2026-04-16 00:49:28.556 +0700] [PROCESS] [cadence.virtuoso.ade.simulationMonitor] - UsageInfo:
pid=32574
totalPhysicalMemory=15.208324GB,Used=14.970699GB,totalVirtualMemory=22.895821GB,Used=14.998043GB
Cpu: Cores=24, Load average:0.690000,0.200000,0.160000 {"hostname": "dtvt_13", "processid": 32574, "history": "ExplorerRun.0", "testname": "gmIdwl_gmid2_1", "cornername": "Nominal", "point": 1, "logfile": "/home/dtvt_13/duyDUT/logs_dtvt_13/logs0/Job30.log", "pid": "32574", "totalPhysicalMemory": "15.208324", "physicalMemoryUsed": "14.970699", "totalVirtualMemory": "22.895821", "virtualMemoryUsed": "14.998043", "cpuCores": "24", "processes": "2638", "loadAverage1": "0.690000", "loadAverage5": "0.200000", "loadAverage15": "0.160000", "loadAverage1Percent": "0.028750"}
[2026-04-16 00:49:28.556 +0700] [EVENT] [cadence.virtuoso.ade.simulationMonitor] - NewPoint {"history": "ExplorerRun.0", "point": 2, "testname": "gmIdwl_gmid2_1", "cornername": "Nominal", "event": "NewPoint", "EventSource": "Simulation Monitor", "HistoryName": "ExplorerRun.0", "logFile": "/home/dtvt_13/duyDUT/logs_dtvt_13/logs0/Job30.log", "logFileSize": "13343"}
[2026-04-16 00:49:28.657 +0700] [EVENT] [cadence.virtuoso.ade.simulationMonitor] - NewPoint {"history": "ExplorerRun.0", "point": 2, "testname": "gmIdwl_gmid2_1", "cornername": "Nominal", "event": "NewPoint", "EventSource": "spectre", "HistoryName": "ExplorerRun.0", "logFile": "/home/dtvt_13/simulation/gmIdwl/gmid2/maestro/results/maestro/ExplorerRun.0/2/gmIdwl_gmid2_1/psf/spectre.out", "logFileSize": "-1"}
[2026-04-16 00:49:28.665 +0700] [PROCESS] [cadence.virtuoso.ade.simulationMonitor] - Simulator launched {"hostname": "dtvt_13", "processid": 32574, "history": "ExplorerRun.0", "testname": "gmIdwl_gmid2_1", "cornername": "Nominal", "point": 2, "logfile": "/home/dtvt_13/duyDUT/logs_dtvt_13/logs0/Job30.log", "simid": "2"}
[2026-04-16 00:49:28.666 +0700] [PROCESS] [cadence.virtuoso.ade.simulationMonitor] - Started Simulation {"hostname": "dtvt_13", "processid": 32574, "history": "ExplorerRun.0", "testname": "gmIdwl_gmid2_1", "cornername": "Nominal", "point": 2, "logfile": "/home/dtvt_13/duyDUT/logs_dtvt_13/logs0/Job30.log"}
[2026-04-16 00:49:49.632 +0700] [INFO] [cadence.virtuoso.ade.simulationMonitor] - Peak resident memory used = 86.1 Mbytes. {"history": "ExplorerRun.0", "point": 2, "testname": "gmIdwl_gmid2_1", "cornername": "Nominal"}
[2026-04-16 00:49:49.632 +0700] [INFO] [cadence.virtuoso.ade.simulationMonitor] - Peak resident memory used = 96.5 Mbytes. {"history": "ExplorerRun.0", "point": 2, "testname": "gmIdwl_gmid2_1", "cornername": "Nominal"}
[2026-04-16 00:49:49.632 +0700] [INFO] [cadence.virtuoso.ade.simulationMonitor] - Notice from spectre during hierarchy flattening.
    The value 'psf' specified for the 'checklimitdest' option will no longer be supported in future releases. Use 'spectre -h' to see other recommended values for the 'checklimitdest' option. {"history": "ExplorerRun.0", "point": 2, "testname": "gmIdwl_gmid2_1", "cornername": "Nominal"}
[2026-04-16 00:49:49.632 +0700] [INFO] [cadence.virtuoso.ade.simulationMonitor] - Peak resident memory used = 97.3 Mbytes. {"history": "ExplorerRun.0", "point": 2, "testname": "gmIdwl_gmid2_1", "cornername": "Nominal"}
[2026-04-16 00:49:49.632 +0700] [WARN] [cadence.virtuoso.ade.simulationMonitor] -     WARNING (SPECTRE-8061): `PM0': Does not have a terminal named `id'. {"history": "ExplorerRun.0", "point": 2, "testname": "gmIdwl_gmid2_1", "cornername": "Nominal"}
[2026-04-16 00:49:49.633 +0700] [WARN] [cadence.virtuoso.ade.simulationMonitor] -     WARNING (SPECTRE-8287): Ignoring invalid item `PM0:id' in save statement. {"history": "ExplorerRun.0", "point": 2, "testname": "gmIdwl_gmid2_1", "cornername": "Nominal"}
[2026-04-16 00:49:49.633 +0700] [WARN] [cadence.virtuoso.ade.simulationMonitor] -     WARNING (SPECTRE-8061): `PM0': Does not have a terminal named `gm'. {"history": "ExplorerRun.0", "point": 2, "testname": "gmIdwl_gmid2_1", "cornername": "Nominal"}
[2026-04-16 00:49:49.633 +0700] [WARN] [cadence.virtuoso.ade.simulationMonitor] -     WARNING (SPECTRE-8287): Ignoring invalid item `PM0:gm' in save statement. {"history": "ExplorerRun.0", "point": 2, "testname": "gmIdwl_gmid2_1", "cornername": "Nominal"}
[2026-04-16 00:49:49.633 +0700] [WARN] [cadence.virtuoso.ade.simulationMonitor] -     WARNING (SPECTRE-8061): `PM0': Does not have a terminal named `vgs'. {"history": "ExplorerRun.0", "point": 2, "testname": "gmIdwl_gmid2_1", "cornername": "Nominal"}
[2026-04-16 00:49:49.633 +0700] [WARN] [cadence.virtuoso.ade.simulationMonitor] -     WARNING (SPECTRE-8287): Ignoring invalid item `PM0:vgs' in save statement. {"history": "ExplorerRun.0", "point": 2, "testname": "gmIdwl_gmid2_1", "cornername": "Nominal"}
[2026-04-16 00:49:49.633 +0700] [WARN] [cadence.virtuoso.ade.simulationMonitor] -     WARNING (SPECTRE-8061): `PM0': Does not have a terminal named `vth'. {"history": "ExplorerRun.0", "point": 2, "testname": "gmIdwl_gmid2_1", "cornername": "Nominal"}
[2026-04-16 00:49:49.633 +0700] [WARN] [cadence.virtuoso.ade.simulationMonitor] -     WARNING (SPECTRE-8287): Ignoring invalid item `PM0:vth' in save statement. {"history": "ExplorerRun.0", "point": 2, "testname": "gmIdwl_gmid2_1", "cornername": "Nominal"}
[2026-04-16 00:49:49.634 +0700] [INFO] [cadence.virtuoso.ade.simulationMonitor] - Notice from spectre during initial setup.
    Multithreading is disabled due to the size of the design being too small. {"history": "ExplorerRun.0", "point": 2, "testname": "gmIdwl_gmid2_1", "cornername": "Nominal"}
[2026-04-16 00:49:49.634 +0700] [INFO] [cadence.virtuoso.ade.simulationMonitor] -               nodes 3 {"history": "ExplorerRun.0", "point": 2, "testname": "gmIdwl_gmid2_1", "cornername": "Nominal"}
[2026-04-16 00:49:49.634 +0700] [INFO] [cadence.virtuoso.ade.simulationMonitor] - Notice from spectre during initial setup.
    APS enabled. {"history": "ExplorerRun.0", "point": 2, "testname": "gmIdwl_gmid2_1", "cornername": "Nominal"}
[2026-04-16 00:49:49.634 +0700] [INFO] [cadence.virtuoso.ade.simulationMonitor] - Peak resident memory used = 98.8 Mbytes. {"history": "ExplorerRun.0", "point": 2, "testname": "gmIdwl_gmid2_1", "cornername": "Nominal"}
[2026-04-16 00:49:49.634 +0700] [INFO] [cadence.virtuoso.ade.simulationMonitor] -    -   (APS) Multi-threading. The recommended number of threads is 1, consider adding +mt=1 on command line. {"history": "ExplorerRun.0", "point": 2, "testname": "gmIdwl_gmid2_1", "cornername": "Nominal"}
[2026-04-16 00:49:49.634 +0700] [INFO] [cadence.virtuoso.ade.simulationMonitor] - Total time required for dc analysis `dcOp': CPU = 1.553 ms, elapsed = 2.57301 ms. {"history": "ExplorerRun.0", "point": 2, "testname": "gmIdwl_gmid2_1", "cornername": "Nominal"}
[2026-04-16 00:49:49.634 +0700] [INFO] [cadence.virtuoso.ade.simulationMonitor] - Peak resident memory used = 101 Mbytes. {"history": "ExplorerRun.0", "point": 2, "testname": "gmIdwl_gmid2_1", "cornername": "Nominal"}
[2026-04-16 00:49:50.635 +0700] [PROCESS] [cadence.virtuoso.ade.simulationMonitor] - Finished simulating for one point {"hostname": "dtvt_13", "processid": 32574, "history": "ExplorerRun.0", "testname": "gmIdwl_gmid2_1", "cornername": "Nominal", "point": 2, "logfile": "/home/dtvt_13/duyDUT/logs_dtvt_13/logs0/Job30.log", "simid": "2"}
[2026-04-16 00:49:50.636 +0700] [INFO] [cadence.virtuoso.ade.simulationMonitor] - Notice from spectre at vsg = 934e-03 during DC analysis `dc'.
    The value of parameter 'vsg' has been reset to the original value 0.6. {"history": "ExplorerRun.0", "point": 2, "testname": "gmIdwl_gmid2_1", "cornername": "Nominal"}
[2026-04-16 00:49:50.636 +0700] [INFO] [cadence.virtuoso.ade.simulationMonitor] - Total time required for dc analysis `dc': CPU = 639.339 ms, elapsed = 640.365 ms. {"history": "ExplorerRun.0", "point": 2, "testname": "gmIdwl_gmid2_1", "cornername": "Nominal"}
[2026-04-16 00:49:50.637 +0700] [INFO] [cadence.virtuoso.ade.simulationMonitor] - Peak resident memory used = 102 Mbytes. {"history": "ExplorerRun.0", "point": 2, "testname": "gmIdwl_gmid2_1", "cornername": "Nominal"}
[2026-04-16 00:49:50.637 +0700] [INFO] [cadence.virtuoso.ade.simulationMonitor] - Time used: CPU = 1.01 s, elapsed = 21.3 s, util. = 4.75%. {"history": "ExplorerRun.0", "point": 2, "testname": "gmIdwl_gmid2_1", "cornername": "Nominal"}
[2026-04-16 00:49:50.637 +0700] [INFO] [cadence.virtuoso.ade.simulationMonitor] - Time spent in licensing: elapsed = 20.3 s, percentage of total = 95.3%. {"history": "ExplorerRun.0", "point": 2, "testname": "gmIdwl_gmid2_1", "cornername": "Nominal"}
[2026-04-16 00:49:50.638 +0700] [INFO] [cadence.virtuoso.ade.simulationMonitor] - Peak memory used = 110 Mbytes. {"history": "ExplorerRun.0", "point": 2, "testname": "gmIdwl_gmid2_1", "cornername": "Nominal"}
[2026-04-16 00:49:50.638 +0700] [PROCESS] [cadence.virtuoso.ade.simulationMonitor] - Simulation started at: 12:49:28 AM, Thur Apr 16, 2026, ended at: 12:49:50 AM, Thur Apr 16, 2026, with elapsed time (wall clock): 21.3 s. {"history": "ExplorerRun.0", "point": 2, "testname": "gmIdwl_gmid2_1", "cornername": "Nominal"}
[2026-04-16 00:49:50.638 +0700] [PROCESS] [cadence.virtuoso.ade.simulationMonitor] - spectre completes with 0 errors, 8 warnings, and 5 notices. {"history": "ExplorerRun.0", "point": 2, "testname": "gmIdwl_gmid2_1", "cornername": "Nominal"}
[2026-04-16 00:49:50.639 +0700] [PROCESS] [cadence.virtuoso.ade.simulationMonitor] - Simulator exited {"hostname": "dtvt_13", "processid": 32574, "history": "ExplorerRun.0", "testname": "gmIdwl_gmid2_1", "cornername": "Nominal", "point": 2, "logfile": "/home/dtvt_13/duyDUT/logs_dtvt_13/logs0/Job30.log", "exitStatus": "0"}
[2026-04-16 00:49:50.639 +0700] [PROCESS] [cadence.virtuoso.ade.simulationMonitor] - Finished Simulation {"hostname": "dtvt_13", "processid": 32574, "history": "ExplorerRun.0", "testname": "gmIdwl_gmid2_1", "cornername": "Nominal", "point": 2, "logfile": "/home/dtvt_13/duyDUT/logs_dtvt_13/logs0/Job30.log", "simid": "2"}
[2026-04-16 00:49:51.152 +0700] [PROCESS] [cadence.virtuoso.ade.simulationMonitor] - Point Finished {"hostname": "dtvt_13", "processid": 32574, "history": "ExplorerRun.0", "testname": "gmIdwl_gmid2_1", "cornername": "Nominal", "point": 2, "logfile": "/home/dtvt_13/duyDUT/logs_dtvt_13/logs0/Job30.log"}
[2026-04-16 00:49:51.159 +0700] [PROCESS] [cadence.virtuoso.ade.simulationMonitor] - HostInfo:
Host name (type):	dtvt_13 (x86_64)
Operating system:	Linux 3.10.0-1160.118.1.el7.x86_64 #1 SMP Wed Apr 24 16:01:50 UTC 2024 {"hostname": "dtvt_13", "processid": 32574, "history": "ExplorerRun.0", "testname": "gmIdwl_gmid2_1", "cornername": "Nominal", "point": 2, "logfile": "/home/dtvt_13/duyDUT/logs_dtvt_13/logs0/Job30.log", "nodename": "dtvt_13", "domainname": "(none)", "machine": "x86_64", "sysname": "Linux", "release": "3.10.0-1160.118.1.el7.x86_64", "version": "#1 SMP Wed Apr 24 16:01:50 UTC 2024"}
[2026-04-16 00:49:51.159 +0700] [PROCESS] [cadence.virtuoso.ade.simulationMonitor] - UsageInfo:
pid=32574
totalPhysicalMemory=15.208324GB,Used=14.975552GB,totalVirtualMemory=22.895821GB,Used=15.002895GB
Cpu: Cores=24, Load average:0.710000,0.230000,0.170000 {"hostname": "dtvt_13", "processid": 32574, "history": "ExplorerRun.0", "testname": "gmIdwl_gmid2_1", "cornername": "Nominal", "point": 2, "logfile": "/home/dtvt_13/duyDUT/logs_dtvt_13/logs0/Job30.log", "pid": "32574", "totalPhysicalMemory": "15.208324", "physicalMemoryUsed": "14.975552", "totalVirtualMemory": "22.895821", "virtualMemoryUsed": "15.002895", "cpuCores": "24", "processes": "2632", "loadAverage1": "0.710000", "loadAverage5": "0.230000", "loadAverage15": "0.170000", "loadAverage1Percent": "0.029583"}
[2026-04-16 00:49:51.160 +0700] [EVENT] [cadence.virtuoso.ade.simulationMonitor] - NewPoint {"history": "ExplorerRun.0", "point": 3, "testname": "gmIdwl_gmid2_1", "cornername": "Nominal", "event": "NewPoint", "EventSource": "Simulation Monitor", "HistoryName": "ExplorerRun.0", "logFile": "/home/dtvt_13/duyDUT/logs_dtvt_13/logs0/Job30.log", "logFileSize": "24282"}
[2026-04-16 00:49:51.264 +0700] [EVENT] [cadence.virtuoso.ade.simulationMonitor] - NewPoint {"history": "ExplorerRun.0", "point": 3, "testname": "gmIdwl_gmid2_1", "cornername": "Nominal", "event": "NewPoint", "EventSource": "spectre", "HistoryName": "ExplorerRun.0", "logFile": "/home/dtvt_13/simulation/gmIdwl/gmid2/maestro/results/maestro/ExplorerRun.0/3/gmIdwl_gmid2_1/psf/spectre.out", "logFileSize": "-1"}
[2026-04-16 00:49:51.266 +0700] [PROCESS] [cadence.virtuoso.ade.simulationMonitor] - Simulator launched {"hostname": "dtvt_13", "processid": 32574, "history": "ExplorerRun.0", "testname": "gmIdwl_gmid2_1", "cornername": "Nominal", "point": 3, "logfile": "/home/dtvt_13/duyDUT/logs_dtvt_13/logs0/Job30.log", "simid": "3"}
[2026-04-16 00:49:51.267 +0700] [PROCESS] [cadence.virtuoso.ade.simulationMonitor] - Started Simulation {"hostname": "dtvt_13", "processid": 32574, "history": "ExplorerRun.0", "testname": "gmIdwl_gmid2_1", "cornername": "Nominal", "point": 3, "logfile": "/home/dtvt_13/duyDUT/logs_dtvt_13/logs0/Job30.log"}
[2026-04-16 00:50:12.103 +0700] [INFO] [cadence.virtuoso.ade.simulationMonitor] - Peak resident memory used = 86.1 Mbytes. {"history": "ExplorerRun.0", "point": 3, "testname": "gmIdwl_gmid2_1", "cornername": "Nominal"}
[2026-04-16 00:50:12.104 +0700] [INFO] [cadence.virtuoso.ade.simulationMonitor] - Peak resident memory used = 96.4 Mbytes. {"history": "ExplorerRun.0", "point": 3, "testname": "gmIdwl_gmid2_1", "cornername": "Nominal"}
[2026-04-16 00:50:12.104 +0700] [INFO] [cadence.virtuoso.ade.simulationMonitor] - Notice from spectre during hierarchy flattening.
    The value 'psf' specified for the 'checklimitdest' option will no longer be supported in future releases. Use 'spectre -h' to see other recommended values for the 'checklimitdest' option. {"history": "ExplorerRun.0", "point": 3, "testname": "gmIdwl_gmid2_1", "cornername": "Nominal"}
[2026-04-16 00:50:12.104 +0700] [INFO] [cadence.virtuoso.ade.simulationMonitor] - Peak resident memory used = 97.3 Mbytes. {"history": "ExplorerRun.0", "point": 3, "testname": "gmIdwl_gmid2_1", "cornername": "Nominal"}
[2026-04-16 00:50:12.104 +0700] [WARN] [cadence.virtuoso.ade.simulationMonitor] -     WARNING (SPECTRE-8061): `PM0': Does not have a terminal named `id'. {"history": "ExplorerRun.0", "point": 3, "testname": "gmIdwl_gmid2_1", "cornername": "Nominal"}
[2026-04-16 00:50:12.104 +0700] [WARN] [cadence.virtuoso.ade.simulationMonitor] -     WARNING (SPECTRE-8287): Ignoring invalid item `PM0:id' in save statement. {"history": "ExplorerRun.0", "point": 3, "testname": "gmIdwl_gmid2_1", "cornername": "Nominal"}
[2026-04-16 00:50:12.105 +0700] [WARN] [cadence.virtuoso.ade.simulationMonitor] -     WARNING (SPECTRE-8061): `PM0': Does not have a terminal named `gm'. {"history": "ExplorerRun.0", "point": 3, "testname": "gmIdwl_gmid2_1", "cornername": "Nominal"}
[2026-04-16 00:50:12.105 +0700] [WARN] [cadence.virtuoso.ade.simulationMonitor] -     WARNING (SPECTRE-8287): Ignoring invalid item `PM0:gm' in save statement. {"history": "ExplorerRun.0", "point": 3, "testname": "gmIdwl_gmid2_1", "cornername": "Nominal"}
[2026-04-16 00:50:12.105 +0700] [WARN] [cadence.virtuoso.ade.simulationMonitor] -     WARNING (SPECTRE-8061): `PM0': Does not have a terminal named `vgs'. {"history": "ExplorerRun.0", "point": 3, "testname": "gmIdwl_gmid2_1", "cornername": "Nominal"}
[2026-04-16 00:50:12.105 +0700] [WARN] [cadence.virtuoso.ade.simulationMonitor] -     WARNING (SPECTRE-8287): Ignoring invalid item `PM0:vgs' in save statement. {"history": "ExplorerRun.0", "point": 3, "testname": "gmIdwl_gmid2_1", "cornername": "Nominal"}
[2026-04-16 00:50:12.105 +0700] [WARN] [cadence.virtuoso.ade.simulationMonitor] -     WARNING (SPECTRE-8061): `PM0': Does not have a terminal named `vth'. {"history": "ExplorerRun.0", "point": 3, "testname": "gmIdwl_gmid2_1", "cornername": "Nominal"}
[2026-04-16 00:50:12.105 +0700] [WARN] [cadence.virtuoso.ade.simulationMonitor] -     WARNING (SPECTRE-8287): Ignoring invalid item `PM0:vth' in save statement. {"history": "ExplorerRun.0", "point": 3, "testname": "gmIdwl_gmid2_1", "cornername": "Nominal"}
[2026-04-16 00:50:12.105 +0700] [INFO] [cadence.virtuoso.ade.simulationMonitor] - Notice from spectre during initial setup.
    Multithreading is disabled due to the size of the design being too small. {"history": "ExplorerRun.0", "point": 3, "testname": "gmIdwl_gmid2_1", "cornername": "Nominal"}
[2026-04-16 00:50:12.105 +0700] [INFO] [cadence.virtuoso.ade.simulationMonitor] -               nodes 3 {"history": "ExplorerRun.0", "point": 3, "testname": "gmIdwl_gmid2_1", "cornername": "Nominal"}
[2026-04-16 00:50:12.105 +0700] [INFO] [cadence.virtuoso.ade.simulationMonitor] - Notice from spectre during initial setup.
    APS enabled. {"history": "ExplorerRun.0", "point": 3, "testname": "gmIdwl_gmid2_1", "cornername": "Nominal"}
[2026-04-16 00:50:12.105 +0700] [INFO] [cadence.virtuoso.ade.simulationMonitor] - Peak resident memory used = 98.8 Mbytes. {"history": "ExplorerRun.0", "point": 3, "testname": "gmIdwl_gmid2_1", "cornername": "Nominal"}
[2026-04-16 00:50:12.105 +0700] [INFO] [cadence.virtuoso.ade.simulationMonitor] -    -   (APS) Multi-threading. The recommended number of threads is 1, consider adding +mt=1 on command line. {"history": "ExplorerRun.0", "point": 3, "testname": "gmIdwl_gmid2_1", "cornername": "Nominal"}
[2026-04-16 00:50:12.105 +0700] [INFO] [cadence.virtuoso.ade.simulationMonitor] - Total time required for dc analysis `dcOp': CPU = 1.634 ms, elapsed = 2.60782 ms. {"history": "ExplorerRun.0", "point": 3, "testname": "gmIdwl_gmid2_1", "cornername": "Nominal"}
[2026-04-16 00:50:12.105 +0700] [INFO] [cadence.virtuoso.ade.simulationMonitor] - Peak resident memory used = 101 Mbytes. {"history": "ExplorerRun.0", "point": 3, "testname": "gmIdwl_gmid2_1", "cornername": "Nominal"}
[2026-04-16 00:50:12.606 +0700] [PROCESS] [cadence.virtuoso.ade.simulationMonitor] - Finished simulating for one point {"hostname": "dtvt_13", "processid": 32574, "history": "ExplorerRun.0", "testname": "gmIdwl_gmid2_1", "cornername": "Nominal", "point": 3, "logfile": "/home/dtvt_13/duyDUT/logs_dtvt_13/logs0/Job30.log", "simid": "3"}
[2026-04-16 00:50:12.607 +0700] [INFO] [cadence.virtuoso.ade.simulationMonitor] - Notice from spectre at vsg = 934e-03 during DC analysis `dc'.
    The value of parameter 'vsg' has been reset to the original value 0.6. {"history": "ExplorerRun.0", "point": 3, "testname": "gmIdwl_gmid2_1", "cornername": "Nominal"}
[2026-04-16 00:50:12.608 +0700] [INFO] [cadence.virtuoso.ade.simulationMonitor] - Total time required for dc analysis `dc': CPU = 223.089 ms, elapsed = 224.011 ms. {"history": "ExplorerRun.0", "point": 3, "testname": "gmIdwl_gmid2_1", "cornername": "Nominal"}
[2026-04-16 00:50:12.608 +0700] [INFO] [cadence.virtuoso.ade.simulationMonitor] - Peak resident memory used = 102 Mbytes. {"history": "ExplorerRun.0", "point": 3, "testname": "gmIdwl_gmid2_1", "cornername": "Nominal"}
[2026-04-16 00:50:12.608 +0700] [INFO] [cadence.virtuoso.ade.simulationMonitor] - Time used: CPU = 609 ms, elapsed = 21 s, util. = 2.9%. {"history": "ExplorerRun.0", "point": 3, "testname": "gmIdwl_gmid2_1", "cornername": "Nominal"}
[2026-04-16 00:50:12.609 +0700] [INFO] [cadence.virtuoso.ade.simulationMonitor] - Time spent in licensing: elapsed = 20.3 s, percentage of total = 96.8%. {"history": "ExplorerRun.0", "point": 3, "testname": "gmIdwl_gmid2_1", "cornername": "Nominal"}
[2026-04-16 00:50:12.609 +0700] [INFO] [cadence.virtuoso.ade.simulationMonitor] - Peak memory used = 110 Mbytes. {"history": "ExplorerRun.0", "point": 3, "testname": "gmIdwl_gmid2_1", "cornername": "Nominal"}
[2026-04-16 00:50:12.609 +0700] [PROCESS] [cadence.virtuoso.ade.simulationMonitor] - Simulation started at: 12:49:51 AM, Thur Apr 16, 2026, ended at: 12:50:12 AM, Thur Apr 16, 2026, with elapsed time (wall clock): 21 s. {"history": "ExplorerRun.0", "point": 3, "testname": "gmIdwl_gmid2_1", "cornername": "Nominal"}
[2026-04-16 00:50:12.610 +0700] [PROCESS] [cadence.virtuoso.ade.simulationMonitor] - spectre completes with 0 errors, 8 warnings, and 5 notices. {"history": "ExplorerRun.0", "point": 3, "testname": "gmIdwl_gmid2_1", "cornername": "Nominal"}
[2026-04-16 00:50:12.610 +0700] [PROCESS] [cadence.virtuoso.ade.simulationMonitor] - Simulator exited {"hostname": "dtvt_13", "processid": 32574, "history": "ExplorerRun.0", "testname": "gmIdwl_gmid2_1", "cornername": "Nominal", "point": 3, "logfile": "/home/dtvt_13/duyDUT/logs_dtvt_13/logs0/Job30.log", "exitStatus": "0"}
[2026-04-16 00:50:12.610 +0700] [PROCESS] [cadence.virtuoso.ade.simulationMonitor] - Finished Simulation {"hostname": "dtvt_13", "processid": 32574, "history": "ExplorerRun.0", "testname": "gmIdwl_gmid2_1", "cornername": "Nominal", "point": 3, "logfile": "/home/dtvt_13/duyDUT/logs_dtvt_13/logs0/Job30.log", "simid": "3"}
[2026-04-16 00:50:13.121 +0700] [PROCESS] [cadence.virtuoso.ade.simulationMonitor] - Point Finished {"hostname": "dtvt_13", "processid": 32574, "history": "ExplorerRun.0", "testname": "gmIdwl_gmid2_1", "cornername": "Nominal", "point": 3, "logfile": "/home/dtvt_13/duyDUT/logs_dtvt_13/logs0/Job30.log"}
[2026-04-16 00:50:13.124 +0700] [PROCESS] [cadence.virtuoso.ade.simulationMonitor] - HostInfo:
Host name (type):	dtvt_13 (x86_64)
Operating system:	Linux 3.10.0-1160.118.1.el7.x86_64 #1 SMP Wed Apr 24 16:01:50 UTC 2024 {"hostname": "dtvt_13", "processid": 32574, "history": "ExplorerRun.0", "testname": "gmIdwl_gmid2_1", "cornername": "Nominal", "point": 3, "logfile": "/home/dtvt_13/duyDUT/logs_dtvt_13/logs0/Job30.log", "nodename": "dtvt_13", "domainname": "(none)", "machine": "x86_64", "sysname": "Linux", "release": "3.10.0-1160.118.1.el7.x86_64", "version": "#1 SMP Wed Apr 24 16:01:50 UTC 2024"}
[2026-04-16 00:50:13.124 +0700] [PROCESS] [cadence.virtuoso.ade.simulationMonitor] - UsageInfo:
pid=32574
totalPhysicalMemory=15.208324GB,Used=14.971153GB,totalVirtualMemory=22.895821GB,Used=14.998497GB
Cpu: Cores=24, Load average:0.730000,0.260000,0.190000 {"hostname": "dtvt_13", "processid": 32574, "history": "ExplorerRun.0", "testname": "gmIdwl_gmid2_1", "cornername": "Nominal", "point": 3, "logfile": "/home/dtvt_13/duyDUT/logs_dtvt_13/logs0/Job30.log", "pid": "32574", "totalPhysicalMemory": "15.208324", "physicalMemoryUsed": "14.971153", "totalVirtualMemory": "22.895821", "virtualMemoryUsed": "14.998497", "cpuCores": "24", "processes": "2642", "loadAverage1": "0.730000", "loadAverage5": "0.260000", "loadAverage15": "0.190000", "loadAverage1Percent": "0.030417"}
[2026-04-16 00:50:13.125 +0700] [EVENT] [cadence.virtuoso.ade.simulationMonitor] - NewPoint {"history": "ExplorerRun.0", "point": 4, "testname": "gmIdwl_gmid2_1", "cornername": "Nominal", "event": "NewPoint", "EventSource": "Simulation Monitor", "HistoryName": "ExplorerRun.0", "logFile": "/home/dtvt_13/duyDUT/logs_dtvt_13/logs0/Job30.log", "logFileSize": "35216"}
[2026-04-16 00:50:13.225 +0700] [EVENT] [cadence.virtuoso.ade.simulationMonitor] - NewPoint {"history": "ExplorerRun.0", "point": 4, "testname": "gmIdwl_gmid2_1", "cornername": "Nominal", "event": "NewPoint", "EventSource": "spectre", "HistoryName": "ExplorerRun.0", "logFile": "/home/dtvt_13/simulation/gmIdwl/gmid2/maestro/results/maestro/ExplorerRun.0/4/gmIdwl_gmid2_1/psf/spectre.out", "logFileSize": "-1"}
[2026-04-16 00:50:13.228 +0700] [PROCESS] [cadence.virtuoso.ade.simulationMonitor] - Simulator launched {"hostname": "dtvt_13", "processid": 32574, "history": "ExplorerRun.0", "testname": "gmIdwl_gmid2_1", "cornername": "Nominal", "point": 4, "logfile": "/home/dtvt_13/duyDUT/logs_dtvt_13/logs0/Job30.log", "simid": "4"}
[2026-04-16 00:50:13.228 +0700] [PROCESS] [cadence.virtuoso.ade.simulationMonitor] - Started Simulation {"hostname": "dtvt_13", "processid": 32574, "history": "ExplorerRun.0", "testname": "gmIdwl_gmid2_1", "cornername": "Nominal", "point": 4, "logfile": "/home/dtvt_13/duyDUT/logs_dtvt_13/logs0/Job30.log"}
[2026-04-16 00:50:34.526 +0700] [INFO] [cadence.virtuoso.ade.simulationMonitor] - Peak resident memory used = 86.1 Mbytes. {"history": "ExplorerRun.0", "point": 4, "testname": "gmIdwl_gmid2_1", "cornername": "Nominal"}
[2026-04-16 00:50:34.527 +0700] [INFO] [cadence.virtuoso.ade.simulationMonitor] - Peak resident memory used = 96.4 Mbytes. {"history": "ExplorerRun.0", "point": 4, "testname": "gmIdwl_gmid2_1", "cornername": "Nominal"}
[2026-04-16 00:50:34.527 +0700] [INFO] [cadence.virtuoso.ade.simulationMonitor] - Notice from spectre during hierarchy flattening.
    The value 'psf' specified for the 'checklimitdest' option will no longer be supported in future releases. Use 'spectre -h' to see other recommended values for the 'checklimitdest' option. {"history": "ExplorerRun.0", "point": 4, "testname": "gmIdwl_gmid2_1", "cornername": "Nominal"}
[2026-04-16 00:50:34.527 +0700] [INFO] [cadence.virtuoso.ade.simulationMonitor] - Peak resident memory used = 97.3 Mbytes. {"history": "ExplorerRun.0", "point": 4, "testname": "gmIdwl_gmid2_1", "cornername": "Nominal"}
[2026-04-16 00:50:34.527 +0700] [WARN] [cadence.virtuoso.ade.simulationMonitor] -     WARNING (SPECTRE-8061): `PM0': Does not have a terminal named `id'. {"history": "ExplorerRun.0", "point": 4, "testname": "gmIdwl_gmid2_1", "cornername": "Nominal"}
[2026-04-16 00:50:34.527 +0700] [WARN] [cadence.virtuoso.ade.simulationMonitor] -     WARNING (SPECTRE-8287): Ignoring invalid item `PM0:id' in save statement. {"history": "ExplorerRun.0", "point": 4, "testname": "gmIdwl_gmid2_1", "cornername": "Nominal"}
[2026-04-16 00:50:34.528 +0700] [WARN] [cadence.virtuoso.ade.simulationMonitor] -     WARNING (SPECTRE-8061): `PM0': Does not have a terminal named `gm'. {"history": "ExplorerRun.0", "point": 4, "testname": "gmIdwl_gmid2_1", "cornername": "Nominal"}
[2026-04-16 00:50:34.528 +0700] [WARN] [cadence.virtuoso.ade.simulationMonitor] -     WARNING (SPECTRE-8287): Ignoring invalid item `PM0:gm' in save statement. {"history": "ExplorerRun.0", "point": 4, "testname": "gmIdwl_gmid2_1", "cornername": "Nominal"}
[2026-04-16 00:50:34.528 +0700] [WARN] [cadence.virtuoso.ade.simulationMonitor] -     WARNING (SPECTRE-8061): `PM0': Does not have a terminal named `vgs'. {"history": "ExplorerRun.0", "point": 4, "testname": "gmIdwl_gmid2_1", "cornername": "Nominal"}
[2026-04-16 00:50:34.528 +0700] [WARN] [cadence.virtuoso.ade.simulationMonitor] -     WARNING (SPECTRE-8287): Ignoring invalid item `PM0:vgs' in save statement. {"history": "ExplorerRun.0", "point": 4, "testname": "gmIdwl_gmid2_1", "cornername": "Nominal"}
[2026-04-16 00:50:34.528 +0700] [WARN] [cadence.virtuoso.ade.simulationMonitor] -     WARNING (SPECTRE-8061): `PM0': Does not have a terminal named `vth'. {"history": "ExplorerRun.0", "point": 4, "testname": "gmIdwl_gmid2_1", "cornername": "Nominal"}
[2026-04-16 00:50:34.528 +0700] [WARN] [cadence.virtuoso.ade.simulationMonitor] -     WARNING (SPECTRE-8287): Ignoring invalid item `PM0:vth' in save statement. {"history": "ExplorerRun.0", "point": 4, "testname": "gmIdwl_gmid2_1", "cornername": "Nominal"}
[2026-04-16 00:50:34.528 +0700] [INFO] [cadence.virtuoso.ade.simulationMonitor] - Notice from spectre during initial setup.
    Multithreading is disabled due to the size of the design being too small. {"history": "ExplorerRun.0", "point": 4, "testname": "gmIdwl_gmid2_1", "cornername": "Nominal"}
[2026-04-16 00:50:34.529 +0700] [INFO] [cadence.virtuoso.ade.simulationMonitor] -               nodes 3 {"history": "ExplorerRun.0", "point": 4, "testname": "gmIdwl_gmid2_1", "cornername": "Nominal"}
[2026-04-16 00:50:34.529 +0700] [INFO] [cadence.virtuoso.ade.simulationMonitor] - Notice from spectre during initial setup.
    APS enabled. {"history": "ExplorerRun.0", "point": 4, "testname": "gmIdwl_gmid2_1", "cornername": "Nominal"}
[2026-04-16 00:50:34.529 +0700] [INFO] [cadence.virtuoso.ade.simulationMonitor] - Peak resident memory used = 98.8 Mbytes. {"history": "ExplorerRun.0", "point": 4, "testname": "gmIdwl_gmid2_1", "cornername": "Nominal"}
[2026-04-16 00:50:34.529 +0700] [INFO] [cadence.virtuoso.ade.simulationMonitor] -    -   (APS) Multi-threading. The recommended number of threads is 1, consider adding +mt=1 on command line. {"history": "ExplorerRun.0", "point": 4, "testname": "gmIdwl_gmid2_1", "cornername": "Nominal"}
[2026-04-16 00:50:34.529 +0700] [INFO] [cadence.virtuoso.ade.simulationMonitor] - Total time required for dc analysis `dcOp': CPU = 1.844 ms, elapsed = 2.89702 ms. {"history": "ExplorerRun.0", "point": 4, "testname": "gmIdwl_gmid2_1", "cornername": "Nominal"}
[2026-04-16 00:50:34.529 +0700] [INFO] [cadence.virtuoso.ade.simulationMonitor] - Peak resident memory used = 100 Mbytes. {"history": "ExplorerRun.0", "point": 4, "testname": "gmIdwl_gmid2_1", "cornername": "Nominal"}
[2026-04-16 00:50:35.030 +0700] [PROCESS] [cadence.virtuoso.ade.simulationMonitor] - Finished simulating for one point {"hostname": "dtvt_13", "processid": 32574, "history": "ExplorerRun.0", "testname": "gmIdwl_gmid2_1", "cornername": "Nominal", "point": 4, "logfile": "/home/dtvt_13/duyDUT/logs_dtvt_13/logs0/Job30.log", "simid": "4"}
[2026-04-16 00:50:35.030 +0700] [INFO] [cadence.virtuoso.ade.simulationMonitor] - Notice from spectre at vsg = 934e-03 during DC analysis `dc'.
    The value of parameter 'vsg' has been reset to the original value 0.6. {"history": "ExplorerRun.0", "point": 4, "testname": "gmIdwl_gmid2_1", "cornername": "Nominal"}
[2026-04-16 00:50:35.031 +0700] [INFO] [cadence.virtuoso.ade.simulationMonitor] - Total time required for dc analysis `dc': CPU = 223.107 ms, elapsed = 224.188 ms. {"history": "ExplorerRun.0", "point": 4, "testname": "gmIdwl_gmid2_1", "cornername": "Nominal"}
[2026-04-16 00:50:35.031 +0700] [INFO] [cadence.virtuoso.ade.simulationMonitor] - Peak resident memory used = 102 Mbytes. {"history": "ExplorerRun.0", "point": 4, "testname": "gmIdwl_gmid2_1", "cornername": "Nominal"}
[2026-04-16 00:50:35.031 +0700] [INFO] [cadence.virtuoso.ade.simulationMonitor] - Time used: CPU = 588 ms, elapsed = 21 s, util. = 2.79%. {"history": "ExplorerRun.0", "point": 4, "testname": "gmIdwl_gmid2_1", "cornername": "Nominal"}
[2026-04-16 00:50:35.031 +0700] [INFO] [cadence.virtuoso.ade.simulationMonitor] - Time spent in licensing: elapsed = 20.4 s, percentage of total = 96.8%. {"history": "ExplorerRun.0", "point": 4, "testname": "gmIdwl_gmid2_1", "cornername": "Nominal"}
[2026-04-16 00:50:35.032 +0700] [INFO] [cadence.virtuoso.ade.simulationMonitor] - Peak memory used = 110 Mbytes. {"history": "ExplorerRun.0", "point": 4, "testname": "gmIdwl_gmid2_1", "cornername": "Nominal"}
[2026-04-16 00:50:35.032 +0700] [PROCESS] [cadence.virtuoso.ade.simulationMonitor] - Simulation started at: 12:50:13 AM, Thur Apr 16, 2026, ended at: 12:50:34 AM, Thur Apr 16, 2026, with elapsed time (wall clock): 21 s. {"history": "ExplorerRun.0", "point": 4, "testname": "gmIdwl_gmid2_1", "cornername": "Nominal"}
[2026-04-16 00:50:35.032 +0700] [PROCESS] [cadence.virtuoso.ade.simulationMonitor] - spectre completes with 0 errors, 8 warnings, and 5 notices. {"history": "ExplorerRun.0", "point": 4, "testname": "gmIdwl_gmid2_1", "cornername": "Nominal"}
[2026-04-16 00:50:35.032 +0700] [PROCESS] [cadence.virtuoso.ade.simulationMonitor] - Simulator exited {"hostname": "dtvt_13", "processid": 32574, "history": "ExplorerRun.0", "testname": "gmIdwl_gmid2_1", "cornername": "Nominal", "point": 4, "logfile": "/home/dtvt_13/duyDUT/logs_dtvt_13/logs0/Job30.log", "exitStatus": "0"}
[2026-04-16 00:50:35.032 +0700] [PROCESS] [cadence.virtuoso.ade.simulationMonitor] - Finished Simulation {"hostname": "dtvt_13", "processid": 32574, "history": "ExplorerRun.0", "testname": "gmIdwl_gmid2_1", "cornername": "Nominal", "point": 4, "logfile": "/home/dtvt_13/duyDUT/logs_dtvt_13/logs0/Job30.log", "simid": "4"}
[2026-04-16 00:50:36.036 +0700] [PROCESS] [cadence.virtuoso.ade.simulationMonitor] - Point Finished {"hostname": "dtvt_13", "processid": 32574, "history": "ExplorerRun.0", "testname": "gmIdwl_gmid2_1", "cornername": "Nominal", "point": 4, "logfile": "/home/dtvt_13/duyDUT/logs_dtvt_13/logs0/Job30.log"}
[2026-04-16 00:50:36.042 +0700] [PROCESS] [cadence.virtuoso.ade.simulationMonitor] - HostInfo:
Host name (type):	dtvt_13 (x86_64)
Operating system:	Linux 3.10.0-1160.118.1.el7.x86_64 #1 SMP Wed Apr 24 16:01:50 UTC 2024 {"hostname": "dtvt_13", "processid": 32574, "history": "ExplorerRun.0", "testname": "gmIdwl_gmid2_1", "cornername": "Nominal", "point": 4, "logfile": "/home/dtvt_13/duyDUT/logs_dtvt_13/logs0/Job30.log", "nodename": "dtvt_13", "domainname": "(none)", "machine": "x86_64", "sysname": "Linux", "release": "3.10.0-1160.118.1.el7.x86_64", "version": "#1 SMP Wed Apr 24 16:01:50 UTC 2024"}
[2026-04-16 00:50:36.043 +0700] [PROCESS] [cadence.virtuoso.ade.simulationMonitor] - UsageInfo:
pid=32574
totalPhysicalMemory=15.208324GB,Used=14.976376GB,totalVirtualMemory=22.895821GB,Used=15.003719GB
Cpu: Cores=24, Load average:0.890000,0.340000,0.210000 {"hostname": "dtvt_13", "processid": 32574, "history": "ExplorerRun.0", "testname": "gmIdwl_gmid2_1", "cornername": "Nominal", "point": 4, "logfile": "/home/dtvt_13/duyDUT/logs_dtvt_13/logs0/Job30.log", "pid": "32574", "totalPhysicalMemory": "15.208324", "physicalMemoryUsed": "14.976376", "totalVirtualMemory": "22.895821", "virtualMemoryUsed": "15.003719", "cpuCores": "24", "processes": "2669", "loadAverage1": "0.890000", "loadAverage5": "0.340000", "loadAverage15": "0.210000", "loadAverage1Percent": "0.037083"}
[2026-04-16 00:50:36.043 +0700] [EVENT] [cadence.virtuoso.ade.simulationMonitor] - NewPoint {"history": "ExplorerRun.0", "point": 5, "testname": "gmIdwl_gmid2_1", "cornername": "Nominal", "event": "NewPoint", "EventSource": "Simulation Monitor", "HistoryName": "ExplorerRun.0", "logFile": "/home/dtvt_13/duyDUT/logs_dtvt_13/logs0/Job30.log", "logFileSize": "46151"}
[2026-04-16 00:50:36.144 +0700] [EVENT] [cadence.virtuoso.ade.simulationMonitor] - NewPoint {"history": "ExplorerRun.0", "point": 5, "testname": "gmIdwl_gmid2_1", "cornername": "Nominal", "event": "NewPoint", "EventSource": "spectre", "HistoryName": "ExplorerRun.0", "logFile": "/home/dtvt_13/simulation/gmIdwl/gmid2/maestro/results/maestro/ExplorerRun.0/5/gmIdwl_gmid2_1/psf/spectre.out", "logFileSize": "-1"}
[2026-04-16 00:50:36.149 +0700] [PROCESS] [cadence.virtuoso.ade.simulationMonitor] - Simulator launched {"hostname": "dtvt_13", "processid": 32574, "history": "ExplorerRun.0", "testname": "gmIdwl_gmid2_1", "cornername": "Nominal", "point": 5, "logfile": "/home/dtvt_13/duyDUT/logs_dtvt_13/logs0/Job30.log", "simid": "5"}
[2026-04-16 00:50:36.149 +0700] [PROCESS] [cadence.virtuoso.ade.simulationMonitor] - Started Simulation {"hostname": "dtvt_13", "processid": 32574, "history": "ExplorerRun.0", "testname": "gmIdwl_gmid2_1", "cornername": "Nominal", "point": 5, "logfile": "/home/dtvt_13/duyDUT/logs_dtvt_13/logs0/Job30.log"}
[2026-04-16 00:50:57.521 +0700] [INFO] [cadence.virtuoso.ade.simulationMonitor] - Peak resident memory used = 86.1 Mbytes. {"history": "ExplorerRun.0", "point": 5, "testname": "gmIdwl_gmid2_1", "cornername": "Nominal"}
[2026-04-16 00:50:57.521 +0700] [INFO] [cadence.virtuoso.ade.simulationMonitor] - Peak resident memory used = 96.4 Mbytes. {"history": "ExplorerRun.0", "point": 5, "testname": "gmIdwl_gmid2_1", "cornername": "Nominal"}
[2026-04-16 00:50:57.521 +0700] [INFO] [cadence.virtuoso.ade.simulationMonitor] - Notice from spectre during hierarchy flattening.
    The value 'psf' specified for the 'checklimitdest' option will no longer be supported in future releases. Use 'spectre -h' to see other recommended values for the 'checklimitdest' option. {"history": "ExplorerRun.0", "point": 5, "testname": "gmIdwl_gmid2_1", "cornername": "Nominal"}
[2026-04-16 00:50:57.521 +0700] [INFO] [cadence.virtuoso.ade.simulationMonitor] - Peak resident memory used = 97.3 Mbytes. {"history": "ExplorerRun.0", "point": 5, "testname": "gmIdwl_gmid2_1", "cornername": "Nominal"}
[2026-04-16 00:50:57.522 +0700] [WARN] [cadence.virtuoso.ade.simulationMonitor] -     WARNING (SPECTRE-8061): `PM0': Does not have a terminal named `id'. {"history": "ExplorerRun.0", "point": 5, "testname": "gmIdwl_gmid2_1", "cornername": "Nominal"}
[2026-04-16 00:50:57.522 +0700] [WARN] [cadence.virtuoso.ade.simulationMonitor] -     WARNING (SPECTRE-8287): Ignoring invalid item `PM0:id' in save statement. {"history": "ExplorerRun.0", "point": 5, "testname": "gmIdwl_gmid2_1", "cornername": "Nominal"}
[2026-04-16 00:50:57.522 +0700] [WARN] [cadence.virtuoso.ade.simulationMonitor] -     WARNING (SPECTRE-8061): `PM0': Does not have a terminal named `gm'. {"history": "ExplorerRun.0", "point": 5, "testname": "gmIdwl_gmid2_1", "cornername": "Nominal"}
[2026-04-16 00:50:57.522 +0700] [WARN] [cadence.virtuoso.ade.simulationMonitor] -     WARNING (SPECTRE-8287): Ignoring invalid item `PM0:gm' in save statement. {"history": "ExplorerRun.0", "point": 5, "testname": "gmIdwl_gmid2_1", "cornername": "Nominal"}
[2026-04-16 00:50:57.522 +0700] [WARN] [cadence.virtuoso.ade.simulationMonitor] -     WARNING (SPECTRE-8061): `PM0': Does not have a terminal named `vgs'. {"history": "ExplorerRun.0", "point": 5, "testname": "gmIdwl_gmid2_1", "cornername": "Nominal"}
[2026-04-16 00:50:57.523 +0700] [WARN] [cadence.virtuoso.ade.simulationMonitor] -     WARNING (SPECTRE-8287): Ignoring invalid item `PM0:vgs' in save statement. {"history": "ExplorerRun.0", "point": 5, "testname": "gmIdwl_gmid2_1", "cornername": "Nominal"}
[2026-04-16 00:50:57.523 +0700] [WARN] [cadence.virtuoso.ade.simulationMonitor] -     WARNING (SPECTRE-8061): `PM0': Does not have a terminal named `vth'. {"history": "ExplorerRun.0", "point": 5, "testname": "gmIdwl_gmid2_1", "cornername": "Nominal"}
[2026-04-16 00:50:57.523 +0700] [WARN] [cadence.virtuoso.ade.simulationMonitor] -     WARNING (SPECTRE-8287): Ignoring invalid item `PM0:vth' in save statement. {"history": "ExplorerRun.0", "point": 5, "testname": "gmIdwl_gmid2_1", "cornername": "Nominal"}
[2026-04-16 00:50:57.523 +0700] [INFO] [cadence.virtuoso.ade.simulationMonitor] - Notice from spectre during initial setup.
    Multithreading is disabled due to the size of the design being too small. {"history": "ExplorerRun.0", "point": 5, "testname": "gmIdwl_gmid2_1", "cornername": "Nominal"}
[2026-04-16 00:50:57.523 +0700] [INFO] [cadence.virtuoso.ade.simulationMonitor] -               nodes 3 {"history": "ExplorerRun.0", "point": 5, "testname": "gmIdwl_gmid2_1", "cornername": "Nominal"}
[2026-04-16 00:50:57.523 +0700] [INFO] [cadence.virtuoso.ade.simulationMonitor] - Notice from spectre during initial setup.
    APS enabled. {"history": "ExplorerRun.0", "point": 5, "testname": "gmIdwl_gmid2_1", "cornername": "Nominal"}
[2026-04-16 00:50:57.523 +0700] [INFO] [cadence.virtuoso.ade.simulationMonitor] - Peak resident memory used = 98.8 Mbytes. {"history": "ExplorerRun.0", "point": 5, "testname": "gmIdwl_gmid2_1", "cornername": "Nominal"}
[2026-04-16 00:50:57.523 +0700] [INFO] [cadence.virtuoso.ade.simulationMonitor] -    -   (APS) Multi-threading. The recommended number of threads is 1, consider adding +mt=1 on command line. {"history": "ExplorerRun.0", "point": 5, "testname": "gmIdwl_gmid2_1", "cornername": "Nominal"}
[2026-04-16 00:50:57.523 +0700] [INFO] [cadence.virtuoso.ade.simulationMonitor] - Total time required for dc analysis `dcOp': CPU = 1.488 ms, elapsed = 2.635 ms. {"history": "ExplorerRun.0", "point": 5, "testname": "gmIdwl_gmid2_1", "cornername": "Nominal"}
[2026-04-16 00:50:57.523 +0700] [INFO] [cadence.virtuoso.ade.simulationMonitor] - Peak resident memory used = 100 Mbytes. {"history": "ExplorerRun.0", "point": 5, "testname": "gmIdwl_gmid2_1", "cornername": "Nominal"}
[2026-04-16 00:50:58.024 +0700] [PROCESS] [cadence.virtuoso.ade.simulationMonitor] - Finished simulating for one point {"hostname": "dtvt_13", "processid": 32574, "history": "ExplorerRun.0", "testname": "gmIdwl_gmid2_1", "cornername": "Nominal", "point": 5, "logfile": "/home/dtvt_13/duyDUT/logs_dtvt_13/logs0/Job30.log", "simid": "5"}
[2026-04-16 00:50:58.024 +0700] [INFO] [cadence.virtuoso.ade.simulationMonitor] - Notice from spectre at vsg = 934e-03 during DC analysis `dc'.
    The value of parameter 'vsg' has been reset to the original value 0.6. {"history": "ExplorerRun.0", "point": 5, "testname": "gmIdwl_gmid2_1", "cornername": "Nominal"}
[2026-04-16 00:50:58.024 +0700] [INFO] [cadence.virtuoso.ade.simulationMonitor] - Total time required for dc analysis `dc': CPU = 637.762 ms, elapsed = 638.694 ms. {"history": "ExplorerRun.0", "point": 5, "testname": "gmIdwl_gmid2_1", "cornername": "Nominal"}
[2026-04-16 00:50:58.025 +0700] [INFO] [cadence.virtuoso.ade.simulationMonitor] - Peak resident memory used = 102 Mbytes. {"history": "ExplorerRun.0", "point": 5, "testname": "gmIdwl_gmid2_1", "cornername": "Nominal"}
[2026-04-16 00:50:58.025 +0700] [INFO] [cadence.virtuoso.ade.simulationMonitor] - Time used: CPU = 1.02 s, elapsed = 21.5 s, util. = 4.76%. {"history": "ExplorerRun.0", "point": 5, "testname": "gmIdwl_gmid2_1", "cornername": "Nominal"}
[2026-04-16 00:50:58.025 +0700] [INFO] [cadence.virtuoso.ade.simulationMonitor] - Time spent in licensing: elapsed = 20.5 s, percentage of total = 95.3%. {"history": "ExplorerRun.0", "point": 5, "testname": "gmIdwl_gmid2_1", "cornername": "Nominal"}
[2026-04-16 00:50:58.025 +0700] [INFO] [cadence.virtuoso.ade.simulationMonitor] - Peak memory used = 110 Mbytes. {"history": "ExplorerRun.0", "point": 5, "testname": "gmIdwl_gmid2_1", "cornername": "Nominal"}
[2026-04-16 00:50:58.025 +0700] [PROCESS] [cadence.virtuoso.ade.simulationMonitor] - Simulation started at: 12:50:36 AM, Thur Apr 16, 2026, ended at: 12:50:57 AM, Thur Apr 16, 2026, with elapsed time (wall clock): 21.5 s. {"history": "ExplorerRun.0", "point": 5, "testname": "gmIdwl_gmid2_1", "cornername": "Nominal"}
[2026-04-16 00:50:58.025 +0700] [PROCESS] [cadence.virtuoso.ade.simulationMonitor] - spectre completes with 0 errors, 8 warnings, and 5 notices. {"history": "ExplorerRun.0", "point": 5, "testname": "gmIdwl_gmid2_1", "cornername": "Nominal"}
[2026-04-16 00:50:58.026 +0700] [PROCESS] [cadence.virtuoso.ade.simulationMonitor] - Simulator exited {"hostname": "dtvt_13", "processid": 32574, "history": "ExplorerRun.0", "testname": "gmIdwl_gmid2_1", "cornername": "Nominal", "point": 5, "logfile": "/home/dtvt_13/duyDUT/logs_dtvt_13/logs0/Job30.log", "exitStatus": "0"}
[2026-04-16 00:50:58.026 +0700] [PROCESS] [cadence.virtuoso.ade.simulationMonitor] - Finished Simulation {"hostname": "dtvt_13", "processid": 32574, "history": "ExplorerRun.0", "testname": "gmIdwl_gmid2_1", "cornername": "Nominal", "point": 5, "logfile": "/home/dtvt_13/duyDUT/logs_dtvt_13/logs0/Job30.log", "simid": "5"}
[2026-04-16 00:50:59.036 +0700] [PROCESS] [cadence.virtuoso.ade.simulationMonitor] - Point Finished {"hostname": "dtvt_13", "processid": 32574, "history": "ExplorerRun.0", "testname": "gmIdwl_gmid2_1", "cornername": "Nominal", "point": 5, "logfile": "/home/dtvt_13/duyDUT/logs_dtvt_13/logs0/Job30.log"}
[2026-04-16 00:50:59.041 +0700] [PROCESS] [cadence.virtuoso.ade.simulationMonitor] - HostInfo:
Host name (type):	dtvt_13 (x86_64)
Operating system:	Linux 3.10.0-1160.118.1.el7.x86_64 #1 SMP Wed Apr 24 16:01:50 UTC 2024 {"hostname": "dtvt_13", "processid": 32574, "history": "ExplorerRun.0", "testname": "gmIdwl_gmid2_1", "cornername": "Nominal", "point": 5, "logfile": "/home/dtvt_13/duyDUT/logs_dtvt_13/logs0/Job30.log", "nodename": "dtvt_13", "domainname": "(none)", "machine": "x86_64", "sysname": "Linux", "release": "3.10.0-1160.118.1.el7.x86_64", "version": "#1 SMP Wed Apr 24 16:01:50 UTC 2024"}
[2026-04-16 00:50:59.042 +0700] [PROCESS] [cadence.virtuoso.ade.simulationMonitor] - UsageInfo:
pid=32574
totalPhysicalMemory=15.208324GB,Used=14.957710GB,totalVirtualMemory=22.895821GB,Used=14.985786GB
Cpu: Cores=24, Load average:1.020000,0.410000,0.240000 {"hostname": "dtvt_13", "processid": 32574, "history": "ExplorerRun.0", "testname": "gmIdwl_gmid2_1", "cornername": "Nominal", "point": 5, "logfile": "/home/dtvt_13/duyDUT/logs_dtvt_13/logs0/Job30.log", "pid": "32574", "totalPhysicalMemory": "15.208324", "physicalMemoryUsed": "14.957710", "totalVirtualMemory": "22.895821", "virtualMemoryUsed": "14.985786", "cpuCores": "24", "processes": "2642", "loadAverage1": "1.020000", "loadAverage5": "0.410000", "loadAverage15": "0.240000", "loadAverage1Percent": "0.042500"}
[2026-04-16 00:50:59.042 +0700] [EVENT] [cadence.virtuoso.ade.simulationMonitor] - NewPoint {"history": "ExplorerRun.0", "point": 6, "testname": "gmIdwl_gmid2_1", "cornername": "Nominal", "event": "NewPoint", "EventSource": "Simulation Monitor", "HistoryName": "ExplorerRun.0", "logFile": "/home/dtvt_13/duyDUT/logs_dtvt_13/logs0/Job30.log", "logFileSize": "57088"}
[2026-04-16 00:50:59.144 +0700] [EVENT] [cadence.virtuoso.ade.simulationMonitor] - NewPoint {"history": "ExplorerRun.0", "point": 6, "testname": "gmIdwl_gmid2_1", "cornername": "Nominal", "event": "NewPoint", "EventSource": "spectre", "HistoryName": "ExplorerRun.0", "logFile": "/home/dtvt_13/simulation/gmIdwl/gmid2/maestro/results/maestro/ExplorerRun.0/6/gmIdwl_gmid2_1/psf/spectre.out", "logFileSize": "-1"}
[2026-04-16 00:50:59.148 +0700] [PROCESS] [cadence.virtuoso.ade.simulationMonitor] - Simulator launched {"hostname": "dtvt_13", "processid": 32574, "history": "ExplorerRun.0", "testname": "gmIdwl_gmid2_1", "cornername": "Nominal", "point": 6, "logfile": "/home/dtvt_13/duyDUT/logs_dtvt_13/logs0/Job30.log", "simid": "6"}
[2026-04-16 00:50:59.149 +0700] [PROCESS] [cadence.virtuoso.ade.simulationMonitor] - Started Simulation {"hostname": "dtvt_13", "processid": 32574, "history": "ExplorerRun.0", "testname": "gmIdwl_gmid2_1", "cornername": "Nominal", "point": 6, "logfile": "/home/dtvt_13/duyDUT/logs_dtvt_13/logs0/Job30.log"}
[2026-04-16 00:51:20.438 +0700] [INFO] [cadence.virtuoso.ade.simulationMonitor] - Peak resident memory used = 86.1 Mbytes. {"history": "ExplorerRun.0", "point": 6, "testname": "gmIdwl_gmid2_1", "cornername": "Nominal"}
[2026-04-16 00:51:20.439 +0700] [INFO] [cadence.virtuoso.ade.simulationMonitor] - Peak resident memory used = 96.4 Mbytes. {"history": "ExplorerRun.0", "point": 6, "testname": "gmIdwl_gmid2_1", "cornername": "Nominal"}
[2026-04-16 00:51:20.439 +0700] [INFO] [cadence.virtuoso.ade.simulationMonitor] - Notice from spectre during hierarchy flattening.
    The value 'psf' specified for the 'checklimitdest' option will no longer be supported in future releases. Use 'spectre -h' to see other recommended values for the 'checklimitdest' option. {"history": "ExplorerRun.0", "point": 6, "testname": "gmIdwl_gmid2_1", "cornername": "Nominal"}
[2026-04-16 00:51:20.439 +0700] [INFO] [cadence.virtuoso.ade.simulationMonitor] - Peak resident memory used = 97.3 Mbytes. {"history": "ExplorerRun.0", "point": 6, "testname": "gmIdwl_gmid2_1", "cornername": "Nominal"}
[2026-04-16 00:51:20.440 +0700] [WARN] [cadence.virtuoso.ade.simulationMonitor] -     WARNING (SPECTRE-8061): `PM0': Does not have a terminal named `id'. {"history": "ExplorerRun.0", "point": 6, "testname": "gmIdwl_gmid2_1", "cornername": "Nominal"}
[2026-04-16 00:51:20.440 +0700] [WARN] [cadence.virtuoso.ade.simulationMonitor] -     WARNING (SPECTRE-8287): Ignoring invalid item `PM0:id' in save statement. {"history": "ExplorerRun.0", "point": 6, "testname": "gmIdwl_gmid2_1", "cornername": "Nominal"}
[2026-04-16 00:51:20.440 +0700] [WARN] [cadence.virtuoso.ade.simulationMonitor] -     WARNING (SPECTRE-8061): `PM0': Does not have a terminal named `gm'. {"history": "ExplorerRun.0", "point": 6, "testname": "gmIdwl_gmid2_1", "cornername": "Nominal"}
[2026-04-16 00:51:20.441 +0700] [WARN] [cadence.virtuoso.ade.simulationMonitor] -     WARNING (SPECTRE-8287): Ignoring invalid item `PM0:gm' in save statement. {"history": "ExplorerRun.0", "point": 6, "testname": "gmIdwl_gmid2_1", "cornername": "Nominal"}
[2026-04-16 00:51:20.441 +0700] [WARN] [cadence.virtuoso.ade.simulationMonitor] -     WARNING (SPECTRE-8061): `PM0': Does not have a terminal named `vgs'. {"history": "ExplorerRun.0", "point": 6, "testname": "gmIdwl_gmid2_1", "cornername": "Nominal"}
[2026-04-16 00:51:20.441 +0700] [WARN] [cadence.virtuoso.ade.simulationMonitor] -     WARNING (SPECTRE-8287): Ignoring invalid item `PM0:vgs' in save statement. {"history": "ExplorerRun.0", "point": 6, "testname": "gmIdwl_gmid2_1", "cornername": "Nominal"}
[2026-04-16 00:51:20.441 +0700] [WARN] [cadence.virtuoso.ade.simulationMonitor] -     WARNING (SPECTRE-8061): `PM0': Does not have a terminal named `vth'. {"history": "ExplorerRun.0", "point": 6, "testname": "gmIdwl_gmid2_1", "cornername": "Nominal"}
[2026-04-16 00:51:20.442 +0700] [WARN] [cadence.virtuoso.ade.simulationMonitor] -     WARNING (SPECTRE-8287): Ignoring invalid item `PM0:vth' in save statement. {"history": "ExplorerRun.0", "point": 6, "testname": "gmIdwl_gmid2_1", "cornername": "Nominal"}
[2026-04-16 00:51:20.442 +0700] [INFO] [cadence.virtuoso.ade.simulationMonitor] - Notice from spectre during initial setup.
    Multithreading is disabled due to the size of the design being too small. {"history": "ExplorerRun.0", "point": 6, "testname": "gmIdwl_gmid2_1", "cornername": "Nominal"}
[2026-04-16 00:51:20.442 +0700] [INFO] [cadence.virtuoso.ade.simulationMonitor] -               nodes 3 {"history": "ExplorerRun.0", "point": 6, "testname": "gmIdwl_gmid2_1", "cornername": "Nominal"}
[2026-04-16 00:51:20.442 +0700] [INFO] [cadence.virtuoso.ade.simulationMonitor] - Notice from spectre during initial setup.
    APS enabled. {"history": "ExplorerRun.0", "point": 6, "testname": "gmIdwl_gmid2_1", "cornername": "Nominal"}
[2026-04-16 00:51:20.442 +0700] [INFO] [cadence.virtuoso.ade.simulationMonitor] - Peak resident memory used = 98.8 Mbytes. {"history": "ExplorerRun.0", "point": 6, "testname": "gmIdwl_gmid2_1", "cornername": "Nominal"}
[2026-04-16 00:51:20.442 +0700] [INFO] [cadence.virtuoso.ade.simulationMonitor] -    -   (APS) Multi-threading. The recommended number of threads is 1, consider adding +mt=1 on command line. {"history": "ExplorerRun.0", "point": 6, "testname": "gmIdwl_gmid2_1", "cornername": "Nominal"}
[2026-04-16 00:51:20.443 +0700] [INFO] [cadence.virtuoso.ade.simulationMonitor] - Total time required for dc analysis `dcOp': CPU = 2.381 ms, elapsed = 3.35097 ms. {"history": "ExplorerRun.0", "point": 6, "testname": "gmIdwl_gmid2_1", "cornername": "Nominal"}
[2026-04-16 00:51:20.443 +0700] [INFO] [cadence.virtuoso.ade.simulationMonitor] - Peak resident memory used = 100 Mbytes. {"history": "ExplorerRun.0", "point": 6, "testname": "gmIdwl_gmid2_1", "cornername": "Nominal"}
[2026-04-16 00:51:20.943 +0700] [PROCESS] [cadence.virtuoso.ade.simulationMonitor] - Finished simulating for one point {"hostname": "dtvt_13", "processid": 32574, "history": "ExplorerRun.0", "testname": "gmIdwl_gmid2_1", "cornername": "Nominal", "point": 6, "logfile": "/home/dtvt_13/duyDUT/logs_dtvt_13/logs0/Job30.log", "simid": "6"}
[2026-04-16 00:51:20.944 +0700] [INFO] [cadence.virtuoso.ade.simulationMonitor] - Notice from spectre at vsg = 934e-03 during DC analysis `dc'.
    The value of parameter 'vsg' has been reset to the original value 0.6. {"history": "ExplorerRun.0", "point": 6, "testname": "gmIdwl_gmid2_1", "cornername": "Nominal"}
[2026-04-16 00:51:20.944 +0700] [INFO] [cadence.virtuoso.ade.simulationMonitor] - Total time required for dc analysis `dc': CPU = 220.755 ms, elapsed = 221.808 ms. {"history": "ExplorerRun.0", "point": 6, "testname": "gmIdwl_gmid2_1", "cornername": "Nominal"}
[2026-04-16 00:51:20.944 +0700] [INFO] [cadence.virtuoso.ade.simulationMonitor] - Peak resident memory used = 102 Mbytes. {"history": "ExplorerRun.0", "point": 6, "testname": "gmIdwl_gmid2_1", "cornername": "Nominal"}
[2026-04-16 00:51:20.945 +0700] [INFO] [cadence.virtuoso.ade.simulationMonitor] - Time used: CPU = 569 ms, elapsed = 21.1 s, util. = 2.7%. {"history": "ExplorerRun.0", "point": 6, "testname": "gmIdwl_gmid2_1", "cornername": "Nominal"}
[2026-04-16 00:51:20.945 +0700] [INFO] [cadence.virtuoso.ade.simulationMonitor] - Time spent in licensing: elapsed = 20.5 s, percentage of total = 97.3%. {"history": "ExplorerRun.0", "point": 6, "testname": "gmIdwl_gmid2_1", "cornername": "Nominal"}
[2026-04-16 00:51:20.945 +0700] [INFO] [cadence.virtuoso.ade.simulationMonitor] - Peak memory used = 110 Mbytes. {"history": "ExplorerRun.0", "point": 6, "testname": "gmIdwl_gmid2_1", "cornername": "Nominal"}
[2026-04-16 00:51:20.945 +0700] [PROCESS] [cadence.virtuoso.ade.simulationMonitor] - Simulation started at: 12:50:59 AM, Thur Apr 16, 2026, ended at: 12:51:20 AM, Thur Apr 16, 2026, with elapsed time (wall clock): 21.1 s. {"history": "ExplorerRun.0", "point": 6, "testname": "gmIdwl_gmid2_1", "cornername": "Nominal"}
[2026-04-16 00:51:20.945 +0700] [PROCESS] [cadence.virtuoso.ade.simulationMonitor] - spectre completes with 0 errors, 8 warnings, and 5 notices. {"history": "ExplorerRun.0", "point": 6, "testname": "gmIdwl_gmid2_1", "cornername": "Nominal"}
[2026-04-16 00:51:20.945 +0700] [PROCESS] [cadence.virtuoso.ade.simulationMonitor] - Simulator exited {"hostname": "dtvt_13", "processid": 32574, "history": "ExplorerRun.0", "testname": "gmIdwl_gmid2_1", "cornername": "Nominal", "point": 6, "logfile": "/home/dtvt_13/duyDUT/logs_dtvt_13/logs0/Job30.log", "exitStatus": "0"}
[2026-04-16 00:51:20.946 +0700] [PROCESS] [cadence.virtuoso.ade.simulationMonitor] - Finished Simulation {"hostname": "dtvt_13", "processid": 32574, "history": "ExplorerRun.0", "testname": "gmIdwl_gmid2_1", "cornername": "Nominal", "point": 6, "logfile": "/home/dtvt_13/duyDUT/logs_dtvt_13/logs0/Job30.log", "simid": "6"}
[2026-04-16 00:51:21.454 +0700] [PROCESS] [cadence.virtuoso.ade.simulationMonitor] - Point Finished {"hostname": "dtvt_13", "processid": 32574, "history": "ExplorerRun.0", "testname": "gmIdwl_gmid2_1", "cornername": "Nominal", "point": 6, "logfile": "/home/dtvt_13/duyDUT/logs_dtvt_13/logs0/Job30.log"}
[2026-04-16 00:51:21.460 +0700] [PROCESS] [cadence.virtuoso.ade.simulationMonitor] - HostInfo:
Host name (type):	dtvt_13 (x86_64)
Operating system:	Linux 3.10.0-1160.118.1.el7.x86_64 #1 SMP Wed Apr 24 16:01:50 UTC 2024 {"hostname": "dtvt_13", "processid": 32574, "history": "ExplorerRun.0", "testname": "gmIdwl_gmid2_1", "cornername": "Nominal", "point": 6, "logfile": "/home/dtvt_13/duyDUT/logs_dtvt_13/logs0/Job30.log", "nodename": "dtvt_13", "domainname": "(none)", "machine": "x86_64", "sysname": "Linux", "release": "3.10.0-1160.118.1.el7.x86_64", "version": "#1 SMP Wed Apr 24 16:01:50 UTC 2024"}
[2026-04-16 00:51:21.460 +0700] [PROCESS] [cadence.virtuoso.ade.simulationMonitor] - UsageInfo:
pid=32574
totalPhysicalMemory=15.208324GB,Used=14.968586GB,totalVirtualMemory=22.895821GB,Used=14.996662GB
Cpu: Cores=24, Load average:1.140000,0.480000,0.270000 {"hostname": "dtvt_13", "processid": 32574, "history": "ExplorerRun.0", "testname": "gmIdwl_gmid2_1", "cornername": "Nominal", "point": 6, "logfile": "/home/dtvt_13/duyDUT/logs_dtvt_13/logs0/Job30.log", "pid": "32574", "totalPhysicalMemory": "15.208324", "physicalMemoryUsed": "14.968586", "totalVirtualMemory": "22.895821", "virtualMemoryUsed": "14.996662", "cpuCores": "24", "processes": "2642", "loadAverage1": "1.140000", "loadAverage5": "0.480000", "loadAverage15": "0.270000", "loadAverage1Percent": "0.047500"}
[2026-04-16 00:51:21.461 +0700] [EVENT] [cadence.virtuoso.ade.simulationMonitor] - NewPoint {"history": "ExplorerRun.0", "point": 7, "testname": "gmIdwl_gmid2_1", "cornername": "Nominal", "event": "NewPoint", "EventSource": "Simulation Monitor", "HistoryName": "ExplorerRun.0", "logFile": "/home/dtvt_13/duyDUT/logs_dtvt_13/logs0/Job30.log", "logFileSize": "68026"}
[2026-04-16 00:51:21.562 +0700] [EVENT] [cadence.virtuoso.ade.simulationMonitor] - NewPoint {"history": "ExplorerRun.0", "point": 7, "testname": "gmIdwl_gmid2_1", "cornername": "Nominal", "event": "NewPoint", "EventSource": "spectre", "HistoryName": "ExplorerRun.0", "logFile": "/home/dtvt_13/simulation/gmIdwl/gmid2/maestro/results/maestro/ExplorerRun.0/7/gmIdwl_gmid2_1/psf/spectre.out", "logFileSize": "-1"}
[2026-04-16 00:51:21.567 +0700] [PROCESS] [cadence.virtuoso.ade.simulationMonitor] - Simulator launched {"hostname": "dtvt_13", "processid": 32574, "history": "ExplorerRun.0", "testname": "gmIdwl_gmid2_1", "cornername": "Nominal", "point": 7, "logfile": "/home/dtvt_13/duyDUT/logs_dtvt_13/logs0/Job30.log", "simid": "7"}
[2026-04-16 00:51:21.567 +0700] [PROCESS] [cadence.virtuoso.ade.simulationMonitor] - Started Simulation {"hostname": "dtvt_13", "processid": 32574, "history": "ExplorerRun.0", "testname": "gmIdwl_gmid2_1", "cornername": "Nominal", "point": 7, "logfile": "/home/dtvt_13/duyDUT/logs_dtvt_13/logs0/Job30.log"}
[2026-04-16 00:51:43.336 +0700] [INFO] [cadence.virtuoso.ade.simulationMonitor] - Peak resident memory used = 86.1 Mbytes. {"history": "ExplorerRun.0", "point": 7, "testname": "gmIdwl_gmid2_1", "cornername": "Nominal"}
[2026-04-16 00:51:43.336 +0700] [INFO] [cadence.virtuoso.ade.simulationMonitor] - Peak resident memory used = 96.4 Mbytes. {"history": "ExplorerRun.0", "point": 7, "testname": "gmIdwl_gmid2_1", "cornername": "Nominal"}
[2026-04-16 00:51:43.336 +0700] [INFO] [cadence.virtuoso.ade.simulationMonitor] - Notice from spectre during hierarchy flattening.
    The value 'psf' specified for the 'checklimitdest' option will no longer be supported in future releases. Use 'spectre -h' to see other recommended values for the 'checklimitdest' option. {"history": "ExplorerRun.0", "point": 7, "testname": "gmIdwl_gmid2_1", "cornername": "Nominal"}
[2026-04-16 00:51:43.337 +0700] [INFO] [cadence.virtuoso.ade.simulationMonitor] - Peak resident memory used = 97.3 Mbytes. {"history": "ExplorerRun.0", "point": 7, "testname": "gmIdwl_gmid2_1", "cornername": "Nominal"}
[2026-04-16 00:51:43.337 +0700] [WARN] [cadence.virtuoso.ade.simulationMonitor] -     WARNING (SPECTRE-8061): `PM0': Does not have a terminal named `id'. {"history": "ExplorerRun.0", "point": 7, "testname": "gmIdwl_gmid2_1", "cornername": "Nominal"}
[2026-04-16 00:51:43.337 +0700] [WARN] [cadence.virtuoso.ade.simulationMonitor] -     WARNING (SPECTRE-8287): Ignoring invalid item `PM0:id' in save statement. {"history": "ExplorerRun.0", "point": 7, "testname": "gmIdwl_gmid2_1", "cornername": "Nominal"}
[2026-04-16 00:51:43.337 +0700] [WARN] [cadence.virtuoso.ade.simulationMonitor] -     WARNING (SPECTRE-8061): `PM0': Does not have a terminal named `gm'. {"history": "ExplorerRun.0", "point": 7, "testname": "gmIdwl_gmid2_1", "cornername": "Nominal"}
[2026-04-16 00:51:43.338 +0700] [WARN] [cadence.virtuoso.ade.simulationMonitor] -     WARNING (SPECTRE-8287): Ignoring invalid item `PM0:gm' in save statement. {"history": "ExplorerRun.0", "point": 7, "testname": "gmIdwl_gmid2_1", "cornername": "Nominal"}
[2026-04-16 00:51:43.338 +0700] [WARN] [cadence.virtuoso.ade.simulationMonitor] -     WARNING (SPECTRE-8061): `PM0': Does not have a terminal named `vgs'. {"history": "ExplorerRun.0", "point": 7, "testname": "gmIdwl_gmid2_1", "cornername": "Nominal"}
[2026-04-16 00:51:43.338 +0700] [WARN] [cadence.virtuoso.ade.simulationMonitor] -     WARNING (SPECTRE-8287): Ignoring invalid item `PM0:vgs' in save statement. {"history": "ExplorerRun.0", "point": 7, "testname": "gmIdwl_gmid2_1", "cornername": "Nominal"}
[2026-04-16 00:51:43.338 +0700] [WARN] [cadence.virtuoso.ade.simulationMonitor] -     WARNING (SPECTRE-8061): `PM0': Does not have a terminal named `vth'. {"history": "ExplorerRun.0", "point": 7, "testname": "gmIdwl_gmid2_1", "cornername": "Nominal"}
[2026-04-16 00:51:43.338 +0700] [WARN] [cadence.virtuoso.ade.simulationMonitor] -     WARNING (SPECTRE-8287): Ignoring invalid item `PM0:vth' in save statement. {"history": "ExplorerRun.0", "point": 7, "testname": "gmIdwl_gmid2_1", "cornername": "Nominal"}
[2026-04-16 00:51:43.338 +0700] [INFO] [cadence.virtuoso.ade.simulationMonitor] - Notice from spectre during initial setup.
    Multithreading is disabled due to the size of the design being too small. {"history": "ExplorerRun.0", "point": 7, "testname": "gmIdwl_gmid2_1", "cornername": "Nominal"}
[2026-04-16 00:51:43.339 +0700] [INFO] [cadence.virtuoso.ade.simulationMonitor] -               nodes 3 {"history": "ExplorerRun.0", "point": 7, "testname": "gmIdwl_gmid2_1", "cornername": "Nominal"}
[2026-04-16 00:51:43.339 +0700] [INFO] [cadence.virtuoso.ade.simulationMonitor] - Notice from spectre during initial setup.
    APS enabled. {"history": "ExplorerRun.0", "point": 7, "testname": "gmIdwl_gmid2_1", "cornername": "Nominal"}
[2026-04-16 00:51:43.339 +0700] [INFO] [cadence.virtuoso.ade.simulationMonitor] - Peak resident memory used = 98.8 Mbytes. {"history": "ExplorerRun.0", "point": 7, "testname": "gmIdwl_gmid2_1", "cornername": "Nominal"}
[2026-04-16 00:51:43.339 +0700] [INFO] [cadence.virtuoso.ade.simulationMonitor] -    -   (APS) Multi-threading. The recommended number of threads is 1, consider adding +mt=1 on command line. {"history": "ExplorerRun.0", "point": 7, "testname": "gmIdwl_gmid2_1", "cornername": "Nominal"}
[2026-04-16 00:51:43.339 +0700] [INFO] [cadence.virtuoso.ade.simulationMonitor] - Total time required for dc analysis `dcOp': CPU = 2.753 ms, elapsed = 3.85785 ms. {"history": "ExplorerRun.0", "point": 7, "testname": "gmIdwl_gmid2_1", "cornername": "Nominal"}
[2026-04-16 00:51:43.339 +0700] [INFO] [cadence.virtuoso.ade.simulationMonitor] - Peak resident memory used = 100 Mbytes. {"history": "ExplorerRun.0", "point": 7, "testname": "gmIdwl_gmid2_1", "cornername": "Nominal"}
[2026-04-16 00:51:43.339 +0700] [INFO] [cadence.virtuoso.ade.simulationMonitor] - Notice from spectre at vsg = 934e-03 during DC analysis `dc'.
    The value of parameter 'vsg' has been reset to the original value 0.6. {"history": "ExplorerRun.0", "point": 7, "testname": "gmIdwl_gmid2_1", "cornername": "Nominal"}
[2026-04-16 00:51:43.340 +0700] [INFO] [cadence.virtuoso.ade.simulationMonitor] - Total time required for dc analysis `dc': CPU = 220.853 ms, elapsed = 221.965 ms. {"history": "ExplorerRun.0", "point": 7, "testname": "gmIdwl_gmid2_1", "cornername": "Nominal"}
[2026-04-16 00:51:43.340 +0700] [INFO] [cadence.virtuoso.ade.simulationMonitor] - Peak resident memory used = 102 Mbytes. {"history": "ExplorerRun.0", "point": 7, "testname": "gmIdwl_gmid2_1", "cornername": "Nominal"}
[2026-04-16 00:51:43.841 +0700] [PROCESS] [cadence.virtuoso.ade.simulationMonitor] - Finished simulating for one point {"hostname": "dtvt_13", "processid": 32574, "history": "ExplorerRun.0", "testname": "gmIdwl_gmid2_1", "cornername": "Nominal", "point": 7, "logfile": "/home/dtvt_13/duyDUT/logs_dtvt_13/logs0/Job30.log", "simid": "7"}
[2026-04-16 00:51:43.842 +0700] [INFO] [cadence.virtuoso.ade.simulationMonitor] - Time used: CPU = 612 ms, elapsed = 21.6 s, util. = 2.83%. {"history": "ExplorerRun.0", "point": 7, "testname": "gmIdwl_gmid2_1", "cornername": "Nominal"}
[2026-04-16 00:51:43.842 +0700] [INFO] [cadence.virtuoso.ade.simulationMonitor] - Time spent in licensing: elapsed = 20.3 s, percentage of total = 93.9%. {"history": "ExplorerRun.0", "point": 7, "testname": "gmIdwl_gmid2_1", "cornername": "Nominal"}
[2026-04-16 00:51:43.843 +0700] [INFO] [cadence.virtuoso.ade.simulationMonitor] - Peak memory used = 110 Mbytes. {"history": "ExplorerRun.0", "point": 7, "testname": "gmIdwl_gmid2_1", "cornername": "Nominal"}
[2026-04-16 00:51:43.843 +0700] [PROCESS] [cadence.virtuoso.ade.simulationMonitor] - Simulation started at: 12:51:21 AM, Thur Apr 16, 2026, ended at: 12:51:43 AM, Thur Apr 16, 2026, with elapsed time (wall clock): 21.6 s. {"history": "ExplorerRun.0", "point": 7, "testname": "gmIdwl_gmid2_1", "cornername": "Nominal"}
[2026-04-16 00:51:43.844 +0700] [PROCESS] [cadence.virtuoso.ade.simulationMonitor] - spectre completes with 0 errors, 8 warnings, and 5 notices. {"history": "ExplorerRun.0", "point": 7, "testname": "gmIdwl_gmid2_1", "cornername": "Nominal"}
[2026-04-16 00:51:43.844 +0700] [PROCESS] [cadence.virtuoso.ade.simulationMonitor] - Simulator exited {"hostname": "dtvt_13", "processid": 32574, "history": "ExplorerRun.0", "testname": "gmIdwl_gmid2_1", "cornername": "Nominal", "point": 7, "logfile": "/home/dtvt_13/duyDUT/logs_dtvt_13/logs0/Job30.log", "exitStatus": "0"}
[2026-04-16 00:51:43.844 +0700] [PROCESS] [cadence.virtuoso.ade.simulationMonitor] - Finished Simulation {"hostname": "dtvt_13", "processid": 32574, "history": "ExplorerRun.0", "testname": "gmIdwl_gmid2_1", "cornername": "Nominal", "point": 7, "logfile": "/home/dtvt_13/duyDUT/logs_dtvt_13/logs0/Job30.log", "simid": "7"}
[2026-04-16 00:51:44.872 +0700] [PROCESS] [cadence.virtuoso.ade.simulationMonitor] - Point Finished {"hostname": "dtvt_13", "processid": 32574, "history": "ExplorerRun.0", "testname": "gmIdwl_gmid2_1", "cornername": "Nominal", "point": 7, "logfile": "/home/dtvt_13/duyDUT/logs_dtvt_13/logs0/Job30.log"}
[2026-04-16 00:51:44.882 +0700] [PROCESS] [cadence.virtuoso.ade.simulationMonitor] - HostInfo:
Host name (type):	dtvt_13 (x86_64)
Operating system:	Linux 3.10.0-1160.118.1.el7.x86_64 #1 SMP Wed Apr 24 16:01:50 UTC 2024 {"hostname": "dtvt_13", "processid": 32574, "history": "ExplorerRun.0", "testname": "gmIdwl_gmid2_1", "cornername": "Nominal", "point": 7, "logfile": "/home/dtvt_13/duyDUT/logs_dtvt_13/logs0/Job30.log", "nodename": "dtvt_13", "domainname": "(none)", "machine": "x86_64", "sysname": "Linux", "release": "3.10.0-1160.118.1.el7.x86_64", "version": "#1 SMP Wed Apr 24 16:01:50 UTC 2024"}
[2026-04-16 00:51:44.882 +0700] [PROCESS] [cadence.virtuoso.ade.simulationMonitor] - UsageInfo:
pid=32574
totalPhysicalMemory=15.208324GB,Used=14.953400GB,totalVirtualMemory=22.895821GB,Used=14.981476GB
Cpu: Cores=24, Load average:1.020000,0.510000,0.280000 {"hostname": "dtvt_13", "processid": 32574, "history": "ExplorerRun.0", "testname": "gmIdwl_gmid2_1", "cornername": "Nominal", "point": 7, "logfile": "/home/dtvt_13/duyDUT/logs_dtvt_13/logs0/Job30.log", "pid": "32574", "totalPhysicalMemory": "15.208324", "physicalMemoryUsed": "14.953400", "totalVirtualMemory": "22.895821", "virtualMemoryUsed": "14.981476", "cpuCores": "24", "processes": "2641", "loadAverage1": "1.020000", "loadAverage5": "0.510000", "loadAverage15": "0.280000", "loadAverage1Percent": "0.042500"}
[2026-04-16 00:51:44.882 +0700] [EVENT] [cadence.virtuoso.ade.simulationMonitor] - NewPoint {"history": "ExplorerRun.0", "point": 8, "testname": "gmIdwl_gmid2_1", "cornername": "Nominal", "event": "NewPoint", "EventSource": "Simulation Monitor", "HistoryName": "ExplorerRun.0", "logFile": "/home/dtvt_13/duyDUT/logs_dtvt_13/logs0/Job30.log", "logFileSize": "78965"}
[2026-04-16 00:51:44.983 +0700] [EVENT] [cadence.virtuoso.ade.simulationMonitor] - NewPoint {"history": "ExplorerRun.0", "point": 8, "testname": "gmIdwl_gmid2_1", "cornername": "Nominal", "event": "NewPoint", "EventSource": "spectre", "HistoryName": "ExplorerRun.0", "logFile": "/home/dtvt_13/simulation/gmIdwl/gmid2/maestro/results/maestro/ExplorerRun.0/8/gmIdwl_gmid2_1/psf/spectre.out", "logFileSize": "-1"}
[2026-04-16 00:51:44.993 +0700] [PROCESS] [cadence.virtuoso.ade.simulationMonitor] - Simulator launched {"hostname": "dtvt_13", "processid": 32574, "history": "ExplorerRun.0", "testname": "gmIdwl_gmid2_1", "cornername": "Nominal", "point": 8, "logfile": "/home/dtvt_13/duyDUT/logs_dtvt_13/logs0/Job30.log", "simid": "8"}
[2026-04-16 00:51:44.994 +0700] [PROCESS] [cadence.virtuoso.ade.simulationMonitor] - Started Simulation {"hostname": "dtvt_13", "processid": 32574, "history": "ExplorerRun.0", "testname": "gmIdwl_gmid2_1", "cornername": "Nominal", "point": 8, "logfile": "/home/dtvt_13/duyDUT/logs_dtvt_13/logs0/Job30.log"}
[2026-04-16 00:52:06.301 +0700] [INFO] [cadence.virtuoso.ade.simulationMonitor] - Peak resident memory used = 86.1 Mbytes. {"history": "ExplorerRun.0", "point": 8, "testname": "gmIdwl_gmid2_1", "cornername": "Nominal"}
[2026-04-16 00:52:06.301 +0700] [INFO] [cadence.virtuoso.ade.simulationMonitor] - Peak resident memory used = 96.4 Mbytes. {"history": "ExplorerRun.0", "point": 8, "testname": "gmIdwl_gmid2_1", "cornername": "Nominal"}
[2026-04-16 00:52:06.301 +0700] [INFO] [cadence.virtuoso.ade.simulationMonitor] - Notice from spectre during hierarchy flattening.
    The value 'psf' specified for the 'checklimitdest' option will no longer be supported in future releases. Use 'spectre -h' to see other recommended values for the 'checklimitdest' option. {"history": "ExplorerRun.0", "point": 8, "testname": "gmIdwl_gmid2_1", "cornername": "Nominal"}
[2026-04-16 00:52:06.301 +0700] [INFO] [cadence.virtuoso.ade.simulationMonitor] - Peak resident memory used = 97.3 Mbytes. {"history": "ExplorerRun.0", "point": 8, "testname": "gmIdwl_gmid2_1", "cornername": "Nominal"}
[2026-04-16 00:52:06.302 +0700] [WARN] [cadence.virtuoso.ade.simulationMonitor] -     WARNING (SPECTRE-8061): `PM0': Does not have a terminal named `id'. {"history": "ExplorerRun.0", "point": 8, "testname": "gmIdwl_gmid2_1", "cornername": "Nominal"}
[2026-04-16 00:52:06.302 +0700] [WARN] [cadence.virtuoso.ade.simulationMonitor] -     WARNING (SPECTRE-8287): Ignoring invalid item `PM0:id' in save statement. {"history": "ExplorerRun.0", "point": 8, "testname": "gmIdwl_gmid2_1", "cornername": "Nominal"}
[2026-04-16 00:52:06.302 +0700] [WARN] [cadence.virtuoso.ade.simulationMonitor] -     WARNING (SPECTRE-8061): `PM0': Does not have a terminal named `gm'. {"history": "ExplorerRun.0", "point": 8, "testname": "gmIdwl_gmid2_1", "cornername": "Nominal"}
[2026-04-16 00:52:06.302 +0700] [WARN] [cadence.virtuoso.ade.simulationMonitor] -     WARNING (SPECTRE-8287): Ignoring invalid item `PM0:gm' in save statement. {"history": "ExplorerRun.0", "point": 8, "testname": "gmIdwl_gmid2_1", "cornername": "Nominal"}
[2026-04-16 00:52:06.302 +0700] [WARN] [cadence.virtuoso.ade.simulationMonitor] -     WARNING (SPECTRE-8061): `PM0': Does not have a terminal named `vgs'. {"history": "ExplorerRun.0", "point": 8, "testname": "gmIdwl_gmid2_1", "cornername": "Nominal"}
[2026-04-16 00:52:06.302 +0700] [WARN] [cadence.virtuoso.ade.simulationMonitor] -     WARNING (SPECTRE-8287): Ignoring invalid item `PM0:vgs' in save statement. {"history": "ExplorerRun.0", "point": 8, "testname": "gmIdwl_gmid2_1", "cornername": "Nominal"}
[2026-04-16 00:52:06.302 +0700] [WARN] [cadence.virtuoso.ade.simulationMonitor] -     WARNING (SPECTRE-8061): `PM0': Does not have a terminal named `vth'. {"history": "ExplorerRun.0", "point": 8, "testname": "gmIdwl_gmid2_1", "cornername": "Nominal"}
[2026-04-16 00:52:06.302 +0700] [WARN] [cadence.virtuoso.ade.simulationMonitor] -     WARNING (SPECTRE-8287): Ignoring invalid item `PM0:vth' in save statement. {"history": "ExplorerRun.0", "point": 8, "testname": "gmIdwl_gmid2_1", "cornername": "Nominal"}
[2026-04-16 00:52:06.302 +0700] [INFO] [cadence.virtuoso.ade.simulationMonitor] - Notice from spectre during initial setup.
    Multithreading is disabled due to the size of the design being too small. {"history": "ExplorerRun.0", "point": 8, "testname": "gmIdwl_gmid2_1", "cornername": "Nominal"}
[2026-04-16 00:52:06.302 +0700] [INFO] [cadence.virtuoso.ade.simulationMonitor] -               nodes 3 {"history": "ExplorerRun.0", "point": 8, "testname": "gmIdwl_gmid2_1", "cornername": "Nominal"}
[2026-04-16 00:52:06.302 +0700] [INFO] [cadence.virtuoso.ade.simulationMonitor] - Notice from spectre during initial setup.
    APS enabled. {"history": "ExplorerRun.0", "point": 8, "testname": "gmIdwl_gmid2_1", "cornername": "Nominal"}
[2026-04-16 00:52:06.302 +0700] [INFO] [cadence.virtuoso.ade.simulationMonitor] - Peak resident memory used = 98.8 Mbytes. {"history": "ExplorerRun.0", "point": 8, "testname": "gmIdwl_gmid2_1", "cornername": "Nominal"}
[2026-04-16 00:52:06.303 +0700] [INFO] [cadence.virtuoso.ade.simulationMonitor] -    -   (APS) Multi-threading. The recommended number of threads is 1, consider adding +mt=1 on command line. {"history": "ExplorerRun.0", "point": 8, "testname": "gmIdwl_gmid2_1", "cornername": "Nominal"}
[2026-04-16 00:52:06.303 +0700] [INFO] [cadence.virtuoso.ade.simulationMonitor] - Total time required for dc analysis `dcOp': CPU = 1.631 ms, elapsed = 2.62904 ms. {"history": "ExplorerRun.0", "point": 8, "testname": "gmIdwl_gmid2_1", "cornername": "Nominal"}
[2026-04-16 00:52:06.303 +0700] [INFO] [cadence.virtuoso.ade.simulationMonitor] - Peak resident memory used = 100 Mbytes. {"history": "ExplorerRun.0", "point": 8, "testname": "gmIdwl_gmid2_1", "cornername": "Nominal"}
[2026-04-16 00:52:06.803 +0700] [INFO] [cadence.virtuoso.ade.simulationMonitor] - Notice from spectre at vsg = 934e-03 during DC analysis `dc'.
    The value of parameter 'vsg' has been reset to the original value 0.6. {"history": "ExplorerRun.0", "point": 8, "testname": "gmIdwl_gmid2_1", "cornername": "Nominal"}
[2026-04-16 00:52:06.803 +0700] [INFO] [cadence.virtuoso.ade.simulationMonitor] - Total time required for dc analysis `dc': CPU = 627.416 ms, elapsed = 628.521 ms. {"history": "ExplorerRun.0", "point": 8, "testname": "gmIdwl_gmid2_1", "cornername": "Nominal"}
[2026-04-16 00:52:06.804 +0700] [INFO] [cadence.virtuoso.ade.simulationMonitor] - Peak resident memory used = 102 Mbytes. {"history": "ExplorerRun.0", "point": 8, "testname": "gmIdwl_gmid2_1", "cornername": "Nominal"}
[2026-04-16 00:52:06.804 +0700] [INFO] [cadence.virtuoso.ade.simulationMonitor] - Time used: CPU = 1.01 s, elapsed = 21.4 s, util. = 4.72%. {"history": "ExplorerRun.0", "point": 8, "testname": "gmIdwl_gmid2_1", "cornername": "Nominal"}
[2026-04-16 00:52:06.805 +0700] [INFO] [cadence.virtuoso.ade.simulationMonitor] - Time spent in licensing: elapsed = 20.4 s, percentage of total = 95.2%. {"history": "ExplorerRun.0", "point": 8, "testname": "gmIdwl_gmid2_1", "cornername": "Nominal"}
[2026-04-16 00:52:06.805 +0700] [INFO] [cadence.virtuoso.ade.simulationMonitor] - Peak memory used = 110 Mbytes. {"history": "ExplorerRun.0", "point": 8, "testname": "gmIdwl_gmid2_1", "cornername": "Nominal"}
[2026-04-16 00:52:06.805 +0700] [PROCESS] [cadence.virtuoso.ade.simulationMonitor] - Simulation started at: 12:51:45 AM, Thur Apr 16, 2026, ended at: 12:52:06 AM, Thur Apr 16, 2026, with elapsed time (wall clock): 21.4 s. {"history": "ExplorerRun.0", "point": 8, "testname": "gmIdwl_gmid2_1", "cornername": "Nominal"}
[2026-04-16 00:52:06.806 +0700] [PROCESS] [cadence.virtuoso.ade.simulationMonitor] - spectre completes with 0 errors, 8 warnings, and 5 notices. {"history": "ExplorerRun.0", "point": 8, "testname": "gmIdwl_gmid2_1", "cornername": "Nominal"}
[2026-04-16 00:52:07.306 +0700] [PROCESS] [cadence.virtuoso.ade.simulationMonitor] - Finished simulating for one point {"hostname": "dtvt_13", "processid": 32574, "history": "ExplorerRun.0", "testname": "gmIdwl_gmid2_1", "cornername": "Nominal", "point": 8, "logfile": "/home/dtvt_13/duyDUT/logs_dtvt_13/logs0/Job30.log", "simid": "8"}
[2026-04-16 00:52:07.307 +0700] [PROCESS] [cadence.virtuoso.ade.simulationMonitor] - Simulator exited {"hostname": "dtvt_13", "processid": 32574, "history": "ExplorerRun.0", "testname": "gmIdwl_gmid2_1", "cornername": "Nominal", "point": 8, "logfile": "/home/dtvt_13/duyDUT/logs_dtvt_13/logs0/Job30.log", "exitStatus": "0"}
[2026-04-16 00:52:07.307 +0700] [PROCESS] [cadence.virtuoso.ade.simulationMonitor] - Finished Simulation {"hostname": "dtvt_13", "processid": 32574, "history": "ExplorerRun.0", "testname": "gmIdwl_gmid2_1", "cornername": "Nominal", "point": 8, "logfile": "/home/dtvt_13/duyDUT/logs_dtvt_13/logs0/Job30.log", "simid": "8"}
[2026-04-16 00:52:08.321 +0700] [PROCESS] [cadence.virtuoso.ade.simulationMonitor] - Point Finished {"hostname": "dtvt_13", "processid": 32574, "history": "ExplorerRun.0", "testname": "gmIdwl_gmid2_1", "cornername": "Nominal", "point": 8, "logfile": "/home/dtvt_13/duyDUT/logs_dtvt_13/logs0/Job30.log"}
[2026-04-16 00:52:08.328 +0700] [PROCESS] [cadence.virtuoso.ade.simulationMonitor] - HostInfo:
Host name (type):	dtvt_13 (x86_64)
Operating system:	Linux 3.10.0-1160.118.1.el7.x86_64 #1 SMP Wed Apr 24 16:01:50 UTC 2024 {"hostname": "dtvt_13", "processid": 32574, "history": "ExplorerRun.0", "testname": "gmIdwl_gmid2_1", "cornername": "Nominal", "point": 8, "logfile": "/home/dtvt_13/duyDUT/logs_dtvt_13/logs0/Job30.log", "nodename": "dtvt_13", "domainname": "(none)", "machine": "x86_64", "sysname": "Linux", "release": "3.10.0-1160.118.1.el7.x86_64", "version": "#1 SMP Wed Apr 24 16:01:50 UTC 2024"}
[2026-04-16 00:52:08.329 +0700] [PROCESS] [cadence.virtuoso.ade.simulationMonitor] - UsageInfo:
pid=32574
totalPhysicalMemory=15.208324GB,Used=14.962070GB,totalVirtualMemory=22.895821GB,Used=14.990147GB
Cpu: Cores=24, Load average:0.730000,0.470000,0.280000 {"hostname": "dtvt_13", "processid": 32574, "history": "ExplorerRun.0", "testname": "gmIdwl_gmid2_1", "cornername": "Nominal", "point": 8, "logfile": "/home/dtvt_13/duyDUT/logs_dtvt_13/logs0/Job30.log", "pid": "32574", "totalPhysicalMemory": "15.208324", "physicalMemoryUsed": "14.962070", "totalVirtualMemory": "22.895821", "virtualMemoryUsed": "14.990147", "cpuCores": "24", "processes": "2641", "loadAverage1": "0.730000", "loadAverage5": "0.470000", "loadAverage15": "0.280000", "loadAverage1Percent": "0.030417"}
[2026-04-16 00:52:08.329 +0700] [EVENT] [cadence.virtuoso.ade.simulationMonitor] - NewPoint {"history": "ExplorerRun.0", "point": 9, "testname": "gmIdwl_gmid2_1", "cornername": "Nominal", "event": "NewPoint", "EventSource": "Simulation Monitor", "HistoryName": "ExplorerRun.0", "logFile": "/home/dtvt_13/duyDUT/logs_dtvt_13/logs0/Job30.log", "logFileSize": "89904"}
[2026-04-16 00:52:08.434 +0700] [EVENT] [cadence.virtuoso.ade.simulationMonitor] - NewPoint {"history": "ExplorerRun.0", "point": 9, "testname": "gmIdwl_gmid2_1", "cornername": "Nominal", "event": "NewPoint", "EventSource": "spectre", "HistoryName": "ExplorerRun.0", "logFile": "/home/dtvt_13/simulation/gmIdwl/gmid2/maestro/results/maestro/ExplorerRun.0/9/gmIdwl_gmid2_1/psf/spectre.out", "logFileSize": "-1"}
[2026-04-16 00:52:08.445 +0700] [PROCESS] [cadence.virtuoso.ade.simulationMonitor] - Simulator launched {"hostname": "dtvt_13", "processid": 32574, "history": "ExplorerRun.0", "testname": "gmIdwl_gmid2_1", "cornername": "Nominal", "point": 9, "logfile": "/home/dtvt_13/duyDUT/logs_dtvt_13/logs0/Job30.log", "simid": "9"}
[2026-04-16 00:52:08.446 +0700] [PROCESS] [cadence.virtuoso.ade.simulationMonitor] - Started Simulation {"hostname": "dtvt_13", "processid": 32574, "history": "ExplorerRun.0", "testname": "gmIdwl_gmid2_1", "cornername": "Nominal", "point": 9, "logfile": "/home/dtvt_13/duyDUT/logs_dtvt_13/logs0/Job30.log"}
[2026-04-16 00:52:29.735 +0700] [INFO] [cadence.virtuoso.ade.simulationMonitor] - Peak resident memory used = 86.1 Mbytes. {"history": "ExplorerRun.0", "point": 9, "testname": "gmIdwl_gmid2_1", "cornername": "Nominal"}
[2026-04-16 00:52:29.735 +0700] [INFO] [cadence.virtuoso.ade.simulationMonitor] - Peak resident memory used = 96.4 Mbytes. {"history": "ExplorerRun.0", "point": 9, "testname": "gmIdwl_gmid2_1", "cornername": "Nominal"}
[2026-04-16 00:52:29.736 +0700] [INFO] [cadence.virtuoso.ade.simulationMonitor] - Notice from spectre during hierarchy flattening.
    The value 'psf' specified for the 'checklimitdest' option will no longer be supported in future releases. Use 'spectre -h' to see other recommended values for the 'checklimitdest' option. {"history": "ExplorerRun.0", "point": 9, "testname": "gmIdwl_gmid2_1", "cornername": "Nominal"}
[2026-04-16 00:52:29.736 +0700] [INFO] [cadence.virtuoso.ade.simulationMonitor] - Peak resident memory used = 97.3 Mbytes. {"history": "ExplorerRun.0", "point": 9, "testname": "gmIdwl_gmid2_1", "cornername": "Nominal"}
[2026-04-16 00:52:29.736 +0700] [WARN] [cadence.virtuoso.ade.simulationMonitor] -     WARNING (SPECTRE-8061): `PM0': Does not have a terminal named `id'. {"history": "ExplorerRun.0", "point": 9, "testname": "gmIdwl_gmid2_1", "cornername": "Nominal"}
[2026-04-16 00:52:29.736 +0700] [WARN] [cadence.virtuoso.ade.simulationMonitor] -     WARNING (SPECTRE-8287): Ignoring invalid item `PM0:id' in save statement. {"history": "ExplorerRun.0", "point": 9, "testname": "gmIdwl_gmid2_1", "cornername": "Nominal"}
[2026-04-16 00:52:29.736 +0700] [WARN] [cadence.virtuoso.ade.simulationMonitor] -     WARNING (SPECTRE-8061): `PM0': Does not have a terminal named `gm'. {"history": "ExplorerRun.0", "point": 9, "testname": "gmIdwl_gmid2_1", "cornername": "Nominal"}
[2026-04-16 00:52:29.737 +0700] [WARN] [cadence.virtuoso.ade.simulationMonitor] -     WARNING (SPECTRE-8287): Ignoring invalid item `PM0:gm' in save statement. {"history": "ExplorerRun.0", "point": 9, "testname": "gmIdwl_gmid2_1", "cornername": "Nominal"}
[2026-04-16 00:52:29.737 +0700] [WARN] [cadence.virtuoso.ade.simulationMonitor] -     WARNING (SPECTRE-8061): `PM0': Does not have a terminal named `vgs'. {"history": "ExplorerRun.0", "point": 9, "testname": "gmIdwl_gmid2_1", "cornername": "Nominal"}
[2026-04-16 00:52:29.737 +0700] [WARN] [cadence.virtuoso.ade.simulationMonitor] -     WARNING (SPECTRE-8287): Ignoring invalid item `PM0:vgs' in save statement. {"history": "ExplorerRun.0", "point": 9, "testname": "gmIdwl_gmid2_1", "cornername": "Nominal"}
[2026-04-16 00:52:29.737 +0700] [WARN] [cadence.virtuoso.ade.simulationMonitor] -     WARNING (SPECTRE-8061): `PM0': Does not have a terminal named `vth'. {"history": "ExplorerRun.0", "point": 9, "testname": "gmIdwl_gmid2_1", "cornername": "Nominal"}
[2026-04-16 00:52:29.737 +0700] [WARN] [cadence.virtuoso.ade.simulationMonitor] -     WARNING (SPECTRE-8287): Ignoring invalid item `PM0:vth' in save statement. {"history": "ExplorerRun.0", "point": 9, "testname": "gmIdwl_gmid2_1", "cornername": "Nominal"}
[2026-04-16 00:52:29.737 +0700] [INFO] [cadence.virtuoso.ade.simulationMonitor] - Notice from spectre during initial setup.
    Multithreading is disabled due to the size of the design being too small. {"history": "ExplorerRun.0", "point": 9, "testname": "gmIdwl_gmid2_1", "cornername": "Nominal"}
[2026-04-16 00:52:29.737 +0700] [INFO] [cadence.virtuoso.ade.simulationMonitor] -               nodes 3 {"history": "ExplorerRun.0", "point": 9, "testname": "gmIdwl_gmid2_1", "cornername": "Nominal"}
[2026-04-16 00:52:29.737 +0700] [INFO] [cadence.virtuoso.ade.simulationMonitor] - Notice from spectre during initial setup.
    APS enabled. {"history": "ExplorerRun.0", "point": 9, "testname": "gmIdwl_gmid2_1", "cornername": "Nominal"}
[2026-04-16 00:52:29.737 +0700] [INFO] [cadence.virtuoso.ade.simulationMonitor] - Peak resident memory used = 98.8 Mbytes. {"history": "ExplorerRun.0", "point": 9, "testname": "gmIdwl_gmid2_1", "cornername": "Nominal"}
[2026-04-16 00:52:29.737 +0700] [INFO] [cadence.virtuoso.ade.simulationMonitor] -    -   (APS) Multi-threading. The recommended number of threads is 1, consider adding +mt=1 on command line. {"history": "ExplorerRun.0", "point": 9, "testname": "gmIdwl_gmid2_1", "cornername": "Nominal"}
[2026-04-16 00:52:29.737 +0700] [INFO] [cadence.virtuoso.ade.simulationMonitor] - Total time required for dc analysis `dcOp': CPU = 1.559 ms, elapsed = 2.58994 ms. {"history": "ExplorerRun.0", "point": 9, "testname": "gmIdwl_gmid2_1", "cornername": "Nominal"}
[2026-04-16 00:52:29.737 +0700] [INFO] [cadence.virtuoso.ade.simulationMonitor] - Peak resident memory used = 101 Mbytes. {"history": "ExplorerRun.0", "point": 9, "testname": "gmIdwl_gmid2_1", "cornername": "Nominal"}
[2026-04-16 00:52:30.238 +0700] [PROCESS] [cadence.virtuoso.ade.simulationMonitor] - Finished simulating for one point {"hostname": "dtvt_13", "processid": 32574, "history": "ExplorerRun.0", "testname": "gmIdwl_gmid2_1", "cornername": "Nominal", "point": 9, "logfile": "/home/dtvt_13/duyDUT/logs_dtvt_13/logs0/Job30.log", "simid": "9"}
[2026-04-16 00:52:30.238 +0700] [INFO] [cadence.virtuoso.ade.simulationMonitor] - Notice from spectre at vsg = 934e-03 during DC analysis `dc'.
    The value of parameter 'vsg' has been reset to the original value 0.6. {"history": "ExplorerRun.0", "point": 9, "testname": "gmIdwl_gmid2_1", "cornername": "Nominal"}
[2026-04-16 00:52:30.238 +0700] [INFO] [cadence.virtuoso.ade.simulationMonitor] - Total time required for dc analysis `dc': CPU = 635.054 ms, elapsed = 636.056 ms. {"history": "ExplorerRun.0", "point": 9, "testname": "gmIdwl_gmid2_1", "cornername": "Nominal"}
[2026-04-16 00:52:30.239 +0700] [INFO] [cadence.virtuoso.ade.simulationMonitor] - Peak resident memory used = 102 Mbytes. {"history": "ExplorerRun.0", "point": 9, "testname": "gmIdwl_gmid2_1", "cornername": "Nominal"}
[2026-04-16 00:52:30.239 +0700] [INFO] [cadence.virtuoso.ade.simulationMonitor] - Time used: CPU = 1.02 s, elapsed = 21.3 s, util. = 4.77%. {"history": "ExplorerRun.0", "point": 9, "testname": "gmIdwl_gmid2_1", "cornername": "Nominal"}
[2026-04-16 00:52:30.239 +0700] [INFO] [cadence.virtuoso.ade.simulationMonitor] - Time spent in licensing: elapsed = 20.3 s, percentage of total = 95.1%. {"history": "ExplorerRun.0", "point": 9, "testname": "gmIdwl_gmid2_1", "cornername": "Nominal"}
[2026-04-16 00:52:30.239 +0700] [INFO] [cadence.virtuoso.ade.simulationMonitor] - Peak memory used = 110 Mbytes. {"history": "ExplorerRun.0", "point": 9, "testname": "gmIdwl_gmid2_1", "cornername": "Nominal"}
[2026-04-16 00:52:30.239 +0700] [PROCESS] [cadence.virtuoso.ade.simulationMonitor] - Simulation started at: 12:52:08 AM, Thur Apr 16, 2026, ended at: 12:52:29 AM, Thur Apr 16, 2026, with elapsed time (wall clock): 21.3 s. {"history": "ExplorerRun.0", "point": 9, "testname": "gmIdwl_gmid2_1", "cornername": "Nominal"}
[2026-04-16 00:52:30.239 +0700] [PROCESS] [cadence.virtuoso.ade.simulationMonitor] - spectre completes with 0 errors, 8 warnings, and 5 notices. {"history": "ExplorerRun.0", "point": 9, "testname": "gmIdwl_gmid2_1", "cornername": "Nominal"}
[2026-04-16 00:52:30.239 +0700] [PROCESS] [cadence.virtuoso.ade.simulationMonitor] - Simulator exited {"hostname": "dtvt_13", "processid": 32574, "history": "ExplorerRun.0", "testname": "gmIdwl_gmid2_1", "cornername": "Nominal", "point": 9, "logfile": "/home/dtvt_13/duyDUT/logs_dtvt_13/logs0/Job30.log", "exitStatus": "0"}
[2026-04-16 00:52:30.239 +0700] [PROCESS] [cadence.virtuoso.ade.simulationMonitor] - Finished Simulation {"hostname": "dtvt_13", "processid": 32574, "history": "ExplorerRun.0", "testname": "gmIdwl_gmid2_1", "cornername": "Nominal", "point": 9, "logfile": "/home/dtvt_13/duyDUT/logs_dtvt_13/logs0/Job30.log", "simid": "9"}
[2026-04-16 00:52:30.744 +0700] [PROCESS] [cadence.virtuoso.ade.simulationMonitor] - Point Finished {"hostname": "dtvt_13", "processid": 32574, "history": "ExplorerRun.0", "testname": "gmIdwl_gmid2_1", "cornername": "Nominal", "point": 9, "logfile": "/home/dtvt_13/duyDUT/logs_dtvt_13/logs0/Job30.log"}
[2026-04-16 00:52:30.746 +0700] [PROCESS] [cadence.virtuoso.ade.simulationMonitor] - HostInfo:
Host name (type):	dtvt_13 (x86_64)
Operating system:	Linux 3.10.0-1160.118.1.el7.x86_64 #1 SMP Wed Apr 24 16:01:50 UTC 2024 {"hostname": "dtvt_13", "processid": 32574, "history": "ExplorerRun.0", "testname": "gmIdwl_gmid2_1", "cornername": "Nominal", "point": 9, "logfile": "/home/dtvt_13/duyDUT/logs_dtvt_13/logs0/Job30.log", "nodename": "dtvt_13", "domainname": "(none)", "machine": "x86_64", "sysname": "Linux", "release": "3.10.0-1160.118.1.el7.x86_64", "version": "#1 SMP Wed Apr 24 16:01:50 UTC 2024"}
[2026-04-16 00:52:30.746 +0700] [PROCESS] [cadence.virtuoso.ade.simulationMonitor] - UsageInfo:
pid=32574
totalPhysicalMemory=15.208324GB,Used=15.018486GB,totalVirtualMemory=22.895821GB,Used=15.046806GB
Cpu: Cores=24, Load average:0.560000,0.450000,0.270000 {"hostname": "dtvt_13", "processid": 32574, "history": "ExplorerRun.0", "testname": "gmIdwl_gmid2_1", "cornername": "Nominal", "point": 9, "logfile": "/home/dtvt_13/duyDUT/logs_dtvt_13/logs0/Job30.log", "pid": "32574", "totalPhysicalMemory": "15.208324", "physicalMemoryUsed": "15.018486", "totalVirtualMemory": "22.895821", "virtualMemoryUsed": "15.046806", "cpuCores": "24", "processes": "2665", "loadAverage1": "0.560000", "loadAverage5": "0.450000", "loadAverage15": "0.270000", "loadAverage1Percent": "0.023333"}
[2026-04-16 00:52:30.746 +0700] [EVENT] [cadence.virtuoso.ade.simulationMonitor] - NewPoint {"history": "ExplorerRun.0", "point": 10, "testname": "gmIdwl_gmid2_1", "cornername": "Nominal", "event": "NewPoint", "EventSource": "Simulation Monitor", "HistoryName": "ExplorerRun.0", "logFile": "/home/dtvt_13/duyDUT/logs_dtvt_13/logs0/Job30.log", "logFileSize": "100843"}
[2026-04-16 00:52:30.847 +0700] [EVENT] [cadence.virtuoso.ade.simulationMonitor] - NewPoint {"history": "ExplorerRun.0", "point": 10, "testname": "gmIdwl_gmid2_1", "cornername": "Nominal", "event": "NewPoint", "EventSource": "spectre", "HistoryName": "ExplorerRun.0", "logFile": "/home/dtvt_13/simulation/gmIdwl/gmid2/maestro/results/maestro/ExplorerRun.0/10/gmIdwl_gmid2_1/psf/spectre.out", "logFileSize": "-1"}
[2026-04-16 00:52:30.854 +0700] [PROCESS] [cadence.virtuoso.ade.simulationMonitor] - Simulator launched {"hostname": "dtvt_13", "processid": 32574, "history": "ExplorerRun.0", "testname": "gmIdwl_gmid2_1", "cornername": "Nominal", "point": 10, "logfile": "/home/dtvt_13/duyDUT/logs_dtvt_13/logs0/Job30.log", "simid": "10"}
[2026-04-16 00:52:30.854 +0700] [PROCESS] [cadence.virtuoso.ade.simulationMonitor] - Started Simulation {"hostname": "dtvt_13", "processid": 32574, "history": "ExplorerRun.0", "testname": "gmIdwl_gmid2_1", "cornername": "Nominal", "point": 10, "logfile": "/home/dtvt_13/duyDUT/logs_dtvt_13/logs0/Job30.log"}
[2026-04-16 00:52:52.747 +0700] [PROCESS] [cadence.virtuoso.ade.simulationMonitor] - Finished simulating for one point {"hostname": "dtvt_13", "processid": 32574, "history": "ExplorerRun.0", "testname": "gmIdwl_gmid2_1", "cornername": "Nominal", "point": 10, "logfile": "/home/dtvt_13/duyDUT/logs_dtvt_13/logs0/Job30.log", "simid": "10"}
[2026-04-16 00:52:52.747 +0700] [INFO] [cadence.virtuoso.ade.simulationMonitor] - Peak resident memory used = 86.1 Mbytes. {"history": "ExplorerRun.0", "point": 10, "testname": "gmIdwl_gmid2_1", "cornername": "Nominal"}
[2026-04-16 00:52:52.747 +0700] [INFO] [cadence.virtuoso.ade.simulationMonitor] - Peak resident memory used = 96.4 Mbytes. {"history": "ExplorerRun.0", "point": 10, "testname": "gmIdwl_gmid2_1", "cornername": "Nominal"}
[2026-04-16 00:52:52.747 +0700] [INFO] [cadence.virtuoso.ade.simulationMonitor] - Notice from spectre during hierarchy flattening.
    The value 'psf' specified for the 'checklimitdest' option will no longer be supported in future releases. Use 'spectre -h' to see other recommended values for the 'checklimitdest' option. {"history": "ExplorerRun.0", "point": 10, "testname": "gmIdwl_gmid2_1", "cornername": "Nominal"}
[2026-04-16 00:52:52.747 +0700] [INFO] [cadence.virtuoso.ade.simulationMonitor] - Peak resident memory used = 97.3 Mbytes. {"history": "ExplorerRun.0", "point": 10, "testname": "gmIdwl_gmid2_1", "cornername": "Nominal"}
[2026-04-16 00:52:52.747 +0700] [WARN] [cadence.virtuoso.ade.simulationMonitor] -     WARNING (SPECTRE-8061): `PM0': Does not have a terminal named `id'. {"history": "ExplorerRun.0", "point": 10, "testname": "gmIdwl_gmid2_1", "cornername": "Nominal"}
[2026-04-16 00:52:52.747 +0700] [WARN] [cadence.virtuoso.ade.simulationMonitor] -     WARNING (SPECTRE-8287): Ignoring invalid item `PM0:id' in save statement. {"history": "ExplorerRun.0", "point": 10, "testname": "gmIdwl_gmid2_1", "cornername": "Nominal"}
[2026-04-16 00:52:52.747 +0700] [WARN] [cadence.virtuoso.ade.simulationMonitor] -     WARNING (SPECTRE-8061): `PM0': Does not have a terminal named `gm'. {"history": "ExplorerRun.0", "point": 10, "testname": "gmIdwl_gmid2_1", "cornername": "Nominal"}
[2026-04-16 00:52:52.747 +0700] [WARN] [cadence.virtuoso.ade.simulationMonitor] -     WARNING (SPECTRE-8287): Ignoring invalid item `PM0:gm' in save statement. {"history": "ExplorerRun.0", "point": 10, "testname": "gmIdwl_gmid2_1", "cornername": "Nominal"}
[2026-04-16 00:52:52.747 +0700] [WARN] [cadence.virtuoso.ade.simulationMonitor] -     WARNING (SPECTRE-8061): `PM0': Does not have a terminal named `vgs'. {"history": "ExplorerRun.0", "point": 10, "testname": "gmIdwl_gmid2_1", "cornername": "Nominal"}
[2026-04-16 00:52:52.747 +0700] [WARN] [cadence.virtuoso.ade.simulationMonitor] -     WARNING (SPECTRE-8287): Ignoring invalid item `PM0:vgs' in save statement. {"history": "ExplorerRun.0", "point": 10, "testname": "gmIdwl_gmid2_1", "cornername": "Nominal"}
[2026-04-16 00:52:52.747 +0700] [WARN] [cadence.virtuoso.ade.simulationMonitor] -     WARNING (SPECTRE-8061): `PM0': Does not have a terminal named `vth'. {"history": "ExplorerRun.0", "point": 10, "testname": "gmIdwl_gmid2_1", "cornername": "Nominal"}
[2026-04-16 00:52:52.748 +0700] [WARN] [cadence.virtuoso.ade.simulationMonitor] -     WARNING (SPECTRE-8287): Ignoring invalid item `PM0:vth' in save statement. {"history": "ExplorerRun.0", "point": 10, "testname": "gmIdwl_gmid2_1", "cornername": "Nominal"}
[2026-04-16 00:52:52.748 +0700] [INFO] [cadence.virtuoso.ade.simulationMonitor] - Notice from spectre during initial setup.
    Multithreading is disabled due to the size of the design being too small. {"history": "ExplorerRun.0", "point": 10, "testname": "gmIdwl_gmid2_1", "cornername": "Nominal"}
[2026-04-16 00:52:52.748 +0700] [INFO] [cadence.virtuoso.ade.simulationMonitor] -               nodes 3 {"history": "ExplorerRun.0", "point": 10, "testname": "gmIdwl_gmid2_1", "cornername": "Nominal"}
[2026-04-16 00:52:52.748 +0700] [INFO] [cadence.virtuoso.ade.simulationMonitor] - Notice from spectre during initial setup.
    APS enabled. {"history": "ExplorerRun.0", "point": 10, "testname": "gmIdwl_gmid2_1", "cornername": "Nominal"}
[2026-04-16 00:52:52.748 +0700] [INFO] [cadence.virtuoso.ade.simulationMonitor] - Peak resident memory used = 98.8 Mbytes. {"history": "ExplorerRun.0", "point": 10, "testname": "gmIdwl_gmid2_1", "cornername": "Nominal"}
[2026-04-16 00:52:52.748 +0700] [INFO] [cadence.virtuoso.ade.simulationMonitor] -    -   (APS) Multi-threading. The recommended number of threads is 1, consider adding +mt=1 on command line. {"history": "ExplorerRun.0", "point": 10, "testname": "gmIdwl_gmid2_1", "cornername": "Nominal"}
[2026-04-16 00:52:52.748 +0700] [INFO] [cadence.virtuoso.ade.simulationMonitor] - Total time required for dc analysis `dcOp': CPU = 1.987 ms, elapsed = 2.99907 ms. {"history": "ExplorerRun.0", "point": 10, "testname": "gmIdwl_gmid2_1", "cornername": "Nominal"}
[2026-04-16 00:52:52.748 +0700] [INFO] [cadence.virtuoso.ade.simulationMonitor] - Peak resident memory used = 101 Mbytes. {"history": "ExplorerRun.0", "point": 10, "testname": "gmIdwl_gmid2_1", "cornername": "Nominal"}
[2026-04-16 00:52:52.748 +0700] [INFO] [cadence.virtuoso.ade.simulationMonitor] - Notice from spectre at vsg = 934e-03 during DC analysis `dc'.
    The value of parameter 'vsg' has been reset to the original value 0.6. {"history": "ExplorerRun.0", "point": 10, "testname": "gmIdwl_gmid2_1", "cornername": "Nominal"}
[2026-04-16 00:52:52.748 +0700] [INFO] [cadence.virtuoso.ade.simulationMonitor] - Total time required for dc analysis `dc': CPU = 225.738 ms, elapsed = 226.801 ms. {"history": "ExplorerRun.0", "point": 10, "testname": "gmIdwl_gmid2_1", "cornername": "Nominal"}
[2026-04-16 00:52:52.748 +0700] [INFO] [cadence.virtuoso.ade.simulationMonitor] - Peak resident memory used = 102 Mbytes. {"history": "ExplorerRun.0", "point": 10, "testname": "gmIdwl_gmid2_1", "cornername": "Nominal"}
[2026-04-16 00:52:52.748 +0700] [INFO] [cadence.virtuoso.ade.simulationMonitor] - Time used: CPU = 613 ms, elapsed = 21.4 s, util. = 2.87%. {"history": "ExplorerRun.0", "point": 10, "testname": "gmIdwl_gmid2_1", "cornername": "Nominal"}
[2026-04-16 00:52:52.748 +0700] [INFO] [cadence.virtuoso.ade.simulationMonitor] - Time spent in licensing: elapsed = 20.7 s, percentage of total = 96.8%. {"history": "ExplorerRun.0", "point": 10, "testname": "gmIdwl_gmid2_1", "cornername": "Nominal"}
[2026-04-16 00:52:52.748 +0700] [INFO] [cadence.virtuoso.ade.simulationMonitor] - Peak memory used = 110 Mbytes. {"history": "ExplorerRun.0", "point": 10, "testname": "gmIdwl_gmid2_1", "cornername": "Nominal"}
[2026-04-16 00:52:52.748 +0700] [PROCESS] [cadence.virtuoso.ade.simulationMonitor] - Simulation started at: 12:52:31 AM, Thur Apr 16, 2026, ended at: 12:52:52 AM, Thur Apr 16, 2026, with elapsed time (wall clock): 21.4 s. {"history": "ExplorerRun.0", "point": 10, "testname": "gmIdwl_gmid2_1", "cornername": "Nominal"}
[2026-04-16 00:52:52.748 +0700] [PROCESS] [cadence.virtuoso.ade.simulationMonitor] - spectre completes with 0 errors, 8 warnings, and 5 notices. {"history": "ExplorerRun.0", "point": 10, "testname": "gmIdwl_gmid2_1", "cornername": "Nominal"}
[2026-04-16 00:52:52.748 +0700] [PROCESS] [cadence.virtuoso.ade.simulationMonitor] - Simulator exited {"hostname": "dtvt_13", "processid": 32574, "history": "ExplorerRun.0", "testname": "gmIdwl_gmid2_1", "cornername": "Nominal", "point": 10, "logfile": "/home/dtvt_13/duyDUT/logs_dtvt_13/logs0/Job30.log", "exitStatus": "0"}
[2026-04-16 00:52:52.748 +0700] [PROCESS] [cadence.virtuoso.ade.simulationMonitor] - Finished Simulation {"hostname": "dtvt_13", "processid": 32574, "history": "ExplorerRun.0", "testname": "gmIdwl_gmid2_1", "cornername": "Nominal", "point": 10, "logfile": "/home/dtvt_13/duyDUT/logs_dtvt_13/logs0/Job30.log", "simid": "10"}
[2026-04-16 00:52:53.262 +0700] [PROCESS] [cadence.virtuoso.ade.simulationMonitor] - Point Finished {"hostname": "dtvt_13", "processid": 32574, "history": "ExplorerRun.0", "testname": "gmIdwl_gmid2_1", "cornername": "Nominal", "point": 10, "logfile": "/home/dtvt_13/duyDUT/logs_dtvt_13/logs0/Job30.log"}
[2026-04-16 00:52:53.269 +0700] [PROCESS] [cadence.virtuoso.ade.simulationMonitor] - HostInfo:
Host name (type):	dtvt_13 (x86_64)
Operating system:	Linux 3.10.0-1160.118.1.el7.x86_64 #1 SMP Wed Apr 24 16:01:50 UTC 2024 {"hostname": "dtvt_13", "processid": 32574, "history": "ExplorerRun.0", "testname": "gmIdwl_gmid2_1", "cornername": "Nominal", "point": 10, "logfile": "/home/dtvt_13/duyDUT/logs_dtvt_13/logs0/Job30.log", "nodename": "dtvt_13", "domainname": "(none)", "machine": "x86_64", "sysname": "Linux", "release": "3.10.0-1160.118.1.el7.x86_64", "version": "#1 SMP Wed Apr 24 16:01:50 UTC 2024"}
[2026-04-16 00:52:53.270 +0700] [PROCESS] [cadence.virtuoso.ade.simulationMonitor] - UsageInfo:
pid=32574
totalPhysicalMemory=15.208324GB,Used=14.981724GB,totalVirtualMemory=22.895821GB,Used=15.010532GB
Cpu: Cores=24, Load average:0.550000,0.450000,0.280000 {"hostname": "dtvt_13", "processid": 32574, "history": "ExplorerRun.0", "testname": "gmIdwl_gmid2_1", "cornername": "Nominal", "point": 10, "logfile": "/home/dtvt_13/duyDUT/logs_dtvt_13/logs0/Job30.log", "pid": "32574", "totalPhysicalMemory": "15.208324", "physicalMemoryUsed": "14.981724", "totalVirtualMemory": "22.895821", "virtualMemoryUsed": "15.010532", "cpuCores": "24", "processes": "2669", "loadAverage1": "0.550000", "loadAverage5": "0.450000", "loadAverage15": "0.280000", "loadAverage1Percent": "0.022917"}
[2026-04-16 00:52:53.270 +0700] [EVENT] [cadence.virtuoso.ade.simulationMonitor] - NewPoint {"history": "ExplorerRun.0", "point": 11, "testname": "gmIdwl_gmid2_1", "cornername": "Nominal", "event": "NewPoint", "EventSource": "Simulation Monitor", "HistoryName": "ExplorerRun.0", "logFile": "/home/dtvt_13/duyDUT/logs_dtvt_13/logs0/Job30.log", "logFileSize": "111824"}
[2026-04-16 00:52:53.371 +0700] [EVENT] [cadence.virtuoso.ade.simulationMonitor] - NewPoint {"history": "ExplorerRun.0", "point": 11, "testname": "gmIdwl_gmid2_1", "cornername": "Nominal", "event": "NewPoint", "EventSource": "spectre", "HistoryName": "ExplorerRun.0", "logFile": "/home/dtvt_13/simulation/gmIdwl/gmid2/maestro/results/maestro/ExplorerRun.0/11/gmIdwl_gmid2_1/psf/spectre.out", "logFileSize": "-1"}
[2026-04-16 00:52:53.382 +0700] [PROCESS] [cadence.virtuoso.ade.simulationMonitor] - Simulator launched {"hostname": "dtvt_13", "processid": 32574, "history": "ExplorerRun.0", "testname": "gmIdwl_gmid2_1", "cornername": "Nominal", "point": 11, "logfile": "/home/dtvt_13/duyDUT/logs_dtvt_13/logs0/Job30.log", "simid": "11"}
[2026-04-16 00:52:53.383 +0700] [PROCESS] [cadence.virtuoso.ade.simulationMonitor] - Started Simulation {"hostname": "dtvt_13", "processid": 32574, "history": "ExplorerRun.0", "testname": "gmIdwl_gmid2_1", "cornername": "Nominal", "point": 11, "logfile": "/home/dtvt_13/duyDUT/logs_dtvt_13/logs0/Job30.log"}
[2026-04-16 00:53:14.798 +0700] [INFO] [cadence.virtuoso.ade.simulationMonitor] - Peak resident memory used = 86.1 Mbytes. {"history": "ExplorerRun.0", "point": 11, "testname": "gmIdwl_gmid2_1", "cornername": "Nominal"}
[2026-04-16 00:53:14.798 +0700] [INFO] [cadence.virtuoso.ade.simulationMonitor] - Peak resident memory used = 96.4 Mbytes. {"history": "ExplorerRun.0", "point": 11, "testname": "gmIdwl_gmid2_1", "cornername": "Nominal"}
[2026-04-16 00:53:14.798 +0700] [INFO] [cadence.virtuoso.ade.simulationMonitor] - Notice from spectre during hierarchy flattening.
    The value 'psf' specified for the 'checklimitdest' option will no longer be supported in future releases. Use 'spectre -h' to see other recommended values for the 'checklimitdest' option. {"history": "ExplorerRun.0", "point": 11, "testname": "gmIdwl_gmid2_1", "cornername": "Nominal"}
[2026-04-16 00:53:14.798 +0700] [INFO] [cadence.virtuoso.ade.simulationMonitor] - Peak resident memory used = 97.3 Mbytes. {"history": "ExplorerRun.0", "point": 11, "testname": "gmIdwl_gmid2_1", "cornername": "Nominal"}
[2026-04-16 00:53:14.799 +0700] [WARN] [cadence.virtuoso.ade.simulationMonitor] -     WARNING (SPECTRE-8061): `PM0': Does not have a terminal named `id'. {"history": "ExplorerRun.0", "point": 11, "testname": "gmIdwl_gmid2_1", "cornername": "Nominal"}
[2026-04-16 00:53:14.799 +0700] [WARN] [cadence.virtuoso.ade.simulationMonitor] -     WARNING (SPECTRE-8287): Ignoring invalid item `PM0:id' in save statement. {"history": "ExplorerRun.0", "point": 11, "testname": "gmIdwl_gmid2_1", "cornername": "Nominal"}
[2026-04-16 00:53:14.799 +0700] [WARN] [cadence.virtuoso.ade.simulationMonitor] -     WARNING (SPECTRE-8061): `PM0': Does not have a terminal named `gm'. {"history": "ExplorerRun.0", "point": 11, "testname": "gmIdwl_gmid2_1", "cornername": "Nominal"}
[2026-04-16 00:53:14.799 +0700] [WARN] [cadence.virtuoso.ade.simulationMonitor] -     WARNING (SPECTRE-8287): Ignoring invalid item `PM0:gm' in save statement. {"history": "ExplorerRun.0", "point": 11, "testname": "gmIdwl_gmid2_1", "cornername": "Nominal"}
[2026-04-16 00:53:14.799 +0700] [WARN] [cadence.virtuoso.ade.simulationMonitor] -     WARNING (SPECTRE-8061): `PM0': Does not have a terminal named `vgs'. {"history": "ExplorerRun.0", "point": 11, "testname": "gmIdwl_gmid2_1", "cornername": "Nominal"}
[2026-04-16 00:53:14.800 +0700] [WARN] [cadence.virtuoso.ade.simulationMonitor] -     WARNING (SPECTRE-8287): Ignoring invalid item `PM0:vgs' in save statement. {"history": "ExplorerRun.0", "point": 11, "testname": "gmIdwl_gmid2_1", "cornername": "Nominal"}
[2026-04-16 00:53:14.800 +0700] [WARN] [cadence.virtuoso.ade.simulationMonitor] -     WARNING (SPECTRE-8061): `PM0': Does not have a terminal named `vth'. {"history": "ExplorerRun.0", "point": 11, "testname": "gmIdwl_gmid2_1", "cornername": "Nominal"}
[2026-04-16 00:53:14.800 +0700] [WARN] [cadence.virtuoso.ade.simulationMonitor] -     WARNING (SPECTRE-8287): Ignoring invalid item `PM0:vth' in save statement. {"history": "ExplorerRun.0", "point": 11, "testname": "gmIdwl_gmid2_1", "cornername": "Nominal"}
[2026-04-16 00:53:14.800 +0700] [INFO] [cadence.virtuoso.ade.simulationMonitor] - Notice from spectre during initial setup.
    Multithreading is disabled due to the size of the design being too small. {"history": "ExplorerRun.0", "point": 11, "testname": "gmIdwl_gmid2_1", "cornername": "Nominal"}
[2026-04-16 00:53:14.800 +0700] [INFO] [cadence.virtuoso.ade.simulationMonitor] -               nodes 3 {"history": "ExplorerRun.0", "point": 11, "testname": "gmIdwl_gmid2_1", "cornername": "Nominal"}
[2026-04-16 00:53:14.800 +0700] [INFO] [cadence.virtuoso.ade.simulationMonitor] - Notice from spectre during initial setup.
    APS enabled. {"history": "ExplorerRun.0", "point": 11, "testname": "gmIdwl_gmid2_1", "cornername": "Nominal"}
[2026-04-16 00:53:14.800 +0700] [INFO] [cadence.virtuoso.ade.simulationMonitor] - Peak resident memory used = 98.8 Mbytes. {"history": "ExplorerRun.0", "point": 11, "testname": "gmIdwl_gmid2_1", "cornername": "Nominal"}
[2026-04-16 00:53:14.800 +0700] [INFO] [cadence.virtuoso.ade.simulationMonitor] -    -   (APS) Multi-threading. The recommended number of threads is 1, consider adding +mt=1 on command line. {"history": "ExplorerRun.0", "point": 11, "testname": "gmIdwl_gmid2_1", "cornername": "Nominal"}
[2026-04-16 00:53:14.800 +0700] [INFO] [cadence.virtuoso.ade.simulationMonitor] - Total time required for dc analysis `dcOp': CPU = 1.686 ms, elapsed = 2.78091 ms. {"history": "ExplorerRun.0", "point": 11, "testname": "gmIdwl_gmid2_1", "cornername": "Nominal"}
[2026-04-16 00:53:14.800 +0700] [INFO] [cadence.virtuoso.ade.simulationMonitor] - Peak resident memory used = 100 Mbytes. {"history": "ExplorerRun.0", "point": 11, "testname": "gmIdwl_gmid2_1", "cornername": "Nominal"}
[2026-04-16 00:53:15.802 +0700] [PROCESS] [cadence.virtuoso.ade.simulationMonitor] - Finished simulating for one point {"hostname": "dtvt_13", "processid": 32574, "history": "ExplorerRun.0", "testname": "gmIdwl_gmid2_1", "cornername": "Nominal", "point": 11, "logfile": "/home/dtvt_13/duyDUT/logs_dtvt_13/logs0/Job30.log", "simid": "11"}
[2026-04-16 00:53:15.803 +0700] [INFO] [cadence.virtuoso.ade.simulationMonitor] - Notice from spectre at vsg = 934e-03 during DC analysis `dc'.
    The value of parameter 'vsg' has been reset to the original value 0.6. {"history": "ExplorerRun.0", "point": 11, "testname": "gmIdwl_gmid2_1", "cornername": "Nominal"}
[2026-04-16 00:53:15.803 +0700] [INFO] [cadence.virtuoso.ade.simulationMonitor] - Total time required for dc analysis `dc': CPU = 630.318 ms, elapsed = 631.431 ms. {"history": "ExplorerRun.0", "point": 11, "testname": "gmIdwl_gmid2_1", "cornername": "Nominal"}
[2026-04-16 00:53:15.803 +0700] [INFO] [cadence.virtuoso.ade.simulationMonitor] - Peak resident memory used = 102 Mbytes. {"history": "ExplorerRun.0", "point": 11, "testname": "gmIdwl_gmid2_1", "cornername": "Nominal"}
[2026-04-16 00:53:15.804 +0700] [INFO] [cadence.virtuoso.ade.simulationMonitor] - Time used: CPU = 1 s, elapsed = 21.4 s, util. = 4.69%. {"history": "ExplorerRun.0", "point": 11, "testname": "gmIdwl_gmid2_1", "cornername": "Nominal"}
[2026-04-16 00:53:15.804 +0700] [INFO] [cadence.virtuoso.ade.simulationMonitor] - Time spent in licensing: elapsed = 20.3 s, percentage of total = 94.8%. {"history": "ExplorerRun.0", "point": 11, "testname": "gmIdwl_gmid2_1", "cornername": "Nominal"}
[2026-04-16 00:53:15.805 +0700] [INFO] [cadence.virtuoso.ade.simulationMonitor] - Peak memory used = 110 Mbytes. {"history": "ExplorerRun.0", "point": 11, "testname": "gmIdwl_gmid2_1", "cornername": "Nominal"}
[2026-04-16 00:53:15.805 +0700] [PROCESS] [cadence.virtuoso.ade.simulationMonitor] - Simulation started at: 12:52:53 AM, Thur Apr 16, 2026, ended at: 12:53:15 AM, Thur Apr 16, 2026, with elapsed time (wall clock): 21.4 s. {"history": "ExplorerRun.0", "point": 11, "testname": "gmIdwl_gmid2_1", "cornername": "Nominal"}
[2026-04-16 00:53:15.805 +0700] [PROCESS] [cadence.virtuoso.ade.simulationMonitor] - spectre completes with 0 errors, 8 warnings, and 5 notices. {"history": "ExplorerRun.0", "point": 11, "testname": "gmIdwl_gmid2_1", "cornername": "Nominal"}
[2026-04-16 00:53:15.805 +0700] [PROCESS] [cadence.virtuoso.ade.simulationMonitor] - Simulator exited {"hostname": "dtvt_13", "processid": 32574, "history": "ExplorerRun.0", "testname": "gmIdwl_gmid2_1", "cornername": "Nominal", "point": 11, "logfile": "/home/dtvt_13/duyDUT/logs_dtvt_13/logs0/Job30.log", "exitStatus": "0"}
[2026-04-16 00:53:15.806 +0700] [PROCESS] [cadence.virtuoso.ade.simulationMonitor] - Finished Simulation {"hostname": "dtvt_13", "processid": 32574, "history": "ExplorerRun.0", "testname": "gmIdwl_gmid2_1", "cornername": "Nominal", "point": 11, "logfile": "/home/dtvt_13/duyDUT/logs_dtvt_13/logs0/Job30.log", "simid": "11"}
[2026-04-16 00:53:16.821 +0700] [PROCESS] [cadence.virtuoso.ade.simulationMonitor] - Point Finished {"hostname": "dtvt_13", "processid": 32574, "history": "ExplorerRun.0", "testname": "gmIdwl_gmid2_1", "cornername": "Nominal", "point": 11, "logfile": "/home/dtvt_13/duyDUT/logs_dtvt_13/logs0/Job30.log"}
[2026-04-16 00:53:16.829 +0700] [PROCESS] [cadence.virtuoso.ade.simulationMonitor] - HostInfo:
Host name (type):	dtvt_13 (x86_64)
Operating system:	Linux 3.10.0-1160.118.1.el7.x86_64 #1 SMP Wed Apr 24 16:01:50 UTC 2024 {"hostname": "dtvt_13", "processid": 32574, "history": "ExplorerRun.0", "testname": "gmIdwl_gmid2_1", "cornername": "Nominal", "point": 11, "logfile": "/home/dtvt_13/duyDUT/logs_dtvt_13/logs0/Job30.log", "nodename": "dtvt_13", "domainname": "(none)", "machine": "x86_64", "sysname": "Linux", "release": "3.10.0-1160.118.1.el7.x86_64", "version": "#1 SMP Wed Apr 24 16:01:50 UTC 2024"}
[2026-04-16 00:53:16.829 +0700] [PROCESS] [cadence.virtuoso.ade.simulationMonitor] - UsageInfo:
pid=32574
totalPhysicalMemory=15.208324GB,Used=14.987286GB,totalVirtualMemory=22.895821GB,Used=15.016094GB
Cpu: Cores=24, Load average:0.360000,0.420000,0.270000 {"hostname": "dtvt_13", "processid": 32574, "history": "ExplorerRun.0", "testname": "gmIdwl_gmid2_1", "cornername": "Nominal", "point": 11, "logfile": "/home/dtvt_13/duyDUT/logs_dtvt_13/logs0/Job30.log", "pid": "32574", "totalPhysicalMemory": "15.208324", "physicalMemoryUsed": "14.987286", "totalVirtualMemory": "22.895821", "virtualMemoryUsed": "15.016094", "cpuCores": "24", "processes": "2642", "loadAverage1": "0.360000", "loadAverage5": "0.420000", "loadAverage15": "0.270000", "loadAverage1Percent": "0.015000"}
[2026-04-16 00:53:16.830 +0700] [EVENT] [cadence.virtuoso.ade.simulationMonitor] - NewPoint {"history": "ExplorerRun.0", "point": 12, "testname": "gmIdwl_gmid2_1", "cornername": "Nominal", "event": "NewPoint", "EventSource": "Simulation Monitor", "HistoryName": "ExplorerRun.0", "logFile": "/home/dtvt_13/duyDUT/logs_dtvt_13/logs0/Job30.log", "logFileSize": "122802"}
[2026-04-16 00:53:16.935 +0700] [EVENT] [cadence.virtuoso.ade.simulationMonitor] - NewPoint {"history": "ExplorerRun.0", "point": 12, "testname": "gmIdwl_gmid2_1", "cornername": "Nominal", "event": "NewPoint", "EventSource": "spectre", "HistoryName": "ExplorerRun.0", "logFile": "/home/dtvt_13/simulation/gmIdwl/gmid2/maestro/results/maestro/ExplorerRun.0/12/gmIdwl_gmid2_1/psf/spectre.out", "logFileSize": "-1"}
[2026-04-16 00:53:16.944 +0700] [PROCESS] [cadence.virtuoso.ade.simulationMonitor] - Simulator launched {"hostname": "dtvt_13", "processid": 32574, "history": "ExplorerRun.0", "testname": "gmIdwl_gmid2_1", "cornername": "Nominal", "point": 12, "logfile": "/home/dtvt_13/duyDUT/logs_dtvt_13/logs0/Job30.log", "simid": "12"}
[2026-04-16 00:53:16.945 +0700] [PROCESS] [cadence.virtuoso.ade.simulationMonitor] - Started Simulation {"hostname": "dtvt_13", "processid": 32574, "history": "ExplorerRun.0", "testname": "gmIdwl_gmid2_1", "cornername": "Nominal", "point": 12, "logfile": "/home/dtvt_13/duyDUT/logs_dtvt_13/logs0/Job30.log"}
[2026-04-16 00:53:39.225 +0700] [INFO] [cadence.virtuoso.ade.simulationMonitor] - Peak resident memory used = 86.1 Mbytes. {"history": "ExplorerRun.0", "point": 12, "testname": "gmIdwl_gmid2_1", "cornername": "Nominal"}
[2026-04-16 00:53:39.225 +0700] [INFO] [cadence.virtuoso.ade.simulationMonitor] - Peak resident memory used = 96.4 Mbytes. {"history": "ExplorerRun.0", "point": 12, "testname": "gmIdwl_gmid2_1", "cornername": "Nominal"}
[2026-04-16 00:53:39.226 +0700] [INFO] [cadence.virtuoso.ade.simulationMonitor] - Notice from spectre during hierarchy flattening.
    The value 'psf' specified for the 'checklimitdest' option will no longer be supported in future releases. Use 'spectre -h' to see other recommended values for the 'checklimitdest' option. {"history": "ExplorerRun.0", "point": 12, "testname": "gmIdwl_gmid2_1", "cornername": "Nominal"}
[2026-04-16 00:53:39.226 +0700] [INFO] [cadence.virtuoso.ade.simulationMonitor] - Peak resident memory used = 97.3 Mbytes. {"history": "ExplorerRun.0", "point": 12, "testname": "gmIdwl_gmid2_1", "cornername": "Nominal"}
[2026-04-16 00:53:39.226 +0700] [WARN] [cadence.virtuoso.ade.simulationMonitor] -     WARNING (SPECTRE-8061): `PM0': Does not have a terminal named `id'. {"history": "ExplorerRun.0", "point": 12, "testname": "gmIdwl_gmid2_1", "cornername": "Nominal"}
[2026-04-16 00:53:39.227 +0700] [WARN] [cadence.virtuoso.ade.simulationMonitor] -     WARNING (SPECTRE-8287): Ignoring invalid item `PM0:id' in save statement. {"history": "ExplorerRun.0", "point": 12, "testname": "gmIdwl_gmid2_1", "cornername": "Nominal"}
[2026-04-16 00:53:39.227 +0700] [WARN] [cadence.virtuoso.ade.simulationMonitor] -     WARNING (SPECTRE-8061): `PM0': Does not have a terminal named `gm'. {"history": "ExplorerRun.0", "point": 12, "testname": "gmIdwl_gmid2_1", "cornername": "Nominal"}
[2026-04-16 00:53:39.227 +0700] [WARN] [cadence.virtuoso.ade.simulationMonitor] -     WARNING (SPECTRE-8287): Ignoring invalid item `PM0:gm' in save statement. {"history": "ExplorerRun.0", "point": 12, "testname": "gmIdwl_gmid2_1", "cornername": "Nominal"}
[2026-04-16 00:53:39.228 +0700] [WARN] [cadence.virtuoso.ade.simulationMonitor] -     WARNING (SPECTRE-8061): `PM0': Does not have a terminal named `vgs'. {"history": "ExplorerRun.0", "point": 12, "testname": "gmIdwl_gmid2_1", "cornername": "Nominal"}
[2026-04-16 00:53:39.228 +0700] [WARN] [cadence.virtuoso.ade.simulationMonitor] -     WARNING (SPECTRE-8287): Ignoring invalid item `PM0:vgs' in save statement. {"history": "ExplorerRun.0", "point": 12, "testname": "gmIdwl_gmid2_1", "cornername": "Nominal"}
[2026-04-16 00:53:39.228 +0700] [WARN] [cadence.virtuoso.ade.simulationMonitor] -     WARNING (SPECTRE-8061): `PM0': Does not have a terminal named `vth'. {"history": "ExplorerRun.0", "point": 12, "testname": "gmIdwl_gmid2_1", "cornername": "Nominal"}
[2026-04-16 00:53:39.228 +0700] [WARN] [cadence.virtuoso.ade.simulationMonitor] -     WARNING (SPECTRE-8287): Ignoring invalid item `PM0:vth' in save statement. {"history": "ExplorerRun.0", "point": 12, "testname": "gmIdwl_gmid2_1", "cornername": "Nominal"}
[2026-04-16 00:53:39.229 +0700] [INFO] [cadence.virtuoso.ade.simulationMonitor] - Notice from spectre during initial setup.
    Multithreading is disabled due to the size of the design being too small. {"history": "ExplorerRun.0", "point": 12, "testname": "gmIdwl_gmid2_1", "cornername": "Nominal"}
[2026-04-16 00:53:39.229 +0700] [INFO] [cadence.virtuoso.ade.simulationMonitor] -               nodes 3 {"history": "ExplorerRun.0", "point": 12, "testname": "gmIdwl_gmid2_1", "cornername": "Nominal"}
[2026-04-16 00:53:39.229 +0700] [INFO] [cadence.virtuoso.ade.simulationMonitor] - Notice from spectre during initial setup.
    APS enabled. {"history": "ExplorerRun.0", "point": 12, "testname": "gmIdwl_gmid2_1", "cornername": "Nominal"}
[2026-04-16 00:53:39.230 +0700] [INFO] [cadence.virtuoso.ade.simulationMonitor] - Peak resident memory used = 98.8 Mbytes. {"history": "ExplorerRun.0", "point": 12, "testname": "gmIdwl_gmid2_1", "cornername": "Nominal"}
[2026-04-16 00:53:39.230 +0700] [INFO] [cadence.virtuoso.ade.simulationMonitor] -    -   (APS) Multi-threading. The recommended number of threads is 1, consider adding +mt=1 on command line. {"history": "ExplorerRun.0", "point": 12, "testname": "gmIdwl_gmid2_1", "cornername": "Nominal"}
[2026-04-16 00:53:39.230 +0700] [INFO] [cadence.virtuoso.ade.simulationMonitor] - Total time required for dc analysis `dcOp': CPU = 3.071 ms, elapsed = 4.19784 ms. {"history": "ExplorerRun.0", "point": 12, "testname": "gmIdwl_gmid2_1", "cornername": "Nominal"}
[2026-04-16 00:53:39.230 +0700] [INFO] [cadence.virtuoso.ade.simulationMonitor] - Peak resident memory used = 100 Mbytes. {"history": "ExplorerRun.0", "point": 12, "testname": "gmIdwl_gmid2_1", "cornername": "Nominal"}
[2026-04-16 00:53:39.731 +0700] [PROCESS] [cadence.virtuoso.ade.simulationMonitor] - Finished simulating for one point {"hostname": "dtvt_13", "processid": 32574, "history": "ExplorerRun.0", "testname": "gmIdwl_gmid2_1", "cornername": "Nominal", "point": 12, "logfile": "/home/dtvt_13/duyDUT/logs_dtvt_13/logs0/Job30.log", "simid": "12"}
[2026-04-16 00:53:39.732 +0700] [INFO] [cadence.virtuoso.ade.simulationMonitor] - Notice from spectre at vsg = 934e-03 during DC analysis `dc'.
    The value of parameter 'vsg' has been reset to the original value 0.6. {"history": "ExplorerRun.0", "point": 12, "testname": "gmIdwl_gmid2_1", "cornername": "Nominal"}
[2026-04-16 00:53:39.732 +0700] [INFO] [cadence.virtuoso.ade.simulationMonitor] - Total time required for dc analysis `dc': CPU = 223.899 ms, elapsed = 224.922 ms. {"history": "ExplorerRun.0", "point": 12, "testname": "gmIdwl_gmid2_1", "cornername": "Nominal"}
[2026-04-16 00:53:39.732 +0700] [INFO] [cadence.virtuoso.ade.simulationMonitor] - Peak resident memory used = 102 Mbytes. {"history": "ExplorerRun.0", "point": 12, "testname": "gmIdwl_gmid2_1", "cornername": "Nominal"}
[2026-04-16 00:53:39.733 +0700] [INFO] [cadence.virtuoso.ade.simulationMonitor] - Time used: CPU = 751 ms, elapsed = 22 s, util. = 3.41%. {"history": "ExplorerRun.0", "point": 12, "testname": "gmIdwl_gmid2_1", "cornername": "Nominal"}
[2026-04-16 00:53:39.733 +0700] [INFO] [cadence.virtuoso.ade.simulationMonitor] - Time spent in licensing: elapsed = 20.7 s, percentage of total = 93.8%. {"history": "ExplorerRun.0", "point": 12, "testname": "gmIdwl_gmid2_1", "cornername": "Nominal"}
[2026-04-16 00:53:39.733 +0700] [INFO] [cadence.virtuoso.ade.simulationMonitor] - Peak memory used = 110 Mbytes. {"history": "ExplorerRun.0", "point": 12, "testname": "gmIdwl_gmid2_1", "cornername": "Nominal"}
[2026-04-16 00:53:39.734 +0700] [PROCESS] [cadence.virtuoso.ade.simulationMonitor] - Simulation started at: 12:53:17 AM, Thur Apr 16, 2026, ended at: 12:53:39 AM, Thur Apr 16, 2026, with elapsed time (wall clock): 22 s. {"history": "ExplorerRun.0", "point": 12, "testname": "gmIdwl_gmid2_1", "cornername": "Nominal"}
[2026-04-16 00:53:39.734 +0700] [PROCESS] [cadence.virtuoso.ade.simulationMonitor] - spectre completes with 0 errors, 8 warnings, and 5 notices. {"history": "ExplorerRun.0", "point": 12, "testname": "gmIdwl_gmid2_1", "cornername": "Nominal"}
[2026-04-16 00:53:39.734 +0700] [PROCESS] [cadence.virtuoso.ade.simulationMonitor] - Simulator exited {"hostname": "dtvt_13", "processid": 32574, "history": "ExplorerRun.0", "testname": "gmIdwl_gmid2_1", "cornername": "Nominal", "point": 12, "logfile": "/home/dtvt_13/duyDUT/logs_dtvt_13/logs0/Job30.log", "exitStatus": "0"}
[2026-04-16 00:53:39.734 +0700] [PROCESS] [cadence.virtuoso.ade.simulationMonitor] - Finished Simulation {"hostname": "dtvt_13", "processid": 32574, "history": "ExplorerRun.0", "testname": "gmIdwl_gmid2_1", "cornername": "Nominal", "point": 12, "logfile": "/home/dtvt_13/duyDUT/logs_dtvt_13/logs0/Job30.log", "simid": "12"}
[2026-04-16 00:53:40.749 +0700] [PROCESS] [cadence.virtuoso.ade.simulationMonitor] - Point Finished {"hostname": "dtvt_13", "processid": 32574, "history": "ExplorerRun.0", "testname": "gmIdwl_gmid2_1", "cornername": "Nominal", "point": 12, "logfile": "/home/dtvt_13/duyDUT/logs_dtvt_13/logs0/Job30.log"}
[2026-04-16 00:53:40.757 +0700] [PROCESS] [cadence.virtuoso.ade.simulationMonitor] - HostInfo:
Host name (type):	dtvt_13 (x86_64)
Operating system:	Linux 3.10.0-1160.118.1.el7.x86_64 #1 SMP Wed Apr 24 16:01:50 UTC 2024 {"hostname": "dtvt_13", "processid": 32574, "history": "ExplorerRun.0", "testname": "gmIdwl_gmid2_1", "cornername": "Nominal", "point": 12, "logfile": "/home/dtvt_13/duyDUT/logs_dtvt_13/logs0/Job30.log", "nodename": "dtvt_13", "domainname": "(none)", "machine": "x86_64", "sysname": "Linux", "release": "3.10.0-1160.118.1.el7.x86_64", "version": "#1 SMP Wed Apr 24 16:01:50 UTC 2024"}
[2026-04-16 00:53:40.757 +0700] [PROCESS] [cadence.virtuoso.ade.simulationMonitor] - UsageInfo:
pid=32574
totalPhysicalMemory=15.208324GB,Used=14.981720GB,totalVirtualMemory=22.895821GB,Used=15.010529GB
Cpu: Cores=24, Load average:0.380000,0.420000,0.270000 {"hostname": "dtvt_13", "processid": 32574, "history": "ExplorerRun.0", "testname": "gmIdwl_gmid2_1", "cornername": "Nominal", "point": 12, "logfile": "/home/dtvt_13/duyDUT/logs_dtvt_13/logs0/Job30.log", "pid": "32574", "totalPhysicalMemory": "15.208324", "physicalMemoryUsed": "14.981720", "totalVirtualMemory": "22.895821", "virtualMemoryUsed": "15.010529", "cpuCores": "24", "processes": "2644", "loadAverage1": "0.380000", "loadAverage5": "0.420000", "loadAverage15": "0.270000", "loadAverage1Percent": "0.015833"}
[2026-04-16 00:53:40.758 +0700] [EVENT] [cadence.virtuoso.ade.simulationMonitor] - NewPoint {"history": "ExplorerRun.0", "point": 13, "testname": "gmIdwl_gmid2_1", "cornername": "Nominal", "event": "NewPoint", "EventSource": "Simulation Monitor", "HistoryName": "ExplorerRun.0", "logFile": "/home/dtvt_13/duyDUT/logs_dtvt_13/logs0/Job30.log", "logFileSize": "133779"}
[2026-04-16 00:53:40.862 +0700] [EVENT] [cadence.virtuoso.ade.simulationMonitor] - NewPoint {"history": "ExplorerRun.0", "point": 13, "testname": "gmIdwl_gmid2_1", "cornername": "Nominal", "event": "NewPoint", "EventSource": "spectre", "HistoryName": "ExplorerRun.0", "logFile": "/home/dtvt_13/simulation/gmIdwl/gmid2/maestro/results/maestro/ExplorerRun.0/13/gmIdwl_gmid2_1/psf/spectre.out", "logFileSize": "-1"}
[2026-04-16 00:53:40.872 +0700] [PROCESS] [cadence.virtuoso.ade.simulationMonitor] - Simulator launched {"hostname": "dtvt_13", "processid": 32574, "history": "ExplorerRun.0", "testname": "gmIdwl_gmid2_1", "cornername": "Nominal", "point": 13, "logfile": "/home/dtvt_13/duyDUT/logs_dtvt_13/logs0/Job30.log", "simid": "13"}
[2026-04-16 00:53:40.873 +0700] [PROCESS] [cadence.virtuoso.ade.simulationMonitor] - Started Simulation {"hostname": "dtvt_13", "processid": 32574, "history": "ExplorerRun.0", "testname": "gmIdwl_gmid2_1", "cornername": "Nominal", "point": 13, "logfile": "/home/dtvt_13/duyDUT/logs_dtvt_13/logs0/Job30.log"}
[2026-04-16 00:54:02.686 +0700] [INFO] [cadence.virtuoso.ade.simulationMonitor] - Peak resident memory used = 86.1 Mbytes. {"history": "ExplorerRun.0", "point": 13, "testname": "gmIdwl_gmid2_1", "cornername": "Nominal"}
[2026-04-16 00:54:02.686 +0700] [INFO] [cadence.virtuoso.ade.simulationMonitor] - Peak resident memory used = 96.4 Mbytes. {"history": "ExplorerRun.0", "point": 13, "testname": "gmIdwl_gmid2_1", "cornername": "Nominal"}
[2026-04-16 00:54:02.686 +0700] [INFO] [cadence.virtuoso.ade.simulationMonitor] - Notice from spectre during hierarchy flattening.
    The value 'psf' specified for the 'checklimitdest' option will no longer be supported in future releases. Use 'spectre -h' to see other recommended values for the 'checklimitdest' option. {"history": "ExplorerRun.0", "point": 13, "testname": "gmIdwl_gmid2_1", "cornername": "Nominal"}
[2026-04-16 00:54:02.687 +0700] [INFO] [cadence.virtuoso.ade.simulationMonitor] - Peak resident memory used = 97.3 Mbytes. {"history": "ExplorerRun.0", "point": 13, "testname": "gmIdwl_gmid2_1", "cornername": "Nominal"}
[2026-04-16 00:54:02.687 +0700] [WARN] [cadence.virtuoso.ade.simulationMonitor] -     WARNING (SPECTRE-8061): `PM0': Does not have a terminal named `id'. {"history": "ExplorerRun.0", "point": 13, "testname": "gmIdwl_gmid2_1", "cornername": "Nominal"}
[2026-04-16 00:54:02.687 +0700] [WARN] [cadence.virtuoso.ade.simulationMonitor] -     WARNING (SPECTRE-8287): Ignoring invalid item `PM0:id' in save statement. {"history": "ExplorerRun.0", "point": 13, "testname": "gmIdwl_gmid2_1", "cornername": "Nominal"}
[2026-04-16 00:54:02.687 +0700] [WARN] [cadence.virtuoso.ade.simulationMonitor] -     WARNING (SPECTRE-8061): `PM0': Does not have a terminal named `gm'. {"history": "ExplorerRun.0", "point": 13, "testname": "gmIdwl_gmid2_1", "cornername": "Nominal"}
[2026-04-16 00:54:02.687 +0700] [WARN] [cadence.virtuoso.ade.simulationMonitor] -     WARNING (SPECTRE-8287): Ignoring invalid item `PM0:gm' in save statement. {"history": "ExplorerRun.0", "point": 13, "testname": "gmIdwl_gmid2_1", "cornername": "Nominal"}
[2026-04-16 00:54:02.687 +0700] [WARN] [cadence.virtuoso.ade.simulationMonitor] -     WARNING (SPECTRE-8061): `PM0': Does not have a terminal named `vgs'. {"history": "ExplorerRun.0", "point": 13, "testname": "gmIdwl_gmid2_1", "cornername": "Nominal"}
[2026-04-16 00:54:02.687 +0700] [WARN] [cadence.virtuoso.ade.simulationMonitor] -     WARNING (SPECTRE-8287): Ignoring invalid item `PM0:vgs' in save statement. {"history": "ExplorerRun.0", "point": 13, "testname": "gmIdwl_gmid2_1", "cornername": "Nominal"}
[2026-04-16 00:54:02.688 +0700] [WARN] [cadence.virtuoso.ade.simulationMonitor] -     WARNING (SPECTRE-8061): `PM0': Does not have a terminal named `vth'. {"history": "ExplorerRun.0", "point": 13, "testname": "gmIdwl_gmid2_1", "cornername": "Nominal"}
[2026-04-16 00:54:02.688 +0700] [WARN] [cadence.virtuoso.ade.simulationMonitor] -     WARNING (SPECTRE-8287): Ignoring invalid item `PM0:vth' in save statement. {"history": "ExplorerRun.0", "point": 13, "testname": "gmIdwl_gmid2_1", "cornername": "Nominal"}
[2026-04-16 00:54:02.688 +0700] [INFO] [cadence.virtuoso.ade.simulationMonitor] - Notice from spectre during initial setup.
    Multithreading is disabled due to the size of the design being too small. {"history": "ExplorerRun.0", "point": 13, "testname": "gmIdwl_gmid2_1", "cornername": "Nominal"}
[2026-04-16 00:54:02.688 +0700] [INFO] [cadence.virtuoso.ade.simulationMonitor] -               nodes 3 {"history": "ExplorerRun.0", "point": 13, "testname": "gmIdwl_gmid2_1", "cornername": "Nominal"}
[2026-04-16 00:54:02.688 +0700] [INFO] [cadence.virtuoso.ade.simulationMonitor] - Notice from spectre during initial setup.
    APS enabled. {"history": "ExplorerRun.0", "point": 13, "testname": "gmIdwl_gmid2_1", "cornername": "Nominal"}
[2026-04-16 00:54:02.688 +0700] [INFO] [cadence.virtuoso.ade.simulationMonitor] - Peak resident memory used = 98.8 Mbytes. {"history": "ExplorerRun.0", "point": 13, "testname": "gmIdwl_gmid2_1", "cornername": "Nominal"}
[2026-04-16 00:54:02.688 +0700] [INFO] [cadence.virtuoso.ade.simulationMonitor] -    -   (APS) Multi-threading. The recommended number of threads is 1, consider adding +mt=1 on command line. {"history": "ExplorerRun.0", "point": 13, "testname": "gmIdwl_gmid2_1", "cornername": "Nominal"}
[2026-04-16 00:54:02.688 +0700] [INFO] [cadence.virtuoso.ade.simulationMonitor] - Total time required for dc analysis `dcOp': CPU = 2.288 ms, elapsed = 3.38697 ms. {"history": "ExplorerRun.0", "point": 13, "testname": "gmIdwl_gmid2_1", "cornername": "Nominal"}
[2026-04-16 00:54:02.688 +0700] [INFO] [cadence.virtuoso.ade.simulationMonitor] - Peak resident memory used = 100 Mbytes. {"history": "ExplorerRun.0", "point": 13, "testname": "gmIdwl_gmid2_1", "cornername": "Nominal"}
[2026-04-16 00:54:03.189 +0700] [PROCESS] [cadence.virtuoso.ade.simulationMonitor] - Finished simulating for one point {"hostname": "dtvt_13", "processid": 32574, "history": "ExplorerRun.0", "testname": "gmIdwl_gmid2_1", "cornername": "Nominal", "point": 13, "logfile": "/home/dtvt_13/duyDUT/logs_dtvt_13/logs0/Job30.log", "simid": "13"}
[2026-04-16 00:54:03.190 +0700] [INFO] [cadence.virtuoso.ade.simulationMonitor] - Notice from spectre at vsg = 934e-03 during DC analysis `dc'.
    The value of parameter 'vsg' has been reset to the original value 0.6. {"history": "ExplorerRun.0", "point": 13, "testname": "gmIdwl_gmid2_1", "cornername": "Nominal"}
[2026-04-16 00:54:03.190 +0700] [INFO] [cadence.virtuoso.ade.simulationMonitor] - Total time required for dc analysis `dc': CPU = 628.268 ms, elapsed = 629.394 ms. {"history": "ExplorerRun.0", "point": 13, "testname": "gmIdwl_gmid2_1", "cornername": "Nominal"}
[2026-04-16 00:54:03.191 +0700] [INFO] [cadence.virtuoso.ade.simulationMonitor] - Peak resident memory used = 102 Mbytes. {"history": "ExplorerRun.0", "point": 13, "testname": "gmIdwl_gmid2_1", "cornername": "Nominal"}
[2026-04-16 00:54:03.191 +0700] [INFO] [cadence.virtuoso.ade.simulationMonitor] - Time used: CPU = 1.06 s, elapsed = 21.8 s, util. = 4.84%. {"history": "ExplorerRun.0", "point": 13, "testname": "gmIdwl_gmid2_1", "cornername": "Nominal"}
[2026-04-16 00:54:03.192 +0700] [INFO] [cadence.virtuoso.ade.simulationMonitor] - Time spent in licensing: elapsed = 20.6 s, percentage of total = 94.5%. {"history": "ExplorerRun.0", "point": 13, "testname": "gmIdwl_gmid2_1", "cornername": "Nominal"}
[2026-04-16 00:54:03.192 +0700] [INFO] [cadence.virtuoso.ade.simulationMonitor] - Peak memory used = 110 Mbytes. {"history": "ExplorerRun.0", "point": 13, "testname": "gmIdwl_gmid2_1", "cornername": "Nominal"}
[2026-04-16 00:54:03.193 +0700] [PROCESS] [cadence.virtuoso.ade.simulationMonitor] - Simulation started at: 12:53:41 AM, Thur Apr 16, 2026, ended at: 12:54:02 AM, Thur Apr 16, 2026, with elapsed time (wall clock): 21.8 s. {"history": "ExplorerRun.0", "point": 13, "testname": "gmIdwl_gmid2_1", "cornername": "Nominal"}
[2026-04-16 00:54:03.193 +0700] [PROCESS] [cadence.virtuoso.ade.simulationMonitor] - spectre completes with 0 errors, 8 warnings, and 5 notices. {"history": "ExplorerRun.0", "point": 13, "testname": "gmIdwl_gmid2_1", "cornername": "Nominal"}
[2026-04-16 00:54:03.193 +0700] [PROCESS] [cadence.virtuoso.ade.simulationMonitor] - Simulator exited {"hostname": "dtvt_13", "processid": 32574, "history": "ExplorerRun.0", "testname": "gmIdwl_gmid2_1", "cornername": "Nominal", "point": 13, "logfile": "/home/dtvt_13/duyDUT/logs_dtvt_13/logs0/Job30.log", "exitStatus": "0"}
[2026-04-16 00:54:03.194 +0700] [PROCESS] [cadence.virtuoso.ade.simulationMonitor] - Finished Simulation {"hostname": "dtvt_13", "processid": 32574, "history": "ExplorerRun.0", "testname": "gmIdwl_gmid2_1", "cornername": "Nominal", "point": 13, "logfile": "/home/dtvt_13/duyDUT/logs_dtvt_13/logs0/Job30.log", "simid": "13"}
[2026-04-16 00:54:04.206 +0700] [PROCESS] [cadence.virtuoso.ade.simulationMonitor] - Point Finished {"hostname": "dtvt_13", "processid": 32574, "history": "ExplorerRun.0", "testname": "gmIdwl_gmid2_1", "cornername": "Nominal", "point": 13, "logfile": "/home/dtvt_13/duyDUT/logs_dtvt_13/logs0/Job30.log"}
[2026-04-16 00:54:04.214 +0700] [PROCESS] [cadence.virtuoso.ade.simulationMonitor] - HostInfo:
Host name (type):	dtvt_13 (x86_64)
Operating system:	Linux 3.10.0-1160.118.1.el7.x86_64 #1 SMP Wed Apr 24 16:01:50 UTC 2024 {"hostname": "dtvt_13", "processid": 32574, "history": "ExplorerRun.0", "testname": "gmIdwl_gmid2_1", "cornername": "Nominal", "point": 13, "logfile": "/home/dtvt_13/duyDUT/logs_dtvt_13/logs0/Job30.log", "nodename": "dtvt_13", "domainname": "(none)", "machine": "x86_64", "sysname": "Linux", "release": "3.10.0-1160.118.1.el7.x86_64", "version": "#1 SMP Wed Apr 24 16:01:50 UTC 2024"}
[2026-04-16 00:54:04.215 +0700] [PROCESS] [cadence.virtuoso.ade.simulationMonitor] - UsageInfo:
pid=32574
totalPhysicalMemory=15.208324GB,Used=14.986027GB,totalVirtualMemory=22.895821GB,Used=15.014835GB
Cpu: Cores=24, Load average:0.390000,0.420000,0.280000 {"hostname": "dtvt_13", "processid": 32574, "history": "ExplorerRun.0", "testname": "gmIdwl_gmid2_1", "cornername": "Nominal", "point": 13, "logfile": "/home/dtvt_13/duyDUT/logs_dtvt_13/logs0/Job30.log", "pid": "32574", "totalPhysicalMemory": "15.208324", "physicalMemoryUsed": "14.986027", "totalVirtualMemory": "22.895821", "virtualMemoryUsed": "15.014835", "cpuCores": "24", "processes": "2640", "loadAverage1": "0.390000", "loadAverage5": "0.420000", "loadAverage15": "0.280000", "loadAverage1Percent": "0.016250"}
[2026-04-16 00:54:04.215 +0700] [EVENT] [cadence.virtuoso.ade.simulationMonitor] - NewPoint {"history": "ExplorerRun.0", "point": 14, "testname": "gmIdwl_gmid2_1", "cornername": "Nominal", "event": "NewPoint", "EventSource": "Simulation Monitor", "HistoryName": "ExplorerRun.0", "logFile": "/home/dtvt_13/duyDUT/logs_dtvt_13/logs0/Job30.log", "logFileSize": "144760"}
[2026-04-16 00:54:04.317 +0700] [EVENT] [cadence.virtuoso.ade.simulationMonitor] - NewPoint {"history": "ExplorerRun.0", "point": 14, "testname": "gmIdwl_gmid2_1", "cornername": "Nominal", "event": "NewPoint", "EventSource": "spectre", "HistoryName": "ExplorerRun.0", "logFile": "/home/dtvt_13/simulation/gmIdwl/gmid2/maestro/results/maestro/ExplorerRun.0/14/gmIdwl_gmid2_1/psf/spectre.out", "logFileSize": "-1"}
[2026-04-16 00:54:04.327 +0700] [PROCESS] [cadence.virtuoso.ade.simulationMonitor] - Simulator launched {"hostname": "dtvt_13", "processid": 32574, "history": "ExplorerRun.0", "testname": "gmIdwl_gmid2_1", "cornername": "Nominal", "point": 14, "logfile": "/home/dtvt_13/duyDUT/logs_dtvt_13/logs0/Job30.log", "simid": "14"}
[2026-04-16 00:54:04.328 +0700] [PROCESS] [cadence.virtuoso.ade.simulationMonitor] - Started Simulation {"hostname": "dtvt_13", "processid": 32574, "history": "ExplorerRun.0", "testname": "gmIdwl_gmid2_1", "cornername": "Nominal", "point": 14, "logfile": "/home/dtvt_13/duyDUT/logs_dtvt_13/logs0/Job30.log"}
[2026-04-16 00:54:25.217 +0700] [INFO] [cadence.virtuoso.ade.simulationMonitor] - Peak resident memory used = 86.1 Mbytes. {"history": "ExplorerRun.0", "point": 14, "testname": "gmIdwl_gmid2_1", "cornername": "Nominal"}
[2026-04-16 00:54:25.217 +0700] [INFO] [cadence.virtuoso.ade.simulationMonitor] - Peak resident memory used = 96.4 Mbytes. {"history": "ExplorerRun.0", "point": 14, "testname": "gmIdwl_gmid2_1", "cornername": "Nominal"}
[2026-04-16 00:54:25.217 +0700] [INFO] [cadence.virtuoso.ade.simulationMonitor] - Notice from spectre during hierarchy flattening.
    The value 'psf' specified for the 'checklimitdest' option will no longer be supported in future releases. Use 'spectre -h' to see other recommended values for the 'checklimitdest' option. {"history": "ExplorerRun.0", "point": 14, "testname": "gmIdwl_gmid2_1", "cornername": "Nominal"}
[2026-04-16 00:54:25.218 +0700] [INFO] [cadence.virtuoso.ade.simulationMonitor] - Peak resident memory used = 97.3 Mbytes. {"history": "ExplorerRun.0", "point": 14, "testname": "gmIdwl_gmid2_1", "cornername": "Nominal"}
[2026-04-16 00:54:25.218 +0700] [WARN] [cadence.virtuoso.ade.simulationMonitor] -     WARNING (SPECTRE-8061): `PM0': Does not have a terminal named `id'. {"history": "ExplorerRun.0", "point": 14, "testname": "gmIdwl_gmid2_1", "cornername": "Nominal"}
[2026-04-16 00:54:25.218 +0700] [WARN] [cadence.virtuoso.ade.simulationMonitor] -     WARNING (SPECTRE-8287): Ignoring invalid item `PM0:id' in save statement. {"history": "ExplorerRun.0", "point": 14, "testname": "gmIdwl_gmid2_1", "cornername": "Nominal"}
[2026-04-16 00:54:25.218 +0700] [WARN] [cadence.virtuoso.ade.simulationMonitor] -     WARNING (SPECTRE-8061): `PM0': Does not have a terminal named `gm'. {"history": "ExplorerRun.0", "point": 14, "testname": "gmIdwl_gmid2_1", "cornername": "Nominal"}
[2026-04-16 00:54:25.218 +0700] [WARN] [cadence.virtuoso.ade.simulationMonitor] -     WARNING (SPECTRE-8287): Ignoring invalid item `PM0:gm' in save statement. {"history": "ExplorerRun.0", "point": 14, "testname": "gmIdwl_gmid2_1", "cornername": "Nominal"}
[2026-04-16 00:54:25.218 +0700] [WARN] [cadence.virtuoso.ade.simulationMonitor] -     WARNING (SPECTRE-8061): `PM0': Does not have a terminal named `vgs'. {"history": "ExplorerRun.0", "point": 14, "testname": "gmIdwl_gmid2_1", "cornername": "Nominal"}
[2026-04-16 00:54:25.219 +0700] [WARN] [cadence.virtuoso.ade.simulationMonitor] -     WARNING (SPECTRE-8287): Ignoring invalid item `PM0:vgs' in save statement. {"history": "ExplorerRun.0", "point": 14, "testname": "gmIdwl_gmid2_1", "cornername": "Nominal"}
[2026-04-16 00:54:25.219 +0700] [WARN] [cadence.virtuoso.ade.simulationMonitor] -     WARNING (SPECTRE-8061): `PM0': Does not have a terminal named `vth'. {"history": "ExplorerRun.0", "point": 14, "testname": "gmIdwl_gmid2_1", "cornername": "Nominal"}
[2026-04-16 00:54:25.219 +0700] [WARN] [cadence.virtuoso.ade.simulationMonitor] -     WARNING (SPECTRE-8287): Ignoring invalid item `PM0:vth' in save statement. {"history": "ExplorerRun.0", "point": 14, "testname": "gmIdwl_gmid2_1", "cornername": "Nominal"}
[2026-04-16 00:54:25.219 +0700] [INFO] [cadence.virtuoso.ade.simulationMonitor] - Notice from spectre during initial setup.
    Multithreading is disabled due to the size of the design being too small. {"history": "ExplorerRun.0", "point": 14, "testname": "gmIdwl_gmid2_1", "cornername": "Nominal"}
[2026-04-16 00:54:25.219 +0700] [INFO] [cadence.virtuoso.ade.simulationMonitor] -               nodes 3 {"history": "ExplorerRun.0", "point": 14, "testname": "gmIdwl_gmid2_1", "cornername": "Nominal"}
[2026-04-16 00:54:25.219 +0700] [INFO] [cadence.virtuoso.ade.simulationMonitor] - Notice from spectre during initial setup.
    APS enabled. {"history": "ExplorerRun.0", "point": 14, "testname": "gmIdwl_gmid2_1", "cornername": "Nominal"}
[2026-04-16 00:54:25.219 +0700] [INFO] [cadence.virtuoso.ade.simulationMonitor] - Peak resident memory used = 98.8 Mbytes. {"history": "ExplorerRun.0", "point": 14, "testname": "gmIdwl_gmid2_1", "cornername": "Nominal"}
[2026-04-16 00:54:25.219 +0700] [INFO] [cadence.virtuoso.ade.simulationMonitor] -    -   (APS) Multi-threading. The recommended number of threads is 1, consider adding +mt=1 on command line. {"history": "ExplorerRun.0", "point": 14, "testname": "gmIdwl_gmid2_1", "cornername": "Nominal"}
[2026-04-16 00:54:25.219 +0700] [INFO] [cadence.virtuoso.ade.simulationMonitor] - Total time required for dc analysis `dcOp': CPU = 1.605 ms, elapsed = 2.68292 ms. {"history": "ExplorerRun.0", "point": 14, "testname": "gmIdwl_gmid2_1", "cornername": "Nominal"}
[2026-04-16 00:54:25.219 +0700] [INFO] [cadence.virtuoso.ade.simulationMonitor] - Peak resident memory used = 100 Mbytes. {"history": "ExplorerRun.0", "point": 14, "testname": "gmIdwl_gmid2_1", "cornername": "Nominal"}
[2026-04-16 00:54:26.220 +0700] [PROCESS] [cadence.virtuoso.ade.simulationMonitor] - Finished simulating for one point {"hostname": "dtvt_13", "processid": 32574, "history": "ExplorerRun.0", "testname": "gmIdwl_gmid2_1", "cornername": "Nominal", "point": 14, "logfile": "/home/dtvt_13/duyDUT/logs_dtvt_13/logs0/Job30.log", "simid": "14"}
[2026-04-16 00:54:26.221 +0700] [INFO] [cadence.virtuoso.ade.simulationMonitor] - Notice from spectre at vsg = 934e-03 during DC analysis `dc'.
    The value of parameter 'vsg' has been reset to the original value 0.6. {"history": "ExplorerRun.0", "point": 14, "testname": "gmIdwl_gmid2_1", "cornername": "Nominal"}
[2026-04-16 00:54:26.222 +0700] [INFO] [cadence.virtuoso.ade.simulationMonitor] - Total time required for dc analysis `dc': CPU = 623.877 ms, elapsed = 624.885 ms. {"history": "ExplorerRun.0", "point": 14, "testname": "gmIdwl_gmid2_1", "cornername": "Nominal"}
[2026-04-16 00:54:26.222 +0700] [INFO] [cadence.virtuoso.ade.simulationMonitor] - Peak resident memory used = 102 Mbytes. {"history": "ExplorerRun.0", "point": 14, "testname": "gmIdwl_gmid2_1", "cornername": "Nominal"}
[2026-04-16 00:54:26.222 +0700] [INFO] [cadence.virtuoso.ade.simulationMonitor] - Time used: CPU = 1.02 s, elapsed = 21.3 s, util. = 4.79%. {"history": "ExplorerRun.0", "point": 14, "testname": "gmIdwl_gmid2_1", "cornername": "Nominal"}
[2026-04-16 00:54:26.223 +0700] [INFO] [cadence.virtuoso.ade.simulationMonitor] - Time spent in licensing: elapsed = 20.3 s, percentage of total = 95.4%. {"history": "ExplorerRun.0", "point": 14, "testname": "gmIdwl_gmid2_1", "cornername": "Nominal"}
[2026-04-16 00:54:26.223 +0700] [INFO] [cadence.virtuoso.ade.simulationMonitor] - Peak memory used = 110 Mbytes. {"history": "ExplorerRun.0", "point": 14, "testname": "gmIdwl_gmid2_1", "cornername": "Nominal"}
[2026-04-16 00:54:26.223 +0700] [PROCESS] [cadence.virtuoso.ade.simulationMonitor] - Simulation started at: 12:54:04 AM, Thur Apr 16, 2026, ended at: 12:54:25 AM, Thur Apr 16, 2026, with elapsed time (wall clock): 21.3 s. {"history": "ExplorerRun.0", "point": 14, "testname": "gmIdwl_gmid2_1", "cornername": "Nominal"}
[2026-04-16 00:54:26.224 +0700] [PROCESS] [cadence.virtuoso.ade.simulationMonitor] - spectre completes with 0 errors, 8 warnings, and 5 notices. {"history": "ExplorerRun.0", "point": 14, "testname": "gmIdwl_gmid2_1", "cornername": "Nominal"}
[2026-04-16 00:54:26.224 +0700] [PROCESS] [cadence.virtuoso.ade.simulationMonitor] - Simulator exited {"hostname": "dtvt_13", "processid": 32574, "history": "ExplorerRun.0", "testname": "gmIdwl_gmid2_1", "cornername": "Nominal", "point": 14, "logfile": "/home/dtvt_13/duyDUT/logs_dtvt_13/logs0/Job30.log", "exitStatus": "0"}
[2026-04-16 00:54:26.224 +0700] [PROCESS] [cadence.virtuoso.ade.simulationMonitor] - Finished Simulation {"hostname": "dtvt_13", "processid": 32574, "history": "ExplorerRun.0", "testname": "gmIdwl_gmid2_1", "cornername": "Nominal", "point": 14, "logfile": "/home/dtvt_13/duyDUT/logs_dtvt_13/logs0/Job30.log", "simid": "14"}
[2026-04-16 00:54:27.239 +0700] [PROCESS] [cadence.virtuoso.ade.simulationMonitor] - Point Finished {"hostname": "dtvt_13", "processid": 32574, "history": "ExplorerRun.0", "testname": "gmIdwl_gmid2_1", "cornername": "Nominal", "point": 14, "logfile": "/home/dtvt_13/duyDUT/logs_dtvt_13/logs0/Job30.log"}
[2026-04-16 00:54:27.247 +0700] [PROCESS] [cadence.virtuoso.ade.simulationMonitor] - HostInfo:
Host name (type):	dtvt_13 (x86_64)
Operating system:	Linux 3.10.0-1160.118.1.el7.x86_64 #1 SMP Wed Apr 24 16:01:50 UTC 2024 {"hostname": "dtvt_13", "processid": 32574, "history": "ExplorerRun.0", "testname": "gmIdwl_gmid2_1", "cornername": "Nominal", "point": 14, "logfile": "/home/dtvt_13/duyDUT/logs_dtvt_13/logs0/Job30.log", "nodename": "dtvt_13", "domainname": "(none)", "machine": "x86_64", "sysname": "Linux", "release": "3.10.0-1160.118.1.el7.x86_64", "version": "#1 SMP Wed Apr 24 16:01:50 UTC 2024"}
[2026-04-16 00:54:27.248 +0700] [PROCESS] [cadence.virtuoso.ade.simulationMonitor] - UsageInfo:
pid=32574
totalPhysicalMemory=15.208324GB,Used=14.990631GB,totalVirtualMemory=22.895821GB,Used=15.019440GB
Cpu: Cores=24, Load average:0.280000,0.390000,0.270000 {"hostname": "dtvt_13", "processid": 32574, "history": "ExplorerRun.0", "testname": "gmIdwl_gmid2_1", "cornername": "Nominal", "point": 14, "logfile": "/home/dtvt_13/duyDUT/logs_dtvt_13/logs0/Job30.log", "pid": "32574", "totalPhysicalMemory": "15.208324", "physicalMemoryUsed": "14.990631", "totalVirtualMemory": "22.895821", "virtualMemoryUsed": "15.019440", "cpuCores": "24", "processes": "2640", "loadAverage1": "0.280000", "loadAverage5": "0.390000", "loadAverage15": "0.270000", "loadAverage1Percent": "0.011667"}
[2026-04-16 00:54:27.249 +0700] [EVENT] [cadence.virtuoso.ade.simulationMonitor] - NewPoint {"history": "ExplorerRun.0", "point": 15, "testname": "gmIdwl_gmid2_1", "cornername": "Nominal", "event": "NewPoint", "EventSource": "Simulation Monitor", "HistoryName": "ExplorerRun.0", "logFile": "/home/dtvt_13/duyDUT/logs_dtvt_13/logs0/Job30.log", "logFileSize": "155741"}
[2026-04-16 00:54:27.354 +0700] [EVENT] [cadence.virtuoso.ade.simulationMonitor] - NewPoint {"history": "ExplorerRun.0", "point": 15, "testname": "gmIdwl_gmid2_1", "cornername": "Nominal", "event": "NewPoint", "EventSource": "spectre", "HistoryName": "ExplorerRun.0", "logFile": "/home/dtvt_13/simulation/gmIdwl/gmid2/maestro/results/maestro/ExplorerRun.0/15/gmIdwl_gmid2_1/psf/spectre.out", "logFileSize": "-1"}
[2026-04-16 00:54:27.365 +0700] [PROCESS] [cadence.virtuoso.ade.simulationMonitor] - Simulator launched {"hostname": "dtvt_13", "processid": 32574, "history": "ExplorerRun.0", "testname": "gmIdwl_gmid2_1", "cornername": "Nominal", "point": 15, "logfile": "/home/dtvt_13/duyDUT/logs_dtvt_13/logs0/Job30.log", "simid": "15"}
[2026-04-16 00:54:27.366 +0700] [PROCESS] [cadence.virtuoso.ade.simulationMonitor] - Started Simulation {"hostname": "dtvt_13", "processid": 32574, "history": "ExplorerRun.0", "testname": "gmIdwl_gmid2_1", "cornername": "Nominal", "point": 15, "logfile": "/home/dtvt_13/duyDUT/logs_dtvt_13/logs0/Job30.log"}
[2026-04-16 00:54:49.238 +0700] [INFO] [cadence.virtuoso.ade.simulationMonitor] - Peak resident memory used = 86.1 Mbytes. {"history": "ExplorerRun.0", "point": 15, "testname": "gmIdwl_gmid2_1", "cornername": "Nominal"}
[2026-04-16 00:54:49.239 +0700] [INFO] [cadence.virtuoso.ade.simulationMonitor] - Peak resident memory used = 96.4 Mbytes. {"history": "ExplorerRun.0", "point": 15, "testname": "gmIdwl_gmid2_1", "cornername": "Nominal"}
[2026-04-16 00:54:49.239 +0700] [INFO] [cadence.virtuoso.ade.simulationMonitor] - Notice from spectre during hierarchy flattening.
    The value 'psf' specified for the 'checklimitdest' option will no longer be supported in future releases. Use 'spectre -h' to see other recommended values for the 'checklimitdest' option. {"history": "ExplorerRun.0", "point": 15, "testname": "gmIdwl_gmid2_1", "cornername": "Nominal"}
[2026-04-16 00:54:49.239 +0700] [INFO] [cadence.virtuoso.ade.simulationMonitor] - Peak resident memory used = 97.3 Mbytes. {"history": "ExplorerRun.0", "point": 15, "testname": "gmIdwl_gmid2_1", "cornername": "Nominal"}
[2026-04-16 00:54:49.240 +0700] [WARN] [cadence.virtuoso.ade.simulationMonitor] -     WARNING (SPECTRE-8061): `PM0': Does not have a terminal named `id'. {"history": "ExplorerRun.0", "point": 15, "testname": "gmIdwl_gmid2_1", "cornername": "Nominal"}
[2026-04-16 00:54:49.240 +0700] [WARN] [cadence.virtuoso.ade.simulationMonitor] -     WARNING (SPECTRE-8287): Ignoring invalid item `PM0:id' in save statement. {"history": "ExplorerRun.0", "point": 15, "testname": "gmIdwl_gmid2_1", "cornername": "Nominal"}
[2026-04-16 00:54:49.241 +0700] [WARN] [cadence.virtuoso.ade.simulationMonitor] -     WARNING (SPECTRE-8061): `PM0': Does not have a terminal named `gm'. {"history": "ExplorerRun.0", "point": 15, "testname": "gmIdwl_gmid2_1", "cornername": "Nominal"}
[2026-04-16 00:54:49.241 +0700] [WARN] [cadence.virtuoso.ade.simulationMonitor] -     WARNING (SPECTRE-8287): Ignoring invalid item `PM0:gm' in save statement. {"history": "ExplorerRun.0", "point": 15, "testname": "gmIdwl_gmid2_1", "cornername": "Nominal"}
[2026-04-16 00:54:49.242 +0700] [WARN] [cadence.virtuoso.ade.simulationMonitor] -     WARNING (SPECTRE-8061): `PM0': Does not have a terminal named `vgs'. {"history": "ExplorerRun.0", "point": 15, "testname": "gmIdwl_gmid2_1", "cornername": "Nominal"}
[2026-04-16 00:54:49.242 +0700] [WARN] [cadence.virtuoso.ade.simulationMonitor] -     WARNING (SPECTRE-8287): Ignoring invalid item `PM0:vgs' in save statement. {"history": "ExplorerRun.0", "point": 15, "testname": "gmIdwl_gmid2_1", "cornername": "Nominal"}
[2026-04-16 00:54:49.242 +0700] [WARN] [cadence.virtuoso.ade.simulationMonitor] -     WARNING (SPECTRE-8061): `PM0': Does not have a terminal named `vth'. {"history": "ExplorerRun.0", "point": 15, "testname": "gmIdwl_gmid2_1", "cornername": "Nominal"}
[2026-04-16 00:54:49.243 +0700] [WARN] [cadence.virtuoso.ade.simulationMonitor] -     WARNING (SPECTRE-8287): Ignoring invalid item `PM0:vth' in save statement. {"history": "ExplorerRun.0", "point": 15, "testname": "gmIdwl_gmid2_1", "cornername": "Nominal"}
[2026-04-16 00:54:49.243 +0700] [INFO] [cadence.virtuoso.ade.simulationMonitor] - Notice from spectre during initial setup.
    Multithreading is disabled due to the size of the design being too small. {"history": "ExplorerRun.0", "point": 15, "testname": "gmIdwl_gmid2_1", "cornername": "Nominal"}
[2026-04-16 00:54:49.244 +0700] [INFO] [cadence.virtuoso.ade.simulationMonitor] -               nodes 3 {"history": "ExplorerRun.0", "point": 15, "testname": "gmIdwl_gmid2_1", "cornername": "Nominal"}
[2026-04-16 00:54:49.244 +0700] [INFO] [cadence.virtuoso.ade.simulationMonitor] - Notice from spectre during initial setup.
    APS enabled. {"history": "ExplorerRun.0", "point": 15, "testname": "gmIdwl_gmid2_1", "cornername": "Nominal"}
[2026-04-16 00:54:49.244 +0700] [INFO] [cadence.virtuoso.ade.simulationMonitor] - Peak resident memory used = 98.8 Mbytes. {"history": "ExplorerRun.0", "point": 15, "testname": "gmIdwl_gmid2_1", "cornername": "Nominal"}
[2026-04-16 00:54:49.244 +0700] [INFO] [cadence.virtuoso.ade.simulationMonitor] -    -   (APS) Multi-threading. The recommended number of threads is 1, consider adding +mt=1 on command line. {"history": "ExplorerRun.0", "point": 15, "testname": "gmIdwl_gmid2_1", "cornername": "Nominal"}
[2026-04-16 00:54:49.244 +0700] [INFO] [cadence.virtuoso.ade.simulationMonitor] - Total time required for dc analysis `dcOp': CPU = 1.309 ms, elapsed = 2.21801 ms. {"history": "ExplorerRun.0", "point": 15, "testname": "gmIdwl_gmid2_1", "cornername": "Nominal"}
[2026-04-16 00:54:49.245 +0700] [INFO] [cadence.virtuoso.ade.simulationMonitor] - Peak resident memory used = 100 Mbytes. {"history": "ExplorerRun.0", "point": 15, "testname": "gmIdwl_gmid2_1", "cornername": "Nominal"}
[2026-04-16 00:54:49.245 +0700] [INFO] [cadence.virtuoso.ade.simulationMonitor] - Notice from spectre at vsg = 934e-03 during DC analysis `dc'.
    The value of parameter 'vsg' has been reset to the original value 0.6. {"history": "ExplorerRun.0", "point": 15, "testname": "gmIdwl_gmid2_1", "cornername": "Nominal"}
[2026-04-16 00:54:49.245 +0700] [INFO] [cadence.virtuoso.ade.simulationMonitor] - Total time required for dc analysis `dc': CPU = 218.966 ms, elapsed = 219.916 ms. {"history": "ExplorerRun.0", "point": 15, "testname": "gmIdwl_gmid2_1", "cornername": "Nominal"}
[2026-04-16 00:54:49.245 +0700] [INFO] [cadence.virtuoso.ade.simulationMonitor] - Peak resident memory used = 102 Mbytes. {"history": "ExplorerRun.0", "point": 15, "testname": "gmIdwl_gmid2_1", "cornername": "Nominal"}
[2026-04-16 00:54:49.245 +0700] [INFO] [cadence.virtuoso.ade.simulationMonitor] - Time used: CPU = 723 ms, elapsed = 21.5 s, util. = 3.36%. {"history": "ExplorerRun.0", "point": 15, "testname": "gmIdwl_gmid2_1", "cornername": "Nominal"}
[2026-04-16 00:54:49.246 +0700] [INFO] [cadence.virtuoso.ade.simulationMonitor] - Time spent in licensing: elapsed = 20.3 s, percentage of total = 94.4%. {"history": "ExplorerRun.0", "point": 15, "testname": "gmIdwl_gmid2_1", "cornername": "Nominal"}
[2026-04-16 00:54:49.246 +0700] [INFO] [cadence.virtuoso.ade.simulationMonitor] - Peak memory used = 110 Mbytes. {"history": "ExplorerRun.0", "point": 15, "testname": "gmIdwl_gmid2_1", "cornername": "Nominal"}
[2026-04-16 00:54:49.246 +0700] [PROCESS] [cadence.virtuoso.ade.simulationMonitor] - Simulation started at: 12:54:27 AM, Thur Apr 16, 2026, ended at: 12:54:49 AM, Thur Apr 16, 2026, with elapsed time (wall clock): 21.5 s. {"history": "ExplorerRun.0", "point": 15, "testname": "gmIdwl_gmid2_1", "cornername": "Nominal"}
[2026-04-16 00:54:49.246 +0700] [PROCESS] [cadence.virtuoso.ade.simulationMonitor] - spectre completes with 0 errors, 8 warnings, and 5 notices. {"history": "ExplorerRun.0", "point": 15, "testname": "gmIdwl_gmid2_1", "cornername": "Nominal"}
[2026-04-16 00:54:49.748 +0700] [PROCESS] [cadence.virtuoso.ade.simulationMonitor] - Finished simulating for one point {"hostname": "dtvt_13", "processid": 32574, "history": "ExplorerRun.0", "testname": "gmIdwl_gmid2_1", "cornername": "Nominal", "point": 15, "logfile": "/home/dtvt_13/duyDUT/logs_dtvt_13/logs0/Job30.log", "simid": "15"}
[2026-04-16 00:54:49.749 +0700] [PROCESS] [cadence.virtuoso.ade.simulationMonitor] - Simulator exited {"hostname": "dtvt_13", "processid": 32574, "history": "ExplorerRun.0", "testname": "gmIdwl_gmid2_1", "cornername": "Nominal", "point": 15, "logfile": "/home/dtvt_13/duyDUT/logs_dtvt_13/logs0/Job30.log", "exitStatus": "0"}
[2026-04-16 00:54:49.749 +0700] [PROCESS] [cadence.virtuoso.ade.simulationMonitor] - Finished Simulation {"hostname": "dtvt_13", "processid": 32574, "history": "ExplorerRun.0", "testname": "gmIdwl_gmid2_1", "cornername": "Nominal", "point": 15, "logfile": "/home/dtvt_13/duyDUT/logs_dtvt_13/logs0/Job30.log", "simid": "15"}
[2026-04-16 00:54:50.765 +0700] [PROCESS] [cadence.virtuoso.ade.simulationMonitor] - Point Finished {"hostname": "dtvt_13", "processid": 32574, "history": "ExplorerRun.0", "testname": "gmIdwl_gmid2_1", "cornername": "Nominal", "point": 15, "logfile": "/home/dtvt_13/duyDUT/logs_dtvt_13/logs0/Job30.log"}
[2026-04-16 00:54:50.773 +0700] [PROCESS] [cadence.virtuoso.ade.simulationMonitor] - HostInfo:
Host name (type):	dtvt_13 (x86_64)
Operating system:	Linux 3.10.0-1160.118.1.el7.x86_64 #1 SMP Wed Apr 24 16:01:50 UTC 2024 {"hostname": "dtvt_13", "processid": 32574, "history": "ExplorerRun.0", "testname": "gmIdwl_gmid2_1", "cornername": "Nominal", "point": 15, "logfile": "/home/dtvt_13/duyDUT/logs_dtvt_13/logs0/Job30.log", "nodename": "dtvt_13", "domainname": "(none)", "machine": "x86_64", "sysname": "Linux", "release": "3.10.0-1160.118.1.el7.x86_64", "version": "#1 SMP Wed Apr 24 16:01:50 UTC 2024"}
[2026-04-16 00:54:50.773 +0700] [PROCESS] [cadence.virtuoso.ade.simulationMonitor] - UsageInfo:
pid=32574
totalPhysicalMemory=15.208324GB,Used=14.962975GB,totalVirtualMemory=22.895821GB,Used=14.992271GB
Cpu: Cores=24, Load average:0.260000,0.370000,0.270000 {"hostname": "dtvt_13", "processid": 32574, "history": "ExplorerRun.0", "testname": "gmIdwl_gmid2_1", "cornername": "Nominal", "point": 15, "logfile": "/home/dtvt_13/duyDUT/logs_dtvt_13/logs0/Job30.log", "pid": "32574", "totalPhysicalMemory": "15.208324", "physicalMemoryUsed": "14.962975", "totalVirtualMemory": "22.895821", "virtualMemoryUsed": "14.992271", "cpuCores": "24", "processes": "2640", "loadAverage1": "0.260000", "loadAverage5": "0.370000", "loadAverage15": "0.270000", "loadAverage1Percent": "0.010833"}
[2026-04-16 00:54:50.774 +0700] [EVENT] [cadence.virtuoso.ade.simulationMonitor] - NewPoint {"history": "ExplorerRun.0", "point": 16, "testname": "gmIdwl_gmid2_1", "cornername": "Nominal", "event": "NewPoint", "EventSource": "Simulation Monitor", "HistoryName": "ExplorerRun.0", "logFile": "/home/dtvt_13/duyDUT/logs_dtvt_13/logs0/Job30.log", "logFileSize": "166722"}
[2026-04-16 00:54:50.884 +0700] [EVENT] [cadence.virtuoso.ade.simulationMonitor] - NewPoint {"history": "ExplorerRun.0", "point": 16, "testname": "gmIdwl_gmid2_1", "cornername": "Nominal", "event": "NewPoint", "EventSource": "spectre", "HistoryName": "ExplorerRun.0", "logFile": "/home/dtvt_13/simulation/gmIdwl/gmid2/maestro/results/maestro/ExplorerRun.0/16/gmIdwl_gmid2_1/psf/spectre.out", "logFileSize": "-1"}
[2026-04-16 00:54:50.892 +0700] [PROCESS] [cadence.virtuoso.ade.simulationMonitor] - Simulator launched {"hostname": "dtvt_13", "processid": 32574, "history": "ExplorerRun.0", "testname": "gmIdwl_gmid2_1", "cornername": "Nominal", "point": 16, "logfile": "/home/dtvt_13/duyDUT/logs_dtvt_13/logs0/Job30.log", "simid": "16"}
[2026-04-16 00:54:50.893 +0700] [PROCESS] [cadence.virtuoso.ade.simulationMonitor] - Started Simulation {"hostname": "dtvt_13", "processid": 32574, "history": "ExplorerRun.0", "testname": "gmIdwl_gmid2_1", "cornername": "Nominal", "point": 16, "logfile": "/home/dtvt_13/duyDUT/logs_dtvt_13/logs0/Job30.log"}
[2026-04-16 00:55:12.300 +0700] [INFO] [cadence.virtuoso.ade.simulationMonitor] - Peak resident memory used = 86.1 Mbytes. {"history": "ExplorerRun.0", "point": 16, "testname": "gmIdwl_gmid2_1", "cornername": "Nominal"}
[2026-04-16 00:55:12.801 +0700] [INFO] [cadence.virtuoso.ade.simulationMonitor] - Peak resident memory used = 96.4 Mbytes. {"history": "ExplorerRun.0", "point": 16, "testname": "gmIdwl_gmid2_1", "cornername": "Nominal"}
[2026-04-16 00:55:12.801 +0700] [INFO] [cadence.virtuoso.ade.simulationMonitor] - Notice from spectre during hierarchy flattening.
    The value 'psf' specified for the 'checklimitdest' option will no longer be supported in future releases. Use 'spectre -h' to see other recommended values for the 'checklimitdest' option. {"history": "ExplorerRun.0", "point": 16, "testname": "gmIdwl_gmid2_1", "cornername": "Nominal"}
[2026-04-16 00:55:12.801 +0700] [INFO] [cadence.virtuoso.ade.simulationMonitor] - Peak resident memory used = 97.3 Mbytes. {"history": "ExplorerRun.0", "point": 16, "testname": "gmIdwl_gmid2_1", "cornername": "Nominal"}
[2026-04-16 00:55:12.801 +0700] [WARN] [cadence.virtuoso.ade.simulationMonitor] -     WARNING (SPECTRE-8061): `PM0': Does not have a terminal named `id'. {"history": "ExplorerRun.0", "point": 16, "testname": "gmIdwl_gmid2_1", "cornername": "Nominal"}
[2026-04-16 00:55:12.801 +0700] [WARN] [cadence.virtuoso.ade.simulationMonitor] -     WARNING (SPECTRE-8287): Ignoring invalid item `PM0:id' in save statement. {"history": "ExplorerRun.0", "point": 16, "testname": "gmIdwl_gmid2_1", "cornername": "Nominal"}
[2026-04-16 00:55:12.802 +0700] [WARN] [cadence.virtuoso.ade.simulationMonitor] -     WARNING (SPECTRE-8061): `PM0': Does not have a terminal named `gm'. {"history": "ExplorerRun.0", "point": 16, "testname": "gmIdwl_gmid2_1", "cornername": "Nominal"}
[2026-04-16 00:55:12.802 +0700] [WARN] [cadence.virtuoso.ade.simulationMonitor] -     WARNING (SPECTRE-8287): Ignoring invalid item `PM0:gm' in save statement. {"history": "ExplorerRun.0", "point": 16, "testname": "gmIdwl_gmid2_1", "cornername": "Nominal"}
[2026-04-16 00:55:12.802 +0700] [WARN] [cadence.virtuoso.ade.simulationMonitor] -     WARNING (SPECTRE-8061): `PM0': Does not have a terminal named `vgs'. {"history": "ExplorerRun.0", "point": 16, "testname": "gmIdwl_gmid2_1", "cornername": "Nominal"}
[2026-04-16 00:55:12.802 +0700] [WARN] [cadence.virtuoso.ade.simulationMonitor] -     WARNING (SPECTRE-8287): Ignoring invalid item `PM0:vgs' in save statement. {"history": "ExplorerRun.0", "point": 16, "testname": "gmIdwl_gmid2_1", "cornername": "Nominal"}
[2026-04-16 00:55:12.802 +0700] [WARN] [cadence.virtuoso.ade.simulationMonitor] -     WARNING (SPECTRE-8061): `PM0': Does not have a terminal named `vth'. {"history": "ExplorerRun.0", "point": 16, "testname": "gmIdwl_gmid2_1", "cornername": "Nominal"}
[2026-04-16 00:55:12.802 +0700] [WARN] [cadence.virtuoso.ade.simulationMonitor] -     WARNING (SPECTRE-8287): Ignoring invalid item `PM0:vth' in save statement. {"history": "ExplorerRun.0", "point": 16, "testname": "gmIdwl_gmid2_1", "cornername": "Nominal"}
[2026-04-16 00:55:12.802 +0700] [INFO] [cadence.virtuoso.ade.simulationMonitor] - Notice from spectre during initial setup.
    Multithreading is disabled due to the size of the design being too small. {"history": "ExplorerRun.0", "point": 16, "testname": "gmIdwl_gmid2_1", "cornername": "Nominal"}
[2026-04-16 00:55:12.802 +0700] [INFO] [cadence.virtuoso.ade.simulationMonitor] -               nodes 3 {"history": "ExplorerRun.0", "point": 16, "testname": "gmIdwl_gmid2_1", "cornername": "Nominal"}
[2026-04-16 00:55:12.802 +0700] [INFO] [cadence.virtuoso.ade.simulationMonitor] - Notice from spectre during initial setup.
    APS enabled. {"history": "ExplorerRun.0", "point": 16, "testname": "gmIdwl_gmid2_1", "cornername": "Nominal"}
[2026-04-16 00:55:12.802 +0700] [INFO] [cadence.virtuoso.ade.simulationMonitor] - Peak resident memory used = 98.8 Mbytes. {"history": "ExplorerRun.0", "point": 16, "testname": "gmIdwl_gmid2_1", "cornername": "Nominal"}
[2026-04-16 00:55:12.802 +0700] [INFO] [cadence.virtuoso.ade.simulationMonitor] -    -   (APS) Multi-threading. The recommended number of threads is 1, consider adding +mt=1 on command line. {"history": "ExplorerRun.0", "point": 16, "testname": "gmIdwl_gmid2_1", "cornername": "Nominal"}
[2026-04-16 00:55:12.802 +0700] [INFO] [cadence.virtuoso.ade.simulationMonitor] - Total time required for dc analysis `dcOp': CPU = 1.987 ms, elapsed = 3.02196 ms. {"history": "ExplorerRun.0", "point": 16, "testname": "gmIdwl_gmid2_1", "cornername": "Nominal"}
[2026-04-16 00:55:12.802 +0700] [INFO] [cadence.virtuoso.ade.simulationMonitor] - Peak resident memory used = 100 Mbytes. {"history": "ExplorerRun.0", "point": 16, "testname": "gmIdwl_gmid2_1", "cornername": "Nominal"}
[2026-04-16 00:55:13.304 +0700] [PROCESS] [cadence.virtuoso.ade.simulationMonitor] - Finished simulating for one point {"hostname": "dtvt_13", "processid": 32574, "history": "ExplorerRun.0", "testname": "gmIdwl_gmid2_1", "cornername": "Nominal", "point": 16, "logfile": "/home/dtvt_13/duyDUT/logs_dtvt_13/logs0/Job30.log", "simid": "16"}
[2026-04-16 00:55:13.305 +0700] [INFO] [cadence.virtuoso.ade.simulationMonitor] - Notice from spectre at vsg = 934e-03 during DC analysis `dc'.
    The value of parameter 'vsg' has been reset to the original value 0.6. {"history": "ExplorerRun.0", "point": 16, "testname": "gmIdwl_gmid2_1", "cornername": "Nominal"}
[2026-04-16 00:55:13.305 +0700] [INFO] [cadence.virtuoso.ade.simulationMonitor] - Total time required for dc analysis `dc': CPU = 631.479 ms, elapsed = 632.586 ms. {"history": "ExplorerRun.0", "point": 16, "testname": "gmIdwl_gmid2_1", "cornername": "Nominal"}
[2026-04-16 00:55:13.305 +0700] [INFO] [cadence.virtuoso.ade.simulationMonitor] - Peak resident memory used = 102 Mbytes. {"history": "ExplorerRun.0", "point": 16, "testname": "gmIdwl_gmid2_1", "cornername": "Nominal"}
[2026-04-16 00:55:13.306 +0700] [INFO] [cadence.virtuoso.ade.simulationMonitor] - Time used: CPU = 1.06 s, elapsed = 21.7 s, util. = 4.91%. {"history": "ExplorerRun.0", "point": 16, "testname": "gmIdwl_gmid2_1", "cornername": "Nominal"}
[2026-04-16 00:55:13.306 +0700] [INFO] [cadence.virtuoso.ade.simulationMonitor] - Time spent in licensing: elapsed = 20.5 s, percentage of total = 94.6%. {"history": "ExplorerRun.0", "point": 16, "testname": "gmIdwl_gmid2_1", "cornername": "Nominal"}
[2026-04-16 00:55:13.307 +0700] [INFO] [cadence.virtuoso.ade.simulationMonitor] - Peak memory used = 110 Mbytes. {"history": "ExplorerRun.0", "point": 16, "testname": "gmIdwl_gmid2_1", "cornername": "Nominal"}
[2026-04-16 00:55:13.307 +0700] [PROCESS] [cadence.virtuoso.ade.simulationMonitor] - Simulation started at: 12:54:51 AM, Thur Apr 16, 2026, ended at: 12:55:12 AM, Thur Apr 16, 2026, with elapsed time (wall clock): 21.7 s. {"history": "ExplorerRun.0", "point": 16, "testname": "gmIdwl_gmid2_1", "cornername": "Nominal"}
[2026-04-16 00:55:13.307 +0700] [PROCESS] [cadence.virtuoso.ade.simulationMonitor] - spectre completes with 0 errors, 8 warnings, and 5 notices. {"history": "ExplorerRun.0", "point": 16, "testname": "gmIdwl_gmid2_1", "cornername": "Nominal"}
[2026-04-16 00:55:13.308 +0700] [PROCESS] [cadence.virtuoso.ade.simulationMonitor] - Simulator exited {"hostname": "dtvt_13", "processid": 32574, "history": "ExplorerRun.0", "testname": "gmIdwl_gmid2_1", "cornername": "Nominal", "point": 16, "logfile": "/home/dtvt_13/duyDUT/logs_dtvt_13/logs0/Job30.log", "exitStatus": "0"}
[2026-04-16 00:55:13.308 +0700] [PROCESS] [cadence.virtuoso.ade.simulationMonitor] - Finished Simulation {"hostname": "dtvt_13", "processid": 32574, "history": "ExplorerRun.0", "testname": "gmIdwl_gmid2_1", "cornername": "Nominal", "point": 16, "logfile": "/home/dtvt_13/duyDUT/logs_dtvt_13/logs0/Job30.log", "simid": "16"}
[2026-04-16 00:55:13.823 +0700] [PROCESS] [cadence.virtuoso.ade.simulationMonitor] - Point Finished {"hostname": "dtvt_13", "processid": 32574, "history": "ExplorerRun.0", "testname": "gmIdwl_gmid2_1", "cornername": "Nominal", "point": 16, "logfile": "/home/dtvt_13/duyDUT/logs_dtvt_13/logs0/Job30.log"}
[2026-04-16 00:55:13.831 +0700] [PROCESS] [cadence.virtuoso.ade.simulationMonitor] - HostInfo:
Host name (type):	dtvt_13 (x86_64)
Operating system:	Linux 3.10.0-1160.118.1.el7.x86_64 #1 SMP Wed Apr 24 16:01:50 UTC 2024 {"hostname": "dtvt_13", "processid": 32574, "history": "ExplorerRun.0", "testname": "gmIdwl_gmid2_1", "cornername": "Nominal", "point": 16, "logfile": "/home/dtvt_13/duyDUT/logs_dtvt_13/logs0/Job30.log", "nodename": "dtvt_13", "domainname": "(none)", "machine": "x86_64", "sysname": "Linux", "release": "3.10.0-1160.118.1.el7.x86_64", "version": "#1 SMP Wed Apr 24 16:01:50 UTC 2024"}
[2026-04-16 00:55:13.832 +0700] [PROCESS] [cadence.virtuoso.ade.simulationMonitor] - UsageInfo:
pid=32574
totalPhysicalMemory=15.208324GB,Used=14.967278GB,totalVirtualMemory=22.895821GB,Used=14.996574GB
Cpu: Cores=24, Load average:0.250000,0.360000,0.270000 {"hostname": "dtvt_13", "processid": 32574, "history": "ExplorerRun.0", "testname": "gmIdwl_gmid2_1", "cornername": "Nominal", "point": 16, "logfile": "/home/dtvt_13/duyDUT/logs_dtvt_13/logs0/Job30.log", "pid": "32574", "totalPhysicalMemory": "15.208324", "physicalMemoryUsed": "14.967278", "totalVirtualMemory": "22.895821", "virtualMemoryUsed": "14.996574", "cpuCores": "24", "processes": "2632", "loadAverage1": "0.250000", "loadAverage5": "0.360000", "loadAverage15": "0.270000", "loadAverage1Percent": "0.010417"}
[2026-04-16 00:55:13.832 +0700] [EVENT] [cadence.virtuoso.ade.simulationMonitor] - NewPoint {"history": "ExplorerRun.0", "point": 17, "testname": "gmIdwl_gmid2_1", "cornername": "Nominal", "event": "NewPoint", "EventSource": "Simulation Monitor", "HistoryName": "ExplorerRun.0", "logFile": "/home/dtvt_13/duyDUT/logs_dtvt_13/logs0/Job30.log", "logFileSize": "177703"}
[2026-04-16 00:55:13.934 +0700] [EVENT] [cadence.virtuoso.ade.simulationMonitor] - NewPoint {"history": "ExplorerRun.0", "point": 17, "testname": "gmIdwl_gmid2_1", "cornername": "Nominal", "event": "NewPoint", "EventSource": "spectre", "HistoryName": "ExplorerRun.0", "logFile": "/home/dtvt_13/simulation/gmIdwl/gmid2/maestro/results/maestro/ExplorerRun.0/17/gmIdwl_gmid2_1/psf/spectre.out", "logFileSize": "-1"}
[2026-04-16 00:55:13.944 +0700] [PROCESS] [cadence.virtuoso.ade.simulationMonitor] - Simulator launched {"hostname": "dtvt_13", "processid": 32574, "history": "ExplorerRun.0", "testname": "gmIdwl_gmid2_1", "cornername": "Nominal", "point": 17, "logfile": "/home/dtvt_13/duyDUT/logs_dtvt_13/logs0/Job30.log", "simid": "17"}
[2026-04-16 00:55:13.945 +0700] [PROCESS] [cadence.virtuoso.ade.simulationMonitor] - Started Simulation {"hostname": "dtvt_13", "processid": 32574, "history": "ExplorerRun.0", "testname": "gmIdwl_gmid2_1", "cornername": "Nominal", "point": 17, "logfile": "/home/dtvt_13/duyDUT/logs_dtvt_13/logs0/Job30.log"}
[2026-04-16 00:55:35.327 +0700] [INFO] [cadence.virtuoso.ade.simulationMonitor] - Peak resident memory used = 86.1 Mbytes. {"history": "ExplorerRun.0", "point": 17, "testname": "gmIdwl_gmid2_1", "cornername": "Nominal"}
[2026-04-16 00:55:35.328 +0700] [INFO] [cadence.virtuoso.ade.simulationMonitor] - Peak resident memory used = 96.4 Mbytes. {"history": "ExplorerRun.0", "point": 17, "testname": "gmIdwl_gmid2_1", "cornername": "Nominal"}
[2026-04-16 00:55:35.328 +0700] [INFO] [cadence.virtuoso.ade.simulationMonitor] - Notice from spectre during hierarchy flattening.
    The value 'psf' specified for the 'checklimitdest' option will no longer be supported in future releases. Use 'spectre -h' to see other recommended values for the 'checklimitdest' option. {"history": "ExplorerRun.0", "point": 17, "testname": "gmIdwl_gmid2_1", "cornername": "Nominal"}
[2026-04-16 00:55:35.328 +0700] [INFO] [cadence.virtuoso.ade.simulationMonitor] - Peak resident memory used = 97.3 Mbytes. {"history": "ExplorerRun.0", "point": 17, "testname": "gmIdwl_gmid2_1", "cornername": "Nominal"}
[2026-04-16 00:55:35.328 +0700] [WARN] [cadence.virtuoso.ade.simulationMonitor] -     WARNING (SPECTRE-8061): `PM0': Does not have a terminal named `id'. {"history": "ExplorerRun.0", "point": 17, "testname": "gmIdwl_gmid2_1", "cornername": "Nominal"}
[2026-04-16 00:55:35.328 +0700] [WARN] [cadence.virtuoso.ade.simulationMonitor] -     WARNING (SPECTRE-8287): Ignoring invalid item `PM0:id' in save statement. {"history": "ExplorerRun.0", "point": 17, "testname": "gmIdwl_gmid2_1", "cornername": "Nominal"}
[2026-04-16 00:55:35.328 +0700] [WARN] [cadence.virtuoso.ade.simulationMonitor] -     WARNING (SPECTRE-8061): `PM0': Does not have a terminal named `gm'. {"history": "ExplorerRun.0", "point": 17, "testname": "gmIdwl_gmid2_1", "cornername": "Nominal"}
[2026-04-16 00:55:35.328 +0700] [WARN] [cadence.virtuoso.ade.simulationMonitor] -     WARNING (SPECTRE-8287): Ignoring invalid item `PM0:gm' in save statement. {"history": "ExplorerRun.0", "point": 17, "testname": "gmIdwl_gmid2_1", "cornername": "Nominal"}
[2026-04-16 00:55:35.329 +0700] [WARN] [cadence.virtuoso.ade.simulationMonitor] -     WARNING (SPECTRE-8061): `PM0': Does not have a terminal named `vgs'. {"history": "ExplorerRun.0", "point": 17, "testname": "gmIdwl_gmid2_1", "cornername": "Nominal"}
[2026-04-16 00:55:35.329 +0700] [WARN] [cadence.virtuoso.ade.simulationMonitor] -     WARNING (SPECTRE-8287): Ignoring invalid item `PM0:vgs' in save statement. {"history": "ExplorerRun.0", "point": 17, "testname": "gmIdwl_gmid2_1", "cornername": "Nominal"}
[2026-04-16 00:55:35.329 +0700] [WARN] [cadence.virtuoso.ade.simulationMonitor] -     WARNING (SPECTRE-8061): `PM0': Does not have a terminal named `vth'. {"history": "ExplorerRun.0", "point": 17, "testname": "gmIdwl_gmid2_1", "cornername": "Nominal"}
[2026-04-16 00:55:35.329 +0700] [WARN] [cadence.virtuoso.ade.simulationMonitor] -     WARNING (SPECTRE-8287): Ignoring invalid item `PM0:vth' in save statement. {"history": "ExplorerRun.0", "point": 17, "testname": "gmIdwl_gmid2_1", "cornername": "Nominal"}
[2026-04-16 00:55:35.329 +0700] [INFO] [cadence.virtuoso.ade.simulationMonitor] - Notice from spectre during initial setup.
    Multithreading is disabled due to the size of the design being too small. {"history": "ExplorerRun.0", "point": 17, "testname": "gmIdwl_gmid2_1", "cornername": "Nominal"}
[2026-04-16 00:55:35.329 +0700] [INFO] [cadence.virtuoso.ade.simulationMonitor] -               nodes 3 {"history": "ExplorerRun.0", "point": 17, "testname": "gmIdwl_gmid2_1", "cornername": "Nominal"}
[2026-04-16 00:55:35.329 +0700] [INFO] [cadence.virtuoso.ade.simulationMonitor] - Notice from spectre during initial setup.
    APS enabled. {"history": "ExplorerRun.0", "point": 17, "testname": "gmIdwl_gmid2_1", "cornername": "Nominal"}
[2026-04-16 00:55:35.329 +0700] [INFO] [cadence.virtuoso.ade.simulationMonitor] - Peak resident memory used = 98.8 Mbytes. {"history": "ExplorerRun.0", "point": 17, "testname": "gmIdwl_gmid2_1", "cornername": "Nominal"}
[2026-04-16 00:55:35.329 +0700] [INFO] [cadence.virtuoso.ade.simulationMonitor] -    -   (APS) Multi-threading. The recommended number of threads is 1, consider adding +mt=1 on command line. {"history": "ExplorerRun.0", "point": 17, "testname": "gmIdwl_gmid2_1", "cornername": "Nominal"}
[2026-04-16 00:55:35.329 +0700] [INFO] [cadence.virtuoso.ade.simulationMonitor] - Total time required for dc analysis `dcOp': CPU = 1.909 ms, elapsed = 3.00813 ms. {"history": "ExplorerRun.0", "point": 17, "testname": "gmIdwl_gmid2_1", "cornername": "Nominal"}
[2026-04-16 00:55:35.329 +0700] [INFO] [cadence.virtuoso.ade.simulationMonitor] - Peak resident memory used = 100 Mbytes. {"history": "ExplorerRun.0", "point": 17, "testname": "gmIdwl_gmid2_1", "cornername": "Nominal"}
[2026-04-16 00:55:35.830 +0700] [PROCESS] [cadence.virtuoso.ade.simulationMonitor] - Finished simulating for one point {"hostname": "dtvt_13", "processid": 32574, "history": "ExplorerRun.0", "testname": "gmIdwl_gmid2_1", "cornername": "Nominal", "point": 17, "logfile": "/home/dtvt_13/duyDUT/logs_dtvt_13/logs0/Job30.log", "simid": "17"}
[2026-04-16 00:55:35.831 +0700] [INFO] [cadence.virtuoso.ade.simulationMonitor] - Notice from spectre at vsg = 934e-03 during DC analysis `dc'.
    The value of parameter 'vsg' has been reset to the original value 0.6. {"history": "ExplorerRun.0", "point": 17, "testname": "gmIdwl_gmid2_1", "cornername": "Nominal"}
[2026-04-16 00:55:35.832 +0700] [INFO] [cadence.virtuoso.ade.simulationMonitor] - Total time required for dc analysis `dc': CPU = 223.74 ms, elapsed = 224.843 ms. {"history": "ExplorerRun.0", "point": 17, "testname": "gmIdwl_gmid2_1", "cornername": "Nominal"}
[2026-04-16 00:55:35.832 +0700] [INFO] [cadence.virtuoso.ade.simulationMonitor] - Peak resident memory used = 102 Mbytes. {"history": "ExplorerRun.0", "point": 17, "testname": "gmIdwl_gmid2_1", "cornername": "Nominal"}
[2026-04-16 00:55:35.832 +0700] [INFO] [cadence.virtuoso.ade.simulationMonitor] - Time used: CPU = 633 ms, elapsed = 21.2 s, util. = 2.99%. {"history": "ExplorerRun.0", "point": 17, "testname": "gmIdwl_gmid2_1", "cornername": "Nominal"}
[2026-04-16 00:55:35.833 +0700] [INFO] [cadence.virtuoso.ade.simulationMonitor] - Time spent in licensing: elapsed = 20.6 s, percentage of total = 97.1%. {"history": "ExplorerRun.0", "point": 17, "testname": "gmIdwl_gmid2_1", "cornername": "Nominal"}
[2026-04-16 00:55:35.833 +0700] [INFO] [cadence.virtuoso.ade.simulationMonitor] - Peak memory used = 110 Mbytes. {"history": "ExplorerRun.0", "point": 17, "testname": "gmIdwl_gmid2_1", "cornername": "Nominal"}
[2026-04-16 00:55:35.834 +0700] [PROCESS] [cadence.virtuoso.ade.simulationMonitor] - Simulation started at: 12:55:14 AM, Thur Apr 16, 2026, ended at: 12:55:35 AM, Thur Apr 16, 2026, with elapsed time (wall clock): 21.2 s. {"history": "ExplorerRun.0", "point": 17, "testname": "gmIdwl_gmid2_1", "cornername": "Nominal"}
[2026-04-16 00:55:35.834 +0700] [PROCESS] [cadence.virtuoso.ade.simulationMonitor] - spectre completes with 0 errors, 8 warnings, and 5 notices. {"history": "ExplorerRun.0", "point": 17, "testname": "gmIdwl_gmid2_1", "cornername": "Nominal"}
[2026-04-16 00:55:35.834 +0700] [PROCESS] [cadence.virtuoso.ade.simulationMonitor] - Simulator exited {"hostname": "dtvt_13", "processid": 32574, "history": "ExplorerRun.0", "testname": "gmIdwl_gmid2_1", "cornername": "Nominal", "point": 17, "logfile": "/home/dtvt_13/duyDUT/logs_dtvt_13/logs0/Job30.log", "exitStatus": "0"}
[2026-04-16 00:55:35.835 +0700] [PROCESS] [cadence.virtuoso.ade.simulationMonitor] - Finished Simulation {"hostname": "dtvt_13", "processid": 32574, "history": "ExplorerRun.0", "testname": "gmIdwl_gmid2_1", "cornername": "Nominal", "point": 17, "logfile": "/home/dtvt_13/duyDUT/logs_dtvt_13/logs0/Job30.log", "simid": "17"}
[2026-04-16 00:55:36.351 +0700] [PROCESS] [cadence.virtuoso.ade.simulationMonitor] - Point Finished {"hostname": "dtvt_13", "processid": 32574, "history": "ExplorerRun.0", "testname": "gmIdwl_gmid2_1", "cornername": "Nominal", "point": 17, "logfile": "/home/dtvt_13/duyDUT/logs_dtvt_13/logs0/Job30.log"}
[2026-04-16 00:55:36.358 +0700] [PROCESS] [cadence.virtuoso.ade.simulationMonitor] - HostInfo:
Host name (type):	dtvt_13 (x86_64)
Operating system:	Linux 3.10.0-1160.118.1.el7.x86_64 #1 SMP Wed Apr 24 16:01:50 UTC 2024 {"hostname": "dtvt_13", "processid": 32574, "history": "ExplorerRun.0", "testname": "gmIdwl_gmid2_1", "cornername": "Nominal", "point": 17, "logfile": "/home/dtvt_13/duyDUT/logs_dtvt_13/logs0/Job30.log", "nodename": "dtvt_13", "domainname": "(none)", "machine": "x86_64", "sysname": "Linux", "release": "3.10.0-1160.118.1.el7.x86_64", "version": "#1 SMP Wed Apr 24 16:01:50 UTC 2024"}
[2026-04-16 00:55:36.358 +0700] [PROCESS] [cadence.virtuoso.ade.simulationMonitor] - UsageInfo:
pid=32574
totalPhysicalMemory=15.208324GB,Used=14.969711GB,totalVirtualMemory=22.895821GB,Used=14.999008GB
Cpu: Cores=24, Load average:0.180000,0.340000,0.260000 {"hostname": "dtvt_13", "processid": 32574, "history": "ExplorerRun.0", "testname": "gmIdwl_gmid2_1", "cornername": "Nominal", "point": 17, "logfile": "/home/dtvt_13/duyDUT/logs_dtvt_13/logs0/Job30.log", "pid": "32574", "totalPhysicalMemory": "15.208324", "physicalMemoryUsed": "14.969711", "totalVirtualMemory": "22.895821", "virtualMemoryUsed": "14.999008", "cpuCores": "24", "processes": "2633", "loadAverage1": "0.180000", "loadAverage5": "0.340000", "loadAverage15": "0.260000", "loadAverage1Percent": "0.007500"}
[2026-04-16 00:55:36.359 +0700] [EVENT] [cadence.virtuoso.ade.simulationMonitor] - NewPoint {"history": "ExplorerRun.0", "point": 18, "testname": "gmIdwl_gmid2_1", "cornername": "Nominal", "event": "NewPoint", "EventSource": "Simulation Monitor", "HistoryName": "ExplorerRun.0", "logFile": "/home/dtvt_13/duyDUT/logs_dtvt_13/logs0/Job30.log", "logFileSize": "188683"}
[2026-04-16 00:55:36.465 +0700] [EVENT] [cadence.virtuoso.ade.simulationMonitor] - NewPoint {"history": "ExplorerRun.0", "point": 18, "testname": "gmIdwl_gmid2_1", "cornername": "Nominal", "event": "NewPoint", "EventSource": "spectre", "HistoryName": "ExplorerRun.0", "logFile": "/home/dtvt_13/simulation/gmIdwl/gmid2/maestro/results/maestro/ExplorerRun.0/18/gmIdwl_gmid2_1/psf/spectre.out", "logFileSize": "-1"}
[2026-04-16 00:55:36.475 +0700] [PROCESS] [cadence.virtuoso.ade.simulationMonitor] - Simulator launched {"hostname": "dtvt_13", "processid": 32574, "history": "ExplorerRun.0", "testname": "gmIdwl_gmid2_1", "cornername": "Nominal", "point": 18, "logfile": "/home/dtvt_13/duyDUT/logs_dtvt_13/logs0/Job30.log", "simid": "18"}
[2026-04-16 00:55:36.476 +0700] [PROCESS] [cadence.virtuoso.ade.simulationMonitor] - Started Simulation {"hostname": "dtvt_13", "processid": 32574, "history": "ExplorerRun.0", "testname": "gmIdwl_gmid2_1", "cornername": "Nominal", "point": 18, "logfile": "/home/dtvt_13/duyDUT/logs_dtvt_13/logs0/Job30.log"}
[2026-04-16 00:55:57.313 +0700] [INFO] [cadence.virtuoso.ade.simulationMonitor] - Peak resident memory used = 86.1 Mbytes. {"history": "ExplorerRun.0", "point": 18, "testname": "gmIdwl_gmid2_1", "cornername": "Nominal"}
[2026-04-16 00:55:57.313 +0700] [INFO] [cadence.virtuoso.ade.simulationMonitor] - Peak resident memory used = 96.4 Mbytes. {"history": "ExplorerRun.0", "point": 18, "testname": "gmIdwl_gmid2_1", "cornername": "Nominal"}
[2026-04-16 00:55:57.313 +0700] [INFO] [cadence.virtuoso.ade.simulationMonitor] - Notice from spectre during hierarchy flattening.
    The value 'psf' specified for the 'checklimitdest' option will no longer be supported in future releases. Use 'spectre -h' to see other recommended values for the 'checklimitdest' option. {"history": "ExplorerRun.0", "point": 18, "testname": "gmIdwl_gmid2_1", "cornername": "Nominal"}
[2026-04-16 00:55:57.314 +0700] [INFO] [cadence.virtuoso.ade.simulationMonitor] - Peak resident memory used = 97.3 Mbytes. {"history": "ExplorerRun.0", "point": 18, "testname": "gmIdwl_gmid2_1", "cornername": "Nominal"}
[2026-04-16 00:55:57.314 +0700] [WARN] [cadence.virtuoso.ade.simulationMonitor] -     WARNING (SPECTRE-8061): `PM0': Does not have a terminal named `id'. {"history": "ExplorerRun.0", "point": 18, "testname": "gmIdwl_gmid2_1", "cornername": "Nominal"}
[2026-04-16 00:55:57.314 +0700] [WARN] [cadence.virtuoso.ade.simulationMonitor] -     WARNING (SPECTRE-8287): Ignoring invalid item `PM0:id' in save statement. {"history": "ExplorerRun.0", "point": 18, "testname": "gmIdwl_gmid2_1", "cornername": "Nominal"}
[2026-04-16 00:55:57.314 +0700] [WARN] [cadence.virtuoso.ade.simulationMonitor] -     WARNING (SPECTRE-8061): `PM0': Does not have a terminal named `gm'. {"history": "ExplorerRun.0", "point": 18, "testname": "gmIdwl_gmid2_1", "cornername": "Nominal"}
[2026-04-16 00:55:57.314 +0700] [WARN] [cadence.virtuoso.ade.simulationMonitor] -     WARNING (SPECTRE-8287): Ignoring invalid item `PM0:gm' in save statement. {"history": "ExplorerRun.0", "point": 18, "testname": "gmIdwl_gmid2_1", "cornername": "Nominal"}
[2026-04-16 00:55:57.314 +0700] [WARN] [cadence.virtuoso.ade.simulationMonitor] -     WARNING (SPECTRE-8061): `PM0': Does not have a terminal named `vgs'. {"history": "ExplorerRun.0", "point": 18, "testname": "gmIdwl_gmid2_1", "cornername": "Nominal"}
[2026-04-16 00:55:57.315 +0700] [WARN] [cadence.virtuoso.ade.simulationMonitor] -     WARNING (SPECTRE-8287): Ignoring invalid item `PM0:vgs' in save statement. {"history": "ExplorerRun.0", "point": 18, "testname": "gmIdwl_gmid2_1", "cornername": "Nominal"}
[2026-04-16 00:55:57.315 +0700] [WARN] [cadence.virtuoso.ade.simulationMonitor] -     WARNING (SPECTRE-8061): `PM0': Does not have a terminal named `vth'. {"history": "ExplorerRun.0", "point": 18, "testname": "gmIdwl_gmid2_1", "cornername": "Nominal"}
[2026-04-16 00:55:57.315 +0700] [WARN] [cadence.virtuoso.ade.simulationMonitor] -     WARNING (SPECTRE-8287): Ignoring invalid item `PM0:vth' in save statement. {"history": "ExplorerRun.0", "point": 18, "testname": "gmIdwl_gmid2_1", "cornername": "Nominal"}
[2026-04-16 00:55:57.315 +0700] [INFO] [cadence.virtuoso.ade.simulationMonitor] - Notice from spectre during initial setup.
    Multithreading is disabled due to the size of the design being too small. {"history": "ExplorerRun.0", "point": 18, "testname": "gmIdwl_gmid2_1", "cornername": "Nominal"}
[2026-04-16 00:55:57.315 +0700] [INFO] [cadence.virtuoso.ade.simulationMonitor] -               nodes 3 {"history": "ExplorerRun.0", "point": 18, "testname": "gmIdwl_gmid2_1", "cornername": "Nominal"}
[2026-04-16 00:55:57.315 +0700] [INFO] [cadence.virtuoso.ade.simulationMonitor] - Notice from spectre during initial setup.
    APS enabled. {"history": "ExplorerRun.0", "point": 18, "testname": "gmIdwl_gmid2_1", "cornername": "Nominal"}
[2026-04-16 00:55:57.315 +0700] [INFO] [cadence.virtuoso.ade.simulationMonitor] - Peak resident memory used = 98.8 Mbytes. {"history": "ExplorerRun.0", "point": 18, "testname": "gmIdwl_gmid2_1", "cornername": "Nominal"}
[2026-04-16 00:55:57.315 +0700] [INFO] [cadence.virtuoso.ade.simulationMonitor] -    -   (APS) Multi-threading. The recommended number of threads is 1, consider adding +mt=1 on command line. {"history": "ExplorerRun.0", "point": 18, "testname": "gmIdwl_gmid2_1", "cornername": "Nominal"}
[2026-04-16 00:55:57.315 +0700] [INFO] [cadence.virtuoso.ade.simulationMonitor] - Total time required for dc analysis `dcOp': CPU = 1.695 ms, elapsed = 2.88606 ms. {"history": "ExplorerRun.0", "point": 18, "testname": "gmIdwl_gmid2_1", "cornername": "Nominal"}
[2026-04-16 00:55:57.315 +0700] [INFO] [cadence.virtuoso.ade.simulationMonitor] - Peak resident memory used = 100 Mbytes. {"history": "ExplorerRun.0", "point": 18, "testname": "gmIdwl_gmid2_1", "cornername": "Nominal"}
[2026-04-16 00:55:58.316 +0700] [PROCESS] [cadence.virtuoso.ade.simulationMonitor] - Finished simulating for one point {"hostname": "dtvt_13", "processid": 32574, "history": "ExplorerRun.0", "testname": "gmIdwl_gmid2_1", "cornername": "Nominal", "point": 18, "logfile": "/home/dtvt_13/duyDUT/logs_dtvt_13/logs0/Job30.log", "simid": "18"}
[2026-04-16 00:55:58.317 +0700] [INFO] [cadence.virtuoso.ade.simulationMonitor] - Notice from spectre at vsg = 934e-03 during DC analysis `dc'.
    The value of parameter 'vsg' has been reset to the original value 0.6. {"history": "ExplorerRun.0", "point": 18, "testname": "gmIdwl_gmid2_1", "cornername": "Nominal"}
[2026-04-16 00:55:58.318 +0700] [INFO] [cadence.virtuoso.ade.simulationMonitor] - Total time required for dc analysis `dc': CPU = 629.841 ms, elapsed = 630.865 ms. {"history": "ExplorerRun.0", "point": 18, "testname": "gmIdwl_gmid2_1", "cornername": "Nominal"}
[2026-04-16 00:55:58.318 +0700] [INFO] [cadence.virtuoso.ade.simulationMonitor] - Peak resident memory used = 102 Mbytes. {"history": "ExplorerRun.0", "point": 18, "testname": "gmIdwl_gmid2_1", "cornername": "Nominal"}
[2026-04-16 00:55:58.319 +0700] [INFO] [cadence.virtuoso.ade.simulationMonitor] - Time used: CPU = 1.02 s, elapsed = 21.3 s, util. = 4.79%. {"history": "ExplorerRun.0", "point": 18, "testname": "gmIdwl_gmid2_1", "cornername": "Nominal"}
[2026-04-16 00:55:58.319 +0700] [INFO] [cadence.virtuoso.ade.simulationMonitor] - Time spent in licensing: elapsed = 20.3 s, percentage of total = 95.2%. {"history": "ExplorerRun.0", "point": 18, "testname": "gmIdwl_gmid2_1", "cornername": "Nominal"}
[2026-04-16 00:55:58.319 +0700] [INFO] [cadence.virtuoso.ade.simulationMonitor] - Peak memory used = 110 Mbytes. {"history": "ExplorerRun.0", "point": 18, "testname": "gmIdwl_gmid2_1", "cornername": "Nominal"}
[2026-04-16 00:55:58.319 +0700] [PROCESS] [cadence.virtuoso.ade.simulationMonitor] - Simulation started at: 12:55:36 AM, Thur Apr 16, 2026, ended at: 12:55:57 AM, Thur Apr 16, 2026, with elapsed time (wall clock): 21.3 s. {"history": "ExplorerRun.0", "point": 18, "testname": "gmIdwl_gmid2_1", "cornername": "Nominal"}
[2026-04-16 00:55:58.320 +0700] [PROCESS] [cadence.virtuoso.ade.simulationMonitor] - spectre completes with 0 errors, 8 warnings, and 5 notices. {"history": "ExplorerRun.0", "point": 18, "testname": "gmIdwl_gmid2_1", "cornername": "Nominal"}
[2026-04-16 00:55:58.320 +0700] [PROCESS] [cadence.virtuoso.ade.simulationMonitor] - Simulator exited {"hostname": "dtvt_13", "processid": 32574, "history": "ExplorerRun.0", "testname": "gmIdwl_gmid2_1", "cornername": "Nominal", "point": 18, "logfile": "/home/dtvt_13/duyDUT/logs_dtvt_13/logs0/Job30.log", "exitStatus": "0"}
[2026-04-16 00:55:58.320 +0700] [PROCESS] [cadence.virtuoso.ade.simulationMonitor] - Finished Simulation {"hostname": "dtvt_13", "processid": 32574, "history": "ExplorerRun.0", "testname": "gmIdwl_gmid2_1", "cornername": "Nominal", "point": 18, "logfile": "/home/dtvt_13/duyDUT/logs_dtvt_13/logs0/Job30.log", "simid": "18"}
[2026-04-16 00:55:58.836 +0700] [PROCESS] [cadence.virtuoso.ade.simulationMonitor] - Point Finished {"hostname": "dtvt_13", "processid": 32574, "history": "ExplorerRun.0", "testname": "gmIdwl_gmid2_1", "cornername": "Nominal", "point": 18, "logfile": "/home/dtvt_13/duyDUT/logs_dtvt_13/logs0/Job30.log"}
[2026-04-16 00:55:58.844 +0700] [PROCESS] [cadence.virtuoso.ade.simulationMonitor] - HostInfo:
Host name (type):	dtvt_13 (x86_64)
Operating system:	Linux 3.10.0-1160.118.1.el7.x86_64 #1 SMP Wed Apr 24 16:01:50 UTC 2024 {"hostname": "dtvt_13", "processid": 32574, "history": "ExplorerRun.0", "testname": "gmIdwl_gmid2_1", "cornername": "Nominal", "point": 18, "logfile": "/home/dtvt_13/duyDUT/logs_dtvt_13/logs0/Job30.log", "nodename": "dtvt_13", "domainname": "(none)", "machine": "x86_64", "sysname": "Linux", "release": "3.10.0-1160.118.1.el7.x86_64", "version": "#1 SMP Wed Apr 24 16:01:50 UTC 2024"}
[2026-04-16 00:55:58.845 +0700] [PROCESS] [cadence.virtuoso.ade.simulationMonitor] - UsageInfo:
pid=32574
totalPhysicalMemory=15.208324GB,Used=14.974682GB,totalVirtualMemory=22.895821GB,Used=15.003979GB
Cpu: Cores=24, Load average:0.200000,0.330000,0.260000 {"hostname": "dtvt_13", "processid": 32574, "history": "ExplorerRun.0", "testname": "gmIdwl_gmid2_1", "cornername": "Nominal", "point": 18, "logfile": "/home/dtvt_13/duyDUT/logs_dtvt_13/logs0/Job30.log", "pid": "32574", "totalPhysicalMemory": "15.208324", "physicalMemoryUsed": "14.974682", "totalVirtualMemory": "22.895821", "virtualMemoryUsed": "15.003979", "cpuCores": "24", "processes": "2633", "loadAverage1": "0.200000", "loadAverage5": "0.330000", "loadAverage15": "0.260000", "loadAverage1Percent": "0.008333"}
[2026-04-16 00:55:58.845 +0700] [EVENT] [cadence.virtuoso.ade.simulationMonitor] - NewPoint {"history": "ExplorerRun.0", "point": 19, "testname": "gmIdwl_gmid2_1", "cornername": "Nominal", "event": "NewPoint", "EventSource": "Simulation Monitor", "HistoryName": "ExplorerRun.0", "logFile": "/home/dtvt_13/duyDUT/logs_dtvt_13/logs0/Job30.log", "logFileSize": "199664"}
[2026-04-16 00:55:58.946 +0700] [EVENT] [cadence.virtuoso.ade.simulationMonitor] - NewPoint {"history": "ExplorerRun.0", "point": 19, "testname": "gmIdwl_gmid2_1", "cornername": "Nominal", "event": "NewPoint", "EventSource": "spectre", "HistoryName": "ExplorerRun.0", "logFile": "/home/dtvt_13/simulation/gmIdwl/gmid2/maestro/results/maestro/ExplorerRun.0/19/gmIdwl_gmid2_1/psf/spectre.out", "logFileSize": "-1"}
[2026-04-16 00:55:58.956 +0700] [PROCESS] [cadence.virtuoso.ade.simulationMonitor] - Simulator launched {"hostname": "dtvt_13", "processid": 32574, "history": "ExplorerRun.0", "testname": "gmIdwl_gmid2_1", "cornername": "Nominal", "point": 19, "logfile": "/home/dtvt_13/duyDUT/logs_dtvt_13/logs0/Job30.log", "simid": "19"}
[2026-04-16 00:55:58.957 +0700] [PROCESS] [cadence.virtuoso.ade.simulationMonitor] - Started Simulation {"hostname": "dtvt_13", "processid": 32574, "history": "ExplorerRun.0", "testname": "gmIdwl_gmid2_1", "cornername": "Nominal", "point": 19, "logfile": "/home/dtvt_13/duyDUT/logs_dtvt_13/logs0/Job30.log"}
[2026-04-16 00:56:20.842 +0700] [INFO] [cadence.virtuoso.ade.simulationMonitor] - Peak resident memory used = 86.1 Mbytes. {"history": "ExplorerRun.0", "point": 19, "testname": "gmIdwl_gmid2_1", "cornername": "Nominal"}
[2026-04-16 00:56:20.842 +0700] [INFO] [cadence.virtuoso.ade.simulationMonitor] - Peak resident memory used = 96.4 Mbytes. {"history": "ExplorerRun.0", "point": 19, "testname": "gmIdwl_gmid2_1", "cornername": "Nominal"}
[2026-04-16 00:56:20.842 +0700] [INFO] [cadence.virtuoso.ade.simulationMonitor] - Notice from spectre during hierarchy flattening.
    The value 'psf' specified for the 'checklimitdest' option will no longer be supported in future releases. Use 'spectre -h' to see other recommended values for the 'checklimitdest' option. {"history": "ExplorerRun.0", "point": 19, "testname": "gmIdwl_gmid2_1", "cornername": "Nominal"}
[2026-04-16 00:56:20.843 +0700] [INFO] [cadence.virtuoso.ade.simulationMonitor] - Peak resident memory used = 97.3 Mbytes. {"history": "ExplorerRun.0", "point": 19, "testname": "gmIdwl_gmid2_1", "cornername": "Nominal"}
[2026-04-16 00:56:20.843 +0700] [WARN] [cadence.virtuoso.ade.simulationMonitor] -     WARNING (SPECTRE-8061): `PM0': Does not have a terminal named `id'. {"history": "ExplorerRun.0", "point": 19, "testname": "gmIdwl_gmid2_1", "cornername": "Nominal"}
[2026-04-16 00:56:20.843 +0700] [WARN] [cadence.virtuoso.ade.simulationMonitor] -     WARNING (SPECTRE-8287): Ignoring invalid item `PM0:id' in save statement. {"history": "ExplorerRun.0", "point": 19, "testname": "gmIdwl_gmid2_1", "cornername": "Nominal"}
[2026-04-16 00:56:20.843 +0700] [WARN] [cadence.virtuoso.ade.simulationMonitor] -     WARNING (SPECTRE-8061): `PM0': Does not have a terminal named `gm'. {"history": "ExplorerRun.0", "point": 19, "testname": "gmIdwl_gmid2_1", "cornername": "Nominal"}
[2026-04-16 00:56:20.843 +0700] [WARN] [cadence.virtuoso.ade.simulationMonitor] -     WARNING (SPECTRE-8287): Ignoring invalid item `PM0:gm' in save statement. {"history": "ExplorerRun.0", "point": 19, "testname": "gmIdwl_gmid2_1", "cornername": "Nominal"}
[2026-04-16 00:56:20.843 +0700] [WARN] [cadence.virtuoso.ade.simulationMonitor] -     WARNING (SPECTRE-8061): `PM0': Does not have a terminal named `vgs'. {"history": "ExplorerRun.0", "point": 19, "testname": "gmIdwl_gmid2_1", "cornername": "Nominal"}
[2026-04-16 00:56:20.843 +0700] [WARN] [cadence.virtuoso.ade.simulationMonitor] -     WARNING (SPECTRE-8287): Ignoring invalid item `PM0:vgs' in save statement. {"history": "ExplorerRun.0", "point": 19, "testname": "gmIdwl_gmid2_1", "cornername": "Nominal"}
[2026-04-16 00:56:20.843 +0700] [WARN] [cadence.virtuoso.ade.simulationMonitor] -     WARNING (SPECTRE-8061): `PM0': Does not have a terminal named `vth'. {"history": "ExplorerRun.0", "point": 19, "testname": "gmIdwl_gmid2_1", "cornername": "Nominal"}
[2026-04-16 00:56:20.843 +0700] [WARN] [cadence.virtuoso.ade.simulationMonitor] -     WARNING (SPECTRE-8287): Ignoring invalid item `PM0:vth' in save statement. {"history": "ExplorerRun.0", "point": 19, "testname": "gmIdwl_gmid2_1", "cornername": "Nominal"}
[2026-04-16 00:56:20.844 +0700] [INFO] [cadence.virtuoso.ade.simulationMonitor] - Notice from spectre during initial setup.
    Multithreading is disabled due to the size of the design being too small. {"history": "ExplorerRun.0", "point": 19, "testname": "gmIdwl_gmid2_1", "cornername": "Nominal"}
[2026-04-16 00:56:20.844 +0700] [INFO] [cadence.virtuoso.ade.simulationMonitor] -               nodes 3 {"history": "ExplorerRun.0", "point": 19, "testname": "gmIdwl_gmid2_1", "cornername": "Nominal"}
[2026-04-16 00:56:20.844 +0700] [INFO] [cadence.virtuoso.ade.simulationMonitor] - Notice from spectre during initial setup.
    APS enabled. {"history": "ExplorerRun.0", "point": 19, "testname": "gmIdwl_gmid2_1", "cornername": "Nominal"}
[2026-04-16 00:56:20.844 +0700] [INFO] [cadence.virtuoso.ade.simulationMonitor] - Peak resident memory used = 98.8 Mbytes. {"history": "ExplorerRun.0", "point": 19, "testname": "gmIdwl_gmid2_1", "cornername": "Nominal"}
[2026-04-16 00:56:20.844 +0700] [INFO] [cadence.virtuoso.ade.simulationMonitor] -    -   (APS) Multi-threading. The recommended number of threads is 1, consider adding +mt=1 on command line. {"history": "ExplorerRun.0", "point": 19, "testname": "gmIdwl_gmid2_1", "cornername": "Nominal"}
[2026-04-16 00:56:20.844 +0700] [INFO] [cadence.virtuoso.ade.simulationMonitor] - Total time required for dc analysis `dcOp': CPU = 3.258 ms, elapsed = 4.37403 ms. {"history": "ExplorerRun.0", "point": 19, "testname": "gmIdwl_gmid2_1", "cornername": "Nominal"}
[2026-04-16 00:56:20.844 +0700] [INFO] [cadence.virtuoso.ade.simulationMonitor] - Peak resident memory used = 101 Mbytes. {"history": "ExplorerRun.0", "point": 19, "testname": "gmIdwl_gmid2_1", "cornername": "Nominal"}
[2026-04-16 00:56:21.845 +0700] [PROCESS] [cadence.virtuoso.ade.simulationMonitor] - Finished simulating for one point {"hostname": "dtvt_13", "processid": 32574, "history": "ExplorerRun.0", "testname": "gmIdwl_gmid2_1", "cornername": "Nominal", "point": 19, "logfile": "/home/dtvt_13/duyDUT/logs_dtvt_13/logs0/Job30.log", "simid": "19"}
[2026-04-16 00:56:21.846 +0700] [INFO] [cadence.virtuoso.ade.simulationMonitor] - Notice from spectre at vsg = 934e-03 during DC analysis `dc'.
    The value of parameter 'vsg' has been reset to the original value 0.6. {"history": "ExplorerRun.0", "point": 19, "testname": "gmIdwl_gmid2_1", "cornername": "Nominal"}
[2026-04-16 00:56:21.846 +0700] [INFO] [cadence.virtuoso.ade.simulationMonitor] - Total time required for dc analysis `dc': CPU = 633.285 ms, elapsed = 634.293 ms. {"history": "ExplorerRun.0", "point": 19, "testname": "gmIdwl_gmid2_1", "cornername": "Nominal"}
[2026-04-16 00:56:21.847 +0700] [INFO] [cadence.virtuoso.ade.simulationMonitor] - Peak resident memory used = 102 Mbytes. {"history": "ExplorerRun.0", "point": 19, "testname": "gmIdwl_gmid2_1", "cornername": "Nominal"}
[2026-04-16 00:56:21.847 +0700] [INFO] [cadence.virtuoso.ade.simulationMonitor] - Time used: CPU = 1.18 s, elapsed = 22.2 s, util. = 5.32%. {"history": "ExplorerRun.0", "point": 19, "testname": "gmIdwl_gmid2_1", "cornername": "Nominal"}
[2026-04-16 00:56:21.847 +0700] [INFO] [cadence.virtuoso.ade.simulationMonitor] - Time spent in licensing: elapsed = 20.5 s, percentage of total = 92.3%. {"history": "ExplorerRun.0", "point": 19, "testname": "gmIdwl_gmid2_1", "cornername": "Nominal"}
[2026-04-16 00:56:21.848 +0700] [INFO] [cadence.virtuoso.ade.simulationMonitor] - Peak memory used = 110 Mbytes. {"history": "ExplorerRun.0", "point": 19, "testname": "gmIdwl_gmid2_1", "cornername": "Nominal"}
[2026-04-16 00:56:21.848 +0700] [PROCESS] [cadence.virtuoso.ade.simulationMonitor] - Simulation started at: 12:55:59 AM, Thur Apr 16, 2026, ended at: 12:56:21 AM, Thur Apr 16, 2026, with elapsed time (wall clock): 22.2 s. {"history": "ExplorerRun.0", "point": 19, "testname": "gmIdwl_gmid2_1", "cornername": "Nominal"}
[2026-04-16 00:56:21.848 +0700] [PROCESS] [cadence.virtuoso.ade.simulationMonitor] - spectre completes with 0 errors, 8 warnings, and 5 notices. {"history": "ExplorerRun.0", "point": 19, "testname": "gmIdwl_gmid2_1", "cornername": "Nominal"}
[2026-04-16 00:56:21.849 +0700] [PROCESS] [cadence.virtuoso.ade.simulationMonitor] - Simulator exited {"hostname": "dtvt_13", "processid": 32574, "history": "ExplorerRun.0", "testname": "gmIdwl_gmid2_1", "cornername": "Nominal", "point": 19, "logfile": "/home/dtvt_13/duyDUT/logs_dtvt_13/logs0/Job30.log", "exitStatus": "0"}
[2026-04-16 00:56:21.849 +0700] [PROCESS] [cadence.virtuoso.ade.simulationMonitor] - Finished Simulation {"hostname": "dtvt_13", "processid": 32574, "history": "ExplorerRun.0", "testname": "gmIdwl_gmid2_1", "cornername": "Nominal", "point": 19, "logfile": "/home/dtvt_13/duyDUT/logs_dtvt_13/logs0/Job30.log", "simid": "19"}
[2026-04-16 00:56:22.862 +0700] [PROCESS] [cadence.virtuoso.ade.simulationMonitor] - Point Finished {"hostname": "dtvt_13", "processid": 32574, "history": "ExplorerRun.0", "testname": "gmIdwl_gmid2_1", "cornername": "Nominal", "point": 19, "logfile": "/home/dtvt_13/duyDUT/logs_dtvt_13/logs0/Job30.log"}
[2026-04-16 00:56:22.871 +0700] [PROCESS] [cadence.virtuoso.ade.simulationMonitor] - HostInfo:
Host name (type):	dtvt_13 (x86_64)
Operating system:	Linux 3.10.0-1160.118.1.el7.x86_64 #1 SMP Wed Apr 24 16:01:50 UTC 2024 {"hostname": "dtvt_13", "processid": 32574, "history": "ExplorerRun.0", "testname": "gmIdwl_gmid2_1", "cornername": "Nominal", "point": 19, "logfile": "/home/dtvt_13/duyDUT/logs_dtvt_13/logs0/Job30.log", "nodename": "dtvt_13", "domainname": "(none)", "machine": "x86_64", "sysname": "Linux", "release": "3.10.0-1160.118.1.el7.x86_64", "version": "#1 SMP Wed Apr 24 16:01:50 UTC 2024"}
[2026-04-16 00:56:22.871 +0700] [PROCESS] [cadence.virtuoso.ade.simulationMonitor] - UsageInfo:
pid=32574
totalPhysicalMemory=15.208324GB,Used=14.978374GB,totalVirtualMemory=22.895821GB,Used=15.007671GB
Cpu: Cores=24, Load average:0.140000,0.310000,0.250000 {"hostname": "dtvt_13", "processid": 32574, "history": "ExplorerRun.0", "testname": "gmIdwl_gmid2_1", "cornername": "Nominal", "point": 19, "logfile": "/home/dtvt_13/duyDUT/logs_dtvt_13/logs0/Job30.log", "pid": "32574", "totalPhysicalMemory": "15.208324", "physicalMemoryUsed": "14.978374", "totalVirtualMemory": "22.895821", "virtualMemoryUsed": "15.007671", "cpuCores": "24", "processes": "2634", "loadAverage1": "0.140000", "loadAverage5": "0.310000", "loadAverage15": "0.250000", "loadAverage1Percent": "0.005833"}
[2026-04-16 00:56:22.872 +0700] [EVENT] [cadence.virtuoso.ade.simulationMonitor] - NewPoint {"history": "ExplorerRun.0", "point": 20, "testname": "gmIdwl_gmid2_1", "cornername": "Nominal", "event": "NewPoint", "EventSource": "Simulation Monitor", "HistoryName": "ExplorerRun.0", "logFile": "/home/dtvt_13/duyDUT/logs_dtvt_13/logs0/Job30.log", "logFileSize": "210645"}
[2026-04-16 00:56:22.976 +0700] [EVENT] [cadence.virtuoso.ade.simulationMonitor] - NewPoint {"history": "ExplorerRun.0", "point": 20, "testname": "gmIdwl_gmid2_1", "cornername": "Nominal", "event": "NewPoint", "EventSource": "spectre", "HistoryName": "ExplorerRun.0", "logFile": "/home/dtvt_13/simulation/gmIdwl/gmid2/maestro/results/maestro/ExplorerRun.0/20/gmIdwl_gmid2_1/psf/spectre.out", "logFileSize": "-1"}
[2026-04-16 00:56:22.985 +0700] [PROCESS] [cadence.virtuoso.ade.simulationMonitor] - Simulator launched {"hostname": "dtvt_13", "processid": 32574, "history": "ExplorerRun.0", "testname": "gmIdwl_gmid2_1", "cornername": "Nominal", "point": 20, "logfile": "/home/dtvt_13/duyDUT/logs_dtvt_13/logs0/Job30.log", "simid": "20"}
[2026-04-16 00:56:22.986 +0700] [PROCESS] [cadence.virtuoso.ade.simulationMonitor] - Started Simulation {"hostname": "dtvt_13", "processid": 32574, "history": "ExplorerRun.0", "testname": "gmIdwl_gmid2_1", "cornername": "Nominal", "point": 20, "logfile": "/home/dtvt_13/duyDUT/logs_dtvt_13/logs0/Job30.log"}
[2026-04-16 00:56:44.353 +0700] [INFO] [cadence.virtuoso.ade.simulationMonitor] - Peak resident memory used = 86.1 Mbytes. {"history": "ExplorerRun.0", "point": 20, "testname": "gmIdwl_gmid2_1", "cornername": "Nominal"}
[2026-04-16 00:56:44.353 +0700] [INFO] [cadence.virtuoso.ade.simulationMonitor] - Peak resident memory used = 96.4 Mbytes. {"history": "ExplorerRun.0", "point": 20, "testname": "gmIdwl_gmid2_1", "cornername": "Nominal"}
[2026-04-16 00:56:44.353 +0700] [INFO] [cadence.virtuoso.ade.simulationMonitor] - Notice from spectre during hierarchy flattening.
    The value 'psf' specified for the 'checklimitdest' option will no longer be supported in future releases. Use 'spectre -h' to see other recommended values for the 'checklimitdest' option. {"history": "ExplorerRun.0", "point": 20, "testname": "gmIdwl_gmid2_1", "cornername": "Nominal"}
[2026-04-16 00:56:44.353 +0700] [INFO] [cadence.virtuoso.ade.simulationMonitor] - Peak resident memory used = 97.3 Mbytes. {"history": "ExplorerRun.0", "point": 20, "testname": "gmIdwl_gmid2_1", "cornername": "Nominal"}
[2026-04-16 00:56:44.354 +0700] [WARN] [cadence.virtuoso.ade.simulationMonitor] -     WARNING (SPECTRE-8061): `PM0': Does not have a terminal named `id'. {"history": "ExplorerRun.0", "point": 20, "testname": "gmIdwl_gmid2_1", "cornername": "Nominal"}
[2026-04-16 00:56:44.354 +0700] [WARN] [cadence.virtuoso.ade.simulationMonitor] -     WARNING (SPECTRE-8287): Ignoring invalid item `PM0:id' in save statement. {"history": "ExplorerRun.0", "point": 20, "testname": "gmIdwl_gmid2_1", "cornername": "Nominal"}
[2026-04-16 00:56:44.354 +0700] [WARN] [cadence.virtuoso.ade.simulationMonitor] -     WARNING (SPECTRE-8061): `PM0': Does not have a terminal named `gm'. {"history": "ExplorerRun.0", "point": 20, "testname": "gmIdwl_gmid2_1", "cornername": "Nominal"}
[2026-04-16 00:56:44.354 +0700] [WARN] [cadence.virtuoso.ade.simulationMonitor] -     WARNING (SPECTRE-8287): Ignoring invalid item `PM0:gm' in save statement. {"history": "ExplorerRun.0", "point": 20, "testname": "gmIdwl_gmid2_1", "cornername": "Nominal"}
[2026-04-16 00:56:44.354 +0700] [WARN] [cadence.virtuoso.ade.simulationMonitor] -     WARNING (SPECTRE-8061): `PM0': Does not have a terminal named `vgs'. {"history": "ExplorerRun.0", "point": 20, "testname": "gmIdwl_gmid2_1", "cornername": "Nominal"}
[2026-04-16 00:56:44.354 +0700] [WARN] [cadence.virtuoso.ade.simulationMonitor] -     WARNING (SPECTRE-8287): Ignoring invalid item `PM0:vgs' in save statement. {"history": "ExplorerRun.0", "point": 20, "testname": "gmIdwl_gmid2_1", "cornername": "Nominal"}
[2026-04-16 00:56:44.354 +0700] [WARN] [cadence.virtuoso.ade.simulationMonitor] -     WARNING (SPECTRE-8061): `PM0': Does not have a terminal named `vth'. {"history": "ExplorerRun.0", "point": 20, "testname": "gmIdwl_gmid2_1", "cornername": "Nominal"}
[2026-04-16 00:56:44.354 +0700] [WARN] [cadence.virtuoso.ade.simulationMonitor] -     WARNING (SPECTRE-8287): Ignoring invalid item `PM0:vth' in save statement. {"history": "ExplorerRun.0", "point": 20, "testname": "gmIdwl_gmid2_1", "cornername": "Nominal"}
[2026-04-16 00:56:44.354 +0700] [INFO] [cadence.virtuoso.ade.simulationMonitor] - Notice from spectre during initial setup.
    Multithreading is disabled due to the size of the design being too small. {"history": "ExplorerRun.0", "point": 20, "testname": "gmIdwl_gmid2_1", "cornername": "Nominal"}
[2026-04-16 00:56:44.355 +0700] [INFO] [cadence.virtuoso.ade.simulationMonitor] -               nodes 3 {"history": "ExplorerRun.0", "point": 20, "testname": "gmIdwl_gmid2_1", "cornername": "Nominal"}
[2026-04-16 00:56:44.355 +0700] [INFO] [cadence.virtuoso.ade.simulationMonitor] - Notice from spectre during initial setup.
    APS enabled. {"history": "ExplorerRun.0", "point": 20, "testname": "gmIdwl_gmid2_1", "cornername": "Nominal"}
[2026-04-16 00:56:44.355 +0700] [INFO] [cadence.virtuoso.ade.simulationMonitor] - Peak resident memory used = 98.8 Mbytes. {"history": "ExplorerRun.0", "point": 20, "testname": "gmIdwl_gmid2_1", "cornername": "Nominal"}
[2026-04-16 00:56:44.355 +0700] [INFO] [cadence.virtuoso.ade.simulationMonitor] -    -   (APS) Multi-threading. The recommended number of threads is 1, consider adding +mt=1 on command line. {"history": "ExplorerRun.0", "point": 20, "testname": "gmIdwl_gmid2_1", "cornername": "Nominal"}
[2026-04-16 00:56:44.355 +0700] [INFO] [cadence.virtuoso.ade.simulationMonitor] - Total time required for dc analysis `dcOp': CPU = 1.597 ms, elapsed = 2.56801 ms. {"history": "ExplorerRun.0", "point": 20, "testname": "gmIdwl_gmid2_1", "cornername": "Nominal"}
[2026-04-16 00:56:44.355 +0700] [INFO] [cadence.virtuoso.ade.simulationMonitor] - Peak resident memory used = 100 Mbytes. {"history": "ExplorerRun.0", "point": 20, "testname": "gmIdwl_gmid2_1", "cornername": "Nominal"}
[2026-04-16 00:56:44.855 +0700] [INFO] [cadence.virtuoso.ade.simulationMonitor] - Notice from spectre at vsg = 934e-03 during DC analysis `dc'.
    The value of parameter 'vsg' has been reset to the original value 0.6. {"history": "ExplorerRun.0", "point": 20, "testname": "gmIdwl_gmid2_1", "cornername": "Nominal"}
[2026-04-16 00:56:44.856 +0700] [INFO] [cadence.virtuoso.ade.simulationMonitor] - Total time required for dc analysis `dc': CPU = 627.233 ms, elapsed = 628.263 ms. {"history": "ExplorerRun.0", "point": 20, "testname": "gmIdwl_gmid2_1", "cornername": "Nominal"}
[2026-04-16 00:56:44.856 +0700] [INFO] [cadence.virtuoso.ade.simulationMonitor] - Peak resident memory used = 102 Mbytes. {"history": "ExplorerRun.0", "point": 20, "testname": "gmIdwl_gmid2_1", "cornername": "Nominal"}
[2026-04-16 00:56:45.358 +0700] [PROCESS] [cadence.virtuoso.ade.simulationMonitor] - Finished simulating for one point {"hostname": "dtvt_13", "processid": 32574, "history": "ExplorerRun.0", "testname": "gmIdwl_gmid2_1", "cornername": "Nominal", "point": 20, "logfile": "/home/dtvt_13/duyDUT/logs_dtvt_13/logs0/Job30.log", "simid": "20"}
[2026-04-16 00:56:45.358 +0700] [INFO] [cadence.virtuoso.ade.simulationMonitor] - Time used: CPU = 1.01 s, elapsed = 21.5 s, util. = 4.71%. {"history": "ExplorerRun.0", "point": 20, "testname": "gmIdwl_gmid2_1", "cornername": "Nominal"}
[2026-04-16 00:56:45.358 +0700] [INFO] [cadence.virtuoso.ade.simulationMonitor] - Time spent in licensing: elapsed = 20.5 s, percentage of total = 95.4%. {"history": "ExplorerRun.0", "point": 20, "testname": "gmIdwl_gmid2_1", "cornername": "Nominal"}
[2026-04-16 00:56:45.359 +0700] [INFO] [cadence.virtuoso.ade.simulationMonitor] - Peak memory used = 110 Mbytes. {"history": "ExplorerRun.0", "point": 20, "testname": "gmIdwl_gmid2_1", "cornername": "Nominal"}
[2026-04-16 00:56:45.359 +0700] [PROCESS] [cadence.virtuoso.ade.simulationMonitor] - Simulation started at: 12:56:23 AM, Thur Apr 16, 2026, ended at: 12:56:44 AM, Thur Apr 16, 2026, with elapsed time (wall clock): 21.5 s. {"history": "ExplorerRun.0", "point": 20, "testname": "gmIdwl_gmid2_1", "cornername": "Nominal"}
[2026-04-16 00:56:45.360 +0700] [PROCESS] [cadence.virtuoso.ade.simulationMonitor] - spectre completes with 0 errors, 8 warnings, and 5 notices. {"history": "ExplorerRun.0", "point": 20, "testname": "gmIdwl_gmid2_1", "cornername": "Nominal"}
[2026-04-16 00:56:45.360 +0700] [PROCESS] [cadence.virtuoso.ade.simulationMonitor] - Simulator exited {"hostname": "dtvt_13", "processid": 32574, "history": "ExplorerRun.0", "testname": "gmIdwl_gmid2_1", "cornername": "Nominal", "point": 20, "logfile": "/home/dtvt_13/duyDUT/logs_dtvt_13/logs0/Job30.log", "exitStatus": "0"}
[2026-04-16 00:56:45.360 +0700] [PROCESS] [cadence.virtuoso.ade.simulationMonitor] - Finished Simulation {"hostname": "dtvt_13", "processid": 32574, "history": "ExplorerRun.0", "testname": "gmIdwl_gmid2_1", "cornername": "Nominal", "point": 20, "logfile": "/home/dtvt_13/duyDUT/logs_dtvt_13/logs0/Job30.log", "simid": "20"}
[2026-04-16 00:56:45.875 +0700] [PROCESS] [cadence.virtuoso.ade.simulationMonitor] - Point Finished {"hostname": "dtvt_13", "processid": 32574, "history": "ExplorerRun.0", "testname": "gmIdwl_gmid2_1", "cornername": "Nominal", "point": 20, "logfile": "/home/dtvt_13/duyDUT/logs_dtvt_13/logs0/Job30.log"}
[2026-04-16 00:56:45.882 +0700] [PROCESS] [cadence.virtuoso.ade.simulationMonitor] - HostInfo:
Host name (type):	dtvt_13 (x86_64)
Operating system:	Linux 3.10.0-1160.118.1.el7.x86_64 #1 SMP Wed Apr 24 16:01:50 UTC 2024 {"hostname": "dtvt_13", "processid": 32574, "history": "ExplorerRun.0", "testname": "gmIdwl_gmid2_1", "cornername": "Nominal", "point": 20, "logfile": "/home/dtvt_13/duyDUT/logs_dtvt_13/logs0/Job30.log", "nodename": "dtvt_13", "domainname": "(none)", "machine": "x86_64", "sysname": "Linux", "release": "3.10.0-1160.118.1.el7.x86_64", "version": "#1 SMP Wed Apr 24 16:01:50 UTC 2024"}
[2026-04-16 00:56:45.882 +0700] [PROCESS] [cadence.virtuoso.ade.simulationMonitor] - UsageInfo:
pid=32574
totalPhysicalMemory=15.208324GB,Used=14.670780GB,totalVirtualMemory=22.895821GB,Used=14.700077GB
Cpu: Cores=24, Load average:0.090000,0.280000,0.250000 {"hostname": "dtvt_13", "processid": 32574, "history": "ExplorerRun.0", "testname": "gmIdwl_gmid2_1", "cornername": "Nominal", "point": 20, "logfile": "/home/dtvt_13/duyDUT/logs_dtvt_13/logs0/Job30.log", "pid": "32574", "totalPhysicalMemory": "15.208324", "physicalMemoryUsed": "14.670780", "totalVirtualMemory": "22.895821", "virtualMemoryUsed": "14.700077", "cpuCores": "24", "processes": "2571", "loadAverage1": "0.090000", "loadAverage5": "0.280000", "loadAverage15": "0.250000", "loadAverage1Percent": "0.003750"}
[2026-04-16 00:56:45.883 +0700] [EVENT] [cadence.virtuoso.ade.simulationMonitor] - NewPoint {"history": "ExplorerRun.0", "point": 21, "testname": "gmIdwl_gmid2_1", "cornername": "Nominal", "event": "NewPoint", "EventSource": "Simulation Monitor", "HistoryName": "ExplorerRun.0", "logFile": "/home/dtvt_13/duyDUT/logs_dtvt_13/logs0/Job30.log", "logFileSize": "221626"}
[2026-04-16 00:56:45.987 +0700] [EVENT] [cadence.virtuoso.ade.simulationMonitor] - NewPoint {"history": "ExplorerRun.0", "point": 21, "testname": "gmIdwl_gmid2_1", "cornername": "Nominal", "event": "NewPoint", "EventSource": "spectre", "HistoryName": "ExplorerRun.0", "logFile": "/home/dtvt_13/simulation/gmIdwl/gmid2/maestro/results/maestro/ExplorerRun.0/21/gmIdwl_gmid2_1/psf/spectre.out", "logFileSize": "-1"}
[2026-04-16 00:56:45.996 +0700] [PROCESS] [cadence.virtuoso.ade.simulationMonitor] - Simulator launched {"hostname": "dtvt_13", "processid": 32574, "history": "ExplorerRun.0", "testname": "gmIdwl_gmid2_1", "cornername": "Nominal", "point": 21, "logfile": "/home/dtvt_13/duyDUT/logs_dtvt_13/logs0/Job30.log", "simid": "21"}
[2026-04-16 00:56:45.997 +0700] [PROCESS] [cadence.virtuoso.ade.simulationMonitor] - Started Simulation {"hostname": "dtvt_13", "processid": 32574, "history": "ExplorerRun.0", "testname": "gmIdwl_gmid2_1", "cornername": "Nominal", "point": 21, "logfile": "/home/dtvt_13/duyDUT/logs_dtvt_13/logs0/Job30.log"}
[2026-04-16 00:57:07.299 +0700] [INFO] [cadence.virtuoso.ade.simulationMonitor] - Peak resident memory used = 86.1 Mbytes. {"history": "ExplorerRun.0", "point": 21, "testname": "gmIdwl_gmid2_1", "cornername": "Nominal"}
[2026-04-16 00:57:07.299 +0700] [INFO] [cadence.virtuoso.ade.simulationMonitor] - Peak resident memory used = 96.4 Mbytes. {"history": "ExplorerRun.0", "point": 21, "testname": "gmIdwl_gmid2_1", "cornername": "Nominal"}
[2026-04-16 00:57:07.299 +0700] [INFO] [cadence.virtuoso.ade.simulationMonitor] - Notice from spectre during hierarchy flattening.
    The value 'psf' specified for the 'checklimitdest' option will no longer be supported in future releases. Use 'spectre -h' to see other recommended values for the 'checklimitdest' option. {"history": "ExplorerRun.0", "point": 21, "testname": "gmIdwl_gmid2_1", "cornername": "Nominal"}
[2026-04-16 00:57:07.299 +0700] [INFO] [cadence.virtuoso.ade.simulationMonitor] - Peak resident memory used = 97.3 Mbytes. {"history": "ExplorerRun.0", "point": 21, "testname": "gmIdwl_gmid2_1", "cornername": "Nominal"}
[2026-04-16 00:57:07.299 +0700] [WARN] [cadence.virtuoso.ade.simulationMonitor] -     WARNING (SPECTRE-8061): `PM0': Does not have a terminal named `id'. {"history": "ExplorerRun.0", "point": 21, "testname": "gmIdwl_gmid2_1", "cornername": "Nominal"}
[2026-04-16 00:57:07.299 +0700] [WARN] [cadence.virtuoso.ade.simulationMonitor] -     WARNING (SPECTRE-8287): Ignoring invalid item `PM0:id' in save statement. {"history": "ExplorerRun.0", "point": 21, "testname": "gmIdwl_gmid2_1", "cornername": "Nominal"}
[2026-04-16 00:57:07.299 +0700] [WARN] [cadence.virtuoso.ade.simulationMonitor] -     WARNING (SPECTRE-8061): `PM0': Does not have a terminal named `gm'. {"history": "ExplorerRun.0", "point": 21, "testname": "gmIdwl_gmid2_1", "cornername": "Nominal"}
[2026-04-16 00:57:07.300 +0700] [WARN] [cadence.virtuoso.ade.simulationMonitor] -     WARNING (SPECTRE-8287): Ignoring invalid item `PM0:gm' in save statement. {"history": "ExplorerRun.0", "point": 21, "testname": "gmIdwl_gmid2_1", "cornername": "Nominal"}
[2026-04-16 00:57:07.300 +0700] [WARN] [cadence.virtuoso.ade.simulationMonitor] -     WARNING (SPECTRE-8061): `PM0': Does not have a terminal named `vgs'. {"history": "ExplorerRun.0", "point": 21, "testname": "gmIdwl_gmid2_1", "cornername": "Nominal"}
[2026-04-16 00:57:07.300 +0700] [WARN] [cadence.virtuoso.ade.simulationMonitor] -     WARNING (SPECTRE-8287): Ignoring invalid item `PM0:vgs' in save statement. {"history": "ExplorerRun.0", "point": 21, "testname": "gmIdwl_gmid2_1", "cornername": "Nominal"}
[2026-04-16 00:57:07.300 +0700] [WARN] [cadence.virtuoso.ade.simulationMonitor] -     WARNING (SPECTRE-8061): `PM0': Does not have a terminal named `vth'. {"history": "ExplorerRun.0", "point": 21, "testname": "gmIdwl_gmid2_1", "cornername": "Nominal"}
[2026-04-16 00:57:07.300 +0700] [WARN] [cadence.virtuoso.ade.simulationMonitor] -     WARNING (SPECTRE-8287): Ignoring invalid item `PM0:vth' in save statement. {"history": "ExplorerRun.0", "point": 21, "testname": "gmIdwl_gmid2_1", "cornername": "Nominal"}
[2026-04-16 00:57:07.300 +0700] [INFO] [cadence.virtuoso.ade.simulationMonitor] - Notice from spectre during initial setup.
    Multithreading is disabled due to the size of the design being too small. {"history": "ExplorerRun.0", "point": 21, "testname": "gmIdwl_gmid2_1", "cornername": "Nominal"}
[2026-04-16 00:57:07.300 +0700] [INFO] [cadence.virtuoso.ade.simulationMonitor] -               nodes 3 {"history": "ExplorerRun.0", "point": 21, "testname": "gmIdwl_gmid2_1", "cornername": "Nominal"}
[2026-04-16 00:57:07.300 +0700] [INFO] [cadence.virtuoso.ade.simulationMonitor] - Notice from spectre during initial setup.
    APS enabled. {"history": "ExplorerRun.0", "point": 21, "testname": "gmIdwl_gmid2_1", "cornername": "Nominal"}
[2026-04-16 00:57:07.300 +0700] [INFO] [cadence.virtuoso.ade.simulationMonitor] - Peak resident memory used = 98.8 Mbytes. {"history": "ExplorerRun.0", "point": 21, "testname": "gmIdwl_gmid2_1", "cornername": "Nominal"}
[2026-04-16 00:57:07.300 +0700] [INFO] [cadence.virtuoso.ade.simulationMonitor] -    -   (APS) Multi-threading. The recommended number of threads is 1, consider adding +mt=1 on command line. {"history": "ExplorerRun.0", "point": 21, "testname": "gmIdwl_gmid2_1", "cornername": "Nominal"}
[2026-04-16 00:57:07.300 +0700] [INFO] [cadence.virtuoso.ade.simulationMonitor] - Total time required for dc analysis `dcOp': CPU = 1.584 ms, elapsed = 2.59399 ms. {"history": "ExplorerRun.0", "point": 21, "testname": "gmIdwl_gmid2_1", "cornername": "Nominal"}
[2026-04-16 00:57:07.300 +0700] [INFO] [cadence.virtuoso.ade.simulationMonitor] - Peak resident memory used = 101 Mbytes. {"history": "ExplorerRun.0", "point": 21, "testname": "gmIdwl_gmid2_1", "cornername": "Nominal"}
[2026-04-16 00:57:07.801 +0700] [INFO] [cadence.virtuoso.ade.simulationMonitor] - Notice from spectre at vsg = 934e-03 during DC analysis `dc'.
    The value of parameter 'vsg' has been reset to the original value 0.6. {"history": "ExplorerRun.0", "point": 21, "testname": "gmIdwl_gmid2_1", "cornername": "Nominal"}
[2026-04-16 00:57:07.801 +0700] [INFO] [cadence.virtuoso.ade.simulationMonitor] - Total time required for dc analysis `dc': CPU = 623.765 ms, elapsed = 624.781 ms. {"history": "ExplorerRun.0", "point": 21, "testname": "gmIdwl_gmid2_1", "cornername": "Nominal"}
[2026-04-16 00:57:07.801 +0700] [INFO] [cadence.virtuoso.ade.simulationMonitor] - Peak resident memory used = 102 Mbytes. {"history": "ExplorerRun.0", "point": 21, "testname": "gmIdwl_gmid2_1", "cornername": "Nominal"}
[2026-04-16 00:57:07.802 +0700] [INFO] [cadence.virtuoso.ade.simulationMonitor] - Time used: CPU = 1.01 s, elapsed = 21.5 s, util. = 4.68%. {"history": "ExplorerRun.0", "point": 21, "testname": "gmIdwl_gmid2_1", "cornername": "Nominal"}
[2026-04-16 00:57:07.802 +0700] [INFO] [cadence.virtuoso.ade.simulationMonitor] - Time spent in licensing: elapsed = 20.5 s, percentage of total = 95.3%. {"history": "ExplorerRun.0", "point": 21, "testname": "gmIdwl_gmid2_1", "cornername": "Nominal"}
[2026-04-16 00:57:07.802 +0700] [INFO] [cadence.virtuoso.ade.simulationMonitor] - Peak memory used = 110 Mbytes. {"history": "ExplorerRun.0", "point": 21, "testname": "gmIdwl_gmid2_1", "cornername": "Nominal"}
[2026-04-16 00:57:07.803 +0700] [PROCESS] [cadence.virtuoso.ade.simulationMonitor] - Simulation started at: 12:56:46 AM, Thur Apr 16, 2026, ended at: 12:57:07 AM, Thur Apr 16, 2026, with elapsed time (wall clock): 21.5 s. {"history": "ExplorerRun.0", "point": 21, "testname": "gmIdwl_gmid2_1", "cornername": "Nominal"}
[2026-04-16 00:57:07.803 +0700] [PROCESS] [cadence.virtuoso.ade.simulationMonitor] - spectre completes with 0 errors, 8 warnings, and 5 notices. {"history": "ExplorerRun.0", "point": 21, "testname": "gmIdwl_gmid2_1", "cornername": "Nominal"}
[2026-04-16 00:57:08.304 +0700] [PROCESS] [cadence.virtuoso.ade.simulationMonitor] - Finished simulating for one point {"hostname": "dtvt_13", "processid": 32574, "history": "ExplorerRun.0", "testname": "gmIdwl_gmid2_1", "cornername": "Nominal", "point": 21, "logfile": "/home/dtvt_13/duyDUT/logs_dtvt_13/logs0/Job30.log", "simid": "21"}
[2026-04-16 00:57:08.304 +0700] [PROCESS] [cadence.virtuoso.ade.simulationMonitor] - Simulator exited {"hostname": "dtvt_13", "processid": 32574, "history": "ExplorerRun.0", "testname": "gmIdwl_gmid2_1", "cornername": "Nominal", "point": 21, "logfile": "/home/dtvt_13/duyDUT/logs_dtvt_13/logs0/Job30.log", "exitStatus": "0"}
[2026-04-16 00:57:08.305 +0700] [PROCESS] [cadence.virtuoso.ade.simulationMonitor] - Finished Simulation {"hostname": "dtvt_13", "processid": 32574, "history": "ExplorerRun.0", "testname": "gmIdwl_gmid2_1", "cornername": "Nominal", "point": 21, "logfile": "/home/dtvt_13/duyDUT/logs_dtvt_13/logs0/Job30.log", "simid": "21"}
[2026-04-16 00:57:08.820 +0700] [PROCESS] [cadence.virtuoso.ade.simulationMonitor] - Point Finished {"hostname": "dtvt_13", "processid": 32574, "history": "ExplorerRun.0", "testname": "gmIdwl_gmid2_1", "cornername": "Nominal", "point": 21, "logfile": "/home/dtvt_13/duyDUT/logs_dtvt_13/logs0/Job30.log"}
[2026-04-16 00:57:08.827 +0700] [PROCESS] [cadence.virtuoso.ade.simulationMonitor] - HostInfo:
Host name (type):	dtvt_13 (x86_64)
Operating system:	Linux 3.10.0-1160.118.1.el7.x86_64 #1 SMP Wed Apr 24 16:01:50 UTC 2024 {"hostname": "dtvt_13", "processid": 32574, "history": "ExplorerRun.0", "testname": "gmIdwl_gmid2_1", "cornername": "Nominal", "point": 21, "logfile": "/home/dtvt_13/duyDUT/logs_dtvt_13/logs0/Job30.log", "nodename": "dtvt_13", "domainname": "(none)", "machine": "x86_64", "sysname": "Linux", "release": "3.10.0-1160.118.1.el7.x86_64", "version": "#1 SMP Wed Apr 24 16:01:50 UTC 2024"}
[2026-04-16 00:57:08.828 +0700] [PROCESS] [cadence.virtuoso.ade.simulationMonitor] - UsageInfo:
pid=32574
totalPhysicalMemory=15.208324GB,Used=14.675365GB,totalVirtualMemory=22.895821GB,Used=14.704662GB
Cpu: Cores=24, Load average:0.140000,0.280000,0.250000 {"hostname": "dtvt_13", "processid": 32574, "history": "ExplorerRun.0", "testname": "gmIdwl_gmid2_1", "cornername": "Nominal", "point": 21, "logfile": "/home/dtvt_13/duyDUT/logs_dtvt_13/logs0/Job30.log", "pid": "32574", "totalPhysicalMemory": "15.208324", "physicalMemoryUsed": "14.675365", "totalVirtualMemory": "22.895821", "virtualMemoryUsed": "14.704662", "cpuCores": "24", "processes": "2570", "loadAverage1": "0.140000", "loadAverage5": "0.280000", "loadAverage15": "0.250000", "loadAverage1Percent": "0.005833"}
[2026-04-16 00:57:08.828 +0700] [EVENT] [cadence.virtuoso.ade.simulationMonitor] - NewPoint {"history": "ExplorerRun.0", "point": 22, "testname": "gmIdwl_gmid2_1", "cornername": "Nominal", "event": "NewPoint", "EventSource": "Simulation Monitor", "HistoryName": "ExplorerRun.0", "logFile": "/home/dtvt_13/duyDUT/logs_dtvt_13/logs0/Job30.log", "logFileSize": "232607"}
[2026-04-16 00:57:08.930 +0700] [EVENT] [cadence.virtuoso.ade.simulationMonitor] - NewPoint {"history": "ExplorerRun.0", "point": 22, "testname": "gmIdwl_gmid2_1", "cornername": "Nominal", "event": "NewPoint", "EventSource": "spectre", "HistoryName": "ExplorerRun.0", "logFile": "/home/dtvt_13/simulation/gmIdwl/gmid2/maestro/results/maestro/ExplorerRun.0/22/gmIdwl_gmid2_1/psf/spectre.out", "logFileSize": "-1"}
[2026-04-16 00:57:08.941 +0700] [PROCESS] [cadence.virtuoso.ade.simulationMonitor] - Simulator launched {"hostname": "dtvt_13", "processid": 32574, "history": "ExplorerRun.0", "testname": "gmIdwl_gmid2_1", "cornername": "Nominal", "point": 22, "logfile": "/home/dtvt_13/duyDUT/logs_dtvt_13/logs0/Job30.log", "simid": "22"}
[2026-04-16 00:57:08.942 +0700] [PROCESS] [cadence.virtuoso.ade.simulationMonitor] - Started Simulation {"hostname": "dtvt_13", "processid": 32574, "history": "ExplorerRun.0", "testname": "gmIdwl_gmid2_1", "cornername": "Nominal", "point": 22, "logfile": "/home/dtvt_13/duyDUT/logs_dtvt_13/logs0/Job30.log"}
[2026-04-16 00:57:30.213 +0700] [INFO] [cadence.virtuoso.ade.simulationMonitor] - Peak resident memory used = 86.1 Mbytes. {"history": "ExplorerRun.0", "point": 22, "testname": "gmIdwl_gmid2_1", "cornername": "Nominal"}
[2026-04-16 00:57:30.214 +0700] [INFO] [cadence.virtuoso.ade.simulationMonitor] - Peak resident memory used = 96.4 Mbytes. {"history": "ExplorerRun.0", "point": 22, "testname": "gmIdwl_gmid2_1", "cornername": "Nominal"}
[2026-04-16 00:57:30.214 +0700] [INFO] [cadence.virtuoso.ade.simulationMonitor] - Notice from spectre during hierarchy flattening.
    The value 'psf' specified for the 'checklimitdest' option will no longer be supported in future releases. Use 'spectre -h' to see other recommended values for the 'checklimitdest' option. {"history": "ExplorerRun.0", "point": 22, "testname": "gmIdwl_gmid2_1", "cornername": "Nominal"}
[2026-04-16 00:57:30.214 +0700] [INFO] [cadence.virtuoso.ade.simulationMonitor] - Peak resident memory used = 97.3 Mbytes. {"history": "ExplorerRun.0", "point": 22, "testname": "gmIdwl_gmid2_1", "cornername": "Nominal"}
[2026-04-16 00:57:30.214 +0700] [WARN] [cadence.virtuoso.ade.simulationMonitor] -     WARNING (SPECTRE-8061): `PM0': Does not have a terminal named `id'. {"history": "ExplorerRun.0", "point": 22, "testname": "gmIdwl_gmid2_1", "cornername": "Nominal"}
[2026-04-16 00:57:30.215 +0700] [WARN] [cadence.virtuoso.ade.simulationMonitor] -     WARNING (SPECTRE-8287): Ignoring invalid item `PM0:id' in save statement. {"history": "ExplorerRun.0", "point": 22, "testname": "gmIdwl_gmid2_1", "cornername": "Nominal"}
[2026-04-16 00:57:30.215 +0700] [WARN] [cadence.virtuoso.ade.simulationMonitor] -     WARNING (SPECTRE-8061): `PM0': Does not have a terminal named `gm'. {"history": "ExplorerRun.0", "point": 22, "testname": "gmIdwl_gmid2_1", "cornername": "Nominal"}
[2026-04-16 00:57:30.215 +0700] [WARN] [cadence.virtuoso.ade.simulationMonitor] -     WARNING (SPECTRE-8287): Ignoring invalid item `PM0:gm' in save statement. {"history": "ExplorerRun.0", "point": 22, "testname": "gmIdwl_gmid2_1", "cornername": "Nominal"}
[2026-04-16 00:57:30.215 +0700] [WARN] [cadence.virtuoso.ade.simulationMonitor] -     WARNING (SPECTRE-8061): `PM0': Does not have a terminal named `vgs'. {"history": "ExplorerRun.0", "point": 22, "testname": "gmIdwl_gmid2_1", "cornername": "Nominal"}
[2026-04-16 00:57:30.215 +0700] [WARN] [cadence.virtuoso.ade.simulationMonitor] -     WARNING (SPECTRE-8287): Ignoring invalid item `PM0:vgs' in save statement. {"history": "ExplorerRun.0", "point": 22, "testname": "gmIdwl_gmid2_1", "cornername": "Nominal"}
[2026-04-16 00:57:30.215 +0700] [WARN] [cadence.virtuoso.ade.simulationMonitor] -     WARNING (SPECTRE-8061): `PM0': Does not have a terminal named `vth'. {"history": "ExplorerRun.0", "point": 22, "testname": "gmIdwl_gmid2_1", "cornername": "Nominal"}
[2026-04-16 00:57:30.215 +0700] [WARN] [cadence.virtuoso.ade.simulationMonitor] -     WARNING (SPECTRE-8287): Ignoring invalid item `PM0:vth' in save statement. {"history": "ExplorerRun.0", "point": 22, "testname": "gmIdwl_gmid2_1", "cornername": "Nominal"}
[2026-04-16 00:57:30.215 +0700] [INFO] [cadence.virtuoso.ade.simulationMonitor] - Notice from spectre during initial setup.
    Multithreading is disabled due to the size of the design being too small. {"history": "ExplorerRun.0", "point": 22, "testname": "gmIdwl_gmid2_1", "cornername": "Nominal"}
[2026-04-16 00:57:30.216 +0700] [INFO] [cadence.virtuoso.ade.simulationMonitor] -               nodes 3 {"history": "ExplorerRun.0", "point": 22, "testname": "gmIdwl_gmid2_1", "cornername": "Nominal"}
[2026-04-16 00:57:30.216 +0700] [INFO] [cadence.virtuoso.ade.simulationMonitor] - Notice from spectre during initial setup.
    APS enabled. {"history": "ExplorerRun.0", "point": 22, "testname": "gmIdwl_gmid2_1", "cornername": "Nominal"}
[2026-04-16 00:57:30.216 +0700] [INFO] [cadence.virtuoso.ade.simulationMonitor] - Peak resident memory used = 98.8 Mbytes. {"history": "ExplorerRun.0", "point": 22, "testname": "gmIdwl_gmid2_1", "cornername": "Nominal"}
[2026-04-16 00:57:30.216 +0700] [INFO] [cadence.virtuoso.ade.simulationMonitor] -    -   (APS) Multi-threading. The recommended number of threads is 1, consider adding +mt=1 on command line. {"history": "ExplorerRun.0", "point": 22, "testname": "gmIdwl_gmid2_1", "cornername": "Nominal"}
[2026-04-16 00:57:30.216 +0700] [INFO] [cadence.virtuoso.ade.simulationMonitor] - Total time required for dc analysis `dcOp': CPU = 2.021 ms, elapsed = 3.0098 ms. {"history": "ExplorerRun.0", "point": 22, "testname": "gmIdwl_gmid2_1", "cornername": "Nominal"}
[2026-04-16 00:57:30.216 +0700] [INFO] [cadence.virtuoso.ade.simulationMonitor] - Peak resident memory used = 100 Mbytes. {"history": "ExplorerRun.0", "point": 22, "testname": "gmIdwl_gmid2_1", "cornername": "Nominal"}
[2026-04-16 00:57:31.217 +0700] [PROCESS] [cadence.virtuoso.ade.simulationMonitor] - Finished simulating for one point {"hostname": "dtvt_13", "processid": 32574, "history": "ExplorerRun.0", "testname": "gmIdwl_gmid2_1", "cornername": "Nominal", "point": 22, "logfile": "/home/dtvt_13/duyDUT/logs_dtvt_13/logs0/Job30.log", "simid": "22"}
[2026-04-16 00:57:31.217 +0700] [INFO] [cadence.virtuoso.ade.simulationMonitor] - Notice from spectre at vsg = 934e-03 during DC analysis `dc'.
    The value of parameter 'vsg' has been reset to the original value 0.6. {"history": "ExplorerRun.0", "point": 22, "testname": "gmIdwl_gmid2_1", "cornername": "Nominal"}
[2026-04-16 00:57:31.218 +0700] [INFO] [cadence.virtuoso.ade.simulationMonitor] - Total time required for dc analysis `dc': CPU = 627.795 ms, elapsed = 628.841 ms. {"history": "ExplorerRun.0", "point": 22, "testname": "gmIdwl_gmid2_1", "cornername": "Nominal"}
[2026-04-16 00:57:31.218 +0700] [INFO] [cadence.virtuoso.ade.simulationMonitor] - Peak resident memory used = 102 Mbytes. {"history": "ExplorerRun.0", "point": 22, "testname": "gmIdwl_gmid2_1", "cornername": "Nominal"}
[2026-04-16 00:57:31.218 +0700] [INFO] [cadence.virtuoso.ade.simulationMonitor] - Time used: CPU = 1.04 s, elapsed = 21.6 s, util. = 4.79%. {"history": "ExplorerRun.0", "point": 22, "testname": "gmIdwl_gmid2_1", "cornername": "Nominal"}
[2026-04-16 00:57:31.219 +0700] [INFO] [cadence.virtuoso.ade.simulationMonitor] - Time spent in licensing: elapsed = 20.5 s, percentage of total = 94.8%. {"history": "ExplorerRun.0", "point": 22, "testname": "gmIdwl_gmid2_1", "cornername": "Nominal"}
[2026-04-16 00:57:31.219 +0700] [INFO] [cadence.virtuoso.ade.simulationMonitor] - Peak memory used = 110 Mbytes. {"history": "ExplorerRun.0", "point": 22, "testname": "gmIdwl_gmid2_1", "cornername": "Nominal"}
[2026-04-16 00:57:31.220 +0700] [PROCESS] [cadence.virtuoso.ade.simulationMonitor] - Simulation started at: 12:57:09 AM, Thur Apr 16, 2026, ended at: 12:57:30 AM, Thur Apr 16, 2026, with elapsed time (wall clock): 21.6 s. {"history": "ExplorerRun.0", "point": 22, "testname": "gmIdwl_gmid2_1", "cornername": "Nominal"}
[2026-04-16 00:57:31.220 +0700] [PROCESS] [cadence.virtuoso.ade.simulationMonitor] - spectre completes with 0 errors, 8 warnings, and 5 notices. {"history": "ExplorerRun.0", "point": 22, "testname": "gmIdwl_gmid2_1", "cornername": "Nominal"}
[2026-04-16 00:57:31.220 +0700] [PROCESS] [cadence.virtuoso.ade.simulationMonitor] - Simulator exited {"hostname": "dtvt_13", "processid": 32574, "history": "ExplorerRun.0", "testname": "gmIdwl_gmid2_1", "cornername": "Nominal", "point": 22, "logfile": "/home/dtvt_13/duyDUT/logs_dtvt_13/logs0/Job30.log", "exitStatus": "0"}
[2026-04-16 00:57:31.220 +0700] [PROCESS] [cadence.virtuoso.ade.simulationMonitor] - Finished Simulation {"hostname": "dtvt_13", "processid": 32574, "history": "ExplorerRun.0", "testname": "gmIdwl_gmid2_1", "cornername": "Nominal", "point": 22, "logfile": "/home/dtvt_13/duyDUT/logs_dtvt_13/logs0/Job30.log", "simid": "22"}
[2026-04-16 00:57:32.235 +0700] [PROCESS] [cadence.virtuoso.ade.simulationMonitor] - Point Finished {"hostname": "dtvt_13", "processid": 32574, "history": "ExplorerRun.0", "testname": "gmIdwl_gmid2_1", "cornername": "Nominal", "point": 22, "logfile": "/home/dtvt_13/duyDUT/logs_dtvt_13/logs0/Job30.log"}
[2026-04-16 00:57:32.243 +0700] [PROCESS] [cadence.virtuoso.ade.simulationMonitor] - HostInfo:
Host name (type):	dtvt_13 (x86_64)
Operating system:	Linux 3.10.0-1160.118.1.el7.x86_64 #1 SMP Wed Apr 24 16:01:50 UTC 2024 {"hostname": "dtvt_13", "processid": 32574, "history": "ExplorerRun.0", "testname": "gmIdwl_gmid2_1", "cornername": "Nominal", "point": 22, "logfile": "/home/dtvt_13/duyDUT/logs_dtvt_13/logs0/Job30.log", "nodename": "dtvt_13", "domainname": "(none)", "machine": "x86_64", "sysname": "Linux", "release": "3.10.0-1160.118.1.el7.x86_64", "version": "#1 SMP Wed Apr 24 16:01:50 UTC 2024"}
[2026-04-16 00:57:32.244 +0700] [PROCESS] [cadence.virtuoso.ade.simulationMonitor] - UsageInfo:
pid=32574
totalPhysicalMemory=15.208324GB,Used=14.677124GB,totalVirtualMemory=22.895821GB,Used=14.706421GB
Cpu: Cores=24, Load average:0.100000,0.260000,0.240000 {"hostname": "dtvt_13", "processid": 32574, "history": "ExplorerRun.0", "testname": "gmIdwl_gmid2_1", "cornername": "Nominal", "point": 22, "logfile": "/home/dtvt_13/duyDUT/logs_dtvt_13/logs0/Job30.log", "pid": "32574", "totalPhysicalMemory": "15.208324", "physicalMemoryUsed": "14.677124", "totalVirtualMemory": "22.895821", "virtualMemoryUsed": "14.706421", "cpuCores": "24", "processes": "2570", "loadAverage1": "0.100000", "loadAverage5": "0.260000", "loadAverage15": "0.240000", "loadAverage1Percent": "0.004167"}
[2026-04-16 00:57:32.244 +0700] [EVENT] [cadence.virtuoso.ade.simulationMonitor] - NewPoint {"history": "ExplorerRun.0", "point": 23, "testname": "gmIdwl_gmid2_1", "cornername": "Nominal", "event": "NewPoint", "EventSource": "Simulation Monitor", "HistoryName": "ExplorerRun.0", "logFile": "/home/dtvt_13/duyDUT/logs_dtvt_13/logs0/Job30.log", "logFileSize": "243587"}
[2026-04-16 00:57:32.346 +0700] [EVENT] [cadence.virtuoso.ade.simulationMonitor] - NewPoint {"history": "ExplorerRun.0", "point": 23, "testname": "gmIdwl_gmid2_1", "cornername": "Nominal", "event": "NewPoint", "EventSource": "spectre", "HistoryName": "ExplorerRun.0", "logFile": "/home/dtvt_13/simulation/gmIdwl/gmid2/maestro/results/maestro/ExplorerRun.0/23/gmIdwl_gmid2_1/psf/spectre.out", "logFileSize": "-1"}
[2026-04-16 00:57:32.356 +0700] [PROCESS] [cadence.virtuoso.ade.simulationMonitor] - Simulator launched {"hostname": "dtvt_13", "processid": 32574, "history": "ExplorerRun.0", "testname": "gmIdwl_gmid2_1", "cornername": "Nominal", "point": 23, "logfile": "/home/dtvt_13/duyDUT/logs_dtvt_13/logs0/Job30.log", "simid": "23"}
[2026-04-16 00:57:32.357 +0700] [PROCESS] [cadence.virtuoso.ade.simulationMonitor] - Started Simulation {"hostname": "dtvt_13", "processid": 32574, "history": "ExplorerRun.0", "testname": "gmIdwl_gmid2_1", "cornername": "Nominal", "point": 23, "logfile": "/home/dtvt_13/duyDUT/logs_dtvt_13/logs0/Job30.log"}
[2026-04-16 00:57:53.640 +0700] [INFO] [cadence.virtuoso.ade.simulationMonitor] - Peak resident memory used = 86.1 Mbytes. {"history": "ExplorerRun.0", "point": 23, "testname": "gmIdwl_gmid2_1", "cornername": "Nominal"}
[2026-04-16 00:57:53.640 +0700] [INFO] [cadence.virtuoso.ade.simulationMonitor] - Peak resident memory used = 96.4 Mbytes. {"history": "ExplorerRun.0", "point": 23, "testname": "gmIdwl_gmid2_1", "cornername": "Nominal"}
[2026-04-16 00:57:53.640 +0700] [INFO] [cadence.virtuoso.ade.simulationMonitor] - Notice from spectre during hierarchy flattening.
    The value 'psf' specified for the 'checklimitdest' option will no longer be supported in future releases. Use 'spectre -h' to see other recommended values for the 'checklimitdest' option. {"history": "ExplorerRun.0", "point": 23, "testname": "gmIdwl_gmid2_1", "cornername": "Nominal"}
[2026-04-16 00:57:53.640 +0700] [INFO] [cadence.virtuoso.ade.simulationMonitor] - Peak resident memory used = 97.3 Mbytes. {"history": "ExplorerRun.0", "point": 23, "testname": "gmIdwl_gmid2_1", "cornername": "Nominal"}
[2026-04-16 00:57:53.640 +0700] [WARN] [cadence.virtuoso.ade.simulationMonitor] -     WARNING (SPECTRE-8061): `PM0': Does not have a terminal named `id'. {"history": "ExplorerRun.0", "point": 23, "testname": "gmIdwl_gmid2_1", "cornername": "Nominal"}
[2026-04-16 00:57:53.641 +0700] [WARN] [cadence.virtuoso.ade.simulationMonitor] -     WARNING (SPECTRE-8287): Ignoring invalid item `PM0:id' in save statement. {"history": "ExplorerRun.0", "point": 23, "testname": "gmIdwl_gmid2_1", "cornername": "Nominal"}
[2026-04-16 00:57:53.641 +0700] [WARN] [cadence.virtuoso.ade.simulationMonitor] -     WARNING (SPECTRE-8061): `PM0': Does not have a terminal named `gm'. {"history": "ExplorerRun.0", "point": 23, "testname": "gmIdwl_gmid2_1", "cornername": "Nominal"}
[2026-04-16 00:57:53.641 +0700] [WARN] [cadence.virtuoso.ade.simulationMonitor] -     WARNING (SPECTRE-8287): Ignoring invalid item `PM0:gm' in save statement. {"history": "ExplorerRun.0", "point": 23, "testname": "gmIdwl_gmid2_1", "cornername": "Nominal"}
[2026-04-16 00:57:53.641 +0700] [WARN] [cadence.virtuoso.ade.simulationMonitor] -     WARNING (SPECTRE-8061): `PM0': Does not have a terminal named `vgs'. {"history": "ExplorerRun.0", "point": 23, "testname": "gmIdwl_gmid2_1", "cornername": "Nominal"}
[2026-04-16 00:57:53.641 +0700] [WARN] [cadence.virtuoso.ade.simulationMonitor] -     WARNING (SPECTRE-8287): Ignoring invalid item `PM0:vgs' in save statement. {"history": "ExplorerRun.0", "point": 23, "testname": "gmIdwl_gmid2_1", "cornername": "Nominal"}
[2026-04-16 00:57:53.641 +0700] [WARN] [cadence.virtuoso.ade.simulationMonitor] -     WARNING (SPECTRE-8061): `PM0': Does not have a terminal named `vth'. {"history": "ExplorerRun.0", "point": 23, "testname": "gmIdwl_gmid2_1", "cornername": "Nominal"}
[2026-04-16 00:57:53.641 +0700] [WARN] [cadence.virtuoso.ade.simulationMonitor] -     WARNING (SPECTRE-8287): Ignoring invalid item `PM0:vth' in save statement. {"history": "ExplorerRun.0", "point": 23, "testname": "gmIdwl_gmid2_1", "cornername": "Nominal"}
[2026-04-16 00:57:53.641 +0700] [INFO] [cadence.virtuoso.ade.simulationMonitor] - Notice from spectre during initial setup.
    Multithreading is disabled due to the size of the design being too small. {"history": "ExplorerRun.0", "point": 23, "testname": "gmIdwl_gmid2_1", "cornername": "Nominal"}
[2026-04-16 00:57:53.641 +0700] [INFO] [cadence.virtuoso.ade.simulationMonitor] -               nodes 3 {"history": "ExplorerRun.0", "point": 23, "testname": "gmIdwl_gmid2_1", "cornername": "Nominal"}
[2026-04-16 00:57:53.641 +0700] [INFO] [cadence.virtuoso.ade.simulationMonitor] - Notice from spectre during initial setup.
    APS enabled. {"history": "ExplorerRun.0", "point": 23, "testname": "gmIdwl_gmid2_1", "cornername": "Nominal"}
[2026-04-16 00:57:53.641 +0700] [INFO] [cadence.virtuoso.ade.simulationMonitor] - Peak resident memory used = 98.8 Mbytes. {"history": "ExplorerRun.0", "point": 23, "testname": "gmIdwl_gmid2_1", "cornername": "Nominal"}
[2026-04-16 00:57:53.641 +0700] [INFO] [cadence.virtuoso.ade.simulationMonitor] -    -   (APS) Multi-threading. The recommended number of threads is 1, consider adding +mt=1 on command line. {"history": "ExplorerRun.0", "point": 23, "testname": "gmIdwl_gmid2_1", "cornername": "Nominal"}
[2026-04-16 00:57:53.641 +0700] [INFO] [cadence.virtuoso.ade.simulationMonitor] - Total time required for dc analysis `dcOp': CPU = 1.573 ms, elapsed = 2.56705 ms. {"history": "ExplorerRun.0", "point": 23, "testname": "gmIdwl_gmid2_1", "cornername": "Nominal"}
[2026-04-16 00:57:53.641 +0700] [INFO] [cadence.virtuoso.ade.simulationMonitor] - Peak resident memory used = 101 Mbytes. {"history": "ExplorerRun.0", "point": 23, "testname": "gmIdwl_gmid2_1", "cornername": "Nominal"}
[2026-04-16 00:57:54.143 +0700] [PROCESS] [cadence.virtuoso.ade.simulationMonitor] - Finished simulating for one point {"hostname": "dtvt_13", "processid": 32574, "history": "ExplorerRun.0", "testname": "gmIdwl_gmid2_1", "cornername": "Nominal", "point": 23, "logfile": "/home/dtvt_13/duyDUT/logs_dtvt_13/logs0/Job30.log", "simid": "23"}
[2026-04-16 00:57:54.143 +0700] [INFO] [cadence.virtuoso.ade.simulationMonitor] - Notice from spectre at vsg = 934e-03 during DC analysis `dc'.
    The value of parameter 'vsg' has been reset to the original value 0.6. {"history": "ExplorerRun.0", "point": 23, "testname": "gmIdwl_gmid2_1", "cornername": "Nominal"}
[2026-04-16 00:57:54.144 +0700] [INFO] [cadence.virtuoso.ade.simulationMonitor] - Total time required for dc analysis `dc': CPU = 625.872 ms, elapsed = 626.856 ms. {"history": "ExplorerRun.0", "point": 23, "testname": "gmIdwl_gmid2_1", "cornername": "Nominal"}
[2026-04-16 00:57:54.144 +0700] [INFO] [cadence.virtuoso.ade.simulationMonitor] - Peak resident memory used = 102 Mbytes. {"history": "ExplorerRun.0", "point": 23, "testname": "gmIdwl_gmid2_1", "cornername": "Nominal"}
[2026-04-16 00:57:54.145 +0700] [INFO] [cadence.virtuoso.ade.simulationMonitor] - Time used: CPU = 1.01 s, elapsed = 21.3 s, util. = 4.72%. {"history": "ExplorerRun.0", "point": 23, "testname": "gmIdwl_gmid2_1", "cornername": "Nominal"}
[2026-04-16 00:57:54.145 +0700] [INFO] [cadence.virtuoso.ade.simulationMonitor] - Time spent in licensing: elapsed = 20.3 s, percentage of total = 95.2%. {"history": "ExplorerRun.0", "point": 23, "testname": "gmIdwl_gmid2_1", "cornername": "Nominal"}
[2026-04-16 00:57:54.145 +0700] [INFO] [cadence.virtuoso.ade.simulationMonitor] - Peak memory used = 110 Mbytes. {"history": "ExplorerRun.0", "point": 23, "testname": "gmIdwl_gmid2_1", "cornername": "Nominal"}
[2026-04-16 00:57:54.146 +0700] [PROCESS] [cadence.virtuoso.ade.simulationMonitor] - Simulation started at: 12:57:32 AM, Thur Apr 16, 2026, ended at: 12:57:53 AM, Thur Apr 16, 2026, with elapsed time (wall clock): 21.3 s. {"history": "ExplorerRun.0", "point": 23, "testname": "gmIdwl_gmid2_1", "cornername": "Nominal"}
[2026-04-16 00:57:54.146 +0700] [PROCESS] [cadence.virtuoso.ade.simulationMonitor] - spectre completes with 0 errors, 8 warnings, and 5 notices. {"history": "ExplorerRun.0", "point": 23, "testname": "gmIdwl_gmid2_1", "cornername": "Nominal"}
[2026-04-16 00:57:54.146 +0700] [PROCESS] [cadence.virtuoso.ade.simulationMonitor] - Simulator exited {"hostname": "dtvt_13", "processid": 32574, "history": "ExplorerRun.0", "testname": "gmIdwl_gmid2_1", "cornername": "Nominal", "point": 23, "logfile": "/home/dtvt_13/duyDUT/logs_dtvt_13/logs0/Job30.log", "exitStatus": "0"}
[2026-04-16 00:57:54.147 +0700] [PROCESS] [cadence.virtuoso.ade.simulationMonitor] - Finished Simulation {"hostname": "dtvt_13", "processid": 32574, "history": "ExplorerRun.0", "testname": "gmIdwl_gmid2_1", "cornername": "Nominal", "point": 23, "logfile": "/home/dtvt_13/duyDUT/logs_dtvt_13/logs0/Job30.log", "simid": "23"}
[2026-04-16 00:57:55.161 +0700] [PROCESS] [cadence.virtuoso.ade.simulationMonitor] - Point Finished {"hostname": "dtvt_13", "processid": 32574, "history": "ExplorerRun.0", "testname": "gmIdwl_gmid2_1", "cornername": "Nominal", "point": 23, "logfile": "/home/dtvt_13/duyDUT/logs_dtvt_13/logs0/Job30.log"}
[2026-04-16 00:57:55.167 +0700] [PROCESS] [cadence.virtuoso.ade.simulationMonitor] - HostInfo:
Host name (type):	dtvt_13 (x86_64)
Operating system:	Linux 3.10.0-1160.118.1.el7.x86_64 #1 SMP Wed Apr 24 16:01:50 UTC 2024 {"hostname": "dtvt_13", "processid": 32574, "history": "ExplorerRun.0", "testname": "gmIdwl_gmid2_1", "cornername": "Nominal", "point": 23, "logfile": "/home/dtvt_13/duyDUT/logs_dtvt_13/logs0/Job30.log", "nodename": "dtvt_13", "domainname": "(none)", "machine": "x86_64", "sysname": "Linux", "release": "3.10.0-1160.118.1.el7.x86_64", "version": "#1 SMP Wed Apr 24 16:01:50 UTC 2024"}
[2026-04-16 00:57:55.168 +0700] [PROCESS] [cadence.virtuoso.ade.simulationMonitor] - UsageInfo:
pid=32574
totalPhysicalMemory=15.208324GB,Used=14.681149GB,totalVirtualMemory=22.895821GB,Used=14.710445GB
Cpu: Cores=24, Load average:0.150000,0.250000,0.240000 {"hostname": "dtvt_13", "processid": 32574, "history": "ExplorerRun.0", "testname": "gmIdwl_gmid2_1", "cornername": "Nominal", "point": 23, "logfile": "/home/dtvt_13/duyDUT/logs_dtvt_13/logs0/Job30.log", "pid": "32574", "totalPhysicalMemory": "15.208324", "physicalMemoryUsed": "14.681149", "totalVirtualMemory": "22.895821", "virtualMemoryUsed": "14.710445", "cpuCores": "24", "processes": "2570", "loadAverage1": "0.150000", "loadAverage5": "0.250000", "loadAverage15": "0.240000", "loadAverage1Percent": "0.006250"}
[2026-04-16 00:57:55.169 +0700] [EVENT] [cadence.virtuoso.ade.simulationMonitor] - NewPoint {"history": "ExplorerRun.0", "point": 24, "testname": "gmIdwl_gmid2_1", "cornername": "Nominal", "event": "NewPoint", "EventSource": "Simulation Monitor", "HistoryName": "ExplorerRun.0", "logFile": "/home/dtvt_13/duyDUT/logs_dtvt_13/logs0/Job30.log", "logFileSize": "254568"}
[2026-04-16 00:57:55.275 +0700] [EVENT] [cadence.virtuoso.ade.simulationMonitor] - NewPoint {"history": "ExplorerRun.0", "point": 24, "testname": "gmIdwl_gmid2_1", "cornername": "Nominal", "event": "NewPoint", "EventSource": "spectre", "HistoryName": "ExplorerRun.0", "logFile": "/home/dtvt_13/simulation/gmIdwl/gmid2/maestro/results/maestro/ExplorerRun.0/24/gmIdwl_gmid2_1/psf/spectre.out", "logFileSize": "-1"}
[2026-04-16 00:57:55.285 +0700] [PROCESS] [cadence.virtuoso.ade.simulationMonitor] - Simulator launched {"hostname": "dtvt_13", "processid": 32574, "history": "ExplorerRun.0", "testname": "gmIdwl_gmid2_1", "cornername": "Nominal", "point": 24, "logfile": "/home/dtvt_13/duyDUT/logs_dtvt_13/logs0/Job30.log", "simid": "24"}
[2026-04-16 00:57:55.286 +0700] [PROCESS] [cadence.virtuoso.ade.simulationMonitor] - Started Simulation {"hostname": "dtvt_13", "processid": 32574, "history": "ExplorerRun.0", "testname": "gmIdwl_gmid2_1", "cornername": "Nominal", "point": 24, "logfile": "/home/dtvt_13/duyDUT/logs_dtvt_13/logs0/Job30.log"}
[2026-04-16 00:58:16.570 +0700] [INFO] [cadence.virtuoso.ade.simulationMonitor] - Peak resident memory used = 86.1 Mbytes. {"history": "ExplorerRun.0", "point": 24, "testname": "gmIdwl_gmid2_1", "cornername": "Nominal"}
[2026-04-16 00:58:16.570 +0700] [INFO] [cadence.virtuoso.ade.simulationMonitor] - Peak resident memory used = 96.4 Mbytes. {"history": "ExplorerRun.0", "point": 24, "testname": "gmIdwl_gmid2_1", "cornername": "Nominal"}
[2026-04-16 00:58:16.570 +0700] [INFO] [cadence.virtuoso.ade.simulationMonitor] - Notice from spectre during hierarchy flattening.
    The value 'psf' specified for the 'checklimitdest' option will no longer be supported in future releases. Use 'spectre -h' to see other recommended values for the 'checklimitdest' option. {"history": "ExplorerRun.0", "point": 24, "testname": "gmIdwl_gmid2_1", "cornername": "Nominal"}
[2026-04-16 00:58:16.570 +0700] [INFO] [cadence.virtuoso.ade.simulationMonitor] - Peak resident memory used = 97.3 Mbytes. {"history": "ExplorerRun.0", "point": 24, "testname": "gmIdwl_gmid2_1", "cornername": "Nominal"}
[2026-04-16 00:58:16.570 +0700] [WARN] [cadence.virtuoso.ade.simulationMonitor] -     WARNING (SPECTRE-8061): `PM0': Does not have a terminal named `id'. {"history": "ExplorerRun.0", "point": 24, "testname": "gmIdwl_gmid2_1", "cornername": "Nominal"}
[2026-04-16 00:58:16.570 +0700] [WARN] [cadence.virtuoso.ade.simulationMonitor] -     WARNING (SPECTRE-8287): Ignoring invalid item `PM0:id' in save statement. {"history": "ExplorerRun.0", "point": 24, "testname": "gmIdwl_gmid2_1", "cornername": "Nominal"}
[2026-04-16 00:58:16.570 +0700] [WARN] [cadence.virtuoso.ade.simulationMonitor] -     WARNING (SPECTRE-8061): `PM0': Does not have a terminal named `gm'. {"history": "ExplorerRun.0", "point": 24, "testname": "gmIdwl_gmid2_1", "cornername": "Nominal"}
[2026-04-16 00:58:16.570 +0700] [WARN] [cadence.virtuoso.ade.simulationMonitor] -     WARNING (SPECTRE-8287): Ignoring invalid item `PM0:gm' in save statement. {"history": "ExplorerRun.0", "point": 24, "testname": "gmIdwl_gmid2_1", "cornername": "Nominal"}
[2026-04-16 00:58:16.571 +0700] [WARN] [cadence.virtuoso.ade.simulationMonitor] -     WARNING (SPECTRE-8061): `PM0': Does not have a terminal named `vgs'. {"history": "ExplorerRun.0", "point": 24, "testname": "gmIdwl_gmid2_1", "cornername": "Nominal"}
[2026-04-16 00:58:16.571 +0700] [WARN] [cadence.virtuoso.ade.simulationMonitor] -     WARNING (SPECTRE-8287): Ignoring invalid item `PM0:vgs' in save statement. {"history": "ExplorerRun.0", "point": 24, "testname": "gmIdwl_gmid2_1", "cornername": "Nominal"}
[2026-04-16 00:58:16.571 +0700] [WARN] [cadence.virtuoso.ade.simulationMonitor] -     WARNING (SPECTRE-8061): `PM0': Does not have a terminal named `vth'. {"history": "ExplorerRun.0", "point": 24, "testname": "gmIdwl_gmid2_1", "cornername": "Nominal"}
[2026-04-16 00:58:16.571 +0700] [WARN] [cadence.virtuoso.ade.simulationMonitor] -     WARNING (SPECTRE-8287): Ignoring invalid item `PM0:vth' in save statement. {"history": "ExplorerRun.0", "point": 24, "testname": "gmIdwl_gmid2_1", "cornername": "Nominal"}
[2026-04-16 00:58:16.571 +0700] [INFO] [cadence.virtuoso.ade.simulationMonitor] - Notice from spectre during initial setup.
    Multithreading is disabled due to the size of the design being too small. {"history": "ExplorerRun.0", "point": 24, "testname": "gmIdwl_gmid2_1", "cornername": "Nominal"}
[2026-04-16 00:58:16.571 +0700] [INFO] [cadence.virtuoso.ade.simulationMonitor] -               nodes 3 {"history": "ExplorerRun.0", "point": 24, "testname": "gmIdwl_gmid2_1", "cornername": "Nominal"}
[2026-04-16 00:58:16.571 +0700] [INFO] [cadence.virtuoso.ade.simulationMonitor] - Notice from spectre during initial setup.
    APS enabled. {"history": "ExplorerRun.0", "point": 24, "testname": "gmIdwl_gmid2_1", "cornername": "Nominal"}
[2026-04-16 00:58:16.571 +0700] [INFO] [cadence.virtuoso.ade.simulationMonitor] - Peak resident memory used = 98.8 Mbytes. {"history": "ExplorerRun.0", "point": 24, "testname": "gmIdwl_gmid2_1", "cornername": "Nominal"}
[2026-04-16 00:58:16.571 +0700] [INFO] [cadence.virtuoso.ade.simulationMonitor] -    -   (APS) Multi-threading. The recommended number of threads is 1, consider adding +mt=1 on command line. {"history": "ExplorerRun.0", "point": 24, "testname": "gmIdwl_gmid2_1", "cornername": "Nominal"}
[2026-04-16 00:58:16.571 +0700] [INFO] [cadence.virtuoso.ade.simulationMonitor] - Total time required for dc analysis `dcOp': CPU = 1.622 ms, elapsed = 2.67601 ms. {"history": "ExplorerRun.0", "point": 24, "testname": "gmIdwl_gmid2_1", "cornername": "Nominal"}
[2026-04-16 00:58:16.571 +0700] [INFO] [cadence.virtuoso.ade.simulationMonitor] - Peak resident memory used = 100 Mbytes. {"history": "ExplorerRun.0", "point": 24, "testname": "gmIdwl_gmid2_1", "cornername": "Nominal"}
[2026-04-16 00:58:17.072 +0700] [PROCESS] [cadence.virtuoso.ade.simulationMonitor] - Finished simulating for one point {"hostname": "dtvt_13", "processid": 32574, "history": "ExplorerRun.0", "testname": "gmIdwl_gmid2_1", "cornername": "Nominal", "point": 24, "logfile": "/home/dtvt_13/duyDUT/logs_dtvt_13/logs0/Job30.log", "simid": "24"}
[2026-04-16 00:58:17.073 +0700] [INFO] [cadence.virtuoso.ade.simulationMonitor] - Notice from spectre at vsg = 934e-03 during DC analysis `dc'.
    The value of parameter 'vsg' has been reset to the original value 0.6. {"history": "ExplorerRun.0", "point": 24, "testname": "gmIdwl_gmid2_1", "cornername": "Nominal"}
[2026-04-16 00:58:17.073 +0700] [INFO] [cadence.virtuoso.ade.simulationMonitor] - Total time required for dc analysis `dc': CPU = 631.15 ms, elapsed = 632.251 ms. {"history": "ExplorerRun.0", "point": 24, "testname": "gmIdwl_gmid2_1", "cornername": "Nominal"}
[2026-04-16 00:58:17.073 +0700] [INFO] [cadence.virtuoso.ade.simulationMonitor] - Peak resident memory used = 102 Mbytes. {"history": "ExplorerRun.0", "point": 24, "testname": "gmIdwl_gmid2_1", "cornername": "Nominal"}
[2026-04-16 00:58:17.074 +0700] [INFO] [cadence.virtuoso.ade.simulationMonitor] - Time used: CPU = 1.01 s, elapsed = 21.3 s, util. = 4.72%. {"history": "ExplorerRun.0", "point": 24, "testname": "gmIdwl_gmid2_1", "cornername": "Nominal"}
[2026-04-16 00:58:17.074 +0700] [INFO] [cadence.virtuoso.ade.simulationMonitor] - Time spent in licensing: elapsed = 20.3 s, percentage of total = 95.1%. {"history": "ExplorerRun.0", "point": 24, "testname": "gmIdwl_gmid2_1", "cornername": "Nominal"}
[2026-04-16 00:58:17.075 +0700] [INFO] [cadence.virtuoso.ade.simulationMonitor] - Peak memory used = 110 Mbytes. {"history": "ExplorerRun.0", "point": 24, "testname": "gmIdwl_gmid2_1", "cornername": "Nominal"}
[2026-04-16 00:58:17.075 +0700] [PROCESS] [cadence.virtuoso.ade.simulationMonitor] - Simulation started at: 12:57:55 AM, Thur Apr 16, 2026, ended at: 12:58:16 AM, Thur Apr 16, 2026, with elapsed time (wall clock): 21.3 s. {"history": "ExplorerRun.0", "point": 24, "testname": "gmIdwl_gmid2_1", "cornername": "Nominal"}
[2026-04-16 00:58:17.075 +0700] [PROCESS] [cadence.virtuoso.ade.simulationMonitor] - spectre completes with 0 errors, 8 warnings, and 5 notices. {"history": "ExplorerRun.0", "point": 24, "testname": "gmIdwl_gmid2_1", "cornername": "Nominal"}
[2026-04-16 00:58:17.075 +0700] [PROCESS] [cadence.virtuoso.ade.simulationMonitor] - Simulator exited {"hostname": "dtvt_13", "processid": 32574, "history": "ExplorerRun.0", "testname": "gmIdwl_gmid2_1", "cornername": "Nominal", "point": 24, "logfile": "/home/dtvt_13/duyDUT/logs_dtvt_13/logs0/Job30.log", "exitStatus": "0"}
[2026-04-16 00:58:17.076 +0700] [PROCESS] [cadence.virtuoso.ade.simulationMonitor] - Finished Simulation {"hostname": "dtvt_13", "processid": 32574, "history": "ExplorerRun.0", "testname": "gmIdwl_gmid2_1", "cornername": "Nominal", "point": 24, "logfile": "/home/dtvt_13/duyDUT/logs_dtvt_13/logs0/Job30.log", "simid": "24"}
[2026-04-16 00:58:18.092 +0700] [PROCESS] [cadence.virtuoso.ade.simulationMonitor] - Point Finished {"hostname": "dtvt_13", "processid": 32574, "history": "ExplorerRun.0", "testname": "gmIdwl_gmid2_1", "cornername": "Nominal", "point": 24, "logfile": "/home/dtvt_13/duyDUT/logs_dtvt_13/logs0/Job30.log"}
[2026-04-16 00:58:18.100 +0700] [PROCESS] [cadence.virtuoso.ade.simulationMonitor] - HostInfo:
Host name (type):	dtvt_13 (x86_64)
Operating system:	Linux 3.10.0-1160.118.1.el7.x86_64 #1 SMP Wed Apr 24 16:01:50 UTC 2024 {"hostname": "dtvt_13", "processid": 32574, "history": "ExplorerRun.0", "testname": "gmIdwl_gmid2_1", "cornername": "Nominal", "point": 24, "logfile": "/home/dtvt_13/duyDUT/logs_dtvt_13/logs0/Job30.log", "nodename": "dtvt_13", "domainname": "(none)", "machine": "x86_64", "sysname": "Linux", "release": "3.10.0-1160.118.1.el7.x86_64", "version": "#1 SMP Wed Apr 24 16:01:50 UTC 2024"}
[2026-04-16 00:58:18.100 +0700] [PROCESS] [cadence.virtuoso.ade.simulationMonitor] - UsageInfo:
pid=32574
totalPhysicalMemory=15.208324GB,Used=14.685596GB,totalVirtualMemory=22.895821GB,Used=14.714893GB
Cpu: Cores=24, Load average:0.110000,0.240000,0.230000 {"hostname": "dtvt_13", "processid": 32574, "history": "ExplorerRun.0", "testname": "gmIdwl_gmid2_1", "cornername": "Nominal", "point": 24, "logfile": "/home/dtvt_13/duyDUT/logs_dtvt_13/logs0/Job30.log", "pid": "32574", "totalPhysicalMemory": "15.208324", "physicalMemoryUsed": "14.685596", "totalVirtualMemory": "22.895821", "virtualMemoryUsed": "14.714893", "cpuCores": "24", "processes": "2570", "loadAverage1": "0.110000", "loadAverage5": "0.240000", "loadAverage15": "0.230000", "loadAverage1Percent": "0.004583"}
[2026-04-16 00:58:18.101 +0700] [EVENT] [cadence.virtuoso.ade.simulationMonitor] - NewPoint {"history": "ExplorerRun.0", "point": 25, "testname": "gmIdwl_gmid2_1", "cornername": "Nominal", "event": "NewPoint", "EventSource": "Simulation Monitor", "HistoryName": "ExplorerRun.0", "logFile": "/home/dtvt_13/duyDUT/logs_dtvt_13/logs0/Job30.log", "logFileSize": "265548"}
[2026-04-16 00:58:18.202 +0700] [EVENT] [cadence.virtuoso.ade.simulationMonitor] - NewPoint {"history": "ExplorerRun.0", "point": 25, "testname": "gmIdwl_gmid2_1", "cornername": "Nominal", "event": "NewPoint", "EventSource": "spectre", "HistoryName": "ExplorerRun.0", "logFile": "/home/dtvt_13/simulation/gmIdwl/gmid2/maestro/results/maestro/ExplorerRun.0/25/gmIdwl_gmid2_1/psf/spectre.out", "logFileSize": "-1"}
[2026-04-16 00:58:18.212 +0700] [PROCESS] [cadence.virtuoso.ade.simulationMonitor] - Simulator launched {"hostname": "dtvt_13", "processid": 32574, "history": "ExplorerRun.0", "testname": "gmIdwl_gmid2_1", "cornername": "Nominal", "point": 25, "logfile": "/home/dtvt_13/duyDUT/logs_dtvt_13/logs0/Job30.log", "simid": "25"}
[2026-04-16 00:58:18.213 +0700] [PROCESS] [cadence.virtuoso.ade.simulationMonitor] - Started Simulation {"hostname": "dtvt_13", "processid": 32574, "history": "ExplorerRun.0", "testname": "gmIdwl_gmid2_1", "cornername": "Nominal", "point": 25, "logfile": "/home/dtvt_13/duyDUT/logs_dtvt_13/logs0/Job30.log"}
[2026-04-16 00:58:39.501 +0700] [INFO] [cadence.virtuoso.ade.simulationMonitor] - Peak resident memory used = 86.1 Mbytes. {"history": "ExplorerRun.0", "point": 25, "testname": "gmIdwl_gmid2_1", "cornername": "Nominal"}
[2026-04-16 00:58:39.501 +0700] [INFO] [cadence.virtuoso.ade.simulationMonitor] - Peak resident memory used = 96.4 Mbytes. {"history": "ExplorerRun.0", "point": 25, "testname": "gmIdwl_gmid2_1", "cornername": "Nominal"}
[2026-04-16 00:58:39.502 +0700] [INFO] [cadence.virtuoso.ade.simulationMonitor] - Notice from spectre during hierarchy flattening.
    The value 'psf' specified for the 'checklimitdest' option will no longer be supported in future releases. Use 'spectre -h' to see other recommended values for the 'checklimitdest' option. {"history": "ExplorerRun.0", "point": 25, "testname": "gmIdwl_gmid2_1", "cornername": "Nominal"}
[2026-04-16 00:58:39.502 +0700] [INFO] [cadence.virtuoso.ade.simulationMonitor] - Peak resident memory used = 97.3 Mbytes. {"history": "ExplorerRun.0", "point": 25, "testname": "gmIdwl_gmid2_1", "cornername": "Nominal"}
[2026-04-16 00:58:39.502 +0700] [WARN] [cadence.virtuoso.ade.simulationMonitor] -     WARNING (SPECTRE-8061): `PM0': Does not have a terminal named `id'. {"history": "ExplorerRun.0", "point": 25, "testname": "gmIdwl_gmid2_1", "cornername": "Nominal"}
[2026-04-16 00:58:39.502 +0700] [WARN] [cadence.virtuoso.ade.simulationMonitor] -     WARNING (SPECTRE-8287): Ignoring invalid item `PM0:id' in save statement. {"history": "ExplorerRun.0", "point": 25, "testname": "gmIdwl_gmid2_1", "cornername": "Nominal"}
[2026-04-16 00:58:39.502 +0700] [WARN] [cadence.virtuoso.ade.simulationMonitor] -     WARNING (SPECTRE-8061): `PM0': Does not have a terminal named `gm'. {"history": "ExplorerRun.0", "point": 25, "testname": "gmIdwl_gmid2_1", "cornername": "Nominal"}
[2026-04-16 00:58:39.503 +0700] [WARN] [cadence.virtuoso.ade.simulationMonitor] -     WARNING (SPECTRE-8287): Ignoring invalid item `PM0:gm' in save statement. {"history": "ExplorerRun.0", "point": 25, "testname": "gmIdwl_gmid2_1", "cornername": "Nominal"}
[2026-04-16 00:58:39.503 +0700] [WARN] [cadence.virtuoso.ade.simulationMonitor] -     WARNING (SPECTRE-8061): `PM0': Does not have a terminal named `vgs'. {"history": "ExplorerRun.0", "point": 25, "testname": "gmIdwl_gmid2_1", "cornername": "Nominal"}
[2026-04-16 00:58:39.503 +0700] [WARN] [cadence.virtuoso.ade.simulationMonitor] -     WARNING (SPECTRE-8287): Ignoring invalid item `PM0:vgs' in save statement. {"history": "ExplorerRun.0", "point": 25, "testname": "gmIdwl_gmid2_1", "cornername": "Nominal"}
[2026-04-16 00:58:39.503 +0700] [WARN] [cadence.virtuoso.ade.simulationMonitor] -     WARNING (SPECTRE-8061): `PM0': Does not have a terminal named `vth'. {"history": "ExplorerRun.0", "point": 25, "testname": "gmIdwl_gmid2_1", "cornername": "Nominal"}
[2026-04-16 00:58:39.504 +0700] [WARN] [cadence.virtuoso.ade.simulationMonitor] -     WARNING (SPECTRE-8287): Ignoring invalid item `PM0:vth' in save statement. {"history": "ExplorerRun.0", "point": 25, "testname": "gmIdwl_gmid2_1", "cornername": "Nominal"}
[2026-04-16 00:58:39.504 +0700] [INFO] [cadence.virtuoso.ade.simulationMonitor] - Notice from spectre during initial setup.
    Multithreading is disabled due to the size of the design being too small. {"history": "ExplorerRun.0", "point": 25, "testname": "gmIdwl_gmid2_1", "cornername": "Nominal"}
[2026-04-16 00:58:39.504 +0700] [INFO] [cadence.virtuoso.ade.simulationMonitor] -               nodes 3 {"history": "ExplorerRun.0", "point": 25, "testname": "gmIdwl_gmid2_1", "cornername": "Nominal"}
[2026-04-16 00:58:39.504 +0700] [INFO] [cadence.virtuoso.ade.simulationMonitor] - Notice from spectre during initial setup.
    APS enabled. {"history": "ExplorerRun.0", "point": 25, "testname": "gmIdwl_gmid2_1", "cornername": "Nominal"}
[2026-04-16 00:58:39.504 +0700] [INFO] [cadence.virtuoso.ade.simulationMonitor] - Peak resident memory used = 98.8 Mbytes. {"history": "ExplorerRun.0", "point": 25, "testname": "gmIdwl_gmid2_1", "cornername": "Nominal"}
[2026-04-16 00:58:39.504 +0700] [INFO] [cadence.virtuoso.ade.simulationMonitor] -    -   (APS) Multi-threading. The recommended number of threads is 1, consider adding +mt=1 on command line. {"history": "ExplorerRun.0", "point": 25, "testname": "gmIdwl_gmid2_1", "cornername": "Nominal"}
[2026-04-16 00:58:39.504 +0700] [INFO] [cadence.virtuoso.ade.simulationMonitor] - Total time required for dc analysis `dcOp': CPU = 2.572 ms, elapsed = 3.68309 ms. {"history": "ExplorerRun.0", "point": 25, "testname": "gmIdwl_gmid2_1", "cornername": "Nominal"}
[2026-04-16 00:58:39.504 +0700] [INFO] [cadence.virtuoso.ade.simulationMonitor] - Peak resident memory used = 100 Mbytes. {"history": "ExplorerRun.0", "point": 25, "testname": "gmIdwl_gmid2_1", "cornername": "Nominal"}
[2026-04-16 00:58:40.006 +0700] [PROCESS] [cadence.virtuoso.ade.simulationMonitor] - Finished simulating for one point {"hostname": "dtvt_13", "processid": 32574, "history": "ExplorerRun.0", "testname": "gmIdwl_gmid2_1", "cornername": "Nominal", "point": 25, "logfile": "/home/dtvt_13/duyDUT/logs_dtvt_13/logs0/Job30.log", "simid": "25"}
[2026-04-16 00:58:40.007 +0700] [INFO] [cadence.virtuoso.ade.simulationMonitor] - Notice from spectre at vsg = 934e-03 during DC analysis `dc'.
    The value of parameter 'vsg' has been reset to the original value 0.6. {"history": "ExplorerRun.0", "point": 25, "testname": "gmIdwl_gmid2_1", "cornername": "Nominal"}
[2026-04-16 00:58:40.007 +0700] [INFO] [cadence.virtuoso.ade.simulationMonitor] - Total time required for dc analysis `dc': CPU = 635.267 ms, elapsed = 636.247 ms. {"history": "ExplorerRun.0", "point": 25, "testname": "gmIdwl_gmid2_1", "cornername": "Nominal"}
[2026-04-16 00:58:40.008 +0700] [INFO] [cadence.virtuoso.ade.simulationMonitor] - Peak resident memory used = 102 Mbytes. {"history": "ExplorerRun.0", "point": 25, "testname": "gmIdwl_gmid2_1", "cornername": "Nominal"}
[2026-04-16 00:58:40.008 +0700] [INFO] [cadence.virtuoso.ade.simulationMonitor] - Time used: CPU = 1.06 s, elapsed = 21.4 s, util. = 4.93%. {"history": "ExplorerRun.0", "point": 25, "testname": "gmIdwl_gmid2_1", "cornername": "Nominal"}
[2026-04-16 00:58:40.008 +0700] [INFO] [cadence.virtuoso.ade.simulationMonitor] - Time spent in licensing: elapsed = 20.3 s, percentage of total = 94.7%. {"history": "ExplorerRun.0", "point": 25, "testname": "gmIdwl_gmid2_1", "cornername": "Nominal"}
[2026-04-16 00:58:40.008 +0700] [INFO] [cadence.virtuoso.ade.simulationMonitor] - Peak memory used = 110 Mbytes. {"history": "ExplorerRun.0", "point": 25, "testname": "gmIdwl_gmid2_1", "cornername": "Nominal"}
[2026-04-16 00:58:40.009 +0700] [PROCESS] [cadence.virtuoso.ade.simulationMonitor] - Simulation started at: 12:58:18 AM, Thur Apr 16, 2026, ended at: 12:58:39 AM, Thur Apr 16, 2026, with elapsed time (wall clock): 21.4 s. {"history": "ExplorerRun.0", "point": 25, "testname": "gmIdwl_gmid2_1", "cornername": "Nominal"}
[2026-04-16 00:58:40.009 +0700] [PROCESS] [cadence.virtuoso.ade.simulationMonitor] - spectre completes with 0 errors, 8 warnings, and 5 notices. {"history": "ExplorerRun.0", "point": 25, "testname": "gmIdwl_gmid2_1", "cornername": "Nominal"}
[2026-04-16 00:58:40.009 +0700] [PROCESS] [cadence.virtuoso.ade.simulationMonitor] - Simulator exited {"hostname": "dtvt_13", "processid": 32574, "history": "ExplorerRun.0", "testname": "gmIdwl_gmid2_1", "cornername": "Nominal", "point": 25, "logfile": "/home/dtvt_13/duyDUT/logs_dtvt_13/logs0/Job30.log", "exitStatus": "0"}
[2026-04-16 00:58:40.009 +0700] [PROCESS] [cadence.virtuoso.ade.simulationMonitor] - Finished Simulation {"hostname": "dtvt_13", "processid": 32574, "history": "ExplorerRun.0", "testname": "gmIdwl_gmid2_1", "cornername": "Nominal", "point": 25, "logfile": "/home/dtvt_13/duyDUT/logs_dtvt_13/logs0/Job30.log", "simid": "25"}
[2026-04-16 00:58:41.024 +0700] [PROCESS] [cadence.virtuoso.ade.simulationMonitor] - Point Finished {"hostname": "dtvt_13", "processid": 32574, "history": "ExplorerRun.0", "testname": "gmIdwl_gmid2_1", "cornername": "Nominal", "point": 25, "logfile": "/home/dtvt_13/duyDUT/logs_dtvt_13/logs0/Job30.log"}
[2026-04-16 00:58:41.031 +0700] [PROCESS] [cadence.virtuoso.ade.simulationMonitor] - HostInfo:
Host name (type):	dtvt_13 (x86_64)
Operating system:	Linux 3.10.0-1160.118.1.el7.x86_64 #1 SMP Wed Apr 24 16:01:50 UTC 2024 {"hostname": "dtvt_13", "processid": 32574, "history": "ExplorerRun.0", "testname": "gmIdwl_gmid2_1", "cornername": "Nominal", "point": 25, "logfile": "/home/dtvt_13/duyDUT/logs_dtvt_13/logs0/Job30.log", "nodename": "dtvt_13", "domainname": "(none)", "machine": "x86_64", "sysname": "Linux", "release": "3.10.0-1160.118.1.el7.x86_64", "version": "#1 SMP Wed Apr 24 16:01:50 UTC 2024"}
[2026-04-16 00:58:41.031 +0700] [PROCESS] [cadence.virtuoso.ade.simulationMonitor] - UsageInfo:
pid=32574
totalPhysicalMemory=15.208324GB,Used=14.643345GB,totalVirtualMemory=22.895821GB,Used=14.672642GB
Cpu: Cores=24, Load average:0.130000,0.230000,0.230000 {"hostname": "dtvt_13", "processid": 32574, "history": "ExplorerRun.0", "testname": "gmIdwl_gmid2_1", "cornername": "Nominal", "point": 25, "logfile": "/home/dtvt_13/duyDUT/logs_dtvt_13/logs0/Job30.log", "pid": "32574", "totalPhysicalMemory": "15.208324", "physicalMemoryUsed": "14.643345", "totalVirtualMemory": "22.895821", "virtualMemoryUsed": "14.672642", "cpuCores": "24", "processes": "2580", "loadAverage1": "0.130000", "loadAverage5": "0.230000", "loadAverage15": "0.230000", "loadAverage1Percent": "0.005417"}
[2026-04-16 00:58:41.032 +0700] [EVENT] [cadence.virtuoso.ade.simulationMonitor] - NewPoint {"history": "ExplorerRun.0", "point": 26, "testname": "gmIdwl_gmid2_1", "cornername": "Nominal", "event": "NewPoint", "EventSource": "Simulation Monitor", "HistoryName": "ExplorerRun.0", "logFile": "/home/dtvt_13/duyDUT/logs_dtvt_13/logs0/Job30.log", "logFileSize": "276529"}
[2026-04-16 00:58:41.133 +0700] [EVENT] [cadence.virtuoso.ade.simulationMonitor] - NewPoint {"history": "ExplorerRun.0", "point": 26, "testname": "gmIdwl_gmid2_1", "cornername": "Nominal", "event": "NewPoint", "EventSource": "spectre", "HistoryName": "ExplorerRun.0", "logFile": "/home/dtvt_13/simulation/gmIdwl/gmid2/maestro/results/maestro/ExplorerRun.0/26/gmIdwl_gmid2_1/psf/spectre.out", "logFileSize": "-1"}
[2026-04-16 00:58:41.144 +0700] [PROCESS] [cadence.virtuoso.ade.simulationMonitor] - Simulator launched {"hostname": "dtvt_13", "processid": 32574, "history": "ExplorerRun.0", "testname": "gmIdwl_gmid2_1", "cornername": "Nominal", "point": 26, "logfile": "/home/dtvt_13/duyDUT/logs_dtvt_13/logs0/Job30.log", "simid": "26"}
[2026-04-16 00:58:41.145 +0700] [PROCESS] [cadence.virtuoso.ade.simulationMonitor] - Started Simulation {"hostname": "dtvt_13", "processid": 32574, "history": "ExplorerRun.0", "testname": "gmIdwl_gmid2_1", "cornername": "Nominal", "point": 26, "logfile": "/home/dtvt_13/duyDUT/logs_dtvt_13/logs0/Job30.log"}
[2026-04-16 00:59:02.523 +0700] [INFO] [cadence.virtuoso.ade.simulationMonitor] - Peak resident memory used = 86.1 Mbytes. {"history": "ExplorerRun.0", "point": 26, "testname": "gmIdwl_gmid2_1", "cornername": "Nominal"}
[2026-04-16 00:59:02.523 +0700] [INFO] [cadence.virtuoso.ade.simulationMonitor] - Peak resident memory used = 96.4 Mbytes. {"history": "ExplorerRun.0", "point": 26, "testname": "gmIdwl_gmid2_1", "cornername": "Nominal"}
[2026-04-16 00:59:02.523 +0700] [INFO] [cadence.virtuoso.ade.simulationMonitor] - Notice from spectre during hierarchy flattening.
    The value 'psf' specified for the 'checklimitdest' option will no longer be supported in future releases. Use 'spectre -h' to see other recommended values for the 'checklimitdest' option. {"history": "ExplorerRun.0", "point": 26, "testname": "gmIdwl_gmid2_1", "cornername": "Nominal"}
[2026-04-16 00:59:02.523 +0700] [INFO] [cadence.virtuoso.ade.simulationMonitor] - Peak resident memory used = 97.3 Mbytes. {"history": "ExplorerRun.0", "point": 26, "testname": "gmIdwl_gmid2_1", "cornername": "Nominal"}
[2026-04-16 00:59:02.524 +0700] [WARN] [cadence.virtuoso.ade.simulationMonitor] -     WARNING (SPECTRE-8061): `PM0': Does not have a terminal named `id'. {"history": "ExplorerRun.0", "point": 26, "testname": "gmIdwl_gmid2_1", "cornername": "Nominal"}
[2026-04-16 00:59:02.524 +0700] [WARN] [cadence.virtuoso.ade.simulationMonitor] -     WARNING (SPECTRE-8287): Ignoring invalid item `PM0:id' in save statement. {"history": "ExplorerRun.0", "point": 26, "testname": "gmIdwl_gmid2_1", "cornername": "Nominal"}
[2026-04-16 00:59:02.524 +0700] [WARN] [cadence.virtuoso.ade.simulationMonitor] -     WARNING (SPECTRE-8061): `PM0': Does not have a terminal named `gm'. {"history": "ExplorerRun.0", "point": 26, "testname": "gmIdwl_gmid2_1", "cornername": "Nominal"}
[2026-04-16 00:59:02.524 +0700] [WARN] [cadence.virtuoso.ade.simulationMonitor] -     WARNING (SPECTRE-8287): Ignoring invalid item `PM0:gm' in save statement. {"history": "ExplorerRun.0", "point": 26, "testname": "gmIdwl_gmid2_1", "cornername": "Nominal"}
[2026-04-16 00:59:02.524 +0700] [WARN] [cadence.virtuoso.ade.simulationMonitor] -     WARNING (SPECTRE-8061): `PM0': Does not have a terminal named `vgs'. {"history": "ExplorerRun.0", "point": 26, "testname": "gmIdwl_gmid2_1", "cornername": "Nominal"}
[2026-04-16 00:59:02.524 +0700] [WARN] [cadence.virtuoso.ade.simulationMonitor] -     WARNING (SPECTRE-8287): Ignoring invalid item `PM0:vgs' in save statement. {"history": "ExplorerRun.0", "point": 26, "testname": "gmIdwl_gmid2_1", "cornername": "Nominal"}
[2026-04-16 00:59:02.524 +0700] [WARN] [cadence.virtuoso.ade.simulationMonitor] -     WARNING (SPECTRE-8061): `PM0': Does not have a terminal named `vth'. {"history": "ExplorerRun.0", "point": 26, "testname": "gmIdwl_gmid2_1", "cornername": "Nominal"}
[2026-04-16 00:59:02.524 +0700] [WARN] [cadence.virtuoso.ade.simulationMonitor] -     WARNING (SPECTRE-8287): Ignoring invalid item `PM0:vth' in save statement. {"history": "ExplorerRun.0", "point": 26, "testname": "gmIdwl_gmid2_1", "cornername": "Nominal"}
[2026-04-16 00:59:02.524 +0700] [INFO] [cadence.virtuoso.ade.simulationMonitor] - Notice from spectre during initial setup.
    Multithreading is disabled due to the size of the design being too small. {"history": "ExplorerRun.0", "point": 26, "testname": "gmIdwl_gmid2_1", "cornername": "Nominal"}
[2026-04-16 00:59:02.524 +0700] [INFO] [cadence.virtuoso.ade.simulationMonitor] -               nodes 3 {"history": "ExplorerRun.0", "point": 26, "testname": "gmIdwl_gmid2_1", "cornername": "Nominal"}
[2026-04-16 00:59:02.524 +0700] [INFO] [cadence.virtuoso.ade.simulationMonitor] - Notice from spectre during initial setup.
    APS enabled. {"history": "ExplorerRun.0", "point": 26, "testname": "gmIdwl_gmid2_1", "cornername": "Nominal"}
[2026-04-16 00:59:02.525 +0700] [INFO] [cadence.virtuoso.ade.simulationMonitor] - Peak resident memory used = 98.8 Mbytes. {"history": "ExplorerRun.0", "point": 26, "testname": "gmIdwl_gmid2_1", "cornername": "Nominal"}
[2026-04-16 00:59:02.525 +0700] [INFO] [cadence.virtuoso.ade.simulationMonitor] -    -   (APS) Multi-threading. The recommended number of threads is 1, consider adding +mt=1 on command line. {"history": "ExplorerRun.0", "point": 26, "testname": "gmIdwl_gmid2_1", "cornername": "Nominal"}
[2026-04-16 00:59:02.525 +0700] [INFO] [cadence.virtuoso.ade.simulationMonitor] - Total time required for dc analysis `dcOp': CPU = 1.569 ms, elapsed = 2.59089 ms. {"history": "ExplorerRun.0", "point": 26, "testname": "gmIdwl_gmid2_1", "cornername": "Nominal"}
[2026-04-16 00:59:02.525 +0700] [INFO] [cadence.virtuoso.ade.simulationMonitor] - Peak resident memory used = 101 Mbytes. {"history": "ExplorerRun.0", "point": 26, "testname": "gmIdwl_gmid2_1", "cornername": "Nominal"}
[2026-04-16 00:59:03.026 +0700] [PROCESS] [cadence.virtuoso.ade.simulationMonitor] - Finished simulating for one point {"hostname": "dtvt_13", "processid": 32574, "history": "ExplorerRun.0", "testname": "gmIdwl_gmid2_1", "cornername": "Nominal", "point": 26, "logfile": "/home/dtvt_13/duyDUT/logs_dtvt_13/logs0/Job30.log", "simid": "26"}
[2026-04-16 00:59:03.026 +0700] [INFO] [cadence.virtuoso.ade.simulationMonitor] - Notice from spectre at vsg = 934e-03 during DC analysis `dc'.
    The value of parameter 'vsg' has been reset to the original value 0.6. {"history": "ExplorerRun.0", "point": 26, "testname": "gmIdwl_gmid2_1", "cornername": "Nominal"}
[2026-04-16 00:59:03.027 +0700] [INFO] [cadence.virtuoso.ade.simulationMonitor] - Total time required for dc analysis `dc': CPU = 626.808 ms, elapsed = 627.855 ms. {"history": "ExplorerRun.0", "point": 26, "testname": "gmIdwl_gmid2_1", "cornername": "Nominal"}
[2026-04-16 00:59:03.027 +0700] [INFO] [cadence.virtuoso.ade.simulationMonitor] - Peak resident memory used = 102 Mbytes. {"history": "ExplorerRun.0", "point": 26, "testname": "gmIdwl_gmid2_1", "cornername": "Nominal"}
[2026-04-16 00:59:03.027 +0700] [INFO] [cadence.virtuoso.ade.simulationMonitor] - Time used: CPU = 1.02 s, elapsed = 21.4 s, util. = 4.78%. {"history": "ExplorerRun.0", "point": 26, "testname": "gmIdwl_gmid2_1", "cornername": "Nominal"}
[2026-04-16 00:59:03.028 +0700] [INFO] [cadence.virtuoso.ade.simulationMonitor] - Time spent in licensing: elapsed = 20.4 s, percentage of total = 95.3%. {"history": "ExplorerRun.0", "point": 26, "testname": "gmIdwl_gmid2_1", "cornername": "Nominal"}
[2026-04-16 00:59:03.028 +0700] [INFO] [cadence.virtuoso.ade.simulationMonitor] - Peak memory used = 110 Mbytes. {"history": "ExplorerRun.0", "point": 26, "testname": "gmIdwl_gmid2_1", "cornername": "Nominal"}
[2026-04-16 00:59:03.028 +0700] [PROCESS] [cadence.virtuoso.ade.simulationMonitor] - Simulation started at: 12:58:41 AM, Thur Apr 16, 2026, ended at: 12:59:02 AM, Thur Apr 16, 2026, with elapsed time (wall clock): 21.4 s. {"history": "ExplorerRun.0", "point": 26, "testname": "gmIdwl_gmid2_1", "cornername": "Nominal"}
[2026-04-16 00:59:03.029 +0700] [PROCESS] [cadence.virtuoso.ade.simulationMonitor] - spectre completes with 0 errors, 8 warnings, and 5 notices. {"history": "ExplorerRun.0", "point": 26, "testname": "gmIdwl_gmid2_1", "cornername": "Nominal"}
[2026-04-16 00:59:03.029 +0700] [PROCESS] [cadence.virtuoso.ade.simulationMonitor] - Simulator exited {"hostname": "dtvt_13", "processid": 32574, "history": "ExplorerRun.0", "testname": "gmIdwl_gmid2_1", "cornername": "Nominal", "point": 26, "logfile": "/home/dtvt_13/duyDUT/logs_dtvt_13/logs0/Job30.log", "exitStatus": "0"}
[2026-04-16 00:59:03.029 +0700] [PROCESS] [cadence.virtuoso.ade.simulationMonitor] - Finished Simulation {"hostname": "dtvt_13", "processid": 32574, "history": "ExplorerRun.0", "testname": "gmIdwl_gmid2_1", "cornername": "Nominal", "point": 26, "logfile": "/home/dtvt_13/duyDUT/logs_dtvt_13/logs0/Job30.log", "simid": "26"}
[2026-04-16 00:59:04.043 +0700] [PROCESS] [cadence.virtuoso.ade.simulationMonitor] - Point Finished {"hostname": "dtvt_13", "processid": 32574, "history": "ExplorerRun.0", "testname": "gmIdwl_gmid2_1", "cornername": "Nominal", "point": 26, "logfile": "/home/dtvt_13/duyDUT/logs_dtvt_13/logs0/Job30.log"}
[2026-04-16 00:59:04.045 +0700] [PROCESS] [cadence.virtuoso.ade.simulationMonitor] - HostInfo:
Host name (type):	dtvt_13 (x86_64)
Operating system:	Linux 3.10.0-1160.118.1.el7.x86_64 #1 SMP Wed Apr 24 16:01:50 UTC 2024 {"hostname": "dtvt_13", "processid": 32574, "history": "ExplorerRun.0", "testname": "gmIdwl_gmid2_1", "cornername": "Nominal", "point": 26, "logfile": "/home/dtvt_13/duyDUT/logs_dtvt_13/logs0/Job30.log", "nodename": "dtvt_13", "domainname": "(none)", "machine": "x86_64", "sysname": "Linux", "release": "3.10.0-1160.118.1.el7.x86_64", "version": "#1 SMP Wed Apr 24 16:01:50 UTC 2024"}
[2026-04-16 00:59:04.045 +0700] [PROCESS] [cadence.virtuoso.ade.simulationMonitor] - UsageInfo:
pid=32574
totalPhysicalMemory=15.208324GB,Used=14.640575GB,totalVirtualMemory=22.895821GB,Used=14.669872GB
Cpu: Cores=24, Load average:0.160000,0.230000,0.230000 {"hostname": "dtvt_13", "processid": 32574, "history": "ExplorerRun.0", "testname": "gmIdwl_gmid2_1", "cornername": "Nominal", "point": 26, "logfile": "/home/dtvt_13/duyDUT/logs_dtvt_13/logs0/Job30.log", "pid": "32574", "totalPhysicalMemory": "15.208324", "physicalMemoryUsed": "14.640575", "totalVirtualMemory": "22.895821", "virtualMemoryUsed": "14.669872", "cpuCores": "24", "processes": "2582", "loadAverage1": "0.160000", "loadAverage5": "0.230000", "loadAverage15": "0.230000", "loadAverage1Percent": "0.006667"}
[2026-04-16 00:59:04.046 +0700] [EVENT] [cadence.virtuoso.ade.simulationMonitor] - NewPoint {"history": "ExplorerRun.0", "point": 27, "testname": "gmIdwl_gmid2_1", "cornername": "Nominal", "event": "NewPoint", "EventSource": "Simulation Monitor", "HistoryName": "ExplorerRun.0", "logFile": "/home/dtvt_13/duyDUT/logs_dtvt_13/logs0/Job30.log", "logFileSize": "287510"}
[2026-04-16 00:59:04.150 +0700] [EVENT] [cadence.virtuoso.ade.simulationMonitor] - NewPoint {"history": "ExplorerRun.0", "point": 27, "testname": "gmIdwl_gmid2_1", "cornername": "Nominal", "event": "NewPoint", "EventSource": "spectre", "HistoryName": "ExplorerRun.0", "logFile": "/home/dtvt_13/simulation/gmIdwl/gmid2/maestro/results/maestro/ExplorerRun.0/27/gmIdwl_gmid2_1/psf/spectre.out", "logFileSize": "-1"}
[2026-04-16 00:59:04.159 +0700] [PROCESS] [cadence.virtuoso.ade.simulationMonitor] - Simulator launched {"hostname": "dtvt_13", "processid": 32574, "history": "ExplorerRun.0", "testname": "gmIdwl_gmid2_1", "cornername": "Nominal", "point": 27, "logfile": "/home/dtvt_13/duyDUT/logs_dtvt_13/logs0/Job30.log", "simid": "27"}
[2026-04-16 00:59:04.160 +0700] [PROCESS] [cadence.virtuoso.ade.simulationMonitor] - Started Simulation {"hostname": "dtvt_13", "processid": 32574, "history": "ExplorerRun.0", "testname": "gmIdwl_gmid2_1", "cornername": "Nominal", "point": 27, "logfile": "/home/dtvt_13/duyDUT/logs_dtvt_13/logs0/Job30.log"}
[2026-04-16 00:59:25.517 +0700] [INFO] [cadence.virtuoso.ade.simulationMonitor] - Peak resident memory used = 86.1 Mbytes. {"history": "ExplorerRun.0", "point": 27, "testname": "gmIdwl_gmid2_1", "cornername": "Nominal"}
[2026-04-16 00:59:25.517 +0700] [INFO] [cadence.virtuoso.ade.simulationMonitor] - Peak resident memory used = 96.4 Mbytes. {"history": "ExplorerRun.0", "point": 27, "testname": "gmIdwl_gmid2_1", "cornername": "Nominal"}
[2026-04-16 00:59:25.517 +0700] [INFO] [cadence.virtuoso.ade.simulationMonitor] - Notice from spectre during hierarchy flattening.
    The value 'psf' specified for the 'checklimitdest' option will no longer be supported in future releases. Use 'spectre -h' to see other recommended values for the 'checklimitdest' option. {"history": "ExplorerRun.0", "point": 27, "testname": "gmIdwl_gmid2_1", "cornername": "Nominal"}
[2026-04-16 00:59:25.517 +0700] [INFO] [cadence.virtuoso.ade.simulationMonitor] - Peak resident memory used = 97.3 Mbytes. {"history": "ExplorerRun.0", "point": 27, "testname": "gmIdwl_gmid2_1", "cornername": "Nominal"}
[2026-04-16 00:59:25.517 +0700] [WARN] [cadence.virtuoso.ade.simulationMonitor] -     WARNING (SPECTRE-8061): `PM0': Does not have a terminal named `id'. {"history": "ExplorerRun.0", "point": 27, "testname": "gmIdwl_gmid2_1", "cornername": "Nominal"}
[2026-04-16 00:59:25.518 +0700] [WARN] [cadence.virtuoso.ade.simulationMonitor] -     WARNING (SPECTRE-8287): Ignoring invalid item `PM0:id' in save statement. {"history": "ExplorerRun.0", "point": 27, "testname": "gmIdwl_gmid2_1", "cornername": "Nominal"}
[2026-04-16 00:59:25.518 +0700] [WARN] [cadence.virtuoso.ade.simulationMonitor] -     WARNING (SPECTRE-8061): `PM0': Does not have a terminal named `gm'. {"history": "ExplorerRun.0", "point": 27, "testname": "gmIdwl_gmid2_1", "cornername": "Nominal"}
[2026-04-16 00:59:25.518 +0700] [WARN] [cadence.virtuoso.ade.simulationMonitor] -     WARNING (SPECTRE-8287): Ignoring invalid item `PM0:gm' in save statement. {"history": "ExplorerRun.0", "point": 27, "testname": "gmIdwl_gmid2_1", "cornername": "Nominal"}
[2026-04-16 00:59:25.518 +0700] [WARN] [cadence.virtuoso.ade.simulationMonitor] -     WARNING (SPECTRE-8061): `PM0': Does not have a terminal named `vgs'. {"history": "ExplorerRun.0", "point": 27, "testname": "gmIdwl_gmid2_1", "cornername": "Nominal"}
[2026-04-16 00:59:25.518 +0700] [WARN] [cadence.virtuoso.ade.simulationMonitor] -     WARNING (SPECTRE-8287): Ignoring invalid item `PM0:vgs' in save statement. {"history": "ExplorerRun.0", "point": 27, "testname": "gmIdwl_gmid2_1", "cornername": "Nominal"}
[2026-04-16 00:59:25.518 +0700] [WARN] [cadence.virtuoso.ade.simulationMonitor] -     WARNING (SPECTRE-8061): `PM0': Does not have a terminal named `vth'. {"history": "ExplorerRun.0", "point": 27, "testname": "gmIdwl_gmid2_1", "cornername": "Nominal"}
[2026-04-16 00:59:25.518 +0700] [WARN] [cadence.virtuoso.ade.simulationMonitor] -     WARNING (SPECTRE-8287): Ignoring invalid item `PM0:vth' in save statement. {"history": "ExplorerRun.0", "point": 27, "testname": "gmIdwl_gmid2_1", "cornername": "Nominal"}
[2026-04-16 00:59:25.518 +0700] [INFO] [cadence.virtuoso.ade.simulationMonitor] - Notice from spectre during initial setup.
    Multithreading is disabled due to the size of the design being too small. {"history": "ExplorerRun.0", "point": 27, "testname": "gmIdwl_gmid2_1", "cornername": "Nominal"}
[2026-04-16 00:59:25.518 +0700] [INFO] [cadence.virtuoso.ade.simulationMonitor] -               nodes 3 {"history": "ExplorerRun.0", "point": 27, "testname": "gmIdwl_gmid2_1", "cornername": "Nominal"}
[2026-04-16 00:59:25.518 +0700] [INFO] [cadence.virtuoso.ade.simulationMonitor] - Notice from spectre during initial setup.
    APS enabled. {"history": "ExplorerRun.0", "point": 27, "testname": "gmIdwl_gmid2_1", "cornername": "Nominal"}
[2026-04-16 00:59:25.518 +0700] [INFO] [cadence.virtuoso.ade.simulationMonitor] - Peak resident memory used = 98.8 Mbytes. {"history": "ExplorerRun.0", "point": 27, "testname": "gmIdwl_gmid2_1", "cornername": "Nominal"}
[2026-04-16 00:59:25.518 +0700] [INFO] [cadence.virtuoso.ade.simulationMonitor] -    -   (APS) Multi-threading. The recommended number of threads is 1, consider adding +mt=1 on command line. {"history": "ExplorerRun.0", "point": 27, "testname": "gmIdwl_gmid2_1", "cornername": "Nominal"}
[2026-04-16 00:59:25.518 +0700] [INFO] [cadence.virtuoso.ade.simulationMonitor] - Total time required for dc analysis `dcOp': CPU = 1.644 ms, elapsed = 2.65503 ms. {"history": "ExplorerRun.0", "point": 27, "testname": "gmIdwl_gmid2_1", "cornername": "Nominal"}
[2026-04-16 00:59:25.519 +0700] [INFO] [cadence.virtuoso.ade.simulationMonitor] - Peak resident memory used = 100 Mbytes. {"history": "ExplorerRun.0", "point": 27, "testname": "gmIdwl_gmid2_1", "cornername": "Nominal"}
[2026-04-16 00:59:26.019 +0700] [PROCESS] [cadence.virtuoso.ade.simulationMonitor] - Finished simulating for one point {"hostname": "dtvt_13", "processid": 32574, "history": "ExplorerRun.0", "testname": "gmIdwl_gmid2_1", "cornername": "Nominal", "point": 27, "logfile": "/home/dtvt_13/duyDUT/logs_dtvt_13/logs0/Job30.log", "simid": "27"}
[2026-04-16 00:59:26.019 +0700] [INFO] [cadence.virtuoso.ade.simulationMonitor] - Notice from spectre at vsg = 934e-03 during DC analysis `dc'.
    The value of parameter 'vsg' has been reset to the original value 0.6. {"history": "ExplorerRun.0", "point": 27, "testname": "gmIdwl_gmid2_1", "cornername": "Nominal"}
[2026-04-16 00:59:26.019 +0700] [INFO] [cadence.virtuoso.ade.simulationMonitor] - Total time required for dc analysis `dc': CPU = 622.624 ms, elapsed = 623.651 ms. {"history": "ExplorerRun.0", "point": 27, "testname": "gmIdwl_gmid2_1", "cornername": "Nominal"}
[2026-04-16 00:59:26.020 +0700] [INFO] [cadence.virtuoso.ade.simulationMonitor] - Peak resident memory used = 102 Mbytes. {"history": "ExplorerRun.0", "point": 27, "testname": "gmIdwl_gmid2_1", "cornername": "Nominal"}
[2026-04-16 00:59:26.020 +0700] [INFO] [cadence.virtuoso.ade.simulationMonitor] - Time used: CPU = 1.03 s, elapsed = 21.4 s, util. = 4.83%. {"history": "ExplorerRun.0", "point": 27, "testname": "gmIdwl_gmid2_1", "cornername": "Nominal"}
[2026-04-16 00:59:26.020 +0700] [INFO] [cadence.virtuoso.ade.simulationMonitor] - Time spent in licensing: elapsed = 20.4 s, percentage of total = 95.2%. {"history": "ExplorerRun.0", "point": 27, "testname": "gmIdwl_gmid2_1", "cornername": "Nominal"}
[2026-04-16 00:59:26.020 +0700] [INFO] [cadence.virtuoso.ade.simulationMonitor] - Peak memory used = 110 Mbytes. {"history": "ExplorerRun.0", "point": 27, "testname": "gmIdwl_gmid2_1", "cornername": "Nominal"}
[2026-04-16 00:59:26.020 +0700] [PROCESS] [cadence.virtuoso.ade.simulationMonitor] - Simulation started at: 12:59:04 AM, Thur Apr 16, 2026, ended at: 12:59:25 AM, Thur Apr 16, 2026, with elapsed time (wall clock): 21.4 s. {"history": "ExplorerRun.0", "point": 27, "testname": "gmIdwl_gmid2_1", "cornername": "Nominal"}
[2026-04-16 00:59:26.020 +0700] [PROCESS] [cadence.virtuoso.ade.simulationMonitor] - spectre completes with 0 errors, 8 warnings, and 5 notices. {"history": "ExplorerRun.0", "point": 27, "testname": "gmIdwl_gmid2_1", "cornername": "Nominal"}
[2026-04-16 00:59:26.020 +0700] [PROCESS] [cadence.virtuoso.ade.simulationMonitor] - Simulator exited {"hostname": "dtvt_13", "processid": 32574, "history": "ExplorerRun.0", "testname": "gmIdwl_gmid2_1", "cornername": "Nominal", "point": 27, "logfile": "/home/dtvt_13/duyDUT/logs_dtvt_13/logs0/Job30.log", "exitStatus": "0"}
[2026-04-16 00:59:26.020 +0700] [PROCESS] [cadence.virtuoso.ade.simulationMonitor] - Finished Simulation {"hostname": "dtvt_13", "processid": 32574, "history": "ExplorerRun.0", "testname": "gmIdwl_gmid2_1", "cornername": "Nominal", "point": 27, "logfile": "/home/dtvt_13/duyDUT/logs_dtvt_13/logs0/Job30.log", "simid": "27"}
[2026-04-16 00:59:26.526 +0700] [PROCESS] [cadence.virtuoso.ade.simulationMonitor] - Point Finished {"hostname": "dtvt_13", "processid": 32574, "history": "ExplorerRun.0", "testname": "gmIdwl_gmid2_1", "cornername": "Nominal", "point": 27, "logfile": "/home/dtvt_13/duyDUT/logs_dtvt_13/logs0/Job30.log"}
[2026-04-16 00:59:26.534 +0700] [PROCESS] [cadence.virtuoso.ade.simulationMonitor] - HostInfo:
Host name (type):	dtvt_13 (x86_64)
Operating system:	Linux 3.10.0-1160.118.1.el7.x86_64 #1 SMP Wed Apr 24 16:01:50 UTC 2024 {"hostname": "dtvt_13", "processid": 32574, "history": "ExplorerRun.0", "testname": "gmIdwl_gmid2_1", "cornername": "Nominal", "point": 27, "logfile": "/home/dtvt_13/duyDUT/logs_dtvt_13/logs0/Job30.log", "nodename": "dtvt_13", "domainname": "(none)", "machine": "x86_64", "sysname": "Linux", "release": "3.10.0-1160.118.1.el7.x86_64", "version": "#1 SMP Wed Apr 24 16:01:50 UTC 2024"}
[2026-04-16 00:59:26.535 +0700] [PROCESS] [cadence.virtuoso.ade.simulationMonitor] - UsageInfo:
pid=32574
totalPhysicalMemory=15.208324GB,Used=14.681183GB,totalVirtualMemory=22.895821GB,Used=14.710480GB
Cpu: Cores=24, Load average:0.200000,0.230000,0.230000 {"hostname": "dtvt_13", "processid": 32574, "history": "ExplorerRun.0", "testname": "gmIdwl_gmid2_1", "cornername": "Nominal", "point": 27, "logfile": "/home/dtvt_13/duyDUT/logs_dtvt_13/logs0/Job30.log", "pid": "32574", "totalPhysicalMemory": "15.208324", "physicalMemoryUsed": "14.681183", "totalVirtualMemory": "22.895821", "virtualMemoryUsed": "14.710480", "cpuCores": "24", "processes": "2574", "loadAverage1": "0.200000", "loadAverage5": "0.230000", "loadAverage15": "0.230000", "loadAverage1Percent": "0.008333"}
[2026-04-16 00:59:26.535 +0700] [EVENT] [cadence.virtuoso.ade.simulationMonitor] - NewPoint {"history": "ExplorerRun.0", "point": 28, "testname": "gmIdwl_gmid2_1", "cornername": "Nominal", "event": "NewPoint", "EventSource": "Simulation Monitor", "HistoryName": "ExplorerRun.0", "logFile": "/home/dtvt_13/duyDUT/logs_dtvt_13/logs0/Job30.log", "logFileSize": "298491"}
[2026-04-16 00:59:26.637 +0700] [EVENT] [cadence.virtuoso.ade.simulationMonitor] - NewPoint {"history": "ExplorerRun.0", "point": 28, "testname": "gmIdwl_gmid2_1", "cornername": "Nominal", "event": "NewPoint", "EventSource": "spectre", "HistoryName": "ExplorerRun.0", "logFile": "/home/dtvt_13/simulation/gmIdwl/gmid2/maestro/results/maestro/ExplorerRun.0/28/gmIdwl_gmid2_1/psf/spectre.out", "logFileSize": "-1"}
[2026-04-16 00:59:26.647 +0700] [PROCESS] [cadence.virtuoso.ade.simulationMonitor] - Simulator launched {"hostname": "dtvt_13", "processid": 32574, "history": "ExplorerRun.0", "testname": "gmIdwl_gmid2_1", "cornername": "Nominal", "point": 28, "logfile": "/home/dtvt_13/duyDUT/logs_dtvt_13/logs0/Job30.log", "simid": "28"}
[2026-04-16 00:59:26.648 +0700] [PROCESS] [cadence.virtuoso.ade.simulationMonitor] - Started Simulation {"hostname": "dtvt_13", "processid": 32574, "history": "ExplorerRun.0", "testname": "gmIdwl_gmid2_1", "cornername": "Nominal", "point": 28, "logfile": "/home/dtvt_13/duyDUT/logs_dtvt_13/logs0/Job30.log"}
[2026-04-16 00:59:31.151 +0700] [PROCESS] [cadence.virtuoso.ade.simulationMonitor] - Simulation cancelled {"hostname": "dtvt_13", "processid": 32574, "history": "ExplorerRun.0", "testname": "gmIdwl_gmid2_1", "cornername": "Nominal", "point": 28, "logfile": "/home/dtvt_13/duyDUT/logs_dtvt_13/logs0/Job30.log"}
[2026-04-16 00:59:31.152 +0700] [INFO] [cadence.virtuoso.ade.simulationMonitor] - SimulationMonitor has terminated the spectre process '3134', reason: 'the simulation point gets cancelled by GUI' {"history": "ExplorerRun.0", "point": 28, "testname": "gmIdwl_gmid2_1", "cornername": "Nominal"}
[2026-04-16 00:59:31.154 +0700] [PROCESS] [cadence.virtuoso.ade.simulationMonitor] - Finished simulating for one point {"hostname": "dtvt_13", "processid": 32574, "history": "ExplorerRun.0", "testname": "gmIdwl_gmid2_1", "cornername": "Nominal", "point": 28, "logfile": "/home/dtvt_13/duyDUT/logs_dtvt_13/logs0/Job30.log", "simid": "28"}
[2026-04-16 00:59:31.256 +0700] [PROCESS] [cadence.virtuoso.ade.simulationMonitor] - Simulator exited {"hostname": "dtvt_13", "processid": 32574, "history": "ExplorerRun.0", "testname": "gmIdwl_gmid2_1", "cornername": "Nominal", "point": 28, "logfile": "/home/dtvt_13/duyDUT/logs_dtvt_13/logs0/Job30.log", "exitStatus": "0"}
[2026-04-16 00:59:31.257 +0700] [PROCESS] [cadence.virtuoso.ade.simulationMonitor] - Finished Simulation {"hostname": "dtvt_13", "processid": 32574, "history": "ExplorerRun.0", "testname": "gmIdwl_gmid2_1", "cornername": "Nominal", "point": 28, "logfile": "/home/dtvt_13/duyDUT/logs_dtvt_13/logs0/Job30.log", "simid": "28"}
[2026-04-16 01:00:58.686 +0700] [INFO] [cadence.virtuoso.ade.simulationMonitor] - SimulationMonitor has terminated the vds process '300', reason: 'Force to stop the expression evalutor process because of new run' {"history": "ExplorerRun.0", "point": 28, "testname": "gmIdwl_gmid2_1", "cornername": "Nominal"}
[2026-04-16 01:00:58.686 +0700] [PROCESS] [cadence.virtuoso.ade.simulationMonitor] - HostInfo:
Host name (type):	dtvt_13 (x86_64)
Operating system:	Linux 3.10.0-1160.118.1.el7.x86_64 #1 SMP Wed Apr 24 16:01:50 UTC 2024 {"hostname": "dtvt_13", "processid": 32574, "history": "ExplorerRun.0", "testname": "gmIdwl_gmid2_1", "cornername": "Nominal", "point": 28, "logfile": "/home/dtvt_13/duyDUT/logs_dtvt_13/logs0/Job30.log", "nodename": "dtvt_13", "domainname": "(none)", "machine": "x86_64", "sysname": "Linux", "release": "3.10.0-1160.118.1.el7.x86_64", "version": "#1 SMP Wed Apr 24 16:01:50 UTC 2024"}
[2026-04-16 01:00:58.686 +0700] [PROCESS] [cadence.virtuoso.ade.simulationMonitor] - UsageInfo:
pid=32574
totalPhysicalMemory=15.208324GB,Used=14.346157GB,totalVirtualMemory=22.895821GB,Used=14.375454GB
Cpu: Cores=24, Load average:0.140000,0.210000,0.220000 {"hostname": "dtvt_13", "processid": 32574, "history": "ExplorerRun.0", "testname": "gmIdwl_gmid2_1", "cornername": "Nominal", "point": 28, "logfile": "/home/dtvt_13/duyDUT/logs_dtvt_13/logs0/Job30.log", "pid": "32574", "totalPhysicalMemory": "15.208324", "physicalMemoryUsed": "14.346157", "totalVirtualMemory": "22.895821", "virtualMemoryUsed": "14.375454", "cpuCores": "24", "processes": "2544", "loadAverage1": "0.140000", "loadAverage5": "0.210000", "loadAverage15": "0.220000", "loadAverage1Percent": "0.005833"}
[2026-04-16 01:00:58.687 +0700] [EVENT] [cadence.virtuoso.ade.simulationMonitor] - NewPoint {"history": "ExplorerRun.0", "point": 1, "testname": "gmIdwl_gmid2_1", "cornername": "Nominal", "event": "NewPoint", "EventSource": "Simulation Monitor", "HistoryName": "ExplorerRun.0", "logFile": "/home/dtvt_13/duyDUT/logs_dtvt_13/logs0/Job30.log", "logFileSize": "303184"}
[2026-04-16 01:00:58.787 +0700] [EVENT] [cadence.virtuoso.ade.simulationMonitor] - NewPoint {"history": "ExplorerRun.0", "point": 1, "testname": "gmIdwl_gmid2_1", "cornername": "Nominal", "event": "NewPoint", "EventSource": "spectre", "HistoryName": "ExplorerRun.0", "logFile": "/home/dtvt_13/simulation/gmIdwl/gmid2/maestro/results/maestro/ExplorerRun.0/1/gmIdwl_gmid2_1/psf/spectre.out", "logFileSize": "-1"}
[2026-04-16 01:00:58.792 +0700] [PROCESS] [cadence.virtuoso.ade.simulationMonitor] - Simulator launched {"hostname": "dtvt_13", "processid": 32574, "history": "ExplorerRun.0", "testname": "gmIdwl_gmid2_1", "cornername": "Nominal", "point": 1, "logfile": "/home/dtvt_13/duyDUT/logs_dtvt_13/logs0/Job30.log", "simid": "29"}
[2026-04-16 01:00:58.798 +0700] [PROCESS] [cadence.virtuoso.ade.simulationMonitor] - Expression evaluator launched {"hostname": "dtvt_13", "processid": 32574, "history": "ExplorerRun.0", "testname": "gmIdwl_gmid2_1", "cornername": "Nominal", "point": 1, "logfile": "/home/dtvt_13/duyDUT/logs_dtvt_13/logs0/Job30.log"}
[2026-04-16 01:00:58.806 +0700] [PROCESS] [cadence.virtuoso.ade.simulationMonitor] - Started Simulation {"hostname": "dtvt_13", "processid": 32574, "history": "ExplorerRun.0", "testname": "gmIdwl_gmid2_1", "cornername": "Nominal", "point": 1, "logfile": "/home/dtvt_13/duyDUT/logs_dtvt_13/logs0/Job30.log"}
[2026-04-16 01:01:21.220 +0700] [INFO] [cadence.virtuoso.ade.simulationMonitor] - Peak resident memory used = 86 Mbytes. {"history": "ExplorerRun.0", "point": 1, "testname": "gmIdwl_gmid2_1", "cornername": "Nominal"}
[2026-04-16 01:01:21.221 +0700] [INFO] [cadence.virtuoso.ade.simulationMonitor] - Peak resident memory used = 96.4 Mbytes. {"history": "ExplorerRun.0", "point": 1, "testname": "gmIdwl_gmid2_1", "cornername": "Nominal"}
[2026-04-16 01:01:21.221 +0700] [INFO] [cadence.virtuoso.ade.simulationMonitor] - Notice from spectre during hierarchy flattening.
    The value 'psf' specified for the 'checklimitdest' option will no longer be supported in future releases. Use 'spectre -h' to see other recommended values for the 'checklimitdest' option. {"history": "ExplorerRun.0", "point": 1, "testname": "gmIdwl_gmid2_1", "cornername": "Nominal"}
[2026-04-16 01:01:21.222 +0700] [INFO] [cadence.virtuoso.ade.simulationMonitor] - Peak resident memory used = 97.2 Mbytes. {"history": "ExplorerRun.0", "point": 1, "testname": "gmIdwl_gmid2_1", "cornername": "Nominal"}
[2026-04-16 01:01:21.222 +0700] [WARN] [cadence.virtuoso.ade.simulationMonitor] -     WARNING (SPECTRE-8061): `PM0': Does not have a terminal named `id'. {"history": "ExplorerRun.0", "point": 1, "testname": "gmIdwl_gmid2_1", "cornername": "Nominal"}
[2026-04-16 01:01:21.223 +0700] [WARN] [cadence.virtuoso.ade.simulationMonitor] -     WARNING (SPECTRE-8287): Ignoring invalid item `PM0:id' in save statement. {"history": "ExplorerRun.0", "point": 1, "testname": "gmIdwl_gmid2_1", "cornername": "Nominal"}
[2026-04-16 01:01:21.223 +0700] [WARN] [cadence.virtuoso.ade.simulationMonitor] -     WARNING (SPECTRE-8061): `PM0': Does not have a terminal named `gm'. {"history": "ExplorerRun.0", "point": 1, "testname": "gmIdwl_gmid2_1", "cornername": "Nominal"}
[2026-04-16 01:01:21.223 +0700] [WARN] [cadence.virtuoso.ade.simulationMonitor] -     WARNING (SPECTRE-8287): Ignoring invalid item `PM0:gm' in save statement. {"history": "ExplorerRun.0", "point": 1, "testname": "gmIdwl_gmid2_1", "cornername": "Nominal"}
[2026-04-16 01:01:21.223 +0700] [WARN] [cadence.virtuoso.ade.simulationMonitor] -     WARNING (SPECTRE-8061): `PM0': Does not have a terminal named `vgs'. {"history": "ExplorerRun.0", "point": 1, "testname": "gmIdwl_gmid2_1", "cornername": "Nominal"}
[2026-04-16 01:01:21.224 +0700] [WARN] [cadence.virtuoso.ade.simulationMonitor] -     WARNING (SPECTRE-8287): Ignoring invalid item `PM0:vgs' in save statement. {"history": "ExplorerRun.0", "point": 1, "testname": "gmIdwl_gmid2_1", "cornername": "Nominal"}
[2026-04-16 01:01:21.224 +0700] [WARN] [cadence.virtuoso.ade.simulationMonitor] -     WARNING (SPECTRE-8061): `PM0': Does not have a terminal named `vth'. {"history": "ExplorerRun.0", "point": 1, "testname": "gmIdwl_gmid2_1", "cornername": "Nominal"}
[2026-04-16 01:01:21.224 +0700] [WARN] [cadence.virtuoso.ade.simulationMonitor] -     WARNING (SPECTRE-8287): Ignoring invalid item `PM0:vth' in save statement. {"history": "ExplorerRun.0", "point": 1, "testname": "gmIdwl_gmid2_1", "cornername": "Nominal"}
[2026-04-16 01:01:21.224 +0700] [INFO] [cadence.virtuoso.ade.simulationMonitor] - Notice from spectre during initial setup.
    Multithreading is disabled due to the size of the design being too small. {"history": "ExplorerRun.0", "point": 1, "testname": "gmIdwl_gmid2_1", "cornername": "Nominal"}
[2026-04-16 01:01:21.226 +0700] [INFO] [cadence.virtuoso.ade.simulationMonitor] -               nodes 3 {"history": "ExplorerRun.0", "point": 1, "testname": "gmIdwl_gmid2_1", "cornername": "Nominal"}
[2026-04-16 01:01:21.226 +0700] [INFO] [cadence.virtuoso.ade.simulationMonitor] - Notice from spectre during initial setup.
    APS enabled. {"history": "ExplorerRun.0", "point": 1, "testname": "gmIdwl_gmid2_1", "cornername": "Nominal"}
[2026-04-16 01:01:21.226 +0700] [INFO] [cadence.virtuoso.ade.simulationMonitor] - Peak resident memory used = 98.7 Mbytes. {"history": "ExplorerRun.0", "point": 1, "testname": "gmIdwl_gmid2_1", "cornername": "Nominal"}
[2026-04-16 01:01:21.227 +0700] [INFO] [cadence.virtuoso.ade.simulationMonitor] -    -   (APS) Multi-threading. The recommended number of threads is 1, consider adding +mt=1 on command line. {"history": "ExplorerRun.0", "point": 1, "testname": "gmIdwl_gmid2_1", "cornername": "Nominal"}
[2026-04-16 01:01:21.227 +0700] [INFO] [cadence.virtuoso.ade.simulationMonitor] - Total time required for dc analysis `dcOp': CPU = 1.895 ms, elapsed = 3.021 ms. {"history": "ExplorerRun.0", "point": 1, "testname": "gmIdwl_gmid2_1", "cornername": "Nominal"}
[2026-04-16 01:01:21.227 +0700] [INFO] [cadence.virtuoso.ade.simulationMonitor] - Peak resident memory used = 100 Mbytes. {"history": "ExplorerRun.0", "point": 1, "testname": "gmIdwl_gmid2_1", "cornername": "Nominal"}
[2026-04-16 01:01:21.227 +0700] [INFO] [cadence.virtuoso.ade.simulationMonitor] - Notice from spectre at vsg = 934e-03 during DC analysis `dc'.
    The value of parameter 'vsg' has been reset to the original value 0.6. {"history": "ExplorerRun.0", "point": 1, "testname": "gmIdwl_gmid2_1", "cornername": "Nominal"}
[2026-04-16 01:01:21.228 +0700] [INFO] [cadence.virtuoso.ade.simulationMonitor] - Total time required for dc analysis `dc': CPU = 223.712 ms, elapsed = 224.85 ms. {"history": "ExplorerRun.0", "point": 1, "testname": "gmIdwl_gmid2_1", "cornername": "Nominal"}
[2026-04-16 01:01:21.228 +0700] [INFO] [cadence.virtuoso.ade.simulationMonitor] - Peak resident memory used = 101 Mbytes. {"history": "ExplorerRun.0", "point": 1, "testname": "gmIdwl_gmid2_1", "cornername": "Nominal"}
[2026-04-16 01:01:21.228 +0700] [INFO] [cadence.virtuoso.ade.simulationMonitor] - Time used: CPU = 760 ms, elapsed = 22.1 s, util. = 3.44%. {"history": "ExplorerRun.0", "point": 1, "testname": "gmIdwl_gmid2_1", "cornername": "Nominal"}
[2026-04-16 01:01:21.228 +0700] [INFO] [cadence.virtuoso.ade.simulationMonitor] - Time spent in licensing: elapsed = 20.8 s, percentage of total = 94.1%. {"history": "ExplorerRun.0", "point": 1, "testname": "gmIdwl_gmid2_1", "cornername": "Nominal"}
[2026-04-16 01:01:21.229 +0700] [INFO] [cadence.virtuoso.ade.simulationMonitor] - Peak memory used = 110 Mbytes. {"history": "ExplorerRun.0", "point": 1, "testname": "gmIdwl_gmid2_1", "cornername": "Nominal"}
[2026-04-16 01:01:21.229 +0700] [PROCESS] [cadence.virtuoso.ade.simulationMonitor] - Simulation started at: 1:00:58 AM, Thur Apr 16, 2026, ended at: 1:01:21 AM, Thur Apr 16, 2026, with elapsed time (wall clock): 22.1 s. {"history": "ExplorerRun.0", "point": 1, "testname": "gmIdwl_gmid2_1", "cornername": "Nominal"}
[2026-04-16 01:01:21.229 +0700] [PROCESS] [cadence.virtuoso.ade.simulationMonitor] - spectre completes with 0 errors, 8 warnings, and 5 notices. {"history": "ExplorerRun.0", "point": 1, "testname": "gmIdwl_gmid2_1", "cornername": "Nominal"}
[2026-04-16 01:01:21.730 +0700] [PROCESS] [cadence.virtuoso.ade.simulationMonitor] - Finished simulating for one point {"hostname": "dtvt_13", "processid": 32574, "history": "ExplorerRun.0", "testname": "gmIdwl_gmid2_1", "cornername": "Nominal", "point": 1, "logfile": "/home/dtvt_13/duyDUT/logs_dtvt_13/logs0/Job30.log", "simid": "29"}
[2026-04-16 01:01:21.731 +0700] [PROCESS] [cadence.virtuoso.ade.simulationMonitor] - Simulator exited {"hostname": "dtvt_13", "processid": 32574, "history": "ExplorerRun.0", "testname": "gmIdwl_gmid2_1", "cornername": "Nominal", "point": 1, "logfile": "/home/dtvt_13/duyDUT/logs_dtvt_13/logs0/Job30.log", "exitStatus": "0"}
[2026-04-16 01:01:21.731 +0700] [PROCESS] [cadence.virtuoso.ade.simulationMonitor] - Finished Simulation {"hostname": "dtvt_13", "processid": 32574, "history": "ExplorerRun.0", "testname": "gmIdwl_gmid2_1", "cornername": "Nominal", "point": 1, "logfile": "/home/dtvt_13/duyDUT/logs_dtvt_13/logs0/Job30.log", "simid": "29"}
[2026-04-16 01:01:22.749 +0700] [PROCESS] [cadence.virtuoso.ade.simulationMonitor] - Point Finished {"hostname": "dtvt_13", "processid": 32574, "history": "ExplorerRun.0", "testname": "gmIdwl_gmid2_1", "cornername": "Nominal", "point": 1, "logfile": "/home/dtvt_13/duyDUT/logs_dtvt_13/logs0/Job30.log"}
[2026-04-16 01:02:56.313 +0700] [INFO] [cadence.virtuoso.ade.simulationMonitor] - SimulationMonitor has terminated the vds process '3758', reason: 'Force to stop the expression evalutor process because of new run' {"history": "ExplorerRun.0", "point": 1, "testname": "gmIdwl_gmid2_1", "cornername": "Nominal"}
[2026-04-16 01:02:56.313 +0700] [PROCESS] [cadence.virtuoso.ade.simulationMonitor] - HostInfo:
Host name (type):	dtvt_13 (x86_64)
Operating system:	Linux 3.10.0-1160.118.1.el7.x86_64 #1 SMP Wed Apr 24 16:01:50 UTC 2024 {"hostname": "dtvt_13", "processid": 32574, "history": "ExplorerRun.0", "testname": "gmIdwl_gmid2_1", "cornername": "Nominal", "point": 1, "logfile": "/home/dtvt_13/duyDUT/logs_dtvt_13/logs0/Job30.log", "nodename": "dtvt_13", "domainname": "(none)", "machine": "x86_64", "sysname": "Linux", "release": "3.10.0-1160.118.1.el7.x86_64", "version": "#1 SMP Wed Apr 24 16:01:50 UTC 2024"}
[2026-04-16 01:02:56.314 +0700] [PROCESS] [cadence.virtuoso.ade.simulationMonitor] - UsageInfo:
pid=32574
totalPhysicalMemory=15.208324GB,Used=14.353653GB,totalVirtualMemory=22.895821GB,Used=14.382950GB
Cpu: Cores=24, Load average:0.130000,0.170000,0.210000 {"hostname": "dtvt_13", "processid": 32574, "history": "ExplorerRun.0", "testname": "gmIdwl_gmid2_1", "cornername": "Nominal", "point": 1, "logfile": "/home/dtvt_13/duyDUT/logs_dtvt_13/logs0/Job30.log", "pid": "32574", "totalPhysicalMemory": "15.208324", "physicalMemoryUsed": "14.353653", "totalVirtualMemory": "22.895821", "virtualMemoryUsed": "14.382950", "cpuCores": "24", "processes": "2548", "loadAverage1": "0.130000", "loadAverage5": "0.170000", "loadAverage15": "0.210000", "loadAverage1Percent": "0.005417"}
[2026-04-16 01:02:56.314 +0700] [EVENT] [cadence.virtuoso.ade.simulationMonitor] - NewPoint {"history": "ExplorerRun.0", "point": 1, "testname": "gmIdwl_gmid2_1", "cornername": "Nominal", "event": "NewPoint", "EventSource": "Simulation Monitor", "HistoryName": "ExplorerRun.0", "logFile": "/home/dtvt_13/duyDUT/logs_dtvt_13/logs0/Job30.log", "logFileSize": "314748"}
[2026-04-16 01:02:56.415 +0700] [EVENT] [cadence.virtuoso.ade.simulationMonitor] - NewPoint {"history": "ExplorerRun.0", "point": 1, "testname": "gmIdwl_gmid2_1", "cornername": "Nominal", "event": "NewPoint", "EventSource": "spectre", "HistoryName": "ExplorerRun.0", "logFile": "/home/dtvt_13/simulation/gmIdwl/gmid2/maestro/results/maestro/ExplorerRun.0/1/gmIdwl_gmid2_1/psf/spectre.out", "logFileSize": "-1"}
[2026-04-16 01:02:56.419 +0700] [PROCESS] [cadence.virtuoso.ade.simulationMonitor] - Simulator launched {"hostname": "dtvt_13", "processid": 32574, "history": "ExplorerRun.0", "testname": "gmIdwl_gmid2_1", "cornername": "Nominal", "point": 1, "logfile": "/home/dtvt_13/duyDUT/logs_dtvt_13/logs0/Job30.log", "simid": "30"}
[2026-04-16 01:02:56.425 +0700] [PROCESS] [cadence.virtuoso.ade.simulationMonitor] - Expression evaluator launched {"hostname": "dtvt_13", "processid": 32574, "history": "ExplorerRun.0", "testname": "gmIdwl_gmid2_1", "cornername": "Nominal", "point": 1, "logfile": "/home/dtvt_13/duyDUT/logs_dtvt_13/logs0/Job30.log"}
[2026-04-16 01:02:56.429 +0700] [PROCESS] [cadence.virtuoso.ade.simulationMonitor] - Started Simulation {"hostname": "dtvt_13", "processid": 32574, "history": "ExplorerRun.0", "testname": "gmIdwl_gmid2_1", "cornername": "Nominal", "point": 1, "logfile": "/home/dtvt_13/duyDUT/logs_dtvt_13/logs0/Job30.log"}
[2026-04-16 01:03:00.932 +0700] [PROCESS] [cadence.virtuoso.ade.simulationMonitor] - Simulation cancelled {"hostname": "dtvt_13", "processid": 32574, "history": "ExplorerRun.0", "testname": "gmIdwl_gmid2_1", "cornername": "Nominal", "point": 1, "logfile": "/home/dtvt_13/duyDUT/logs_dtvt_13/logs0/Job30.log"}
[2026-04-16 01:03:00.933 +0700] [INFO] [cadence.virtuoso.ade.simulationMonitor] - SimulationMonitor has terminated the spectre process '4715', reason: 'the simulation point gets cancelled by GUI' {"history": "ExplorerRun.0", "point": 1, "testname": "gmIdwl_gmid2_1", "cornername": "Nominal"}
[2026-04-16 01:03:00.936 +0700] [PROCESS] [cadence.virtuoso.ade.simulationMonitor] - Finished simulating for one point {"hostname": "dtvt_13", "processid": 32574, "history": "ExplorerRun.0", "testname": "gmIdwl_gmid2_1", "cornername": "Nominal", "point": 1, "logfile": "/home/dtvt_13/duyDUT/logs_dtvt_13/logs0/Job30.log", "simid": "30"}
[2026-04-16 01:03:01.036 +0700] [PROCESS] [cadence.virtuoso.ade.simulationMonitor] - Simulator exited {"hostname": "dtvt_13", "processid": 32574, "history": "ExplorerRun.0", "testname": "gmIdwl_gmid2_1", "cornername": "Nominal", "point": 1, "logfile": "/home/dtvt_13/duyDUT/logs_dtvt_13/logs0/Job30.log", "exitStatus": "0"}
[2026-04-16 01:03:01.037 +0700] [PROCESS] [cadence.virtuoso.ade.simulationMonitor] - Finished Simulation {"hostname": "dtvt_13", "processid": 32574, "history": "ExplorerRun.0", "testname": "gmIdwl_gmid2_1", "cornername": "Nominal", "point": 1, "logfile": "/home/dtvt_13/duyDUT/logs_dtvt_13/logs0/Job30.log", "simid": "30"}
[2026-04-16 01:03:10.177 +0700] [INFO] [cadence.virtuoso.ade.simulationMonitor] - SimulationMonitor has terminated the vds process '4717', reason: 'Force to stop the expression evalutor process because of new run' {"history": "ExplorerRun.0", "point": 1, "testname": "gmIdwl_gmid2_1", "cornername": "Nominal"}
[2026-04-16 01:03:10.177 +0700] [PROCESS] [cadence.virtuoso.ade.simulationMonitor] - HostInfo:
Host name (type):	dtvt_13 (x86_64)
Operating system:	Linux 3.10.0-1160.118.1.el7.x86_64 #1 SMP Wed Apr 24 16:01:50 UTC 2024 {"hostname": "dtvt_13", "processid": 32574, "history": "ExplorerRun.0", "testname": "gmIdwl_gmid2_1", "cornername": "Nominal", "point": 1, "logfile": "/home/dtvt_13/duyDUT/logs_dtvt_13/logs0/Job30.log", "nodename": "dtvt_13", "domainname": "(none)", "machine": "x86_64", "sysname": "Linux", "release": "3.10.0-1160.118.1.el7.x86_64", "version": "#1 SMP Wed Apr 24 16:01:50 UTC 2024"}
[2026-04-16 01:03:10.177 +0700] [PROCESS] [cadence.virtuoso.ade.simulationMonitor] - UsageInfo:
pid=32574
totalPhysicalMemory=15.208324GB,Used=14.368092GB,totalVirtualMemory=22.895821GB,Used=14.397388GB
Cpu: Cores=24, Load average:0.170000,0.180000,0.210000 {"hostname": "dtvt_13", "processid": 32574, "history": "ExplorerRun.0", "testname": "gmIdwl_gmid2_1", "cornername": "Nominal", "point": 1, "logfile": "/home/dtvt_13/duyDUT/logs_dtvt_13/logs0/Job30.log", "pid": "32574", "totalPhysicalMemory": "15.208324", "physicalMemoryUsed": "14.368092", "totalVirtualMemory": "22.895821", "virtualMemoryUsed": "14.397388", "cpuCores": "24", "processes": "2549", "loadAverage1": "0.170000", "loadAverage5": "0.180000", "loadAverage15": "0.210000", "loadAverage1Percent": "0.007083"}
[2026-04-16 01:03:10.177 +0700] [EVENT] [cadence.virtuoso.ade.simulationMonitor] - NewPoint {"history": "ExplorerRun.0", "point": 1, "testname": "gmIdwl_gmid2_1", "cornername": "Nominal", "event": "NewPoint", "EventSource": "Simulation Monitor", "HistoryName": "ExplorerRun.0", "logFile": "/home/dtvt_13/duyDUT/logs_dtvt_13/logs0/Job30.log", "logFileSize": "319747"}
[2026-04-16 01:03:10.278 +0700] [EVENT] [cadence.virtuoso.ade.simulationMonitor] - NewPoint {"history": "ExplorerRun.0", "point": 1, "testname": "gmIdwl_gmid2_1", "cornername": "Nominal", "event": "NewPoint", "EventSource": "spectre", "HistoryName": "ExplorerRun.0", "logFile": "/home/dtvt_13/simulation/gmIdwl/gmid2/maestro/results/maestro/ExplorerRun.0/1/gmIdwl_gmid2_1/psf/spectre.out", "logFileSize": "-1"}
[2026-04-16 01:03:10.281 +0700] [PROCESS] [cadence.virtuoso.ade.simulationMonitor] - Simulator launched {"hostname": "dtvt_13", "processid": 32574, "history": "ExplorerRun.0", "testname": "gmIdwl_gmid2_1", "cornername": "Nominal", "point": 1, "logfile": "/home/dtvt_13/duyDUT/logs_dtvt_13/logs0/Job30.log", "simid": "31"}
[2026-04-16 01:03:10.282 +0700] [PROCESS] [cadence.virtuoso.ade.simulationMonitor] - Expression evaluator launched {"hostname": "dtvt_13", "processid": 32574, "history": "ExplorerRun.0", "testname": "gmIdwl_gmid2_1", "cornername": "Nominal", "point": 1, "logfile": "/home/dtvt_13/duyDUT/logs_dtvt_13/logs0/Job30.log"}
[2026-04-16 01:03:10.286 +0700] [PROCESS] [cadence.virtuoso.ade.simulationMonitor] - Started Simulation {"hostname": "dtvt_13", "processid": 32574, "history": "ExplorerRun.0", "testname": "gmIdwl_gmid2_1", "cornername": "Nominal", "point": 1, "logfile": "/home/dtvt_13/duyDUT/logs_dtvt_13/logs0/Job30.log"}
[2026-04-16 01:03:32.166 +0700] [INFO] [cadence.virtuoso.ade.simulationMonitor] - Peak resident memory used = 86 Mbytes. {"history": "ExplorerRun.0", "point": 1, "testname": "gmIdwl_gmid2_1", "cornername": "Nominal"}
[2026-04-16 01:03:32.167 +0700] [INFO] [cadence.virtuoso.ade.simulationMonitor] - Peak resident memory used = 96.4 Mbytes. {"history": "ExplorerRun.0", "point": 1, "testname": "gmIdwl_gmid2_1", "cornername": "Nominal"}
[2026-04-16 01:03:32.167 +0700] [INFO] [cadence.virtuoso.ade.simulationMonitor] - Notice from spectre during hierarchy flattening.
    The value 'psf' specified for the 'checklimitdest' option will no longer be supported in future releases. Use 'spectre -h' to see other recommended values for the 'checklimitdest' option. {"history": "ExplorerRun.0", "point": 1, "testname": "gmIdwl_gmid2_1", "cornername": "Nominal"}
[2026-04-16 01:03:32.168 +0700] [INFO] [cadence.virtuoso.ade.simulationMonitor] - Peak resident memory used = 97.2 Mbytes. {"history": "ExplorerRun.0", "point": 1, "testname": "gmIdwl_gmid2_1", "cornername": "Nominal"}
[2026-04-16 01:03:32.168 +0700] [WARN] [cadence.virtuoso.ade.simulationMonitor] -     WARNING (SPECTRE-8061): `PM0': Does not have a terminal named `id'. {"history": "ExplorerRun.0", "point": 1, "testname": "gmIdwl_gmid2_1", "cornername": "Nominal"}
[2026-04-16 01:03:32.169 +0700] [WARN] [cadence.virtuoso.ade.simulationMonitor] -     WARNING (SPECTRE-8287): Ignoring invalid item `PM0:id' in save statement. {"history": "ExplorerRun.0", "point": 1, "testname": "gmIdwl_gmid2_1", "cornername": "Nominal"}
[2026-04-16 01:03:32.169 +0700] [WARN] [cadence.virtuoso.ade.simulationMonitor] -     WARNING (SPECTRE-8061): `PM0': Does not have a terminal named `gm'. {"history": "ExplorerRun.0", "point": 1, "testname": "gmIdwl_gmid2_1", "cornername": "Nominal"}
[2026-04-16 01:03:32.169 +0700] [WARN] [cadence.virtuoso.ade.simulationMonitor] -     WARNING (SPECTRE-8287): Ignoring invalid item `PM0:gm' in save statement. {"history": "ExplorerRun.0", "point": 1, "testname": "gmIdwl_gmid2_1", "cornername": "Nominal"}
[2026-04-16 01:03:32.170 +0700] [WARN] [cadence.virtuoso.ade.simulationMonitor] -     WARNING (SPECTRE-8061): `PM0': Does not have a terminal named `vgs'. {"history": "ExplorerRun.0", "point": 1, "testname": "gmIdwl_gmid2_1", "cornername": "Nominal"}
[2026-04-16 01:03:32.170 +0700] [WARN] [cadence.virtuoso.ade.simulationMonitor] -     WARNING (SPECTRE-8287): Ignoring invalid item `PM0:vgs' in save statement. {"history": "ExplorerRun.0", "point": 1, "testname": "gmIdwl_gmid2_1", "cornername": "Nominal"}
[2026-04-16 01:03:32.170 +0700] [WARN] [cadence.virtuoso.ade.simulationMonitor] -     WARNING (SPECTRE-8061): `PM0': Does not have a terminal named `vth'. {"history": "ExplorerRun.0", "point": 1, "testname": "gmIdwl_gmid2_1", "cornername": "Nominal"}
[2026-04-16 01:03:32.171 +0700] [WARN] [cadence.virtuoso.ade.simulationMonitor] -     WARNING (SPECTRE-8287): Ignoring invalid item `PM0:vth' in save statement. {"history": "ExplorerRun.0", "point": 1, "testname": "gmIdwl_gmid2_1", "cornername": "Nominal"}
[2026-04-16 01:03:32.171 +0700] [INFO] [cadence.virtuoso.ade.simulationMonitor] - Notice from spectre during initial setup.
    Multithreading is disabled due to the size of the design being too small. {"history": "ExplorerRun.0", "point": 1, "testname": "gmIdwl_gmid2_1", "cornername": "Nominal"}
[2026-04-16 01:03:32.171 +0700] [INFO] [cadence.virtuoso.ade.simulationMonitor] -               nodes 3 {"history": "ExplorerRun.0", "point": 1, "testname": "gmIdwl_gmid2_1", "cornername": "Nominal"}
[2026-04-16 01:03:32.171 +0700] [INFO] [cadence.virtuoso.ade.simulationMonitor] - Notice from spectre during initial setup.
    APS enabled. {"history": "ExplorerRun.0", "point": 1, "testname": "gmIdwl_gmid2_1", "cornername": "Nominal"}
[2026-04-16 01:03:32.171 +0700] [INFO] [cadence.virtuoso.ade.simulationMonitor] - Peak resident memory used = 98.7 Mbytes. {"history": "ExplorerRun.0", "point": 1, "testname": "gmIdwl_gmid2_1", "cornername": "Nominal"}
[2026-04-16 01:03:32.172 +0700] [INFO] [cadence.virtuoso.ade.simulationMonitor] -    -   (APS) Multi-threading. The recommended number of threads is 1, consider adding +mt=1 on command line. {"history": "ExplorerRun.0", "point": 1, "testname": "gmIdwl_gmid2_1", "cornername": "Nominal"}
[2026-04-16 01:03:32.172 +0700] [INFO] [cadence.virtuoso.ade.simulationMonitor] - Total time required for dc analysis `dcOp': CPU = 1.846 ms, elapsed = 2.94399 ms. {"history": "ExplorerRun.0", "point": 1, "testname": "gmIdwl_gmid2_1", "cornername": "Nominal"}
[2026-04-16 01:03:32.172 +0700] [INFO] [cadence.virtuoso.ade.simulationMonitor] - Peak resident memory used = 100 Mbytes. {"history": "ExplorerRun.0", "point": 1, "testname": "gmIdwl_gmid2_1", "cornername": "Nominal"}
[2026-04-16 01:03:32.172 +0700] [INFO] [cadence.virtuoso.ade.simulationMonitor] - Notice from spectre at vsg = 934e-03 during DC analysis `dc'.
    The value of parameter 'vsg' has been reset to the original value 0.6. {"history": "ExplorerRun.0", "point": 1, "testname": "gmIdwl_gmid2_1", "cornername": "Nominal"}
[2026-04-16 01:03:32.172 +0700] [INFO] [cadence.virtuoso.ade.simulationMonitor] - Total time required for dc analysis `dc': CPU = 222.758 ms, elapsed = 223.769 ms. {"history": "ExplorerRun.0", "point": 1, "testname": "gmIdwl_gmid2_1", "cornername": "Nominal"}
[2026-04-16 01:03:32.172 +0700] [INFO] [cadence.virtuoso.ade.simulationMonitor] - Peak resident memory used = 101 Mbytes. {"history": "ExplorerRun.0", "point": 1, "testname": "gmIdwl_gmid2_1", "cornername": "Nominal"}
[2026-04-16 01:03:32.673 +0700] [PROCESS] [cadence.virtuoso.ade.simulationMonitor] - Finished simulating for one point {"hostname": "dtvt_13", "processid": 32574, "history": "ExplorerRun.0", "testname": "gmIdwl_gmid2_1", "cornername": "Nominal", "point": 1, "logfile": "/home/dtvt_13/duyDUT/logs_dtvt_13/logs0/Job30.log", "simid": "31"}
[2026-04-16 01:03:32.674 +0700] [INFO] [cadence.virtuoso.ade.simulationMonitor] - Time used: CPU = 732 ms, elapsed = 21.7 s, util. = 3.37%. {"history": "ExplorerRun.0", "point": 1, "testname": "gmIdwl_gmid2_1", "cornername": "Nominal"}
[2026-04-16 01:03:32.674 +0700] [INFO] [cadence.virtuoso.ade.simulationMonitor] - Time spent in licensing: elapsed = 20.4 s, percentage of total = 94%. {"history": "ExplorerRun.0", "point": 1, "testname": "gmIdwl_gmid2_1", "cornername": "Nominal"}
[2026-04-16 01:03:32.675 +0700] [INFO] [cadence.virtuoso.ade.simulationMonitor] - Peak memory used = 110 Mbytes. {"history": "ExplorerRun.0", "point": 1, "testname": "gmIdwl_gmid2_1", "cornername": "Nominal"}
[2026-04-16 01:03:32.675 +0700] [PROCESS] [cadence.virtuoso.ade.simulationMonitor] - Simulation started at: 1:03:10 AM, Thur Apr 16, 2026, ended at: 1:03:32 AM, Thur Apr 16, 2026, with elapsed time (wall clock): 21.7 s. {"history": "ExplorerRun.0", "point": 1, "testname": "gmIdwl_gmid2_1", "cornername": "Nominal"}
[2026-04-16 01:03:32.676 +0700] [PROCESS] [cadence.virtuoso.ade.simulationMonitor] - spectre completes with 0 errors, 8 warnings, and 5 notices. {"history": "ExplorerRun.0", "point": 1, "testname": "gmIdwl_gmid2_1", "cornername": "Nominal"}
[2026-04-16 01:03:32.676 +0700] [PROCESS] [cadence.virtuoso.ade.simulationMonitor] - Simulator exited {"hostname": "dtvt_13", "processid": 32574, "history": "ExplorerRun.0", "testname": "gmIdwl_gmid2_1", "cornername": "Nominal", "point": 1, "logfile": "/home/dtvt_13/duyDUT/logs_dtvt_13/logs0/Job30.log", "exitStatus": "0"}
[2026-04-16 01:03:32.676 +0700] [PROCESS] [cadence.virtuoso.ade.simulationMonitor] - Finished Simulation {"hostname": "dtvt_13", "processid": 32574, "history": "ExplorerRun.0", "testname": "gmIdwl_gmid2_1", "cornername": "Nominal", "point": 1, "logfile": "/home/dtvt_13/duyDUT/logs_dtvt_13/logs0/Job30.log", "simid": "31"}
[2026-04-16 01:03:33.189 +0700] [PROCESS] [cadence.virtuoso.ade.simulationMonitor] - Point Finished {"hostname": "dtvt_13", "processid": 32574, "history": "ExplorerRun.0", "testname": "gmIdwl_gmid2_1", "cornername": "Nominal", "point": 1, "logfile": "/home/dtvt_13/duyDUT/logs_dtvt_13/logs0/Job30.log"}
[2026-04-16 01:08:33.866 +0700] [PROCESS] [cadence.virtuoso.ade.simulationMonitor] - Current memory used: 32.3047 MBytes, peak memory used: 32.3047 MBytes {"hostname": "dtvt_13", "processid": 32574, "history": "ExplorerRun.0", "testname": "gmIdwl_gmid2_1", "cornername": "Nominal", "point": 1, "logfile": "/home/dtvt_13/duyDUT/logs_dtvt_13/logs0/Job30.log"}
[2026-04-16 01:08:33.867 +0700] [PROCESS] [cadence.virtuoso.ade.simulationMonitor] - Simulation Monitor process exit. {"hostname": "dtvt_13", "processid": 32574, "history": "ExplorerRun.0", "testname": "gmIdwl_gmid2_1", "cornername": "Nominal", "point": 1, "logfile": "/home/dtvt_13/duyDUT/logs_dtvt_13/logs0/Job30.log"}
