\# Program start time:     UTC 2026.04.15 17:48:52.340
\# Local time: +07 (UTC+07:00) 2026.04.16 00:48:52.340
\o Program:		@(#)$CDS: virtuoso version 6.1.8-64b 09/28/2022 11:07 (cpgsrv12) $
\o Hierarchy:		/home/dtvt_13/CDNS_Client/IC618-ISR28/tools.lnx86/dfII/
\o Sub version:		sub-version  IC6.1.8-64b.500.28  (64-bit addresses)
\# Command line:	/home/dtvt_13/CDNS_Client/IC618-ISR28/tools.lnx86/dfII/bin/64bit/virtuoso -beanhost dtvt_13 -beanport 11300 -beanbinlog  -beanLogFile /home/dtvt_13/duyDUT/logs_dtvt_13/logs0/amps_Service29.log -mpssession virtuoso13079 -mpshost dtvt_13 -davinciService DaVinciService_13079_1776011933 -axlSession fnxSession5 -axlServiceIdFlag 29 -uuid 28a1e89b-eb67-4be1-88ef-0a344a638aea -heartbeat /dev/shm/swift-heartbeat.F1OXPWZm3p -log /home/dtvt_13/duyDUT/logs_dtvt_13/logs0/Service29.log -noautostart -nographE -lscs 000175E1894CBE06FF0966E38F1FFC06BC4D4FA6D86BCF06E37C4FA6D86BCF06E37C5CD28F1FFC06867C66E38F1FFC06BC4D66E38F1FFC06BC4D0F3C409D3384D59200001E85 -interactive -offlineExprEval -fenixMode explorer -heartbeatTimeout  -lingerTimeout 300 -pointlifetime -1
\# Host name (type):	dtvt_13 (x86_64)
\# Operating system:	Linux 3.10.0-1160.118.1.el7.x86_64 #1 SMP Wed Apr 24 16:01:50 UTC 2024
\# Linux /etc/issue:	\S
\# Linux /etc/issue:	Kernel \r on an \m
\# X display name (WxH):	:3728 (1024x868)
\# Available geometry:			TL(0:0) BR(1023:867)
\# X server:			The X.Org Foundation
\# Depth of Visual (Root):	24 (24)
\# Number of Planes Used:	24
\# X version:		11.0 (vendor release 12004000)
\# X resource pool:	base 0x400000, mask 0x1fffff (2097151), shift 0
\# 			current id 0x0, current max 0x1ffffa (2097146)
\# Max data seg size:	     unlimited
\# Max process size:	     unlimited
\# Initial sbrk value:	        631 MB
\# Available memory:	     11,930 MB
\# System memory:	     23,445 MB
\# Maximum memory size:	     23,102 MB
\# Max mem available:	     12,218 MB
\# Initial memory used:	        288 MB
\#        process size:	      1,870 MB
\# Thread usage limits (effective/default):	maxthreads 4096/4096 maxload 24.00/24.00
\# Qt version:		5.9.1
\# Window Manager:	other
\# User Name:		dtvt_13
\o Working Directory:	dtvt_13:/home/dtvt_13/duyDUT
\# Process Id:		30914
\o 
\o COPYRIGHT (C) 1992-2022  CADENCE DESIGN SYSTEMS INC.  ALL RIGHTS RESERVED.
\o           (C) 1992-2022  UNIX SYSTEMS Laboratories INC.,
\o                          Reproduced with permission.
\o 
\o This Cadence Design Systems program and online documentation are
\o proprietary/confidential information and may be disclosed/used only
\o as authorized in a license agreement controlling such use and disclosure.
\o 
\o           RESTRICTED RIGHTS NOTICE (SHORT FORM)
\o Use/reproduction/disclosure is subject to restriction
\o set forth at FAR 1252.227-19 or its equivalent.
\o Loading geView.cxt 
\o Loading menuBuilder.cxt 
\o Loading schView.cxt 
\o Loading selectSv.cxt 
\o Loading pvsui.cxt
\o Loading wireEdit.cxt 
\o Loading pte2.cxt 
\o Loading xlUI.cxt 
\o Loading auCore.cxt 
\o Loading vhdl.cxt 
\o Loading seismic.cxt 
\o Loading ci.cxt 
\o Loading ams.cxt 
\o Loading oasis.cxt 
\o Loading analog.cxt 
\o Loading asimenv.cxt 
\o Loading dal.cxt 
\o Loading awv.cxt 
\o Loading socket.cxt 
\o Loading par.cxt 
\o Loading alvs.cxt 
\o Loading caa.cxt 
\o Loading amps.cxt 
\o Loading adexlCore.cxt 
\# Memory report: using         399 MB, process size 2,102 MB at UTC 2026.04.15 17:48:55.107
\o Loading adexl.cxt 
\o *Info*    Exporting services from client ... 
\o 
\o Loading adexlDM.cxt 
\o Loading cpf.cxt 
\o Loading cli.cxt 
\o Loading lp.cxt 
\o INFO (ELI-00302) Connecting to parent process (session=virtuoso13079, host=dtvt_13). Connection mode is LSCS. Total timeout is 180 seconds. Connection timeout is 90 seconds.
\o INFO (ELI-00303) Step 1: Connecting to parent. Time spent is 0 seconds.
\o INFO (ELI-00304) The registration of the child 30914 within 90 seconds is being processed...
\o INFO (ELI-00305) The result of registration is true. Time spent is 0 seconds.
\o INFO (ELI-00308) The connection has ended. Result is true. Total time spent is 0 seconds.
\# [00:48:52.461721] Configured Lic search path (21.01-s003): 5280@192.168.32.10
\p > 
\# Loading perfDiag...
\# (PerfDiag): Set GDB path to environment variable 'gdbPath' (gdb).
\# Performance Diagnostic tool is installed. You can access PerfDiag from CIW Tools or use the shell command 'cdsPerfDiag -p 30914' to open it when Virtuoso freezes.
\# (PerfDiag): Loading backtrace from /home/dtvt_13/CDNS_Client/IC618-ISR28/tools/lib/64bit/cdnslibunwind.so
\i _axlRunServices()
\# [00:48:58.453720] Periodic Lic check successful
\# [00:48:58.453721] Feature usage summary:
\o Loading simui.cxt 
\o [2026-04-16 00:48:58.472 +0700] [PROCESS] [cadence.virtuoso.ade.services] - Netlist Service has successfully started. Waiting for incoming messages ... {"hostname": "dtvt_13", "processid": 30914, "logfile": "/home/dtvt_13/duyDUT/logs_dtvt_13/logs0/Service29.log"}
\o [2026-04-16 00:48:58.512 +0700] [EVENT] [cadence.virtuoso.ade.services.netlister] - NewPoint {"point": 0, "testname": "gmIdwl_gmid2_1", "event": "NewPoint", "EventSource": "Netlist Service", "HistoryName": "ExplorerRun.0", "logFile": "/home/dtvt_13/duyDUT/logs_dtvt_13/logs0/Service29.log", "logFileSize": "4555"}
\o [2026-04-16 00:48:58.512 +0700] [INFO] [cadence.virtuoso.ade.services.netlister] - Started preparing netlist {"point": 0, "testname": "gmIdwl_gmid2_1"}
\# Memory report: using         531 MB, process size 2,248 MB at UTC 2026.04.15 17:48:59.572
\o Loading vdsil.cxt 
\o *Warning* AXL Context Manager : job 29 is already registered. 
\o 
\o Loading vqp.cxt 
\o Loading hdlPkg.cxt 
\o 
\o 
\o *Info*    Configuring the session ...
\o 
\o 	Library      = gmIdwl
\o 	Cell         = gmid2
\o 	View         = schematic
\o 	Simulator    = spectre
\o 	State Path   = $AXL_SETUPDB_DIR/test_states
\o 	State Name   = ExplorerRun.0
\o 	Results DB   = /home/dtvt_13/duyDUT/skywater130/gmIdwl/gmid2/maestro/results/maestro/ExplorerRun.0.rdb
\o 	Results Dir  = /home/dtvt_13/simulation/gmIdwl/gmid2/maestro/results/maestro/ExplorerRun.0/1/gmIdwl_gmid2_1
\o 	Results Loc  = /home/dtvt_13/simulation/gmIdwl/gmid2/maestro/results/maestro
\o 	Project Dir  = /home/dtvt_13/simulation
\o 	Setup DB loc = /home/dtvt_13/duyDUT/skywater130/gmIdwl/gmid2/maestro
\o 	File Encoding = 0
\o 
\o 
\o Loading viva.cxt 
\o Loading sky130_fd_pr_main/libInit.il ...
\o Failed to load sky130_fd_pr_main/libInit.il successfully!Loading spectrei.cxt 
\o Loading devCheck.cxt 
\o Loading relXpert.cxt 
\o Loading hspiceD.cxt 
\o Loading spectreinl.cxt 
\o Loading msgHandler.cxt 
\o Loading UltraSim.cxt 
\o Loading AMSOSS.cxt 
\o Loading AMS.cxt 
\o 
\o *Info*    The auto suspension is disabled.
\o 
\o Loading elec.cxt 
\o Resetting statistical vars
\o 
\o *Info*    Setting parameter values ...
\o 
\o Setting var length = "180n"
\o Setting var vsg = "0.6"
\o Setting var width = "550n"
\o Loading monte.cxt 
\o Reusing AHDL Data dir
\o 
\o *Info*    Data Directory    =
\o           /home/dtvt_13/simulation/gmIdwl/gmid2/maestro/results/maestro/ExplorerRun.0/psf/gmIdwl_gmid2_1
\o 
\o generate netlist...
\o Loading hnlInit.cxt 
\o Loading seCore.cxt 
\o Initializing the control file using cp:
\o     cp /home/dtvt_13/CDNS_Client/IC618-ISR28/tools.lnx86/dfII/etc/si/control.spectre /home/dtvt_13/simulation/gmIdwl/gmid2/maestro/results/maestro/ExplorerRun.0/psf/gmIdwl_gmid2_1/netlist/control
\o Copying Spectre source file 'spectre.inp'
\o Copying Spectre command file 'spectre.sim'
\o Begin Incremental Netlisting Apr 16 00:49:00 2026
\o Loading json.cxt 
\o End netlisting Apr 16 00:49:00 2026
\o 
\o Netlisting Statistics:
\o 	Number of components:    5
\o 
\o 	Elapsed time:          0.0s
\o Errors: 0	Warnings: 0
\o       ...successful.
\o compose simulator input file...
\o       ...successful.
\o [2026-04-16 00:49:00.926 +0700] [INFO] [cadence.virtuoso.ade.services.netlister] - Finished preparing netlist {"point": 0, "testname": "gmIdwl_gmid2_1"}
\# Memory report: using         649 MB, process size 2,371 MB at UTC 2026.04.15 17:49:01.927
\o [2026-04-16 00:49:01.931 +0700] [EVENT] [cadence.virtuoso.ade.services.netlister] - NewPoint {"point": 1, "testname": "gmIdwl_gmid2_1", "event": "NewPoint", "EventSource": "Netlist Service", "HistoryName": "ExplorerRun.0", "logFile": "/home/dtvt_13/duyDUT/logs_dtvt_13/logs0/Service29.log", "logFileSize": "6569"}
\o [2026-04-16 00:49:01.931 +0700] [INFO] [cadence.virtuoso.ade.services.netlister] - Started netlisting {"point": 1, "testname": "gmIdwl_gmid2_1"}
\o Resetting statistical vars
\o 
\o *Info*    Setting parameter values ...
\o 
\o Setting var length = "180n"
\o Setting temp(T) = 27
\o Setting var vsg = "0.6"
\o Setting var width = "550n"
\o 
\o *Info*    Netlist Directory =
\o           /home/dtvt_13/simulation/gmIdwl/gmid2/maestro/results/maestro/ExplorerRun.0/1/gmIdwl_gmid2_1/netlist
\o 
\o 
\o *Info*    Data Directory    =
\o           /home/dtvt_13/simulation/gmIdwl/gmid2/maestro/results/maestro/ExplorerRun.0/1/gmIdwl_gmid2_1
\o 
\o Reusing AHDL Data dir
\o generate netlist...
\o Ignoring netlist creation since ignoreDesignChangesDuringRun is set to true
\o       ...successful.
\o compose simulator input file...
\o       ...successful.
\o [2026-04-16 00:49:02.709 +0700] [PROCESS] [cadence.virtuoso.ade.services.netlister] - Current memory used: 511.6367 MBytes, peak memory used: 511.6406 MBytes {"hostname": "dtvt_13", "processid": 30914, "testname": "gmIdwl_gmid2_1", "point": 1, "logfile": "/home/dtvt_13/duyDUT/logs_dtvt_13/logs0/Service29.log"}
\o [2026-04-16 00:49:02.710 +0700] [INFO] [cadence.virtuoso.ade.services.netlister] - Finished netlisting {"point": 1, "testname": "gmIdwl_gmid2_1"}
\o [2026-04-16 00:49:02.713 +0700] [EVENT] [cadence.virtuoso.ade.services.netlister] - NewPoint {"point": 2, "testname": "gmIdwl_gmid2_1", "event": "NewPoint", "EventSource": "Netlist Service", "HistoryName": "ExplorerRun.0", "logFile": "/home/dtvt_13/duyDUT/logs_dtvt_13/logs0/Service29.log", "logFileSize": "9733"}
\o [2026-04-16 00:49:02.713 +0700] [INFO] [cadence.virtuoso.ade.services.netlister] - Started netlisting {"point": 2, "testname": "gmIdwl_gmid2_1"}
\# Available memory:         11,666 MB at UTC 2026.04.15 17:49:03.028
\# Memory report: Maximum memory size now 12,315 MB at UTC 2026.04.15 17:49:03.028
\# Thread usage report: 30 active threads, active load 1.40 at UTC 2026.04.15 17:49:03.028
\o Resetting statistical vars
\o 
\o *Info*    Setting parameter values ...
\o 
\o Setting var length = "150n"
\o 
\o *Info*    Netlist Directory =
\o           /home/dtvt_13/simulation/gmIdwl/gmid2/maestro/results/maestro/ExplorerRun.0/2/gmIdwl_gmid2_1/netlist
\o 
\o 
\o *Info*    Data Directory    =
\o           /home/dtvt_13/simulation/gmIdwl/gmid2/maestro/results/maestro/ExplorerRun.0/2/gmIdwl_gmid2_1
\o 
\o Reusing AHDL Data dir
\o generate netlist...
\o Ignoring netlist creation since ignoreDesignChangesDuringRun is set to true
\o       ...successful.
\o compose simulator input file...
\o       ...successful.
\o [2026-04-16 00:49:03.140 +0700] [PROCESS] [cadence.virtuoso.ade.services.netlister] - Current memory used: 511.6992 MBytes, peak memory used: 511.7031 MBytes {"hostname": "dtvt_13", "processid": 30914, "testname": "gmIdwl_gmid2_1", "point": 2, "logfile": "/home/dtvt_13/duyDUT/logs_dtvt_13/logs0/Service29.log"}
\o [2026-04-16 00:49:03.141 +0700] [INFO] [cadence.virtuoso.ade.services.netlister] - Finished netlisting {"point": 2, "testname": "gmIdwl_gmid2_1"}
\o [2026-04-16 00:49:03.143 +0700] [EVENT] [cadence.virtuoso.ade.services.netlister] - NewPoint {"point": 3, "testname": "gmIdwl_gmid2_1", "event": "NewPoint", "EventSource": "Netlist Service", "HistoryName": "ExplorerRun.0", "logFile": "/home/dtvt_13/duyDUT/logs_dtvt_13/logs0/Service29.log", "logFileSize": "11529"}
\o [2026-04-16 00:49:03.143 +0700] [INFO] [cadence.virtuoso.ade.services.netlister] - Started netlisting {"point": 3, "testname": "gmIdwl_gmid2_1"}
\o Resetting statistical vars
\o 
\o *Info*    Setting parameter values ...
\o 
\o Setting var length = "200n"
\o 
\o *Info*    Netlist Directory =
\o           /home/dtvt_13/simulation/gmIdwl/gmid2/maestro/results/maestro/ExplorerRun.0/3/gmIdwl_gmid2_1/netlist
\o 
\o 
\o *Info*    Data Directory    =
\o           /home/dtvt_13/simulation/gmIdwl/gmid2/maestro/results/maestro/ExplorerRun.0/3/gmIdwl_gmid2_1
\o 
\o Reusing AHDL Data dir
\o generate netlist...
\o Ignoring netlist creation since ignoreDesignChangesDuringRun is set to true
\o       ...successful.
\o compose simulator input file...
\o       ...successful.
\o [2026-04-16 00:49:03.549 +0700] [PROCESS] [cadence.virtuoso.ade.services.netlister] - Current memory used: 511.7695 MBytes, peak memory used: 511.7734 MBytes {"hostname": "dtvt_13", "processid": 30914, "testname": "gmIdwl_gmid2_1", "point": 3, "logfile": "/home/dtvt_13/duyDUT/logs_dtvt_13/logs0/Service29.log"}
\o [2026-04-16 00:49:03.549 +0700] [INFO] [cadence.virtuoso.ade.services.netlister] - Finished netlisting {"point": 3, "testname": "gmIdwl_gmid2_1"}
\o [2026-04-16 00:49:03.550 +0700] [EVENT] [cadence.virtuoso.ade.services.netlister] - NewPoint {"point": 4, "testname": "gmIdwl_gmid2_1", "event": "NewPoint", "EventSource": "Netlist Service", "HistoryName": "ExplorerRun.0", "logFile": "/home/dtvt_13/duyDUT/logs_dtvt_13/logs0/Service29.log", "logFileSize": "13082"}
\o [2026-04-16 00:49:03.550 +0700] [INFO] [cadence.virtuoso.ade.services.netlister] - Started netlisting {"point": 4, "testname": "gmIdwl_gmid2_1"}
\o Resetting statistical vars
\o 
\o *Info*    Setting parameter values ...
\o 
\o Setting var length = "250n"
\o 
\o *Info*    Netlist Directory =
\o           /home/dtvt_13/simulation/gmIdwl/gmid2/maestro/results/maestro/ExplorerRun.0/4/gmIdwl_gmid2_1/netlist
\o 
\o 
\o *Info*    Data Directory    =
\o           /home/dtvt_13/simulation/gmIdwl/gmid2/maestro/results/maestro/ExplorerRun.0/4/gmIdwl_gmid2_1
\o 
\o Reusing AHDL Data dir
\o generate netlist...
\o Ignoring netlist creation since ignoreDesignChangesDuringRun is set to true
\o       ...successful.
\o compose simulator input file...
\o       ...successful.
\o [2026-04-16 00:49:03.833 +0700] [PROCESS] [cadence.virtuoso.ade.services.netlister] - Current memory used: 511.7695 MBytes, peak memory used: 511.7734 MBytes {"hostname": "dtvt_13", "processid": 30914, "testname": "gmIdwl_gmid2_1", "point": 4, "logfile": "/home/dtvt_13/duyDUT/logs_dtvt_13/logs0/Service29.log"}
\o [2026-04-16 00:49:03.834 +0700] [INFO] [cadence.virtuoso.ade.services.netlister] - Finished netlisting {"point": 4, "testname": "gmIdwl_gmid2_1"}
\o [2026-04-16 00:49:03.835 +0700] [EVENT] [cadence.virtuoso.ade.services.netlister] - NewPoint {"point": 5, "testname": "gmIdwl_gmid2_1", "event": "NewPoint", "EventSource": "Netlist Service", "HistoryName": "ExplorerRun.0", "logFile": "/home/dtvt_13/duyDUT/logs_dtvt_13/logs0/Service29.log", "logFileSize": "14635"}
\o [2026-04-16 00:49:03.836 +0700] [INFO] [cadence.virtuoso.ade.services.netlister] - Started netlisting {"point": 5, "testname": "gmIdwl_gmid2_1"}
\o Resetting statistical vars
\o 
\o *Info*    Setting parameter values ...
\o 
\o Setting var length = "300n"
\o 
\o *Info*    Netlist Directory =
\o           /home/dtvt_13/simulation/gmIdwl/gmid2/maestro/results/maestro/ExplorerRun.0/5/gmIdwl_gmid2_1/netlist
\o 
\o 
\o *Info*    Data Directory    =
\o           /home/dtvt_13/simulation/gmIdwl/gmid2/maestro/results/maestro/ExplorerRun.0/5/gmIdwl_gmid2_1
\o 
\o Reusing AHDL Data dir
\o generate netlist...
\o Ignoring netlist creation since ignoreDesignChangesDuringRun is set to true
\o       ...successful.
\o compose simulator input file...
\o       ...successful.
\o [2026-04-16 00:49:04.217 +0700] [PROCESS] [cadence.virtuoso.ade.services.netlister] - Current memory used: 511.7695 MBytes, peak memory used: 511.7734 MBytes {"hostname": "dtvt_13", "processid": 30914, "testname": "gmIdwl_gmid2_1", "point": 5, "logfile": "/home/dtvt_13/duyDUT/logs_dtvt_13/logs0/Service29.log"}
\o [2026-04-16 00:49:04.218 +0700] [INFO] [cadence.virtuoso.ade.services.netlister] - Finished netlisting {"point": 5, "testname": "gmIdwl_gmid2_1"}
\o [2026-04-16 00:49:04.220 +0700] [EVENT] [cadence.virtuoso.ade.services.netlister] - NewPoint {"point": 6, "testname": "gmIdwl_gmid2_1", "event": "NewPoint", "EventSource": "Netlist Service", "HistoryName": "ExplorerRun.0", "logFile": "/home/dtvt_13/duyDUT/logs_dtvt_13/logs0/Service29.log", "logFileSize": "16188"}
\o [2026-04-16 00:49:04.220 +0700] [INFO] [cadence.virtuoso.ade.services.netlister] - Started netlisting {"point": 6, "testname": "gmIdwl_gmid2_1"}
\o Resetting statistical vars
\o 
\o *Info*    Setting parameter values ...
\o 
\o Setting var length = "350n"
\o 
\o *Info*    Netlist Directory =
\o           /home/dtvt_13/simulation/gmIdwl/gmid2/maestro/results/maestro/ExplorerRun.0/6/gmIdwl_gmid2_1/netlist
\o 
\o 
\o *Info*    Data Directory    =
\o           /home/dtvt_13/simulation/gmIdwl/gmid2/maestro/results/maestro/ExplorerRun.0/6/gmIdwl_gmid2_1
\o 
\o Reusing AHDL Data dir
\o generate netlist...
\o Ignoring netlist creation since ignoreDesignChangesDuringRun is set to true
\o       ...successful.
\o compose simulator input file...
\o       ...successful.
\o [2026-04-16 00:49:04.495 +0700] [PROCESS] [cadence.virtuoso.ade.services.netlister] - Current memory used: 511.7695 MBytes, peak memory used: 511.7734 MBytes {"hostname": "dtvt_13", "processid": 30914, "testname": "gmIdwl_gmid2_1", "point": 6, "logfile": "/home/dtvt_13/duyDUT/logs_dtvt_13/logs0/Service29.log"}
\o [2026-04-16 00:49:04.496 +0700] [INFO] [cadence.virtuoso.ade.services.netlister] - Finished netlisting {"point": 6, "testname": "gmIdwl_gmid2_1"}
\o [2026-04-16 00:49:04.498 +0700] [EVENT] [cadence.virtuoso.ade.services.netlister] - NewPoint {"point": 7, "testname": "gmIdwl_gmid2_1", "event": "NewPoint", "EventSource": "Netlist Service", "HistoryName": "ExplorerRun.0", "logFile": "/home/dtvt_13/duyDUT/logs_dtvt_13/logs0/Service29.log", "logFileSize": "17741"}
\o [2026-04-16 00:49:04.498 +0700] [INFO] [cadence.virtuoso.ade.services.netlister] - Started netlisting {"point": 7, "testname": "gmIdwl_gmid2_1"}
\o Resetting statistical vars
\o 
\o *Info*    Setting parameter values ...
\o 
\o Setting var length = "400n"
\o 
\o *Info*    Netlist Directory =
\o           /home/dtvt_13/simulation/gmIdwl/gmid2/maestro/results/maestro/ExplorerRun.0/7/gmIdwl_gmid2_1/netlist
\o 
\o 
\o *Info*    Data Directory    =
\o           /home/dtvt_13/simulation/gmIdwl/gmid2/maestro/results/maestro/ExplorerRun.0/7/gmIdwl_gmid2_1
\o 
\o Reusing AHDL Data dir
\o generate netlist...
\o Ignoring netlist creation since ignoreDesignChangesDuringRun is set to true
\o       ...successful.
\o compose simulator input file...
\o       ...successful.
\o [2026-04-16 00:49:04.791 +0700] [PROCESS] [cadence.virtuoso.ade.services.netlister] - Current memory used: 511.8359 MBytes, peak memory used: 511.8398 MBytes {"hostname": "dtvt_13", "processid": 30914, "testname": "gmIdwl_gmid2_1", "point": 7, "logfile": "/home/dtvt_13/duyDUT/logs_dtvt_13/logs0/Service29.log"}
\o [2026-04-16 00:49:04.792 +0700] [INFO] [cadence.virtuoso.ade.services.netlister] - Finished netlisting {"point": 7, "testname": "gmIdwl_gmid2_1"}
\o [2026-04-16 00:49:04.794 +0700] [EVENT] [cadence.virtuoso.ade.services.netlister] - NewPoint {"point": 8, "testname": "gmIdwl_gmid2_1", "event": "NewPoint", "EventSource": "Netlist Service", "HistoryName": "ExplorerRun.0", "logFile": "/home/dtvt_13/duyDUT/logs_dtvt_13/logs0/Service29.log", "logFileSize": "19294"}
\o [2026-04-16 00:49:04.794 +0700] [INFO] [cadence.virtuoso.ade.services.netlister] - Started netlisting {"point": 8, "testname": "gmIdwl_gmid2_1"}
\o Resetting statistical vars
\o 
\o *Info*    Setting parameter values ...
\o 
\o Setting var length = "450n"
\o 
\o *Info*    Netlist Directory =
\o           /home/dtvt_13/simulation/gmIdwl/gmid2/maestro/results/maestro/ExplorerRun.0/8/gmIdwl_gmid2_1/netlist
\o 
\o 
\o *Info*    Data Directory    =
\o           /home/dtvt_13/simulation/gmIdwl/gmid2/maestro/results/maestro/ExplorerRun.0/8/gmIdwl_gmid2_1
\o 
\o Reusing AHDL Data dir
\o generate netlist...
\o Ignoring netlist creation since ignoreDesignChangesDuringRun is set to true
\o       ...successful.
\o compose simulator input file...
\o       ...successful.
\o [2026-04-16 00:49:05.174 +0700] [PROCESS] [cadence.virtuoso.ade.services.netlister] - Current memory used: 511.8398 MBytes, peak memory used: 511.8438 MBytes {"hostname": "dtvt_13", "processid": 30914, "testname": "gmIdwl_gmid2_1", "point": 8, "logfile": "/home/dtvt_13/duyDUT/logs_dtvt_13/logs0/Service29.log"}
\o [2026-04-16 00:49:05.175 +0700] [INFO] [cadence.virtuoso.ade.services.netlister] - Finished netlisting {"point": 8, "testname": "gmIdwl_gmid2_1"}
\o [2026-04-16 00:49:05.178 +0700] [EVENT] [cadence.virtuoso.ade.services.netlister] - NewPoint {"point": 9, "testname": "gmIdwl_gmid2_1", "event": "NewPoint", "EventSource": "Netlist Service", "HistoryName": "ExplorerRun.0", "logFile": "/home/dtvt_13/duyDUT/logs_dtvt_13/logs0/Service29.log", "logFileSize": "20847"}
\o [2026-04-16 00:49:05.178 +0700] [INFO] [cadence.virtuoso.ade.services.netlister] - Started netlisting {"point": 9, "testname": "gmIdwl_gmid2_1"}
\o Resetting statistical vars
\o 
\o *Info*    Setting parameter values ...
\o 
\o Setting var length = "500n"
\o 
\o *Info*    Netlist Directory =
\o           /home/dtvt_13/simulation/gmIdwl/gmid2/maestro/results/maestro/ExplorerRun.0/9/gmIdwl_gmid2_1/netlist
\o 
\o 
\o *Info*    Data Directory    =
\o           /home/dtvt_13/simulation/gmIdwl/gmid2/maestro/results/maestro/ExplorerRun.0/9/gmIdwl_gmid2_1
\o 
\o Reusing AHDL Data dir
\o generate netlist...
\o Ignoring netlist creation since ignoreDesignChangesDuringRun is set to true
\o       ...successful.
\o compose simulator input file...
\o       ...successful.
\o [2026-04-16 00:49:05.492 +0700] [PROCESS] [cadence.virtuoso.ade.services.netlister] - Current memory used: 514.2344 MBytes, peak memory used: 514.2344 MBytes {"hostname": "dtvt_13", "processid": 30914, "testname": "gmIdwl_gmid2_1", "point": 9, "logfile": "/home/dtvt_13/duyDUT/logs_dtvt_13/logs0/Service29.log"}
\o [2026-04-16 00:49:05.492 +0700] [INFO] [cadence.virtuoso.ade.services.netlister] - Finished netlisting {"point": 9, "testname": "gmIdwl_gmid2_1"}
\o [2026-04-16 00:49:05.493 +0700] [EVENT] [cadence.virtuoso.ade.services.netlister] - NewPoint {"point": 10, "testname": "gmIdwl_gmid2_1", "event": "NewPoint", "EventSource": "Netlist Service", "HistoryName": "ExplorerRun.0", "logFile": "/home/dtvt_13/duyDUT/logs_dtvt_13/logs0/Service29.log", "logFileSize": "22400"}
\o [2026-04-16 00:49:05.493 +0700] [INFO] [cadence.virtuoso.ade.services.netlister] - Started netlisting {"point": 10, "testname": "gmIdwl_gmid2_1"}
\o Resetting statistical vars
\o 
\o *Info*    Setting parameter values ...
\o 
\o Setting var length = "550n"
\o 
\o *Info*    Netlist Directory =
\o           /home/dtvt_13/simulation/gmIdwl/gmid2/maestro/results/maestro/ExplorerRun.0/10/gmIdwl_gmid2_1/netlist
\o 
\o 
\o *Info*    Data Directory    =
\o           /home/dtvt_13/simulation/gmIdwl/gmid2/maestro/results/maestro/ExplorerRun.0/10/gmIdwl_gmid2_1
\o 
\o Reusing AHDL Data dir
\o generate netlist...
\o Ignoring netlist creation since ignoreDesignChangesDuringRun is set to true
\o       ...successful.
\o compose simulator input file...
\o       ...successful.
\o [2026-04-16 00:49:05.826 +0700] [PROCESS] [cadence.virtuoso.ade.services.netlister] - Current memory used: 514.9180 MBytes, peak memory used: 514.9219 MBytes {"hostname": "dtvt_13", "processid": 30914, "testname": "gmIdwl_gmid2_1", "point": 10, "logfile": "/home/dtvt_13/duyDUT/logs_dtvt_13/logs0/Service29.log"}
\o [2026-04-16 00:49:05.828 +0700] [INFO] [cadence.virtuoso.ade.services.netlister] - Finished netlisting {"point": 10, "testname": "gmIdwl_gmid2_1"}
\o [2026-04-16 00:49:05.831 +0700] [EVENT] [cadence.virtuoso.ade.services.netlister] - NewPoint {"point": 11, "testname": "gmIdwl_gmid2_1", "event": "NewPoint", "EventSource": "Netlist Service", "HistoryName": "ExplorerRun.0", "logFile": "/home/dtvt_13/duyDUT/logs_dtvt_13/logs0/Service29.log", "logFileSize": "23959"}
\o [2026-04-16 00:49:05.831 +0700] [INFO] [cadence.virtuoso.ade.services.netlister] - Started netlisting {"point": 11, "testname": "gmIdwl_gmid2_1"}
\o Resetting statistical vars
\o 
\o *Info*    Setting parameter values ...
\o 
\o Setting var length = "600n"
\o 
\o *Info*    Netlist Directory =
\o           /home/dtvt_13/simulation/gmIdwl/gmid2/maestro/results/maestro/ExplorerRun.0/11/gmIdwl_gmid2_1/netlist
\o 
\o 
\o *Info*    Data Directory    =
\o           /home/dtvt_13/simulation/gmIdwl/gmid2/maestro/results/maestro/ExplorerRun.0/11/gmIdwl_gmid2_1
\o 
\o Reusing AHDL Data dir
\o generate netlist...
\o Ignoring netlist creation since ignoreDesignChangesDuringRun is set to true
\o       ...successful.
\o compose simulator input file...
\o       ...successful.
\o [2026-04-16 00:49:06.168 +0700] [PROCESS] [cadence.virtuoso.ade.services.netlister] - Current memory used: 514.9180 MBytes, peak memory used: 514.9219 MBytes {"hostname": "dtvt_13", "processid": 30914, "testname": "gmIdwl_gmid2_1", "point": 11, "logfile": "/home/dtvt_13/duyDUT/logs_dtvt_13/logs0/Service29.log"}
\o [2026-04-16 00:49:06.169 +0700] [INFO] [cadence.virtuoso.ade.services.netlister] - Finished netlisting {"point": 11, "testname": "gmIdwl_gmid2_1"}
\o [2026-04-16 00:49:06.171 +0700] [EVENT] [cadence.virtuoso.ade.services.netlister] - NewPoint {"point": 12, "testname": "gmIdwl_gmid2_1", "event": "NewPoint", "EventSource": "Netlist Service", "HistoryName": "ExplorerRun.0", "logFile": "/home/dtvt_13/duyDUT/logs_dtvt_13/logs0/Service29.log", "logFileSize": "25518"}
\o [2026-04-16 00:49:06.171 +0700] [INFO] [cadence.virtuoso.ade.services.netlister] - Started netlisting {"point": 12, "testname": "gmIdwl_gmid2_1"}
\o Resetting statistical vars
\o 
\o *Info*    Setting parameter values ...
\o 
\o Setting var length = "650n"
\o 
\o *Info*    Netlist Directory =
\o           /home/dtvt_13/simulation/gmIdwl/gmid2/maestro/results/maestro/ExplorerRun.0/12/gmIdwl_gmid2_1/netlist
\o 
\o 
\o *Info*    Data Directory    =
\o           /home/dtvt_13/simulation/gmIdwl/gmid2/maestro/results/maestro/ExplorerRun.0/12/gmIdwl_gmid2_1
\o 
\o Reusing AHDL Data dir
\o generate netlist...
\o Ignoring netlist creation since ignoreDesignChangesDuringRun is set to true
\o       ...successful.
\o compose simulator input file...
\o       ...successful.
\o [2026-04-16 00:49:06.480 +0700] [PROCESS] [cadence.virtuoso.ade.services.netlister] - Current memory used: 514.9180 MBytes, peak memory used: 514.9219 MBytes {"hostname": "dtvt_13", "processid": 30914, "testname": "gmIdwl_gmid2_1", "point": 12, "logfile": "/home/dtvt_13/duyDUT/logs_dtvt_13/logs0/Service29.log"}
\o [2026-04-16 00:49:06.481 +0700] [INFO] [cadence.virtuoso.ade.services.netlister] - Finished netlisting {"point": 12, "testname": "gmIdwl_gmid2_1"}
\o [2026-04-16 00:49:06.483 +0700] [EVENT] [cadence.virtuoso.ade.services.netlister] - NewPoint {"point": 13, "testname": "gmIdwl_gmid2_1", "event": "NewPoint", "EventSource": "Netlist Service", "HistoryName": "ExplorerRun.0", "logFile": "/home/dtvt_13/duyDUT/logs_dtvt_13/logs0/Service29.log", "logFileSize": "27077"}
\o [2026-04-16 00:49:06.484 +0700] [INFO] [cadence.virtuoso.ade.services.netlister] - Started netlisting {"point": 13, "testname": "gmIdwl_gmid2_1"}
\o Resetting statistical vars
\o 
\o *Info*    Setting parameter values ...
\o 
\o Setting var length = "700n"
\o 
\o *Info*    Netlist Directory =
\o           /home/dtvt_13/simulation/gmIdwl/gmid2/maestro/results/maestro/ExplorerRun.0/13/gmIdwl_gmid2_1/netlist
\o 
\o 
\o *Info*    Data Directory    =
\o           /home/dtvt_13/simulation/gmIdwl/gmid2/maestro/results/maestro/ExplorerRun.0/13/gmIdwl_gmid2_1
\o 
\o Reusing AHDL Data dir
\o generate netlist...
\o Ignoring netlist creation since ignoreDesignChangesDuringRun is set to true
\o       ...successful.
\o compose simulator input file...
\o       ...successful.
\o [2026-04-16 00:49:06.868 +0700] [PROCESS] [cadence.virtuoso.ade.services.netlister] - Current memory used: 514.9180 MBytes, peak memory used: 514.9219 MBytes {"hostname": "dtvt_13", "processid": 30914, "testname": "gmIdwl_gmid2_1", "point": 13, "logfile": "/home/dtvt_13/duyDUT/logs_dtvt_13/logs0/Service29.log"}
\o [2026-04-16 00:49:06.869 +0700] [INFO] [cadence.virtuoso.ade.services.netlister] - Finished netlisting {"point": 13, "testname": "gmIdwl_gmid2_1"}
\o [2026-04-16 00:49:06.870 +0700] [EVENT] [cadence.virtuoso.ade.services.netlister] - NewPoint {"point": 14, "testname": "gmIdwl_gmid2_1", "event": "NewPoint", "EventSource": "Netlist Service", "HistoryName": "ExplorerRun.0", "logFile": "/home/dtvt_13/duyDUT/logs_dtvt_13/logs0/Service29.log", "logFileSize": "28636"}
\o [2026-04-16 00:49:06.870 +0700] [INFO] [cadence.virtuoso.ade.services.netlister] - Started netlisting {"point": 14, "testname": "gmIdwl_gmid2_1"}
\o Resetting statistical vars
\o 
\o *Info*    Setting parameter values ...
\o 
\o Setting var length = "750n"
\o 
\o *Info*    Netlist Directory =
\o           /home/dtvt_13/simulation/gmIdwl/gmid2/maestro/results/maestro/ExplorerRun.0/14/gmIdwl_gmid2_1/netlist
\o 
\o 
\o *Info*    Data Directory    =
\o           /home/dtvt_13/simulation/gmIdwl/gmid2/maestro/results/maestro/ExplorerRun.0/14/gmIdwl_gmid2_1
\o 
\o Reusing AHDL Data dir
\o generate netlist...
\o Ignoring netlist creation since ignoreDesignChangesDuringRun is set to true
\o       ...successful.
\o compose simulator input file...
\o       ...successful.
\o [2026-04-16 00:49:07.059 +0700] [PROCESS] [cadence.virtuoso.ade.services.netlister] - Current memory used: 514.9180 MBytes, peak memory used: 514.9219 MBytes {"hostname": "dtvt_13", "processid": 30914, "testname": "gmIdwl_gmid2_1", "point": 14, "logfile": "/home/dtvt_13/duyDUT/logs_dtvt_13/logs0/Service29.log"}
\o [2026-04-16 00:49:07.059 +0700] [INFO] [cadence.virtuoso.ade.services.netlister] - Finished netlisting {"point": 14, "testname": "gmIdwl_gmid2_1"}
\o [2026-04-16 00:49:07.061 +0700] [EVENT] [cadence.virtuoso.ade.services.netlister] - NewPoint {"point": 15, "testname": "gmIdwl_gmid2_1", "event": "NewPoint", "EventSource": "Netlist Service", "HistoryName": "ExplorerRun.0", "logFile": "/home/dtvt_13/duyDUT/logs_dtvt_13/logs0/Service29.log", "logFileSize": "30195"}
\o [2026-04-16 00:49:07.061 +0700] [INFO] [cadence.virtuoso.ade.services.netlister] - Started netlisting {"point": 15, "testname": "gmIdwl_gmid2_1"}
\o Resetting statistical vars
\o 
\o *Info*    Setting parameter values ...
\o 
\o Setting var length = "800n"
\o 
\o *Info*    Netlist Directory =
\o           /home/dtvt_13/simulation/gmIdwl/gmid2/maestro/results/maestro/ExplorerRun.0/15/gmIdwl_gmid2_1/netlist
\o 
\o 
\o *Info*    Data Directory    =
\o           /home/dtvt_13/simulation/gmIdwl/gmid2/maestro/results/maestro/ExplorerRun.0/15/gmIdwl_gmid2_1
\o 
\o Reusing AHDL Data dir
\o generate netlist...
\o Ignoring netlist creation since ignoreDesignChangesDuringRun is set to true
\o       ...successful.
\o compose simulator input file...
\o       ...successful.
\o [2026-04-16 00:49:07.353 +0700] [PROCESS] [cadence.virtuoso.ade.services.netlister] - Current memory used: 514.9180 MBytes, peak memory used: 514.9219 MBytes {"hostname": "dtvt_13", "processid": 30914, "testname": "gmIdwl_gmid2_1", "point": 15, "logfile": "/home/dtvt_13/duyDUT/logs_dtvt_13/logs0/Service29.log"}
\o [2026-04-16 00:49:07.354 +0700] [INFO] [cadence.virtuoso.ade.services.netlister] - Finished netlisting {"point": 15, "testname": "gmIdwl_gmid2_1"}
\o [2026-04-16 00:49:07.354 +0700] [EVENT] [cadence.virtuoso.ade.services.netlister] - NewPoint {"point": 16, "testname": "gmIdwl_gmid2_1", "event": "NewPoint", "EventSource": "Netlist Service", "HistoryName": "ExplorerRun.0", "logFile": "/home/dtvt_13/duyDUT/logs_dtvt_13/logs0/Service29.log", "logFileSize": "31754"}
\o [2026-04-16 00:49:07.355 +0700] [INFO] [cadence.virtuoso.ade.services.netlister] - Started netlisting {"point": 16, "testname": "gmIdwl_gmid2_1"}
\o Resetting statistical vars
\o 
\o *Info*    Setting parameter values ...
\o 
\o Setting var length = "850n"
\o 
\o *Info*    Netlist Directory =
\o           /home/dtvt_13/simulation/gmIdwl/gmid2/maestro/results/maestro/ExplorerRun.0/16/gmIdwl_gmid2_1/netlist
\o 
\o 
\o *Info*    Data Directory    =
\o           /home/dtvt_13/simulation/gmIdwl/gmid2/maestro/results/maestro/ExplorerRun.0/16/gmIdwl_gmid2_1
\o 
\o Reusing AHDL Data dir
\o generate netlist...
\o Ignoring netlist creation since ignoreDesignChangesDuringRun is set to true
\o       ...successful.
\o compose simulator input file...
\o       ...successful.
\o [2026-04-16 00:49:07.562 +0700] [PROCESS] [cadence.virtuoso.ade.services.netlister] - Current memory used: 514.9180 MBytes, peak memory used: 514.9219 MBytes {"hostname": "dtvt_13", "processid": 30914, "testname": "gmIdwl_gmid2_1", "point": 16, "logfile": "/home/dtvt_13/duyDUT/logs_dtvt_13/logs0/Service29.log"}
\o [2026-04-16 00:49:07.562 +0700] [INFO] [cadence.virtuoso.ade.services.netlister] - Finished netlisting {"point": 16, "testname": "gmIdwl_gmid2_1"}
\o [2026-04-16 00:49:07.563 +0700] [EVENT] [cadence.virtuoso.ade.services.netlister] - NewPoint {"point": 17, "testname": "gmIdwl_gmid2_1", "event": "NewPoint", "EventSource": "Netlist Service", "HistoryName": "ExplorerRun.0", "logFile": "/home/dtvt_13/duyDUT/logs_dtvt_13/logs0/Service29.log", "logFileSize": "33313"}
\o [2026-04-16 00:49:07.563 +0700] [INFO] [cadence.virtuoso.ade.services.netlister] - Started netlisting {"point": 17, "testname": "gmIdwl_gmid2_1"}
\o Resetting statistical vars
\o 
\o *Info*    Setting parameter values ...
\o 
\o Setting var length = "900n"
\o 
\o *Info*    Netlist Directory =
\o           /home/dtvt_13/simulation/gmIdwl/gmid2/maestro/results/maestro/ExplorerRun.0/17/gmIdwl_gmid2_1/netlist
\o 
\o 
\o *Info*    Data Directory    =
\o           /home/dtvt_13/simulation/gmIdwl/gmid2/maestro/results/maestro/ExplorerRun.0/17/gmIdwl_gmid2_1
\o 
\o Reusing AHDL Data dir
\o generate netlist...
\o Ignoring netlist creation since ignoreDesignChangesDuringRun is set to true
\o       ...successful.
\o compose simulator input file...
\o       ...successful.
\o [2026-04-16 00:49:07.897 +0700] [PROCESS] [cadence.virtuoso.ade.services.netlister] - Current memory used: 514.9180 MBytes, peak memory used: 514.9219 MBytes {"hostname": "dtvt_13", "processid": 30914, "testname": "gmIdwl_gmid2_1", "point": 17, "logfile": "/home/dtvt_13/duyDUT/logs_dtvt_13/logs0/Service29.log"}
\o [2026-04-16 00:49:07.898 +0700] [INFO] [cadence.virtuoso.ade.services.netlister] - Finished netlisting {"point": 17, "testname": "gmIdwl_gmid2_1"}
\o [2026-04-16 00:49:07.901 +0700] [EVENT] [cadence.virtuoso.ade.services.netlister] - NewPoint {"point": 18, "testname": "gmIdwl_gmid2_1", "event": "NewPoint", "EventSource": "Netlist Service", "HistoryName": "ExplorerRun.0", "logFile": "/home/dtvt_13/duyDUT/logs_dtvt_13/logs0/Service29.log", "logFileSize": "34872"}
\o [2026-04-16 00:49:07.901 +0700] [INFO] [cadence.virtuoso.ade.services.netlister] - Started netlisting {"point": 18, "testname": "gmIdwl_gmid2_1"}
\o Resetting statistical vars
\o 
\o *Info*    Setting parameter values ...
\o 
\o Setting var length = "950n"
\o 
\o *Info*    Netlist Directory =
\o           /home/dtvt_13/simulation/gmIdwl/gmid2/maestro/results/maestro/ExplorerRun.0/18/gmIdwl_gmid2_1/netlist
\o 
\o 
\o *Info*    Data Directory    =
\o           /home/dtvt_13/simulation/gmIdwl/gmid2/maestro/results/maestro/ExplorerRun.0/18/gmIdwl_gmid2_1
\o 
\o Reusing AHDL Data dir
\o generate netlist...
\o Ignoring netlist creation since ignoreDesignChangesDuringRun is set to true
\o       ...successful.
\o compose simulator input file...
\o       ...successful.
\o [2026-04-16 00:49:08.449 +0700] [PROCESS] [cadence.virtuoso.ade.services.netlister] - Current memory used: 514.9180 MBytes, peak memory used: 514.9219 MBytes {"hostname": "dtvt_13", "processid": 30914, "testname": "gmIdwl_gmid2_1", "point": 18, "logfile": "/home/dtvt_13/duyDUT/logs_dtvt_13/logs0/Service29.log"}
\o [2026-04-16 00:49:08.450 +0700] [INFO] [cadence.virtuoso.ade.services.netlister] - Finished netlisting {"point": 18, "testname": "gmIdwl_gmid2_1"}
\o [2026-04-16 00:49:08.452 +0700] [EVENT] [cadence.virtuoso.ade.services.netlister] - NewPoint {"point": 19, "testname": "gmIdwl_gmid2_1", "event": "NewPoint", "EventSource": "Netlist Service", "HistoryName": "ExplorerRun.0", "logFile": "/home/dtvt_13/duyDUT/logs_dtvt_13/logs0/Service29.log", "logFileSize": "36431"}
\o [2026-04-16 00:49:08.452 +0700] [INFO] [cadence.virtuoso.ade.services.netlister] - Started netlisting {"point": 19, "testname": "gmIdwl_gmid2_1"}
\o Resetting statistical vars
\o 
\o *Info*    Setting parameter values ...
\o 
\o Setting var length = "1u"
\o 
\o *Info*    Netlist Directory =
\o           /home/dtvt_13/simulation/gmIdwl/gmid2/maestro/results/maestro/ExplorerRun.0/19/gmIdwl_gmid2_1/netlist
\o 
\o 
\o *Info*    Data Directory    =
\o           /home/dtvt_13/simulation/gmIdwl/gmid2/maestro/results/maestro/ExplorerRun.0/19/gmIdwl_gmid2_1
\o 
\o Reusing AHDL Data dir
\o generate netlist...
\o Ignoring netlist creation since ignoreDesignChangesDuringRun is set to true
\o       ...successful.
\o compose simulator input file...
\o       ...successful.
\o [2026-04-16 00:49:08.958 +0700] [PROCESS] [cadence.virtuoso.ade.services.netlister] - Current memory used: 514.9180 MBytes, peak memory used: 514.9219 MBytes {"hostname": "dtvt_13", "processid": 30914, "testname": "gmIdwl_gmid2_1", "point": 19, "logfile": "/home/dtvt_13/duyDUT/logs_dtvt_13/logs0/Service29.log"}
\o [2026-04-16 00:49:08.959 +0700] [INFO] [cadence.virtuoso.ade.services.netlister] - Finished netlisting {"point": 19, "testname": "gmIdwl_gmid2_1"}
\o [2026-04-16 00:49:08.962 +0700] [EVENT] [cadence.virtuoso.ade.services.netlister] - NewPoint {"point": 20, "testname": "gmIdwl_gmid2_1", "event": "NewPoint", "EventSource": "Netlist Service", "HistoryName": "ExplorerRun.0", "logFile": "/home/dtvt_13/duyDUT/logs_dtvt_13/logs0/Service29.log", "logFileSize": "37988"}
\o [2026-04-16 00:49:08.962 +0700] [INFO] [cadence.virtuoso.ade.services.netlister] - Started netlisting {"point": 20, "testname": "gmIdwl_gmid2_1"}
\o Resetting statistical vars
\o 
\o *Info*    Setting parameter values ...
\o 
\o Setting var length = "1.05u"
\o 
\o *Info*    Netlist Directory =
\o           /home/dtvt_13/simulation/gmIdwl/gmid2/maestro/results/maestro/ExplorerRun.0/20/gmIdwl_gmid2_1/netlist
\o 
\o 
\o *Info*    Data Directory    =
\o           /home/dtvt_13/simulation/gmIdwl/gmid2/maestro/results/maestro/ExplorerRun.0/20/gmIdwl_gmid2_1
\o 
\o Reusing AHDL Data dir
\o generate netlist...
\o Ignoring netlist creation since ignoreDesignChangesDuringRun is set to true
\o       ...successful.
\o compose simulator input file...
\o       ...successful.
\o [2026-04-16 00:49:09.375 +0700] [PROCESS] [cadence.virtuoso.ade.services.netlister] - Current memory used: 514.9180 MBytes, peak memory used: 514.9219 MBytes {"hostname": "dtvt_13", "processid": 30914, "testname": "gmIdwl_gmid2_1", "point": 20, "logfile": "/home/dtvt_13/duyDUT/logs_dtvt_13/logs0/Service29.log"}
\o [2026-04-16 00:49:09.376 +0700] [INFO] [cadence.virtuoso.ade.services.netlister] - Finished netlisting {"point": 20, "testname": "gmIdwl_gmid2_1"}
\o [2026-04-16 00:49:09.378 +0700] [EVENT] [cadence.virtuoso.ade.services.netlister] - NewPoint {"point": 21, "testname": "gmIdwl_gmid2_1", "event": "NewPoint", "EventSource": "Netlist Service", "HistoryName": "ExplorerRun.0", "logFile": "/home/dtvt_13/duyDUT/logs_dtvt_13/logs0/Service29.log", "logFileSize": "39548"}
\o [2026-04-16 00:49:09.378 +0700] [INFO] [cadence.virtuoso.ade.services.netlister] - Started netlisting {"point": 21, "testname": "gmIdwl_gmid2_1"}
\o Resetting statistical vars
\o 
\o *Info*    Setting parameter values ...
\o 
\o Setting var length = "1.1u"
\o 
\o *Info*    Netlist Directory =
\o           /home/dtvt_13/simulation/gmIdwl/gmid2/maestro/results/maestro/ExplorerRun.0/21/gmIdwl_gmid2_1/netlist
\o 
\o 
\o *Info*    Data Directory    =
\o           /home/dtvt_13/simulation/gmIdwl/gmid2/maestro/results/maestro/ExplorerRun.0/21/gmIdwl_gmid2_1
\o 
\o Reusing AHDL Data dir
\o generate netlist...
\o Ignoring netlist creation since ignoreDesignChangesDuringRun is set to true
\o       ...successful.
\o compose simulator input file...
\o       ...successful.
\o [2026-04-16 00:49:09.841 +0700] [PROCESS] [cadence.virtuoso.ade.services.netlister] - Current memory used: 514.9180 MBytes, peak memory used: 514.9219 MBytes {"hostname": "dtvt_13", "processid": 30914, "testname": "gmIdwl_gmid2_1", "point": 21, "logfile": "/home/dtvt_13/duyDUT/logs_dtvt_13/logs0/Service29.log"}
\o [2026-04-16 00:49:09.842 +0700] [INFO] [cadence.virtuoso.ade.services.netlister] - Finished netlisting {"point": 21, "testname": "gmIdwl_gmid2_1"}
\o [2026-04-16 00:49:09.844 +0700] [EVENT] [cadence.virtuoso.ade.services.netlister] - NewPoint {"point": 22, "testname": "gmIdwl_gmid2_1", "event": "NewPoint", "EventSource": "Netlist Service", "HistoryName": "ExplorerRun.0", "logFile": "/home/dtvt_13/duyDUT/logs_dtvt_13/logs0/Service29.log", "logFileSize": "41107"}
\o [2026-04-16 00:49:09.845 +0700] [INFO] [cadence.virtuoso.ade.services.netlister] - Started netlisting {"point": 22, "testname": "gmIdwl_gmid2_1"}
\o Resetting statistical vars
\o 
\o *Info*    Setting parameter values ...
\o 
\o Setting var length = "1.15u"
\o 
\o *Info*    Netlist Directory =
\o           /home/dtvt_13/simulation/gmIdwl/gmid2/maestro/results/maestro/ExplorerRun.0/22/gmIdwl_gmid2_1/netlist
\o 
\o 
\o *Info*    Data Directory    =
\o           /home/dtvt_13/simulation/gmIdwl/gmid2/maestro/results/maestro/ExplorerRun.0/22/gmIdwl_gmid2_1
\o 
\o Reusing AHDL Data dir
\o generate netlist...
\o Ignoring netlist creation since ignoreDesignChangesDuringRun is set to true
\o       ...successful.
\o compose simulator input file...
\o       ...successful.
\o [2026-04-16 00:49:10.268 +0700] [PROCESS] [cadence.virtuoso.ade.services.netlister] - Current memory used: 515.1484 MBytes, peak memory used: 515.1523 MBytes {"hostname": "dtvt_13", "processid": 30914, "testname": "gmIdwl_gmid2_1", "point": 22, "logfile": "/home/dtvt_13/duyDUT/logs_dtvt_13/logs0/Service29.log"}
\o [2026-04-16 00:49:10.269 +0700] [INFO] [cadence.virtuoso.ade.services.netlister] - Finished netlisting {"point": 22, "testname": "gmIdwl_gmid2_1"}
\o [2026-04-16 00:49:10.270 +0700] [EVENT] [cadence.virtuoso.ade.services.netlister] - NewPoint {"point": 23, "testname": "gmIdwl_gmid2_1", "event": "NewPoint", "EventSource": "Netlist Service", "HistoryName": "ExplorerRun.0", "logFile": "/home/dtvt_13/duyDUT/logs_dtvt_13/logs0/Service29.log", "logFileSize": "42667"}
\o [2026-04-16 00:49:10.270 +0700] [INFO] [cadence.virtuoso.ade.services.netlister] - Started netlisting {"point": 23, "testname": "gmIdwl_gmid2_1"}
\o Resetting statistical vars
\o 
\o *Info*    Setting parameter values ...
\o 
\o Setting var length = "1.2u"
\o 
\o *Info*    Netlist Directory =
\o           /home/dtvt_13/simulation/gmIdwl/gmid2/maestro/results/maestro/ExplorerRun.0/23/gmIdwl_gmid2_1/netlist
\o 
\o 
\o *Info*    Data Directory    =
\o           /home/dtvt_13/simulation/gmIdwl/gmid2/maestro/results/maestro/ExplorerRun.0/23/gmIdwl_gmid2_1
\o 
\o Reusing AHDL Data dir
\o generate netlist...
\o Ignoring netlist creation since ignoreDesignChangesDuringRun is set to true
\o       ...successful.
\o compose simulator input file...
\o       ...successful.
\o [2026-04-16 00:49:10.646 +0700] [PROCESS] [cadence.virtuoso.ade.services.netlister] - Current memory used: 515.3984 MBytes, peak memory used: 515.4023 MBytes {"hostname": "dtvt_13", "processid": 30914, "testname": "gmIdwl_gmid2_1", "point": 23, "logfile": "/home/dtvt_13/duyDUT/logs_dtvt_13/logs0/Service29.log"}
\o [2026-04-16 00:49:10.648 +0700] [INFO] [cadence.virtuoso.ade.services.netlister] - Finished netlisting {"point": 23, "testname": "gmIdwl_gmid2_1"}
\o [2026-04-16 00:49:10.651 +0700] [EVENT] [cadence.virtuoso.ade.services.netlister] - NewPoint {"point": 24, "testname": "gmIdwl_gmid2_1", "event": "NewPoint", "EventSource": "Netlist Service", "HistoryName": "ExplorerRun.0", "logFile": "/home/dtvt_13/duyDUT/logs_dtvt_13/logs0/Service29.log", "logFileSize": "44226"}
\o [2026-04-16 00:49:10.651 +0700] [INFO] [cadence.virtuoso.ade.services.netlister] - Started netlisting {"point": 24, "testname": "gmIdwl_gmid2_1"}
\o Resetting statistical vars
\o 
\o *Info*    Setting parameter values ...
\o 
\o Setting var length = "1.25u"
\o 
\o *Info*    Netlist Directory =
\o           /home/dtvt_13/simulation/gmIdwl/gmid2/maestro/results/maestro/ExplorerRun.0/24/gmIdwl_gmid2_1/netlist
\o 
\o 
\o *Info*    Data Directory    =
\o           /home/dtvt_13/simulation/gmIdwl/gmid2/maestro/results/maestro/ExplorerRun.0/24/gmIdwl_gmid2_1
\o 
\o Reusing AHDL Data dir
\o generate netlist...
\o Ignoring netlist creation since ignoreDesignChangesDuringRun is set to true
\o       ...successful.
\o compose simulator input file...
\o       ...successful.
\o [2026-04-16 00:49:11.087 +0700] [PROCESS] [cadence.virtuoso.ade.services.netlister] - Current memory used: 515.3984 MBytes, peak memory used: 515.4023 MBytes {"hostname": "dtvt_13", "processid": 30914, "testname": "gmIdwl_gmid2_1", "point": 24, "logfile": "/home/dtvt_13/duyDUT/logs_dtvt_13/logs0/Service29.log"}
\o [2026-04-16 00:49:11.088 +0700] [INFO] [cadence.virtuoso.ade.services.netlister] - Finished netlisting {"point": 24, "testname": "gmIdwl_gmid2_1"}
\o [2026-04-16 00:49:11.091 +0700] [EVENT] [cadence.virtuoso.ade.services.netlister] - NewPoint {"point": 25, "testname": "gmIdwl_gmid2_1", "event": "NewPoint", "EventSource": "Netlist Service", "HistoryName": "ExplorerRun.0", "logFile": "/home/dtvt_13/duyDUT/logs_dtvt_13/logs0/Service29.log", "logFileSize": "45786"}
\o [2026-04-16 00:49:11.091 +0700] [INFO] [cadence.virtuoso.ade.services.netlister] - Started netlisting {"point": 25, "testname": "gmIdwl_gmid2_1"}
\o Resetting statistical vars
\o 
\o *Info*    Setting parameter values ...
\o 
\o Setting var length = "1.3u"
\o 
\o *Info*    Netlist Directory =
\o           /home/dtvt_13/simulation/gmIdwl/gmid2/maestro/results/maestro/ExplorerRun.0/25/gmIdwl_gmid2_1/netlist
\o 
\o 
\o *Info*    Data Directory    =
\o           /home/dtvt_13/simulation/gmIdwl/gmid2/maestro/results/maestro/ExplorerRun.0/25/gmIdwl_gmid2_1
\o 
\o Reusing AHDL Data dir
\o generate netlist...
\o Ignoring netlist creation since ignoreDesignChangesDuringRun is set to true
\o       ...successful.
\o compose simulator input file...
\o       ...successful.
\o [2026-04-16 00:49:11.520 +0700] [PROCESS] [cadence.virtuoso.ade.services.netlister] - Current memory used: 515.3984 MBytes, peak memory used: 515.4023 MBytes {"hostname": "dtvt_13", "processid": 30914, "testname": "gmIdwl_gmid2_1", "point": 25, "logfile": "/home/dtvt_13/duyDUT/logs_dtvt_13/logs0/Service29.log"}
\o [2026-04-16 00:49:11.521 +0700] [INFO] [cadence.virtuoso.ade.services.netlister] - Finished netlisting {"point": 25, "testname": "gmIdwl_gmid2_1"}
\o [2026-04-16 00:49:11.523 +0700] [EVENT] [cadence.virtuoso.ade.services.netlister] - NewPoint {"point": 26, "testname": "gmIdwl_gmid2_1", "event": "NewPoint", "EventSource": "Netlist Service", "HistoryName": "ExplorerRun.0", "logFile": "/home/dtvt_13/duyDUT/logs_dtvt_13/logs0/Service29.log", "logFileSize": "47345"}
\o [2026-04-16 00:49:11.523 +0700] [INFO] [cadence.virtuoso.ade.services.netlister] - Started netlisting {"point": 26, "testname": "gmIdwl_gmid2_1"}
\o Resetting statistical vars
\o 
\o *Info*    Setting parameter values ...
\o 
\o Setting var length = "1.35u"
\o 
\o *Info*    Netlist Directory =
\o           /home/dtvt_13/simulation/gmIdwl/gmid2/maestro/results/maestro/ExplorerRun.0/26/gmIdwl_gmid2_1/netlist
\o 
\o 
\o *Info*    Data Directory    =
\o           /home/dtvt_13/simulation/gmIdwl/gmid2/maestro/results/maestro/ExplorerRun.0/26/gmIdwl_gmid2_1
\o 
\o Reusing AHDL Data dir
\o generate netlist...
\o Ignoring netlist creation since ignoreDesignChangesDuringRun is set to true
\o       ...successful.
\o compose simulator input file...
\o       ...successful.
\o [2026-04-16 00:49:11.888 +0700] [PROCESS] [cadence.virtuoso.ade.services.netlister] - Current memory used: 515.3984 MBytes, peak memory used: 515.4023 MBytes {"hostname": "dtvt_13", "processid": 30914, "testname": "gmIdwl_gmid2_1", "point": 26, "logfile": "/home/dtvt_13/duyDUT/logs_dtvt_13/logs0/Service29.log"}
\o [2026-04-16 00:49:11.889 +0700] [INFO] [cadence.virtuoso.ade.services.netlister] - Finished netlisting {"point": 26, "testname": "gmIdwl_gmid2_1"}
\o [2026-04-16 00:49:11.892 +0700] [EVENT] [cadence.virtuoso.ade.services.netlister] - NewPoint {"point": 27, "testname": "gmIdwl_gmid2_1", "event": "NewPoint", "EventSource": "Netlist Service", "HistoryName": "ExplorerRun.0", "logFile": "/home/dtvt_13/duyDUT/logs_dtvt_13/logs0/Service29.log", "logFileSize": "48905"}
\o [2026-04-16 00:49:11.892 +0700] [INFO] [cadence.virtuoso.ade.services.netlister] - Started netlisting {"point": 27, "testname": "gmIdwl_gmid2_1"}
\o Resetting statistical vars
\o 
\o *Info*    Setting parameter values ...
\o 
\o Setting var length = "1.4u"
\o 
\o *Info*    Netlist Directory =
\o           /home/dtvt_13/simulation/gmIdwl/gmid2/maestro/results/maestro/ExplorerRun.0/27/gmIdwl_gmid2_1/netlist
\o 
\o 
\o *Info*    Data Directory    =
\o           /home/dtvt_13/simulation/gmIdwl/gmid2/maestro/results/maestro/ExplorerRun.0/27/gmIdwl_gmid2_1
\o 
\o Reusing AHDL Data dir
\o generate netlist...
\o Ignoring netlist creation since ignoreDesignChangesDuringRun is set to true
\o       ...successful.
\o compose simulator input file...
\o       ...successful.
\o [2026-04-16 00:49:12.342 +0700] [PROCESS] [cadence.virtuoso.ade.services.netlister] - Current memory used: 515.3984 MBytes, peak memory used: 515.4023 MBytes {"hostname": "dtvt_13", "processid": 30914, "testname": "gmIdwl_gmid2_1", "point": 27, "logfile": "/home/dtvt_13/duyDUT/logs_dtvt_13/logs0/Service29.log"}
\o [2026-04-16 00:49:12.343 +0700] [INFO] [cadence.virtuoso.ade.services.netlister] - Finished netlisting {"point": 27, "testname": "gmIdwl_gmid2_1"}
\o [2026-04-16 00:49:12.344 +0700] [EVENT] [cadence.virtuoso.ade.services.netlister] - NewPoint {"point": 28, "testname": "gmIdwl_gmid2_1", "event": "NewPoint", "EventSource": "Netlist Service", "HistoryName": "ExplorerRun.0", "logFile": "/home/dtvt_13/duyDUT/logs_dtvt_13/logs0/Service29.log", "logFileSize": "50464"}
\o [2026-04-16 00:49:12.345 +0700] [INFO] [cadence.virtuoso.ade.services.netlister] - Started netlisting {"point": 28, "testname": "gmIdwl_gmid2_1"}
\o Resetting statistical vars
\o 
\o *Info*    Setting parameter values ...
\o 
\o Setting var length = "1.45u"
\o 
\o *Info*    Netlist Directory =
\o           /home/dtvt_13/simulation/gmIdwl/gmid2/maestro/results/maestro/ExplorerRun.0/28/gmIdwl_gmid2_1/netlist
\o 
\o 
\o *Info*    Data Directory    =
\o           /home/dtvt_13/simulation/gmIdwl/gmid2/maestro/results/maestro/ExplorerRun.0/28/gmIdwl_gmid2_1
\o 
\o Reusing AHDL Data dir
\o generate netlist...
\o Ignoring netlist creation since ignoreDesignChangesDuringRun is set to true
\o       ...successful.
\o compose simulator input file...
\o       ...successful.
\o [2026-04-16 00:49:12.688 +0700] [PROCESS] [cadence.virtuoso.ade.services.netlister] - Current memory used: 515.3984 MBytes, peak memory used: 515.4023 MBytes {"hostname": "dtvt_13", "processid": 30914, "testname": "gmIdwl_gmid2_1", "point": 28, "logfile": "/home/dtvt_13/duyDUT/logs_dtvt_13/logs0/Service29.log"}
\o [2026-04-16 00:49:12.688 +0700] [INFO] [cadence.virtuoso.ade.services.netlister] - Finished netlisting {"point": 28, "testname": "gmIdwl_gmid2_1"}
\o [2026-04-16 00:49:12.689 +0700] [EVENT] [cadence.virtuoso.ade.services.netlister] - NewPoint {"point": 29, "testname": "gmIdwl_gmid2_1", "event": "NewPoint", "EventSource": "Netlist Service", "HistoryName": "ExplorerRun.0", "logFile": "/home/dtvt_13/duyDUT/logs_dtvt_13/logs0/Service29.log", "logFileSize": "52024"}
\o [2026-04-16 00:49:12.689 +0700] [INFO] [cadence.virtuoso.ade.services.netlister] - Started netlisting {"point": 29, "testname": "gmIdwl_gmid2_1"}
\o Resetting statistical vars
\o 
\o *Info*    Setting parameter values ...
\o 
\o Setting var length = "1.5u"
\o 
\o *Info*    Netlist Directory =
\o           /home/dtvt_13/simulation/gmIdwl/gmid2/maestro/results/maestro/ExplorerRun.0/29/gmIdwl_gmid2_1/netlist
\o 
\o 
\o *Info*    Data Directory    =
\o           /home/dtvt_13/simulation/gmIdwl/gmid2/maestro/results/maestro/ExplorerRun.0/29/gmIdwl_gmid2_1
\o 
\o Reusing AHDL Data dir
\o generate netlist...
\o Ignoring netlist creation since ignoreDesignChangesDuringRun is set to true
\o       ...successful.
\o compose simulator input file...
\o       ...successful.
\o [2026-04-16 00:49:12.881 +0700] [PROCESS] [cadence.virtuoso.ade.services.netlister] - Current memory used: 515.3984 MBytes, peak memory used: 515.4023 MBytes {"hostname": "dtvt_13", "processid": 30914, "testname": "gmIdwl_gmid2_1", "point": 29, "logfile": "/home/dtvt_13/duyDUT/logs_dtvt_13/logs0/Service29.log"}
\o [2026-04-16 00:49:12.881 +0700] [INFO] [cadence.virtuoso.ade.services.netlister] - Finished netlisting {"point": 29, "testname": "gmIdwl_gmid2_1"}
\o [2026-04-16 00:49:12.882 +0700] [EVENT] [cadence.virtuoso.ade.services.netlister] - NewPoint {"point": 30, "testname": "gmIdwl_gmid2_1", "event": "NewPoint", "EventSource": "Netlist Service", "HistoryName": "ExplorerRun.0", "logFile": "/home/dtvt_13/duyDUT/logs_dtvt_13/logs0/Service29.log", "logFileSize": "53583"}
\o [2026-04-16 00:49:12.882 +0700] [INFO] [cadence.virtuoso.ade.services.netlister] - Started netlisting {"point": 30, "testname": "gmIdwl_gmid2_1"}
\o Resetting statistical vars
\o 
\o *Info*    Setting parameter values ...
\o 
\o Setting var length = "1.55u"
\o 
\o *Info*    Netlist Directory =
\o           /home/dtvt_13/simulation/gmIdwl/gmid2/maestro/results/maestro/ExplorerRun.0/30/gmIdwl_gmid2_1/netlist
\o 
\o 
\o *Info*    Data Directory    =
\o           /home/dtvt_13/simulation/gmIdwl/gmid2/maestro/results/maestro/ExplorerRun.0/30/gmIdwl_gmid2_1
\o 
\o Reusing AHDL Data dir
\o generate netlist...
\o Ignoring netlist creation since ignoreDesignChangesDuringRun is set to true
\o       ...successful.
\o compose simulator input file...
\o       ...successful.
\o [2026-04-16 00:49:13.093 +0700] [PROCESS] [cadence.virtuoso.ade.services.netlister] - Current memory used: 515.3984 MBytes, peak memory used: 515.4023 MBytes {"hostname": "dtvt_13", "processid": 30914, "testname": "gmIdwl_gmid2_1", "point": 30, "logfile": "/home/dtvt_13/duyDUT/logs_dtvt_13/logs0/Service29.log"}
\o [2026-04-16 00:49:13.094 +0700] [INFO] [cadence.virtuoso.ade.services.netlister] - Finished netlisting {"point": 30, "testname": "gmIdwl_gmid2_1"}
\o [2026-04-16 00:49:13.094 +0700] [EVENT] [cadence.virtuoso.ade.services.netlister] - NewPoint {"point": 31, "testname": "gmIdwl_gmid2_1", "event": "NewPoint", "EventSource": "Netlist Service", "HistoryName": "ExplorerRun.0", "logFile": "/home/dtvt_13/duyDUT/logs_dtvt_13/logs0/Service29.log", "logFileSize": "55143"}
\o [2026-04-16 00:49:13.094 +0700] [INFO] [cadence.virtuoso.ade.services.netlister] - Started netlisting {"point": 31, "testname": "gmIdwl_gmid2_1"}
\o Resetting statistical vars
\o 
\o *Info*    Setting parameter values ...
\o 
\o Setting var length = "1.6u"
\o 
\o *Info*    Netlist Directory =
\o           /home/dtvt_13/simulation/gmIdwl/gmid2/maestro/results/maestro/ExplorerRun.0/31/gmIdwl_gmid2_1/netlist
\o 
\o 
\o *Info*    Data Directory    =
\o           /home/dtvt_13/simulation/gmIdwl/gmid2/maestro/results/maestro/ExplorerRun.0/31/gmIdwl_gmid2_1
\o 
\o Reusing AHDL Data dir
\o generate netlist...
\o Ignoring netlist creation since ignoreDesignChangesDuringRun is set to true
\o       ...successful.
\o compose simulator input file...
\o       ...successful.
\o [2026-04-16 00:49:13.279 +0700] [PROCESS] [cadence.virtuoso.ade.services.netlister] - Current memory used: 515.3984 MBytes, peak memory used: 515.4023 MBytes {"hostname": "dtvt_13", "processid": 30914, "testname": "gmIdwl_gmid2_1", "point": 31, "logfile": "/home/dtvt_13/duyDUT/logs_dtvt_13/logs0/Service29.log"}
\o [2026-04-16 00:49:13.279 +0700] [INFO] [cadence.virtuoso.ade.services.netlister] - Finished netlisting {"point": 31, "testname": "gmIdwl_gmid2_1"}
\o [2026-04-16 00:49:13.280 +0700] [EVENT] [cadence.virtuoso.ade.services.netlister] - NewPoint {"point": 32, "testname": "gmIdwl_gmid2_1", "event": "NewPoint", "EventSource": "Netlist Service", "HistoryName": "ExplorerRun.0", "logFile": "/home/dtvt_13/duyDUT/logs_dtvt_13/logs0/Service29.log", "logFileSize": "56702"}
\o [2026-04-16 00:49:13.280 +0700] [INFO] [cadence.virtuoso.ade.services.netlister] - Started netlisting {"point": 32, "testname": "gmIdwl_gmid2_1"}
\o Resetting statistical vars
\o 
\o *Info*    Setting parameter values ...
\o 
\o Setting var length = "1.65u"
\o 
\o *Info*    Netlist Directory =
\o           /home/dtvt_13/simulation/gmIdwl/gmid2/maestro/results/maestro/ExplorerRun.0/32/gmIdwl_gmid2_1/netlist
\o 
\o 
\o *Info*    Data Directory    =
\o           /home/dtvt_13/simulation/gmIdwl/gmid2/maestro/results/maestro/ExplorerRun.0/32/gmIdwl_gmid2_1
\o 
\o Reusing AHDL Data dir
\o generate netlist...
\o Ignoring netlist creation since ignoreDesignChangesDuringRun is set to true
\o       ...successful.
\o compose simulator input file...
\o       ...successful.
\o [2026-04-16 00:49:13.501 +0700] [PROCESS] [cadence.virtuoso.ade.services.netlister] - Current memory used: 515.3984 MBytes, peak memory used: 515.4023 MBytes {"hostname": "dtvt_13", "processid": 30914, "testname": "gmIdwl_gmid2_1", "point": 32, "logfile": "/home/dtvt_13/duyDUT/logs_dtvt_13/logs0/Service29.log"}
\o [2026-04-16 00:49:13.501 +0700] [INFO] [cadence.virtuoso.ade.services.netlister] - Finished netlisting {"point": 32, "testname": "gmIdwl_gmid2_1"}
\o [2026-04-16 00:49:13.502 +0700] [EVENT] [cadence.virtuoso.ade.services.netlister] - NewPoint {"point": 33, "testname": "gmIdwl_gmid2_1", "event": "NewPoint", "EventSource": "Netlist Service", "HistoryName": "ExplorerRun.0", "logFile": "/home/dtvt_13/duyDUT/logs_dtvt_13/logs0/Service29.log", "logFileSize": "58262"}
\o [2026-04-16 00:49:13.502 +0700] [INFO] [cadence.virtuoso.ade.services.netlister] - Started netlisting {"point": 33, "testname": "gmIdwl_gmid2_1"}
\o Resetting statistical vars
\o 
\o *Info*    Setting parameter values ...
\o 
\o Setting var length = "1.7u"
\o 
\o *Info*    Netlist Directory =
\o           /home/dtvt_13/simulation/gmIdwl/gmid2/maestro/results/maestro/ExplorerRun.0/33/gmIdwl_gmid2_1/netlist
\o 
\o 
\o *Info*    Data Directory    =
\o           /home/dtvt_13/simulation/gmIdwl/gmid2/maestro/results/maestro/ExplorerRun.0/33/gmIdwl_gmid2_1
\o 
\o Reusing AHDL Data dir
\o generate netlist...
\o Ignoring netlist creation since ignoreDesignChangesDuringRun is set to true
\o       ...successful.
\o compose simulator input file...
\o       ...successful.
\o [2026-04-16 00:49:13.681 +0700] [PROCESS] [cadence.virtuoso.ade.services.netlister] - Current memory used: 515.3984 MBytes, peak memory used: 515.4023 MBytes {"hostname": "dtvt_13", "processid": 30914, "testname": "gmIdwl_gmid2_1", "point": 33, "logfile": "/home/dtvt_13/duyDUT/logs_dtvt_13/logs0/Service29.log"}
\o [2026-04-16 00:49:13.682 +0700] [INFO] [cadence.virtuoso.ade.services.netlister] - Finished netlisting {"point": 33, "testname": "gmIdwl_gmid2_1"}
\o [2026-04-16 00:49:13.682 +0700] [EVENT] [cadence.virtuoso.ade.services.netlister] - NewPoint {"point": 34, "testname": "gmIdwl_gmid2_1", "event": "NewPoint", "EventSource": "Netlist Service", "HistoryName": "ExplorerRun.0", "logFile": "/home/dtvt_13/duyDUT/logs_dtvt_13/logs0/Service29.log", "logFileSize": "59821"}
\o [2026-04-16 00:49:13.682 +0700] [INFO] [cadence.virtuoso.ade.services.netlister] - Started netlisting {"point": 34, "testname": "gmIdwl_gmid2_1"}
\o Resetting statistical vars
\o 
\o *Info*    Setting parameter values ...
\o 
\o Setting var length = "1.75u"
\o 
\o *Info*    Netlist Directory =
\o           /home/dtvt_13/simulation/gmIdwl/gmid2/maestro/results/maestro/ExplorerRun.0/34/gmIdwl_gmid2_1/netlist
\o 
\o 
\o *Info*    Data Directory    =
\o           /home/dtvt_13/simulation/gmIdwl/gmid2/maestro/results/maestro/ExplorerRun.0/34/gmIdwl_gmid2_1
\o 
\o Reusing AHDL Data dir
\o generate netlist...
\o Ignoring netlist creation since ignoreDesignChangesDuringRun is set to true
\o       ...successful.
\o compose simulator input file...
\o       ...successful.
\o [2026-04-16 00:49:13.891 +0700] [PROCESS] [cadence.virtuoso.ade.services.netlister] - Current memory used: 515.3984 MBytes, peak memory used: 515.4023 MBytes {"hostname": "dtvt_13", "processid": 30914, "testname": "gmIdwl_gmid2_1", "point": 34, "logfile": "/home/dtvt_13/duyDUT/logs_dtvt_13/logs0/Service29.log"}
\o [2026-04-16 00:49:13.892 +0700] [INFO] [cadence.virtuoso.ade.services.netlister] - Finished netlisting {"point": 34, "testname": "gmIdwl_gmid2_1"}
\o [2026-04-16 00:49:13.892 +0700] [EVENT] [cadence.virtuoso.ade.services.netlister] - NewPoint {"point": 35, "testname": "gmIdwl_gmid2_1", "event": "NewPoint", "EventSource": "Netlist Service", "HistoryName": "ExplorerRun.0", "logFile": "/home/dtvt_13/duyDUT/logs_dtvt_13/logs0/Service29.log", "logFileSize": "61381"}
\o [2026-04-16 00:49:13.893 +0700] [INFO] [cadence.virtuoso.ade.services.netlister] - Started netlisting {"point": 35, "testname": "gmIdwl_gmid2_1"}
\o Resetting statistical vars
\o 
\o *Info*    Setting parameter values ...
\o 
\o Setting var length = "1.8u"
\o 
\o *Info*    Netlist Directory =
\o           /home/dtvt_13/simulation/gmIdwl/gmid2/maestro/results/maestro/ExplorerRun.0/35/gmIdwl_gmid2_1/netlist
\o 
\o 
\o *Info*    Data Directory    =
\o           /home/dtvt_13/simulation/gmIdwl/gmid2/maestro/results/maestro/ExplorerRun.0/35/gmIdwl_gmid2_1
\o 
\o Reusing AHDL Data dir
\o generate netlist...
\o Ignoring netlist creation since ignoreDesignChangesDuringRun is set to true
\o       ...successful.
\o compose simulator input file...
\o       ...successful.
\o [2026-04-16 00:49:14.096 +0700] [PROCESS] [cadence.virtuoso.ade.services.netlister] - Current memory used: 515.3984 MBytes, peak memory used: 515.4023 MBytes {"hostname": "dtvt_13", "processid": 30914, "testname": "gmIdwl_gmid2_1", "point": 35, "logfile": "/home/dtvt_13/duyDUT/logs_dtvt_13/logs0/Service29.log"}
\o [2026-04-16 00:49:14.097 +0700] [INFO] [cadence.virtuoso.ade.services.netlister] - Finished netlisting {"point": 35, "testname": "gmIdwl_gmid2_1"}
\o [2026-04-16 00:49:14.099 +0700] [EVENT] [cadence.virtuoso.ade.services.netlister] - NewPoint {"point": 36, "testname": "gmIdwl_gmid2_1", "event": "NewPoint", "EventSource": "Netlist Service", "HistoryName": "ExplorerRun.0", "logFile": "/home/dtvt_13/duyDUT/logs_dtvt_13/logs0/Service29.log", "logFileSize": "62940"}
\o [2026-04-16 00:49:14.099 +0700] [INFO] [cadence.virtuoso.ade.services.netlister] - Started netlisting {"point": 36, "testname": "gmIdwl_gmid2_1"}
\o Resetting statistical vars
\o 
\o *Info*    Setting parameter values ...
\o 
\o Setting var length = "1.85u"
\o 
\o *Info*    Netlist Directory =
\o           /home/dtvt_13/simulation/gmIdwl/gmid2/maestro/results/maestro/ExplorerRun.0/36/gmIdwl_gmid2_1/netlist
\o 
\o 
\o *Info*    Data Directory    =
\o           /home/dtvt_13/simulation/gmIdwl/gmid2/maestro/results/maestro/ExplorerRun.0/36/gmIdwl_gmid2_1
\o 
\o Reusing AHDL Data dir
\o generate netlist...
\o Ignoring netlist creation since ignoreDesignChangesDuringRun is set to true
\o       ...successful.
\o compose simulator input file...
\o       ...successful.
\o [2026-04-16 00:49:14.275 +0700] [PROCESS] [cadence.virtuoso.ade.services.netlister] - Current memory used: 516.0352 MBytes, peak memory used: 516.0391 MBytes {"hostname": "dtvt_13", "processid": 30914, "testname": "gmIdwl_gmid2_1", "point": 36, "logfile": "/home/dtvt_13/duyDUT/logs_dtvt_13/logs0/Service29.log"}
\o [2026-04-16 00:49:14.275 +0700] [INFO] [cadence.virtuoso.ade.services.netlister] - Finished netlisting {"point": 36, "testname": "gmIdwl_gmid2_1"}
\o [2026-04-16 00:49:14.276 +0700] [EVENT] [cadence.virtuoso.ade.services.netlister] - NewPoint {"point": 37, "testname": "gmIdwl_gmid2_1", "event": "NewPoint", "EventSource": "Netlist Service", "HistoryName": "ExplorerRun.0", "logFile": "/home/dtvt_13/duyDUT/logs_dtvt_13/logs0/Service29.log", "logFileSize": "64500"}
\o [2026-04-16 00:49:14.276 +0700] [INFO] [cadence.virtuoso.ade.services.netlister] - Started netlisting {"point": 37, "testname": "gmIdwl_gmid2_1"}
\o Resetting statistical vars
\o 
\o *Info*    Setting parameter values ...
\o 
\o Setting var length = "1.9u"
\o 
\o *Info*    Netlist Directory =
\o           /home/dtvt_13/simulation/gmIdwl/gmid2/maestro/results/maestro/ExplorerRun.0/37/gmIdwl_gmid2_1/netlist
\o 
\o 
\o *Info*    Data Directory    =
\o           /home/dtvt_13/simulation/gmIdwl/gmid2/maestro/results/maestro/ExplorerRun.0/37/gmIdwl_gmid2_1
\o 
\o Reusing AHDL Data dir
\o generate netlist...
\o Ignoring netlist creation since ignoreDesignChangesDuringRun is set to true
\o       ...successful.
\o compose simulator input file...
\o       ...successful.
\o [2026-04-16 00:49:14.470 +0700] [PROCESS] [cadence.virtuoso.ade.services.netlister] - Current memory used: 516.4453 MBytes, peak memory used: 516.4492 MBytes {"hostname": "dtvt_13", "processid": 30914, "testname": "gmIdwl_gmid2_1", "point": 37, "logfile": "/home/dtvt_13/duyDUT/logs_dtvt_13/logs0/Service29.log"}
\o [2026-04-16 00:49:14.470 +0700] [INFO] [cadence.virtuoso.ade.services.netlister] - Finished netlisting {"point": 37, "testname": "gmIdwl_gmid2_1"}
\o [2026-04-16 00:49:14.471 +0700] [EVENT] [cadence.virtuoso.ade.services.netlister] - NewPoint {"point": 38, "testname": "gmIdwl_gmid2_1", "event": "NewPoint", "EventSource": "Netlist Service", "HistoryName": "ExplorerRun.0", "logFile": "/home/dtvt_13/duyDUT/logs_dtvt_13/logs0/Service29.log", "logFileSize": "66059"}
\o [2026-04-16 00:49:14.471 +0700] [INFO] [cadence.virtuoso.ade.services.netlister] - Started netlisting {"point": 38, "testname": "gmIdwl_gmid2_1"}
\o Resetting statistical vars
\o 
\o *Info*    Setting parameter values ...
\o 
\o Setting var length = "1.95u"
\o 
\o *Info*    Netlist Directory =
\o           /home/dtvt_13/simulation/gmIdwl/gmid2/maestro/results/maestro/ExplorerRun.0/38/gmIdwl_gmid2_1/netlist
\o 
\o 
\o *Info*    Data Directory    =
\o           /home/dtvt_13/simulation/gmIdwl/gmid2/maestro/results/maestro/ExplorerRun.0/38/gmIdwl_gmid2_1
\o 
\o Reusing AHDL Data dir
\o generate netlist...
\o Ignoring netlist creation since ignoreDesignChangesDuringRun is set to true
\o       ...successful.
\o compose simulator input file...
\o       ...successful.
\o [2026-04-16 00:49:14.688 +0700] [PROCESS] [cadence.virtuoso.ade.services.netlister] - Current memory used: 517.0430 MBytes, peak memory used: 517.0469 MBytes {"hostname": "dtvt_13", "processid": 30914, "testname": "gmIdwl_gmid2_1", "point": 38, "logfile": "/home/dtvt_13/duyDUT/logs_dtvt_13/logs0/Service29.log"}
\o [2026-04-16 00:49:14.688 +0700] [INFO] [cadence.virtuoso.ade.services.netlister] - Finished netlisting {"point": 38, "testname": "gmIdwl_gmid2_1"}
\o [2026-04-16 00:49:14.689 +0700] [EVENT] [cadence.virtuoso.ade.services.netlister] - NewPoint {"point": 39, "testname": "gmIdwl_gmid2_1", "event": "NewPoint", "EventSource": "Netlist Service", "HistoryName": "ExplorerRun.0", "logFile": "/home/dtvt_13/duyDUT/logs_dtvt_13/logs0/Service29.log", "logFileSize": "67619"}
\o [2026-04-16 00:49:14.689 +0700] [INFO] [cadence.virtuoso.ade.services.netlister] - Started netlisting {"point": 39, "testname": "gmIdwl_gmid2_1"}
\o Resetting statistical vars
\o 
\o *Info*    Setting parameter values ...
\o 
\o Setting var length = "2u"
\o 
\o *Info*    Netlist Directory =
\o           /home/dtvt_13/simulation/gmIdwl/gmid2/maestro/results/maestro/ExplorerRun.0/39/gmIdwl_gmid2_1/netlist
\o 
\o 
\o *Info*    Data Directory    =
\o           /home/dtvt_13/simulation/gmIdwl/gmid2/maestro/results/maestro/ExplorerRun.0/39/gmIdwl_gmid2_1
\o 
\o Reusing AHDL Data dir
\o generate netlist...
\o Ignoring netlist creation since ignoreDesignChangesDuringRun is set to true
\o       ...successful.
\o compose simulator input file...
\o       ...successful.
\o [2026-04-16 00:49:14.885 +0700] [PROCESS] [cadence.virtuoso.ade.services.netlister] - Current memory used: 517.8320 MBytes, peak memory used: 517.8359 MBytes {"hostname": "dtvt_13", "processid": 30914, "testname": "gmIdwl_gmid2_1", "point": 39, "logfile": "/home/dtvt_13/duyDUT/logs_dtvt_13/logs0/Service29.log"}
\o [2026-04-16 00:49:14.885 +0700] [INFO] [cadence.virtuoso.ade.services.netlister] - Finished netlisting {"point": 39, "testname": "gmIdwl_gmid2_1"}
\o [2026-04-16 00:49:14.886 +0700] [EVENT] [cadence.virtuoso.ade.services.netlister] - NewPoint {"point": 40, "testname": "gmIdwl_gmid2_1", "event": "NewPoint", "EventSource": "Netlist Service", "HistoryName": "ExplorerRun.0", "logFile": "/home/dtvt_13/duyDUT/logs_dtvt_13/logs0/Service29.log", "logFileSize": "69176"}
\o [2026-04-16 00:49:14.886 +0700] [INFO] [cadence.virtuoso.ade.services.netlister] - Started netlisting {"point": 40, "testname": "gmIdwl_gmid2_1"}
\o Resetting statistical vars
\o 
\o *Info*    Setting parameter values ...
\o 
\o Setting var length = "2.05u"
\o 
\o *Info*    Netlist Directory =
\o           /home/dtvt_13/simulation/gmIdwl/gmid2/maestro/results/maestro/ExplorerRun.0/40/gmIdwl_gmid2_1/netlist
\o 
\o 
\o *Info*    Data Directory    =
\o           /home/dtvt_13/simulation/gmIdwl/gmid2/maestro/results/maestro/ExplorerRun.0/40/gmIdwl_gmid2_1
\o 
\o Reusing AHDL Data dir
\o generate netlist...
\o Ignoring netlist creation since ignoreDesignChangesDuringRun is set to true
\o       ...successful.
\o compose simulator input file...
\o       ...successful.
\o [2026-04-16 00:49:15.137 +0700] [PROCESS] [cadence.virtuoso.ade.services.netlister] - Current memory used: 518.1094 MBytes, peak memory used: 518.1133 MBytes {"hostname": "dtvt_13", "processid": 30914, "testname": "gmIdwl_gmid2_1", "point": 40, "logfile": "/home/dtvt_13/duyDUT/logs_dtvt_13/logs0/Service29.log"}
\o [2026-04-16 00:49:15.137 +0700] [INFO] [cadence.virtuoso.ade.services.netlister] - Finished netlisting {"point": 40, "testname": "gmIdwl_gmid2_1"}
\o [2026-04-16 00:49:15.138 +0700] [EVENT] [cadence.virtuoso.ade.services.netlister] - NewPoint {"point": 41, "testname": "gmIdwl_gmid2_1", "event": "NewPoint", "EventSource": "Netlist Service", "HistoryName": "ExplorerRun.0", "logFile": "/home/dtvt_13/duyDUT/logs_dtvt_13/logs0/Service29.log", "logFileSize": "70736"}
\o [2026-04-16 00:49:15.138 +0700] [INFO] [cadence.virtuoso.ade.services.netlister] - Started netlisting {"point": 41, "testname": "gmIdwl_gmid2_1"}
\o Resetting statistical vars
\o 
\o *Info*    Setting parameter values ...
\o 
\o Setting var length = "2.1u"
\o 
\o *Info*    Netlist Directory =
\o           /home/dtvt_13/simulation/gmIdwl/gmid2/maestro/results/maestro/ExplorerRun.0/41/gmIdwl_gmid2_1/netlist
\o 
\o 
\o *Info*    Data Directory    =
\o           /home/dtvt_13/simulation/gmIdwl/gmid2/maestro/results/maestro/ExplorerRun.0/41/gmIdwl_gmid2_1
\o 
\o Reusing AHDL Data dir
\o generate netlist...
\o Ignoring netlist creation since ignoreDesignChangesDuringRun is set to true
\o       ...successful.
\o compose simulator input file...
\o       ...successful.
\o [2026-04-16 00:49:15.332 +0700] [PROCESS] [cadence.virtuoso.ade.services.netlister] - Current memory used: 518.1094 MBytes, peak memory used: 518.1133 MBytes {"hostname": "dtvt_13", "processid": 30914, "testname": "gmIdwl_gmid2_1", "point": 41, "logfile": "/home/dtvt_13/duyDUT/logs_dtvt_13/logs0/Service29.log"}
\o [2026-04-16 00:49:15.333 +0700] [INFO] [cadence.virtuoso.ade.services.netlister] - Finished netlisting {"point": 41, "testname": "gmIdwl_gmid2_1"}
\o [2026-04-16 00:49:15.334 +0700] [EVENT] [cadence.virtuoso.ade.services.netlister] - NewPoint {"point": 42, "testname": "gmIdwl_gmid2_1", "event": "NewPoint", "EventSource": "Netlist Service", "HistoryName": "ExplorerRun.0", "logFile": "/home/dtvt_13/duyDUT/logs_dtvt_13/logs0/Service29.log", "logFileSize": "72295"}
\o [2026-04-16 00:49:15.334 +0700] [INFO] [cadence.virtuoso.ade.services.netlister] - Started netlisting {"point": 42, "testname": "gmIdwl_gmid2_1"}
\o Resetting statistical vars
\o 
\o *Info*    Setting parameter values ...
\o 
\o Setting var length = "2.15u"
\o 
\o *Info*    Netlist Directory =
\o           /home/dtvt_13/simulation/gmIdwl/gmid2/maestro/results/maestro/ExplorerRun.0/42/gmIdwl_gmid2_1/netlist
\o 
\o 
\o *Info*    Data Directory    =
\o           /home/dtvt_13/simulation/gmIdwl/gmid2/maestro/results/maestro/ExplorerRun.0/42/gmIdwl_gmid2_1
\o 
\o Reusing AHDL Data dir
\o generate netlist...
\o Ignoring netlist creation since ignoreDesignChangesDuringRun is set to true
\o       ...successful.
\o compose simulator input file...
\o       ...successful.
\o [2026-04-16 00:49:15.532 +0700] [PROCESS] [cadence.virtuoso.ade.services.netlister] - Current memory used: 518.1094 MBytes, peak memory used: 518.1133 MBytes {"hostname": "dtvt_13", "processid": 30914, "testname": "gmIdwl_gmid2_1", "point": 42, "logfile": "/home/dtvt_13/duyDUT/logs_dtvt_13/logs0/Service29.log"}
\o [2026-04-16 00:49:15.532 +0700] [INFO] [cadence.virtuoso.ade.services.netlister] - Finished netlisting {"point": 42, "testname": "gmIdwl_gmid2_1"}
\o [2026-04-16 00:49:15.533 +0700] [EVENT] [cadence.virtuoso.ade.services.netlister] - NewPoint {"point": 43, "testname": "gmIdwl_gmid2_1", "event": "NewPoint", "EventSource": "Netlist Service", "HistoryName": "ExplorerRun.0", "logFile": "/home/dtvt_13/duyDUT/logs_dtvt_13/logs0/Service29.log", "logFileSize": "73855"}
\o [2026-04-16 00:49:15.533 +0700] [INFO] [cadence.virtuoso.ade.services.netlister] - Started netlisting {"point": 43, "testname": "gmIdwl_gmid2_1"}
\o Resetting statistical vars
\o 
\o *Info*    Setting parameter values ...
\o 
\o Setting var length = "2.2u"
\o 
\o *Info*    Netlist Directory =
\o           /home/dtvt_13/simulation/gmIdwl/gmid2/maestro/results/maestro/ExplorerRun.0/43/gmIdwl_gmid2_1/netlist
\o 
\o 
\o *Info*    Data Directory    =
\o           /home/dtvt_13/simulation/gmIdwl/gmid2/maestro/results/maestro/ExplorerRun.0/43/gmIdwl_gmid2_1
\o 
\o Reusing AHDL Data dir
\o generate netlist...
\o Ignoring netlist creation since ignoreDesignChangesDuringRun is set to true
\o       ...successful.
\o compose simulator input file...
\o       ...successful.
\o [2026-04-16 00:49:15.727 +0700] [PROCESS] [cadence.virtuoso.ade.services.netlister] - Current memory used: 518.1094 MBytes, peak memory used: 518.1133 MBytes {"hostname": "dtvt_13", "processid": 30914, "testname": "gmIdwl_gmid2_1", "point": 43, "logfile": "/home/dtvt_13/duyDUT/logs_dtvt_13/logs0/Service29.log"}
\o [2026-04-16 00:49:15.728 +0700] [INFO] [cadence.virtuoso.ade.services.netlister] - Finished netlisting {"point": 43, "testname": "gmIdwl_gmid2_1"}
\o [2026-04-16 00:49:15.728 +0700] [EVENT] [cadence.virtuoso.ade.services.netlister] - NewPoint {"point": 44, "testname": "gmIdwl_gmid2_1", "event": "NewPoint", "EventSource": "Netlist Service", "HistoryName": "ExplorerRun.0", "logFile": "/home/dtvt_13/duyDUT/logs_dtvt_13/logs0/Service29.log", "logFileSize": "75414"}
\o [2026-04-16 00:49:15.729 +0700] [INFO] [cadence.virtuoso.ade.services.netlister] - Started netlisting {"point": 44, "testname": "gmIdwl_gmid2_1"}
\o Resetting statistical vars
\o 
\o *Info*    Setting parameter values ...
\o 
\o Setting var length = "2.25u"
\o 
\o *Info*    Netlist Directory =
\o           /home/dtvt_13/simulation/gmIdwl/gmid2/maestro/results/maestro/ExplorerRun.0/44/gmIdwl_gmid2_1/netlist
\o 
\o 
\o *Info*    Data Directory    =
\o           /home/dtvt_13/simulation/gmIdwl/gmid2/maestro/results/maestro/ExplorerRun.0/44/gmIdwl_gmid2_1
\o 
\o Reusing AHDL Data dir
\o generate netlist...
\o Ignoring netlist creation since ignoreDesignChangesDuringRun is set to true
\o       ...successful.
\o compose simulator input file...
\o       ...successful.
\o [2026-04-16 00:49:15.940 +0700] [PROCESS] [cadence.virtuoso.ade.services.netlister] - Current memory used: 518.1094 MBytes, peak memory used: 518.1133 MBytes {"hostname": "dtvt_13", "processid": 30914, "testname": "gmIdwl_gmid2_1", "point": 44, "logfile": "/home/dtvt_13/duyDUT/logs_dtvt_13/logs0/Service29.log"}
\o [2026-04-16 00:49:15.941 +0700] [INFO] [cadence.virtuoso.ade.services.netlister] - Finished netlisting {"point": 44, "testname": "gmIdwl_gmid2_1"}
\o [2026-04-16 00:49:15.941 +0700] [EVENT] [cadence.virtuoso.ade.services.netlister] - NewPoint {"point": 45, "testname": "gmIdwl_gmid2_1", "event": "NewPoint", "EventSource": "Netlist Service", "HistoryName": "ExplorerRun.0", "logFile": "/home/dtvt_13/duyDUT/logs_dtvt_13/logs0/Service29.log", "logFileSize": "76974"}
\o [2026-04-16 00:49:15.941 +0700] [INFO] [cadence.virtuoso.ade.services.netlister] - Started netlisting {"point": 45, "testname": "gmIdwl_gmid2_1"}
\o Resetting statistical vars
\o 
\o *Info*    Setting parameter values ...
\o 
\o Setting var length = "2.3u"
\o 
\o *Info*    Netlist Directory =
\o           /home/dtvt_13/simulation/gmIdwl/gmid2/maestro/results/maestro/ExplorerRun.0/45/gmIdwl_gmid2_1/netlist
\o 
\o 
\o *Info*    Data Directory    =
\o           /home/dtvt_13/simulation/gmIdwl/gmid2/maestro/results/maestro/ExplorerRun.0/45/gmIdwl_gmid2_1
\o 
\o Reusing AHDL Data dir
\o generate netlist...
\o Ignoring netlist creation since ignoreDesignChangesDuringRun is set to true
\o       ...successful.
\o compose simulator input file...
\o       ...successful.
\o [2026-04-16 00:49:16.165 +0700] [PROCESS] [cadence.virtuoso.ade.services.netlister] - Current memory used: 518.1094 MBytes, peak memory used: 518.1133 MBytes {"hostname": "dtvt_13", "processid": 30914, "testname": "gmIdwl_gmid2_1", "point": 45, "logfile": "/home/dtvt_13/duyDUT/logs_dtvt_13/logs0/Service29.log"}
\o [2026-04-16 00:49:16.165 +0700] [INFO] [cadence.virtuoso.ade.services.netlister] - Finished netlisting {"point": 45, "testname": "gmIdwl_gmid2_1"}
\o [2026-04-16 00:49:16.166 +0700] [EVENT] [cadence.virtuoso.ade.services.netlister] - NewPoint {"point": 46, "testname": "gmIdwl_gmid2_1", "event": "NewPoint", "EventSource": "Netlist Service", "HistoryName": "ExplorerRun.0", "logFile": "/home/dtvt_13/duyDUT/logs_dtvt_13/logs0/Service29.log", "logFileSize": "78533"}
\o [2026-04-16 00:49:16.166 +0700] [INFO] [cadence.virtuoso.ade.services.netlister] - Started netlisting {"point": 46, "testname": "gmIdwl_gmid2_1"}
\o Resetting statistical vars
\o 
\o *Info*    Setting parameter values ...
\o 
\o Setting var length = "2.35u"
\o 
\o *Info*    Netlist Directory =
\o           /home/dtvt_13/simulation/gmIdwl/gmid2/maestro/results/maestro/ExplorerRun.0/46/gmIdwl_gmid2_1/netlist
\o 
\o 
\o *Info*    Data Directory    =
\o           /home/dtvt_13/simulation/gmIdwl/gmid2/maestro/results/maestro/ExplorerRun.0/46/gmIdwl_gmid2_1
\o 
\o Reusing AHDL Data dir
\o generate netlist...
\o Ignoring netlist creation since ignoreDesignChangesDuringRun is set to true
\o       ...successful.
\o compose simulator input file...
\o       ...successful.
\o [2026-04-16 00:49:16.367 +0700] [PROCESS] [cadence.virtuoso.ade.services.netlister] - Current memory used: 518.1094 MBytes, peak memory used: 518.1133 MBytes {"hostname": "dtvt_13", "processid": 30914, "testname": "gmIdwl_gmid2_1", "point": 46, "logfile": "/home/dtvt_13/duyDUT/logs_dtvt_13/logs0/Service29.log"}
\o [2026-04-16 00:49:16.367 +0700] [INFO] [cadence.virtuoso.ade.services.netlister] - Finished netlisting {"point": 46, "testname": "gmIdwl_gmid2_1"}
\o [2026-04-16 00:49:16.368 +0700] [EVENT] [cadence.virtuoso.ade.services.netlister] - NewPoint {"point": 47, "testname": "gmIdwl_gmid2_1", "event": "NewPoint", "EventSource": "Netlist Service", "HistoryName": "ExplorerRun.0", "logFile": "/home/dtvt_13/duyDUT/logs_dtvt_13/logs0/Service29.log", "logFileSize": "80093"}
\o [2026-04-16 00:49:16.368 +0700] [INFO] [cadence.virtuoso.ade.services.netlister] - Started netlisting {"point": 47, "testname": "gmIdwl_gmid2_1"}
\o Resetting statistical vars
\o 
\o *Info*    Setting parameter values ...
\o 
\o Setting var length = "2.4u"
\o 
\o *Info*    Netlist Directory =
\o           /home/dtvt_13/simulation/gmIdwl/gmid2/maestro/results/maestro/ExplorerRun.0/47/gmIdwl_gmid2_1/netlist
\o 
\o 
\o *Info*    Data Directory    =
\o           /home/dtvt_13/simulation/gmIdwl/gmid2/maestro/results/maestro/ExplorerRun.0/47/gmIdwl_gmid2_1
\o 
\o Reusing AHDL Data dir
\o generate netlist...
\o Ignoring netlist creation since ignoreDesignChangesDuringRun is set to true
\o       ...successful.
\o compose simulator input file...
\o       ...successful.
\o [2026-04-16 00:49:16.576 +0700] [PROCESS] [cadence.virtuoso.ade.services.netlister] - Current memory used: 518.1094 MBytes, peak memory used: 518.1133 MBytes {"hostname": "dtvt_13", "processid": 30914, "testname": "gmIdwl_gmid2_1", "point": 47, "logfile": "/home/dtvt_13/duyDUT/logs_dtvt_13/logs0/Service29.log"}
\o [2026-04-16 00:49:16.576 +0700] [INFO] [cadence.virtuoso.ade.services.netlister] - Finished netlisting {"point": 47, "testname": "gmIdwl_gmid2_1"}
\o [2026-04-16 00:49:16.577 +0700] [EVENT] [cadence.virtuoso.ade.services.netlister] - NewPoint {"point": 48, "testname": "gmIdwl_gmid2_1", "event": "NewPoint", "EventSource": "Netlist Service", "HistoryName": "ExplorerRun.0", "logFile": "/home/dtvt_13/duyDUT/logs_dtvt_13/logs0/Service29.log", "logFileSize": "81652"}
\o [2026-04-16 00:49:16.577 +0700] [INFO] [cadence.virtuoso.ade.services.netlister] - Started netlisting {"point": 48, "testname": "gmIdwl_gmid2_1"}
\o Resetting statistical vars
\o 
\o *Info*    Setting parameter values ...
\o 
\o Setting var length = "2.45u"
\o 
\o *Info*    Netlist Directory =
\o           /home/dtvt_13/simulation/gmIdwl/gmid2/maestro/results/maestro/ExplorerRun.0/48/gmIdwl_gmid2_1/netlist
\o 
\o 
\o *Info*    Data Directory    =
\o           /home/dtvt_13/simulation/gmIdwl/gmid2/maestro/results/maestro/ExplorerRun.0/48/gmIdwl_gmid2_1
\o 
\o Reusing AHDL Data dir
\o generate netlist...
\o Ignoring netlist creation since ignoreDesignChangesDuringRun is set to true
\o       ...successful.
\o compose simulator input file...
\o       ...successful.
\o [2026-04-16 00:49:16.769 +0700] [PROCESS] [cadence.virtuoso.ade.services.netlister] - Current memory used: 518.1094 MBytes, peak memory used: 518.1133 MBytes {"hostname": "dtvt_13", "processid": 30914, "testname": "gmIdwl_gmid2_1", "point": 48, "logfile": "/home/dtvt_13/duyDUT/logs_dtvt_13/logs0/Service29.log"}
\o [2026-04-16 00:49:16.770 +0700] [INFO] [cadence.virtuoso.ade.services.netlister] - Finished netlisting {"point": 48, "testname": "gmIdwl_gmid2_1"}
\o [2026-04-16 00:49:16.771 +0700] [EVENT] [cadence.virtuoso.ade.services.netlister] - NewPoint {"point": 49, "testname": "gmIdwl_gmid2_1", "event": "NewPoint", "EventSource": "Netlist Service", "HistoryName": "ExplorerRun.0", "logFile": "/home/dtvt_13/duyDUT/logs_dtvt_13/logs0/Service29.log", "logFileSize": "83212"}
\o [2026-04-16 00:49:16.771 +0700] [INFO] [cadence.virtuoso.ade.services.netlister] - Started netlisting {"point": 49, "testname": "gmIdwl_gmid2_1"}
\o Resetting statistical vars
\o 
\o *Info*    Setting parameter values ...
\o 
\o Setting var length = "2.5u"
\o 
\o *Info*    Netlist Directory =
\o           /home/dtvt_13/simulation/gmIdwl/gmid2/maestro/results/maestro/ExplorerRun.0/49/gmIdwl_gmid2_1/netlist
\o 
\o 
\o *Info*    Data Directory    =
\o           /home/dtvt_13/simulation/gmIdwl/gmid2/maestro/results/maestro/ExplorerRun.0/49/gmIdwl_gmid2_1
\o 
\o Reusing AHDL Data dir
\o generate netlist...
\o Ignoring netlist creation since ignoreDesignChangesDuringRun is set to true
\o       ...successful.
\o compose simulator input file...
\o       ...successful.
\o [2026-04-16 00:49:16.979 +0700] [PROCESS] [cadence.virtuoso.ade.services.netlister] - Current memory used: 518.1094 MBytes, peak memory used: 518.1133 MBytes {"hostname": "dtvt_13", "processid": 30914, "testname": "gmIdwl_gmid2_1", "point": 49, "logfile": "/home/dtvt_13/duyDUT/logs_dtvt_13/logs0/Service29.log"}
\o [2026-04-16 00:49:16.979 +0700] [INFO] [cadence.virtuoso.ade.services.netlister] - Finished netlisting {"point": 49, "testname": "gmIdwl_gmid2_1"}
\o [2026-04-16 00:49:16.979 +0700] [EVENT] [cadence.virtuoso.ade.services.netlister] - NewPoint {"point": 50, "testname": "gmIdwl_gmid2_1", "event": "NewPoint", "EventSource": "Netlist Service", "HistoryName": "ExplorerRun.0", "logFile": "/home/dtvt_13/duyDUT/logs_dtvt_13/logs0/Service29.log", "logFileSize": "84771"}
\o [2026-04-16 00:49:16.979 +0700] [INFO] [cadence.virtuoso.ade.services.netlister] - Started netlisting {"point": 50, "testname": "gmIdwl_gmid2_1"}
\o Resetting statistical vars
\o 
\o *Info*    Setting parameter values ...
\o 
\o Setting var length = "2.55u"
\o 
\o *Info*    Netlist Directory =
\o           /home/dtvt_13/simulation/gmIdwl/gmid2/maestro/results/maestro/ExplorerRun.0/50/gmIdwl_gmid2_1/netlist
\o 
\o 
\o *Info*    Data Directory    =
\o           /home/dtvt_13/simulation/gmIdwl/gmid2/maestro/results/maestro/ExplorerRun.0/50/gmIdwl_gmid2_1
\o 
\o Reusing AHDL Data dir
\o generate netlist...
\o Ignoring netlist creation since ignoreDesignChangesDuringRun is set to true
\o       ...successful.
\o compose simulator input file...
\o       ...successful.
\o [2026-04-16 00:49:17.143 +0700] [PROCESS] [cadence.virtuoso.ade.services.netlister] - Current memory used: 518.1094 MBytes, peak memory used: 518.1133 MBytes {"hostname": "dtvt_13", "processid": 30914, "testname": "gmIdwl_gmid2_1", "point": 50, "logfile": "/home/dtvt_13/duyDUT/logs_dtvt_13/logs0/Service29.log"}
\o [2026-04-16 00:49:17.143 +0700] [INFO] [cadence.virtuoso.ade.services.netlister] - Finished netlisting {"point": 50, "testname": "gmIdwl_gmid2_1"}
\o [2026-04-16 00:49:17.144 +0700] [EVENT] [cadence.virtuoso.ade.services.netlister] - NewPoint {"point": 51, "testname": "gmIdwl_gmid2_1", "event": "NewPoint", "EventSource": "Netlist Service", "HistoryName": "ExplorerRun.0", "logFile": "/home/dtvt_13/duyDUT/logs_dtvt_13/logs0/Service29.log", "logFileSize": "86331"}
\o [2026-04-16 00:49:17.144 +0700] [INFO] [cadence.virtuoso.ade.services.netlister] - Started netlisting {"point": 51, "testname": "gmIdwl_gmid2_1"}
\o Resetting statistical vars
\o 
\o *Info*    Setting parameter values ...
\o 
\o Setting var length = "2.6u"
\o 
\o *Info*    Netlist Directory =
\o           /home/dtvt_13/simulation/gmIdwl/gmid2/maestro/results/maestro/ExplorerRun.0/51/gmIdwl_gmid2_1/netlist
\o 
\o 
\o *Info*    Data Directory    =
\o           /home/dtvt_13/simulation/gmIdwl/gmid2/maestro/results/maestro/ExplorerRun.0/51/gmIdwl_gmid2_1
\o 
\o Reusing AHDL Data dir
\o generate netlist...
\o Ignoring netlist creation since ignoreDesignChangesDuringRun is set to true
\o       ...successful.
\o compose simulator input file...
\o       ...successful.
\o [2026-04-16 00:49:17.360 +0700] [PROCESS] [cadence.virtuoso.ade.services.netlister] - Current memory used: 518.1094 MBytes, peak memory used: 518.1133 MBytes {"hostname": "dtvt_13", "processid": 30914, "testname": "gmIdwl_gmid2_1", "point": 51, "logfile": "/home/dtvt_13/duyDUT/logs_dtvt_13/logs0/Service29.log"}
\o [2026-04-16 00:49:17.361 +0700] [INFO] [cadence.virtuoso.ade.services.netlister] - Finished netlisting {"point": 51, "testname": "gmIdwl_gmid2_1"}
\o [2026-04-16 00:49:17.361 +0700] [EVENT] [cadence.virtuoso.ade.services.netlister] - NewPoint {"point": 52, "testname": "gmIdwl_gmid2_1", "event": "NewPoint", "EventSource": "Netlist Service", "HistoryName": "ExplorerRun.0", "logFile": "/home/dtvt_13/duyDUT/logs_dtvt_13/logs0/Service29.log", "logFileSize": "87890"}
\o [2026-04-16 00:49:17.361 +0700] [INFO] [cadence.virtuoso.ade.services.netlister] - Started netlisting {"point": 52, "testname": "gmIdwl_gmid2_1"}
\o Resetting statistical vars
\o 
\o *Info*    Setting parameter values ...
\o 
\o Setting var length = "2.65u"
\o 
\o *Info*    Netlist Directory =
\o           /home/dtvt_13/simulation/gmIdwl/gmid2/maestro/results/maestro/ExplorerRun.0/52/gmIdwl_gmid2_1/netlist
\o 
\o 
\o *Info*    Data Directory    =
\o           /home/dtvt_13/simulation/gmIdwl/gmid2/maestro/results/maestro/ExplorerRun.0/52/gmIdwl_gmid2_1
\o 
\o Reusing AHDL Data dir
\o generate netlist...
\o Ignoring netlist creation since ignoreDesignChangesDuringRun is set to true
\o       ...successful.
\o compose simulator input file...
\o       ...successful.
\o [2026-04-16 00:49:17.560 +0700] [PROCESS] [cadence.virtuoso.ade.services.netlister] - Current memory used: 518.1094 MBytes, peak memory used: 518.1133 MBytes {"hostname": "dtvt_13", "processid": 30914, "testname": "gmIdwl_gmid2_1", "point": 52, "logfile": "/home/dtvt_13/duyDUT/logs_dtvt_13/logs0/Service29.log"}
\o [2026-04-16 00:49:17.560 +0700] [INFO] [cadence.virtuoso.ade.services.netlister] - Finished netlisting {"point": 52, "testname": "gmIdwl_gmid2_1"}
\o [2026-04-16 00:49:17.561 +0700] [EVENT] [cadence.virtuoso.ade.services.netlister] - NewPoint {"point": 53, "testname": "gmIdwl_gmid2_1", "event": "NewPoint", "EventSource": "Netlist Service", "HistoryName": "ExplorerRun.0", "logFile": "/home/dtvt_13/duyDUT/logs_dtvt_13/logs0/Service29.log", "logFileSize": "89450"}
\o [2026-04-16 00:49:17.561 +0700] [INFO] [cadence.virtuoso.ade.services.netlister] - Started netlisting {"point": 53, "testname": "gmIdwl_gmid2_1"}
\o Resetting statistical vars
\o 
\o *Info*    Setting parameter values ...
\o 
\o Setting var length = "2.7u"
\o 
\o *Info*    Netlist Directory =
\o           /home/dtvt_13/simulation/gmIdwl/gmid2/maestro/results/maestro/ExplorerRun.0/53/gmIdwl_gmid2_1/netlist
\o 
\o 
\o *Info*    Data Directory    =
\o           /home/dtvt_13/simulation/gmIdwl/gmid2/maestro/results/maestro/ExplorerRun.0/53/gmIdwl_gmid2_1
\o 
\o Reusing AHDL Data dir
\o generate netlist...
\o Ignoring netlist creation since ignoreDesignChangesDuringRun is set to true
\o       ...successful.
\o compose simulator input file...
\o       ...successful.
\o [2026-04-16 00:49:17.758 +0700] [PROCESS] [cadence.virtuoso.ade.services.netlister] - Current memory used: 518.1094 MBytes, peak memory used: 518.1133 MBytes {"hostname": "dtvt_13", "processid": 30914, "testname": "gmIdwl_gmid2_1", "point": 53, "logfile": "/home/dtvt_13/duyDUT/logs_dtvt_13/logs0/Service29.log"}
\o [2026-04-16 00:49:17.759 +0700] [INFO] [cadence.virtuoso.ade.services.netlister] - Finished netlisting {"point": 53, "testname": "gmIdwl_gmid2_1"}
\o [2026-04-16 00:49:17.760 +0700] [EVENT] [cadence.virtuoso.ade.services.netlister] - NewPoint {"point": 54, "testname": "gmIdwl_gmid2_1", "event": "NewPoint", "EventSource": "Netlist Service", "HistoryName": "ExplorerRun.0", "logFile": "/home/dtvt_13/duyDUT/logs_dtvt_13/logs0/Service29.log", "logFileSize": "91009"}
\o [2026-04-16 00:49:17.760 +0700] [INFO] [cadence.virtuoso.ade.services.netlister] - Started netlisting {"point": 54, "testname": "gmIdwl_gmid2_1"}
\o Resetting statistical vars
\o 
\o *Info*    Setting parameter values ...
\o 
\o Setting var length = "2.75u"
\o 
\o *Info*    Netlist Directory =
\o           /home/dtvt_13/simulation/gmIdwl/gmid2/maestro/results/maestro/ExplorerRun.0/54/gmIdwl_gmid2_1/netlist
\o 
\o 
\o *Info*    Data Directory    =
\o           /home/dtvt_13/simulation/gmIdwl/gmid2/maestro/results/maestro/ExplorerRun.0/54/gmIdwl_gmid2_1
\o 
\o Reusing AHDL Data dir
\o generate netlist...
\o Ignoring netlist creation since ignoreDesignChangesDuringRun is set to true
\o       ...successful.
\o compose simulator input file...
\o       ...successful.
\o [2026-04-16 00:49:17.950 +0700] [PROCESS] [cadence.virtuoso.ade.services.netlister] - Current memory used: 518.1094 MBytes, peak memory used: 518.1133 MBytes {"hostname": "dtvt_13", "processid": 30914, "testname": "gmIdwl_gmid2_1", "point": 54, "logfile": "/home/dtvt_13/duyDUT/logs_dtvt_13/logs0/Service29.log"}
\o [2026-04-16 00:49:17.950 +0700] [INFO] [cadence.virtuoso.ade.services.netlister] - Finished netlisting {"point": 54, "testname": "gmIdwl_gmid2_1"}
\o [2026-04-16 00:49:17.951 +0700] [EVENT] [cadence.virtuoso.ade.services.netlister] - NewPoint {"point": 55, "testname": "gmIdwl_gmid2_1", "event": "NewPoint", "EventSource": "Netlist Service", "HistoryName": "ExplorerRun.0", "logFile": "/home/dtvt_13/duyDUT/logs_dtvt_13/logs0/Service29.log", "logFileSize": "92569"}
\o [2026-04-16 00:49:17.951 +0700] [INFO] [cadence.virtuoso.ade.services.netlister] - Started netlisting {"point": 55, "testname": "gmIdwl_gmid2_1"}
\o Resetting statistical vars
\o 
\o *Info*    Setting parameter values ...
\o 
\o Setting var length = "2.8u"
\o 
\o *Info*    Netlist Directory =
\o           /home/dtvt_13/simulation/gmIdwl/gmid2/maestro/results/maestro/ExplorerRun.0/55/gmIdwl_gmid2_1/netlist
\o 
\o 
\o *Info*    Data Directory    =
\o           /home/dtvt_13/simulation/gmIdwl/gmid2/maestro/results/maestro/ExplorerRun.0/55/gmIdwl_gmid2_1
\o 
\o Reusing AHDL Data dir
\o generate netlist...
\o Ignoring netlist creation since ignoreDesignChangesDuringRun is set to true
\o       ...successful.
\o compose simulator input file...
\o       ...successful.
\o [2026-04-16 00:49:18.150 +0700] [PROCESS] [cadence.virtuoso.ade.services.netlister] - Current memory used: 518.1094 MBytes, peak memory used: 518.1133 MBytes {"hostname": "dtvt_13", "processid": 30914, "testname": "gmIdwl_gmid2_1", "point": 55, "logfile": "/home/dtvt_13/duyDUT/logs_dtvt_13/logs0/Service29.log"}
\o [2026-04-16 00:49:18.151 +0700] [INFO] [cadence.virtuoso.ade.services.netlister] - Finished netlisting {"point": 55, "testname": "gmIdwl_gmid2_1"}
\o [2026-04-16 00:49:18.151 +0700] [EVENT] [cadence.virtuoso.ade.services.netlister] - NewPoint {"point": 56, "testname": "gmIdwl_gmid2_1", "event": "NewPoint", "EventSource": "Netlist Service", "HistoryName": "ExplorerRun.0", "logFile": "/home/dtvt_13/duyDUT/logs_dtvt_13/logs0/Service29.log", "logFileSize": "94128"}
\o [2026-04-16 00:49:18.151 +0700] [INFO] [cadence.virtuoso.ade.services.netlister] - Started netlisting {"point": 56, "testname": "gmIdwl_gmid2_1"}
\o Resetting statistical vars
\o 
\o *Info*    Setting parameter values ...
\o 
\o Setting var length = "2.85u"
\o 
\o *Info*    Netlist Directory =
\o           /home/dtvt_13/simulation/gmIdwl/gmid2/maestro/results/maestro/ExplorerRun.0/56/gmIdwl_gmid2_1/netlist
\o 
\o 
\o *Info*    Data Directory    =
\o           /home/dtvt_13/simulation/gmIdwl/gmid2/maestro/results/maestro/ExplorerRun.0/56/gmIdwl_gmid2_1
\o 
\o Reusing AHDL Data dir
\o generate netlist...
\o Ignoring netlist creation since ignoreDesignChangesDuringRun is set to true
\o       ...successful.
\o compose simulator input file...
\o       ...successful.
\o [2026-04-16 00:49:18.347 +0700] [PROCESS] [cadence.virtuoso.ade.services.netlister] - Current memory used: 518.1094 MBytes, peak memory used: 518.1133 MBytes {"hostname": "dtvt_13", "processid": 30914, "testname": "gmIdwl_gmid2_1", "point": 56, "logfile": "/home/dtvt_13/duyDUT/logs_dtvt_13/logs0/Service29.log"}
\o [2026-04-16 00:49:18.347 +0700] [INFO] [cadence.virtuoso.ade.services.netlister] - Finished netlisting {"point": 56, "testname": "gmIdwl_gmid2_1"}
\o [2026-04-16 00:49:18.348 +0700] [EVENT] [cadence.virtuoso.ade.services.netlister] - NewPoint {"point": 57, "testname": "gmIdwl_gmid2_1", "event": "NewPoint", "EventSource": "Netlist Service", "HistoryName": "ExplorerRun.0", "logFile": "/home/dtvt_13/duyDUT/logs_dtvt_13/logs0/Service29.log", "logFileSize": "95688"}
\o [2026-04-16 00:49:18.348 +0700] [INFO] [cadence.virtuoso.ade.services.netlister] - Started netlisting {"point": 57, "testname": "gmIdwl_gmid2_1"}
\o Resetting statistical vars
\o 
\o *Info*    Setting parameter values ...
\o 
\o Setting var length = "2.9u"
\o 
\o *Info*    Netlist Directory =
\o           /home/dtvt_13/simulation/gmIdwl/gmid2/maestro/results/maestro/ExplorerRun.0/57/gmIdwl_gmid2_1/netlist
\o 
\o 
\o *Info*    Data Directory    =
\o           /home/dtvt_13/simulation/gmIdwl/gmid2/maestro/results/maestro/ExplorerRun.0/57/gmIdwl_gmid2_1
\o 
\o Reusing AHDL Data dir
\o generate netlist...
\o Ignoring netlist creation since ignoreDesignChangesDuringRun is set to true
\o       ...successful.
\o compose simulator input file...
\o       ...successful.
\o [2026-04-16 00:49:18.587 +0700] [PROCESS] [cadence.virtuoso.ade.services.netlister] - Current memory used: 518.2930 MBytes, peak memory used: 518.2969 MBytes {"hostname": "dtvt_13", "processid": 30914, "testname": "gmIdwl_gmid2_1", "point": 57, "logfile": "/home/dtvt_13/duyDUT/logs_dtvt_13/logs0/Service29.log"}
\o [2026-04-16 00:49:18.587 +0700] [INFO] [cadence.virtuoso.ade.services.netlister] - Finished netlisting {"point": 57, "testname": "gmIdwl_gmid2_1"}
\o [2026-04-16 00:49:18.588 +0700] [EVENT] [cadence.virtuoso.ade.services.netlister] - NewPoint {"point": 58, "testname": "gmIdwl_gmid2_1", "event": "NewPoint", "EventSource": "Netlist Service", "HistoryName": "ExplorerRun.0", "logFile": "/home/dtvt_13/duyDUT/logs_dtvt_13/logs0/Service29.log", "logFileSize": "97247"}
\o [2026-04-16 00:49:18.588 +0700] [INFO] [cadence.virtuoso.ade.services.netlister] - Started netlisting {"point": 58, "testname": "gmIdwl_gmid2_1"}
\o Resetting statistical vars
\o 
\o *Info*    Setting parameter values ...
\o 
\o Setting var length = "2.95u"
\o 
\o *Info*    Netlist Directory =
\o           /home/dtvt_13/simulation/gmIdwl/gmid2/maestro/results/maestro/ExplorerRun.0/58/gmIdwl_gmid2_1/netlist
\o 
\o 
\o *Info*    Data Directory    =
\o           /home/dtvt_13/simulation/gmIdwl/gmid2/maestro/results/maestro/ExplorerRun.0/58/gmIdwl_gmid2_1
\o 
\o Reusing AHDL Data dir
\o generate netlist...
\o Ignoring netlist creation since ignoreDesignChangesDuringRun is set to true
\o       ...successful.
\o compose simulator input file...
\o       ...successful.
\o [2026-04-16 00:49:18.775 +0700] [PROCESS] [cadence.virtuoso.ade.services.netlister] - Current memory used: 518.2930 MBytes, peak memory used: 518.2969 MBytes {"hostname": "dtvt_13", "processid": 30914, "testname": "gmIdwl_gmid2_1", "point": 58, "logfile": "/home/dtvt_13/duyDUT/logs_dtvt_13/logs0/Service29.log"}
\o [2026-04-16 00:49:18.776 +0700] [INFO] [cadence.virtuoso.ade.services.netlister] - Finished netlisting {"point": 58, "testname": "gmIdwl_gmid2_1"}
\o [2026-04-16 00:49:18.777 +0700] [EVENT] [cadence.virtuoso.ade.services.netlister] - NewPoint {"point": 59, "testname": "gmIdwl_gmid2_1", "event": "NewPoint", "EventSource": "Netlist Service", "HistoryName": "ExplorerRun.0", "logFile": "/home/dtvt_13/duyDUT/logs_dtvt_13/logs0/Service29.log", "logFileSize": "98807"}
\o [2026-04-16 00:49:18.777 +0700] [INFO] [cadence.virtuoso.ade.services.netlister] - Started netlisting {"point": 59, "testname": "gmIdwl_gmid2_1"}
\o Resetting statistical vars
\o 
\o *Info*    Setting parameter values ...
\o 
\o Setting var length = "3u"
\o 
\o *Info*    Netlist Directory =
\o           /home/dtvt_13/simulation/gmIdwl/gmid2/maestro/results/maestro/ExplorerRun.0/59/gmIdwl_gmid2_1/netlist
\o 
\o 
\o *Info*    Data Directory    =
\o           /home/dtvt_13/simulation/gmIdwl/gmid2/maestro/results/maestro/ExplorerRun.0/59/gmIdwl_gmid2_1
\o 
\o Reusing AHDL Data dir
\o generate netlist...
\o Ignoring netlist creation since ignoreDesignChangesDuringRun is set to true
\o       ...successful.
\o compose simulator input file...
\o       ...successful.
\o [2026-04-16 00:49:19.052 +0700] [PROCESS] [cadence.virtuoso.ade.services.netlister] - Current memory used: 518.2930 MBytes, peak memory used: 518.2969 MBytes {"hostname": "dtvt_13", "processid": 30914, "testname": "gmIdwl_gmid2_1", "point": 59, "logfile": "/home/dtvt_13/duyDUT/logs_dtvt_13/logs0/Service29.log"}
\o [2026-04-16 00:49:19.053 +0700] [INFO] [cadence.virtuoso.ade.services.netlister] - Finished netlisting {"point": 59, "testname": "gmIdwl_gmid2_1"}
\o [2026-04-16 00:49:19.056 +0700] [EVENT] [cadence.virtuoso.ade.services.netlister] - NewPoint {"point": 60, "testname": "gmIdwl_gmid2_1", "event": "NewPoint", "EventSource": "Netlist Service", "HistoryName": "ExplorerRun.0", "logFile": "/home/dtvt_13/duyDUT/logs_dtvt_13/logs0/Service29.log", "logFileSize": "100364"}
\o [2026-04-16 00:49:19.056 +0700] [INFO] [cadence.virtuoso.ade.services.netlister] - Started netlisting {"point": 60, "testname": "gmIdwl_gmid2_1"}
\o Resetting statistical vars
\o 
\o *Info*    Setting parameter values ...
\o 
\o Setting var length = "3.05u"
\o 
\o *Info*    Netlist Directory =
\o           /home/dtvt_13/simulation/gmIdwl/gmid2/maestro/results/maestro/ExplorerRun.0/60/gmIdwl_gmid2_1/netlist
\o 
\o 
\o *Info*    Data Directory    =
\o           /home/dtvt_13/simulation/gmIdwl/gmid2/maestro/results/maestro/ExplorerRun.0/60/gmIdwl_gmid2_1
\o 
\o Reusing AHDL Data dir
\o generate netlist...
\o Ignoring netlist creation since ignoreDesignChangesDuringRun is set to true
\o       ...successful.
\o compose simulator input file...
\o       ...successful.
\o [2026-04-16 00:49:19.405 +0700] [PROCESS] [cadence.virtuoso.ade.services.netlister] - Current memory used: 518.2930 MBytes, peak memory used: 518.2969 MBytes {"hostname": "dtvt_13", "processid": 30914, "testname": "gmIdwl_gmid2_1", "point": 60, "logfile": "/home/dtvt_13/duyDUT/logs_dtvt_13/logs0/Service29.log"}
\o [2026-04-16 00:49:19.406 +0700] [INFO] [cadence.virtuoso.ade.services.netlister] - Finished netlisting {"point": 60, "testname": "gmIdwl_gmid2_1"}
\o [2026-04-16 00:49:19.408 +0700] [EVENT] [cadence.virtuoso.ade.services.netlister] - NewPoint {"point": 61, "testname": "gmIdwl_gmid2_1", "event": "NewPoint", "EventSource": "Netlist Service", "HistoryName": "ExplorerRun.0", "logFile": "/home/dtvt_13/duyDUT/logs_dtvt_13/logs0/Service29.log", "logFileSize": "101925"}
\o [2026-04-16 00:49:19.409 +0700] [INFO] [cadence.virtuoso.ade.services.netlister] - Started netlisting {"point": 61, "testname": "gmIdwl_gmid2_1"}
\o Resetting statistical vars
\o 
\o *Info*    Setting parameter values ...
\o 
\o Setting var length = "3.1u"
\o 
\o *Info*    Netlist Directory =
\o           /home/dtvt_13/simulation/gmIdwl/gmid2/maestro/results/maestro/ExplorerRun.0/61/gmIdwl_gmid2_1/netlist
\o 
\o 
\o *Info*    Data Directory    =
\o           /home/dtvt_13/simulation/gmIdwl/gmid2/maestro/results/maestro/ExplorerRun.0/61/gmIdwl_gmid2_1
\o 
\o Reusing AHDL Data dir
\o generate netlist...
\o Ignoring netlist creation since ignoreDesignChangesDuringRun is set to true
\o       ...successful.
\o compose simulator input file...
\o       ...successful.
\o [2026-04-16 00:49:19.945 +0700] [PROCESS] [cadence.virtuoso.ade.services.netlister] - Current memory used: 518.2930 MBytes, peak memory used: 518.2969 MBytes {"hostname": "dtvt_13", "processid": 30914, "testname": "gmIdwl_gmid2_1", "point": 61, "logfile": "/home/dtvt_13/duyDUT/logs_dtvt_13/logs0/Service29.log"}
\o [2026-04-16 00:49:19.946 +0700] [INFO] [cadence.virtuoso.ade.services.netlister] - Finished netlisting {"point": 61, "testname": "gmIdwl_gmid2_1"}
\o [2026-04-16 00:49:19.949 +0700] [EVENT] [cadence.virtuoso.ade.services.netlister] - NewPoint {"point": 62, "testname": "gmIdwl_gmid2_1", "event": "NewPoint", "EventSource": "Netlist Service", "HistoryName": "ExplorerRun.0", "logFile": "/home/dtvt_13/duyDUT/logs_dtvt_13/logs0/Service29.log", "logFileSize": "103485"}
\o [2026-04-16 00:49:19.949 +0700] [INFO] [cadence.virtuoso.ade.services.netlister] - Started netlisting {"point": 62, "testname": "gmIdwl_gmid2_1"}
\o Resetting statistical vars
\o 
\o *Info*    Setting parameter values ...
\o 
\o Setting var length = "3.15u"
\o 
\o *Info*    Netlist Directory =
\o           /home/dtvt_13/simulation/gmIdwl/gmid2/maestro/results/maestro/ExplorerRun.0/62/gmIdwl_gmid2_1/netlist
\o 
\o 
\o *Info*    Data Directory    =
\o           /home/dtvt_13/simulation/gmIdwl/gmid2/maestro/results/maestro/ExplorerRun.0/62/gmIdwl_gmid2_1
\o 
\o Reusing AHDL Data dir
\o generate netlist...
\o Ignoring netlist creation since ignoreDesignChangesDuringRun is set to true
\o       ...successful.
\o compose simulator input file...
\o       ...successful.
\o [2026-04-16 00:49:20.394 +0700] [PROCESS] [cadence.virtuoso.ade.services.netlister] - Current memory used: 518.2930 MBytes, peak memory used: 518.2969 MBytes {"hostname": "dtvt_13", "processid": 30914, "testname": "gmIdwl_gmid2_1", "point": 62, "logfile": "/home/dtvt_13/duyDUT/logs_dtvt_13/logs0/Service29.log"}
\o [2026-04-16 00:49:20.395 +0700] [INFO] [cadence.virtuoso.ade.services.netlister] - Finished netlisting {"point": 62, "testname": "gmIdwl_gmid2_1"}
\o [2026-04-16 00:49:20.395 +0700] [EVENT] [cadence.virtuoso.ade.services.netlister] - NewPoint {"point": 63, "testname": "gmIdwl_gmid2_1", "event": "NewPoint", "EventSource": "Netlist Service", "HistoryName": "ExplorerRun.0", "logFile": "/home/dtvt_13/duyDUT/logs_dtvt_13/logs0/Service29.log", "logFileSize": "105046"}
\o [2026-04-16 00:49:20.395 +0700] [INFO] [cadence.virtuoso.ade.services.netlister] - Started netlisting {"point": 63, "testname": "gmIdwl_gmid2_1"}
\o Resetting statistical vars
\o 
\o *Info*    Setting parameter values ...
\o 
\o Setting var length = "3.2u"
\o 
\o *Info*    Netlist Directory =
\o           /home/dtvt_13/simulation/gmIdwl/gmid2/maestro/results/maestro/ExplorerRun.0/63/gmIdwl_gmid2_1/netlist
\o 
\o 
\o *Info*    Data Directory    =
\o           /home/dtvt_13/simulation/gmIdwl/gmid2/maestro/results/maestro/ExplorerRun.0/63/gmIdwl_gmid2_1
\o 
\o Reusing AHDL Data dir
\o generate netlist...
\o Ignoring netlist creation since ignoreDesignChangesDuringRun is set to true
\o       ...successful.
\o compose simulator input file...
\o       ...successful.
\o [2026-04-16 00:49:20.677 +0700] [PROCESS] [cadence.virtuoso.ade.services.netlister] - Current memory used: 518.2930 MBytes, peak memory used: 518.2969 MBytes {"hostname": "dtvt_13", "processid": 30914, "testname": "gmIdwl_gmid2_1", "point": 63, "logfile": "/home/dtvt_13/duyDUT/logs_dtvt_13/logs0/Service29.log"}
\o [2026-04-16 00:49:20.678 +0700] [INFO] [cadence.virtuoso.ade.services.netlister] - Finished netlisting {"point": 63, "testname": "gmIdwl_gmid2_1"}
\o [2026-04-16 00:49:20.680 +0700] [EVENT] [cadence.virtuoso.ade.services.netlister] - NewPoint {"point": 64, "testname": "gmIdwl_gmid2_1", "event": "NewPoint", "EventSource": "Netlist Service", "HistoryName": "ExplorerRun.0", "logFile": "/home/dtvt_13/duyDUT/logs_dtvt_13/logs0/Service29.log", "logFileSize": "106606"}
\o [2026-04-16 00:49:20.681 +0700] [INFO] [cadence.virtuoso.ade.services.netlister] - Started netlisting {"point": 64, "testname": "gmIdwl_gmid2_1"}
\o Resetting statistical vars
\o 
\o *Info*    Setting parameter values ...
\o 
\o Setting var length = "3.25u"
\o 
\o *Info*    Netlist Directory =
\o           /home/dtvt_13/simulation/gmIdwl/gmid2/maestro/results/maestro/ExplorerRun.0/64/gmIdwl_gmid2_1/netlist
\o 
\o 
\o *Info*    Data Directory    =
\o           /home/dtvt_13/simulation/gmIdwl/gmid2/maestro/results/maestro/ExplorerRun.0/64/gmIdwl_gmid2_1
\o 
\o Reusing AHDL Data dir
\o generate netlist...
\o Ignoring netlist creation since ignoreDesignChangesDuringRun is set to true
\o       ...successful.
\o compose simulator input file...
\o       ...successful.
\o [2026-04-16 00:49:21.045 +0700] [PROCESS] [cadence.virtuoso.ade.services.netlister] - Current memory used: 518.2930 MBytes, peak memory used: 518.2969 MBytes {"hostname": "dtvt_13", "processid": 30914, "testname": "gmIdwl_gmid2_1", "point": 64, "logfile": "/home/dtvt_13/duyDUT/logs_dtvt_13/logs0/Service29.log"}
\o [2026-04-16 00:49:21.046 +0700] [INFO] [cadence.virtuoso.ade.services.netlister] - Finished netlisting {"point": 64, "testname": "gmIdwl_gmid2_1"}
\o [2026-04-16 00:49:21.049 +0700] [EVENT] [cadence.virtuoso.ade.services.netlister] - NewPoint {"point": 65, "testname": "gmIdwl_gmid2_1", "event": "NewPoint", "EventSource": "Netlist Service", "HistoryName": "ExplorerRun.0", "logFile": "/home/dtvt_13/duyDUT/logs_dtvt_13/logs0/Service29.log", "logFileSize": "108167"}
\o [2026-04-16 00:49:21.049 +0700] [INFO] [cadence.virtuoso.ade.services.netlister] - Started netlisting {"point": 65, "testname": "gmIdwl_gmid2_1"}
\o Resetting statistical vars
\o 
\o *Info*    Setting parameter values ...
\o 
\o Setting var length = "3.3u"
\o 
\o *Info*    Netlist Directory =
\o           /home/dtvt_13/simulation/gmIdwl/gmid2/maestro/results/maestro/ExplorerRun.0/65/gmIdwl_gmid2_1/netlist
\o 
\o 
\o *Info*    Data Directory    =
\o           /home/dtvt_13/simulation/gmIdwl/gmid2/maestro/results/maestro/ExplorerRun.0/65/gmIdwl_gmid2_1
\o 
\o Reusing AHDL Data dir
\o generate netlist...
\o Ignoring netlist creation since ignoreDesignChangesDuringRun is set to true
\o       ...successful.
\o compose simulator input file...
\o       ...successful.
\o [2026-04-16 00:49:21.464 +0700] [PROCESS] [cadence.virtuoso.ade.services.netlister] - Current memory used: 518.2930 MBytes, peak memory used: 518.2969 MBytes {"hostname": "dtvt_13", "processid": 30914, "testname": "gmIdwl_gmid2_1", "point": 65, "logfile": "/home/dtvt_13/duyDUT/logs_dtvt_13/logs0/Service29.log"}
\o [2026-04-16 00:49:21.465 +0700] [INFO] [cadence.virtuoso.ade.services.netlister] - Finished netlisting {"point": 65, "testname": "gmIdwl_gmid2_1"}
\o [2026-04-16 00:49:21.467 +0700] [EVENT] [cadence.virtuoso.ade.services.netlister] - NewPoint {"point": 66, "testname": "gmIdwl_gmid2_1", "event": "NewPoint", "EventSource": "Netlist Service", "HistoryName": "ExplorerRun.0", "logFile": "/home/dtvt_13/duyDUT/logs_dtvt_13/logs0/Service29.log", "logFileSize": "109727"}
\o [2026-04-16 00:49:21.468 +0700] [INFO] [cadence.virtuoso.ade.services.netlister] - Started netlisting {"point": 66, "testname": "gmIdwl_gmid2_1"}
\o Resetting statistical vars
\o 
\o *Info*    Setting parameter values ...
\o 
\o Setting var length = "3.35u"
\o 
\o *Info*    Netlist Directory =
\o           /home/dtvt_13/simulation/gmIdwl/gmid2/maestro/results/maestro/ExplorerRun.0/66/gmIdwl_gmid2_1/netlist
\o 
\o 
\o *Info*    Data Directory    =
\o           /home/dtvt_13/simulation/gmIdwl/gmid2/maestro/results/maestro/ExplorerRun.0/66/gmIdwl_gmid2_1
\o 
\o Reusing AHDL Data dir
\o generate netlist...
\o Ignoring netlist creation since ignoreDesignChangesDuringRun is set to true
\o       ...successful.
\o compose simulator input file...
\o       ...successful.
\o [2026-04-16 00:49:21.809 +0700] [PROCESS] [cadence.virtuoso.ade.services.netlister] - Current memory used: 518.2930 MBytes, peak memory used: 518.2969 MBytes {"hostname": "dtvt_13", "processid": 30914, "testname": "gmIdwl_gmid2_1", "point": 66, "logfile": "/home/dtvt_13/duyDUT/logs_dtvt_13/logs0/Service29.log"}
\o [2026-04-16 00:49:21.810 +0700] [INFO] [cadence.virtuoso.ade.services.netlister] - Finished netlisting {"point": 66, "testname": "gmIdwl_gmid2_1"}
\o [2026-04-16 00:49:21.812 +0700] [EVENT] [cadence.virtuoso.ade.services.netlister] - NewPoint {"point": 67, "testname": "gmIdwl_gmid2_1", "event": "NewPoint", "EventSource": "Netlist Service", "HistoryName": "ExplorerRun.0", "logFile": "/home/dtvt_13/duyDUT/logs_dtvt_13/logs0/Service29.log", "logFileSize": "111288"}
\o [2026-04-16 00:49:21.812 +0700] [INFO] [cadence.virtuoso.ade.services.netlister] - Started netlisting {"point": 67, "testname": "gmIdwl_gmid2_1"}
\o Resetting statistical vars
\o 
\o *Info*    Setting parameter values ...
\o 
\o Setting var length = "3.4u"
\o 
\o *Info*    Netlist Directory =
\o           /home/dtvt_13/simulation/gmIdwl/gmid2/maestro/results/maestro/ExplorerRun.0/67/gmIdwl_gmid2_1/netlist
\o 
\o 
\o *Info*    Data Directory    =
\o           /home/dtvt_13/simulation/gmIdwl/gmid2/maestro/results/maestro/ExplorerRun.0/67/gmIdwl_gmid2_1
\o 
\o Reusing AHDL Data dir
\o generate netlist...
\o Ignoring netlist creation since ignoreDesignChangesDuringRun is set to true
\o       ...successful.
\o compose simulator input file...
\o       ...successful.
\o [2026-04-16 00:49:22.220 +0700] [PROCESS] [cadence.virtuoso.ade.services.netlister] - Current memory used: 518.2930 MBytes, peak memory used: 518.2969 MBytes {"hostname": "dtvt_13", "processid": 30914, "testname": "gmIdwl_gmid2_1", "point": 67, "logfile": "/home/dtvt_13/duyDUT/logs_dtvt_13/logs0/Service29.log"}
\o [2026-04-16 00:49:22.221 +0700] [INFO] [cadence.virtuoso.ade.services.netlister] - Finished netlisting {"point": 67, "testname": "gmIdwl_gmid2_1"}
\o [2026-04-16 00:49:22.224 +0700] [EVENT] [cadence.virtuoso.ade.services.netlister] - NewPoint {"point": 68, "testname": "gmIdwl_gmid2_1", "event": "NewPoint", "EventSource": "Netlist Service", "HistoryName": "ExplorerRun.0", "logFile": "/home/dtvt_13/duyDUT/logs_dtvt_13/logs0/Service29.log", "logFileSize": "112848"}
\o [2026-04-16 00:49:22.224 +0700] [INFO] [cadence.virtuoso.ade.services.netlister] - Started netlisting {"point": 68, "testname": "gmIdwl_gmid2_1"}
\o Resetting statistical vars
\o 
\o *Info*    Setting parameter values ...
\o 
\o Setting var length = "3.45u"
\o 
\o *Info*    Netlist Directory =
\o           /home/dtvt_13/simulation/gmIdwl/gmid2/maestro/results/maestro/ExplorerRun.0/68/gmIdwl_gmid2_1/netlist
\o 
\o 
\o *Info*    Data Directory    =
\o           /home/dtvt_13/simulation/gmIdwl/gmid2/maestro/results/maestro/ExplorerRun.0/68/gmIdwl_gmid2_1
\o 
\o Reusing AHDL Data dir
\o generate netlist...
\o Ignoring netlist creation since ignoreDesignChangesDuringRun is set to true
\o       ...successful.
\o compose simulator input file...
\o       ...successful.
\o [2026-04-16 00:49:22.571 +0700] [PROCESS] [cadence.virtuoso.ade.services.netlister] - Current memory used: 518.2930 MBytes, peak memory used: 518.2969 MBytes {"hostname": "dtvt_13", "processid": 30914, "testname": "gmIdwl_gmid2_1", "point": 68, "logfile": "/home/dtvt_13/duyDUT/logs_dtvt_13/logs0/Service29.log"}
\o [2026-04-16 00:49:22.572 +0700] [INFO] [cadence.virtuoso.ade.services.netlister] - Finished netlisting {"point": 68, "testname": "gmIdwl_gmid2_1"}
\o [2026-04-16 00:49:22.575 +0700] [EVENT] [cadence.virtuoso.ade.services.netlister] - NewPoint {"point": 69, "testname": "gmIdwl_gmid2_1", "event": "NewPoint", "EventSource": "Netlist Service", "HistoryName": "ExplorerRun.0", "logFile": "/home/dtvt_13/duyDUT/logs_dtvt_13/logs0/Service29.log", "logFileSize": "114409"}
\o [2026-04-16 00:49:22.575 +0700] [INFO] [cadence.virtuoso.ade.services.netlister] - Started netlisting {"point": 69, "testname": "gmIdwl_gmid2_1"}
\o Resetting statistical vars
\o 
\o *Info*    Setting parameter values ...
\o 
\o Setting var length = "3.5u"
\o 
\o *Info*    Netlist Directory =
\o           /home/dtvt_13/simulation/gmIdwl/gmid2/maestro/results/maestro/ExplorerRun.0/69/gmIdwl_gmid2_1/netlist
\o 
\o 
\o *Info*    Data Directory    =
\o           /home/dtvt_13/simulation/gmIdwl/gmid2/maestro/results/maestro/ExplorerRun.0/69/gmIdwl_gmid2_1
\o 
\o Reusing AHDL Data dir
\o generate netlist...
\o Ignoring netlist creation since ignoreDesignChangesDuringRun is set to true
\o       ...successful.
\o compose simulator input file...
\o       ...successful.
\o [2026-04-16 00:49:22.957 +0700] [PROCESS] [cadence.virtuoso.ade.services.netlister] - Current memory used: 518.2930 MBytes, peak memory used: 518.2969 MBytes {"hostname": "dtvt_13", "processid": 30914, "testname": "gmIdwl_gmid2_1", "point": 69, "logfile": "/home/dtvt_13/duyDUT/logs_dtvt_13/logs0/Service29.log"}
\o [2026-04-16 00:49:22.958 +0700] [INFO] [cadence.virtuoso.ade.services.netlister] - Finished netlisting {"point": 69, "testname": "gmIdwl_gmid2_1"}
\o [2026-04-16 00:49:22.960 +0700] [EVENT] [cadence.virtuoso.ade.services.netlister] - NewPoint {"point": 70, "testname": "gmIdwl_gmid2_1", "event": "NewPoint", "EventSource": "Netlist Service", "HistoryName": "ExplorerRun.0", "logFile": "/home/dtvt_13/duyDUT/logs_dtvt_13/logs0/Service29.log", "logFileSize": "115969"}
\o [2026-04-16 00:49:22.961 +0700] [INFO] [cadence.virtuoso.ade.services.netlister] - Started netlisting {"point": 70, "testname": "gmIdwl_gmid2_1"}
\o Resetting statistical vars
\o 
\o *Info*    Setting parameter values ...
\o 
\o Setting var length = "3.55u"
\o 
\o *Info*    Netlist Directory =
\o           /home/dtvt_13/simulation/gmIdwl/gmid2/maestro/results/maestro/ExplorerRun.0/70/gmIdwl_gmid2_1/netlist
\o 
\o 
\o *Info*    Data Directory    =
\o           /home/dtvt_13/simulation/gmIdwl/gmid2/maestro/results/maestro/ExplorerRun.0/70/gmIdwl_gmid2_1
\o 
\o Reusing AHDL Data dir
\o generate netlist...
\o Ignoring netlist creation since ignoreDesignChangesDuringRun is set to true
\o       ...successful.
\o compose simulator input file...
\o       ...successful.
\o [2026-04-16 00:49:23.311 +0700] [PROCESS] [cadence.virtuoso.ade.services.netlister] - Current memory used: 518.2930 MBytes, peak memory used: 518.2969 MBytes {"hostname": "dtvt_13", "processid": 30914, "testname": "gmIdwl_gmid2_1", "point": 70, "logfile": "/home/dtvt_13/duyDUT/logs_dtvt_13/logs0/Service29.log"}
\o [2026-04-16 00:49:23.312 +0700] [INFO] [cadence.virtuoso.ade.services.netlister] - Finished netlisting {"point": 70, "testname": "gmIdwl_gmid2_1"}
\o [2026-04-16 00:49:23.314 +0700] [EVENT] [cadence.virtuoso.ade.services.netlister] - NewPoint {"point": 71, "testname": "gmIdwl_gmid2_1", "event": "NewPoint", "EventSource": "Netlist Service", "HistoryName": "ExplorerRun.0", "logFile": "/home/dtvt_13/duyDUT/logs_dtvt_13/logs0/Service29.log", "logFileSize": "117530"}
\o [2026-04-16 00:49:23.315 +0700] [INFO] [cadence.virtuoso.ade.services.netlister] - Started netlisting {"point": 71, "testname": "gmIdwl_gmid2_1"}
\o Resetting statistical vars
\o 
\o *Info*    Setting parameter values ...
\o 
\o Setting var length = "3.6u"
\o 
\o *Info*    Netlist Directory =
\o           /home/dtvt_13/simulation/gmIdwl/gmid2/maestro/results/maestro/ExplorerRun.0/71/gmIdwl_gmid2_1/netlist
\o 
\o 
\o *Info*    Data Directory    =
\o           /home/dtvt_13/simulation/gmIdwl/gmid2/maestro/results/maestro/ExplorerRun.0/71/gmIdwl_gmid2_1
\o 
\o Reusing AHDL Data dir
\o generate netlist...
\o Ignoring netlist creation since ignoreDesignChangesDuringRun is set to true
\o       ...successful.
\o compose simulator input file...
\o       ...successful.
\o [2026-04-16 00:49:23.621 +0700] [PROCESS] [cadence.virtuoso.ade.services.netlister] - Current memory used: 518.2930 MBytes, peak memory used: 518.2969 MBytes {"hostname": "dtvt_13", "processid": 30914, "testname": "gmIdwl_gmid2_1", "point": 71, "logfile": "/home/dtvt_13/duyDUT/logs_dtvt_13/logs0/Service29.log"}
\o [2026-04-16 00:49:23.622 +0700] [INFO] [cadence.virtuoso.ade.services.netlister] - Finished netlisting {"point": 71, "testname": "gmIdwl_gmid2_1"}
\o [2026-04-16 00:49:23.624 +0700] [EVENT] [cadence.virtuoso.ade.services.netlister] - NewPoint {"point": 72, "testname": "gmIdwl_gmid2_1", "event": "NewPoint", "EventSource": "Netlist Service", "HistoryName": "ExplorerRun.0", "logFile": "/home/dtvt_13/duyDUT/logs_dtvt_13/logs0/Service29.log", "logFileSize": "119090"}
\o [2026-04-16 00:49:23.625 +0700] [INFO] [cadence.virtuoso.ade.services.netlister] - Started netlisting {"point": 72, "testname": "gmIdwl_gmid2_1"}
\o Resetting statistical vars
\o 
\o *Info*    Setting parameter values ...
\o 
\o Setting var length = "3.65u"
\o 
\o *Info*    Netlist Directory =
\o           /home/dtvt_13/simulation/gmIdwl/gmid2/maestro/results/maestro/ExplorerRun.0/72/gmIdwl_gmid2_1/netlist
\o 
\o 
\o *Info*    Data Directory    =
\o           /home/dtvt_13/simulation/gmIdwl/gmid2/maestro/results/maestro/ExplorerRun.0/72/gmIdwl_gmid2_1
\o 
\o Reusing AHDL Data dir
\o generate netlist...
\o Ignoring netlist creation since ignoreDesignChangesDuringRun is set to true
\o       ...successful.
\o compose simulator input file...
\o       ...successful.
\o [2026-04-16 00:49:23.918 +0700] [PROCESS] [cadence.virtuoso.ade.services.netlister] - Current memory used: 518.2930 MBytes, peak memory used: 518.2969 MBytes {"hostname": "dtvt_13", "processid": 30914, "testname": "gmIdwl_gmid2_1", "point": 72, "logfile": "/home/dtvt_13/duyDUT/logs_dtvt_13/logs0/Service29.log"}
\o [2026-04-16 00:49:23.919 +0700] [INFO] [cadence.virtuoso.ade.services.netlister] - Finished netlisting {"point": 72, "testname": "gmIdwl_gmid2_1"}
\o [2026-04-16 00:49:23.921 +0700] [EVENT] [cadence.virtuoso.ade.services.netlister] - NewPoint {"point": 73, "testname": "gmIdwl_gmid2_1", "event": "NewPoint", "EventSource": "Netlist Service", "HistoryName": "ExplorerRun.0", "logFile": "/home/dtvt_13/duyDUT/logs_dtvt_13/logs0/Service29.log", "logFileSize": "120651"}
\o [2026-04-16 00:49:23.921 +0700] [INFO] [cadence.virtuoso.ade.services.netlister] - Started netlisting {"point": 73, "testname": "gmIdwl_gmid2_1"}
\o Resetting statistical vars
\o 
\o *Info*    Setting parameter values ...
\o 
\o Setting var length = "3.7u"
\o 
\o *Info*    Netlist Directory =
\o           /home/dtvt_13/simulation/gmIdwl/gmid2/maestro/results/maestro/ExplorerRun.0/73/gmIdwl_gmid2_1/netlist
\o 
\o 
\o *Info*    Data Directory    =
\o           /home/dtvt_13/simulation/gmIdwl/gmid2/maestro/results/maestro/ExplorerRun.0/73/gmIdwl_gmid2_1
\o 
\o Reusing AHDL Data dir
\o generate netlist...
\o Ignoring netlist creation since ignoreDesignChangesDuringRun is set to true
\o       ...successful.
\o compose simulator input file...
\o       ...successful.
\o [2026-04-16 00:49:24.250 +0700] [PROCESS] [cadence.virtuoso.ade.services.netlister] - Current memory used: 518.2930 MBytes, peak memory used: 518.2969 MBytes {"hostname": "dtvt_13", "processid": 30914, "testname": "gmIdwl_gmid2_1", "point": 73, "logfile": "/home/dtvt_13/duyDUT/logs_dtvt_13/logs0/Service29.log"}
\o [2026-04-16 00:49:24.251 +0700] [INFO] [cadence.virtuoso.ade.services.netlister] - Finished netlisting {"point": 73, "testname": "gmIdwl_gmid2_1"}
\o [2026-04-16 00:49:24.253 +0700] [EVENT] [cadence.virtuoso.ade.services.netlister] - NewPoint {"point": 74, "testname": "gmIdwl_gmid2_1", "event": "NewPoint", "EventSource": "Netlist Service", "HistoryName": "ExplorerRun.0", "logFile": "/home/dtvt_13/duyDUT/logs_dtvt_13/logs0/Service29.log", "logFileSize": "122211"}
\o [2026-04-16 00:49:24.254 +0700] [INFO] [cadence.virtuoso.ade.services.netlister] - Started netlisting {"point": 74, "testname": "gmIdwl_gmid2_1"}
\o Resetting statistical vars
\o 
\o *Info*    Setting parameter values ...
\o 
\o Setting var length = "3.75u"
\o 
\o *Info*    Netlist Directory =
\o           /home/dtvt_13/simulation/gmIdwl/gmid2/maestro/results/maestro/ExplorerRun.0/74/gmIdwl_gmid2_1/netlist
\o 
\o 
\o *Info*    Data Directory    =
\o           /home/dtvt_13/simulation/gmIdwl/gmid2/maestro/results/maestro/ExplorerRun.0/74/gmIdwl_gmid2_1
\o 
\o Reusing AHDL Data dir
\o generate netlist...
\o Ignoring netlist creation since ignoreDesignChangesDuringRun is set to true
\o       ...successful.
\o compose simulator input file...
\o       ...successful.
\o [2026-04-16 00:49:24.664 +0700] [PROCESS] [cadence.virtuoso.ade.services.netlister] - Current memory used: 519.0703 MBytes, peak memory used: 519.0742 MBytes {"hostname": "dtvt_13", "processid": 30914, "testname": "gmIdwl_gmid2_1", "point": 74, "logfile": "/home/dtvt_13/duyDUT/logs_dtvt_13/logs0/Service29.log"}
\o [2026-04-16 00:49:24.664 +0700] [INFO] [cadence.virtuoso.ade.services.netlister] - Finished netlisting {"point": 74, "testname": "gmIdwl_gmid2_1"}
\o [2026-04-16 00:49:24.665 +0700] [EVENT] [cadence.virtuoso.ade.services.netlister] - NewPoint {"point": 75, "testname": "gmIdwl_gmid2_1", "event": "NewPoint", "EventSource": "Netlist Service", "HistoryName": "ExplorerRun.0", "logFile": "/home/dtvt_13/duyDUT/logs_dtvt_13/logs0/Service29.log", "logFileSize": "123772"}
\o [2026-04-16 00:49:24.665 +0700] [INFO] [cadence.virtuoso.ade.services.netlister] - Started netlisting {"point": 75, "testname": "gmIdwl_gmid2_1"}
\o Resetting statistical vars
\o 
\o *Info*    Setting parameter values ...
\o 
\o Setting var length = "3.8u"
\o 
\o *Info*    Netlist Directory =
\o           /home/dtvt_13/simulation/gmIdwl/gmid2/maestro/results/maestro/ExplorerRun.0/75/gmIdwl_gmid2_1/netlist
\o 
\o 
\o *Info*    Data Directory    =
\o           /home/dtvt_13/simulation/gmIdwl/gmid2/maestro/results/maestro/ExplorerRun.0/75/gmIdwl_gmid2_1
\o 
\o Reusing AHDL Data dir
\o generate netlist...
\o Ignoring netlist creation since ignoreDesignChangesDuringRun is set to true
\o       ...successful.
\o compose simulator input file...
\o       ...successful.
\o [2026-04-16 00:49:25.009 +0700] [PROCESS] [cadence.virtuoso.ade.services.netlister] - Current memory used: 519.0703 MBytes, peak memory used: 519.0742 MBytes {"hostname": "dtvt_13", "processid": 30914, "testname": "gmIdwl_gmid2_1", "point": 75, "logfile": "/home/dtvt_13/duyDUT/logs_dtvt_13/logs0/Service29.log"}
\o [2026-04-16 00:49:25.010 +0700] [INFO] [cadence.virtuoso.ade.services.netlister] - Finished netlisting {"point": 75, "testname": "gmIdwl_gmid2_1"}
\o [2026-04-16 00:49:25.012 +0700] [EVENT] [cadence.virtuoso.ade.services.netlister] - NewPoint {"point": 76, "testname": "gmIdwl_gmid2_1", "event": "NewPoint", "EventSource": "Netlist Service", "HistoryName": "ExplorerRun.0", "logFile": "/home/dtvt_13/duyDUT/logs_dtvt_13/logs0/Service29.log", "logFileSize": "125332"}
\o [2026-04-16 00:49:25.012 +0700] [INFO] [cadence.virtuoso.ade.services.netlister] - Started netlisting {"point": 76, "testname": "gmIdwl_gmid2_1"}
\o Resetting statistical vars
\o 
\o *Info*    Setting parameter values ...
\o 
\o Setting var length = "3.85u"
\o 
\o *Info*    Netlist Directory =
\o           /home/dtvt_13/simulation/gmIdwl/gmid2/maestro/results/maestro/ExplorerRun.0/76/gmIdwl_gmid2_1/netlist
\o 
\o 
\o *Info*    Data Directory    =
\o           /home/dtvt_13/simulation/gmIdwl/gmid2/maestro/results/maestro/ExplorerRun.0/76/gmIdwl_gmid2_1
\o 
\o Reusing AHDL Data dir
\o generate netlist...
\o Ignoring netlist creation since ignoreDesignChangesDuringRun is set to true
\o       ...successful.
\o compose simulator input file...
\o       ...successful.
\o [2026-04-16 00:49:25.416 +0700] [PROCESS] [cadence.virtuoso.ade.services.netlister] - Current memory used: 519.0703 MBytes, peak memory used: 519.0742 MBytes {"hostname": "dtvt_13", "processid": 30914, "testname": "gmIdwl_gmid2_1", "point": 76, "logfile": "/home/dtvt_13/duyDUT/logs_dtvt_13/logs0/Service29.log"}
\o [2026-04-16 00:49:25.417 +0700] [INFO] [cadence.virtuoso.ade.services.netlister] - Finished netlisting {"point": 76, "testname": "gmIdwl_gmid2_1"}
\o [2026-04-16 00:49:25.419 +0700] [EVENT] [cadence.virtuoso.ade.services.netlister] - NewPoint {"point": 77, "testname": "gmIdwl_gmid2_1", "event": "NewPoint", "EventSource": "Netlist Service", "HistoryName": "ExplorerRun.0", "logFile": "/home/dtvt_13/duyDUT/logs_dtvt_13/logs0/Service29.log", "logFileSize": "126893"}
\o [2026-04-16 00:49:25.419 +0700] [INFO] [cadence.virtuoso.ade.services.netlister] - Started netlisting {"point": 77, "testname": "gmIdwl_gmid2_1"}
\o Resetting statistical vars
\o 
\o *Info*    Setting parameter values ...
\o 
\o Setting var length = "3.9u"
\o 
\o *Info*    Netlist Directory =
\o           /home/dtvt_13/simulation/gmIdwl/gmid2/maestro/results/maestro/ExplorerRun.0/77/gmIdwl_gmid2_1/netlist
\o 
\o 
\o *Info*    Data Directory    =
\o           /home/dtvt_13/simulation/gmIdwl/gmid2/maestro/results/maestro/ExplorerRun.0/77/gmIdwl_gmid2_1
\o 
\o Reusing AHDL Data dir
\o generate netlist...
\o Ignoring netlist creation since ignoreDesignChangesDuringRun is set to true
\o       ...successful.
\o compose simulator input file...
\o       ...successful.
\o [2026-04-16 00:49:25.690 +0700] [PROCESS] [cadence.virtuoso.ade.services.netlister] - Current memory used: 519.0703 MBytes, peak memory used: 519.0742 MBytes {"hostname": "dtvt_13", "processid": 30914, "testname": "gmIdwl_gmid2_1", "point": 77, "logfile": "/home/dtvt_13/duyDUT/logs_dtvt_13/logs0/Service29.log"}
\o [2026-04-16 00:49:25.691 +0700] [INFO] [cadence.virtuoso.ade.services.netlister] - Finished netlisting {"point": 77, "testname": "gmIdwl_gmid2_1"}
\o [2026-04-16 00:49:25.694 +0700] [EVENT] [cadence.virtuoso.ade.services.netlister] - NewPoint {"point": 78, "testname": "gmIdwl_gmid2_1", "event": "NewPoint", "EventSource": "Netlist Service", "HistoryName": "ExplorerRun.0", "logFile": "/home/dtvt_13/duyDUT/logs_dtvt_13/logs0/Service29.log", "logFileSize": "128453"}
\o [2026-04-16 00:49:25.694 +0700] [INFO] [cadence.virtuoso.ade.services.netlister] - Started netlisting {"point": 78, "testname": "gmIdwl_gmid2_1"}
\o Resetting statistical vars
\o 
\o *Info*    Setting parameter values ...
\o 
\o Setting var length = "3.95u"
\o 
\o *Info*    Netlist Directory =
\o           /home/dtvt_13/simulation/gmIdwl/gmid2/maestro/results/maestro/ExplorerRun.0/78/gmIdwl_gmid2_1/netlist
\o 
\o 
\o *Info*    Data Directory    =
\o           /home/dtvt_13/simulation/gmIdwl/gmid2/maestro/results/maestro/ExplorerRun.0/78/gmIdwl_gmid2_1
\o 
\o Reusing AHDL Data dir
\o generate netlist...
\o Ignoring netlist creation since ignoreDesignChangesDuringRun is set to true
\o       ...successful.
\o compose simulator input file...
\o       ...successful.
\o [2026-04-16 00:49:26.032 +0700] [PROCESS] [cadence.virtuoso.ade.services.netlister] - Current memory used: 519.0703 MBytes, peak memory used: 519.0742 MBytes {"hostname": "dtvt_13", "processid": 30914, "testname": "gmIdwl_gmid2_1", "point": 78, "logfile": "/home/dtvt_13/duyDUT/logs_dtvt_13/logs0/Service29.log"}
\o [2026-04-16 00:49:26.033 +0700] [INFO] [cadence.virtuoso.ade.services.netlister] - Finished netlisting {"point": 78, "testname": "gmIdwl_gmid2_1"}
\o [2026-04-16 00:49:26.035 +0700] [EVENT] [cadence.virtuoso.ade.services.netlister] - NewPoint {"point": 79, "testname": "gmIdwl_gmid2_1", "event": "NewPoint", "EventSource": "Netlist Service", "HistoryName": "ExplorerRun.0", "logFile": "/home/dtvt_13/duyDUT/logs_dtvt_13/logs0/Service29.log", "logFileSize": "130014"}
\o [2026-04-16 00:49:26.036 +0700] [INFO] [cadence.virtuoso.ade.services.netlister] - Started netlisting {"point": 79, "testname": "gmIdwl_gmid2_1"}
\o Resetting statistical vars
\o 
\o *Info*    Setting parameter values ...
\o 
\o Setting var length = "4u"
\o 
\o *Info*    Netlist Directory =
\o           /home/dtvt_13/simulation/gmIdwl/gmid2/maestro/results/maestro/ExplorerRun.0/79/gmIdwl_gmid2_1/netlist
\o 
\o 
\o *Info*    Data Directory    =
\o           /home/dtvt_13/simulation/gmIdwl/gmid2/maestro/results/maestro/ExplorerRun.0/79/gmIdwl_gmid2_1
\o 
\o Reusing AHDL Data dir
\o generate netlist...
\o Ignoring netlist creation since ignoreDesignChangesDuringRun is set to true
\o       ...successful.
\o compose simulator input file...
\o       ...successful.
\o [2026-04-16 00:49:26.361 +0700] [PROCESS] [cadence.virtuoso.ade.services.netlister] - Current memory used: 519.0703 MBytes, peak memory used: 519.0742 MBytes {"hostname": "dtvt_13", "processid": 30914, "testname": "gmIdwl_gmid2_1", "point": 79, "logfile": "/home/dtvt_13/duyDUT/logs_dtvt_13/logs0/Service29.log"}
\o [2026-04-16 00:49:26.361 +0700] [INFO] [cadence.virtuoso.ade.services.netlister] - Finished netlisting {"point": 79, "testname": "gmIdwl_gmid2_1"}
\o [2026-04-16 00:49:26.362 +0700] [EVENT] [cadence.virtuoso.ade.services.netlister] - NewPoint {"point": 80, "testname": "gmIdwl_gmid2_1", "event": "NewPoint", "EventSource": "Netlist Service", "HistoryName": "ExplorerRun.0", "logFile": "/home/dtvt_13/duyDUT/logs_dtvt_13/logs0/Service29.log", "logFileSize": "131572"}
\o [2026-04-16 00:49:26.362 +0700] [INFO] [cadence.virtuoso.ade.services.netlister] - Started netlisting {"point": 80, "testname": "gmIdwl_gmid2_1"}
\o Resetting statistical vars
\o 
\o *Info*    Setting parameter values ...
\o 
\o Setting var length = "4.05u"
\o 
\o *Info*    Netlist Directory =
\o           /home/dtvt_13/simulation/gmIdwl/gmid2/maestro/results/maestro/ExplorerRun.0/80/gmIdwl_gmid2_1/netlist
\o 
\o 
\o *Info*    Data Directory    =
\o           /home/dtvt_13/simulation/gmIdwl/gmid2/maestro/results/maestro/ExplorerRun.0/80/gmIdwl_gmid2_1
\o 
\o Reusing AHDL Data dir
\o generate netlist...
\o Ignoring netlist creation since ignoreDesignChangesDuringRun is set to true
\o       ...successful.
\o compose simulator input file...
\o       ...successful.
\o [2026-04-16 00:49:26.629 +0700] [PROCESS] [cadence.virtuoso.ade.services.netlister] - Current memory used: 519.0703 MBytes, peak memory used: 519.0742 MBytes {"hostname": "dtvt_13", "processid": 30914, "testname": "gmIdwl_gmid2_1", "point": 80, "logfile": "/home/dtvt_13/duyDUT/logs_dtvt_13/logs0/Service29.log"}
\o [2026-04-16 00:49:26.630 +0700] [INFO] [cadence.virtuoso.ade.services.netlister] - Finished netlisting {"point": 80, "testname": "gmIdwl_gmid2_1"}
\o [2026-04-16 00:49:26.632 +0700] [EVENT] [cadence.virtuoso.ade.services.netlister] - NewPoint {"point": 81, "testname": "gmIdwl_gmid2_1", "event": "NewPoint", "EventSource": "Netlist Service", "HistoryName": "ExplorerRun.0", "logFile": "/home/dtvt_13/duyDUT/logs_dtvt_13/logs0/Service29.log", "logFileSize": "133133"}
\o [2026-04-16 00:49:26.633 +0700] [INFO] [cadence.virtuoso.ade.services.netlister] - Started netlisting {"point": 81, "testname": "gmIdwl_gmid2_1"}
\o Resetting statistical vars
\o 
\o *Info*    Setting parameter values ...
\o 
\o Setting var length = "4.1u"
\o 
\o *Info*    Netlist Directory =
\o           /home/dtvt_13/simulation/gmIdwl/gmid2/maestro/results/maestro/ExplorerRun.0/81/gmIdwl_gmid2_1/netlist
\o 
\o 
\o *Info*    Data Directory    =
\o           /home/dtvt_13/simulation/gmIdwl/gmid2/maestro/results/maestro/ExplorerRun.0/81/gmIdwl_gmid2_1
\o 
\o Reusing AHDL Data dir
\o generate netlist...
\o Ignoring netlist creation since ignoreDesignChangesDuringRun is set to true
\o       ...successful.
\o compose simulator input file...
\o       ...successful.
\o [2026-04-16 00:49:27.079 +0700] [PROCESS] [cadence.virtuoso.ade.services.netlister] - Current memory used: 519.0703 MBytes, peak memory used: 519.0742 MBytes {"hostname": "dtvt_13", "processid": 30914, "testname": "gmIdwl_gmid2_1", "point": 81, "logfile": "/home/dtvt_13/duyDUT/logs_dtvt_13/logs0/Service29.log"}
\o [2026-04-16 00:49:27.080 +0700] [INFO] [cadence.virtuoso.ade.services.netlister] - Finished netlisting {"point": 81, "testname": "gmIdwl_gmid2_1"}
\o [2026-04-16 00:49:27.081 +0700] [EVENT] [cadence.virtuoso.ade.services.netlister] - NewPoint {"point": 82, "testname": "gmIdwl_gmid2_1", "event": "NewPoint", "EventSource": "Netlist Service", "HistoryName": "ExplorerRun.0", "logFile": "/home/dtvt_13/duyDUT/logs_dtvt_13/logs0/Service29.log", "logFileSize": "134693"}
\o [2026-04-16 00:49:27.082 +0700] [INFO] [cadence.virtuoso.ade.services.netlister] - Started netlisting {"point": 82, "testname": "gmIdwl_gmid2_1"}
\o Resetting statistical vars
\o 
\o *Info*    Setting parameter values ...
\o 
\o Setting var length = "4.15u"
\o 
\o *Info*    Netlist Directory =
\o           /home/dtvt_13/simulation/gmIdwl/gmid2/maestro/results/maestro/ExplorerRun.0/82/gmIdwl_gmid2_1/netlist
\o 
\o 
\o *Info*    Data Directory    =
\o           /home/dtvt_13/simulation/gmIdwl/gmid2/maestro/results/maestro/ExplorerRun.0/82/gmIdwl_gmid2_1
\o 
\o Reusing AHDL Data dir
\o generate netlist...
\o Ignoring netlist creation since ignoreDesignChangesDuringRun is set to true
\o       ...successful.
\o compose simulator input file...
\o       ...successful.
\o [2026-04-16 00:49:27.288 +0700] [PROCESS] [cadence.virtuoso.ade.services.netlister] - Current memory used: 519.0703 MBytes, peak memory used: 519.0742 MBytes {"hostname": "dtvt_13", "processid": 30914, "testname": "gmIdwl_gmid2_1", "point": 82, "logfile": "/home/dtvt_13/duyDUT/logs_dtvt_13/logs0/Service29.log"}
\o [2026-04-16 00:49:27.289 +0700] [INFO] [cadence.virtuoso.ade.services.netlister] - Finished netlisting {"point": 82, "testname": "gmIdwl_gmid2_1"}
\o [2026-04-16 00:49:27.290 +0700] [EVENT] [cadence.virtuoso.ade.services.netlister] - NewPoint {"point": 83, "testname": "gmIdwl_gmid2_1", "event": "NewPoint", "EventSource": "Netlist Service", "HistoryName": "ExplorerRun.0", "logFile": "/home/dtvt_13/duyDUT/logs_dtvt_13/logs0/Service29.log", "logFileSize": "136254"}
\o [2026-04-16 00:49:27.290 +0700] [INFO] [cadence.virtuoso.ade.services.netlister] - Started netlisting {"point": 83, "testname": "gmIdwl_gmid2_1"}
\o Resetting statistical vars
\o 
\o *Info*    Setting parameter values ...
\o 
\o Setting var length = "4.2u"
\o 
\o *Info*    Netlist Directory =
\o           /home/dtvt_13/simulation/gmIdwl/gmid2/maestro/results/maestro/ExplorerRun.0/83/gmIdwl_gmid2_1/netlist
\o 
\o 
\o *Info*    Data Directory    =
\o           /home/dtvt_13/simulation/gmIdwl/gmid2/maestro/results/maestro/ExplorerRun.0/83/gmIdwl_gmid2_1
\o 
\o Reusing AHDL Data dir
\o generate netlist...
\o Ignoring netlist creation since ignoreDesignChangesDuringRun is set to true
\o       ...successful.
\o compose simulator input file...
\o       ...successful.
\o [2026-04-16 00:49:27.533 +0700] [PROCESS] [cadence.virtuoso.ade.services.netlister] - Current memory used: 519.0703 MBytes, peak memory used: 519.0742 MBytes {"hostname": "dtvt_13", "processid": 30914, "testname": "gmIdwl_gmid2_1", "point": 83, "logfile": "/home/dtvt_13/duyDUT/logs_dtvt_13/logs0/Service29.log"}
\o [2026-04-16 00:49:27.533 +0700] [INFO] [cadence.virtuoso.ade.services.netlister] - Finished netlisting {"point": 83, "testname": "gmIdwl_gmid2_1"}
\o [2026-04-16 00:49:27.534 +0700] [EVENT] [cadence.virtuoso.ade.services.netlister] - NewPoint {"point": 84, "testname": "gmIdwl_gmid2_1", "event": "NewPoint", "EventSource": "Netlist Service", "HistoryName": "ExplorerRun.0", "logFile": "/home/dtvt_13/duyDUT/logs_dtvt_13/logs0/Service29.log", "logFileSize": "137814"}
\o [2026-04-16 00:49:27.534 +0700] [INFO] [cadence.virtuoso.ade.services.netlister] - Started netlisting {"point": 84, "testname": "gmIdwl_gmid2_1"}
\o Resetting statistical vars
\o 
\o *Info*    Setting parameter values ...
\o 
\o Setting var length = "4.25u"
\o 
\o *Info*    Netlist Directory =
\o           /home/dtvt_13/simulation/gmIdwl/gmid2/maestro/results/maestro/ExplorerRun.0/84/gmIdwl_gmid2_1/netlist
\o 
\o 
\o *Info*    Data Directory    =
\o           /home/dtvt_13/simulation/gmIdwl/gmid2/maestro/results/maestro/ExplorerRun.0/84/gmIdwl_gmid2_1
\o 
\o Reusing AHDL Data dir
\o generate netlist...
\o Ignoring netlist creation since ignoreDesignChangesDuringRun is set to true
\o       ...successful.
\o compose simulator input file...
\o       ...successful.
\o [2026-04-16 00:49:27.968 +0700] [PROCESS] [cadence.virtuoso.ade.services.netlister] - Current memory used: 519.0703 MBytes, peak memory used: 519.0742 MBytes {"hostname": "dtvt_13", "processid": 30914, "testname": "gmIdwl_gmid2_1", "point": 84, "logfile": "/home/dtvt_13/duyDUT/logs_dtvt_13/logs0/Service29.log"}
\o [2026-04-16 00:49:27.969 +0700] [INFO] [cadence.virtuoso.ade.services.netlister] - Finished netlisting {"point": 84, "testname": "gmIdwl_gmid2_1"}
\o [2026-04-16 00:49:27.971 +0700] [EVENT] [cadence.virtuoso.ade.services.netlister] - NewPoint {"point": 85, "testname": "gmIdwl_gmid2_1", "event": "NewPoint", "EventSource": "Netlist Service", "HistoryName": "ExplorerRun.0", "logFile": "/home/dtvt_13/duyDUT/logs_dtvt_13/logs0/Service29.log", "logFileSize": "139375"}
\o [2026-04-16 00:49:27.971 +0700] [INFO] [cadence.virtuoso.ade.services.netlister] - Started netlisting {"point": 85, "testname": "gmIdwl_gmid2_1"}
\o Resetting statistical vars
\o 
\o *Info*    Setting parameter values ...
\o 
\o Setting var length = "4.3u"
\o 
\o *Info*    Netlist Directory =
\o           /home/dtvt_13/simulation/gmIdwl/gmid2/maestro/results/maestro/ExplorerRun.0/85/gmIdwl_gmid2_1/netlist
\o 
\o 
\o *Info*    Data Directory    =
\o           /home/dtvt_13/simulation/gmIdwl/gmid2/maestro/results/maestro/ExplorerRun.0/85/gmIdwl_gmid2_1
\o 
\o Reusing AHDL Data dir
\o generate netlist...
\o Ignoring netlist creation since ignoreDesignChangesDuringRun is set to true
\o       ...successful.
\o compose simulator input file...
\o       ...successful.
\o [2026-04-16 00:49:28.221 +0700] [PROCESS] [cadence.virtuoso.ade.services.netlister] - Current memory used: 519.0703 MBytes, peak memory used: 519.0742 MBytes {"hostname": "dtvt_13", "processid": 30914, "testname": "gmIdwl_gmid2_1", "point": 85, "logfile": "/home/dtvt_13/duyDUT/logs_dtvt_13/logs0/Service29.log"}
\o [2026-04-16 00:49:28.221 +0700] [INFO] [cadence.virtuoso.ade.services.netlister] - Finished netlisting {"point": 85, "testname": "gmIdwl_gmid2_1"}
\o [2026-04-16 00:49:28.221 +0700] [EVENT] [cadence.virtuoso.ade.services.netlister] - NewPoint {"point": 86, "testname": "gmIdwl_gmid2_1", "event": "NewPoint", "EventSource": "Netlist Service", "HistoryName": "ExplorerRun.0", "logFile": "/home/dtvt_13/duyDUT/logs_dtvt_13/logs0/Service29.log", "logFileSize": "140935"}
\o [2026-04-16 00:49:28.222 +0700] [INFO] [cadence.virtuoso.ade.services.netlister] - Started netlisting {"point": 86, "testname": "gmIdwl_gmid2_1"}
\o Resetting statistical vars
\o 
\o *Info*    Setting parameter values ...
\o 
\o Setting var length = "4.35u"
\o 
\o *Info*    Netlist Directory =
\o           /home/dtvt_13/simulation/gmIdwl/gmid2/maestro/results/maestro/ExplorerRun.0/86/gmIdwl_gmid2_1/netlist
\o 
\o 
\o *Info*    Data Directory    =
\o           /home/dtvt_13/simulation/gmIdwl/gmid2/maestro/results/maestro/ExplorerRun.0/86/gmIdwl_gmid2_1
\o 
\o Reusing AHDL Data dir
\o generate netlist...
\o Ignoring netlist creation since ignoreDesignChangesDuringRun is set to true
\o       ...successful.
\o compose simulator input file...
\o       ...successful.
\o [2026-04-16 00:49:28.440 +0700] [PROCESS] [cadence.virtuoso.ade.services.netlister] - Current memory used: 519.0703 MBytes, peak memory used: 519.0742 MBytes {"hostname": "dtvt_13", "processid": 30914, "testname": "gmIdwl_gmid2_1", "point": 86, "logfile": "/home/dtvt_13/duyDUT/logs_dtvt_13/logs0/Service29.log"}
\o [2026-04-16 00:49:28.440 +0700] [INFO] [cadence.virtuoso.ade.services.netlister] - Finished netlisting {"point": 86, "testname": "gmIdwl_gmid2_1"}
\o [2026-04-16 00:49:28.441 +0700] [EVENT] [cadence.virtuoso.ade.services.netlister] - NewPoint {"point": 87, "testname": "gmIdwl_gmid2_1", "event": "NewPoint", "EventSource": "Netlist Service", "HistoryName": "ExplorerRun.0", "logFile": "/home/dtvt_13/duyDUT/logs_dtvt_13/logs0/Service29.log", "logFileSize": "142496"}
\o [2026-04-16 00:49:28.441 +0700] [INFO] [cadence.virtuoso.ade.services.netlister] - Started netlisting {"point": 87, "testname": "gmIdwl_gmid2_1"}
\o Resetting statistical vars
\o 
\o *Info*    Setting parameter values ...
\o 
\o Setting var length = "4.4u"
\o 
\o *Info*    Netlist Directory =
\o           /home/dtvt_13/simulation/gmIdwl/gmid2/maestro/results/maestro/ExplorerRun.0/87/gmIdwl_gmid2_1/netlist
\o 
\o 
\o *Info*    Data Directory    =
\o           /home/dtvt_13/simulation/gmIdwl/gmid2/maestro/results/maestro/ExplorerRun.0/87/gmIdwl_gmid2_1
\o 
\o Reusing AHDL Data dir
\o generate netlist...
\o Ignoring netlist creation since ignoreDesignChangesDuringRun is set to true
\o       ...successful.
\o compose simulator input file...
\o       ...successful.
\o [2026-04-16 00:49:28.723 +0700] [PROCESS] [cadence.virtuoso.ade.services.netlister] - Current memory used: 519.0703 MBytes, peak memory used: 519.0742 MBytes {"hostname": "dtvt_13", "processid": 30914, "testname": "gmIdwl_gmid2_1", "point": 87, "logfile": "/home/dtvt_13/duyDUT/logs_dtvt_13/logs0/Service29.log"}
\o [2026-04-16 00:49:28.724 +0700] [INFO] [cadence.virtuoso.ade.services.netlister] - Finished netlisting {"point": 87, "testname": "gmIdwl_gmid2_1"}
\o [2026-04-16 00:49:28.726 +0700] [EVENT] [cadence.virtuoso.ade.services.netlister] - NewPoint {"point": 88, "testname": "gmIdwl_gmid2_1", "event": "NewPoint", "EventSource": "Netlist Service", "HistoryName": "ExplorerRun.0", "logFile": "/home/dtvt_13/duyDUT/logs_dtvt_13/logs0/Service29.log", "logFileSize": "144056"}
\o [2026-04-16 00:49:28.726 +0700] [INFO] [cadence.virtuoso.ade.services.netlister] - Started netlisting {"point": 88, "testname": "gmIdwl_gmid2_1"}
\o Resetting statistical vars
\o 
\o *Info*    Setting parameter values ...
\o 
\o Setting var length = "4.45u"
\o 
\o *Info*    Netlist Directory =
\o           /home/dtvt_13/simulation/gmIdwl/gmid2/maestro/results/maestro/ExplorerRun.0/88/gmIdwl_gmid2_1/netlist
\o 
\o 
\o *Info*    Data Directory    =
\o           /home/dtvt_13/simulation/gmIdwl/gmid2/maestro/results/maestro/ExplorerRun.0/88/gmIdwl_gmid2_1
\o 
\o Reusing AHDL Data dir
\o generate netlist...
\o Ignoring netlist creation since ignoreDesignChangesDuringRun is set to true
\o       ...successful.
\o compose simulator input file...
\o       ...successful.
\o [2026-04-16 00:49:29.056 +0700] [PROCESS] [cadence.virtuoso.ade.services.netlister] - Current memory used: 519.0703 MBytes, peak memory used: 519.0742 MBytes {"hostname": "dtvt_13", "processid": 30914, "testname": "gmIdwl_gmid2_1", "point": 88, "logfile": "/home/dtvt_13/duyDUT/logs_dtvt_13/logs0/Service29.log"}
\o [2026-04-16 00:49:29.056 +0700] [INFO] [cadence.virtuoso.ade.services.netlister] - Finished netlisting {"point": 88, "testname": "gmIdwl_gmid2_1"}
\o [2026-04-16 00:49:29.058 +0700] [EVENT] [cadence.virtuoso.ade.services.netlister] - NewPoint {"point": 89, "testname": "gmIdwl_gmid2_1", "event": "NewPoint", "EventSource": "Netlist Service", "HistoryName": "ExplorerRun.0", "logFile": "/home/dtvt_13/duyDUT/logs_dtvt_13/logs0/Service29.log", "logFileSize": "145617"}
\o [2026-04-16 00:49:29.059 +0700] [INFO] [cadence.virtuoso.ade.services.netlister] - Started netlisting {"point": 89, "testname": "gmIdwl_gmid2_1"}
\o Resetting statistical vars
\o 
\o *Info*    Setting parameter values ...
\o 
\o Setting var length = "4.5u"
\o 
\o *Info*    Netlist Directory =
\o           /home/dtvt_13/simulation/gmIdwl/gmid2/maestro/results/maestro/ExplorerRun.0/89/gmIdwl_gmid2_1/netlist
\o 
\o 
\o *Info*    Data Directory    =
\o           /home/dtvt_13/simulation/gmIdwl/gmid2/maestro/results/maestro/ExplorerRun.0/89/gmIdwl_gmid2_1
\o 
\o Reusing AHDL Data dir
\o generate netlist...
\o Ignoring netlist creation since ignoreDesignChangesDuringRun is set to true
\o       ...successful.
\o compose simulator input file...
\o       ...successful.
\o [2026-04-16 00:49:29.484 +0700] [PROCESS] [cadence.virtuoso.ade.services.netlister] - Current memory used: 519.0703 MBytes, peak memory used: 519.0742 MBytes {"hostname": "dtvt_13", "processid": 30914, "testname": "gmIdwl_gmid2_1", "point": 89, "logfile": "/home/dtvt_13/duyDUT/logs_dtvt_13/logs0/Service29.log"}
\o [2026-04-16 00:49:29.484 +0700] [INFO] [cadence.virtuoso.ade.services.netlister] - Finished netlisting {"point": 89, "testname": "gmIdwl_gmid2_1"}
\o [2026-04-16 00:49:29.486 +0700] [EVENT] [cadence.virtuoso.ade.services.netlister] - NewPoint {"point": 90, "testname": "gmIdwl_gmid2_1", "event": "NewPoint", "EventSource": "Netlist Service", "HistoryName": "ExplorerRun.0", "logFile": "/home/dtvt_13/duyDUT/logs_dtvt_13/logs0/Service29.log", "logFileSize": "147177"}
\o [2026-04-16 00:49:29.486 +0700] [INFO] [cadence.virtuoso.ade.services.netlister] - Started netlisting {"point": 90, "testname": "gmIdwl_gmid2_1"}
\o Resetting statistical vars
\o 
\o *Info*    Setting parameter values ...
\o 
\o Setting var length = "4.55u"
\o 
\o *Info*    Netlist Directory =
\o           /home/dtvt_13/simulation/gmIdwl/gmid2/maestro/results/maestro/ExplorerRun.0/90/gmIdwl_gmid2_1/netlist
\o 
\o 
\o *Info*    Data Directory    =
\o           /home/dtvt_13/simulation/gmIdwl/gmid2/maestro/results/maestro/ExplorerRun.0/90/gmIdwl_gmid2_1
\o 
\o Reusing AHDL Data dir
\o generate netlist...
\o Ignoring netlist creation since ignoreDesignChangesDuringRun is set to true
\o       ...successful.
\o compose simulator input file...
\o       ...successful.
\o [2026-04-16 00:49:29.921 +0700] [PROCESS] [cadence.virtuoso.ade.services.netlister] - Current memory used: 519.0703 MBytes, peak memory used: 519.0742 MBytes {"hostname": "dtvt_13", "processid": 30914, "testname": "gmIdwl_gmid2_1", "point": 90, "logfile": "/home/dtvt_13/duyDUT/logs_dtvt_13/logs0/Service29.log"}
\o [2026-04-16 00:49:29.922 +0700] [INFO] [cadence.virtuoso.ade.services.netlister] - Finished netlisting {"point": 90, "testname": "gmIdwl_gmid2_1"}
\o [2026-04-16 00:49:29.924 +0700] [EVENT] [cadence.virtuoso.ade.services.netlister] - NewPoint {"point": 91, "testname": "gmIdwl_gmid2_1", "event": "NewPoint", "EventSource": "Netlist Service", "HistoryName": "ExplorerRun.0", "logFile": "/home/dtvt_13/duyDUT/logs_dtvt_13/logs0/Service29.log", "logFileSize": "148738"}
\o [2026-04-16 00:49:29.925 +0700] [INFO] [cadence.virtuoso.ade.services.netlister] - Started netlisting {"point": 91, "testname": "gmIdwl_gmid2_1"}
\o Resetting statistical vars
\o 
\o *Info*    Setting parameter values ...
\o 
\o Setting var length = "4.6u"
\o 
\o *Info*    Netlist Directory =
\o           /home/dtvt_13/simulation/gmIdwl/gmid2/maestro/results/maestro/ExplorerRun.0/91/gmIdwl_gmid2_1/netlist
\o 
\o 
\o *Info*    Data Directory    =
\o           /home/dtvt_13/simulation/gmIdwl/gmid2/maestro/results/maestro/ExplorerRun.0/91/gmIdwl_gmid2_1
\o 
\o Reusing AHDL Data dir
\o generate netlist...
\o Ignoring netlist creation since ignoreDesignChangesDuringRun is set to true
\o       ...successful.
\o compose simulator input file...
\o       ...successful.
\o [2026-04-16 00:49:30.360 +0700] [PROCESS] [cadence.virtuoso.ade.services.netlister] - Current memory used: 519.1367 MBytes, peak memory used: 519.1406 MBytes {"hostname": "dtvt_13", "processid": 30914, "testname": "gmIdwl_gmid2_1", "point": 91, "logfile": "/home/dtvt_13/duyDUT/logs_dtvt_13/logs0/Service29.log"}
\o [2026-04-16 00:49:30.361 +0700] [INFO] [cadence.virtuoso.ade.services.netlister] - Finished netlisting {"point": 91, "testname": "gmIdwl_gmid2_1"}
\o [2026-04-16 00:49:30.363 +0700] [EVENT] [cadence.virtuoso.ade.services.netlister] - NewPoint {"point": 92, "testname": "gmIdwl_gmid2_1", "event": "NewPoint", "EventSource": "Netlist Service", "HistoryName": "ExplorerRun.0", "logFile": "/home/dtvt_13/duyDUT/logs_dtvt_13/logs0/Service29.log", "logFileSize": "150298"}
\o [2026-04-16 00:49:30.363 +0700] [INFO] [cadence.virtuoso.ade.services.netlister] - Started netlisting {"point": 92, "testname": "gmIdwl_gmid2_1"}
\o Resetting statistical vars
\o 
\o *Info*    Setting parameter values ...
\o 
\o Setting var length = "4.65u"
\o 
\o *Info*    Netlist Directory =
\o           /home/dtvt_13/simulation/gmIdwl/gmid2/maestro/results/maestro/ExplorerRun.0/92/gmIdwl_gmid2_1/netlist
\o 
\o 
\o *Info*    Data Directory    =
\o           /home/dtvt_13/simulation/gmIdwl/gmid2/maestro/results/maestro/ExplorerRun.0/92/gmIdwl_gmid2_1
\o 
\o Reusing AHDL Data dir
\o generate netlist...
\o Ignoring netlist creation since ignoreDesignChangesDuringRun is set to true
\o       ...successful.
\o compose simulator input file...
\o       ...successful.
\o [2026-04-16 00:49:30.819 +0700] [PROCESS] [cadence.virtuoso.ade.services.netlister] - Current memory used: 519.3320 MBytes, peak memory used: 519.3359 MBytes {"hostname": "dtvt_13", "processid": 30914, "testname": "gmIdwl_gmid2_1", "point": 92, "logfile": "/home/dtvt_13/duyDUT/logs_dtvt_13/logs0/Service29.log"}
\o [2026-04-16 00:49:30.819 +0700] [INFO] [cadence.virtuoso.ade.services.netlister] - Finished netlisting {"point": 92, "testname": "gmIdwl_gmid2_1"}
\o [2026-04-16 00:49:30.820 +0700] [EVENT] [cadence.virtuoso.ade.services.netlister] - NewPoint {"point": 93, "testname": "gmIdwl_gmid2_1", "event": "NewPoint", "EventSource": "Netlist Service", "HistoryName": "ExplorerRun.0", "logFile": "/home/dtvt_13/duyDUT/logs_dtvt_13/logs0/Service29.log", "logFileSize": "151859"}
\o [2026-04-16 00:49:30.820 +0700] [INFO] [cadence.virtuoso.ade.services.netlister] - Started netlisting {"point": 93, "testname": "gmIdwl_gmid2_1"}
\o Resetting statistical vars
\o 
\o *Info*    Setting parameter values ...
\o 
\o Setting var length = "4.7u"
\o 
\o *Info*    Netlist Directory =
\o           /home/dtvt_13/simulation/gmIdwl/gmid2/maestro/results/maestro/ExplorerRun.0/93/gmIdwl_gmid2_1/netlist
\o 
\o 
\o *Info*    Data Directory    =
\o           /home/dtvt_13/simulation/gmIdwl/gmid2/maestro/results/maestro/ExplorerRun.0/93/gmIdwl_gmid2_1
\o 
\o Reusing AHDL Data dir
\o generate netlist...
\o Ignoring netlist creation since ignoreDesignChangesDuringRun is set to true
\o       ...successful.
\o compose simulator input file...
\o       ...successful.
\o [2026-04-16 00:49:31.217 +0700] [PROCESS] [cadence.virtuoso.ade.services.netlister] - Current memory used: 519.3320 MBytes, peak memory used: 519.3359 MBytes {"hostname": "dtvt_13", "processid": 30914, "testname": "gmIdwl_gmid2_1", "point": 93, "logfile": "/home/dtvt_13/duyDUT/logs_dtvt_13/logs0/Service29.log"}
\o [2026-04-16 00:49:31.218 +0700] [INFO] [cadence.virtuoso.ade.services.netlister] - Finished netlisting {"point": 93, "testname": "gmIdwl_gmid2_1"}
\o [2026-04-16 00:49:31.220 +0700] [EVENT] [cadence.virtuoso.ade.services.netlister] - NewPoint {"point": 94, "testname": "gmIdwl_gmid2_1", "event": "NewPoint", "EventSource": "Netlist Service", "HistoryName": "ExplorerRun.0", "logFile": "/home/dtvt_13/duyDUT/logs_dtvt_13/logs0/Service29.log", "logFileSize": "153419"}
\o [2026-04-16 00:49:31.220 +0700] [INFO] [cadence.virtuoso.ade.services.netlister] - Started netlisting {"point": 94, "testname": "gmIdwl_gmid2_1"}
\o Resetting statistical vars
\o 
\o *Info*    Setting parameter values ...
\o 
\o Setting var length = "4.75u"
\o 
\o *Info*    Netlist Directory =
\o           /home/dtvt_13/simulation/gmIdwl/gmid2/maestro/results/maestro/ExplorerRun.0/94/gmIdwl_gmid2_1/netlist
\o 
\o 
\o *Info*    Data Directory    =
\o           /home/dtvt_13/simulation/gmIdwl/gmid2/maestro/results/maestro/ExplorerRun.0/94/gmIdwl_gmid2_1
\o 
\o Reusing AHDL Data dir
\o generate netlist...
\o Ignoring netlist creation since ignoreDesignChangesDuringRun is set to true
\o       ...successful.
\o compose simulator input file...
\o       ...successful.
\o [2026-04-16 00:49:31.625 +0700] [PROCESS] [cadence.virtuoso.ade.services.netlister] - Current memory used: 519.3320 MBytes, peak memory used: 519.3359 MBytes {"hostname": "dtvt_13", "processid": 30914, "testname": "gmIdwl_gmid2_1", "point": 94, "logfile": "/home/dtvt_13/duyDUT/logs_dtvt_13/logs0/Service29.log"}
\o [2026-04-16 00:49:31.626 +0700] [INFO] [cadence.virtuoso.ade.services.netlister] - Finished netlisting {"point": 94, "testname": "gmIdwl_gmid2_1"}
\o [2026-04-16 00:49:31.627 +0700] [EVENT] [cadence.virtuoso.ade.services.netlister] - NewPoint {"point": 95, "testname": "gmIdwl_gmid2_1", "event": "NewPoint", "EventSource": "Netlist Service", "HistoryName": "ExplorerRun.0", "logFile": "/home/dtvt_13/duyDUT/logs_dtvt_13/logs0/Service29.log", "logFileSize": "154980"}
\o [2026-04-16 00:49:31.628 +0700] [INFO] [cadence.virtuoso.ade.services.netlister] - Started netlisting {"point": 95, "testname": "gmIdwl_gmid2_1"}
\o Resetting statistical vars
\o 
\o *Info*    Setting parameter values ...
\o 
\o Setting var length = "4.8u"
\o 
\o *Info*    Netlist Directory =
\o           /home/dtvt_13/simulation/gmIdwl/gmid2/maestro/results/maestro/ExplorerRun.0/95/gmIdwl_gmid2_1/netlist
\o 
\o 
\o *Info*    Data Directory    =
\o           /home/dtvt_13/simulation/gmIdwl/gmid2/maestro/results/maestro/ExplorerRun.0/95/gmIdwl_gmid2_1
\o 
\o Reusing AHDL Data dir
\o generate netlist...
\o Ignoring netlist creation since ignoreDesignChangesDuringRun is set to true
\o       ...successful.
\o compose simulator input file...
\o       ...successful.
\o [2026-04-16 00:49:32.051 +0700] [PROCESS] [cadence.virtuoso.ade.services.netlister] - Current memory used: 519.3320 MBytes, peak memory used: 519.3359 MBytes {"hostname": "dtvt_13", "processid": 30914, "testname": "gmIdwl_gmid2_1", "point": 95, "logfile": "/home/dtvt_13/duyDUT/logs_dtvt_13/logs0/Service29.log"}
\o [2026-04-16 00:49:32.051 +0700] [INFO] [cadence.virtuoso.ade.services.netlister] - Finished netlisting {"point": 95, "testname": "gmIdwl_gmid2_1"}
\o [2026-04-16 00:49:32.053 +0700] [EVENT] [cadence.virtuoso.ade.services.netlister] - NewPoint {"point": 96, "testname": "gmIdwl_gmid2_1", "event": "NewPoint", "EventSource": "Netlist Service", "HistoryName": "ExplorerRun.0", "logFile": "/home/dtvt_13/duyDUT/logs_dtvt_13/logs0/Service29.log", "logFileSize": "156540"}
\o [2026-04-16 00:49:32.053 +0700] [INFO] [cadence.virtuoso.ade.services.netlister] - Started netlisting {"point": 96, "testname": "gmIdwl_gmid2_1"}
\o Resetting statistical vars
\o 
\o *Info*    Setting parameter values ...
\o 
\o Setting var length = "4.85u"
\o 
\o *Info*    Netlist Directory =
\o           /home/dtvt_13/simulation/gmIdwl/gmid2/maestro/results/maestro/ExplorerRun.0/96/gmIdwl_gmid2_1/netlist
\o 
\o 
\o *Info*    Data Directory    =
\o           /home/dtvt_13/simulation/gmIdwl/gmid2/maestro/results/maestro/ExplorerRun.0/96/gmIdwl_gmid2_1
\o 
\o Reusing AHDL Data dir
\o generate netlist...
\o Ignoring netlist creation since ignoreDesignChangesDuringRun is set to true
\o       ...successful.
\o compose simulator input file...
\o       ...successful.
\o [2026-04-16 00:49:32.327 +0700] [PROCESS] [cadence.virtuoso.ade.services.netlister] - Current memory used: 519.3320 MBytes, peak memory used: 519.3359 MBytes {"hostname": "dtvt_13", "processid": 30914, "testname": "gmIdwl_gmid2_1", "point": 96, "logfile": "/home/dtvt_13/duyDUT/logs_dtvt_13/logs0/Service29.log"}
\o [2026-04-16 00:49:32.327 +0700] [INFO] [cadence.virtuoso.ade.services.netlister] - Finished netlisting {"point": 96, "testname": "gmIdwl_gmid2_1"}
\o [2026-04-16 00:49:32.328 +0700] [EVENT] [cadence.virtuoso.ade.services.netlister] - NewPoint {"point": 97, "testname": "gmIdwl_gmid2_1", "event": "NewPoint", "EventSource": "Netlist Service", "HistoryName": "ExplorerRun.0", "logFile": "/home/dtvt_13/duyDUT/logs_dtvt_13/logs0/Service29.log", "logFileSize": "158101"}
\o [2026-04-16 00:49:32.329 +0700] [INFO] [cadence.virtuoso.ade.services.netlister] - Started netlisting {"point": 97, "testname": "gmIdwl_gmid2_1"}
\o Resetting statistical vars
\o 
\o *Info*    Setting parameter values ...
\o 
\o Setting var length = "4.9u"
\o 
\o *Info*    Netlist Directory =
\o           /home/dtvt_13/simulation/gmIdwl/gmid2/maestro/results/maestro/ExplorerRun.0/97/gmIdwl_gmid2_1/netlist
\o 
\o 
\o *Info*    Data Directory    =
\o           /home/dtvt_13/simulation/gmIdwl/gmid2/maestro/results/maestro/ExplorerRun.0/97/gmIdwl_gmid2_1
\o 
\o Reusing AHDL Data dir
\o generate netlist...
\o Ignoring netlist creation since ignoreDesignChangesDuringRun is set to true
\o       ...successful.
\o compose simulator input file...
\o       ...successful.
\o [2026-04-16 00:49:32.621 +0700] [PROCESS] [cadence.virtuoso.ade.services.netlister] - Current memory used: 519.3320 MBytes, peak memory used: 519.3359 MBytes {"hostname": "dtvt_13", "processid": 30914, "testname": "gmIdwl_gmid2_1", "point": 97, "logfile": "/home/dtvt_13/duyDUT/logs_dtvt_13/logs0/Service29.log"}
\o [2026-04-16 00:49:32.622 +0700] [INFO] [cadence.virtuoso.ade.services.netlister] - Finished netlisting {"point": 97, "testname": "gmIdwl_gmid2_1"}
\o [2026-04-16 00:49:32.624 +0700] [EVENT] [cadence.virtuoso.ade.services.netlister] - NewPoint {"point": 98, "testname": "gmIdwl_gmid2_1", "event": "NewPoint", "EventSource": "Netlist Service", "HistoryName": "ExplorerRun.0", "logFile": "/home/dtvt_13/duyDUT/logs_dtvt_13/logs0/Service29.log", "logFileSize": "159661"}
\o [2026-04-16 00:49:32.624 +0700] [INFO] [cadence.virtuoso.ade.services.netlister] - Started netlisting {"point": 98, "testname": "gmIdwl_gmid2_1"}
\o Resetting statistical vars
\o 
\o *Info*    Setting parameter values ...
\o 
\o Setting var length = "4.95u"
\o 
\o *Info*    Netlist Directory =
\o           /home/dtvt_13/simulation/gmIdwl/gmid2/maestro/results/maestro/ExplorerRun.0/98/gmIdwl_gmid2_1/netlist
\o 
\o 
\o *Info*    Data Directory    =
\o           /home/dtvt_13/simulation/gmIdwl/gmid2/maestro/results/maestro/ExplorerRun.0/98/gmIdwl_gmid2_1
\o 
\o Reusing AHDL Data dir
\o generate netlist...
\o Ignoring netlist creation since ignoreDesignChangesDuringRun is set to true
\o       ...successful.
\o compose simulator input file...
\o       ...successful.
\o [2026-04-16 00:49:33.138 +0700] [PROCESS] [cadence.virtuoso.ade.services.netlister] - Current memory used: 519.3320 MBytes, peak memory used: 519.3359 MBytes {"hostname": "dtvt_13", "processid": 30914, "testname": "gmIdwl_gmid2_1", "point": 98, "logfile": "/home/dtvt_13/duyDUT/logs_dtvt_13/logs0/Service29.log"}
\o [2026-04-16 00:49:33.139 +0700] [INFO] [cadence.virtuoso.ade.services.netlister] - Finished netlisting {"point": 98, "testname": "gmIdwl_gmid2_1"}
\o [2026-04-16 00:49:33.141 +0700] [EVENT] [cadence.virtuoso.ade.services.netlister] - NewPoint {"point": 99, "testname": "gmIdwl_gmid2_1", "event": "NewPoint", "EventSource": "Netlist Service", "HistoryName": "ExplorerRun.0", "logFile": "/home/dtvt_13/duyDUT/logs_dtvt_13/logs0/Service29.log", "logFileSize": "161222"}
\o [2026-04-16 00:49:33.141 +0700] [INFO] [cadence.virtuoso.ade.services.netlister] - Started netlisting {"point": 99, "testname": "gmIdwl_gmid2_1"}
\o Resetting statistical vars
\o 
\o *Info*    Setting parameter values ...
\o 
\o Setting var length = "5u"
\o 
\o *Info*    Netlist Directory =
\o           /home/dtvt_13/simulation/gmIdwl/gmid2/maestro/results/maestro/ExplorerRun.0/99/gmIdwl_gmid2_1/netlist
\o 
\o 
\o *Info*    Data Directory    =
\o           /home/dtvt_13/simulation/gmIdwl/gmid2/maestro/results/maestro/ExplorerRun.0/99/gmIdwl_gmid2_1
\o 
\o Reusing AHDL Data dir
\o generate netlist...
\o Ignoring netlist creation since ignoreDesignChangesDuringRun is set to true
\o       ...successful.
\o compose simulator input file...
\o       ...successful.
\o [2026-04-16 00:49:33.419 +0700] [PROCESS] [cadence.virtuoso.ade.services.netlister] - Current memory used: 519.3320 MBytes, peak memory used: 519.3359 MBytes {"hostname": "dtvt_13", "processid": 30914, "testname": "gmIdwl_gmid2_1", "point": 99, "logfile": "/home/dtvt_13/duyDUT/logs_dtvt_13/logs0/Service29.log"}
\o [2026-04-16 00:49:33.419 +0700] [INFO] [cadence.virtuoso.ade.services.netlister] - Finished netlisting {"point": 99, "testname": "gmIdwl_gmid2_1"}
\o [2026-04-16 00:49:33.421 +0700] [EVENT] [cadence.virtuoso.ade.services.netlister] - NewPoint {"point": 100, "testname": "gmIdwl_gmid2_1", "event": "NewPoint", "EventSource": "Netlist Service", "HistoryName": "ExplorerRun.0", "logFile": "/home/dtvt_13/duyDUT/logs_dtvt_13/logs0/Service29.log", "logFileSize": "162780"}
\o [2026-04-16 00:49:33.421 +0700] [INFO] [cadence.virtuoso.ade.services.netlister] - Started netlisting {"point": 100, "testname": "gmIdwl_gmid2_1"}
\o Resetting statistical vars
\o 
\o *Info*    Setting parameter values ...
\o 
\o Setting var length = "5.05u"
\o 
\o *Info*    Netlist Directory =
\o           /home/dtvt_13/simulation/gmIdwl/gmid2/maestro/results/maestro/ExplorerRun.0/100/gmIdwl_gmid2_1/netlist
\o 
\o 
\o *Info*    Data Directory    =
\o           /home/dtvt_13/simulation/gmIdwl/gmid2/maestro/results/maestro/ExplorerRun.0/100/gmIdwl_gmid2_1
\o 
\o Reusing AHDL Data dir
\o generate netlist...
\o Ignoring netlist creation since ignoreDesignChangesDuringRun is set to true
\o       ...successful.
\o compose simulator input file...
\o       ...successful.
\o [2026-04-16 00:49:33.829 +0700] [PROCESS] [cadence.virtuoso.ade.services.netlister] - Current memory used: 519.3320 MBytes, peak memory used: 519.3359 MBytes {"hostname": "dtvt_13", "processid": 30914, "testname": "gmIdwl_gmid2_1", "point": 100, "logfile": "/home/dtvt_13/duyDUT/logs_dtvt_13/logs0/Service29.log"}
\o [2026-04-16 00:49:33.830 +0700] [INFO] [cadence.virtuoso.ade.services.netlister] - Finished netlisting {"point": 100, "testname": "gmIdwl_gmid2_1"}
\o [2026-04-16 00:49:33.833 +0700] [EVENT] [cadence.virtuoso.ade.services.netlister] - NewPoint {"point": 101, "testname": "gmIdwl_gmid2_1", "event": "NewPoint", "EventSource": "Netlist Service", "HistoryName": "ExplorerRun.0", "logFile": "/home/dtvt_13/duyDUT/logs_dtvt_13/logs0/Service29.log", "logFileSize": "164347"}
\o [2026-04-16 00:49:33.833 +0700] [INFO] [cadence.virtuoso.ade.services.netlister] - Started netlisting {"point": 101, "testname": "gmIdwl_gmid2_1"}
\o Resetting statistical vars
\o 
\o *Info*    Setting parameter values ...
\o 
\o Setting var length = "5.1u"
\o 
\o *Info*    Netlist Directory =
\o           /home/dtvt_13/simulation/gmIdwl/gmid2/maestro/results/maestro/ExplorerRun.0/101/gmIdwl_gmid2_1/netlist
\o 
\o 
\o *Info*    Data Directory    =
\o           /home/dtvt_13/simulation/gmIdwl/gmid2/maestro/results/maestro/ExplorerRun.0/101/gmIdwl_gmid2_1
\o 
\o Reusing AHDL Data dir
\o generate netlist...
\o Ignoring netlist creation since ignoreDesignChangesDuringRun is set to true
\o       ...successful.
\o compose simulator input file...
\o       ...successful.
\o [2026-04-16 00:49:34.299 +0700] [PROCESS] [cadence.virtuoso.ade.services.netlister] - Current memory used: 519.3320 MBytes, peak memory used: 519.3359 MBytes {"hostname": "dtvt_13", "processid": 30914, "testname": "gmIdwl_gmid2_1", "point": 101, "logfile": "/home/dtvt_13/duyDUT/logs_dtvt_13/logs0/Service29.log"}
\o [2026-04-16 00:49:34.300 +0700] [INFO] [cadence.virtuoso.ade.services.netlister] - Finished netlisting {"point": 101, "testname": "gmIdwl_gmid2_1"}
\o [2026-04-16 00:49:34.302 +0700] [EVENT] [cadence.virtuoso.ade.services.netlister] - NewPoint {"point": 102, "testname": "gmIdwl_gmid2_1", "event": "NewPoint", "EventSource": "Netlist Service", "HistoryName": "ExplorerRun.0", "logFile": "/home/dtvt_13/duyDUT/logs_dtvt_13/logs0/Service29.log", "logFileSize": "165913"}
\o [2026-04-16 00:49:34.302 +0700] [INFO] [cadence.virtuoso.ade.services.netlister] - Started netlisting {"point": 102, "testname": "gmIdwl_gmid2_1"}
\o Resetting statistical vars
\o 
\o *Info*    Setting parameter values ...
\o 
\o Setting var length = "5.15u"
\o 
\o *Info*    Netlist Directory =
\o           /home/dtvt_13/simulation/gmIdwl/gmid2/maestro/results/maestro/ExplorerRun.0/102/gmIdwl_gmid2_1/netlist
\o 
\o 
\o *Info*    Data Directory    =
\o           /home/dtvt_13/simulation/gmIdwl/gmid2/maestro/results/maestro/ExplorerRun.0/102/gmIdwl_gmid2_1
\o 
\o Reusing AHDL Data dir
\o generate netlist...
\o Ignoring netlist creation since ignoreDesignChangesDuringRun is set to true
\o       ...successful.
\o compose simulator input file...
\o       ...successful.
\o [2026-04-16 00:49:34.685 +0700] [PROCESS] [cadence.virtuoso.ade.services.netlister] - Current memory used: 519.3320 MBytes, peak memory used: 519.3359 MBytes {"hostname": "dtvt_13", "processid": 30914, "testname": "gmIdwl_gmid2_1", "point": 102, "logfile": "/home/dtvt_13/duyDUT/logs_dtvt_13/logs0/Service29.log"}
\o [2026-04-16 00:49:34.685 +0700] [INFO] [cadence.virtuoso.ade.services.netlister] - Finished netlisting {"point": 102, "testname": "gmIdwl_gmid2_1"}
\o [2026-04-16 00:49:34.686 +0700] [EVENT] [cadence.virtuoso.ade.services.netlister] - NewPoint {"point": 103, "testname": "gmIdwl_gmid2_1", "event": "NewPoint", "EventSource": "Netlist Service", "HistoryName": "ExplorerRun.0", "logFile": "/home/dtvt_13/duyDUT/logs_dtvt_13/logs0/Service29.log", "logFileSize": "167480"}
\o [2026-04-16 00:49:34.686 +0700] [INFO] [cadence.virtuoso.ade.services.netlister] - Started netlisting {"point": 103, "testname": "gmIdwl_gmid2_1"}
\o Resetting statistical vars
\o 
\o *Info*    Setting parameter values ...
\o 
\o Setting var length = "5.2u"
\o 
\o *Info*    Netlist Directory =
\o           /home/dtvt_13/simulation/gmIdwl/gmid2/maestro/results/maestro/ExplorerRun.0/103/gmIdwl_gmid2_1/netlist
\o 
\o 
\o *Info*    Data Directory    =
\o           /home/dtvt_13/simulation/gmIdwl/gmid2/maestro/results/maestro/ExplorerRun.0/103/gmIdwl_gmid2_1
\o 
\o Reusing AHDL Data dir
\o generate netlist...
\o Ignoring netlist creation since ignoreDesignChangesDuringRun is set to true
\o       ...successful.
\o compose simulator input file...
\o       ...successful.
\o [2026-04-16 00:49:35.076 +0700] [PROCESS] [cadence.virtuoso.ade.services.netlister] - Current memory used: 519.3320 MBytes, peak memory used: 519.3359 MBytes {"hostname": "dtvt_13", "processid": 30914, "testname": "gmIdwl_gmid2_1", "point": 103, "logfile": "/home/dtvt_13/duyDUT/logs_dtvt_13/logs0/Service29.log"}
\o [2026-04-16 00:49:35.078 +0700] [INFO] [cadence.virtuoso.ade.services.netlister] - Finished netlisting {"point": 103, "testname": "gmIdwl_gmid2_1"}
\o [2026-04-16 00:49:35.081 +0700] [EVENT] [cadence.virtuoso.ade.services.netlister] - NewPoint {"point": 104, "testname": "gmIdwl_gmid2_1", "event": "NewPoint", "EventSource": "Netlist Service", "HistoryName": "ExplorerRun.0", "logFile": "/home/dtvt_13/duyDUT/logs_dtvt_13/logs0/Service29.log", "logFileSize": "169046"}
\o [2026-04-16 00:49:35.081 +0700] [INFO] [cadence.virtuoso.ade.services.netlister] - Started netlisting {"point": 104, "testname": "gmIdwl_gmid2_1"}
\o Resetting statistical vars
\o 
\o *Info*    Setting parameter values ...
\o 
\o Setting var length = "5.25u"
\o 
\o *Info*    Netlist Directory =
\o           /home/dtvt_13/simulation/gmIdwl/gmid2/maestro/results/maestro/ExplorerRun.0/104/gmIdwl_gmid2_1/netlist
\o 
\o 
\o *Info*    Data Directory    =
\o           /home/dtvt_13/simulation/gmIdwl/gmid2/maestro/results/maestro/ExplorerRun.0/104/gmIdwl_gmid2_1
\o 
\o Reusing AHDL Data dir
\o generate netlist...
\o Ignoring netlist creation since ignoreDesignChangesDuringRun is set to true
\o       ...successful.
\o compose simulator input file...
\o       ...successful.
\o [2026-04-16 00:49:35.533 +0700] [PROCESS] [cadence.virtuoso.ade.services.netlister] - Current memory used: 519.3320 MBytes, peak memory used: 519.3359 MBytes {"hostname": "dtvt_13", "processid": 30914, "testname": "gmIdwl_gmid2_1", "point": 104, "logfile": "/home/dtvt_13/duyDUT/logs_dtvt_13/logs0/Service29.log"}
\o [2026-04-16 00:49:35.534 +0700] [INFO] [cadence.virtuoso.ade.services.netlister] - Finished netlisting {"point": 104, "testname": "gmIdwl_gmid2_1"}
\o [2026-04-16 00:49:35.536 +0700] [EVENT] [cadence.virtuoso.ade.services.netlister] - NewPoint {"point": 105, "testname": "gmIdwl_gmid2_1", "event": "NewPoint", "EventSource": "Netlist Service", "HistoryName": "ExplorerRun.0", "logFile": "/home/dtvt_13/duyDUT/logs_dtvt_13/logs0/Service29.log", "logFileSize": "170613"}
\o [2026-04-16 00:49:35.537 +0700] [INFO] [cadence.virtuoso.ade.services.netlister] - Started netlisting {"point": 105, "testname": "gmIdwl_gmid2_1"}
\o Resetting statistical vars
\o 
\o *Info*    Setting parameter values ...
\o 
\o Setting var length = "5.3u"
\o 
\o *Info*    Netlist Directory =
\o           /home/dtvt_13/simulation/gmIdwl/gmid2/maestro/results/maestro/ExplorerRun.0/105/gmIdwl_gmid2_1/netlist
\o 
\o 
\o *Info*    Data Directory    =
\o           /home/dtvt_13/simulation/gmIdwl/gmid2/maestro/results/maestro/ExplorerRun.0/105/gmIdwl_gmid2_1
\o 
\o Reusing AHDL Data dir
\o generate netlist...
\o Ignoring netlist creation since ignoreDesignChangesDuringRun is set to true
\o       ...successful.
\o compose simulator input file...
\o       ...successful.
\o [2026-04-16 00:49:35.937 +0700] [PROCESS] [cadence.virtuoso.ade.services.netlister] - Current memory used: 519.3320 MBytes, peak memory used: 519.3359 MBytes {"hostname": "dtvt_13", "processid": 30914, "testname": "gmIdwl_gmid2_1", "point": 105, "logfile": "/home/dtvt_13/duyDUT/logs_dtvt_13/logs0/Service29.log"}
\o [2026-04-16 00:49:35.938 +0700] [INFO] [cadence.virtuoso.ade.services.netlister] - Finished netlisting {"point": 105, "testname": "gmIdwl_gmid2_1"}
\o [2026-04-16 00:49:35.940 +0700] [EVENT] [cadence.virtuoso.ade.services.netlister] - NewPoint {"point": 106, "testname": "gmIdwl_gmid2_1", "event": "NewPoint", "EventSource": "Netlist Service", "HistoryName": "ExplorerRun.0", "logFile": "/home/dtvt_13/duyDUT/logs_dtvt_13/logs0/Service29.log", "logFileSize": "172179"}
\o [2026-04-16 00:49:35.940 +0700] [INFO] [cadence.virtuoso.ade.services.netlister] - Started netlisting {"point": 106, "testname": "gmIdwl_gmid2_1"}
\o Resetting statistical vars
\o 
\o *Info*    Setting parameter values ...
\o 
\o Setting var length = "5.35u"
\o 
\o *Info*    Netlist Directory =
\o           /home/dtvt_13/simulation/gmIdwl/gmid2/maestro/results/maestro/ExplorerRun.0/106/gmIdwl_gmid2_1/netlist
\o 
\o 
\o *Info*    Data Directory    =
\o           /home/dtvt_13/simulation/gmIdwl/gmid2/maestro/results/maestro/ExplorerRun.0/106/gmIdwl_gmid2_1
\o 
\o Reusing AHDL Data dir
\o generate netlist...
\o Ignoring netlist creation since ignoreDesignChangesDuringRun is set to true
\o       ...successful.
\o compose simulator input file...
\o       ...successful.
\o [2026-04-16 00:49:36.381 +0700] [PROCESS] [cadence.virtuoso.ade.services.netlister] - Current memory used: 519.3320 MBytes, peak memory used: 519.3359 MBytes {"hostname": "dtvt_13", "processid": 30914, "testname": "gmIdwl_gmid2_1", "point": 106, "logfile": "/home/dtvt_13/duyDUT/logs_dtvt_13/logs0/Service29.log"}
\o [2026-04-16 00:49:36.382 +0700] [INFO] [cadence.virtuoso.ade.services.netlister] - Finished netlisting {"point": 106, "testname": "gmIdwl_gmid2_1"}
\o [2026-04-16 00:49:36.384 +0700] [EVENT] [cadence.virtuoso.ade.services.netlister] - NewPoint {"point": 107, "testname": "gmIdwl_gmid2_1", "event": "NewPoint", "EventSource": "Netlist Service", "HistoryName": "ExplorerRun.0", "logFile": "/home/dtvt_13/duyDUT/logs_dtvt_13/logs0/Service29.log", "logFileSize": "173746"}
\o [2026-04-16 00:49:36.385 +0700] [INFO] [cadence.virtuoso.ade.services.netlister] - Started netlisting {"point": 107, "testname": "gmIdwl_gmid2_1"}
\o Resetting statistical vars
\o 
\o *Info*    Setting parameter values ...
\o 
\o Setting var length = "5.4u"
\o 
\o *Info*    Netlist Directory =
\o           /home/dtvt_13/simulation/gmIdwl/gmid2/maestro/results/maestro/ExplorerRun.0/107/gmIdwl_gmid2_1/netlist
\o 
\o 
\o *Info*    Data Directory    =
\o           /home/dtvt_13/simulation/gmIdwl/gmid2/maestro/results/maestro/ExplorerRun.0/107/gmIdwl_gmid2_1
\o 
\o Reusing AHDL Data dir
\o generate netlist...
\o Ignoring netlist creation since ignoreDesignChangesDuringRun is set to true
\o       ...successful.
\o compose simulator input file...
\o       ...successful.
\o [2026-04-16 00:49:36.806 +0700] [PROCESS] [cadence.virtuoso.ade.services.netlister] - Current memory used: 519.3320 MBytes, peak memory used: 519.3359 MBytes {"hostname": "dtvt_13", "processid": 30914, "testname": "gmIdwl_gmid2_1", "point": 107, "logfile": "/home/dtvt_13/duyDUT/logs_dtvt_13/logs0/Service29.log"}
\o [2026-04-16 00:49:36.807 +0700] [INFO] [cadence.virtuoso.ade.services.netlister] - Finished netlisting {"point": 107, "testname": "gmIdwl_gmid2_1"}
\o [2026-04-16 00:49:36.810 +0700] [EVENT] [cadence.virtuoso.ade.services.netlister] - NewPoint {"point": 108, "testname": "gmIdwl_gmid2_1", "event": "NewPoint", "EventSource": "Netlist Service", "HistoryName": "ExplorerRun.0", "logFile": "/home/dtvt_13/duyDUT/logs_dtvt_13/logs0/Service29.log", "logFileSize": "175312"}
\o [2026-04-16 00:49:36.810 +0700] [INFO] [cadence.virtuoso.ade.services.netlister] - Started netlisting {"point": 108, "testname": "gmIdwl_gmid2_1"}
\o Resetting statistical vars
\o 
\o *Info*    Setting parameter values ...
\o 
\o Setting var length = "5.45u"
\o 
\o *Info*    Netlist Directory =
\o           /home/dtvt_13/simulation/gmIdwl/gmid2/maestro/results/maestro/ExplorerRun.0/108/gmIdwl_gmid2_1/netlist
\o 
\o 
\o *Info*    Data Directory    =
\o           /home/dtvt_13/simulation/gmIdwl/gmid2/maestro/results/maestro/ExplorerRun.0/108/gmIdwl_gmid2_1
\o 
\o Reusing AHDL Data dir
\o generate netlist...
\o Ignoring netlist creation since ignoreDesignChangesDuringRun is set to true
\o       ...successful.
\o compose simulator input file...
\o       ...successful.
\o [2026-04-16 00:49:37.215 +0700] [PROCESS] [cadence.virtuoso.ade.services.netlister] - Current memory used: 519.3359 MBytes, peak memory used: 519.3398 MBytes {"hostname": "dtvt_13", "processid": 30914, "testname": "gmIdwl_gmid2_1", "point": 108, "logfile": "/home/dtvt_13/duyDUT/logs_dtvt_13/logs0/Service29.log"}
\o [2026-04-16 00:49:37.216 +0700] [INFO] [cadence.virtuoso.ade.services.netlister] - Finished netlisting {"point": 108, "testname": "gmIdwl_gmid2_1"}
\o [2026-04-16 00:49:37.219 +0700] [EVENT] [cadence.virtuoso.ade.services.netlister] - NewPoint {"point": 109, "testname": "gmIdwl_gmid2_1", "event": "NewPoint", "EventSource": "Netlist Service", "HistoryName": "ExplorerRun.0", "logFile": "/home/dtvt_13/duyDUT/logs_dtvt_13/logs0/Service29.log", "logFileSize": "176879"}
\o [2026-04-16 00:49:37.219 +0700] [INFO] [cadence.virtuoso.ade.services.netlister] - Started netlisting {"point": 109, "testname": "gmIdwl_gmid2_1"}
\o Resetting statistical vars
\o 
\o *Info*    Setting parameter values ...
\o 
\o Setting var length = "5.5u"
\o 
\o *Info*    Netlist Directory =
\o           /home/dtvt_13/simulation/gmIdwl/gmid2/maestro/results/maestro/ExplorerRun.0/109/gmIdwl_gmid2_1/netlist
\o 
\o 
\o *Info*    Data Directory    =
\o           /home/dtvt_13/simulation/gmIdwl/gmid2/maestro/results/maestro/ExplorerRun.0/109/gmIdwl_gmid2_1
\o 
\o Reusing AHDL Data dir
\o generate netlist...
\o Ignoring netlist creation since ignoreDesignChangesDuringRun is set to true
\o       ...successful.
\o compose simulator input file...
\o       ...successful.
\o [2026-04-16 00:49:37.600 +0700] [PROCESS] [cadence.virtuoso.ade.services.netlister] - Current memory used: 519.4805 MBytes, peak memory used: 519.4844 MBytes {"hostname": "dtvt_13", "processid": 30914, "testname": "gmIdwl_gmid2_1", "point": 109, "logfile": "/home/dtvt_13/duyDUT/logs_dtvt_13/logs0/Service29.log"}
\o [2026-04-16 00:49:37.600 +0700] [INFO] [cadence.virtuoso.ade.services.netlister] - Finished netlisting {"point": 109, "testname": "gmIdwl_gmid2_1"}
\o [2026-04-16 00:49:37.601 +0700] [EVENT] [cadence.virtuoso.ade.services.netlister] - NewPoint {"point": 110, "testname": "gmIdwl_gmid2_1", "event": "NewPoint", "EventSource": "Netlist Service", "HistoryName": "ExplorerRun.0", "logFile": "/home/dtvt_13/duyDUT/logs_dtvt_13/logs0/Service29.log", "logFileSize": "178445"}
\o [2026-04-16 00:49:37.601 +0700] [INFO] [cadence.virtuoso.ade.services.netlister] - Started netlisting {"point": 110, "testname": "gmIdwl_gmid2_1"}
\o Resetting statistical vars
\o 
\o *Info*    Setting parameter values ...
\o 
\o Setting var length = "5.55u"
\o 
\o *Info*    Netlist Directory =
\o           /home/dtvt_13/simulation/gmIdwl/gmid2/maestro/results/maestro/ExplorerRun.0/110/gmIdwl_gmid2_1/netlist
\o 
\o 
\o *Info*    Data Directory    =
\o           /home/dtvt_13/simulation/gmIdwl/gmid2/maestro/results/maestro/ExplorerRun.0/110/gmIdwl_gmid2_1
\o 
\o Reusing AHDL Data dir
\o generate netlist...
\o Ignoring netlist creation since ignoreDesignChangesDuringRun is set to true
\o       ...successful.
\o compose simulator input file...
\o       ...successful.
\o [2026-04-16 00:49:37.871 +0700] [PROCESS] [cadence.virtuoso.ade.services.netlister] - Current memory used: 519.4805 MBytes, peak memory used: 519.4844 MBytes {"hostname": "dtvt_13", "processid": 30914, "testname": "gmIdwl_gmid2_1", "point": 110, "logfile": "/home/dtvt_13/duyDUT/logs_dtvt_13/logs0/Service29.log"}
\o [2026-04-16 00:49:37.872 +0700] [INFO] [cadence.virtuoso.ade.services.netlister] - Finished netlisting {"point": 110, "testname": "gmIdwl_gmid2_1"}
\o [2026-04-16 00:49:37.874 +0700] [EVENT] [cadence.virtuoso.ade.services.netlister] - NewPoint {"point": 111, "testname": "gmIdwl_gmid2_1", "event": "NewPoint", "EventSource": "Netlist Service", "HistoryName": "ExplorerRun.0", "logFile": "/home/dtvt_13/duyDUT/logs_dtvt_13/logs0/Service29.log", "logFileSize": "180012"}
\o [2026-04-16 00:49:37.874 +0700] [INFO] [cadence.virtuoso.ade.services.netlister] - Started netlisting {"point": 111, "testname": "gmIdwl_gmid2_1"}
\o Resetting statistical vars
\o 
\o *Info*    Setting parameter values ...
\o 
\o Setting var length = "5.6u"
\o 
\o *Info*    Netlist Directory =
\o           /home/dtvt_13/simulation/gmIdwl/gmid2/maestro/results/maestro/ExplorerRun.0/111/gmIdwl_gmid2_1/netlist
\o 
\o 
\o *Info*    Data Directory    =
\o           /home/dtvt_13/simulation/gmIdwl/gmid2/maestro/results/maestro/ExplorerRun.0/111/gmIdwl_gmid2_1
\o 
\o Reusing AHDL Data dir
\o generate netlist...
\o Ignoring netlist creation since ignoreDesignChangesDuringRun is set to true
\o       ...successful.
\o compose simulator input file...
\o       ...successful.
\o [2026-04-16 00:49:38.305 +0700] [PROCESS] [cadence.virtuoso.ade.services.netlister] - Current memory used: 519.4805 MBytes, peak memory used: 519.4844 MBytes {"hostname": "dtvt_13", "processid": 30914, "testname": "gmIdwl_gmid2_1", "point": 111, "logfile": "/home/dtvt_13/duyDUT/logs_dtvt_13/logs0/Service29.log"}
\o [2026-04-16 00:49:38.306 +0700] [INFO] [cadence.virtuoso.ade.services.netlister] - Finished netlisting {"point": 111, "testname": "gmIdwl_gmid2_1"}
\o [2026-04-16 00:49:38.307 +0700] [EVENT] [cadence.virtuoso.ade.services.netlister] - NewPoint {"point": 112, "testname": "gmIdwl_gmid2_1", "event": "NewPoint", "EventSource": "Netlist Service", "HistoryName": "ExplorerRun.0", "logFile": "/home/dtvt_13/duyDUT/logs_dtvt_13/logs0/Service29.log", "logFileSize": "181578"}
\o [2026-04-16 00:49:38.307 +0700] [INFO] [cadence.virtuoso.ade.services.netlister] - Started netlisting {"point": 112, "testname": "gmIdwl_gmid2_1"}
\o Resetting statistical vars
\o 
\o *Info*    Setting parameter values ...
\o 
\o Setting var length = "5.65u"
\o 
\o *Info*    Netlist Directory =
\o           /home/dtvt_13/simulation/gmIdwl/gmid2/maestro/results/maestro/ExplorerRun.0/112/gmIdwl_gmid2_1/netlist
\o 
\o 
\o *Info*    Data Directory    =
\o           /home/dtvt_13/simulation/gmIdwl/gmid2/maestro/results/maestro/ExplorerRun.0/112/gmIdwl_gmid2_1
\o 
\o Reusing AHDL Data dir
\o generate netlist...
\o Ignoring netlist creation since ignoreDesignChangesDuringRun is set to true
\o       ...successful.
\o compose simulator input file...
\o       ...successful.
\o [2026-04-16 00:49:38.573 +0700] [PROCESS] [cadence.virtuoso.ade.services.netlister] - Current memory used: 519.4805 MBytes, peak memory used: 519.4844 MBytes {"hostname": "dtvt_13", "processid": 30914, "testname": "gmIdwl_gmid2_1", "point": 112, "logfile": "/home/dtvt_13/duyDUT/logs_dtvt_13/logs0/Service29.log"}
\o [2026-04-16 00:49:38.574 +0700] [INFO] [cadence.virtuoso.ade.services.netlister] - Finished netlisting {"point": 112, "testname": "gmIdwl_gmid2_1"}
\o [2026-04-16 00:49:38.575 +0700] [EVENT] [cadence.virtuoso.ade.services.netlister] - NewPoint {"point": 113, "testname": "gmIdwl_gmid2_1", "event": "NewPoint", "EventSource": "Netlist Service", "HistoryName": "ExplorerRun.0", "logFile": "/home/dtvt_13/duyDUT/logs_dtvt_13/logs0/Service29.log", "logFileSize": "183145"}
\o [2026-04-16 00:49:38.575 +0700] [INFO] [cadence.virtuoso.ade.services.netlister] - Started netlisting {"point": 113, "testname": "gmIdwl_gmid2_1"}
\o Resetting statistical vars
\o 
\o *Info*    Setting parameter values ...
\o 
\o Setting var length = "5.7u"
\o 
\o *Info*    Netlist Directory =
\o           /home/dtvt_13/simulation/gmIdwl/gmid2/maestro/results/maestro/ExplorerRun.0/113/gmIdwl_gmid2_1/netlist
\o 
\o 
\o *Info*    Data Directory    =
\o           /home/dtvt_13/simulation/gmIdwl/gmid2/maestro/results/maestro/ExplorerRun.0/113/gmIdwl_gmid2_1
\o 
\o Reusing AHDL Data dir
\o generate netlist...
\o Ignoring netlist creation since ignoreDesignChangesDuringRun is set to true
\o       ...successful.
\o compose simulator input file...
\o       ...successful.
\o [2026-04-16 00:49:39.011 +0700] [PROCESS] [cadence.virtuoso.ade.services.netlister] - Current memory used: 519.4805 MBytes, peak memory used: 519.4844 MBytes {"hostname": "dtvt_13", "processid": 30914, "testname": "gmIdwl_gmid2_1", "point": 113, "logfile": "/home/dtvt_13/duyDUT/logs_dtvt_13/logs0/Service29.log"}
\o [2026-04-16 00:49:39.012 +0700] [INFO] [cadence.virtuoso.ade.services.netlister] - Finished netlisting {"point": 113, "testname": "gmIdwl_gmid2_1"}
\o [2026-04-16 00:49:39.014 +0700] [EVENT] [cadence.virtuoso.ade.services.netlister] - NewPoint {"point": 114, "testname": "gmIdwl_gmid2_1", "event": "NewPoint", "EventSource": "Netlist Service", "HistoryName": "ExplorerRun.0", "logFile": "/home/dtvt_13/duyDUT/logs_dtvt_13/logs0/Service29.log", "logFileSize": "184711"}
\o [2026-04-16 00:49:39.014 +0700] [INFO] [cadence.virtuoso.ade.services.netlister] - Started netlisting {"point": 114, "testname": "gmIdwl_gmid2_1"}
\o Resetting statistical vars
\o 
\o *Info*    Setting parameter values ...
\o 
\o Setting var length = "5.75u"
\o 
\o *Info*    Netlist Directory =
\o           /home/dtvt_13/simulation/gmIdwl/gmid2/maestro/results/maestro/ExplorerRun.0/114/gmIdwl_gmid2_1/netlist
\o 
\o 
\o *Info*    Data Directory    =
\o           /home/dtvt_13/simulation/gmIdwl/gmid2/maestro/results/maestro/ExplorerRun.0/114/gmIdwl_gmid2_1
\o 
\o Reusing AHDL Data dir
\o generate netlist...
\o Ignoring netlist creation since ignoreDesignChangesDuringRun is set to true
\o       ...successful.
\o compose simulator input file...
\o       ...successful.
\o [2026-04-16 00:49:39.413 +0700] [PROCESS] [cadence.virtuoso.ade.services.netlister] - Current memory used: 519.4805 MBytes, peak memory used: 519.4844 MBytes {"hostname": "dtvt_13", "processid": 30914, "testname": "gmIdwl_gmid2_1", "point": 114, "logfile": "/home/dtvt_13/duyDUT/logs_dtvt_13/logs0/Service29.log"}
\o [2026-04-16 00:49:39.414 +0700] [INFO] [cadence.virtuoso.ade.services.netlister] - Finished netlisting {"point": 114, "testname": "gmIdwl_gmid2_1"}
\o [2026-04-16 00:49:39.416 +0700] [EVENT] [cadence.virtuoso.ade.services.netlister] - NewPoint {"point": 115, "testname": "gmIdwl_gmid2_1", "event": "NewPoint", "EventSource": "Netlist Service", "HistoryName": "ExplorerRun.0", "logFile": "/home/dtvt_13/duyDUT/logs_dtvt_13/logs0/Service29.log", "logFileSize": "186278"}
\o [2026-04-16 00:49:39.416 +0700] [INFO] [cadence.virtuoso.ade.services.netlister] - Started netlisting {"point": 115, "testname": "gmIdwl_gmid2_1"}
\o Resetting statistical vars
\o 
\o *Info*    Setting parameter values ...
\o 
\o Setting var length = "5.8u"
\o 
\o *Info*    Netlist Directory =
\o           /home/dtvt_13/simulation/gmIdwl/gmid2/maestro/results/maestro/ExplorerRun.0/115/gmIdwl_gmid2_1/netlist
\o 
\o 
\o *Info*    Data Directory    =
\o           /home/dtvt_13/simulation/gmIdwl/gmid2/maestro/results/maestro/ExplorerRun.0/115/gmIdwl_gmid2_1
\o 
\o Reusing AHDL Data dir
\o generate netlist...
\o Ignoring netlist creation since ignoreDesignChangesDuringRun is set to true
\o       ...successful.
\o compose simulator input file...
\o       ...successful.
\o [2026-04-16 00:49:39.808 +0700] [PROCESS] [cadence.virtuoso.ade.services.netlister] - Current memory used: 519.4805 MBytes, peak memory used: 519.4844 MBytes {"hostname": "dtvt_13", "processid": 30914, "testname": "gmIdwl_gmid2_1", "point": 115, "logfile": "/home/dtvt_13/duyDUT/logs_dtvt_13/logs0/Service29.log"}
\o [2026-04-16 00:49:39.809 +0700] [INFO] [cadence.virtuoso.ade.services.netlister] - Finished netlisting {"point": 115, "testname": "gmIdwl_gmid2_1"}
\o [2026-04-16 00:49:39.811 +0700] [EVENT] [cadence.virtuoso.ade.services.netlister] - NewPoint {"point": 116, "testname": "gmIdwl_gmid2_1", "event": "NewPoint", "EventSource": "Netlist Service", "HistoryName": "ExplorerRun.0", "logFile": "/home/dtvt_13/duyDUT/logs_dtvt_13/logs0/Service29.log", "logFileSize": "187844"}
\o [2026-04-16 00:49:39.812 +0700] [INFO] [cadence.virtuoso.ade.services.netlister] - Started netlisting {"point": 116, "testname": "gmIdwl_gmid2_1"}
\o Resetting statistical vars
\o 
\o *Info*    Setting parameter values ...
\o 
\o Setting var length = "5.85u"
\o 
\o *Info*    Netlist Directory =
\o           /home/dtvt_13/simulation/gmIdwl/gmid2/maestro/results/maestro/ExplorerRun.0/116/gmIdwl_gmid2_1/netlist
\o 
\o 
\o *Info*    Data Directory    =
\o           /home/dtvt_13/simulation/gmIdwl/gmid2/maestro/results/maestro/ExplorerRun.0/116/gmIdwl_gmid2_1
\o 
\o Reusing AHDL Data dir
\o generate netlist...
\o Ignoring netlist creation since ignoreDesignChangesDuringRun is set to true
\o       ...successful.
\o compose simulator input file...
\o       ...successful.
\o [2026-04-16 00:49:40.314 +0700] [PROCESS] [cadence.virtuoso.ade.services.netlister] - Current memory used: 519.4805 MBytes, peak memory used: 519.4844 MBytes {"hostname": "dtvt_13", "processid": 30914, "testname": "gmIdwl_gmid2_1", "point": 116, "logfile": "/home/dtvt_13/duyDUT/logs_dtvt_13/logs0/Service29.log"}
\o [2026-04-16 00:49:40.315 +0700] [INFO] [cadence.virtuoso.ade.services.netlister] - Finished netlisting {"point": 116, "testname": "gmIdwl_gmid2_1"}
\o [2026-04-16 00:49:40.317 +0700] [EVENT] [cadence.virtuoso.ade.services.netlister] - NewPoint {"point": 117, "testname": "gmIdwl_gmid2_1", "event": "NewPoint", "EventSource": "Netlist Service", "HistoryName": "ExplorerRun.0", "logFile": "/home/dtvt_13/duyDUT/logs_dtvt_13/logs0/Service29.log", "logFileSize": "189411"}
\o [2026-04-16 00:49:40.317 +0700] [INFO] [cadence.virtuoso.ade.services.netlister] - Started netlisting {"point": 117, "testname": "gmIdwl_gmid2_1"}
\o Resetting statistical vars
\o 
\o *Info*    Setting parameter values ...
\o 
\o Setting var length = "5.9u"
\o 
\o *Info*    Netlist Directory =
\o           /home/dtvt_13/simulation/gmIdwl/gmid2/maestro/results/maestro/ExplorerRun.0/117/gmIdwl_gmid2_1/netlist
\o 
\o 
\o *Info*    Data Directory    =
\o           /home/dtvt_13/simulation/gmIdwl/gmid2/maestro/results/maestro/ExplorerRun.0/117/gmIdwl_gmid2_1
\o 
\o Reusing AHDL Data dir
\o generate netlist...
\o Ignoring netlist creation since ignoreDesignChangesDuringRun is set to true
\o       ...successful.
\o compose simulator input file...
\o       ...successful.
\o [2026-04-16 00:49:40.725 +0700] [PROCESS] [cadence.virtuoso.ade.services.netlister] - Current memory used: 519.4805 MBytes, peak memory used: 519.4844 MBytes {"hostname": "dtvt_13", "processid": 30914, "testname": "gmIdwl_gmid2_1", "point": 117, "logfile": "/home/dtvt_13/duyDUT/logs_dtvt_13/logs0/Service29.log"}
\o [2026-04-16 00:49:40.725 +0700] [INFO] [cadence.virtuoso.ade.services.netlister] - Finished netlisting {"point": 117, "testname": "gmIdwl_gmid2_1"}
\o [2026-04-16 00:49:40.728 +0700] [EVENT] [cadence.virtuoso.ade.services.netlister] - NewPoint {"point": 118, "testname": "gmIdwl_gmid2_1", "event": "NewPoint", "EventSource": "Netlist Service", "HistoryName": "ExplorerRun.0", "logFile": "/home/dtvt_13/duyDUT/logs_dtvt_13/logs0/Service29.log", "logFileSize": "190977"}
\o [2026-04-16 00:49:40.728 +0700] [INFO] [cadence.virtuoso.ade.services.netlister] - Started netlisting {"point": 118, "testname": "gmIdwl_gmid2_1"}
\o Resetting statistical vars
\o 
\o *Info*    Setting parameter values ...
\o 
\o Setting var length = "5.95u"
\o 
\o *Info*    Netlist Directory =
\o           /home/dtvt_13/simulation/gmIdwl/gmid2/maestro/results/maestro/ExplorerRun.0/118/gmIdwl_gmid2_1/netlist
\o 
\o 
\o *Info*    Data Directory    =
\o           /home/dtvt_13/simulation/gmIdwl/gmid2/maestro/results/maestro/ExplorerRun.0/118/gmIdwl_gmid2_1
\o 
\o Reusing AHDL Data dir
\o generate netlist...
\o Ignoring netlist creation since ignoreDesignChangesDuringRun is set to true
\o       ...successful.
\o compose simulator input file...
\o       ...successful.
\o [2026-04-16 00:49:41.089 +0700] [PROCESS] [cadence.virtuoso.ade.services.netlister] - Current memory used: 519.4805 MBytes, peak memory used: 519.4844 MBytes {"hostname": "dtvt_13", "processid": 30914, "testname": "gmIdwl_gmid2_1", "point": 118, "logfile": "/home/dtvt_13/duyDUT/logs_dtvt_13/logs0/Service29.log"}
\o [2026-04-16 00:49:41.090 +0700] [INFO] [cadence.virtuoso.ade.services.netlister] - Finished netlisting {"point": 118, "testname": "gmIdwl_gmid2_1"}
\o [2026-04-16 00:49:41.092 +0700] [EVENT] [cadence.virtuoso.ade.services.netlister] - NewPoint {"point": 119, "testname": "gmIdwl_gmid2_1", "event": "NewPoint", "EventSource": "Netlist Service", "HistoryName": "ExplorerRun.0", "logFile": "/home/dtvt_13/duyDUT/logs_dtvt_13/logs0/Service29.log", "logFileSize": "192544"}
\o [2026-04-16 00:49:41.092 +0700] [INFO] [cadence.virtuoso.ade.services.netlister] - Started netlisting {"point": 119, "testname": "gmIdwl_gmid2_1"}
\o Resetting statistical vars
\o 
\o *Info*    Setting parameter values ...
\o 
\o Setting var length = "6u"
\o 
\o *Info*    Netlist Directory =
\o           /home/dtvt_13/simulation/gmIdwl/gmid2/maestro/results/maestro/ExplorerRun.0/119/gmIdwl_gmid2_1/netlist
\o 
\o 
\o *Info*    Data Directory    =
\o           /home/dtvt_13/simulation/gmIdwl/gmid2/maestro/results/maestro/ExplorerRun.0/119/gmIdwl_gmid2_1
\o 
\o Reusing AHDL Data dir
\o generate netlist...
\o Ignoring netlist creation since ignoreDesignChangesDuringRun is set to true
\o       ...successful.
\o compose simulator input file...
\o       ...successful.
\o [2026-04-16 00:49:41.513 +0700] [PROCESS] [cadence.virtuoso.ade.services.netlister] - Current memory used: 519.4805 MBytes, peak memory used: 519.4844 MBytes {"hostname": "dtvt_13", "processid": 30914, "testname": "gmIdwl_gmid2_1", "point": 119, "logfile": "/home/dtvt_13/duyDUT/logs_dtvt_13/logs0/Service29.log"}
\o [2026-04-16 00:49:41.513 +0700] [INFO] [cadence.virtuoso.ade.services.netlister] - Finished netlisting {"point": 119, "testname": "gmIdwl_gmid2_1"}
\o [2026-04-16 00:49:41.516 +0700] [EVENT] [cadence.virtuoso.ade.services.netlister] - NewPoint {"point": 120, "testname": "gmIdwl_gmid2_1", "event": "NewPoint", "EventSource": "Netlist Service", "HistoryName": "ExplorerRun.0", "logFile": "/home/dtvt_13/duyDUT/logs_dtvt_13/logs0/Service29.log", "logFileSize": "194108"}
\o [2026-04-16 00:49:41.516 +0700] [INFO] [cadence.virtuoso.ade.services.netlister] - Started netlisting {"point": 120, "testname": "gmIdwl_gmid2_1"}
\o Resetting statistical vars
\o 
\o *Info*    Setting parameter values ...
\o 
\o Setting var length = "6.05u"
\o 
\o *Info*    Netlist Directory =
\o           /home/dtvt_13/simulation/gmIdwl/gmid2/maestro/results/maestro/ExplorerRun.0/120/gmIdwl_gmid2_1/netlist
\o 
\o 
\o *Info*    Data Directory    =
\o           /home/dtvt_13/simulation/gmIdwl/gmid2/maestro/results/maestro/ExplorerRun.0/120/gmIdwl_gmid2_1
\o 
\o Reusing AHDL Data dir
\o generate netlist...
\o Ignoring netlist creation since ignoreDesignChangesDuringRun is set to true
\o       ...successful.
\o compose simulator input file...
\o       ...successful.
\o [2026-04-16 00:49:41.932 +0700] [PROCESS] [cadence.virtuoso.ade.services.netlister] - Current memory used: 519.4805 MBytes, peak memory used: 519.4844 MBytes {"hostname": "dtvt_13", "processid": 30914, "testname": "gmIdwl_gmid2_1", "point": 120, "logfile": "/home/dtvt_13/duyDUT/logs_dtvt_13/logs0/Service29.log"}
\o [2026-04-16 00:49:41.933 +0700] [INFO] [cadence.virtuoso.ade.services.netlister] - Finished netlisting {"point": 120, "testname": "gmIdwl_gmid2_1"}
\o [2026-04-16 00:49:41.935 +0700] [EVENT] [cadence.virtuoso.ade.services.netlister] - NewPoint {"point": 121, "testname": "gmIdwl_gmid2_1", "event": "NewPoint", "EventSource": "Netlist Service", "HistoryName": "ExplorerRun.0", "logFile": "/home/dtvt_13/duyDUT/logs_dtvt_13/logs0/Service29.log", "logFileSize": "195675"}
\o [2026-04-16 00:49:41.935 +0700] [INFO] [cadence.virtuoso.ade.services.netlister] - Started netlisting {"point": 121, "testname": "gmIdwl_gmid2_1"}
\o Resetting statistical vars
\o 
\o *Info*    Setting parameter values ...
\o 
\o Setting var length = "6.1u"
\o 
\o *Info*    Netlist Directory =
\o           /home/dtvt_13/simulation/gmIdwl/gmid2/maestro/results/maestro/ExplorerRun.0/121/gmIdwl_gmid2_1/netlist
\o 
\o 
\o *Info*    Data Directory    =
\o           /home/dtvt_13/simulation/gmIdwl/gmid2/maestro/results/maestro/ExplorerRun.0/121/gmIdwl_gmid2_1
\o 
\o Reusing AHDL Data dir
\o generate netlist...
\o Ignoring netlist creation since ignoreDesignChangesDuringRun is set to true
\o       ...successful.
\o compose simulator input file...
\o       ...successful.
\o [2026-04-16 00:49:42.259 +0700] [PROCESS] [cadence.virtuoso.ade.services.netlister] - Current memory used: 519.4805 MBytes, peak memory used: 519.4844 MBytes {"hostname": "dtvt_13", "processid": 30914, "testname": "gmIdwl_gmid2_1", "point": 121, "logfile": "/home/dtvt_13/duyDUT/logs_dtvt_13/logs0/Service29.log"}
\o [2026-04-16 00:49:42.260 +0700] [INFO] [cadence.virtuoso.ade.services.netlister] - Finished netlisting {"point": 121, "testname": "gmIdwl_gmid2_1"}
\o [2026-04-16 00:49:42.262 +0700] [EVENT] [cadence.virtuoso.ade.services.netlister] - NewPoint {"point": 122, "testname": "gmIdwl_gmid2_1", "event": "NewPoint", "EventSource": "Netlist Service", "HistoryName": "ExplorerRun.0", "logFile": "/home/dtvt_13/duyDUT/logs_dtvt_13/logs0/Service29.log", "logFileSize": "197241"}
\o [2026-04-16 00:49:42.262 +0700] [INFO] [cadence.virtuoso.ade.services.netlister] - Started netlisting {"point": 122, "testname": "gmIdwl_gmid2_1"}
\o Resetting statistical vars
\o 
\o *Info*    Setting parameter values ...
\o 
\o Setting var length = "6.15u"
\o 
\o *Info*    Netlist Directory =
\o           /home/dtvt_13/simulation/gmIdwl/gmid2/maestro/results/maestro/ExplorerRun.0/122/gmIdwl_gmid2_1/netlist
\o 
\o 
\o *Info*    Data Directory    =
\o           /home/dtvt_13/simulation/gmIdwl/gmid2/maestro/results/maestro/ExplorerRun.0/122/gmIdwl_gmid2_1
\o 
\o Reusing AHDL Data dir
\o generate netlist...
\o Ignoring netlist creation since ignoreDesignChangesDuringRun is set to true
\o       ...successful.
\o compose simulator input file...
\o       ...successful.
\o [2026-04-16 00:49:42.637 +0700] [PROCESS] [cadence.virtuoso.ade.services.netlister] - Current memory used: 519.4805 MBytes, peak memory used: 519.4844 MBytes {"hostname": "dtvt_13", "processid": 30914, "testname": "gmIdwl_gmid2_1", "point": 122, "logfile": "/home/dtvt_13/duyDUT/logs_dtvt_13/logs0/Service29.log"}
\o [2026-04-16 00:49:42.638 +0700] [INFO] [cadence.virtuoso.ade.services.netlister] - Finished netlisting {"point": 122, "testname": "gmIdwl_gmid2_1"}
\o [2026-04-16 00:49:42.640 +0700] [EVENT] [cadence.virtuoso.ade.services.netlister] - NewPoint {"point": 123, "testname": "gmIdwl_gmid2_1", "event": "NewPoint", "EventSource": "Netlist Service", "HistoryName": "ExplorerRun.0", "logFile": "/home/dtvt_13/duyDUT/logs_dtvt_13/logs0/Service29.log", "logFileSize": "198808"}
\o [2026-04-16 00:49:42.640 +0700] [INFO] [cadence.virtuoso.ade.services.netlister] - Started netlisting {"point": 123, "testname": "gmIdwl_gmid2_1"}
\o Resetting statistical vars
\o 
\o *Info*    Setting parameter values ...
\o 
\o Setting var length = "6.2u"
\o 
\o *Info*    Netlist Directory =
\o           /home/dtvt_13/simulation/gmIdwl/gmid2/maestro/results/maestro/ExplorerRun.0/123/gmIdwl_gmid2_1/netlist
\o 
\o 
\o *Info*    Data Directory    =
\o           /home/dtvt_13/simulation/gmIdwl/gmid2/maestro/results/maestro/ExplorerRun.0/123/gmIdwl_gmid2_1
\o 
\o Reusing AHDL Data dir
\o generate netlist...
\o Ignoring netlist creation since ignoreDesignChangesDuringRun is set to true
\o       ...successful.
\o compose simulator input file...
\o       ...successful.
\o [2026-04-16 00:49:43.086 +0700] [PROCESS] [cadence.virtuoso.ade.services.netlister] - Current memory used: 519.4805 MBytes, peak memory used: 519.4844 MBytes {"hostname": "dtvt_13", "processid": 30914, "testname": "gmIdwl_gmid2_1", "point": 123, "logfile": "/home/dtvt_13/duyDUT/logs_dtvt_13/logs0/Service29.log"}
\o [2026-04-16 00:49:43.088 +0700] [INFO] [cadence.virtuoso.ade.services.netlister] - Finished netlisting {"point": 123, "testname": "gmIdwl_gmid2_1"}
\o [2026-04-16 00:49:43.090 +0700] [EVENT] [cadence.virtuoso.ade.services.netlister] - NewPoint {"point": 124, "testname": "gmIdwl_gmid2_1", "event": "NewPoint", "EventSource": "Netlist Service", "HistoryName": "ExplorerRun.0", "logFile": "/home/dtvt_13/duyDUT/logs_dtvt_13/logs0/Service29.log", "logFileSize": "200374"}
\o [2026-04-16 00:49:43.090 +0700] [INFO] [cadence.virtuoso.ade.services.netlister] - Started netlisting {"point": 124, "testname": "gmIdwl_gmid2_1"}
\o Resetting statistical vars
\o 
\o *Info*    Setting parameter values ...
\o 
\o Setting var length = "6.25u"
\o 
\o *Info*    Netlist Directory =
\o           /home/dtvt_13/simulation/gmIdwl/gmid2/maestro/results/maestro/ExplorerRun.0/124/gmIdwl_gmid2_1/netlist
\o 
\o 
\o *Info*    Data Directory    =
\o           /home/dtvt_13/simulation/gmIdwl/gmid2/maestro/results/maestro/ExplorerRun.0/124/gmIdwl_gmid2_1
\o 
\o Reusing AHDL Data dir
\o generate netlist...
\o Ignoring netlist creation since ignoreDesignChangesDuringRun is set to true
\o       ...successful.
\o compose simulator input file...
\o       ...successful.
\o [2026-04-16 00:49:43.503 +0700] [PROCESS] [cadence.virtuoso.ade.services.netlister] - Current memory used: 519.4805 MBytes, peak memory used: 519.4844 MBytes {"hostname": "dtvt_13", "processid": 30914, "testname": "gmIdwl_gmid2_1", "point": 124, "logfile": "/home/dtvt_13/duyDUT/logs_dtvt_13/logs0/Service29.log"}
\o [2026-04-16 00:49:43.503 +0700] [INFO] [cadence.virtuoso.ade.services.netlister] - Finished netlisting {"point": 124, "testname": "gmIdwl_gmid2_1"}
\o [2026-04-16 00:49:43.503 +0700] [EVENT] [cadence.virtuoso.ade.services.netlister] - NewPoint {"point": 125, "testname": "gmIdwl_gmid2_1", "event": "NewPoint", "EventSource": "Netlist Service", "HistoryName": "ExplorerRun.0", "logFile": "/home/dtvt_13/duyDUT/logs_dtvt_13/logs0/Service29.log", "logFileSize": "201941"}
\o [2026-04-16 00:49:43.504 +0700] [INFO] [cadence.virtuoso.ade.services.netlister] - Started netlisting {"point": 125, "testname": "gmIdwl_gmid2_1"}
\o Resetting statistical vars
\o 
\o *Info*    Setting parameter values ...
\o 
\o Setting var length = "6.3u"
\o 
\o *Info*    Netlist Directory =
\o           /home/dtvt_13/simulation/gmIdwl/gmid2/maestro/results/maestro/ExplorerRun.0/125/gmIdwl_gmid2_1/netlist
\o 
\o 
\o *Info*    Data Directory    =
\o           /home/dtvt_13/simulation/gmIdwl/gmid2/maestro/results/maestro/ExplorerRun.0/125/gmIdwl_gmid2_1
\o 
\o Reusing AHDL Data dir
\o generate netlist...
\o Ignoring netlist creation since ignoreDesignChangesDuringRun is set to true
\o       ...successful.
\o compose simulator input file...
\o       ...successful.
\o [2026-04-16 00:49:43.810 +0700] [PROCESS] [cadence.virtuoso.ade.services.netlister] - Current memory used: 519.4805 MBytes, peak memory used: 519.4844 MBytes {"hostname": "dtvt_13", "processid": 30914, "testname": "gmIdwl_gmid2_1", "point": 125, "logfile": "/home/dtvt_13/duyDUT/logs_dtvt_13/logs0/Service29.log"}
\o [2026-04-16 00:49:43.811 +0700] [INFO] [cadence.virtuoso.ade.services.netlister] - Finished netlisting {"point": 125, "testname": "gmIdwl_gmid2_1"}
\o [2026-04-16 00:49:43.813 +0700] [EVENT] [cadence.virtuoso.ade.services.netlister] - NewPoint {"point": 126, "testname": "gmIdwl_gmid2_1", "event": "NewPoint", "EventSource": "Netlist Service", "HistoryName": "ExplorerRun.0", "logFile": "/home/dtvt_13/duyDUT/logs_dtvt_13/logs0/Service29.log", "logFileSize": "203507"}
\o [2026-04-16 00:49:43.813 +0700] [INFO] [cadence.virtuoso.ade.services.netlister] - Started netlisting {"point": 126, "testname": "gmIdwl_gmid2_1"}
\o Resetting statistical vars
\o 
\o *Info*    Setting parameter values ...
\o 
\o Setting var length = "6.35u"
\o 
\o *Info*    Netlist Directory =
\o           /home/dtvt_13/simulation/gmIdwl/gmid2/maestro/results/maestro/ExplorerRun.0/126/gmIdwl_gmid2_1/netlist
\o 
\o 
\o *Info*    Data Directory    =
\o           /home/dtvt_13/simulation/gmIdwl/gmid2/maestro/results/maestro/ExplorerRun.0/126/gmIdwl_gmid2_1
\o 
\o Reusing AHDL Data dir
\o generate netlist...
\o Ignoring netlist creation since ignoreDesignChangesDuringRun is set to true
\o       ...successful.
\o compose simulator input file...
\o       ...successful.
\o [2026-04-16 00:49:44.247 +0700] [PROCESS] [cadence.virtuoso.ade.services.netlister] - Current memory used: 519.6680 MBytes, peak memory used: 519.6719 MBytes {"hostname": "dtvt_13", "processid": 30914, "testname": "gmIdwl_gmid2_1", "point": 126, "logfile": "/home/dtvt_13/duyDUT/logs_dtvt_13/logs0/Service29.log"}
\o [2026-04-16 00:49:44.248 +0700] [INFO] [cadence.virtuoso.ade.services.netlister] - Finished netlisting {"point": 126, "testname": "gmIdwl_gmid2_1"}
\o [2026-04-16 00:49:44.250 +0700] [EVENT] [cadence.virtuoso.ade.services.netlister] - NewPoint {"point": 127, "testname": "gmIdwl_gmid2_1", "event": "NewPoint", "EventSource": "Netlist Service", "HistoryName": "ExplorerRun.0", "logFile": "/home/dtvt_13/duyDUT/logs_dtvt_13/logs0/Service29.log", "logFileSize": "205074"}
\o [2026-04-16 00:49:44.250 +0700] [INFO] [cadence.virtuoso.ade.services.netlister] - Started netlisting {"point": 127, "testname": "gmIdwl_gmid2_1"}
\o Resetting statistical vars
\o 
\o *Info*    Setting parameter values ...
\o 
\o Setting var length = "6.4u"
\o 
\o *Info*    Netlist Directory =
\o           /home/dtvt_13/simulation/gmIdwl/gmid2/maestro/results/maestro/ExplorerRun.0/127/gmIdwl_gmid2_1/netlist
\o 
\o 
\o *Info*    Data Directory    =
\o           /home/dtvt_13/simulation/gmIdwl/gmid2/maestro/results/maestro/ExplorerRun.0/127/gmIdwl_gmid2_1
\o 
\o Reusing AHDL Data dir
\o generate netlist...
\o Ignoring netlist creation since ignoreDesignChangesDuringRun is set to true
\o       ...successful.
\o compose simulator input file...
\o       ...successful.
\o [2026-04-16 00:49:44.610 +0700] [PROCESS] [cadence.virtuoso.ade.services.netlister] - Current memory used: 519.6680 MBytes, peak memory used: 519.6719 MBytes {"hostname": "dtvt_13", "processid": 30914, "testname": "gmIdwl_gmid2_1", "point": 127, "logfile": "/home/dtvt_13/duyDUT/logs_dtvt_13/logs0/Service29.log"}
\o [2026-04-16 00:49:44.611 +0700] [INFO] [cadence.virtuoso.ade.services.netlister] - Finished netlisting {"point": 127, "testname": "gmIdwl_gmid2_1"}
\o [2026-04-16 00:49:44.614 +0700] [EVENT] [cadence.virtuoso.ade.services.netlister] - NewPoint {"point": 128, "testname": "gmIdwl_gmid2_1", "event": "NewPoint", "EventSource": "Netlist Service", "HistoryName": "ExplorerRun.0", "logFile": "/home/dtvt_13/duyDUT/logs_dtvt_13/logs0/Service29.log", "logFileSize": "206640"}
\o [2026-04-16 00:49:44.614 +0700] [INFO] [cadence.virtuoso.ade.services.netlister] - Started netlisting {"point": 128, "testname": "gmIdwl_gmid2_1"}
\o Resetting statistical vars
\o 
\o *Info*    Setting parameter values ...
\o 
\o Setting var length = "6.45u"
\o 
\o *Info*    Netlist Directory =
\o           /home/dtvt_13/simulation/gmIdwl/gmid2/maestro/results/maestro/ExplorerRun.0/128/gmIdwl_gmid2_1/netlist
\o 
\o 
\o *Info*    Data Directory    =
\o           /home/dtvt_13/simulation/gmIdwl/gmid2/maestro/results/maestro/ExplorerRun.0/128/gmIdwl_gmid2_1
\o 
\o Reusing AHDL Data dir
\o generate netlist...
\o Ignoring netlist creation since ignoreDesignChangesDuringRun is set to true
\o       ...successful.
\o compose simulator input file...
\o       ...successful.
\o [2026-04-16 00:49:45.088 +0700] [PROCESS] [cadence.virtuoso.ade.services.netlister] - Current memory used: 519.6680 MBytes, peak memory used: 519.6719 MBytes {"hostname": "dtvt_13", "processid": 30914, "testname": "gmIdwl_gmid2_1", "point": 128, "logfile": "/home/dtvt_13/duyDUT/logs_dtvt_13/logs0/Service29.log"}
\o [2026-04-16 00:49:45.089 +0700] [INFO] [cadence.virtuoso.ade.services.netlister] - Finished netlisting {"point": 128, "testname": "gmIdwl_gmid2_1"}
\o [2026-04-16 00:49:45.090 +0700] [EVENT] [cadence.virtuoso.ade.services.netlister] - NewPoint {"point": 129, "testname": "gmIdwl_gmid2_1", "event": "NewPoint", "EventSource": "Netlist Service", "HistoryName": "ExplorerRun.0", "logFile": "/home/dtvt_13/duyDUT/logs_dtvt_13/logs0/Service29.log", "logFileSize": "208207"}
\o [2026-04-16 00:49:45.091 +0700] [INFO] [cadence.virtuoso.ade.services.netlister] - Started netlisting {"point": 129, "testname": "gmIdwl_gmid2_1"}
\o Resetting statistical vars
\o 
\o *Info*    Setting parameter values ...
\o 
\o Setting var length = "6.5u"
\o 
\o *Info*    Netlist Directory =
\o           /home/dtvt_13/simulation/gmIdwl/gmid2/maestro/results/maestro/ExplorerRun.0/129/gmIdwl_gmid2_1/netlist
\o 
\o 
\o *Info*    Data Directory    =
\o           /home/dtvt_13/simulation/gmIdwl/gmid2/maestro/results/maestro/ExplorerRun.0/129/gmIdwl_gmid2_1
\o 
\o Reusing AHDL Data dir
\o generate netlist...
\o Ignoring netlist creation since ignoreDesignChangesDuringRun is set to true
\o       ...successful.
\o compose simulator input file...
\o       ...successful.
\o [2026-04-16 00:49:45.541 +0700] [PROCESS] [cadence.virtuoso.ade.services.netlister] - Current memory used: 519.6680 MBytes, peak memory used: 519.6719 MBytes {"hostname": "dtvt_13", "processid": 30914, "testname": "gmIdwl_gmid2_1", "point": 129, "logfile": "/home/dtvt_13/duyDUT/logs_dtvt_13/logs0/Service29.log"}
\o [2026-04-16 00:49:45.542 +0700] [INFO] [cadence.virtuoso.ade.services.netlister] - Finished netlisting {"point": 129, "testname": "gmIdwl_gmid2_1"}
\o [2026-04-16 00:49:45.543 +0700] [EVENT] [cadence.virtuoso.ade.services.netlister] - NewPoint {"point": 130, "testname": "gmIdwl_gmid2_1", "event": "NewPoint", "EventSource": "Netlist Service", "HistoryName": "ExplorerRun.0", "logFile": "/home/dtvt_13/duyDUT/logs_dtvt_13/logs0/Service29.log", "logFileSize": "209773"}
\o [2026-04-16 00:49:45.543 +0700] [INFO] [cadence.virtuoso.ade.services.netlister] - Started netlisting {"point": 130, "testname": "gmIdwl_gmid2_1"}
\o Resetting statistical vars
\o 
\o *Info*    Setting parameter values ...
\o 
\o Setting var length = "6.55u"
\o 
\o *Info*    Netlist Directory =
\o           /home/dtvt_13/simulation/gmIdwl/gmid2/maestro/results/maestro/ExplorerRun.0/130/gmIdwl_gmid2_1/netlist
\o 
\o 
\o *Info*    Data Directory    =
\o           /home/dtvt_13/simulation/gmIdwl/gmid2/maestro/results/maestro/ExplorerRun.0/130/gmIdwl_gmid2_1
\o 
\o Reusing AHDL Data dir
\o generate netlist...
\o Ignoring netlist creation since ignoreDesignChangesDuringRun is set to true
\o       ...successful.
\o compose simulator input file...
\o       ...successful.
\o [2026-04-16 00:49:46.016 +0700] [PROCESS] [cadence.virtuoso.ade.services.netlister] - Current memory used: 519.6680 MBytes, peak memory used: 519.6719 MBytes {"hostname": "dtvt_13", "processid": 30914, "testname": "gmIdwl_gmid2_1", "point": 130, "logfile": "/home/dtvt_13/duyDUT/logs_dtvt_13/logs0/Service29.log"}
\o [2026-04-16 00:49:46.017 +0700] [INFO] [cadence.virtuoso.ade.services.netlister] - Finished netlisting {"point": 130, "testname": "gmIdwl_gmid2_1"}
\o [2026-04-16 00:49:46.019 +0700] [EVENT] [cadence.virtuoso.ade.services.netlister] - NewPoint {"point": 131, "testname": "gmIdwl_gmid2_1", "event": "NewPoint", "EventSource": "Netlist Service", "HistoryName": "ExplorerRun.0", "logFile": "/home/dtvt_13/duyDUT/logs_dtvt_13/logs0/Service29.log", "logFileSize": "211340"}
\o [2026-04-16 00:49:46.020 +0700] [INFO] [cadence.virtuoso.ade.services.netlister] - Started netlisting {"point": 131, "testname": "gmIdwl_gmid2_1"}
\o Resetting statistical vars
\o 
\o *Info*    Setting parameter values ...
\o 
\o Setting var length = "6.6u"
\o 
\o *Info*    Netlist Directory =
\o           /home/dtvt_13/simulation/gmIdwl/gmid2/maestro/results/maestro/ExplorerRun.0/131/gmIdwl_gmid2_1/netlist
\o 
\o 
\o *Info*    Data Directory    =
\o           /home/dtvt_13/simulation/gmIdwl/gmid2/maestro/results/maestro/ExplorerRun.0/131/gmIdwl_gmid2_1
\o 
\o Reusing AHDL Data dir
\o generate netlist...
\o Ignoring netlist creation since ignoreDesignChangesDuringRun is set to true
\o       ...successful.
\o compose simulator input file...
\o       ...successful.
\o [2026-04-16 00:49:46.431 +0700] [PROCESS] [cadence.virtuoso.ade.services.netlister] - Current memory used: 519.6680 MBytes, peak memory used: 519.6719 MBytes {"hostname": "dtvt_13", "processid": 30914, "testname": "gmIdwl_gmid2_1", "point": 131, "logfile": "/home/dtvt_13/duyDUT/logs_dtvt_13/logs0/Service29.log"}
\o [2026-04-16 00:49:46.432 +0700] [INFO] [cadence.virtuoso.ade.services.netlister] - Finished netlisting {"point": 131, "testname": "gmIdwl_gmid2_1"}
\o [2026-04-16 00:49:46.434 +0700] [EVENT] [cadence.virtuoso.ade.services.netlister] - NewPoint {"point": 132, "testname": "gmIdwl_gmid2_1", "event": "NewPoint", "EventSource": "Netlist Service", "HistoryName": "ExplorerRun.0", "logFile": "/home/dtvt_13/duyDUT/logs_dtvt_13/logs0/Service29.log", "logFileSize": "212906"}
\o [2026-04-16 00:49:46.434 +0700] [INFO] [cadence.virtuoso.ade.services.netlister] - Started netlisting {"point": 132, "testname": "gmIdwl_gmid2_1"}
\o Resetting statistical vars
\o 
\o *Info*    Setting parameter values ...
\o 
\o Setting var length = "6.65u"
\o 
\o *Info*    Netlist Directory =
\o           /home/dtvt_13/simulation/gmIdwl/gmid2/maestro/results/maestro/ExplorerRun.0/132/gmIdwl_gmid2_1/netlist
\o 
\o 
\o *Info*    Data Directory    =
\o           /home/dtvt_13/simulation/gmIdwl/gmid2/maestro/results/maestro/ExplorerRun.0/132/gmIdwl_gmid2_1
\o 
\o Reusing AHDL Data dir
\o generate netlist...
\o Ignoring netlist creation since ignoreDesignChangesDuringRun is set to true
\o       ...successful.
\o compose simulator input file...
\o       ...successful.
\o [2026-04-16 00:49:46.898 +0700] [PROCESS] [cadence.virtuoso.ade.services.netlister] - Current memory used: 519.6680 MBytes, peak memory used: 519.6719 MBytes {"hostname": "dtvt_13", "processid": 30914, "testname": "gmIdwl_gmid2_1", "point": 132, "logfile": "/home/dtvt_13/duyDUT/logs_dtvt_13/logs0/Service29.log"}
\o [2026-04-16 00:49:46.899 +0700] [INFO] [cadence.virtuoso.ade.services.netlister] - Finished netlisting {"point": 132, "testname": "gmIdwl_gmid2_1"}
\o [2026-04-16 00:49:46.901 +0700] [EVENT] [cadence.virtuoso.ade.services.netlister] - NewPoint {"point": 133, "testname": "gmIdwl_gmid2_1", "event": "NewPoint", "EventSource": "Netlist Service", "HistoryName": "ExplorerRun.0", "logFile": "/home/dtvt_13/duyDUT/logs_dtvt_13/logs0/Service29.log", "logFileSize": "214473"}
\o [2026-04-16 00:49:46.901 +0700] [INFO] [cadence.virtuoso.ade.services.netlister] - Started netlisting {"point": 133, "testname": "gmIdwl_gmid2_1"}
\o Resetting statistical vars
\o 
\o *Info*    Setting parameter values ...
\o 
\o Setting var length = "6.7u"
\o 
\o *Info*    Netlist Directory =
\o           /home/dtvt_13/simulation/gmIdwl/gmid2/maestro/results/maestro/ExplorerRun.0/133/gmIdwl_gmid2_1/netlist
\o 
\o 
\o *Info*    Data Directory    =
\o           /home/dtvt_13/simulation/gmIdwl/gmid2/maestro/results/maestro/ExplorerRun.0/133/gmIdwl_gmid2_1
\o 
\o Reusing AHDL Data dir
\o generate netlist...
\o Ignoring netlist creation since ignoreDesignChangesDuringRun is set to true
\o       ...successful.
\o compose simulator input file...
\o       ...successful.
\o [2026-04-16 00:49:47.349 +0700] [PROCESS] [cadence.virtuoso.ade.services.netlister] - Current memory used: 519.6680 MBytes, peak memory used: 519.6719 MBytes {"hostname": "dtvt_13", "processid": 30914, "testname": "gmIdwl_gmid2_1", "point": 133, "logfile": "/home/dtvt_13/duyDUT/logs_dtvt_13/logs0/Service29.log"}
\o [2026-04-16 00:49:47.350 +0700] [INFO] [cadence.virtuoso.ade.services.netlister] - Finished netlisting {"point": 133, "testname": "gmIdwl_gmid2_1"}
\o [2026-04-16 00:49:47.352 +0700] [EVENT] [cadence.virtuoso.ade.services.netlister] - NewPoint {"point": 134, "testname": "gmIdwl_gmid2_1", "event": "NewPoint", "EventSource": "Netlist Service", "HistoryName": "ExplorerRun.0", "logFile": "/home/dtvt_13/duyDUT/logs_dtvt_13/logs0/Service29.log", "logFileSize": "216039"}
\o [2026-04-16 00:49:47.352 +0700] [INFO] [cadence.virtuoso.ade.services.netlister] - Started netlisting {"point": 134, "testname": "gmIdwl_gmid2_1"}
\o Resetting statistical vars
\o 
\o *Info*    Setting parameter values ...
\o 
\o Setting var length = "6.75u"
\o 
\o *Info*    Netlist Directory =
\o           /home/dtvt_13/simulation/gmIdwl/gmid2/maestro/results/maestro/ExplorerRun.0/134/gmIdwl_gmid2_1/netlist
\o 
\o 
\o *Info*    Data Directory    =
\o           /home/dtvt_13/simulation/gmIdwl/gmid2/maestro/results/maestro/ExplorerRun.0/134/gmIdwl_gmid2_1
\o 
\o Reusing AHDL Data dir
\o generate netlist...
\o Ignoring netlist creation since ignoreDesignChangesDuringRun is set to true
\o       ...successful.
\o compose simulator input file...
\o       ...successful.
\o [2026-04-16 00:49:47.743 +0700] [PROCESS] [cadence.virtuoso.ade.services.netlister] - Current memory used: 519.6680 MBytes, peak memory used: 519.6719 MBytes {"hostname": "dtvt_13", "processid": 30914, "testname": "gmIdwl_gmid2_1", "point": 134, "logfile": "/home/dtvt_13/duyDUT/logs_dtvt_13/logs0/Service29.log"}
\o [2026-04-16 00:49:47.744 +0700] [INFO] [cadence.virtuoso.ade.services.netlister] - Finished netlisting {"point": 134, "testname": "gmIdwl_gmid2_1"}
\o [2026-04-16 00:49:47.746 +0700] [EVENT] [cadence.virtuoso.ade.services.netlister] - NewPoint {"point": 135, "testname": "gmIdwl_gmid2_1", "event": "NewPoint", "EventSource": "Netlist Service", "HistoryName": "ExplorerRun.0", "logFile": "/home/dtvt_13/duyDUT/logs_dtvt_13/logs0/Service29.log", "logFileSize": "217606"}
\o [2026-04-16 00:49:47.746 +0700] [INFO] [cadence.virtuoso.ade.services.netlister] - Started netlisting {"point": 135, "testname": "gmIdwl_gmid2_1"}
\o Resetting statistical vars
\o 
\o *Info*    Setting parameter values ...
\o 
\o Setting var length = "6.8u"
\o 
\o *Info*    Netlist Directory =
\o           /home/dtvt_13/simulation/gmIdwl/gmid2/maestro/results/maestro/ExplorerRun.0/135/gmIdwl_gmid2_1/netlist
\o 
\o 
\o *Info*    Data Directory    =
\o           /home/dtvt_13/simulation/gmIdwl/gmid2/maestro/results/maestro/ExplorerRun.0/135/gmIdwl_gmid2_1
\o 
\o Reusing AHDL Data dir
\o generate netlist...
\o Ignoring netlist creation since ignoreDesignChangesDuringRun is set to true
\o       ...successful.
\o compose simulator input file...
\o       ...successful.
\o [2026-04-16 00:49:48.157 +0700] [PROCESS] [cadence.virtuoso.ade.services.netlister] - Current memory used: 519.6680 MBytes, peak memory used: 519.6719 MBytes {"hostname": "dtvt_13", "processid": 30914, "testname": "gmIdwl_gmid2_1", "point": 135, "logfile": "/home/dtvt_13/duyDUT/logs_dtvt_13/logs0/Service29.log"}
\o [2026-04-16 00:49:48.158 +0700] [INFO] [cadence.virtuoso.ade.services.netlister] - Finished netlisting {"point": 135, "testname": "gmIdwl_gmid2_1"}
\o [2026-04-16 00:49:48.159 +0700] [EVENT] [cadence.virtuoso.ade.services.netlister] - NewPoint {"point": 136, "testname": "gmIdwl_gmid2_1", "event": "NewPoint", "EventSource": "Netlist Service", "HistoryName": "ExplorerRun.0", "logFile": "/home/dtvt_13/duyDUT/logs_dtvt_13/logs0/Service29.log", "logFileSize": "219172"}
\o [2026-04-16 00:49:48.160 +0700] [INFO] [cadence.virtuoso.ade.services.netlister] - Started netlisting {"point": 136, "testname": "gmIdwl_gmid2_1"}
\o Resetting statistical vars
\o 
\o *Info*    Setting parameter values ...
\o 
\o Setting var length = "6.85u"
\o 
\o *Info*    Netlist Directory =
\o           /home/dtvt_13/simulation/gmIdwl/gmid2/maestro/results/maestro/ExplorerRun.0/136/gmIdwl_gmid2_1/netlist
\o 
\o 
\o *Info*    Data Directory    =
\o           /home/dtvt_13/simulation/gmIdwl/gmid2/maestro/results/maestro/ExplorerRun.0/136/gmIdwl_gmid2_1
\o 
\o Reusing AHDL Data dir
\o generate netlist...
\o Ignoring netlist creation since ignoreDesignChangesDuringRun is set to true
\o       ...successful.
\o compose simulator input file...
\o       ...successful.
\o [2026-04-16 00:49:48.557 +0700] [PROCESS] [cadence.virtuoso.ade.services.netlister] - Current memory used: 519.6680 MBytes, peak memory used: 519.6719 MBytes {"hostname": "dtvt_13", "processid": 30914, "testname": "gmIdwl_gmid2_1", "point": 136, "logfile": "/home/dtvt_13/duyDUT/logs_dtvt_13/logs0/Service29.log"}
\o [2026-04-16 00:49:48.557 +0700] [INFO] [cadence.virtuoso.ade.services.netlister] - Finished netlisting {"point": 136, "testname": "gmIdwl_gmid2_1"}
\o [2026-04-16 00:49:48.558 +0700] [EVENT] [cadence.virtuoso.ade.services.netlister] - NewPoint {"point": 137, "testname": "gmIdwl_gmid2_1", "event": "NewPoint", "EventSource": "Netlist Service", "HistoryName": "ExplorerRun.0", "logFile": "/home/dtvt_13/duyDUT/logs_dtvt_13/logs0/Service29.log", "logFileSize": "220739"}
\o [2026-04-16 00:49:48.558 +0700] [INFO] [cadence.virtuoso.ade.services.netlister] - Started netlisting {"point": 137, "testname": "gmIdwl_gmid2_1"}
\o Resetting statistical vars
\o 
\o *Info*    Setting parameter values ...
\o 
\o Setting var length = "6.9u"
\o 
\o *Info*    Netlist Directory =
\o           /home/dtvt_13/simulation/gmIdwl/gmid2/maestro/results/maestro/ExplorerRun.0/137/gmIdwl_gmid2_1/netlist
\o 
\o 
\o *Info*    Data Directory    =
\o           /home/dtvt_13/simulation/gmIdwl/gmid2/maestro/results/maestro/ExplorerRun.0/137/gmIdwl_gmid2_1
\o 
\o Reusing AHDL Data dir
\o generate netlist...
\o Ignoring netlist creation since ignoreDesignChangesDuringRun is set to true
\o       ...successful.
\o compose simulator input file...
\o       ...successful.
\o [2026-04-16 00:49:48.816 +0700] [PROCESS] [cadence.virtuoso.ade.services.netlister] - Current memory used: 519.6680 MBytes, peak memory used: 519.6719 MBytes {"hostname": "dtvt_13", "processid": 30914, "testname": "gmIdwl_gmid2_1", "point": 137, "logfile": "/home/dtvt_13/duyDUT/logs_dtvt_13/logs0/Service29.log"}
\o [2026-04-16 00:49:48.817 +0700] [INFO] [cadence.virtuoso.ade.services.netlister] - Finished netlisting {"point": 137, "testname": "gmIdwl_gmid2_1"}
\o [2026-04-16 00:49:48.819 +0700] [EVENT] [cadence.virtuoso.ade.services.netlister] - NewPoint {"point": 138, "testname": "gmIdwl_gmid2_1", "event": "NewPoint", "EventSource": "Netlist Service", "HistoryName": "ExplorerRun.0", "logFile": "/home/dtvt_13/duyDUT/logs_dtvt_13/logs0/Service29.log", "logFileSize": "222305"}
\o [2026-04-16 00:49:48.819 +0700] [INFO] [cadence.virtuoso.ade.services.netlister] - Started netlisting {"point": 138, "testname": "gmIdwl_gmid2_1"}
\o Resetting statistical vars
\o 
\o *Info*    Setting parameter values ...
\o 
\o Setting var length = "6.95u"
\o 
\o *Info*    Netlist Directory =
\o           /home/dtvt_13/simulation/gmIdwl/gmid2/maestro/results/maestro/ExplorerRun.0/138/gmIdwl_gmid2_1/netlist
\o 
\o 
\o *Info*    Data Directory    =
\o           /home/dtvt_13/simulation/gmIdwl/gmid2/maestro/results/maestro/ExplorerRun.0/138/gmIdwl_gmid2_1
\o 
\o Reusing AHDL Data dir
\o generate netlist...
\o Ignoring netlist creation since ignoreDesignChangesDuringRun is set to true
\o       ...successful.
\o compose simulator input file...
\o       ...successful.
\o [2026-04-16 00:49:49.275 +0700] [PROCESS] [cadence.virtuoso.ade.services.netlister] - Current memory used: 519.6680 MBytes, peak memory used: 519.6719 MBytes {"hostname": "dtvt_13", "processid": 30914, "testname": "gmIdwl_gmid2_1", "point": 138, "logfile": "/home/dtvt_13/duyDUT/logs_dtvt_13/logs0/Service29.log"}
\o [2026-04-16 00:49:49.275 +0700] [INFO] [cadence.virtuoso.ade.services.netlister] - Finished netlisting {"point": 138, "testname": "gmIdwl_gmid2_1"}
\o [2026-04-16 00:49:49.276 +0700] [EVENT] [cadence.virtuoso.ade.services.netlister] - NewPoint {"point": 139, "testname": "gmIdwl_gmid2_1", "event": "NewPoint", "EventSource": "Netlist Service", "HistoryName": "ExplorerRun.0", "logFile": "/home/dtvt_13/duyDUT/logs_dtvt_13/logs0/Service29.log", "logFileSize": "223872"}
\o [2026-04-16 00:49:49.276 +0700] [INFO] [cadence.virtuoso.ade.services.netlister] - Started netlisting {"point": 139, "testname": "gmIdwl_gmid2_1"}
\o Resetting statistical vars
\o 
\o *Info*    Setting parameter values ...
\o 
\o Setting var length = "7u"
\o 
\o *Info*    Netlist Directory =
\o           /home/dtvt_13/simulation/gmIdwl/gmid2/maestro/results/maestro/ExplorerRun.0/139/gmIdwl_gmid2_1/netlist
\o 
\o 
\o *Info*    Data Directory    =
\o           /home/dtvt_13/simulation/gmIdwl/gmid2/maestro/results/maestro/ExplorerRun.0/139/gmIdwl_gmid2_1
\o 
\o Reusing AHDL Data dir
\o generate netlist...
\o Ignoring netlist creation since ignoreDesignChangesDuringRun is set to true
\o       ...successful.
\o compose simulator input file...
\o       ...successful.
\o [2026-04-16 00:49:49.439 +0700] [PROCESS] [cadence.virtuoso.ade.services.netlister] - Current memory used: 519.6680 MBytes, peak memory used: 519.6719 MBytes {"hostname": "dtvt_13", "processid": 30914, "testname": "gmIdwl_gmid2_1", "point": 139, "logfile": "/home/dtvt_13/duyDUT/logs_dtvt_13/logs0/Service29.log"}
\o [2026-04-16 00:49:49.439 +0700] [INFO] [cadence.virtuoso.ade.services.netlister] - Finished netlisting {"point": 139, "testname": "gmIdwl_gmid2_1"}
\o [2026-04-16 00:49:49.440 +0700] [EVENT] [cadence.virtuoso.ade.services.netlister] - NewPoint {"point": 140, "testname": "gmIdwl_gmid2_1", "event": "NewPoint", "EventSource": "Netlist Service", "HistoryName": "ExplorerRun.0", "logFile": "/home/dtvt_13/duyDUT/logs_dtvt_13/logs0/Service29.log", "logFileSize": "225436"}
\o [2026-04-16 00:49:49.440 +0700] [INFO] [cadence.virtuoso.ade.services.netlister] - Started netlisting {"point": 140, "testname": "gmIdwl_gmid2_1"}
\o Resetting statistical vars
\o 
\o *Info*    Setting parameter values ...
\o 
\o Setting var length = "7.05u"
\o 
\o *Info*    Netlist Directory =
\o           /home/dtvt_13/simulation/gmIdwl/gmid2/maestro/results/maestro/ExplorerRun.0/140/gmIdwl_gmid2_1/netlist
\o 
\o 
\o *Info*    Data Directory    =
\o           /home/dtvt_13/simulation/gmIdwl/gmid2/maestro/results/maestro/ExplorerRun.0/140/gmIdwl_gmid2_1
\o 
\o Reusing AHDL Data dir
\o generate netlist...
\o Ignoring netlist creation since ignoreDesignChangesDuringRun is set to true
\o       ...successful.
\o compose simulator input file...
\o       ...successful.
\o [2026-04-16 00:49:49.655 +0700] [PROCESS] [cadence.virtuoso.ade.services.netlister] - Current memory used: 519.6680 MBytes, peak memory used: 519.6719 MBytes {"hostname": "dtvt_13", "processid": 30914, "testname": "gmIdwl_gmid2_1", "point": 140, "logfile": "/home/dtvt_13/duyDUT/logs_dtvt_13/logs0/Service29.log"}
\o [2026-04-16 00:49:49.656 +0700] [INFO] [cadence.virtuoso.ade.services.netlister] - Finished netlisting {"point": 140, "testname": "gmIdwl_gmid2_1"}
\o [2026-04-16 00:49:49.656 +0700] [EVENT] [cadence.virtuoso.ade.services.netlister] - NewPoint {"point": 141, "testname": "gmIdwl_gmid2_1", "event": "NewPoint", "EventSource": "Netlist Service", "HistoryName": "ExplorerRun.0", "logFile": "/home/dtvt_13/duyDUT/logs_dtvt_13/logs0/Service29.log", "logFileSize": "227003"}
\o [2026-04-16 00:49:49.656 +0700] [INFO] [cadence.virtuoso.ade.services.netlister] - Started netlisting {"point": 141, "testname": "gmIdwl_gmid2_1"}
\o Resetting statistical vars
\o 
\o *Info*    Setting parameter values ...
\o 
\o Setting var length = "7.1u"
\o 
\o *Info*    Netlist Directory =
\o           /home/dtvt_13/simulation/gmIdwl/gmid2/maestro/results/maestro/ExplorerRun.0/141/gmIdwl_gmid2_1/netlist
\o 
\o 
\o *Info*    Data Directory    =
\o           /home/dtvt_13/simulation/gmIdwl/gmid2/maestro/results/maestro/ExplorerRun.0/141/gmIdwl_gmid2_1
\o 
\o Reusing AHDL Data dir
\o generate netlist...
\o Ignoring netlist creation since ignoreDesignChangesDuringRun is set to true
\o       ...successful.
\o compose simulator input file...
\o       ...successful.
\o [2026-04-16 00:49:49.825 +0700] [PROCESS] [cadence.virtuoso.ade.services.netlister] - Current memory used: 519.6680 MBytes, peak memory used: 519.6719 MBytes {"hostname": "dtvt_13", "processid": 30914, "testname": "gmIdwl_gmid2_1", "point": 141, "logfile": "/home/dtvt_13/duyDUT/logs_dtvt_13/logs0/Service29.log"}
\o [2026-04-16 00:49:49.825 +0700] [INFO] [cadence.virtuoso.ade.services.netlister] - Finished netlisting {"point": 141, "testname": "gmIdwl_gmid2_1"}
\o [2026-04-16 00:49:49.826 +0700] [EVENT] [cadence.virtuoso.ade.services.netlister] - NewPoint {"point": 142, "testname": "gmIdwl_gmid2_1", "event": "NewPoint", "EventSource": "Netlist Service", "HistoryName": "ExplorerRun.0", "logFile": "/home/dtvt_13/duyDUT/logs_dtvt_13/logs0/Service29.log", "logFileSize": "228569"}
\o [2026-04-16 00:49:49.826 +0700] [INFO] [cadence.virtuoso.ade.services.netlister] - Started netlisting {"point": 142, "testname": "gmIdwl_gmid2_1"}
\o Resetting statistical vars
\o 
\o *Info*    Setting parameter values ...
\o 
\o Setting var length = "7.15u"
\o 
\o *Info*    Netlist Directory =
\o           /home/dtvt_13/simulation/gmIdwl/gmid2/maestro/results/maestro/ExplorerRun.0/142/gmIdwl_gmid2_1/netlist
\o 
\o 
\o *Info*    Data Directory    =
\o           /home/dtvt_13/simulation/gmIdwl/gmid2/maestro/results/maestro/ExplorerRun.0/142/gmIdwl_gmid2_1
\o 
\o Reusing AHDL Data dir
\o generate netlist...
\o Ignoring netlist creation since ignoreDesignChangesDuringRun is set to true
\o       ...successful.
\o compose simulator input file...
\o       ...successful.
\o [2026-04-16 00:49:50.036 +0700] [PROCESS] [cadence.virtuoso.ade.services.netlister] - Current memory used: 519.6680 MBytes, peak memory used: 519.6719 MBytes {"hostname": "dtvt_13", "processid": 30914, "testname": "gmIdwl_gmid2_1", "point": 142, "logfile": "/home/dtvt_13/duyDUT/logs_dtvt_13/logs0/Service29.log"}
\o [2026-04-16 00:49:50.036 +0700] [INFO] [cadence.virtuoso.ade.services.netlister] - Finished netlisting {"point": 142, "testname": "gmIdwl_gmid2_1"}
\o [2026-04-16 00:49:50.037 +0700] [EVENT] [cadence.virtuoso.ade.services.netlister] - NewPoint {"point": 143, "testname": "gmIdwl_gmid2_1", "event": "NewPoint", "EventSource": "Netlist Service", "HistoryName": "ExplorerRun.0", "logFile": "/home/dtvt_13/duyDUT/logs_dtvt_13/logs0/Service29.log", "logFileSize": "230136"}
\o [2026-04-16 00:49:50.037 +0700] [INFO] [cadence.virtuoso.ade.services.netlister] - Started netlisting {"point": 143, "testname": "gmIdwl_gmid2_1"}
\o Resetting statistical vars
\o 
\o *Info*    Setting parameter values ...
\o 
\o Setting var length = "7.2u"
\o 
\o *Info*    Netlist Directory =
\o           /home/dtvt_13/simulation/gmIdwl/gmid2/maestro/results/maestro/ExplorerRun.0/143/gmIdwl_gmid2_1/netlist
\o 
\o 
\o *Info*    Data Directory    =
\o           /home/dtvt_13/simulation/gmIdwl/gmid2/maestro/results/maestro/ExplorerRun.0/143/gmIdwl_gmid2_1
\o 
\o Reusing AHDL Data dir
\o generate netlist...
\o Ignoring netlist creation since ignoreDesignChangesDuringRun is set to true
\o       ...successful.
\o compose simulator input file...
\o       ...successful.
\o [2026-04-16 00:49:50.268 +0700] [PROCESS] [cadence.virtuoso.ade.services.netlister] - Current memory used: 519.8438 MBytes, peak memory used: 519.8477 MBytes {"hostname": "dtvt_13", "processid": 30914, "testname": "gmIdwl_gmid2_1", "point": 143, "logfile": "/home/dtvt_13/duyDUT/logs_dtvt_13/logs0/Service29.log"}
\o [2026-04-16 00:49:50.268 +0700] [INFO] [cadence.virtuoso.ade.services.netlister] - Finished netlisting {"point": 143, "testname": "gmIdwl_gmid2_1"}
\o [2026-04-16 00:49:50.270 +0700] [EVENT] [cadence.virtuoso.ade.services.netlister] - NewPoint {"point": 144, "testname": "gmIdwl_gmid2_1", "event": "NewPoint", "EventSource": "Netlist Service", "HistoryName": "ExplorerRun.0", "logFile": "/home/dtvt_13/duyDUT/logs_dtvt_13/logs0/Service29.log", "logFileSize": "231702"}
\o [2026-04-16 00:49:50.270 +0700] [INFO] [cadence.virtuoso.ade.services.netlister] - Started netlisting {"point": 144, "testname": "gmIdwl_gmid2_1"}
\o Resetting statistical vars
\o 
\o *Info*    Setting parameter values ...
\o 
\o Setting var length = "7.25u"
\o 
\o *Info*    Netlist Directory =
\o           /home/dtvt_13/simulation/gmIdwl/gmid2/maestro/results/maestro/ExplorerRun.0/144/gmIdwl_gmid2_1/netlist
\o 
\o 
\o *Info*    Data Directory    =
\o           /home/dtvt_13/simulation/gmIdwl/gmid2/maestro/results/maestro/ExplorerRun.0/144/gmIdwl_gmid2_1
\o 
\o Reusing AHDL Data dir
\o generate netlist...
\o Ignoring netlist creation since ignoreDesignChangesDuringRun is set to true
\o       ...successful.
\o compose simulator input file...
\o       ...successful.
\o [2026-04-16 00:49:50.658 +0700] [PROCESS] [cadence.virtuoso.ade.services.netlister] - Current memory used: 519.8828 MBytes, peak memory used: 519.8867 MBytes {"hostname": "dtvt_13", "processid": 30914, "testname": "gmIdwl_gmid2_1", "point": 144, "logfile": "/home/dtvt_13/duyDUT/logs_dtvt_13/logs0/Service29.log"}
\o [2026-04-16 00:49:50.659 +0700] [INFO] [cadence.virtuoso.ade.services.netlister] - Finished netlisting {"point": 144, "testname": "gmIdwl_gmid2_1"}
\o [2026-04-16 00:49:50.661 +0700] [EVENT] [cadence.virtuoso.ade.services.netlister] - NewPoint {"point": 145, "testname": "gmIdwl_gmid2_1", "event": "NewPoint", "EventSource": "Netlist Service", "HistoryName": "ExplorerRun.0", "logFile": "/home/dtvt_13/duyDUT/logs_dtvt_13/logs0/Service29.log", "logFileSize": "233269"}
\o [2026-04-16 00:49:50.662 +0700] [INFO] [cadence.virtuoso.ade.services.netlister] - Started netlisting {"point": 145, "testname": "gmIdwl_gmid2_1"}
\o Resetting statistical vars
\o 
\o *Info*    Setting parameter values ...
\o 
\o Setting var length = "7.3u"
\o 
\o *Info*    Netlist Directory =
\o           /home/dtvt_13/simulation/gmIdwl/gmid2/maestro/results/maestro/ExplorerRun.0/145/gmIdwl_gmid2_1/netlist
\o 
\o 
\o *Info*    Data Directory    =
\o           /home/dtvt_13/simulation/gmIdwl/gmid2/maestro/results/maestro/ExplorerRun.0/145/gmIdwl_gmid2_1
\o 
\o Reusing AHDL Data dir
\o generate netlist...
\o Ignoring netlist creation since ignoreDesignChangesDuringRun is set to true
\o       ...successful.
\o compose simulator input file...
\o       ...successful.
\o [2026-04-16 00:49:50.894 +0700] [PROCESS] [cadence.virtuoso.ade.services.netlister] - Current memory used: 519.8828 MBytes, peak memory used: 519.8867 MBytes {"hostname": "dtvt_13", "processid": 30914, "testname": "gmIdwl_gmid2_1", "point": 145, "logfile": "/home/dtvt_13/duyDUT/logs_dtvt_13/logs0/Service29.log"}
\o [2026-04-16 00:49:50.894 +0700] [INFO] [cadence.virtuoso.ade.services.netlister] - Finished netlisting {"point": 145, "testname": "gmIdwl_gmid2_1"}
\o [2026-04-16 00:49:50.895 +0700] [EVENT] [cadence.virtuoso.ade.services.netlister] - NewPoint {"point": 146, "testname": "gmIdwl_gmid2_1", "event": "NewPoint", "EventSource": "Netlist Service", "HistoryName": "ExplorerRun.0", "logFile": "/home/dtvt_13/duyDUT/logs_dtvt_13/logs0/Service29.log", "logFileSize": "234835"}
\o [2026-04-16 00:49:50.895 +0700] [INFO] [cadence.virtuoso.ade.services.netlister] - Started netlisting {"point": 146, "testname": "gmIdwl_gmid2_1"}
\o Resetting statistical vars
\o 
\o *Info*    Setting parameter values ...
\o 
\o Setting var length = "7.35u"
\o 
\o *Info*    Netlist Directory =
\o           /home/dtvt_13/simulation/gmIdwl/gmid2/maestro/results/maestro/ExplorerRun.0/146/gmIdwl_gmid2_1/netlist
\o 
\o 
\o *Info*    Data Directory    =
\o           /home/dtvt_13/simulation/gmIdwl/gmid2/maestro/results/maestro/ExplorerRun.0/146/gmIdwl_gmid2_1
\o 
\o Reusing AHDL Data dir
\o generate netlist...
\o Ignoring netlist creation since ignoreDesignChangesDuringRun is set to true
\o       ...successful.
\o compose simulator input file...
\o       ...successful.
\o [2026-04-16 00:49:51.160 +0700] [PROCESS] [cadence.virtuoso.ade.services.netlister] - Current memory used: 519.8828 MBytes, peak memory used: 519.8867 MBytes {"hostname": "dtvt_13", "processid": 30914, "testname": "gmIdwl_gmid2_1", "point": 146, "logfile": "/home/dtvt_13/duyDUT/logs_dtvt_13/logs0/Service29.log"}
\o [2026-04-16 00:49:51.161 +0700] [INFO] [cadence.virtuoso.ade.services.netlister] - Finished netlisting {"point": 146, "testname": "gmIdwl_gmid2_1"}
\o [2026-04-16 00:49:51.163 +0700] [EVENT] [cadence.virtuoso.ade.services.netlister] - NewPoint {"point": 147, "testname": "gmIdwl_gmid2_1", "event": "NewPoint", "EventSource": "Netlist Service", "HistoryName": "ExplorerRun.0", "logFile": "/home/dtvt_13/duyDUT/logs_dtvt_13/logs0/Service29.log", "logFileSize": "236402"}
\o [2026-04-16 00:49:51.163 +0700] [INFO] [cadence.virtuoso.ade.services.netlister] - Started netlisting {"point": 147, "testname": "gmIdwl_gmid2_1"}
\o Resetting statistical vars
\o 
\o *Info*    Setting parameter values ...
\o 
\o Setting var length = "7.4u"
\o 
\o *Info*    Netlist Directory =
\o           /home/dtvt_13/simulation/gmIdwl/gmid2/maestro/results/maestro/ExplorerRun.0/147/gmIdwl_gmid2_1/netlist
\o 
\o 
\o *Info*    Data Directory    =
\o           /home/dtvt_13/simulation/gmIdwl/gmid2/maestro/results/maestro/ExplorerRun.0/147/gmIdwl_gmid2_1
\o 
\o Reusing AHDL Data dir
\o generate netlist...
\o Ignoring netlist creation since ignoreDesignChangesDuringRun is set to true
\o       ...successful.
\o compose simulator input file...
\o       ...successful.
\o [2026-04-16 00:49:51.509 +0700] [PROCESS] [cadence.virtuoso.ade.services.netlister] - Current memory used: 519.8828 MBytes, peak memory used: 519.8867 MBytes {"hostname": "dtvt_13", "processid": 30914, "testname": "gmIdwl_gmid2_1", "point": 147, "logfile": "/home/dtvt_13/duyDUT/logs_dtvt_13/logs0/Service29.log"}
\o [2026-04-16 00:49:51.510 +0700] [INFO] [cadence.virtuoso.ade.services.netlister] - Finished netlisting {"point": 147, "testname": "gmIdwl_gmid2_1"}
\o [2026-04-16 00:49:51.511 +0700] [EVENT] [cadence.virtuoso.ade.services.netlister] - NewPoint {"point": 148, "testname": "gmIdwl_gmid2_1", "event": "NewPoint", "EventSource": "Netlist Service", "HistoryName": "ExplorerRun.0", "logFile": "/home/dtvt_13/duyDUT/logs_dtvt_13/logs0/Service29.log", "logFileSize": "237968"}
\o [2026-04-16 00:49:51.511 +0700] [INFO] [cadence.virtuoso.ade.services.netlister] - Started netlisting {"point": 148, "testname": "gmIdwl_gmid2_1"}
\o Resetting statistical vars
\o 
\o *Info*    Setting parameter values ...
\o 
\o Setting var length = "7.45u"
\o 
\o *Info*    Netlist Directory =
\o           /home/dtvt_13/simulation/gmIdwl/gmid2/maestro/results/maestro/ExplorerRun.0/148/gmIdwl_gmid2_1/netlist
\o 
\o 
\o *Info*    Data Directory    =
\o           /home/dtvt_13/simulation/gmIdwl/gmid2/maestro/results/maestro/ExplorerRun.0/148/gmIdwl_gmid2_1
\o 
\o Reusing AHDL Data dir
\o generate netlist...
\o Ignoring netlist creation since ignoreDesignChangesDuringRun is set to true
\o       ...successful.
\o compose simulator input file...
\o       ...successful.
\o [2026-04-16 00:49:51.952 +0700] [PROCESS] [cadence.virtuoso.ade.services.netlister] - Current memory used: 519.8828 MBytes, peak memory used: 519.8867 MBytes {"hostname": "dtvt_13", "processid": 30914, "testname": "gmIdwl_gmid2_1", "point": 148, "logfile": "/home/dtvt_13/duyDUT/logs_dtvt_13/logs0/Service29.log"}
\o [2026-04-16 00:49:51.952 +0700] [INFO] [cadence.virtuoso.ade.services.netlister] - Finished netlisting {"point": 148, "testname": "gmIdwl_gmid2_1"}
\o [2026-04-16 00:49:51.955 +0700] [EVENT] [cadence.virtuoso.ade.services.netlister] - NewPoint {"point": 149, "testname": "gmIdwl_gmid2_1", "event": "NewPoint", "EventSource": "Netlist Service", "HistoryName": "ExplorerRun.0", "logFile": "/home/dtvt_13/duyDUT/logs_dtvt_13/logs0/Service29.log", "logFileSize": "239535"}
\o [2026-04-16 00:49:51.955 +0700] [INFO] [cadence.virtuoso.ade.services.netlister] - Started netlisting {"point": 149, "testname": "gmIdwl_gmid2_1"}
\o Resetting statistical vars
\o 
\o *Info*    Setting parameter values ...
\o 
\o Setting var length = "7.5u"
\o 
\o *Info*    Netlist Directory =
\o           /home/dtvt_13/simulation/gmIdwl/gmid2/maestro/results/maestro/ExplorerRun.0/149/gmIdwl_gmid2_1/netlist
\o 
\o 
\o *Info*    Data Directory    =
\o           /home/dtvt_13/simulation/gmIdwl/gmid2/maestro/results/maestro/ExplorerRun.0/149/gmIdwl_gmid2_1
\o 
\o Reusing AHDL Data dir
\o generate netlist...
\o Ignoring netlist creation since ignoreDesignChangesDuringRun is set to true
\o       ...successful.
\o compose simulator input file...
\o       ...successful.
\o [2026-04-16 00:49:52.432 +0700] [PROCESS] [cadence.virtuoso.ade.services.netlister] - Current memory used: 519.8828 MBytes, peak memory used: 519.8867 MBytes {"hostname": "dtvt_13", "processid": 30914, "testname": "gmIdwl_gmid2_1", "point": 149, "logfile": "/home/dtvt_13/duyDUT/logs_dtvt_13/logs0/Service29.log"}
\o [2026-04-16 00:49:52.433 +0700] [INFO] [cadence.virtuoso.ade.services.netlister] - Finished netlisting {"point": 149, "testname": "gmIdwl_gmid2_1"}
\o [2026-04-16 00:49:52.435 +0700] [EVENT] [cadence.virtuoso.ade.services.netlister] - NewPoint {"point": 150, "testname": "gmIdwl_gmid2_1", "event": "NewPoint", "EventSource": "Netlist Service", "HistoryName": "ExplorerRun.0", "logFile": "/home/dtvt_13/duyDUT/logs_dtvt_13/logs0/Service29.log", "logFileSize": "241101"}
\o [2026-04-16 00:49:52.435 +0700] [INFO] [cadence.virtuoso.ade.services.netlister] - Started netlisting {"point": 150, "testname": "gmIdwl_gmid2_1"}
\o Resetting statistical vars
\o 
\o *Info*    Setting parameter values ...
\o 
\o Setting var length = "7.55u"
\o 
\o *Info*    Netlist Directory =
\o           /home/dtvt_13/simulation/gmIdwl/gmid2/maestro/results/maestro/ExplorerRun.0/150/gmIdwl_gmid2_1/netlist
\o 
\o 
\o *Info*    Data Directory    =
\o           /home/dtvt_13/simulation/gmIdwl/gmid2/maestro/results/maestro/ExplorerRun.0/150/gmIdwl_gmid2_1
\o 
\o Reusing AHDL Data dir
\o generate netlist...
\o Ignoring netlist creation since ignoreDesignChangesDuringRun is set to true
\o       ...successful.
\o compose simulator input file...
\o       ...successful.
\o [2026-04-16 00:49:52.865 +0700] [PROCESS] [cadence.virtuoso.ade.services.netlister] - Current memory used: 519.8828 MBytes, peak memory used: 519.8867 MBytes {"hostname": "dtvt_13", "processid": 30914, "testname": "gmIdwl_gmid2_1", "point": 150, "logfile": "/home/dtvt_13/duyDUT/logs_dtvt_13/logs0/Service29.log"}
\o [2026-04-16 00:49:52.866 +0700] [INFO] [cadence.virtuoso.ade.services.netlister] - Finished netlisting {"point": 150, "testname": "gmIdwl_gmid2_1"}
\o [2026-04-16 00:49:52.867 +0700] [EVENT] [cadence.virtuoso.ade.services.netlister] - NewPoint {"point": 151, "testname": "gmIdwl_gmid2_1", "event": "NewPoint", "EventSource": "Netlist Service", "HistoryName": "ExplorerRun.0", "logFile": "/home/dtvt_13/duyDUT/logs_dtvt_13/logs0/Service29.log", "logFileSize": "242668"}
\o [2026-04-16 00:49:52.868 +0700] [INFO] [cadence.virtuoso.ade.services.netlister] - Started netlisting {"point": 151, "testname": "gmIdwl_gmid2_1"}
\o Resetting statistical vars
\o 
\o *Info*    Setting parameter values ...
\o 
\o Setting var length = "7.6u"
\o 
\o *Info*    Netlist Directory =
\o           /home/dtvt_13/simulation/gmIdwl/gmid2/maestro/results/maestro/ExplorerRun.0/151/gmIdwl_gmid2_1/netlist
\o 
\o 
\o *Info*    Data Directory    =
\o           /home/dtvt_13/simulation/gmIdwl/gmid2/maestro/results/maestro/ExplorerRun.0/151/gmIdwl_gmid2_1
\o 
\o Reusing AHDL Data dir
\o generate netlist...
\o Ignoring netlist creation since ignoreDesignChangesDuringRun is set to true
\o       ...successful.
\o compose simulator input file...
\o       ...successful.
\o [2026-04-16 00:49:53.279 +0700] [PROCESS] [cadence.virtuoso.ade.services.netlister] - Current memory used: 519.8828 MBytes, peak memory used: 519.8867 MBytes {"hostname": "dtvt_13", "processid": 30914, "testname": "gmIdwl_gmid2_1", "point": 151, "logfile": "/home/dtvt_13/duyDUT/logs_dtvt_13/logs0/Service29.log"}
\o [2026-04-16 00:49:53.280 +0700] [INFO] [cadence.virtuoso.ade.services.netlister] - Finished netlisting {"point": 151, "testname": "gmIdwl_gmid2_1"}
\o [2026-04-16 00:49:53.282 +0700] [EVENT] [cadence.virtuoso.ade.services.netlister] - NewPoint {"point": 152, "testname": "gmIdwl_gmid2_1", "event": "NewPoint", "EventSource": "Netlist Service", "HistoryName": "ExplorerRun.0", "logFile": "/home/dtvt_13/duyDUT/logs_dtvt_13/logs0/Service29.log", "logFileSize": "244234"}
\o [2026-04-16 00:49:53.282 +0700] [INFO] [cadence.virtuoso.ade.services.netlister] - Started netlisting {"point": 152, "testname": "gmIdwl_gmid2_1"}
\o Resetting statistical vars
\o 
\o *Info*    Setting parameter values ...
\o 
\o Setting var length = "7.65u"
\o 
\o *Info*    Netlist Directory =
\o           /home/dtvt_13/simulation/gmIdwl/gmid2/maestro/results/maestro/ExplorerRun.0/152/gmIdwl_gmid2_1/netlist
\o 
\o 
\o *Info*    Data Directory    =
\o           /home/dtvt_13/simulation/gmIdwl/gmid2/maestro/results/maestro/ExplorerRun.0/152/gmIdwl_gmid2_1
\o 
\o Reusing AHDL Data dir
\o generate netlist...
\o Ignoring netlist creation since ignoreDesignChangesDuringRun is set to true
\o       ...successful.
\o compose simulator input file...
\o       ...successful.
\o [2026-04-16 00:49:53.650 +0700] [PROCESS] [cadence.virtuoso.ade.services.netlister] - Current memory used: 519.8828 MBytes, peak memory used: 519.8867 MBytes {"hostname": "dtvt_13", "processid": 30914, "testname": "gmIdwl_gmid2_1", "point": 152, "logfile": "/home/dtvt_13/duyDUT/logs_dtvt_13/logs0/Service29.log"}
\o [2026-04-16 00:49:53.650 +0700] [INFO] [cadence.virtuoso.ade.services.netlister] - Finished netlisting {"point": 152, "testname": "gmIdwl_gmid2_1"}
\o [2026-04-16 00:49:53.653 +0700] [EVENT] [cadence.virtuoso.ade.services.netlister] - NewPoint {"point": 153, "testname": "gmIdwl_gmid2_1", "event": "NewPoint", "EventSource": "Netlist Service", "HistoryName": "ExplorerRun.0", "logFile": "/home/dtvt_13/duyDUT/logs_dtvt_13/logs0/Service29.log", "logFileSize": "245801"}
\o [2026-04-16 00:49:53.653 +0700] [INFO] [cadence.virtuoso.ade.services.netlister] - Started netlisting {"point": 153, "testname": "gmIdwl_gmid2_1"}
\o Resetting statistical vars
\o 
\o *Info*    Setting parameter values ...
\o 
\o Setting var length = "7.7u"
\o 
\o *Info*    Netlist Directory =
\o           /home/dtvt_13/simulation/gmIdwl/gmid2/maestro/results/maestro/ExplorerRun.0/153/gmIdwl_gmid2_1/netlist
\o 
\o 
\o *Info*    Data Directory    =
\o           /home/dtvt_13/simulation/gmIdwl/gmid2/maestro/results/maestro/ExplorerRun.0/153/gmIdwl_gmid2_1
\o 
\o Reusing AHDL Data dir
\o generate netlist...
\o Ignoring netlist creation since ignoreDesignChangesDuringRun is set to true
\o       ...successful.
\o compose simulator input file...
\o       ...successful.
\o [2026-04-16 00:49:54.003 +0700] [PROCESS] [cadence.virtuoso.ade.services.netlister] - Current memory used: 519.8828 MBytes, peak memory used: 519.8867 MBytes {"hostname": "dtvt_13", "processid": 30914, "testname": "gmIdwl_gmid2_1", "point": 153, "logfile": "/home/dtvt_13/duyDUT/logs_dtvt_13/logs0/Service29.log"}
\o [2026-04-16 00:49:54.004 +0700] [INFO] [cadence.virtuoso.ade.services.netlister] - Finished netlisting {"point": 153, "testname": "gmIdwl_gmid2_1"}
\o [2026-04-16 00:49:54.006 +0700] [EVENT] [cadence.virtuoso.ade.services.netlister] - NewPoint {"point": 154, "testname": "gmIdwl_gmid2_1", "event": "NewPoint", "EventSource": "Netlist Service", "HistoryName": "ExplorerRun.0", "logFile": "/home/dtvt_13/duyDUT/logs_dtvt_13/logs0/Service29.log", "logFileSize": "247367"}
\o [2026-04-16 00:49:54.006 +0700] [INFO] [cadence.virtuoso.ade.services.netlister] - Started netlisting {"point": 154, "testname": "gmIdwl_gmid2_1"}
\o Resetting statistical vars
\o 
\o *Info*    Setting parameter values ...
\o 
\o Setting var length = "7.75u"
\o 
\o *Info*    Netlist Directory =
\o           /home/dtvt_13/simulation/gmIdwl/gmid2/maestro/results/maestro/ExplorerRun.0/154/gmIdwl_gmid2_1/netlist
\o 
\o 
\o *Info*    Data Directory    =
\o           /home/dtvt_13/simulation/gmIdwl/gmid2/maestro/results/maestro/ExplorerRun.0/154/gmIdwl_gmid2_1
\o 
\o Reusing AHDL Data dir
\o generate netlist...
\o Ignoring netlist creation since ignoreDesignChangesDuringRun is set to true
\o       ...successful.
\o compose simulator input file...
\o       ...successful.
\o [2026-04-16 00:49:54.378 +0700] [PROCESS] [cadence.virtuoso.ade.services.netlister] - Current memory used: 519.8828 MBytes, peak memory used: 519.8867 MBytes {"hostname": "dtvt_13", "processid": 30914, "testname": "gmIdwl_gmid2_1", "point": 154, "logfile": "/home/dtvt_13/duyDUT/logs_dtvt_13/logs0/Service29.log"}
\o [2026-04-16 00:49:54.379 +0700] [INFO] [cadence.virtuoso.ade.services.netlister] - Finished netlisting {"point": 154, "testname": "gmIdwl_gmid2_1"}
\o [2026-04-16 00:49:54.381 +0700] [EVENT] [cadence.virtuoso.ade.services.netlister] - NewPoint {"point": 155, "testname": "gmIdwl_gmid2_1", "event": "NewPoint", "EventSource": "Netlist Service", "HistoryName": "ExplorerRun.0", "logFile": "/home/dtvt_13/duyDUT/logs_dtvt_13/logs0/Service29.log", "logFileSize": "248934"}
\o [2026-04-16 00:49:54.381 +0700] [INFO] [cadence.virtuoso.ade.services.netlister] - Started netlisting {"point": 155, "testname": "gmIdwl_gmid2_1"}
\o Resetting statistical vars
\o 
\o *Info*    Setting parameter values ...
\o 
\o Setting var length = "7.8u"
\o 
\o *Info*    Netlist Directory =
\o           /home/dtvt_13/simulation/gmIdwl/gmid2/maestro/results/maestro/ExplorerRun.0/155/gmIdwl_gmid2_1/netlist
\o 
\o 
\o *Info*    Data Directory    =
\o           /home/dtvt_13/simulation/gmIdwl/gmid2/maestro/results/maestro/ExplorerRun.0/155/gmIdwl_gmid2_1
\o 
\o Reusing AHDL Data dir
\o generate netlist...
\o Ignoring netlist creation since ignoreDesignChangesDuringRun is set to true
\o       ...successful.
\o compose simulator input file...
\o       ...successful.
\o [2026-04-16 00:49:54.778 +0700] [PROCESS] [cadence.virtuoso.ade.services.netlister] - Current memory used: 519.8828 MBytes, peak memory used: 519.8867 MBytes {"hostname": "dtvt_13", "processid": 30914, "testname": "gmIdwl_gmid2_1", "point": 155, "logfile": "/home/dtvt_13/duyDUT/logs_dtvt_13/logs0/Service29.log"}
\o [2026-04-16 00:49:54.779 +0700] [INFO] [cadence.virtuoso.ade.services.netlister] - Finished netlisting {"point": 155, "testname": "gmIdwl_gmid2_1"}
\o [2026-04-16 00:49:54.781 +0700] [EVENT] [cadence.virtuoso.ade.services.netlister] - NewPoint {"point": 156, "testname": "gmIdwl_gmid2_1", "event": "NewPoint", "EventSource": "Netlist Service", "HistoryName": "ExplorerRun.0", "logFile": "/home/dtvt_13/duyDUT/logs_dtvt_13/logs0/Service29.log", "logFileSize": "250500"}
\o [2026-04-16 00:49:54.782 +0700] [INFO] [cadence.virtuoso.ade.services.netlister] - Started netlisting {"point": 156, "testname": "gmIdwl_gmid2_1"}
\o Resetting statistical vars
\o 
\o *Info*    Setting parameter values ...
\o 
\o Setting var length = "7.85u"
\o 
\o *Info*    Netlist Directory =
\o           /home/dtvt_13/simulation/gmIdwl/gmid2/maestro/results/maestro/ExplorerRun.0/156/gmIdwl_gmid2_1/netlist
\o 
\o 
\o *Info*    Data Directory    =
\o           /home/dtvt_13/simulation/gmIdwl/gmid2/maestro/results/maestro/ExplorerRun.0/156/gmIdwl_gmid2_1
\o 
\o Reusing AHDL Data dir
\o generate netlist...
\o Ignoring netlist creation since ignoreDesignChangesDuringRun is set to true
\o       ...successful.
\o compose simulator input file...
\o       ...successful.
\o [2026-04-16 00:49:55.078 +0700] [PROCESS] [cadence.virtuoso.ade.services.netlister] - Current memory used: 519.8828 MBytes, peak memory used: 519.8867 MBytes {"hostname": "dtvt_13", "processid": 30914, "testname": "gmIdwl_gmid2_1", "point": 156, "logfile": "/home/dtvt_13/duyDUT/logs_dtvt_13/logs0/Service29.log"}
\o [2026-04-16 00:49:55.078 +0700] [INFO] [cadence.virtuoso.ade.services.netlister] - Finished netlisting {"point": 156, "testname": "gmIdwl_gmid2_1"}
\o [2026-04-16 00:49:55.080 +0700] [EVENT] [cadence.virtuoso.ade.services.netlister] - NewPoint {"point": 157, "testname": "gmIdwl_gmid2_1", "event": "NewPoint", "EventSource": "Netlist Service", "HistoryName": "ExplorerRun.0", "logFile": "/home/dtvt_13/duyDUT/logs_dtvt_13/logs0/Service29.log", "logFileSize": "252067"}
\o [2026-04-16 00:49:55.081 +0700] [INFO] [cadence.virtuoso.ade.services.netlister] - Started netlisting {"point": 157, "testname": "gmIdwl_gmid2_1"}
\o Resetting statistical vars
\o 
\o *Info*    Setting parameter values ...
\o 
\o Setting var length = "7.9u"
\o 
\o *Info*    Netlist Directory =
\o           /home/dtvt_13/simulation/gmIdwl/gmid2/maestro/results/maestro/ExplorerRun.0/157/gmIdwl_gmid2_1/netlist
\o 
\o 
\o *Info*    Data Directory    =
\o           /home/dtvt_13/simulation/gmIdwl/gmid2/maestro/results/maestro/ExplorerRun.0/157/gmIdwl_gmid2_1
\o 
\o Reusing AHDL Data dir
\o generate netlist...
\o Ignoring netlist creation since ignoreDesignChangesDuringRun is set to true
\o       ...successful.
\o compose simulator input file...
\o       ...successful.
\o [2026-04-16 00:49:55.457 +0700] [PROCESS] [cadence.virtuoso.ade.services.netlister] - Current memory used: 519.8828 MBytes, peak memory used: 519.8867 MBytes {"hostname": "dtvt_13", "processid": 30914, "testname": "gmIdwl_gmid2_1", "point": 157, "logfile": "/home/dtvt_13/duyDUT/logs_dtvt_13/logs0/Service29.log"}
\o [2026-04-16 00:49:55.457 +0700] [INFO] [cadence.virtuoso.ade.services.netlister] - Finished netlisting {"point": 157, "testname": "gmIdwl_gmid2_1"}
\o [2026-04-16 00:49:55.460 +0700] [EVENT] [cadence.virtuoso.ade.services.netlister] - NewPoint {"point": 158, "testname": "gmIdwl_gmid2_1", "event": "NewPoint", "EventSource": "Netlist Service", "HistoryName": "ExplorerRun.0", "logFile": "/home/dtvt_13/duyDUT/logs_dtvt_13/logs0/Service29.log", "logFileSize": "253633"}
\o [2026-04-16 00:49:55.460 +0700] [INFO] [cadence.virtuoso.ade.services.netlister] - Started netlisting {"point": 158, "testname": "gmIdwl_gmid2_1"}
\o Resetting statistical vars
\o 
\o *Info*    Setting parameter values ...
\o 
\o Setting var length = "7.95u"
\o 
\o *Info*    Netlist Directory =
\o           /home/dtvt_13/simulation/gmIdwl/gmid2/maestro/results/maestro/ExplorerRun.0/158/gmIdwl_gmid2_1/netlist
\o 
\o 
\o *Info*    Data Directory    =
\o           /home/dtvt_13/simulation/gmIdwl/gmid2/maestro/results/maestro/ExplorerRun.0/158/gmIdwl_gmid2_1
\o 
\o Reusing AHDL Data dir
\o generate netlist...
\o Ignoring netlist creation since ignoreDesignChangesDuringRun is set to true
\o       ...successful.
\o compose simulator input file...
\o       ...successful.
\o [2026-04-16 00:49:55.810 +0700] [PROCESS] [cadence.virtuoso.ade.services.netlister] - Current memory used: 519.8828 MBytes, peak memory used: 519.8867 MBytes {"hostname": "dtvt_13", "processid": 30914, "testname": "gmIdwl_gmid2_1", "point": 158, "logfile": "/home/dtvt_13/duyDUT/logs_dtvt_13/logs0/Service29.log"}
\o [2026-04-16 00:49:55.810 +0700] [INFO] [cadence.virtuoso.ade.services.netlister] - Finished netlisting {"point": 158, "testname": "gmIdwl_gmid2_1"}
\o [2026-04-16 00:49:55.811 +0700] [EVENT] [cadence.virtuoso.ade.services.netlister] - NewPoint {"point": 159, "testname": "gmIdwl_gmid2_1", "event": "NewPoint", "EventSource": "Netlist Service", "HistoryName": "ExplorerRun.0", "logFile": "/home/dtvt_13/duyDUT/logs_dtvt_13/logs0/Service29.log", "logFileSize": "255200"}
\o [2026-04-16 00:49:55.811 +0700] [INFO] [cadence.virtuoso.ade.services.netlister] - Started netlisting {"point": 159, "testname": "gmIdwl_gmid2_1"}
\o Resetting statistical vars
\o 
\o *Info*    Setting parameter values ...
\o 
\o Setting var length = "8u"
\o 
\o *Info*    Netlist Directory =
\o           /home/dtvt_13/simulation/gmIdwl/gmid2/maestro/results/maestro/ExplorerRun.0/159/gmIdwl_gmid2_1/netlist
\o 
\o 
\o *Info*    Data Directory    =
\o           /home/dtvt_13/simulation/gmIdwl/gmid2/maestro/results/maestro/ExplorerRun.0/159/gmIdwl_gmid2_1
\o 
\o Reusing AHDL Data dir
\o generate netlist...
\o Ignoring netlist creation since ignoreDesignChangesDuringRun is set to true
\o       ...successful.
\o compose simulator input file...
\o       ...successful.
\o [2026-04-16 00:49:56.106 +0700] [PROCESS] [cadence.virtuoso.ade.services.netlister] - Current memory used: 519.8828 MBytes, peak memory used: 519.8867 MBytes {"hostname": "dtvt_13", "processid": 30914, "testname": "gmIdwl_gmid2_1", "point": 159, "logfile": "/home/dtvt_13/duyDUT/logs_dtvt_13/logs0/Service29.log"}
\o [2026-04-16 00:49:56.107 +0700] [INFO] [cadence.virtuoso.ade.services.netlister] - Finished netlisting {"point": 159, "testname": "gmIdwl_gmid2_1"}
\o [2026-04-16 00:49:56.110 +0700] [EVENT] [cadence.virtuoso.ade.services.netlister] - NewPoint {"point": 160, "testname": "gmIdwl_gmid2_1", "event": "NewPoint", "EventSource": "Netlist Service", "HistoryName": "ExplorerRun.0", "logFile": "/home/dtvt_13/duyDUT/logs_dtvt_13/logs0/Service29.log", "logFileSize": "256764"}
\o [2026-04-16 00:49:56.110 +0700] [INFO] [cadence.virtuoso.ade.services.netlister] - Started netlisting {"point": 160, "testname": "gmIdwl_gmid2_1"}
\o Resetting statistical vars
\o 
\o *Info*    Setting parameter values ...
\o 
\o Setting var length = "8.05u"
\o 
\o *Info*    Netlist Directory =
\o           /home/dtvt_13/simulation/gmIdwl/gmid2/maestro/results/maestro/ExplorerRun.0/160/gmIdwl_gmid2_1/netlist
\o 
\o 
\o *Info*    Data Directory    =
\o           /home/dtvt_13/simulation/gmIdwl/gmid2/maestro/results/maestro/ExplorerRun.0/160/gmIdwl_gmid2_1
\o 
\o Reusing AHDL Data dir
\o generate netlist...
\o Ignoring netlist creation since ignoreDesignChangesDuringRun is set to true
\o       ...successful.
\o compose simulator input file...
\o       ...successful.
\o [2026-04-16 00:49:56.603 +0700] [PROCESS] [cadence.virtuoso.ade.services.netlister] - Current memory used: 519.9531 MBytes, peak memory used: 519.9570 MBytes {"hostname": "dtvt_13", "processid": 30914, "testname": "gmIdwl_gmid2_1", "point": 160, "logfile": "/home/dtvt_13/duyDUT/logs_dtvt_13/logs0/Service29.log"}
\o [2026-04-16 00:49:56.604 +0700] [INFO] [cadence.virtuoso.ade.services.netlister] - Finished netlisting {"point": 160, "testname": "gmIdwl_gmid2_1"}
\o [2026-04-16 00:49:56.606 +0700] [EVENT] [cadence.virtuoso.ade.services.netlister] - NewPoint {"point": 161, "testname": "gmIdwl_gmid2_1", "event": "NewPoint", "EventSource": "Netlist Service", "HistoryName": "ExplorerRun.0", "logFile": "/home/dtvt_13/duyDUT/logs_dtvt_13/logs0/Service29.log", "logFileSize": "258331"}
\o [2026-04-16 00:49:56.607 +0700] [INFO] [cadence.virtuoso.ade.services.netlister] - Started netlisting {"point": 161, "testname": "gmIdwl_gmid2_1"}
\o Resetting statistical vars
\o 
\o *Info*    Setting parameter values ...
\o 
\o Setting var length = "8.1u"
\o 
\o *Info*    Netlist Directory =
\o           /home/dtvt_13/simulation/gmIdwl/gmid2/maestro/results/maestro/ExplorerRun.0/161/gmIdwl_gmid2_1/netlist
\o 
\o 
\o *Info*    Data Directory    =
\o           /home/dtvt_13/simulation/gmIdwl/gmid2/maestro/results/maestro/ExplorerRun.0/161/gmIdwl_gmid2_1
\o 
\o Reusing AHDL Data dir
\o generate netlist...
\o Ignoring netlist creation since ignoreDesignChangesDuringRun is set to true
\o       ...successful.
\o compose simulator input file...
\o       ...successful.
\o [2026-04-16 00:49:57.113 +0700] [PROCESS] [cadence.virtuoso.ade.services.netlister] - Current memory used: 520.1914 MBytes, peak memory used: 520.1953 MBytes {"hostname": "dtvt_13", "processid": 30914, "testname": "gmIdwl_gmid2_1", "point": 161, "logfile": "/home/dtvt_13/duyDUT/logs_dtvt_13/logs0/Service29.log"}
\o [2026-04-16 00:49:57.114 +0700] [INFO] [cadence.virtuoso.ade.services.netlister] - Finished netlisting {"point": 161, "testname": "gmIdwl_gmid2_1"}
\o [2026-04-16 00:49:57.116 +0700] [EVENT] [cadence.virtuoso.ade.services.netlister] - NewPoint {"point": 162, "testname": "gmIdwl_gmid2_1", "event": "NewPoint", "EventSource": "Netlist Service", "HistoryName": "ExplorerRun.0", "logFile": "/home/dtvt_13/duyDUT/logs_dtvt_13/logs0/Service29.log", "logFileSize": "259897"}
\o [2026-04-16 00:49:57.117 +0700] [INFO] [cadence.virtuoso.ade.services.netlister] - Started netlisting {"point": 162, "testname": "gmIdwl_gmid2_1"}
\o Resetting statistical vars
\o 
\o *Info*    Setting parameter values ...
\o 
\o Setting var length = "8.15u"
\o 
\o *Info*    Netlist Directory =
\o           /home/dtvt_13/simulation/gmIdwl/gmid2/maestro/results/maestro/ExplorerRun.0/162/gmIdwl_gmid2_1/netlist
\o 
\o 
\o *Info*    Data Directory    =
\o           /home/dtvt_13/simulation/gmIdwl/gmid2/maestro/results/maestro/ExplorerRun.0/162/gmIdwl_gmid2_1
\o 
\o Reusing AHDL Data dir
\o generate netlist...
\o Ignoring netlist creation since ignoreDesignChangesDuringRun is set to true
\o       ...successful.
\o compose simulator input file...
\o       ...successful.
\o [2026-04-16 00:49:57.512 +0700] [PROCESS] [cadence.virtuoso.ade.services.netlister] - Current memory used: 520.1914 MBytes, peak memory used: 520.1953 MBytes {"hostname": "dtvt_13", "processid": 30914, "testname": "gmIdwl_gmid2_1", "point": 162, "logfile": "/home/dtvt_13/duyDUT/logs_dtvt_13/logs0/Service29.log"}
\o [2026-04-16 00:49:57.513 +0700] [INFO] [cadence.virtuoso.ade.services.netlister] - Finished netlisting {"point": 162, "testname": "gmIdwl_gmid2_1"}
\o [2026-04-16 00:49:57.513 +0700] [EVENT] [cadence.virtuoso.ade.services.netlister] - NewPoint {"point": 163, "testname": "gmIdwl_gmid2_1", "event": "NewPoint", "EventSource": "Netlist Service", "HistoryName": "ExplorerRun.0", "logFile": "/home/dtvt_13/duyDUT/logs_dtvt_13/logs0/Service29.log", "logFileSize": "261464"}
\o [2026-04-16 00:49:57.513 +0700] [INFO] [cadence.virtuoso.ade.services.netlister] - Started netlisting {"point": 163, "testname": "gmIdwl_gmid2_1"}
\o Resetting statistical vars
\o 
\o *Info*    Setting parameter values ...
\o 
\o Setting var length = "8.2u"
\o 
\o *Info*    Netlist Directory =
\o           /home/dtvt_13/simulation/gmIdwl/gmid2/maestro/results/maestro/ExplorerRun.0/163/gmIdwl_gmid2_1/netlist
\o 
\o 
\o *Info*    Data Directory    =
\o           /home/dtvt_13/simulation/gmIdwl/gmid2/maestro/results/maestro/ExplorerRun.0/163/gmIdwl_gmid2_1
\o 
\o Reusing AHDL Data dir
\o generate netlist...
\o Ignoring netlist creation since ignoreDesignChangesDuringRun is set to true
\o       ...successful.
\o compose simulator input file...
\o       ...successful.
\o [2026-04-16 00:49:57.785 +0700] [PROCESS] [cadence.virtuoso.ade.services.netlister] - Current memory used: 520.1914 MBytes, peak memory used: 520.1953 MBytes {"hostname": "dtvt_13", "processid": 30914, "testname": "gmIdwl_gmid2_1", "point": 163, "logfile": "/home/dtvt_13/duyDUT/logs_dtvt_13/logs0/Service29.log"}
\o [2026-04-16 00:49:57.786 +0700] [INFO] [cadence.virtuoso.ade.services.netlister] - Finished netlisting {"point": 163, "testname": "gmIdwl_gmid2_1"}
\o [2026-04-16 00:49:57.788 +0700] [EVENT] [cadence.virtuoso.ade.services.netlister] - NewPoint {"point": 164, "testname": "gmIdwl_gmid2_1", "event": "NewPoint", "EventSource": "Netlist Service", "HistoryName": "ExplorerRun.0", "logFile": "/home/dtvt_13/duyDUT/logs_dtvt_13/logs0/Service29.log", "logFileSize": "263030"}
\o [2026-04-16 00:49:57.788 +0700] [INFO] [cadence.virtuoso.ade.services.netlister] - Started netlisting {"point": 164, "testname": "gmIdwl_gmid2_1"}
\o Resetting statistical vars
\o 
\o *Info*    Setting parameter values ...
\o 
\o Setting var length = "8.25u"
\o 
\o *Info*    Netlist Directory =
\o           /home/dtvt_13/simulation/gmIdwl/gmid2/maestro/results/maestro/ExplorerRun.0/164/gmIdwl_gmid2_1/netlist
\o 
\o 
\o *Info*    Data Directory    =
\o           /home/dtvt_13/simulation/gmIdwl/gmid2/maestro/results/maestro/ExplorerRun.0/164/gmIdwl_gmid2_1
\o 
\o Reusing AHDL Data dir
\o generate netlist...
\o Ignoring netlist creation since ignoreDesignChangesDuringRun is set to true
\o       ...successful.
\o compose simulator input file...
\o       ...successful.
\o [2026-04-16 00:49:58.218 +0700] [PROCESS] [cadence.virtuoso.ade.services.netlister] - Current memory used: 520.1914 MBytes, peak memory used: 520.1953 MBytes {"hostname": "dtvt_13", "processid": 30914, "testname": "gmIdwl_gmid2_1", "point": 164, "logfile": "/home/dtvt_13/duyDUT/logs_dtvt_13/logs0/Service29.log"}
\o [2026-04-16 00:49:58.220 +0700] [INFO] [cadence.virtuoso.ade.services.netlister] - Finished netlisting {"point": 164, "testname": "gmIdwl_gmid2_1"}
\o [2026-04-16 00:49:58.223 +0700] [EVENT] [cadence.virtuoso.ade.services.netlister] - NewPoint {"point": 165, "testname": "gmIdwl_gmid2_1", "event": "NewPoint", "EventSource": "Netlist Service", "HistoryName": "ExplorerRun.0", "logFile": "/home/dtvt_13/duyDUT/logs_dtvt_13/logs0/Service29.log", "logFileSize": "264597"}
\o [2026-04-16 00:49:58.223 +0700] [INFO] [cadence.virtuoso.ade.services.netlister] - Started netlisting {"point": 165, "testname": "gmIdwl_gmid2_1"}
\o Resetting statistical vars
\o 
\o *Info*    Setting parameter values ...
\o 
\o Setting var length = "8.3u"
\o 
\o *Info*    Netlist Directory =
\o           /home/dtvt_13/simulation/gmIdwl/gmid2/maestro/results/maestro/ExplorerRun.0/165/gmIdwl_gmid2_1/netlist
\o 
\o 
\o *Info*    Data Directory    =
\o           /home/dtvt_13/simulation/gmIdwl/gmid2/maestro/results/maestro/ExplorerRun.0/165/gmIdwl_gmid2_1
\o 
\o Reusing AHDL Data dir
\o generate netlist...
\o Ignoring netlist creation since ignoreDesignChangesDuringRun is set to true
\o       ...successful.
\o compose simulator input file...
\o       ...successful.
\o [2026-04-16 00:49:58.629 +0700] [PROCESS] [cadence.virtuoso.ade.services.netlister] - Current memory used: 520.1914 MBytes, peak memory used: 520.1953 MBytes {"hostname": "dtvt_13", "processid": 30914, "testname": "gmIdwl_gmid2_1", "point": 165, "logfile": "/home/dtvt_13/duyDUT/logs_dtvt_13/logs0/Service29.log"}
\o [2026-04-16 00:49:58.630 +0700] [INFO] [cadence.virtuoso.ade.services.netlister] - Finished netlisting {"point": 165, "testname": "gmIdwl_gmid2_1"}
\o [2026-04-16 00:49:58.633 +0700] [EVENT] [cadence.virtuoso.ade.services.netlister] - NewPoint {"point": 166, "testname": "gmIdwl_gmid2_1", "event": "NewPoint", "EventSource": "Netlist Service", "HistoryName": "ExplorerRun.0", "logFile": "/home/dtvt_13/duyDUT/logs_dtvt_13/logs0/Service29.log", "logFileSize": "266163"}
\o [2026-04-16 00:49:58.633 +0700] [INFO] [cadence.virtuoso.ade.services.netlister] - Started netlisting {"point": 166, "testname": "gmIdwl_gmid2_1"}
\o Resetting statistical vars
\o 
\o *Info*    Setting parameter values ...
\o 
\o Setting var length = "8.35u"
\o 
\o *Info*    Netlist Directory =
\o           /home/dtvt_13/simulation/gmIdwl/gmid2/maestro/results/maestro/ExplorerRun.0/166/gmIdwl_gmid2_1/netlist
\o 
\o 
\o *Info*    Data Directory    =
\o           /home/dtvt_13/simulation/gmIdwl/gmid2/maestro/results/maestro/ExplorerRun.0/166/gmIdwl_gmid2_1
\o 
\o Reusing AHDL Data dir
\o generate netlist...
\o Ignoring netlist creation since ignoreDesignChangesDuringRun is set to true
\o       ...successful.
\o compose simulator input file...
\o       ...successful.
\o [2026-04-16 00:49:59.097 +0700] [PROCESS] [cadence.virtuoso.ade.services.netlister] - Current memory used: 520.1914 MBytes, peak memory used: 520.1953 MBytes {"hostname": "dtvt_13", "processid": 30914, "testname": "gmIdwl_gmid2_1", "point": 166, "logfile": "/home/dtvt_13/duyDUT/logs_dtvt_13/logs0/Service29.log"}
\o [2026-04-16 00:49:59.098 +0700] [INFO] [cadence.virtuoso.ade.services.netlister] - Finished netlisting {"point": 166, "testname": "gmIdwl_gmid2_1"}
\o [2026-04-16 00:49:59.100 +0700] [EVENT] [cadence.virtuoso.ade.services.netlister] - NewPoint {"point": 167, "testname": "gmIdwl_gmid2_1", "event": "NewPoint", "EventSource": "Netlist Service", "HistoryName": "ExplorerRun.0", "logFile": "/home/dtvt_13/duyDUT/logs_dtvt_13/logs0/Service29.log", "logFileSize": "267730"}
\o [2026-04-16 00:49:59.101 +0700] [INFO] [cadence.virtuoso.ade.services.netlister] - Started netlisting {"point": 167, "testname": "gmIdwl_gmid2_1"}
\o Resetting statistical vars
\o 
\o *Info*    Setting parameter values ...
\o 
\o Setting var length = "8.4u"
\o 
\o *Info*    Netlist Directory =
\o           /home/dtvt_13/simulation/gmIdwl/gmid2/maestro/results/maestro/ExplorerRun.0/167/gmIdwl_gmid2_1/netlist
\o 
\o 
\o *Info*    Data Directory    =
\o           /home/dtvt_13/simulation/gmIdwl/gmid2/maestro/results/maestro/ExplorerRun.0/167/gmIdwl_gmid2_1
\o 
\o Reusing AHDL Data dir
\o generate netlist...
\o Ignoring netlist creation since ignoreDesignChangesDuringRun is set to true
\o       ...successful.
\o compose simulator input file...
\o       ...successful.
\o [2026-04-16 00:49:59.640 +0700] [PROCESS] [cadence.virtuoso.ade.services.netlister] - Current memory used: 520.1914 MBytes, peak memory used: 520.1953 MBytes {"hostname": "dtvt_13", "processid": 30914, "testname": "gmIdwl_gmid2_1", "point": 167, "logfile": "/home/dtvt_13/duyDUT/logs_dtvt_13/logs0/Service29.log"}
\o [2026-04-16 00:49:59.641 +0700] [INFO] [cadence.virtuoso.ade.services.netlister] - Finished netlisting {"point": 167, "testname": "gmIdwl_gmid2_1"}
\o [2026-04-16 00:49:59.643 +0700] [EVENT] [cadence.virtuoso.ade.services.netlister] - NewPoint {"point": 168, "testname": "gmIdwl_gmid2_1", "event": "NewPoint", "EventSource": "Netlist Service", "HistoryName": "ExplorerRun.0", "logFile": "/home/dtvt_13/duyDUT/logs_dtvt_13/logs0/Service29.log", "logFileSize": "269296"}
\o [2026-04-16 00:49:59.643 +0700] [INFO] [cadence.virtuoso.ade.services.netlister] - Started netlisting {"point": 168, "testname": "gmIdwl_gmid2_1"}
\o Resetting statistical vars
\o 
\o *Info*    Setting parameter values ...
\o 
\o Setting var length = "8.45u"
\o 
\o *Info*    Netlist Directory =
\o           /home/dtvt_13/simulation/gmIdwl/gmid2/maestro/results/maestro/ExplorerRun.0/168/gmIdwl_gmid2_1/netlist
\o 
\o 
\o *Info*    Data Directory    =
\o           /home/dtvt_13/simulation/gmIdwl/gmid2/maestro/results/maestro/ExplorerRun.0/168/gmIdwl_gmid2_1
\o 
\o Reusing AHDL Data dir
\o generate netlist...
\o Ignoring netlist creation since ignoreDesignChangesDuringRun is set to true
\o       ...successful.
\o compose simulator input file...
\o       ...successful.
\o [2026-04-16 00:50:00.055 +0700] [PROCESS] [cadence.virtuoso.ade.services.netlister] - Current memory used: 520.1914 MBytes, peak memory used: 520.1953 MBytes {"hostname": "dtvt_13", "processid": 30914, "testname": "gmIdwl_gmid2_1", "point": 168, "logfile": "/home/dtvt_13/duyDUT/logs_dtvt_13/logs0/Service29.log"}
\o [2026-04-16 00:50:00.056 +0700] [INFO] [cadence.virtuoso.ade.services.netlister] - Finished netlisting {"point": 168, "testname": "gmIdwl_gmid2_1"}
\o [2026-04-16 00:50:00.059 +0700] [EVENT] [cadence.virtuoso.ade.services.netlister] - NewPoint {"point": 169, "testname": "gmIdwl_gmid2_1", "event": "NewPoint", "EventSource": "Netlist Service", "HistoryName": "ExplorerRun.0", "logFile": "/home/dtvt_13/duyDUT/logs_dtvt_13/logs0/Service29.log", "logFileSize": "270863"}
\o [2026-04-16 00:50:00.059 +0700] [INFO] [cadence.virtuoso.ade.services.netlister] - Started netlisting {"point": 169, "testname": "gmIdwl_gmid2_1"}
\o Resetting statistical vars
\o 
\o *Info*    Setting parameter values ...
\o 
\o Setting var length = "8.5u"
\o 
\o *Info*    Netlist Directory =
\o           /home/dtvt_13/simulation/gmIdwl/gmid2/maestro/results/maestro/ExplorerRun.0/169/gmIdwl_gmid2_1/netlist
\o 
\o 
\o *Info*    Data Directory    =
\o           /home/dtvt_13/simulation/gmIdwl/gmid2/maestro/results/maestro/ExplorerRun.0/169/gmIdwl_gmid2_1
\o 
\o Reusing AHDL Data dir
\o generate netlist...
\o Ignoring netlist creation since ignoreDesignChangesDuringRun is set to true
\o       ...successful.
\o compose simulator input file...
\o       ...successful.
\o [2026-04-16 00:50:00.443 +0700] [PROCESS] [cadence.virtuoso.ade.services.netlister] - Current memory used: 520.1914 MBytes, peak memory used: 520.1953 MBytes {"hostname": "dtvt_13", "processid": 30914, "testname": "gmIdwl_gmid2_1", "point": 169, "logfile": "/home/dtvt_13/duyDUT/logs_dtvt_13/logs0/Service29.log"}
\o [2026-04-16 00:50:00.444 +0700] [INFO] [cadence.virtuoso.ade.services.netlister] - Finished netlisting {"point": 169, "testname": "gmIdwl_gmid2_1"}
\o [2026-04-16 00:50:00.447 +0700] [EVENT] [cadence.virtuoso.ade.services.netlister] - NewPoint {"point": 170, "testname": "gmIdwl_gmid2_1", "event": "NewPoint", "EventSource": "Netlist Service", "HistoryName": "ExplorerRun.0", "logFile": "/home/dtvt_13/duyDUT/logs_dtvt_13/logs0/Service29.log", "logFileSize": "272429"}
\o [2026-04-16 00:50:00.447 +0700] [INFO] [cadence.virtuoso.ade.services.netlister] - Started netlisting {"point": 170, "testname": "gmIdwl_gmid2_1"}
\o Resetting statistical vars
\o 
\o *Info*    Setting parameter values ...
\o 
\o Setting var length = "8.55u"
\o 
\o *Info*    Netlist Directory =
\o           /home/dtvt_13/simulation/gmIdwl/gmid2/maestro/results/maestro/ExplorerRun.0/170/gmIdwl_gmid2_1/netlist
\o 
\o 
\o *Info*    Data Directory    =
\o           /home/dtvt_13/simulation/gmIdwl/gmid2/maestro/results/maestro/ExplorerRun.0/170/gmIdwl_gmid2_1
\o 
\o Reusing AHDL Data dir
\o generate netlist...
\o Ignoring netlist creation since ignoreDesignChangesDuringRun is set to true
\o       ...successful.
\o compose simulator input file...
\o       ...successful.
\o [2026-04-16 00:50:00.922 +0700] [PROCESS] [cadence.virtuoso.ade.services.netlister] - Current memory used: 520.1914 MBytes, peak memory used: 520.1953 MBytes {"hostname": "dtvt_13", "processid": 30914, "testname": "gmIdwl_gmid2_1", "point": 170, "logfile": "/home/dtvt_13/duyDUT/logs_dtvt_13/logs0/Service29.log"}
\o [2026-04-16 00:50:00.923 +0700] [INFO] [cadence.virtuoso.ade.services.netlister] - Finished netlisting {"point": 170, "testname": "gmIdwl_gmid2_1"}
\o [2026-04-16 00:50:00.923 +0700] [EVENT] [cadence.virtuoso.ade.services.netlister] - NewPoint {"point": 171, "testname": "gmIdwl_gmid2_1", "event": "NewPoint", "EventSource": "Netlist Service", "HistoryName": "ExplorerRun.0", "logFile": "/home/dtvt_13/duyDUT/logs_dtvt_13/logs0/Service29.log", "logFileSize": "273996"}
\o [2026-04-16 00:50:00.923 +0700] [INFO] [cadence.virtuoso.ade.services.netlister] - Started netlisting {"point": 171, "testname": "gmIdwl_gmid2_1"}
\o Resetting statistical vars
\o 
\o *Info*    Setting parameter values ...
\o 
\o Setting var length = "8.6u"
\o 
\o *Info*    Netlist Directory =
\o           /home/dtvt_13/simulation/gmIdwl/gmid2/maestro/results/maestro/ExplorerRun.0/171/gmIdwl_gmid2_1/netlist
\o 
\o 
\o *Info*    Data Directory    =
\o           /home/dtvt_13/simulation/gmIdwl/gmid2/maestro/results/maestro/ExplorerRun.0/171/gmIdwl_gmid2_1
\o 
\o Reusing AHDL Data dir
\o generate netlist...
\o Ignoring netlist creation since ignoreDesignChangesDuringRun is set to true
\o       ...successful.
\o compose simulator input file...
\o       ...successful.
\o [2026-04-16 00:50:01.113 +0700] [PROCESS] [cadence.virtuoso.ade.services.netlister] - Current memory used: 520.1914 MBytes, peak memory used: 520.1953 MBytes {"hostname": "dtvt_13", "processid": 30914, "testname": "gmIdwl_gmid2_1", "point": 171, "logfile": "/home/dtvt_13/duyDUT/logs_dtvt_13/logs0/Service29.log"}
\o [2026-04-16 00:50:01.114 +0700] [INFO] [cadence.virtuoso.ade.services.netlister] - Finished netlisting {"point": 171, "testname": "gmIdwl_gmid2_1"}
\o [2026-04-16 00:50:01.114 +0700] [EVENT] [cadence.virtuoso.ade.services.netlister] - NewPoint {"point": 172, "testname": "gmIdwl_gmid2_1", "event": "NewPoint", "EventSource": "Netlist Service", "HistoryName": "ExplorerRun.0", "logFile": "/home/dtvt_13/duyDUT/logs_dtvt_13/logs0/Service29.log", "logFileSize": "275562"}
\o [2026-04-16 00:50:01.114 +0700] [INFO] [cadence.virtuoso.ade.services.netlister] - Started netlisting {"point": 172, "testname": "gmIdwl_gmid2_1"}
\o Resetting statistical vars
\o 
\o *Info*    Setting parameter values ...
\o 
\o Setting var length = "8.65u"
\o 
\o *Info*    Netlist Directory =
\o           /home/dtvt_13/simulation/gmIdwl/gmid2/maestro/results/maestro/ExplorerRun.0/172/gmIdwl_gmid2_1/netlist
\o 
\o 
\o *Info*    Data Directory    =
\o           /home/dtvt_13/simulation/gmIdwl/gmid2/maestro/results/maestro/ExplorerRun.0/172/gmIdwl_gmid2_1
\o 
\o Reusing AHDL Data dir
\o generate netlist...
\o Ignoring netlist creation since ignoreDesignChangesDuringRun is set to true
\o       ...successful.
\o compose simulator input file...
\o       ...successful.
\o [2026-04-16 00:50:01.382 +0700] [PROCESS] [cadence.virtuoso.ade.services.netlister] - Current memory used: 520.1914 MBytes, peak memory used: 520.1953 MBytes {"hostname": "dtvt_13", "processid": 30914, "testname": "gmIdwl_gmid2_1", "point": 172, "logfile": "/home/dtvt_13/duyDUT/logs_dtvt_13/logs0/Service29.log"}
\o [2026-04-16 00:50:01.382 +0700] [INFO] [cadence.virtuoso.ade.services.netlister] - Finished netlisting {"point": 172, "testname": "gmIdwl_gmid2_1"}
\o [2026-04-16 00:50:01.384 +0700] [EVENT] [cadence.virtuoso.ade.services.netlister] - NewPoint {"point": 173, "testname": "gmIdwl_gmid2_1", "event": "NewPoint", "EventSource": "Netlist Service", "HistoryName": "ExplorerRun.0", "logFile": "/home/dtvt_13/duyDUT/logs_dtvt_13/logs0/Service29.log", "logFileSize": "277129"}
\o [2026-04-16 00:50:01.385 +0700] [INFO] [cadence.virtuoso.ade.services.netlister] - Started netlisting {"point": 173, "testname": "gmIdwl_gmid2_1"}
\o Resetting statistical vars
\o 
\o *Info*    Setting parameter values ...
\o 
\o Setting var length = "8.7u"
\o 
\o *Info*    Netlist Directory =
\o           /home/dtvt_13/simulation/gmIdwl/gmid2/maestro/results/maestro/ExplorerRun.0/173/gmIdwl_gmid2_1/netlist
\o 
\o 
\o *Info*    Data Directory    =
\o           /home/dtvt_13/simulation/gmIdwl/gmid2/maestro/results/maestro/ExplorerRun.0/173/gmIdwl_gmid2_1
\o 
\o Reusing AHDL Data dir
\o generate netlist...
\o Ignoring netlist creation since ignoreDesignChangesDuringRun is set to true
\o       ...successful.
\o compose simulator input file...
\o       ...successful.
\o [2026-04-16 00:50:01.756 +0700] [PROCESS] [cadence.virtuoso.ade.services.netlister] - Current memory used: 520.1914 MBytes, peak memory used: 520.1953 MBytes {"hostname": "dtvt_13", "processid": 30914, "testname": "gmIdwl_gmid2_1", "point": 173, "logfile": "/home/dtvt_13/duyDUT/logs_dtvt_13/logs0/Service29.log"}
\o [2026-04-16 00:50:01.756 +0700] [INFO] [cadence.virtuoso.ade.services.netlister] - Finished netlisting {"point": 173, "testname": "gmIdwl_gmid2_1"}
\o [2026-04-16 00:50:01.759 +0700] [EVENT] [cadence.virtuoso.ade.services.netlister] - NewPoint {"point": 174, "testname": "gmIdwl_gmid2_1", "event": "NewPoint", "EventSource": "Netlist Service", "HistoryName": "ExplorerRun.0", "logFile": "/home/dtvt_13/duyDUT/logs_dtvt_13/logs0/Service29.log", "logFileSize": "278695"}
\o [2026-04-16 00:50:01.759 +0700] [INFO] [cadence.virtuoso.ade.services.netlister] - Started netlisting {"point": 174, "testname": "gmIdwl_gmid2_1"}
\o Resetting statistical vars
\o 
\o *Info*    Setting parameter values ...
\o 
\o Setting var length = "8.75u"
\o 
\o *Info*    Netlist Directory =
\o           /home/dtvt_13/simulation/gmIdwl/gmid2/maestro/results/maestro/ExplorerRun.0/174/gmIdwl_gmid2_1/netlist
\o 
\o 
\o *Info*    Data Directory    =
\o           /home/dtvt_13/simulation/gmIdwl/gmid2/maestro/results/maestro/ExplorerRun.0/174/gmIdwl_gmid2_1
\o 
\o Reusing AHDL Data dir
\o generate netlist...
\o Ignoring netlist creation since ignoreDesignChangesDuringRun is set to true
\o       ...successful.
\o compose simulator input file...
\o       ...successful.
\o [2026-04-16 00:50:02.080 +0700] [PROCESS] [cadence.virtuoso.ade.services.netlister] - Current memory used: 520.1914 MBytes, peak memory used: 520.1953 MBytes {"hostname": "dtvt_13", "processid": 30914, "testname": "gmIdwl_gmid2_1", "point": 174, "logfile": "/home/dtvt_13/duyDUT/logs_dtvt_13/logs0/Service29.log"}
\o [2026-04-16 00:50:02.081 +0700] [INFO] [cadence.virtuoso.ade.services.netlister] - Finished netlisting {"point": 174, "testname": "gmIdwl_gmid2_1"}
\o [2026-04-16 00:50:02.083 +0700] [EVENT] [cadence.virtuoso.ade.services.netlister] - NewPoint {"point": 175, "testname": "gmIdwl_gmid2_1", "event": "NewPoint", "EventSource": "Netlist Service", "HistoryName": "ExplorerRun.0", "logFile": "/home/dtvt_13/duyDUT/logs_dtvt_13/logs0/Service29.log", "logFileSize": "280262"}
\o [2026-04-16 00:50:02.083 +0700] [INFO] [cadence.virtuoso.ade.services.netlister] - Started netlisting {"point": 175, "testname": "gmIdwl_gmid2_1"}
\o Resetting statistical vars
\o 
\o *Info*    Setting parameter values ...
\o 
\o Setting var length = "8.8u"
\o 
\o *Info*    Netlist Directory =
\o           /home/dtvt_13/simulation/gmIdwl/gmid2/maestro/results/maestro/ExplorerRun.0/175/gmIdwl_gmid2_1/netlist
\o 
\o 
\o *Info*    Data Directory    =
\o           /home/dtvt_13/simulation/gmIdwl/gmid2/maestro/results/maestro/ExplorerRun.0/175/gmIdwl_gmid2_1
\o 
\o Reusing AHDL Data dir
\o generate netlist...
\o Ignoring netlist creation since ignoreDesignChangesDuringRun is set to true
\o       ...successful.
\o compose simulator input file...
\o       ...successful.
\o [2026-04-16 00:50:02.372 +0700] [PROCESS] [cadence.virtuoso.ade.services.netlister] - Current memory used: 520.1914 MBytes, peak memory used: 520.1953 MBytes {"hostname": "dtvt_13", "processid": 30914, "testname": "gmIdwl_gmid2_1", "point": 175, "logfile": "/home/dtvt_13/duyDUT/logs_dtvt_13/logs0/Service29.log"}
\o [2026-04-16 00:50:02.373 +0700] [INFO] [cadence.virtuoso.ade.services.netlister] - Finished netlisting {"point": 175, "testname": "gmIdwl_gmid2_1"}
\o [2026-04-16 00:50:02.375 +0700] [EVENT] [cadence.virtuoso.ade.services.netlister] - NewPoint {"point": 176, "testname": "gmIdwl_gmid2_1", "event": "NewPoint", "EventSource": "Netlist Service", "HistoryName": "ExplorerRun.0", "logFile": "/home/dtvt_13/duyDUT/logs_dtvt_13/logs0/Service29.log", "logFileSize": "281828"}
\o [2026-04-16 00:50:02.376 +0700] [INFO] [cadence.virtuoso.ade.services.netlister] - Started netlisting {"point": 176, "testname": "gmIdwl_gmid2_1"}
\o Resetting statistical vars
\o 
\o *Info*    Setting parameter values ...
\o 
\o Setting var length = "8.85u"
\o 
\o *Info*    Netlist Directory =
\o           /home/dtvt_13/simulation/gmIdwl/gmid2/maestro/results/maestro/ExplorerRun.0/176/gmIdwl_gmid2_1/netlist
\o 
\o 
\o *Info*    Data Directory    =
\o           /home/dtvt_13/simulation/gmIdwl/gmid2/maestro/results/maestro/ExplorerRun.0/176/gmIdwl_gmid2_1
\o 
\o Reusing AHDL Data dir
\o generate netlist...
\o Ignoring netlist creation since ignoreDesignChangesDuringRun is set to true
\o       ...successful.
\o compose simulator input file...
\o       ...successful.
\o [2026-04-16 00:50:02.685 +0700] [PROCESS] [cadence.virtuoso.ade.services.netlister] - Current memory used: 520.1914 MBytes, peak memory used: 520.1953 MBytes {"hostname": "dtvt_13", "processid": 30914, "testname": "gmIdwl_gmid2_1", "point": 176, "logfile": "/home/dtvt_13/duyDUT/logs_dtvt_13/logs0/Service29.log"}
\o [2026-04-16 00:50:02.686 +0700] [INFO] [cadence.virtuoso.ade.services.netlister] - Finished netlisting {"point": 176, "testname": "gmIdwl_gmid2_1"}
\o [2026-04-16 00:50:02.688 +0700] [EVENT] [cadence.virtuoso.ade.services.netlister] - NewPoint {"point": 177, "testname": "gmIdwl_gmid2_1", "event": "NewPoint", "EventSource": "Netlist Service", "HistoryName": "ExplorerRun.0", "logFile": "/home/dtvt_13/duyDUT/logs_dtvt_13/logs0/Service29.log", "logFileSize": "283395"}
\o [2026-04-16 00:50:02.688 +0700] [INFO] [cadence.virtuoso.ade.services.netlister] - Started netlisting {"point": 177, "testname": "gmIdwl_gmid2_1"}
\o Resetting statistical vars
\o 
\o *Info*    Setting parameter values ...
\o 
\o Setting var length = "8.9u"
\o 
\o *Info*    Netlist Directory =
\o           /home/dtvt_13/simulation/gmIdwl/gmid2/maestro/results/maestro/ExplorerRun.0/177/gmIdwl_gmid2_1/netlist
\o 
\o 
\o *Info*    Data Directory    =
\o           /home/dtvt_13/simulation/gmIdwl/gmid2/maestro/results/maestro/ExplorerRun.0/177/gmIdwl_gmid2_1
\o 
\o Reusing AHDL Data dir
\o generate netlist...
\o Ignoring netlist creation since ignoreDesignChangesDuringRun is set to true
\o       ...successful.
\o compose simulator input file...
\o       ...successful.
\o [2026-04-16 00:50:03.000 +0700] [PROCESS] [cadence.virtuoso.ade.services.netlister] - Current memory used: 520.1914 MBytes, peak memory used: 520.1953 MBytes {"hostname": "dtvt_13", "processid": 30914, "testname": "gmIdwl_gmid2_1", "point": 177, "logfile": "/home/dtvt_13/duyDUT/logs_dtvt_13/logs0/Service29.log"}
\o [2026-04-16 00:50:03.001 +0700] [INFO] [cadence.virtuoso.ade.services.netlister] - Finished netlisting {"point": 177, "testname": "gmIdwl_gmid2_1"}
\o [2026-04-16 00:50:03.003 +0700] [EVENT] [cadence.virtuoso.ade.services.netlister] - NewPoint {"point": 178, "testname": "gmIdwl_gmid2_1", "event": "NewPoint", "EventSource": "Netlist Service", "HistoryName": "ExplorerRun.0", "logFile": "/home/dtvt_13/duyDUT/logs_dtvt_13/logs0/Service29.log", "logFileSize": "284961"}
\o [2026-04-16 00:50:03.003 +0700] [INFO] [cadence.virtuoso.ade.services.netlister] - Started netlisting {"point": 178, "testname": "gmIdwl_gmid2_1"}
\o Resetting statistical vars
\o 
\o *Info*    Setting parameter values ...
\o 
\o Setting var length = "8.95u"
\o 
\o *Info*    Netlist Directory =
\o           /home/dtvt_13/simulation/gmIdwl/gmid2/maestro/results/maestro/ExplorerRun.0/178/gmIdwl_gmid2_1/netlist
\o 
\o 
\o *Info*    Data Directory    =
\o           /home/dtvt_13/simulation/gmIdwl/gmid2/maestro/results/maestro/ExplorerRun.0/178/gmIdwl_gmid2_1
\o 
\o Reusing AHDL Data dir
\o generate netlist...
\o Ignoring netlist creation since ignoreDesignChangesDuringRun is set to true
\o       ...successful.
\o compose simulator input file...
\o       ...successful.
\o [2026-04-16 00:50:03.364 +0700] [PROCESS] [cadence.virtuoso.ade.services.netlister] - Current memory used: 520.2539 MBytes, peak memory used: 520.2578 MBytes {"hostname": "dtvt_13", "processid": 30914, "testname": "gmIdwl_gmid2_1", "point": 178, "logfile": "/home/dtvt_13/duyDUT/logs_dtvt_13/logs0/Service29.log"}
\o [2026-04-16 00:50:03.364 +0700] [INFO] [cadence.virtuoso.ade.services.netlister] - Finished netlisting {"point": 178, "testname": "gmIdwl_gmid2_1"}
\o [2026-04-16 00:50:03.366 +0700] [EVENT] [cadence.virtuoso.ade.services.netlister] - NewPoint {"point": 179, "testname": "gmIdwl_gmid2_1", "event": "NewPoint", "EventSource": "Netlist Service", "HistoryName": "ExplorerRun.0", "logFile": "/home/dtvt_13/duyDUT/logs_dtvt_13/logs0/Service29.log", "logFileSize": "286528"}
\o [2026-04-16 00:50:03.367 +0700] [INFO] [cadence.virtuoso.ade.services.netlister] - Started netlisting {"point": 179, "testname": "gmIdwl_gmid2_1"}
\o Resetting statistical vars
\o 
\o *Info*    Setting parameter values ...
\o 
\o Setting var length = "9u"
\o 
\o *Info*    Netlist Directory =
\o           /home/dtvt_13/simulation/gmIdwl/gmid2/maestro/results/maestro/ExplorerRun.0/179/gmIdwl_gmid2_1/netlist
\o 
\o 
\o *Info*    Data Directory    =
\o           /home/dtvt_13/simulation/gmIdwl/gmid2/maestro/results/maestro/ExplorerRun.0/179/gmIdwl_gmid2_1
\o 
\o Reusing AHDL Data dir
\o generate netlist...
\o Ignoring netlist creation since ignoreDesignChangesDuringRun is set to true
\o       ...successful.
\o compose simulator input file...
\o       ...successful.
\o [2026-04-16 00:50:03.671 +0700] [PROCESS] [cadence.virtuoso.ade.services.netlister] - Current memory used: 520.2539 MBytes, peak memory used: 520.2578 MBytes {"hostname": "dtvt_13", "processid": 30914, "testname": "gmIdwl_gmid2_1", "point": 179, "logfile": "/home/dtvt_13/duyDUT/logs_dtvt_13/logs0/Service29.log"}
\o [2026-04-16 00:50:03.672 +0700] [INFO] [cadence.virtuoso.ade.services.netlister] - Finished netlisting {"point": 179, "testname": "gmIdwl_gmid2_1"}
\o [2026-04-16 00:50:03.674 +0700] [EVENT] [cadence.virtuoso.ade.services.netlister] - NewPoint {"point": 180, "testname": "gmIdwl_gmid2_1", "event": "NewPoint", "EventSource": "Netlist Service", "HistoryName": "ExplorerRun.0", "logFile": "/home/dtvt_13/duyDUT/logs_dtvt_13/logs0/Service29.log", "logFileSize": "288092"}
\o [2026-04-16 00:50:03.674 +0700] [INFO] [cadence.virtuoso.ade.services.netlister] - Started netlisting {"point": 180, "testname": "gmIdwl_gmid2_1"}
\o Resetting statistical vars
\o 
\o *Info*    Setting parameter values ...
\o 
\o Setting var length = "9.05u"
\o 
\o *Info*    Netlist Directory =
\o           /home/dtvt_13/simulation/gmIdwl/gmid2/maestro/results/maestro/ExplorerRun.0/180/gmIdwl_gmid2_1/netlist
\o 
\o 
\o *Info*    Data Directory    =
\o           /home/dtvt_13/simulation/gmIdwl/gmid2/maestro/results/maestro/ExplorerRun.0/180/gmIdwl_gmid2_1
\o 
\o Reusing AHDL Data dir
\o generate netlist...
\o Ignoring netlist creation since ignoreDesignChangesDuringRun is set to true
\o       ...successful.
\o compose simulator input file...
\o       ...successful.
\o [2026-04-16 00:50:03.981 +0700] [PROCESS] [cadence.virtuoso.ade.services.netlister] - Current memory used: 520.2539 MBytes, peak memory used: 520.2578 MBytes {"hostname": "dtvt_13", "processid": 30914, "testname": "gmIdwl_gmid2_1", "point": 180, "logfile": "/home/dtvt_13/duyDUT/logs_dtvt_13/logs0/Service29.log"}
\o [2026-04-16 00:50:03.982 +0700] [INFO] [cadence.virtuoso.ade.services.netlister] - Finished netlisting {"point": 180, "testname": "gmIdwl_gmid2_1"}
\o [2026-04-16 00:50:03.984 +0700] [EVENT] [cadence.virtuoso.ade.services.netlister] - NewPoint {"point": 181, "testname": "gmIdwl_gmid2_1", "event": "NewPoint", "EventSource": "Netlist Service", "HistoryName": "ExplorerRun.0", "logFile": "/home/dtvt_13/duyDUT/logs_dtvt_13/logs0/Service29.log", "logFileSize": "289659"}
\o [2026-04-16 00:50:03.984 +0700] [INFO] [cadence.virtuoso.ade.services.netlister] - Started netlisting {"point": 181, "testname": "gmIdwl_gmid2_1"}
\o Resetting statistical vars
\o 
\o *Info*    Setting parameter values ...
\o 
\o Setting var length = "9.1u"
\o 
\o *Info*    Netlist Directory =
\o           /home/dtvt_13/simulation/gmIdwl/gmid2/maestro/results/maestro/ExplorerRun.0/181/gmIdwl_gmid2_1/netlist
\o 
\o 
\o *Info*    Data Directory    =
\o           /home/dtvt_13/simulation/gmIdwl/gmid2/maestro/results/maestro/ExplorerRun.0/181/gmIdwl_gmid2_1
\o 
\o Reusing AHDL Data dir
\o generate netlist...
\o Ignoring netlist creation since ignoreDesignChangesDuringRun is set to true
\o       ...successful.
\o compose simulator input file...
\o       ...successful.
\o [2026-04-16 00:50:04.309 +0700] [PROCESS] [cadence.virtuoso.ade.services.netlister] - Current memory used: 520.2539 MBytes, peak memory used: 520.2578 MBytes {"hostname": "dtvt_13", "processid": 30914, "testname": "gmIdwl_gmid2_1", "point": 181, "logfile": "/home/dtvt_13/duyDUT/logs_dtvt_13/logs0/Service29.log"}
\o [2026-04-16 00:50:04.310 +0700] [INFO] [cadence.virtuoso.ade.services.netlister] - Finished netlisting {"point": 181, "testname": "gmIdwl_gmid2_1"}
\o [2026-04-16 00:50:04.312 +0700] [EVENT] [cadence.virtuoso.ade.services.netlister] - NewPoint {"point": 182, "testname": "gmIdwl_gmid2_1", "event": "NewPoint", "EventSource": "Netlist Service", "HistoryName": "ExplorerRun.0", "logFile": "/home/dtvt_13/duyDUT/logs_dtvt_13/logs0/Service29.log", "logFileSize": "291225"}
\o [2026-04-16 00:50:04.312 +0700] [INFO] [cadence.virtuoso.ade.services.netlister] - Started netlisting {"point": 182, "testname": "gmIdwl_gmid2_1"}
\o Resetting statistical vars
\o 
\o *Info*    Setting parameter values ...
\o 
\o Setting var length = "9.15u"
\o 
\o *Info*    Netlist Directory =
\o           /home/dtvt_13/simulation/gmIdwl/gmid2/maestro/results/maestro/ExplorerRun.0/182/gmIdwl_gmid2_1/netlist
\o 
\o 
\o *Info*    Data Directory    =
\o           /home/dtvt_13/simulation/gmIdwl/gmid2/maestro/results/maestro/ExplorerRun.0/182/gmIdwl_gmid2_1
\o 
\o Reusing AHDL Data dir
\o generate netlist...
\o Ignoring netlist creation since ignoreDesignChangesDuringRun is set to true
\o       ...successful.
\o compose simulator input file...
\o       ...successful.
\o [2026-04-16 00:50:04.624 +0700] [PROCESS] [cadence.virtuoso.ade.services.netlister] - Current memory used: 520.2539 MBytes, peak memory used: 520.2578 MBytes {"hostname": "dtvt_13", "processid": 30914, "testname": "gmIdwl_gmid2_1", "point": 182, "logfile": "/home/dtvt_13/duyDUT/logs_dtvt_13/logs0/Service29.log"}
\o [2026-04-16 00:50:04.625 +0700] [INFO] [cadence.virtuoso.ade.services.netlister] - Finished netlisting {"point": 182, "testname": "gmIdwl_gmid2_1"}
\o [2026-04-16 00:50:04.627 +0700] [EVENT] [cadence.virtuoso.ade.services.netlister] - NewPoint {"point": 183, "testname": "gmIdwl_gmid2_1", "event": "NewPoint", "EventSource": "Netlist Service", "HistoryName": "ExplorerRun.0", "logFile": "/home/dtvt_13/duyDUT/logs_dtvt_13/logs0/Service29.log", "logFileSize": "292792"}
\o [2026-04-16 00:50:04.627 +0700] [INFO] [cadence.virtuoso.ade.services.netlister] - Started netlisting {"point": 183, "testname": "gmIdwl_gmid2_1"}
\o Resetting statistical vars
\o 
\o *Info*    Setting parameter values ...
\o 
\o Setting var length = "9.2u"
\o 
\o *Info*    Netlist Directory =
\o           /home/dtvt_13/simulation/gmIdwl/gmid2/maestro/results/maestro/ExplorerRun.0/183/gmIdwl_gmid2_1/netlist
\o 
\o 
\o *Info*    Data Directory    =
\o           /home/dtvt_13/simulation/gmIdwl/gmid2/maestro/results/maestro/ExplorerRun.0/183/gmIdwl_gmid2_1
\o 
\o Reusing AHDL Data dir
\o generate netlist...
\o Ignoring netlist creation since ignoreDesignChangesDuringRun is set to true
\o       ...successful.
\o compose simulator input file...
\o       ...successful.
\o [2026-04-16 00:50:04.950 +0700] [PROCESS] [cadence.virtuoso.ade.services.netlister] - Current memory used: 520.2539 MBytes, peak memory used: 520.2578 MBytes {"hostname": "dtvt_13", "processid": 30914, "testname": "gmIdwl_gmid2_1", "point": 183, "logfile": "/home/dtvt_13/duyDUT/logs_dtvt_13/logs0/Service29.log"}
\o [2026-04-16 00:50:04.951 +0700] [INFO] [cadence.virtuoso.ade.services.netlister] - Finished netlisting {"point": 183, "testname": "gmIdwl_gmid2_1"}
\o [2026-04-16 00:50:04.953 +0700] [EVENT] [cadence.virtuoso.ade.services.netlister] - NewPoint {"point": 184, "testname": "gmIdwl_gmid2_1", "event": "NewPoint", "EventSource": "Netlist Service", "HistoryName": "ExplorerRun.0", "logFile": "/home/dtvt_13/duyDUT/logs_dtvt_13/logs0/Service29.log", "logFileSize": "294358"}
\o [2026-04-16 00:50:04.953 +0700] [INFO] [cadence.virtuoso.ade.services.netlister] - Started netlisting {"point": 184, "testname": "gmIdwl_gmid2_1"}
\o Resetting statistical vars
\o 
\o *Info*    Setting parameter values ...
\o 
\o Setting var length = "9.25u"
\o 
\o *Info*    Netlist Directory =
\o           /home/dtvt_13/simulation/gmIdwl/gmid2/maestro/results/maestro/ExplorerRun.0/184/gmIdwl_gmid2_1/netlist
\o 
\o 
\o *Info*    Data Directory    =
\o           /home/dtvt_13/simulation/gmIdwl/gmid2/maestro/results/maestro/ExplorerRun.0/184/gmIdwl_gmid2_1
\o 
\o Reusing AHDL Data dir
\o generate netlist...
\o Ignoring netlist creation since ignoreDesignChangesDuringRun is set to true
\o       ...successful.
\o compose simulator input file...
\o       ...successful.
\o [2026-04-16 00:50:05.275 +0700] [PROCESS] [cadence.virtuoso.ade.services.netlister] - Current memory used: 520.2539 MBytes, peak memory used: 520.2578 MBytes {"hostname": "dtvt_13", "processid": 30914, "testname": "gmIdwl_gmid2_1", "point": 184, "logfile": "/home/dtvt_13/duyDUT/logs_dtvt_13/logs0/Service29.log"}
\o [2026-04-16 00:50:05.276 +0700] [INFO] [cadence.virtuoso.ade.services.netlister] - Finished netlisting {"point": 184, "testname": "gmIdwl_gmid2_1"}
\o [2026-04-16 00:50:05.278 +0700] [EVENT] [cadence.virtuoso.ade.services.netlister] - NewPoint {"point": 185, "testname": "gmIdwl_gmid2_1", "event": "NewPoint", "EventSource": "Netlist Service", "HistoryName": "ExplorerRun.0", "logFile": "/home/dtvt_13/duyDUT/logs_dtvt_13/logs0/Service29.log", "logFileSize": "295925"}
\o [2026-04-16 00:50:05.278 +0700] [INFO] [cadence.virtuoso.ade.services.netlister] - Started netlisting {"point": 185, "testname": "gmIdwl_gmid2_1"}
\o Resetting statistical vars
\o 
\o *Info*    Setting parameter values ...
\o 
\o Setting var length = "9.3u"
\o 
\o *Info*    Netlist Directory =
\o           /home/dtvt_13/simulation/gmIdwl/gmid2/maestro/results/maestro/ExplorerRun.0/185/gmIdwl_gmid2_1/netlist
\o 
\o 
\o *Info*    Data Directory    =
\o           /home/dtvt_13/simulation/gmIdwl/gmid2/maestro/results/maestro/ExplorerRun.0/185/gmIdwl_gmid2_1
\o 
\o Reusing AHDL Data dir
\o generate netlist...
\o Ignoring netlist creation since ignoreDesignChangesDuringRun is set to true
\o       ...successful.
\o compose simulator input file...
\o       ...successful.
\o [2026-04-16 00:50:05.596 +0700] [PROCESS] [cadence.virtuoso.ade.services.netlister] - Current memory used: 520.2539 MBytes, peak memory used: 520.2578 MBytes {"hostname": "dtvt_13", "processid": 30914, "testname": "gmIdwl_gmid2_1", "point": 185, "logfile": "/home/dtvt_13/duyDUT/logs_dtvt_13/logs0/Service29.log"}
\o [2026-04-16 00:50:05.596 +0700] [INFO] [cadence.virtuoso.ade.services.netlister] - Finished netlisting {"point": 185, "testname": "gmIdwl_gmid2_1"}
\o [2026-04-16 00:50:05.598 +0700] [EVENT] [cadence.virtuoso.ade.services.netlister] - NewPoint {"point": 186, "testname": "gmIdwl_gmid2_1", "event": "NewPoint", "EventSource": "Netlist Service", "HistoryName": "ExplorerRun.0", "logFile": "/home/dtvt_13/duyDUT/logs_dtvt_13/logs0/Service29.log", "logFileSize": "297491"}
\o [2026-04-16 00:50:05.599 +0700] [INFO] [cadence.virtuoso.ade.services.netlister] - Started netlisting {"point": 186, "testname": "gmIdwl_gmid2_1"}
\o Resetting statistical vars
\o 
\o *Info*    Setting parameter values ...
\o 
\o Setting var length = "9.35u"
\o 
\o *Info*    Netlist Directory =
\o           /home/dtvt_13/simulation/gmIdwl/gmid2/maestro/results/maestro/ExplorerRun.0/186/gmIdwl_gmid2_1/netlist
\o 
\o 
\o *Info*    Data Directory    =
\o           /home/dtvt_13/simulation/gmIdwl/gmid2/maestro/results/maestro/ExplorerRun.0/186/gmIdwl_gmid2_1
\o 
\o Reusing AHDL Data dir
\o generate netlist...
\o Ignoring netlist creation since ignoreDesignChangesDuringRun is set to true
\o       ...successful.
\o compose simulator input file...
\o       ...successful.
\o [2026-04-16 00:50:05.941 +0700] [PROCESS] [cadence.virtuoso.ade.services.netlister] - Current memory used: 520.2539 MBytes, peak memory used: 520.2578 MBytes {"hostname": "dtvt_13", "processid": 30914, "testname": "gmIdwl_gmid2_1", "point": 186, "logfile": "/home/dtvt_13/duyDUT/logs_dtvt_13/logs0/Service29.log"}
\o [2026-04-16 00:50:05.941 +0700] [INFO] [cadence.virtuoso.ade.services.netlister] - Finished netlisting {"point": 186, "testname": "gmIdwl_gmid2_1"}
\o [2026-04-16 00:50:05.942 +0700] [EVENT] [cadence.virtuoso.ade.services.netlister] - NewPoint {"point": 187, "testname": "gmIdwl_gmid2_1", "event": "NewPoint", "EventSource": "Netlist Service", "HistoryName": "ExplorerRun.0", "logFile": "/home/dtvt_13/duyDUT/logs_dtvt_13/logs0/Service29.log", "logFileSize": "299058"}
\o [2026-04-16 00:50:05.942 +0700] [INFO] [cadence.virtuoso.ade.services.netlister] - Started netlisting {"point": 187, "testname": "gmIdwl_gmid2_1"}
\o Resetting statistical vars
\o 
\o *Info*    Setting parameter values ...
\o 
\o Setting var length = "9.4u"
\o 
\o *Info*    Netlist Directory =
\o           /home/dtvt_13/simulation/gmIdwl/gmid2/maestro/results/maestro/ExplorerRun.0/187/gmIdwl_gmid2_1/netlist
\o 
\o 
\o *Info*    Data Directory    =
\o           /home/dtvt_13/simulation/gmIdwl/gmid2/maestro/results/maestro/ExplorerRun.0/187/gmIdwl_gmid2_1
\o 
\o Reusing AHDL Data dir
\o generate netlist...
\o Ignoring netlist creation since ignoreDesignChangesDuringRun is set to true
\o       ...successful.
\o compose simulator input file...
\o       ...successful.
\o [2026-04-16 00:50:06.234 +0700] [PROCESS] [cadence.virtuoso.ade.services.netlister] - Current memory used: 520.2539 MBytes, peak memory used: 520.2578 MBytes {"hostname": "dtvt_13", "processid": 30914, "testname": "gmIdwl_gmid2_1", "point": 187, "logfile": "/home/dtvt_13/duyDUT/logs_dtvt_13/logs0/Service29.log"}
\o [2026-04-16 00:50:06.235 +0700] [INFO] [cadence.virtuoso.ade.services.netlister] - Finished netlisting {"point": 187, "testname": "gmIdwl_gmid2_1"}
\o [2026-04-16 00:50:06.238 +0700] [EVENT] [cadence.virtuoso.ade.services.netlister] - NewPoint {"point": 188, "testname": "gmIdwl_gmid2_1", "event": "NewPoint", "EventSource": "Netlist Service", "HistoryName": "ExplorerRun.0", "logFile": "/home/dtvt_13/duyDUT/logs_dtvt_13/logs0/Service29.log", "logFileSize": "300624"}
\o [2026-04-16 00:50:06.238 +0700] [INFO] [cadence.virtuoso.ade.services.netlister] - Started netlisting {"point": 188, "testname": "gmIdwl_gmid2_1"}
\o Resetting statistical vars
\o 
\o *Info*    Setting parameter values ...
\o 
\o Setting var length = "9.45u"
\o 
\o *Info*    Netlist Directory =
\o           /home/dtvt_13/simulation/gmIdwl/gmid2/maestro/results/maestro/ExplorerRun.0/188/gmIdwl_gmid2_1/netlist
\o 
\o 
\o *Info*    Data Directory    =
\o           /home/dtvt_13/simulation/gmIdwl/gmid2/maestro/results/maestro/ExplorerRun.0/188/gmIdwl_gmid2_1
\o 
\o Reusing AHDL Data dir
\o generate netlist...
\o Ignoring netlist creation since ignoreDesignChangesDuringRun is set to true
\o       ...successful.
\o compose simulator input file...
\o       ...successful.
\o [2026-04-16 00:50:06.558 +0700] [PROCESS] [cadence.virtuoso.ade.services.netlister] - Current memory used: 520.2539 MBytes, peak memory used: 520.2578 MBytes {"hostname": "dtvt_13", "processid": 30914, "testname": "gmIdwl_gmid2_1", "point": 188, "logfile": "/home/dtvt_13/duyDUT/logs_dtvt_13/logs0/Service29.log"}
\o [2026-04-16 00:50:06.559 +0700] [INFO] [cadence.virtuoso.ade.services.netlister] - Finished netlisting {"point": 188, "testname": "gmIdwl_gmid2_1"}
\o [2026-04-16 00:50:06.561 +0700] [EVENT] [cadence.virtuoso.ade.services.netlister] - NewPoint {"point": 189, "testname": "gmIdwl_gmid2_1", "event": "NewPoint", "EventSource": "Netlist Service", "HistoryName": "ExplorerRun.0", "logFile": "/home/dtvt_13/duyDUT/logs_dtvt_13/logs0/Service29.log", "logFileSize": "302191"}
\o [2026-04-16 00:50:06.561 +0700] [INFO] [cadence.virtuoso.ade.services.netlister] - Started netlisting {"point": 189, "testname": "gmIdwl_gmid2_1"}
\o Resetting statistical vars
\o 
\o *Info*    Setting parameter values ...
\o 
\o Setting var length = "9.5u"
\o 
\o *Info*    Netlist Directory =
\o           /home/dtvt_13/simulation/gmIdwl/gmid2/maestro/results/maestro/ExplorerRun.0/189/gmIdwl_gmid2_1/netlist
\o 
\o 
\o *Info*    Data Directory    =
\o           /home/dtvt_13/simulation/gmIdwl/gmid2/maestro/results/maestro/ExplorerRun.0/189/gmIdwl_gmid2_1
\o 
\o Reusing AHDL Data dir
\o generate netlist...
\o Ignoring netlist creation since ignoreDesignChangesDuringRun is set to true
\o       ...successful.
\o compose simulator input file...
\o       ...successful.
\o [2026-04-16 00:50:06.962 +0700] [PROCESS] [cadence.virtuoso.ade.services.netlister] - Current memory used: 520.2539 MBytes, peak memory used: 520.2578 MBytes {"hostname": "dtvt_13", "processid": 30914, "testname": "gmIdwl_gmid2_1", "point": 189, "logfile": "/home/dtvt_13/duyDUT/logs_dtvt_13/logs0/Service29.log"}
\o [2026-04-16 00:50:06.963 +0700] [INFO] [cadence.virtuoso.ade.services.netlister] - Finished netlisting {"point": 189, "testname": "gmIdwl_gmid2_1"}
\o [2026-04-16 00:50:06.965 +0700] [EVENT] [cadence.virtuoso.ade.services.netlister] - NewPoint {"point": 190, "testname": "gmIdwl_gmid2_1", "event": "NewPoint", "EventSource": "Netlist Service", "HistoryName": "ExplorerRun.0", "logFile": "/home/dtvt_13/duyDUT/logs_dtvt_13/logs0/Service29.log", "logFileSize": "303757"}
\o [2026-04-16 00:50:06.966 +0700] [INFO] [cadence.virtuoso.ade.services.netlister] - Started netlisting {"point": 190, "testname": "gmIdwl_gmid2_1"}
\o Resetting statistical vars
\o 
\o *Info*    Setting parameter values ...
\o 
\o Setting var length = "9.55u"
\o 
\o *Info*    Netlist Directory =
\o           /home/dtvt_13/simulation/gmIdwl/gmid2/maestro/results/maestro/ExplorerRun.0/190/gmIdwl_gmid2_1/netlist
\o 
\o 
\o *Info*    Data Directory    =
\o           /home/dtvt_13/simulation/gmIdwl/gmid2/maestro/results/maestro/ExplorerRun.0/190/gmIdwl_gmid2_1
\o 
\o Reusing AHDL Data dir
\o generate netlist...
\o Ignoring netlist creation since ignoreDesignChangesDuringRun is set to true
\o       ...successful.
\o compose simulator input file...
\o       ...successful.
\o [2026-04-16 00:50:07.480 +0700] [PROCESS] [cadence.virtuoso.ade.services.netlister] - Current memory used: 520.2539 MBytes, peak memory used: 520.2578 MBytes {"hostname": "dtvt_13", "processid": 30914, "testname": "gmIdwl_gmid2_1", "point": 190, "logfile": "/home/dtvt_13/duyDUT/logs_dtvt_13/logs0/Service29.log"}
\o [2026-04-16 00:50:07.481 +0700] [INFO] [cadence.virtuoso.ade.services.netlister] - Finished netlisting {"point": 190, "testname": "gmIdwl_gmid2_1"}
\o [2026-04-16 00:50:07.483 +0700] [EVENT] [cadence.virtuoso.ade.services.netlister] - NewPoint {"point": 191, "testname": "gmIdwl_gmid2_1", "event": "NewPoint", "EventSource": "Netlist Service", "HistoryName": "ExplorerRun.0", "logFile": "/home/dtvt_13/duyDUT/logs_dtvt_13/logs0/Service29.log", "logFileSize": "305324"}
\o [2026-04-16 00:50:07.484 +0700] [INFO] [cadence.virtuoso.ade.services.netlister] - Started netlisting {"point": 191, "testname": "gmIdwl_gmid2_1"}
\o Resetting statistical vars
\o 
\o *Info*    Setting parameter values ...
\o 
\o Setting var length = "9.6u"
\o 
\o *Info*    Netlist Directory =
\o           /home/dtvt_13/simulation/gmIdwl/gmid2/maestro/results/maestro/ExplorerRun.0/191/gmIdwl_gmid2_1/netlist
\o 
\o 
\o *Info*    Data Directory    =
\o           /home/dtvt_13/simulation/gmIdwl/gmid2/maestro/results/maestro/ExplorerRun.0/191/gmIdwl_gmid2_1
\o 
\o Reusing AHDL Data dir
\o generate netlist...
\o Ignoring netlist creation since ignoreDesignChangesDuringRun is set to true
\o       ...successful.
\o compose simulator input file...
\o       ...successful.
\o [2026-04-16 00:50:07.933 +0700] [PROCESS] [cadence.virtuoso.ade.services.netlister] - Current memory used: 520.2539 MBytes, peak memory used: 520.2578 MBytes {"hostname": "dtvt_13", "processid": 30914, "testname": "gmIdwl_gmid2_1", "point": 191, "logfile": "/home/dtvt_13/duyDUT/logs_dtvt_13/logs0/Service29.log"}
\o [2026-04-16 00:50:07.933 +0700] [INFO] [cadence.virtuoso.ade.services.netlister] - Finished netlisting {"point": 191, "testname": "gmIdwl_gmid2_1"}
\o [2026-04-16 00:50:07.935 +0700] [EVENT] [cadence.virtuoso.ade.services.netlister] - NewPoint {"point": 192, "testname": "gmIdwl_gmid2_1", "event": "NewPoint", "EventSource": "Netlist Service", "HistoryName": "ExplorerRun.0", "logFile": "/home/dtvt_13/duyDUT/logs_dtvt_13/logs0/Service29.log", "logFileSize": "306890"}
\o [2026-04-16 00:50:07.936 +0700] [INFO] [cadence.virtuoso.ade.services.netlister] - Started netlisting {"point": 192, "testname": "gmIdwl_gmid2_1"}
\o Resetting statistical vars
\o 
\o *Info*    Setting parameter values ...
\o 
\o Setting var length = "9.65u"
\o 
\o *Info*    Netlist Directory =
\o           /home/dtvt_13/simulation/gmIdwl/gmid2/maestro/results/maestro/ExplorerRun.0/192/gmIdwl_gmid2_1/netlist
\o 
\o 
\o *Info*    Data Directory    =
\o           /home/dtvt_13/simulation/gmIdwl/gmid2/maestro/results/maestro/ExplorerRun.0/192/gmIdwl_gmid2_1
\o 
\o Reusing AHDL Data dir
\o generate netlist...
\o Ignoring netlist creation since ignoreDesignChangesDuringRun is set to true
\o       ...successful.
\o compose simulator input file...
\o       ...successful.
\o [2026-04-16 00:50:08.243 +0700] [PROCESS] [cadence.virtuoso.ade.services.netlister] - Current memory used: 520.2539 MBytes, peak memory used: 520.2578 MBytes {"hostname": "dtvt_13", "processid": 30914, "testname": "gmIdwl_gmid2_1", "point": 192, "logfile": "/home/dtvt_13/duyDUT/logs_dtvt_13/logs0/Service29.log"}
\o [2026-04-16 00:50:08.243 +0700] [INFO] [cadence.virtuoso.ade.services.netlister] - Finished netlisting {"point": 192, "testname": "gmIdwl_gmid2_1"}
\o [2026-04-16 00:50:08.244 +0700] [EVENT] [cadence.virtuoso.ade.services.netlister] - NewPoint {"point": 193, "testname": "gmIdwl_gmid2_1", "event": "NewPoint", "EventSource": "Netlist Service", "HistoryName": "ExplorerRun.0", "logFile": "/home/dtvt_13/duyDUT/logs_dtvt_13/logs0/Service29.log", "logFileSize": "308457"}
\o [2026-04-16 00:50:08.244 +0700] [INFO] [cadence.virtuoso.ade.services.netlister] - Started netlisting {"point": 193, "testname": "gmIdwl_gmid2_1"}
\o Resetting statistical vars
\o 
\o *Info*    Setting parameter values ...
\o 
\o Setting var length = "9.7u"
\o 
\o *Info*    Netlist Directory =
\o           /home/dtvt_13/simulation/gmIdwl/gmid2/maestro/results/maestro/ExplorerRun.0/193/gmIdwl_gmid2_1/netlist
\o 
\o 
\o *Info*    Data Directory    =
\o           /home/dtvt_13/simulation/gmIdwl/gmid2/maestro/results/maestro/ExplorerRun.0/193/gmIdwl_gmid2_1
\o 
\o Reusing AHDL Data dir
\o generate netlist...
\o Ignoring netlist creation since ignoreDesignChangesDuringRun is set to true
\o       ...successful.
\o compose simulator input file...
\o       ...successful.
\o [2026-04-16 00:50:08.536 +0700] [PROCESS] [cadence.virtuoso.ade.services.netlister] - Current memory used: 520.2539 MBytes, peak memory used: 520.2578 MBytes {"hostname": "dtvt_13", "processid": 30914, "testname": "gmIdwl_gmid2_1", "point": 193, "logfile": "/home/dtvt_13/duyDUT/logs_dtvt_13/logs0/Service29.log"}
\o [2026-04-16 00:50:08.537 +0700] [INFO] [cadence.virtuoso.ade.services.netlister] - Finished netlisting {"point": 193, "testname": "gmIdwl_gmid2_1"}
\o [2026-04-16 00:50:08.540 +0700] [EVENT] [cadence.virtuoso.ade.services.netlister] - NewPoint {"point": 194, "testname": "gmIdwl_gmid2_1", "event": "NewPoint", "EventSource": "Netlist Service", "HistoryName": "ExplorerRun.0", "logFile": "/home/dtvt_13/duyDUT/logs_dtvt_13/logs0/Service29.log", "logFileSize": "310023"}
\o [2026-04-16 00:50:08.540 +0700] [INFO] [cadence.virtuoso.ade.services.netlister] - Started netlisting {"point": 194, "testname": "gmIdwl_gmid2_1"}
\o Resetting statistical vars
\o 
\o *Info*    Setting parameter values ...
\o 
\o Setting var length = "9.75u"
\o 
\o *Info*    Netlist Directory =
\o           /home/dtvt_13/simulation/gmIdwl/gmid2/maestro/results/maestro/ExplorerRun.0/194/gmIdwl_gmid2_1/netlist
\o 
\o 
\o *Info*    Data Directory    =
\o           /home/dtvt_13/simulation/gmIdwl/gmid2/maestro/results/maestro/ExplorerRun.0/194/gmIdwl_gmid2_1
\o 
\o Reusing AHDL Data dir
\o generate netlist...
\o Ignoring netlist creation since ignoreDesignChangesDuringRun is set to true
\o       ...successful.
\o compose simulator input file...
\o       ...successful.
\o [2026-04-16 00:50:08.832 +0700] [PROCESS] [cadence.virtuoso.ade.services.netlister] - Current memory used: 520.2539 MBytes, peak memory used: 520.2578 MBytes {"hostname": "dtvt_13", "processid": 30914, "testname": "gmIdwl_gmid2_1", "point": 194, "logfile": "/home/dtvt_13/duyDUT/logs_dtvt_13/logs0/Service29.log"}
\o [2026-04-16 00:50:08.832 +0700] [INFO] [cadence.virtuoso.ade.services.netlister] - Finished netlisting {"point": 194, "testname": "gmIdwl_gmid2_1"}
\o [2026-04-16 00:50:08.832 +0700] [EVENT] [cadence.virtuoso.ade.services.netlister] - NewPoint {"point": 195, "testname": "gmIdwl_gmid2_1", "event": "NewPoint", "EventSource": "Netlist Service", "HistoryName": "ExplorerRun.0", "logFile": "/home/dtvt_13/duyDUT/logs_dtvt_13/logs0/Service29.log", "logFileSize": "311590"}
\o [2026-04-16 00:50:08.833 +0700] [INFO] [cadence.virtuoso.ade.services.netlister] - Started netlisting {"point": 195, "testname": "gmIdwl_gmid2_1"}
\o Resetting statistical vars
\o 
\o *Info*    Setting parameter values ...
\o 
\o Setting var length = "9.8u"
\o 
\o *Info*    Netlist Directory =
\o           /home/dtvt_13/simulation/gmIdwl/gmid2/maestro/results/maestro/ExplorerRun.0/195/gmIdwl_gmid2_1/netlist
\o 
\o 
\o *Info*    Data Directory    =
\o           /home/dtvt_13/simulation/gmIdwl/gmid2/maestro/results/maestro/ExplorerRun.0/195/gmIdwl_gmid2_1
\o 
\o Reusing AHDL Data dir
\o generate netlist...
\o Ignoring netlist creation since ignoreDesignChangesDuringRun is set to true
\o       ...successful.
\o compose simulator input file...
\o       ...successful.
\o [2026-04-16 00:50:09.221 +0700] [PROCESS] [cadence.virtuoso.ade.services.netlister] - Current memory used: 520.4570 MBytes, peak memory used: 520.4609 MBytes {"hostname": "dtvt_13", "processid": 30914, "testname": "gmIdwl_gmid2_1", "point": 195, "logfile": "/home/dtvt_13/duyDUT/logs_dtvt_13/logs0/Service29.log"}
\o [2026-04-16 00:50:09.222 +0700] [INFO] [cadence.virtuoso.ade.services.netlister] - Finished netlisting {"point": 195, "testname": "gmIdwl_gmid2_1"}
\o [2026-04-16 00:50:09.223 +0700] [EVENT] [cadence.virtuoso.ade.services.netlister] - NewPoint {"point": 196, "testname": "gmIdwl_gmid2_1", "event": "NewPoint", "EventSource": "Netlist Service", "HistoryName": "ExplorerRun.0", "logFile": "/home/dtvt_13/duyDUT/logs_dtvt_13/logs0/Service29.log", "logFileSize": "313156"}
\o [2026-04-16 00:50:09.223 +0700] [INFO] [cadence.virtuoso.ade.services.netlister] - Started netlisting {"point": 196, "testname": "gmIdwl_gmid2_1"}
\o Resetting statistical vars
\o 
\o *Info*    Setting parameter values ...
\o 
\o Setting var length = "9.85u"
\o 
\o *Info*    Netlist Directory =
\o           /home/dtvt_13/simulation/gmIdwl/gmid2/maestro/results/maestro/ExplorerRun.0/196/gmIdwl_gmid2_1/netlist
\o 
\o 
\o *Info*    Data Directory    =
\o           /home/dtvt_13/simulation/gmIdwl/gmid2/maestro/results/maestro/ExplorerRun.0/196/gmIdwl_gmid2_1
\o 
\o Reusing AHDL Data dir
\o generate netlist...
\o Ignoring netlist creation since ignoreDesignChangesDuringRun is set to true
\o       ...successful.
\o compose simulator input file...
\o       ...successful.
\o [2026-04-16 00:50:09.586 +0700] [PROCESS] [cadence.virtuoso.ade.services.netlister] - Current memory used: 520.4609 MBytes, peak memory used: 520.4648 MBytes {"hostname": "dtvt_13", "processid": 30914, "testname": "gmIdwl_gmid2_1", "point": 196, "logfile": "/home/dtvt_13/duyDUT/logs_dtvt_13/logs0/Service29.log"}
\o [2026-04-16 00:50:09.587 +0700] [INFO] [cadence.virtuoso.ade.services.netlister] - Finished netlisting {"point": 196, "testname": "gmIdwl_gmid2_1"}
\o [2026-04-16 00:50:09.588 +0700] [EVENT] [cadence.virtuoso.ade.services.netlister] - NewPoint {"point": 197, "testname": "gmIdwl_gmid2_1", "event": "NewPoint", "EventSource": "Netlist Service", "HistoryName": "ExplorerRun.0", "logFile": "/home/dtvt_13/duyDUT/logs_dtvt_13/logs0/Service29.log", "logFileSize": "314723"}
\o [2026-04-16 00:50:09.588 +0700] [INFO] [cadence.virtuoso.ade.services.netlister] - Started netlisting {"point": 197, "testname": "gmIdwl_gmid2_1"}
\o Resetting statistical vars
\o 
\o *Info*    Setting parameter values ...
\o 
\o Setting var length = "9.9u"
\o 
\o *Info*    Netlist Directory =
\o           /home/dtvt_13/simulation/gmIdwl/gmid2/maestro/results/maestro/ExplorerRun.0/197/gmIdwl_gmid2_1/netlist
\o 
\o 
\o *Info*    Data Directory    =
\o           /home/dtvt_13/simulation/gmIdwl/gmid2/maestro/results/maestro/ExplorerRun.0/197/gmIdwl_gmid2_1
\o 
\o Reusing AHDL Data dir
\o generate netlist...
\o Ignoring netlist creation since ignoreDesignChangesDuringRun is set to true
\o       ...successful.
\o compose simulator input file...
\o       ...successful.
\o [2026-04-16 00:50:09.957 +0700] [PROCESS] [cadence.virtuoso.ade.services.netlister] - Current memory used: 520.4609 MBytes, peak memory used: 520.4648 MBytes {"hostname": "dtvt_13", "processid": 30914, "testname": "gmIdwl_gmid2_1", "point": 197, "logfile": "/home/dtvt_13/duyDUT/logs_dtvt_13/logs0/Service29.log"}
\o [2026-04-16 00:50:09.958 +0700] [INFO] [cadence.virtuoso.ade.services.netlister] - Finished netlisting {"point": 197, "testname": "gmIdwl_gmid2_1"}
\o [2026-04-16 00:50:09.960 +0700] [EVENT] [cadence.virtuoso.ade.services.netlister] - NewPoint {"point": 198, "testname": "gmIdwl_gmid2_1", "event": "NewPoint", "EventSource": "Netlist Service", "HistoryName": "ExplorerRun.0", "logFile": "/home/dtvt_13/duyDUT/logs_dtvt_13/logs0/Service29.log", "logFileSize": "316289"}
\o [2026-04-16 00:50:09.960 +0700] [INFO] [cadence.virtuoso.ade.services.netlister] - Started netlisting {"point": 198, "testname": "gmIdwl_gmid2_1"}
\o Resetting statistical vars
\o 
\o *Info*    Setting parameter values ...
\o 
\o Setting var length = "9.95u"
\o 
\o *Info*    Netlist Directory =
\o           /home/dtvt_13/simulation/gmIdwl/gmid2/maestro/results/maestro/ExplorerRun.0/198/gmIdwl_gmid2_1/netlist
\o 
\o 
\o *Info*    Data Directory    =
\o           /home/dtvt_13/simulation/gmIdwl/gmid2/maestro/results/maestro/ExplorerRun.0/198/gmIdwl_gmid2_1
\o 
\o Reusing AHDL Data dir
\o generate netlist...
\o Ignoring netlist creation since ignoreDesignChangesDuringRun is set to true
\o       ...successful.
\o compose simulator input file...
\o       ...successful.
\o [2026-04-16 00:50:10.398 +0700] [PROCESS] [cadence.virtuoso.ade.services.netlister] - Current memory used: 520.4609 MBytes, peak memory used: 520.4648 MBytes {"hostname": "dtvt_13", "processid": 30914, "testname": "gmIdwl_gmid2_1", "point": 198, "logfile": "/home/dtvt_13/duyDUT/logs_dtvt_13/logs0/Service29.log"}
\o [2026-04-16 00:50:10.398 +0700] [INFO] [cadence.virtuoso.ade.services.netlister] - Finished netlisting {"point": 198, "testname": "gmIdwl_gmid2_1"}
\o [2026-04-16 00:50:10.400 +0700] [EVENT] [cadence.virtuoso.ade.services.netlister] - NewPoint {"point": 199, "testname": "gmIdwl_gmid2_1", "event": "NewPoint", "EventSource": "Netlist Service", "HistoryName": "ExplorerRun.0", "logFile": "/home/dtvt_13/duyDUT/logs_dtvt_13/logs0/Service29.log", "logFileSize": "317856"}
\o [2026-04-16 00:50:10.400 +0700] [INFO] [cadence.virtuoso.ade.services.netlister] - Started netlisting {"point": 199, "testname": "gmIdwl_gmid2_1"}
\o Resetting statistical vars
\o 
\o *Info*    Setting parameter values ...
\o 
\o Setting var length = "10u"
\o 
\o *Info*    Netlist Directory =
\o           /home/dtvt_13/simulation/gmIdwl/gmid2/maestro/results/maestro/ExplorerRun.0/199/gmIdwl_gmid2_1/netlist
\o 
\o 
\o *Info*    Data Directory    =
\o           /home/dtvt_13/simulation/gmIdwl/gmid2/maestro/results/maestro/ExplorerRun.0/199/gmIdwl_gmid2_1
\o 
\o Reusing AHDL Data dir
\o generate netlist...
\o Ignoring netlist creation since ignoreDesignChangesDuringRun is set to true
\o       ...successful.
\o compose simulator input file...
\o       ...successful.
\o [2026-04-16 00:50:10.879 +0700] [PROCESS] [cadence.virtuoso.ade.services.netlister] - Current memory used: 520.4609 MBytes, peak memory used: 520.4648 MBytes {"hostname": "dtvt_13", "processid": 30914, "testname": "gmIdwl_gmid2_1", "point": 199, "logfile": "/home/dtvt_13/duyDUT/logs_dtvt_13/logs0/Service29.log"}
\o [2026-04-16 00:50:10.879 +0700] [INFO] [cadence.virtuoso.ade.services.netlister] - Finished netlisting {"point": 199, "testname": "gmIdwl_gmid2_1"}
\o [2026-04-16 00:50:10.881 +0700] [EVENT] [cadence.virtuoso.ade.services.netlister] - NewPoint {"point": 200, "testname": "gmIdwl_gmid2_1", "event": "NewPoint", "EventSource": "Netlist Service", "HistoryName": "ExplorerRun.0", "logFile": "/home/dtvt_13/duyDUT/logs_dtvt_13/logs0/Service29.log", "logFileSize": "319421"}
\o [2026-04-16 00:50:10.881 +0700] [INFO] [cadence.virtuoso.ade.services.netlister] - Started netlisting {"point": 200, "testname": "gmIdwl_gmid2_1"}
\o Resetting statistical vars
\o 
\o *Info*    Setting parameter values ...
\o 
\o Setting var length = "10.05u"
\o 
\o *Info*    Netlist Directory =
\o           /home/dtvt_13/simulation/gmIdwl/gmid2/maestro/results/maestro/ExplorerRun.0/200/gmIdwl_gmid2_1/netlist
\o 
\o 
\o *Info*    Data Directory    =
\o           /home/dtvt_13/simulation/gmIdwl/gmid2/maestro/results/maestro/ExplorerRun.0/200/gmIdwl_gmid2_1
\o 
\o Reusing AHDL Data dir
\o generate netlist...
\o Ignoring netlist creation since ignoreDesignChangesDuringRun is set to true
\o       ...successful.
\o compose simulator input file...
\o       ...successful.
\o [2026-04-16 00:50:11.215 +0700] [PROCESS] [cadence.virtuoso.ade.services.netlister] - Current memory used: 520.4609 MBytes, peak memory used: 520.4648 MBytes {"hostname": "dtvt_13", "processid": 30914, "testname": "gmIdwl_gmid2_1", "point": 200, "logfile": "/home/dtvt_13/duyDUT/logs_dtvt_13/logs0/Service29.log"}
\o [2026-04-16 00:50:11.216 +0700] [INFO] [cadence.virtuoso.ade.services.netlister] - Finished netlisting {"point": 200, "testname": "gmIdwl_gmid2_1"}
\o [2026-04-16 00:50:11.219 +0700] [EVENT] [cadence.virtuoso.ade.services.netlister] - NewPoint {"point": 201, "testname": "gmIdwl_gmid2_1", "event": "NewPoint", "EventSource": "Netlist Service", "HistoryName": "ExplorerRun.0", "logFile": "/home/dtvt_13/duyDUT/logs_dtvt_13/logs0/Service29.log", "logFileSize": "320989"}
\o [2026-04-16 00:50:11.219 +0700] [INFO] [cadence.virtuoso.ade.services.netlister] - Started netlisting {"point": 201, "testname": "gmIdwl_gmid2_1"}
\o Resetting statistical vars
\o 
\o *Info*    Setting parameter values ...
\o 
\o Setting var length = "10.1u"
\o 
\o *Info*    Netlist Directory =
\o           /home/dtvt_13/simulation/gmIdwl/gmid2/maestro/results/maestro/ExplorerRun.0/201/gmIdwl_gmid2_1/netlist
\o 
\o 
\o *Info*    Data Directory    =
\o           /home/dtvt_13/simulation/gmIdwl/gmid2/maestro/results/maestro/ExplorerRun.0/201/gmIdwl_gmid2_1
\o 
\o Reusing AHDL Data dir
\o generate netlist...
\o Ignoring netlist creation since ignoreDesignChangesDuringRun is set to true
\o       ...successful.
\o compose simulator input file...
\o       ...successful.
\o [2026-04-16 00:50:11.633 +0700] [PROCESS] [cadence.virtuoso.ade.services.netlister] - Current memory used: 520.4609 MBytes, peak memory used: 520.4648 MBytes {"hostname": "dtvt_13", "processid": 30914, "testname": "gmIdwl_gmid2_1", "point": 201, "logfile": "/home/dtvt_13/duyDUT/logs_dtvt_13/logs0/Service29.log"}
\o [2026-04-16 00:50:11.634 +0700] [INFO] [cadence.virtuoso.ade.services.netlister] - Finished netlisting {"point": 201, "testname": "gmIdwl_gmid2_1"}
\o [2026-04-16 00:50:11.636 +0700] [EVENT] [cadence.virtuoso.ade.services.netlister] - NewPoint {"point": 202, "testname": "gmIdwl_gmid2_1", "event": "NewPoint", "EventSource": "Netlist Service", "HistoryName": "ExplorerRun.0", "logFile": "/home/dtvt_13/duyDUT/logs_dtvt_13/logs0/Service29.log", "logFileSize": "322556"}
\o [2026-04-16 00:50:11.636 +0700] [INFO] [cadence.virtuoso.ade.services.netlister] - Started netlisting {"point": 202, "testname": "gmIdwl_gmid2_1"}
\o Resetting statistical vars
\o 
\o *Info*    Setting parameter values ...
\o 
\o Setting var length = "10.15u"
\o 
\o *Info*    Netlist Directory =
\o           /home/dtvt_13/simulation/gmIdwl/gmid2/maestro/results/maestro/ExplorerRun.0/202/gmIdwl_gmid2_1/netlist
\o 
\o 
\o *Info*    Data Directory    =
\o           /home/dtvt_13/simulation/gmIdwl/gmid2/maestro/results/maestro/ExplorerRun.0/202/gmIdwl_gmid2_1
\o 
\o Reusing AHDL Data dir
\o generate netlist...
\o Ignoring netlist creation since ignoreDesignChangesDuringRun is set to true
\o       ...successful.
\o compose simulator input file...
\o       ...successful.
\o [2026-04-16 00:50:11.928 +0700] [PROCESS] [cadence.virtuoso.ade.services.netlister] - Current memory used: 520.4609 MBytes, peak memory used: 520.4648 MBytes {"hostname": "dtvt_13", "processid": 30914, "testname": "gmIdwl_gmid2_1", "point": 202, "logfile": "/home/dtvt_13/duyDUT/logs_dtvt_13/logs0/Service29.log"}
\o [2026-04-16 00:50:11.928 +0700] [INFO] [cadence.virtuoso.ade.services.netlister] - Finished netlisting {"point": 202, "testname": "gmIdwl_gmid2_1"}
\o [2026-04-16 00:50:11.929 +0700] [EVENT] [cadence.virtuoso.ade.services.netlister] - NewPoint {"point": 203, "testname": "gmIdwl_gmid2_1", "event": "NewPoint", "EventSource": "Netlist Service", "HistoryName": "ExplorerRun.0", "logFile": "/home/dtvt_13/duyDUT/logs_dtvt_13/logs0/Service29.log", "logFileSize": "324124"}
\o [2026-04-16 00:50:11.929 +0700] [INFO] [cadence.virtuoso.ade.services.netlister] - Started netlisting {"point": 203, "testname": "gmIdwl_gmid2_1"}
\o Resetting statistical vars
\o 
\o *Info*    Setting parameter values ...
\o 
\o Setting var length = "10.2u"
\o 
\o *Info*    Netlist Directory =
\o           /home/dtvt_13/simulation/gmIdwl/gmid2/maestro/results/maestro/ExplorerRun.0/203/gmIdwl_gmid2_1/netlist
\o 
\o 
\o *Info*    Data Directory    =
\o           /home/dtvt_13/simulation/gmIdwl/gmid2/maestro/results/maestro/ExplorerRun.0/203/gmIdwl_gmid2_1
\o 
\o Reusing AHDL Data dir
\o generate netlist...
\o Ignoring netlist creation since ignoreDesignChangesDuringRun is set to true
\o       ...successful.
\o compose simulator input file...
\o       ...successful.
\o [2026-04-16 00:50:12.124 +0700] [PROCESS] [cadence.virtuoso.ade.services.netlister] - Current memory used: 520.4609 MBytes, peak memory used: 520.4648 MBytes {"hostname": "dtvt_13", "processid": 30914, "testname": "gmIdwl_gmid2_1", "point": 203, "logfile": "/home/dtvt_13/duyDUT/logs_dtvt_13/logs0/Service29.log"}
\o [2026-04-16 00:50:12.124 +0700] [INFO] [cadence.virtuoso.ade.services.netlister] - Finished netlisting {"point": 203, "testname": "gmIdwl_gmid2_1"}
\o [2026-04-16 00:50:12.125 +0700] [EVENT] [cadence.virtuoso.ade.services.netlister] - NewPoint {"point": 204, "testname": "gmIdwl_gmid2_1", "event": "NewPoint", "EventSource": "Netlist Service", "HistoryName": "ExplorerRun.0", "logFile": "/home/dtvt_13/duyDUT/logs_dtvt_13/logs0/Service29.log", "logFileSize": "325691"}
\o [2026-04-16 00:50:12.125 +0700] [INFO] [cadence.virtuoso.ade.services.netlister] - Started netlisting {"point": 204, "testname": "gmIdwl_gmid2_1"}
\o Resetting statistical vars
\o 
\o *Info*    Setting parameter values ...
\o 
\o Setting var length = "10.25u"
\o 
\o *Info*    Netlist Directory =
\o           /home/dtvt_13/simulation/gmIdwl/gmid2/maestro/results/maestro/ExplorerRun.0/204/gmIdwl_gmid2_1/netlist
\o 
\o 
\o *Info*    Data Directory    =
\o           /home/dtvt_13/simulation/gmIdwl/gmid2/maestro/results/maestro/ExplorerRun.0/204/gmIdwl_gmid2_1
\o 
\o Reusing AHDL Data dir
\o generate netlist...
\o Ignoring netlist creation since ignoreDesignChangesDuringRun is set to true
\o       ...successful.
\o compose simulator input file...
\o       ...successful.
\o [2026-04-16 00:50:12.314 +0700] [PROCESS] [cadence.virtuoso.ade.services.netlister] - Current memory used: 520.4609 MBytes, peak memory used: 520.4648 MBytes {"hostname": "dtvt_13", "processid": 30914, "testname": "gmIdwl_gmid2_1", "point": 204, "logfile": "/home/dtvt_13/duyDUT/logs_dtvt_13/logs0/Service29.log"}
\o [2026-04-16 00:50:12.314 +0700] [INFO] [cadence.virtuoso.ade.services.netlister] - Finished netlisting {"point": 204, "testname": "gmIdwl_gmid2_1"}
\o [2026-04-16 00:50:12.315 +0700] [EVENT] [cadence.virtuoso.ade.services.netlister] - NewPoint {"point": 205, "testname": "gmIdwl_gmid2_1", "event": "NewPoint", "EventSource": "Netlist Service", "HistoryName": "ExplorerRun.0", "logFile": "/home/dtvt_13/duyDUT/logs_dtvt_13/logs0/Service29.log", "logFileSize": "327259"}
\o [2026-04-16 00:50:12.315 +0700] [INFO] [cadence.virtuoso.ade.services.netlister] - Started netlisting {"point": 205, "testname": "gmIdwl_gmid2_1"}
\o Resetting statistical vars
\o 
\o *Info*    Setting parameter values ...
\o 
\o Setting var length = "10.3u"
\o 
\o *Info*    Netlist Directory =
\o           /home/dtvt_13/simulation/gmIdwl/gmid2/maestro/results/maestro/ExplorerRun.0/205/gmIdwl_gmid2_1/netlist
\o 
\o 
\o *Info*    Data Directory    =
\o           /home/dtvt_13/simulation/gmIdwl/gmid2/maestro/results/maestro/ExplorerRun.0/205/gmIdwl_gmid2_1
\o 
\o Reusing AHDL Data dir
\o generate netlist...
\o Ignoring netlist creation since ignoreDesignChangesDuringRun is set to true
\o       ...successful.
\o compose simulator input file...
\o       ...successful.
\o [2026-04-16 00:50:12.558 +0700] [PROCESS] [cadence.virtuoso.ade.services.netlister] - Current memory used: 520.4609 MBytes, peak memory used: 520.4648 MBytes {"hostname": "dtvt_13", "processid": 30914, "testname": "gmIdwl_gmid2_1", "point": 205, "logfile": "/home/dtvt_13/duyDUT/logs_dtvt_13/logs0/Service29.log"}
\o [2026-04-16 00:50:12.559 +0700] [INFO] [cadence.virtuoso.ade.services.netlister] - Finished netlisting {"point": 205, "testname": "gmIdwl_gmid2_1"}
\o [2026-04-16 00:50:12.560 +0700] [EVENT] [cadence.virtuoso.ade.services.netlister] - NewPoint {"point": 206, "testname": "gmIdwl_gmid2_1", "event": "NewPoint", "EventSource": "Netlist Service", "HistoryName": "ExplorerRun.0", "logFile": "/home/dtvt_13/duyDUT/logs_dtvt_13/logs0/Service29.log", "logFileSize": "328826"}
\o [2026-04-16 00:50:12.561 +0700] [INFO] [cadence.virtuoso.ade.services.netlister] - Started netlisting {"point": 206, "testname": "gmIdwl_gmid2_1"}
\o Resetting statistical vars
\o 
\o *Info*    Setting parameter values ...
\o 
\o Setting var length = "10.35u"
\o 
\o *Info*    Netlist Directory =
\o           /home/dtvt_13/simulation/gmIdwl/gmid2/maestro/results/maestro/ExplorerRun.0/206/gmIdwl_gmid2_1/netlist
\o 
\o 
\o *Info*    Data Directory    =
\o           /home/dtvt_13/simulation/gmIdwl/gmid2/maestro/results/maestro/ExplorerRun.0/206/gmIdwl_gmid2_1
\o 
\o Reusing AHDL Data dir
\o generate netlist...
\o Ignoring netlist creation since ignoreDesignChangesDuringRun is set to true
\o       ...successful.
\o compose simulator input file...
\o       ...successful.
\o [2026-04-16 00:50:12.791 +0700] [PROCESS] [cadence.virtuoso.ade.services.netlister] - Current memory used: 520.4609 MBytes, peak memory used: 520.4648 MBytes {"hostname": "dtvt_13", "processid": 30914, "testname": "gmIdwl_gmid2_1", "point": 206, "logfile": "/home/dtvt_13/duyDUT/logs_dtvt_13/logs0/Service29.log"}
\o [2026-04-16 00:50:12.791 +0700] [INFO] [cadence.virtuoso.ade.services.netlister] - Finished netlisting {"point": 206, "testname": "gmIdwl_gmid2_1"}
\o [2026-04-16 00:50:12.792 +0700] [EVENT] [cadence.virtuoso.ade.services.netlister] - NewPoint {"point": 207, "testname": "gmIdwl_gmid2_1", "event": "NewPoint", "EventSource": "Netlist Service", "HistoryName": "ExplorerRun.0", "logFile": "/home/dtvt_13/duyDUT/logs_dtvt_13/logs0/Service29.log", "logFileSize": "330394"}
\o [2026-04-16 00:50:12.792 +0700] [INFO] [cadence.virtuoso.ade.services.netlister] - Started netlisting {"point": 207, "testname": "gmIdwl_gmid2_1"}
\o Resetting statistical vars
\o 
\o *Info*    Setting parameter values ...
\o 
\o Setting var length = "10.4u"
\o 
\o *Info*    Netlist Directory =
\o           /home/dtvt_13/simulation/gmIdwl/gmid2/maestro/results/maestro/ExplorerRun.0/207/gmIdwl_gmid2_1/netlist
\o 
\o 
\o *Info*    Data Directory    =
\o           /home/dtvt_13/simulation/gmIdwl/gmid2/maestro/results/maestro/ExplorerRun.0/207/gmIdwl_gmid2_1
\o 
\o Reusing AHDL Data dir
\o generate netlist...
\o Ignoring netlist creation since ignoreDesignChangesDuringRun is set to true
\o       ...successful.
\o compose simulator input file...
\o       ...successful.
\o [2026-04-16 00:50:12.993 +0700] [PROCESS] [cadence.virtuoso.ade.services.netlister] - Current memory used: 520.4609 MBytes, peak memory used: 520.4648 MBytes {"hostname": "dtvt_13", "processid": 30914, "testname": "gmIdwl_gmid2_1", "point": 207, "logfile": "/home/dtvt_13/duyDUT/logs_dtvt_13/logs0/Service29.log"}
\o [2026-04-16 00:50:12.993 +0700] [INFO] [cadence.virtuoso.ade.services.netlister] - Finished netlisting {"point": 207, "testname": "gmIdwl_gmid2_1"}
\o [2026-04-16 00:50:12.994 +0700] [EVENT] [cadence.virtuoso.ade.services.netlister] - NewPoint {"point": 208, "testname": "gmIdwl_gmid2_1", "event": "NewPoint", "EventSource": "Netlist Service", "HistoryName": "ExplorerRun.0", "logFile": "/home/dtvt_13/duyDUT/logs_dtvt_13/logs0/Service29.log", "logFileSize": "331961"}
\o [2026-04-16 00:50:12.994 +0700] [INFO] [cadence.virtuoso.ade.services.netlister] - Started netlisting {"point": 208, "testname": "gmIdwl_gmid2_1"}
\o Resetting statistical vars
\o 
\o *Info*    Setting parameter values ...
\o 
\o Setting var length = "10.45u"
\o 
\o *Info*    Netlist Directory =
\o           /home/dtvt_13/simulation/gmIdwl/gmid2/maestro/results/maestro/ExplorerRun.0/208/gmIdwl_gmid2_1/netlist
\o 
\o 
\o *Info*    Data Directory    =
\o           /home/dtvt_13/simulation/gmIdwl/gmid2/maestro/results/maestro/ExplorerRun.0/208/gmIdwl_gmid2_1
\o 
\o Reusing AHDL Data dir
\o generate netlist...
\o Ignoring netlist creation since ignoreDesignChangesDuringRun is set to true
\o       ...successful.
\o compose simulator input file...
\o       ...successful.
\o [2026-04-16 00:50:13.296 +0700] [PROCESS] [cadence.virtuoso.ade.services.netlister] - Current memory used: 520.4609 MBytes, peak memory used: 520.4648 MBytes {"hostname": "dtvt_13", "processid": 30914, "testname": "gmIdwl_gmid2_1", "point": 208, "logfile": "/home/dtvt_13/duyDUT/logs_dtvt_13/logs0/Service29.log"}
\o [2026-04-16 00:50:13.297 +0700] [INFO] [cadence.virtuoso.ade.services.netlister] - Finished netlisting {"point": 208, "testname": "gmIdwl_gmid2_1"}
\o [2026-04-16 00:50:13.298 +0700] [EVENT] [cadence.virtuoso.ade.services.netlister] - NewPoint {"point": 209, "testname": "gmIdwl_gmid2_1", "event": "NewPoint", "EventSource": "Netlist Service", "HistoryName": "ExplorerRun.0", "logFile": "/home/dtvt_13/duyDUT/logs_dtvt_13/logs0/Service29.log", "logFileSize": "333529"}
\o [2026-04-16 00:50:13.298 +0700] [INFO] [cadence.virtuoso.ade.services.netlister] - Started netlisting {"point": 209, "testname": "gmIdwl_gmid2_1"}
\o Resetting statistical vars
\o 
\o *Info*    Setting parameter values ...
\o 
\o Setting var length = "10.5u"
\o 
\o *Info*    Netlist Directory =
\o           /home/dtvt_13/simulation/gmIdwl/gmid2/maestro/results/maestro/ExplorerRun.0/209/gmIdwl_gmid2_1/netlist
\o 
\o 
\o *Info*    Data Directory    =
\o           /home/dtvt_13/simulation/gmIdwl/gmid2/maestro/results/maestro/ExplorerRun.0/209/gmIdwl_gmid2_1
\o 
\o Reusing AHDL Data dir
\o generate netlist...
\o Ignoring netlist creation since ignoreDesignChangesDuringRun is set to true
\o       ...successful.
\o compose simulator input file...
\o       ...successful.
\o [2026-04-16 00:50:13.538 +0700] [PROCESS] [cadence.virtuoso.ade.services.netlister] - Current memory used: 520.4609 MBytes, peak memory used: 520.4648 MBytes {"hostname": "dtvt_13", "processid": 30914, "testname": "gmIdwl_gmid2_1", "point": 209, "logfile": "/home/dtvt_13/duyDUT/logs_dtvt_13/logs0/Service29.log"}
\o [2026-04-16 00:50:13.538 +0700] [INFO] [cadence.virtuoso.ade.services.netlister] - Finished netlisting {"point": 209, "testname": "gmIdwl_gmid2_1"}
\o [2026-04-16 00:50:13.539 +0700] [EVENT] [cadence.virtuoso.ade.services.netlister] - NewPoint {"point": 210, "testname": "gmIdwl_gmid2_1", "event": "NewPoint", "EventSource": "Netlist Service", "HistoryName": "ExplorerRun.0", "logFile": "/home/dtvt_13/duyDUT/logs_dtvt_13/logs0/Service29.log", "logFileSize": "335096"}
\o [2026-04-16 00:50:13.539 +0700] [INFO] [cadence.virtuoso.ade.services.netlister] - Started netlisting {"point": 210, "testname": "gmIdwl_gmid2_1"}
\o Resetting statistical vars
\o 
\o *Info*    Setting parameter values ...
\o 
\o Setting var length = "10.55u"
\o 
\o *Info*    Netlist Directory =
\o           /home/dtvt_13/simulation/gmIdwl/gmid2/maestro/results/maestro/ExplorerRun.0/210/gmIdwl_gmid2_1/netlist
\o 
\o 
\o *Info*    Data Directory    =
\o           /home/dtvt_13/simulation/gmIdwl/gmid2/maestro/results/maestro/ExplorerRun.0/210/gmIdwl_gmid2_1
\o 
\o Reusing AHDL Data dir
\o generate netlist...
\o Ignoring netlist creation since ignoreDesignChangesDuringRun is set to true
\o       ...successful.
\o compose simulator input file...
\o       ...successful.
\o [2026-04-16 00:50:13.798 +0700] [PROCESS] [cadence.virtuoso.ade.services.netlister] - Current memory used: 520.4609 MBytes, peak memory used: 520.4648 MBytes {"hostname": "dtvt_13", "processid": 30914, "testname": "gmIdwl_gmid2_1", "point": 210, "logfile": "/home/dtvt_13/duyDUT/logs_dtvt_13/logs0/Service29.log"}
\o [2026-04-16 00:50:13.799 +0700] [INFO] [cadence.virtuoso.ade.services.netlister] - Finished netlisting {"point": 210, "testname": "gmIdwl_gmid2_1"}
\o [2026-04-16 00:50:13.801 +0700] [EVENT] [cadence.virtuoso.ade.services.netlister] - NewPoint {"point": 211, "testname": "gmIdwl_gmid2_1", "event": "NewPoint", "EventSource": "Netlist Service", "HistoryName": "ExplorerRun.0", "logFile": "/home/dtvt_13/duyDUT/logs_dtvt_13/logs0/Service29.log", "logFileSize": "336664"}
\o [2026-04-16 00:50:13.801 +0700] [INFO] [cadence.virtuoso.ade.services.netlister] - Started netlisting {"point": 211, "testname": "gmIdwl_gmid2_1"}
\o Resetting statistical vars
\o 
\o *Info*    Setting parameter values ...
\o 
\o Setting var length = "10.6u"
\o 
\o *Info*    Netlist Directory =
\o           /home/dtvt_13/simulation/gmIdwl/gmid2/maestro/results/maestro/ExplorerRun.0/211/gmIdwl_gmid2_1/netlist
\o 
\o 
\o *Info*    Data Directory    =
\o           /home/dtvt_13/simulation/gmIdwl/gmid2/maestro/results/maestro/ExplorerRun.0/211/gmIdwl_gmid2_1
\o 
\o Reusing AHDL Data dir
\o generate netlist...
\o Ignoring netlist creation since ignoreDesignChangesDuringRun is set to true
\o       ...successful.
\o compose simulator input file...
\o       ...successful.
\o [2026-04-16 00:50:14.125 +0700] [PROCESS] [cadence.virtuoso.ade.services.netlister] - Current memory used: 520.4609 MBytes, peak memory used: 520.4648 MBytes {"hostname": "dtvt_13", "processid": 30914, "testname": "gmIdwl_gmid2_1", "point": 211, "logfile": "/home/dtvt_13/duyDUT/logs_dtvt_13/logs0/Service29.log"}
\o [2026-04-16 00:50:14.126 +0700] [INFO] [cadence.virtuoso.ade.services.netlister] - Finished netlisting {"point": 211, "testname": "gmIdwl_gmid2_1"}
\o [2026-04-16 00:50:14.128 +0700] [EVENT] [cadence.virtuoso.ade.services.netlister] - NewPoint {"point": 212, "testname": "gmIdwl_gmid2_1", "event": "NewPoint", "EventSource": "Netlist Service", "HistoryName": "ExplorerRun.0", "logFile": "/home/dtvt_13/duyDUT/logs_dtvt_13/logs0/Service29.log", "logFileSize": "338231"}
\o [2026-04-16 00:50:14.129 +0700] [INFO] [cadence.virtuoso.ade.services.netlister] - Started netlisting {"point": 212, "testname": "gmIdwl_gmid2_1"}
\o Resetting statistical vars
\o 
\o *Info*    Setting parameter values ...
\o 
\o Setting var length = "10.65u"
\o 
\o *Info*    Netlist Directory =
\o           /home/dtvt_13/simulation/gmIdwl/gmid2/maestro/results/maestro/ExplorerRun.0/212/gmIdwl_gmid2_1/netlist
\o 
\o 
\o *Info*    Data Directory    =
\o           /home/dtvt_13/simulation/gmIdwl/gmid2/maestro/results/maestro/ExplorerRun.0/212/gmIdwl_gmid2_1
\o 
\o Reusing AHDL Data dir
\o generate netlist...
\o Ignoring netlist creation since ignoreDesignChangesDuringRun is set to true
\o       ...successful.
\o compose simulator input file...
\o       ...successful.
\o [2026-04-16 00:50:14.560 +0700] [PROCESS] [cadence.virtuoso.ade.services.netlister] - Current memory used: 520.5508 MBytes, peak memory used: 520.5547 MBytes {"hostname": "dtvt_13", "processid": 30914, "testname": "gmIdwl_gmid2_1", "point": 212, "logfile": "/home/dtvt_13/duyDUT/logs_dtvt_13/logs0/Service29.log"}
\o [2026-04-16 00:50:14.561 +0700] [INFO] [cadence.virtuoso.ade.services.netlister] - Finished netlisting {"point": 212, "testname": "gmIdwl_gmid2_1"}
\o [2026-04-16 00:50:14.561 +0700] [EVENT] [cadence.virtuoso.ade.services.netlister] - NewPoint {"point": 213, "testname": "gmIdwl_gmid2_1", "event": "NewPoint", "EventSource": "Netlist Service", "HistoryName": "ExplorerRun.0", "logFile": "/home/dtvt_13/duyDUT/logs_dtvt_13/logs0/Service29.log", "logFileSize": "339799"}
\o [2026-04-16 00:50:14.562 +0700] [INFO] [cadence.virtuoso.ade.services.netlister] - Started netlisting {"point": 213, "testname": "gmIdwl_gmid2_1"}
\o Resetting statistical vars
\o 
\o *Info*    Setting parameter values ...
\o 
\o Setting var length = "10.7u"
\o 
\o *Info*    Netlist Directory =
\o           /home/dtvt_13/simulation/gmIdwl/gmid2/maestro/results/maestro/ExplorerRun.0/213/gmIdwl_gmid2_1/netlist
\o 
\o 
\o *Info*    Data Directory    =
\o           /home/dtvt_13/simulation/gmIdwl/gmid2/maestro/results/maestro/ExplorerRun.0/213/gmIdwl_gmid2_1
\o 
\o Reusing AHDL Data dir
\o generate netlist...
\o Ignoring netlist creation since ignoreDesignChangesDuringRun is set to true
\o       ...successful.
\o compose simulator input file...
\o       ...successful.
\o [2026-04-16 00:50:14.869 +0700] [PROCESS] [cadence.virtuoso.ade.services.netlister] - Current memory used: 520.6680 MBytes, peak memory used: 520.6719 MBytes {"hostname": "dtvt_13", "processid": 30914, "testname": "gmIdwl_gmid2_1", "point": 213, "logfile": "/home/dtvt_13/duyDUT/logs_dtvt_13/logs0/Service29.log"}
\o [2026-04-16 00:50:14.870 +0700] [INFO] [cadence.virtuoso.ade.services.netlister] - Finished netlisting {"point": 213, "testname": "gmIdwl_gmid2_1"}
\o [2026-04-16 00:50:14.872 +0700] [EVENT] [cadence.virtuoso.ade.services.netlister] - NewPoint {"point": 214, "testname": "gmIdwl_gmid2_1", "event": "NewPoint", "EventSource": "Netlist Service", "HistoryName": "ExplorerRun.0", "logFile": "/home/dtvt_13/duyDUT/logs_dtvt_13/logs0/Service29.log", "logFileSize": "341366"}
\o [2026-04-16 00:50:14.872 +0700] [INFO] [cadence.virtuoso.ade.services.netlister] - Started netlisting {"point": 214, "testname": "gmIdwl_gmid2_1"}
\o Resetting statistical vars
\o 
\o *Info*    Setting parameter values ...
\o 
\o Setting var length = "10.75u"
\o 
\o *Info*    Netlist Directory =
\o           /home/dtvt_13/simulation/gmIdwl/gmid2/maestro/results/maestro/ExplorerRun.0/214/gmIdwl_gmid2_1/netlist
\o 
\o 
\o *Info*    Data Directory    =
\o           /home/dtvt_13/simulation/gmIdwl/gmid2/maestro/results/maestro/ExplorerRun.0/214/gmIdwl_gmid2_1
\o 
\o Reusing AHDL Data dir
\o generate netlist...
\o Ignoring netlist creation since ignoreDesignChangesDuringRun is set to true
\o       ...successful.
\o compose simulator input file...
\o       ...successful.
\o [2026-04-16 00:50:15.274 +0700] [PROCESS] [cadence.virtuoso.ade.services.netlister] - Current memory used: 520.6680 MBytes, peak memory used: 520.6719 MBytes {"hostname": "dtvt_13", "processid": 30914, "testname": "gmIdwl_gmid2_1", "point": 214, "logfile": "/home/dtvt_13/duyDUT/logs_dtvt_13/logs0/Service29.log"}
\o [2026-04-16 00:50:15.275 +0700] [INFO] [cadence.virtuoso.ade.services.netlister] - Finished netlisting {"point": 214, "testname": "gmIdwl_gmid2_1"}
\o [2026-04-16 00:50:15.276 +0700] [EVENT] [cadence.virtuoso.ade.services.netlister] - NewPoint {"point": 215, "testname": "gmIdwl_gmid2_1", "event": "NewPoint", "EventSource": "Netlist Service", "HistoryName": "ExplorerRun.0", "logFile": "/home/dtvt_13/duyDUT/logs_dtvt_13/logs0/Service29.log", "logFileSize": "342934"}
\o [2026-04-16 00:50:15.277 +0700] [INFO] [cadence.virtuoso.ade.services.netlister] - Started netlisting {"point": 215, "testname": "gmIdwl_gmid2_1"}
\o Resetting statistical vars
\o 
\o *Info*    Setting parameter values ...
\o 
\o Setting var length = "10.8u"
\o 
\o *Info*    Netlist Directory =
\o           /home/dtvt_13/simulation/gmIdwl/gmid2/maestro/results/maestro/ExplorerRun.0/215/gmIdwl_gmid2_1/netlist
\o 
\o 
\o *Info*    Data Directory    =
\o           /home/dtvt_13/simulation/gmIdwl/gmid2/maestro/results/maestro/ExplorerRun.0/215/gmIdwl_gmid2_1
\o 
\o Reusing AHDL Data dir
\o generate netlist...
\o Ignoring netlist creation since ignoreDesignChangesDuringRun is set to true
\o       ...successful.
\o compose simulator input file...
\o       ...successful.
\o [2026-04-16 00:50:15.623 +0700] [PROCESS] [cadence.virtuoso.ade.services.netlister] - Current memory used: 520.6680 MBytes, peak memory used: 520.6719 MBytes {"hostname": "dtvt_13", "processid": 30914, "testname": "gmIdwl_gmid2_1", "point": 215, "logfile": "/home/dtvt_13/duyDUT/logs_dtvt_13/logs0/Service29.log"}
\o [2026-04-16 00:50:15.624 +0700] [INFO] [cadence.virtuoso.ade.services.netlister] - Finished netlisting {"point": 215, "testname": "gmIdwl_gmid2_1"}
\o [2026-04-16 00:50:15.626 +0700] [EVENT] [cadence.virtuoso.ade.services.netlister] - NewPoint {"point": 216, "testname": "gmIdwl_gmid2_1", "event": "NewPoint", "EventSource": "Netlist Service", "HistoryName": "ExplorerRun.0", "logFile": "/home/dtvt_13/duyDUT/logs_dtvt_13/logs0/Service29.log", "logFileSize": "344501"}
\o [2026-04-16 00:50:15.626 +0700] [INFO] [cadence.virtuoso.ade.services.netlister] - Started netlisting {"point": 216, "testname": "gmIdwl_gmid2_1"}
\o Resetting statistical vars
\o 
\o *Info*    Setting parameter values ...
\o 
\o Setting var length = "10.85u"
\o 
\o *Info*    Netlist Directory =
\o           /home/dtvt_13/simulation/gmIdwl/gmid2/maestro/results/maestro/ExplorerRun.0/216/gmIdwl_gmid2_1/netlist
\o 
\o 
\o *Info*    Data Directory    =
\o           /home/dtvt_13/simulation/gmIdwl/gmid2/maestro/results/maestro/ExplorerRun.0/216/gmIdwl_gmid2_1
\o 
\o Reusing AHDL Data dir
\o generate netlist...
\o Ignoring netlist creation since ignoreDesignChangesDuringRun is set to true
\o       ...successful.
\o compose simulator input file...
\o       ...successful.
\o [2026-04-16 00:50:15.938 +0700] [PROCESS] [cadence.virtuoso.ade.services.netlister] - Current memory used: 520.6680 MBytes, peak memory used: 520.6719 MBytes {"hostname": "dtvt_13", "processid": 30914, "testname": "gmIdwl_gmid2_1", "point": 216, "logfile": "/home/dtvt_13/duyDUT/logs_dtvt_13/logs0/Service29.log"}
\o [2026-04-16 00:50:15.939 +0700] [INFO] [cadence.virtuoso.ade.services.netlister] - Finished netlisting {"point": 216, "testname": "gmIdwl_gmid2_1"}
\o [2026-04-16 00:50:15.941 +0700] [EVENT] [cadence.virtuoso.ade.services.netlister] - NewPoint {"point": 217, "testname": "gmIdwl_gmid2_1", "event": "NewPoint", "EventSource": "Netlist Service", "HistoryName": "ExplorerRun.0", "logFile": "/home/dtvt_13/duyDUT/logs_dtvt_13/logs0/Service29.log", "logFileSize": "346069"}
\o [2026-04-16 00:50:15.941 +0700] [INFO] [cadence.virtuoso.ade.services.netlister] - Started netlisting {"point": 217, "testname": "gmIdwl_gmid2_1"}
\o Resetting statistical vars
\o 
\o *Info*    Setting parameter values ...
\o 
\o Setting var length = "10.9u"
\o 
\o *Info*    Netlist Directory =
\o           /home/dtvt_13/simulation/gmIdwl/gmid2/maestro/results/maestro/ExplorerRun.0/217/gmIdwl_gmid2_1/netlist
\o 
\o 
\o *Info*    Data Directory    =
\o           /home/dtvt_13/simulation/gmIdwl/gmid2/maestro/results/maestro/ExplorerRun.0/217/gmIdwl_gmid2_1
\o 
\o Reusing AHDL Data dir
\o generate netlist...
\o Ignoring netlist creation since ignoreDesignChangesDuringRun is set to true
\o       ...successful.
\o compose simulator input file...
\o       ...successful.
\o [2026-04-16 00:50:16.271 +0700] [PROCESS] [cadence.virtuoso.ade.services.netlister] - Current memory used: 520.6680 MBytes, peak memory used: 520.6719 MBytes {"hostname": "dtvt_13", "processid": 30914, "testname": "gmIdwl_gmid2_1", "point": 217, "logfile": "/home/dtvt_13/duyDUT/logs_dtvt_13/logs0/Service29.log"}
\o [2026-04-16 00:50:16.272 +0700] [INFO] [cadence.virtuoso.ade.services.netlister] - Finished netlisting {"point": 217, "testname": "gmIdwl_gmid2_1"}
\o [2026-04-16 00:50:16.275 +0700] [EVENT] [cadence.virtuoso.ade.services.netlister] - NewPoint {"point": 218, "testname": "gmIdwl_gmid2_1", "event": "NewPoint", "EventSource": "Netlist Service", "HistoryName": "ExplorerRun.0", "logFile": "/home/dtvt_13/duyDUT/logs_dtvt_13/logs0/Service29.log", "logFileSize": "347636"}
\o [2026-04-16 00:50:16.275 +0700] [INFO] [cadence.virtuoso.ade.services.netlister] - Started netlisting {"point": 218, "testname": "gmIdwl_gmid2_1"}
\o Resetting statistical vars
\o 
\o *Info*    Setting parameter values ...
\o 
\o Setting var length = "10.95u"
\o 
\o *Info*    Netlist Directory =
\o           /home/dtvt_13/simulation/gmIdwl/gmid2/maestro/results/maestro/ExplorerRun.0/218/gmIdwl_gmid2_1/netlist
\o 
\o 
\o *Info*    Data Directory    =
\o           /home/dtvt_13/simulation/gmIdwl/gmid2/maestro/results/maestro/ExplorerRun.0/218/gmIdwl_gmid2_1
\o 
\o Reusing AHDL Data dir
\o generate netlist...
\o Ignoring netlist creation since ignoreDesignChangesDuringRun is set to true
\o       ...successful.
\o compose simulator input file...
\o       ...successful.
\o [2026-04-16 00:50:16.647 +0700] [PROCESS] [cadence.virtuoso.ade.services.netlister] - Current memory used: 520.6680 MBytes, peak memory used: 520.6719 MBytes {"hostname": "dtvt_13", "processid": 30914, "testname": "gmIdwl_gmid2_1", "point": 218, "logfile": "/home/dtvt_13/duyDUT/logs_dtvt_13/logs0/Service29.log"}
\o [2026-04-16 00:50:16.648 +0700] [INFO] [cadence.virtuoso.ade.services.netlister] - Finished netlisting {"point": 218, "testname": "gmIdwl_gmid2_1"}
\o [2026-04-16 00:50:16.650 +0700] [EVENT] [cadence.virtuoso.ade.services.netlister] - NewPoint {"point": 219, "testname": "gmIdwl_gmid2_1", "event": "NewPoint", "EventSource": "Netlist Service", "HistoryName": "ExplorerRun.0", "logFile": "/home/dtvt_13/duyDUT/logs_dtvt_13/logs0/Service29.log", "logFileSize": "349204"}
\o [2026-04-16 00:50:16.650 +0700] [INFO] [cadence.virtuoso.ade.services.netlister] - Started netlisting {"point": 219, "testname": "gmIdwl_gmid2_1"}
\o Resetting statistical vars
\o 
\o *Info*    Setting parameter values ...
\o 
\o Setting var length = "11u"
\o 
\o *Info*    Netlist Directory =
\o           /home/dtvt_13/simulation/gmIdwl/gmid2/maestro/results/maestro/ExplorerRun.0/219/gmIdwl_gmid2_1/netlist
\o 
\o 
\o *Info*    Data Directory    =
\o           /home/dtvt_13/simulation/gmIdwl/gmid2/maestro/results/maestro/ExplorerRun.0/219/gmIdwl_gmid2_1
\o 
\o Reusing AHDL Data dir
\o generate netlist...
\o Ignoring netlist creation since ignoreDesignChangesDuringRun is set to true
\o       ...successful.
\o compose simulator input file...
\o       ...successful.
\o [2026-04-16 00:50:17.015 +0700] [PROCESS] [cadence.virtuoso.ade.services.netlister] - Current memory used: 520.6680 MBytes, peak memory used: 520.6719 MBytes {"hostname": "dtvt_13", "processid": 30914, "testname": "gmIdwl_gmid2_1", "point": 219, "logfile": "/home/dtvt_13/duyDUT/logs_dtvt_13/logs0/Service29.log"}
\o [2026-04-16 00:50:17.016 +0700] [INFO] [cadence.virtuoso.ade.services.netlister] - Finished netlisting {"point": 219, "testname": "gmIdwl_gmid2_1"}
\o [2026-04-16 00:50:17.018 +0700] [EVENT] [cadence.virtuoso.ade.services.netlister] - NewPoint {"point": 220, "testname": "gmIdwl_gmid2_1", "event": "NewPoint", "EventSource": "Netlist Service", "HistoryName": "ExplorerRun.0", "logFile": "/home/dtvt_13/duyDUT/logs_dtvt_13/logs0/Service29.log", "logFileSize": "350769"}
\o [2026-04-16 00:50:17.018 +0700] [INFO] [cadence.virtuoso.ade.services.netlister] - Started netlisting {"point": 220, "testname": "gmIdwl_gmid2_1"}
\o Resetting statistical vars
\o 
\o *Info*    Setting parameter values ...
\o 
\o Setting var length = "11.05u"
\o 
\o *Info*    Netlist Directory =
\o           /home/dtvt_13/simulation/gmIdwl/gmid2/maestro/results/maestro/ExplorerRun.0/220/gmIdwl_gmid2_1/netlist
\o 
\o 
\o *Info*    Data Directory    =
\o           /home/dtvt_13/simulation/gmIdwl/gmid2/maestro/results/maestro/ExplorerRun.0/220/gmIdwl_gmid2_1
\o 
\o Reusing AHDL Data dir
\o generate netlist...
\o Ignoring netlist creation since ignoreDesignChangesDuringRun is set to true
\o       ...successful.
\o compose simulator input file...
\o       ...successful.
\o [2026-04-16 00:50:17.477 +0700] [PROCESS] [cadence.virtuoso.ade.services.netlister] - Current memory used: 520.6680 MBytes, peak memory used: 520.6719 MBytes {"hostname": "dtvt_13", "processid": 30914, "testname": "gmIdwl_gmid2_1", "point": 220, "logfile": "/home/dtvt_13/duyDUT/logs_dtvt_13/logs0/Service29.log"}
\o [2026-04-16 00:50:17.478 +0700] [INFO] [cadence.virtuoso.ade.services.netlister] - Finished netlisting {"point": 220, "testname": "gmIdwl_gmid2_1"}
\o [2026-04-16 00:50:17.481 +0700] [EVENT] [cadence.virtuoso.ade.services.netlister] - NewPoint {"point": 221, "testname": "gmIdwl_gmid2_1", "event": "NewPoint", "EventSource": "Netlist Service", "HistoryName": "ExplorerRun.0", "logFile": "/home/dtvt_13/duyDUT/logs_dtvt_13/logs0/Service29.log", "logFileSize": "352337"}
\o [2026-04-16 00:50:17.481 +0700] [INFO] [cadence.virtuoso.ade.services.netlister] - Started netlisting {"point": 221, "testname": "gmIdwl_gmid2_1"}
\o Resetting statistical vars
\o 
\o *Info*    Setting parameter values ...
\o 
\o Setting var length = "11.1u"
\o 
\o *Info*    Netlist Directory =
\o           /home/dtvt_13/simulation/gmIdwl/gmid2/maestro/results/maestro/ExplorerRun.0/221/gmIdwl_gmid2_1/netlist
\o 
\o 
\o *Info*    Data Directory    =
\o           /home/dtvt_13/simulation/gmIdwl/gmid2/maestro/results/maestro/ExplorerRun.0/221/gmIdwl_gmid2_1
\o 
\o Reusing AHDL Data dir
\o generate netlist...
\o Ignoring netlist creation since ignoreDesignChangesDuringRun is set to true
\o       ...successful.
\o compose simulator input file...
\o       ...successful.
\o [2026-04-16 00:50:17.849 +0700] [PROCESS] [cadence.virtuoso.ade.services.netlister] - Current memory used: 520.6680 MBytes, peak memory used: 520.6719 MBytes {"hostname": "dtvt_13", "processid": 30914, "testname": "gmIdwl_gmid2_1", "point": 221, "logfile": "/home/dtvt_13/duyDUT/logs_dtvt_13/logs0/Service29.log"}
\o [2026-04-16 00:50:17.850 +0700] [INFO] [cadence.virtuoso.ade.services.netlister] - Finished netlisting {"point": 221, "testname": "gmIdwl_gmid2_1"}
\o [2026-04-16 00:50:17.853 +0700] [EVENT] [cadence.virtuoso.ade.services.netlister] - NewPoint {"point": 222, "testname": "gmIdwl_gmid2_1", "event": "NewPoint", "EventSource": "Netlist Service", "HistoryName": "ExplorerRun.0", "logFile": "/home/dtvt_13/duyDUT/logs_dtvt_13/logs0/Service29.log", "logFileSize": "353904"}
\o [2026-04-16 00:50:17.853 +0700] [INFO] [cadence.virtuoso.ade.services.netlister] - Started netlisting {"point": 222, "testname": "gmIdwl_gmid2_1"}
\o Resetting statistical vars
\o 
\o *Info*    Setting parameter values ...
\o 
\o Setting var length = "11.15u"
\o 
\o *Info*    Netlist Directory =
\o           /home/dtvt_13/simulation/gmIdwl/gmid2/maestro/results/maestro/ExplorerRun.0/222/gmIdwl_gmid2_1/netlist
\o 
\o 
\o *Info*    Data Directory    =
\o           /home/dtvt_13/simulation/gmIdwl/gmid2/maestro/results/maestro/ExplorerRun.0/222/gmIdwl_gmid2_1
\o 
\o Reusing AHDL Data dir
\o generate netlist...
\o Ignoring netlist creation since ignoreDesignChangesDuringRun is set to true
\o       ...successful.
\o compose simulator input file...
\o       ...successful.
\o [2026-04-16 00:50:18.294 +0700] [PROCESS] [cadence.virtuoso.ade.services.netlister] - Current memory used: 520.6680 MBytes, peak memory used: 520.6719 MBytes {"hostname": "dtvt_13", "processid": 30914, "testname": "gmIdwl_gmid2_1", "point": 222, "logfile": "/home/dtvt_13/duyDUT/logs_dtvt_13/logs0/Service29.log"}
\o [2026-04-16 00:50:18.295 +0700] [INFO] [cadence.virtuoso.ade.services.netlister] - Finished netlisting {"point": 222, "testname": "gmIdwl_gmid2_1"}
\o [2026-04-16 00:50:18.296 +0700] [EVENT] [cadence.virtuoso.ade.services.netlister] - NewPoint {"point": 223, "testname": "gmIdwl_gmid2_1", "event": "NewPoint", "EventSource": "Netlist Service", "HistoryName": "ExplorerRun.0", "logFile": "/home/dtvt_13/duyDUT/logs_dtvt_13/logs0/Service29.log", "logFileSize": "355472"}
\o [2026-04-16 00:50:18.297 +0700] [INFO] [cadence.virtuoso.ade.services.netlister] - Started netlisting {"point": 223, "testname": "gmIdwl_gmid2_1"}
\o Resetting statistical vars
\o 
\o *Info*    Setting parameter values ...
\o 
\o Setting var length = "11.2u"
\o 
\o *Info*    Netlist Directory =
\o           /home/dtvt_13/simulation/gmIdwl/gmid2/maestro/results/maestro/ExplorerRun.0/223/gmIdwl_gmid2_1/netlist
\o 
\o 
\o *Info*    Data Directory    =
\o           /home/dtvt_13/simulation/gmIdwl/gmid2/maestro/results/maestro/ExplorerRun.0/223/gmIdwl_gmid2_1
\o 
\o Reusing AHDL Data dir
\o generate netlist...
\o Ignoring netlist creation since ignoreDesignChangesDuringRun is set to true
\o       ...successful.
\o compose simulator input file...
\o       ...successful.
\o [2026-04-16 00:50:18.734 +0700] [PROCESS] [cadence.virtuoso.ade.services.netlister] - Current memory used: 520.6680 MBytes, peak memory used: 520.6719 MBytes {"hostname": "dtvt_13", "processid": 30914, "testname": "gmIdwl_gmid2_1", "point": 223, "logfile": "/home/dtvt_13/duyDUT/logs_dtvt_13/logs0/Service29.log"}
\o [2026-04-16 00:50:18.735 +0700] [INFO] [cadence.virtuoso.ade.services.netlister] - Finished netlisting {"point": 223, "testname": "gmIdwl_gmid2_1"}
\o [2026-04-16 00:50:18.737 +0700] [EVENT] [cadence.virtuoso.ade.services.netlister] - NewPoint {"point": 224, "testname": "gmIdwl_gmid2_1", "event": "NewPoint", "EventSource": "Netlist Service", "HistoryName": "ExplorerRun.0", "logFile": "/home/dtvt_13/duyDUT/logs_dtvt_13/logs0/Service29.log", "logFileSize": "357039"}
\o [2026-04-16 00:50:18.737 +0700] [INFO] [cadence.virtuoso.ade.services.netlister] - Started netlisting {"point": 224, "testname": "gmIdwl_gmid2_1"}
\o Resetting statistical vars
\o 
\o *Info*    Setting parameter values ...
\o 
\o Setting var length = "11.25u"
\o 
\o *Info*    Netlist Directory =
\o           /home/dtvt_13/simulation/gmIdwl/gmid2/maestro/results/maestro/ExplorerRun.0/224/gmIdwl_gmid2_1/netlist
\o 
\o 
\o *Info*    Data Directory    =
\o           /home/dtvt_13/simulation/gmIdwl/gmid2/maestro/results/maestro/ExplorerRun.0/224/gmIdwl_gmid2_1
\o 
\o Reusing AHDL Data dir
\o generate netlist...
\o Ignoring netlist creation since ignoreDesignChangesDuringRun is set to true
\o       ...successful.
\o compose simulator input file...
\o       ...successful.
\o [2026-04-16 00:50:19.154 +0700] [PROCESS] [cadence.virtuoso.ade.services.netlister] - Current memory used: 520.6680 MBytes, peak memory used: 520.6719 MBytes {"hostname": "dtvt_13", "processid": 30914, "testname": "gmIdwl_gmid2_1", "point": 224, "logfile": "/home/dtvt_13/duyDUT/logs_dtvt_13/logs0/Service29.log"}
\o [2026-04-16 00:50:19.155 +0700] [INFO] [cadence.virtuoso.ade.services.netlister] - Finished netlisting {"point": 224, "testname": "gmIdwl_gmid2_1"}
\o [2026-04-16 00:50:19.156 +0700] [EVENT] [cadence.virtuoso.ade.services.netlister] - NewPoint {"point": 225, "testname": "gmIdwl_gmid2_1", "event": "NewPoint", "EventSource": "Netlist Service", "HistoryName": "ExplorerRun.0", "logFile": "/home/dtvt_13/duyDUT/logs_dtvt_13/logs0/Service29.log", "logFileSize": "358607"}
\o [2026-04-16 00:50:19.156 +0700] [INFO] [cadence.virtuoso.ade.services.netlister] - Started netlisting {"point": 225, "testname": "gmIdwl_gmid2_1"}
\o Resetting statistical vars
\o 
\o *Info*    Setting parameter values ...
\o 
\o Setting var length = "11.3u"
\o 
\o *Info*    Netlist Directory =
\o           /home/dtvt_13/simulation/gmIdwl/gmid2/maestro/results/maestro/ExplorerRun.0/225/gmIdwl_gmid2_1/netlist
\o 
\o 
\o *Info*    Data Directory    =
\o           /home/dtvt_13/simulation/gmIdwl/gmid2/maestro/results/maestro/ExplorerRun.0/225/gmIdwl_gmid2_1
\o 
\o Reusing AHDL Data dir
\o generate netlist...
\o Ignoring netlist creation since ignoreDesignChangesDuringRun is set to true
\o       ...successful.
\o compose simulator input file...
\o       ...successful.
\o [2026-04-16 00:50:19.557 +0700] [PROCESS] [cadence.virtuoso.ade.services.netlister] - Current memory used: 520.6680 MBytes, peak memory used: 520.6719 MBytes {"hostname": "dtvt_13", "processid": 30914, "testname": "gmIdwl_gmid2_1", "point": 225, "logfile": "/home/dtvt_13/duyDUT/logs_dtvt_13/logs0/Service29.log"}
\o [2026-04-16 00:50:19.558 +0700] [INFO] [cadence.virtuoso.ade.services.netlister] - Finished netlisting {"point": 225, "testname": "gmIdwl_gmid2_1"}
\o [2026-04-16 00:50:19.558 +0700] [EVENT] [cadence.virtuoso.ade.services.netlister] - NewPoint {"point": 226, "testname": "gmIdwl_gmid2_1", "event": "NewPoint", "EventSource": "Netlist Service", "HistoryName": "ExplorerRun.0", "logFile": "/home/dtvt_13/duyDUT/logs_dtvt_13/logs0/Service29.log", "logFileSize": "360174"}
\o [2026-04-16 00:50:19.558 +0700] [INFO] [cadence.virtuoso.ade.services.netlister] - Started netlisting {"point": 226, "testname": "gmIdwl_gmid2_1"}
\o Resetting statistical vars
\o 
\o *Info*    Setting parameter values ...
\o 
\o Setting var length = "11.35u"
\o 
\o *Info*    Netlist Directory =
\o           /home/dtvt_13/simulation/gmIdwl/gmid2/maestro/results/maestro/ExplorerRun.0/226/gmIdwl_gmid2_1/netlist
\o 
\o 
\o *Info*    Data Directory    =
\o           /home/dtvt_13/simulation/gmIdwl/gmid2/maestro/results/maestro/ExplorerRun.0/226/gmIdwl_gmid2_1
\o 
\o Reusing AHDL Data dir
\o generate netlist...
\o Ignoring netlist creation since ignoreDesignChangesDuringRun is set to true
\o       ...successful.
\o compose simulator input file...
\o       ...successful.
\o [2026-04-16 00:50:19.825 +0700] [PROCESS] [cadence.virtuoso.ade.services.netlister] - Current memory used: 520.6680 MBytes, peak memory used: 520.6719 MBytes {"hostname": "dtvt_13", "processid": 30914, "testname": "gmIdwl_gmid2_1", "point": 226, "logfile": "/home/dtvt_13/duyDUT/logs_dtvt_13/logs0/Service29.log"}
\o [2026-04-16 00:50:19.825 +0700] [INFO] [cadence.virtuoso.ade.services.netlister] - Finished netlisting {"point": 226, "testname": "gmIdwl_gmid2_1"}
\o [2026-04-16 00:50:19.827 +0700] [EVENT] [cadence.virtuoso.ade.services.netlister] - NewPoint {"point": 227, "testname": "gmIdwl_gmid2_1", "event": "NewPoint", "EventSource": "Netlist Service", "HistoryName": "ExplorerRun.0", "logFile": "/home/dtvt_13/duyDUT/logs_dtvt_13/logs0/Service29.log", "logFileSize": "361742"}
\o [2026-04-16 00:50:19.828 +0700] [INFO] [cadence.virtuoso.ade.services.netlister] - Started netlisting {"point": 227, "testname": "gmIdwl_gmid2_1"}
\o Resetting statistical vars
\o 
\o *Info*    Setting parameter values ...
\o 
\o Setting var length = "11.4u"
\o 
\o *Info*    Netlist Directory =
\o           /home/dtvt_13/simulation/gmIdwl/gmid2/maestro/results/maestro/ExplorerRun.0/227/gmIdwl_gmid2_1/netlist
\o 
\o 
\o *Info*    Data Directory    =
\o           /home/dtvt_13/simulation/gmIdwl/gmid2/maestro/results/maestro/ExplorerRun.0/227/gmIdwl_gmid2_1
\o 
\o Reusing AHDL Data dir
\o generate netlist...
\o Ignoring netlist creation since ignoreDesignChangesDuringRun is set to true
\o       ...successful.
\o compose simulator input file...
\o       ...successful.
\o [2026-04-16 00:50:20.273 +0700] [PROCESS] [cadence.virtuoso.ade.services.netlister] - Current memory used: 520.6680 MBytes, peak memory used: 520.6719 MBytes {"hostname": "dtvt_13", "processid": 30914, "testname": "gmIdwl_gmid2_1", "point": 227, "logfile": "/home/dtvt_13/duyDUT/logs_dtvt_13/logs0/Service29.log"}
\o [2026-04-16 00:50:20.274 +0700] [INFO] [cadence.virtuoso.ade.services.netlister] - Finished netlisting {"point": 227, "testname": "gmIdwl_gmid2_1"}
\o [2026-04-16 00:50:20.276 +0700] [EVENT] [cadence.virtuoso.ade.services.netlister] - NewPoint {"point": 228, "testname": "gmIdwl_gmid2_1", "event": "NewPoint", "EventSource": "Netlist Service", "HistoryName": "ExplorerRun.0", "logFile": "/home/dtvt_13/duyDUT/logs_dtvt_13/logs0/Service29.log", "logFileSize": "363309"}
\o [2026-04-16 00:50:20.276 +0700] [INFO] [cadence.virtuoso.ade.services.netlister] - Started netlisting {"point": 228, "testname": "gmIdwl_gmid2_1"}
\o Resetting statistical vars
\o 
\o *Info*    Setting parameter values ...
\o 
\o Setting var length = "11.45u"
\o 
\o *Info*    Netlist Directory =
\o           /home/dtvt_13/simulation/gmIdwl/gmid2/maestro/results/maestro/ExplorerRun.0/228/gmIdwl_gmid2_1/netlist
\o 
\o 
\o *Info*    Data Directory    =
\o           /home/dtvt_13/simulation/gmIdwl/gmid2/maestro/results/maestro/ExplorerRun.0/228/gmIdwl_gmid2_1
\o 
\o Reusing AHDL Data dir
\o generate netlist...
\o Ignoring netlist creation since ignoreDesignChangesDuringRun is set to true
\o       ...successful.
\o compose simulator input file...
\o       ...successful.
\o [2026-04-16 00:50:20.692 +0700] [PROCESS] [cadence.virtuoso.ade.services.netlister] - Current memory used: 520.6680 MBytes, peak memory used: 520.6719 MBytes {"hostname": "dtvt_13", "processid": 30914, "testname": "gmIdwl_gmid2_1", "point": 228, "logfile": "/home/dtvt_13/duyDUT/logs_dtvt_13/logs0/Service29.log"}
\o [2026-04-16 00:50:20.693 +0700] [INFO] [cadence.virtuoso.ade.services.netlister] - Finished netlisting {"point": 228, "testname": "gmIdwl_gmid2_1"}
\o [2026-04-16 00:50:20.695 +0700] [EVENT] [cadence.virtuoso.ade.services.netlister] - NewPoint {"point": 229, "testname": "gmIdwl_gmid2_1", "event": "NewPoint", "EventSource": "Netlist Service", "HistoryName": "ExplorerRun.0", "logFile": "/home/dtvt_13/duyDUT/logs_dtvt_13/logs0/Service29.log", "logFileSize": "364877"}
\o [2026-04-16 00:50:20.696 +0700] [INFO] [cadence.virtuoso.ade.services.netlister] - Started netlisting {"point": 229, "testname": "gmIdwl_gmid2_1"}
\o Resetting statistical vars
\o 
\o *Info*    Setting parameter values ...
\o 
\o Setting var length = "11.5u"
\o 
\o *Info*    Netlist Directory =
\o           /home/dtvt_13/simulation/gmIdwl/gmid2/maestro/results/maestro/ExplorerRun.0/229/gmIdwl_gmid2_1/netlist
\o 
\o 
\o *Info*    Data Directory    =
\o           /home/dtvt_13/simulation/gmIdwl/gmid2/maestro/results/maestro/ExplorerRun.0/229/gmIdwl_gmid2_1
\o 
\o Reusing AHDL Data dir
\o generate netlist...
\o Ignoring netlist creation since ignoreDesignChangesDuringRun is set to true
\o       ...successful.
\o compose simulator input file...
\o       ...successful.
\o [2026-04-16 00:50:21.129 +0700] [PROCESS] [cadence.virtuoso.ade.services.netlister] - Current memory used: 520.6680 MBytes, peak memory used: 520.6719 MBytes {"hostname": "dtvt_13", "processid": 30914, "testname": "gmIdwl_gmid2_1", "point": 229, "logfile": "/home/dtvt_13/duyDUT/logs_dtvt_13/logs0/Service29.log"}
\o [2026-04-16 00:50:21.130 +0700] [INFO] [cadence.virtuoso.ade.services.netlister] - Finished netlisting {"point": 229, "testname": "gmIdwl_gmid2_1"}
\o [2026-04-16 00:50:21.130 +0700] [EVENT] [cadence.virtuoso.ade.services.netlister] - NewPoint {"point": 230, "testname": "gmIdwl_gmid2_1", "event": "NewPoint", "EventSource": "Netlist Service", "HistoryName": "ExplorerRun.0", "logFile": "/home/dtvt_13/duyDUT/logs_dtvt_13/logs0/Service29.log", "logFileSize": "366444"}
\o [2026-04-16 00:50:21.130 +0700] [INFO] [cadence.virtuoso.ade.services.netlister] - Started netlisting {"point": 230, "testname": "gmIdwl_gmid2_1"}
\o Resetting statistical vars
\o 
\o *Info*    Setting parameter values ...
\o 
\o Setting var length = "11.55u"
\o 
\o *Info*    Netlist Directory =
\o           /home/dtvt_13/simulation/gmIdwl/gmid2/maestro/results/maestro/ExplorerRun.0/230/gmIdwl_gmid2_1/netlist
\o 
\o 
\o *Info*    Data Directory    =
\o           /home/dtvt_13/simulation/gmIdwl/gmid2/maestro/results/maestro/ExplorerRun.0/230/gmIdwl_gmid2_1
\o 
\o Reusing AHDL Data dir
\o generate netlist...
\o Ignoring netlist creation since ignoreDesignChangesDuringRun is set to true
\o       ...successful.
\o compose simulator input file...
\o       ...successful.
\o [2026-04-16 00:50:22.070 +0700] [PROCESS] [cadence.virtuoso.ade.services.netlister] - Current memory used: 520.8789 MBytes, peak memory used: 520.8828 MBytes {"hostname": "dtvt_13", "processid": 30914, "testname": "gmIdwl_gmid2_1", "point": 230, "logfile": "/home/dtvt_13/duyDUT/logs_dtvt_13/logs0/Service29.log"}
\o [2026-04-16 00:50:22.071 +0700] [INFO] [cadence.virtuoso.ade.services.netlister] - Finished netlisting {"point": 230, "testname": "gmIdwl_gmid2_1"}
\o [2026-04-16 00:50:22.073 +0700] [EVENT] [cadence.virtuoso.ade.services.netlister] - NewPoint {"point": 231, "testname": "gmIdwl_gmid2_1", "event": "NewPoint", "EventSource": "Netlist Service", "HistoryName": "ExplorerRun.0", "logFile": "/home/dtvt_13/duyDUT/logs_dtvt_13/logs0/Service29.log", "logFileSize": "368012"}
\o [2026-04-16 00:50:22.074 +0700] [INFO] [cadence.virtuoso.ade.services.netlister] - Started netlisting {"point": 231, "testname": "gmIdwl_gmid2_1"}
\o Resetting statistical vars
\o 
\o *Info*    Setting parameter values ...
\o 
\o Setting var length = "11.6u"
\o 
\o *Info*    Netlist Directory =
\o           /home/dtvt_13/simulation/gmIdwl/gmid2/maestro/results/maestro/ExplorerRun.0/231/gmIdwl_gmid2_1/netlist
\o 
\o 
\o *Info*    Data Directory    =
\o           /home/dtvt_13/simulation/gmIdwl/gmid2/maestro/results/maestro/ExplorerRun.0/231/gmIdwl_gmid2_1
\o 
\o Reusing AHDL Data dir
\o generate netlist...
\o Ignoring netlist creation since ignoreDesignChangesDuringRun is set to true
\o       ...successful.
\o compose simulator input file...
\o       ...successful.
\o [2026-04-16 00:50:22.389 +0700] [PROCESS] [cadence.virtuoso.ade.services.netlister] - Current memory used: 520.8789 MBytes, peak memory used: 520.8828 MBytes {"hostname": "dtvt_13", "processid": 30914, "testname": "gmIdwl_gmid2_1", "point": 231, "logfile": "/home/dtvt_13/duyDUT/logs_dtvt_13/logs0/Service29.log"}
\o [2026-04-16 00:50:22.389 +0700] [INFO] [cadence.virtuoso.ade.services.netlister] - Finished netlisting {"point": 231, "testname": "gmIdwl_gmid2_1"}
\o [2026-04-16 00:50:22.391 +0700] [EVENT] [cadence.virtuoso.ade.services.netlister] - NewPoint {"point": 232, "testname": "gmIdwl_gmid2_1", "event": "NewPoint", "EventSource": "Netlist Service", "HistoryName": "ExplorerRun.0", "logFile": "/home/dtvt_13/duyDUT/logs_dtvt_13/logs0/Service29.log", "logFileSize": "369579"}
\o [2026-04-16 00:50:22.391 +0700] [INFO] [cadence.virtuoso.ade.services.netlister] - Started netlisting {"point": 232, "testname": "gmIdwl_gmid2_1"}
\o Resetting statistical vars
\o 
\o *Info*    Setting parameter values ...
\o 
\o Setting var length = "11.65u"
\o 
\o *Info*    Netlist Directory =
\o           /home/dtvt_13/simulation/gmIdwl/gmid2/maestro/results/maestro/ExplorerRun.0/232/gmIdwl_gmid2_1/netlist
\o 
\o 
\o *Info*    Data Directory    =
\o           /home/dtvt_13/simulation/gmIdwl/gmid2/maestro/results/maestro/ExplorerRun.0/232/gmIdwl_gmid2_1
\o 
\o Reusing AHDL Data dir
\o generate netlist...
\o Ignoring netlist creation since ignoreDesignChangesDuringRun is set to true
\o       ...successful.
\o compose simulator input file...
\o       ...successful.
\o [2026-04-16 00:50:22.696 +0700] [PROCESS] [cadence.virtuoso.ade.services.netlister] - Current memory used: 520.8789 MBytes, peak memory used: 520.8828 MBytes {"hostname": "dtvt_13", "processid": 30914, "testname": "gmIdwl_gmid2_1", "point": 232, "logfile": "/home/dtvt_13/duyDUT/logs_dtvt_13/logs0/Service29.log"}
\o [2026-04-16 00:50:22.696 +0700] [INFO] [cadence.virtuoso.ade.services.netlister] - Finished netlisting {"point": 232, "testname": "gmIdwl_gmid2_1"}
\o [2026-04-16 00:50:22.698 +0700] [EVENT] [cadence.virtuoso.ade.services.netlister] - NewPoint {"point": 233, "testname": "gmIdwl_gmid2_1", "event": "NewPoint", "EventSource": "Netlist Service", "HistoryName": "ExplorerRun.0", "logFile": "/home/dtvt_13/duyDUT/logs_dtvt_13/logs0/Service29.log", "logFileSize": "371147"}
\o [2026-04-16 00:50:22.698 +0700] [INFO] [cadence.virtuoso.ade.services.netlister] - Started netlisting {"point": 233, "testname": "gmIdwl_gmid2_1"}
\o Resetting statistical vars
\o 
\o *Info*    Setting parameter values ...
\o 
\o Setting var length = "11.7u"
\o 
\o *Info*    Netlist Directory =
\o           /home/dtvt_13/simulation/gmIdwl/gmid2/maestro/results/maestro/ExplorerRun.0/233/gmIdwl_gmid2_1/netlist
\o 
\o 
\o *Info*    Data Directory    =
\o           /home/dtvt_13/simulation/gmIdwl/gmid2/maestro/results/maestro/ExplorerRun.0/233/gmIdwl_gmid2_1
\o 
\o Reusing AHDL Data dir
\o generate netlist...
\o Ignoring netlist creation since ignoreDesignChangesDuringRun is set to true
\o       ...successful.
\o compose simulator input file...
\o       ...successful.
\o [2026-04-16 00:50:22.997 +0700] [PROCESS] [cadence.virtuoso.ade.services.netlister] - Current memory used: 520.8789 MBytes, peak memory used: 520.8828 MBytes {"hostname": "dtvt_13", "processid": 30914, "testname": "gmIdwl_gmid2_1", "point": 233, "logfile": "/home/dtvt_13/duyDUT/logs_dtvt_13/logs0/Service29.log"}
\o [2026-04-16 00:50:22.997 +0700] [INFO] [cadence.virtuoso.ade.services.netlister] - Finished netlisting {"point": 233, "testname": "gmIdwl_gmid2_1"}
\o [2026-04-16 00:50:22.998 +0700] [EVENT] [cadence.virtuoso.ade.services.netlister] - NewPoint {"point": 234, "testname": "gmIdwl_gmid2_1", "event": "NewPoint", "EventSource": "Netlist Service", "HistoryName": "ExplorerRun.0", "logFile": "/home/dtvt_13/duyDUT/logs_dtvt_13/logs0/Service29.log", "logFileSize": "372714"}
\o [2026-04-16 00:50:22.998 +0700] [INFO] [cadence.virtuoso.ade.services.netlister] - Started netlisting {"point": 234, "testname": "gmIdwl_gmid2_1"}
\o Resetting statistical vars
\o 
\o *Info*    Setting parameter values ...
\o 
\o Setting var length = "11.75u"
\o 
\o *Info*    Netlist Directory =
\o           /home/dtvt_13/simulation/gmIdwl/gmid2/maestro/results/maestro/ExplorerRun.0/234/gmIdwl_gmid2_1/netlist
\o 
\o 
\o *Info*    Data Directory    =
\o           /home/dtvt_13/simulation/gmIdwl/gmid2/maestro/results/maestro/ExplorerRun.0/234/gmIdwl_gmid2_1
\o 
\o Reusing AHDL Data dir
\o generate netlist...
\o Ignoring netlist creation since ignoreDesignChangesDuringRun is set to true
\o       ...successful.
\o compose simulator input file...
\o       ...successful.
\o [2026-04-16 00:50:23.222 +0700] [PROCESS] [cadence.virtuoso.ade.services.netlister] - Current memory used: 520.8789 MBytes, peak memory used: 520.8828 MBytes {"hostname": "dtvt_13", "processid": 30914, "testname": "gmIdwl_gmid2_1", "point": 234, "logfile": "/home/dtvt_13/duyDUT/logs_dtvt_13/logs0/Service29.log"}
\o [2026-04-16 00:50:23.222 +0700] [INFO] [cadence.virtuoso.ade.services.netlister] - Finished netlisting {"point": 234, "testname": "gmIdwl_gmid2_1"}
\o [2026-04-16 00:50:23.223 +0700] [EVENT] [cadence.virtuoso.ade.services.netlister] - NewPoint {"point": 235, "testname": "gmIdwl_gmid2_1", "event": "NewPoint", "EventSource": "Netlist Service", "HistoryName": "ExplorerRun.0", "logFile": "/home/dtvt_13/duyDUT/logs_dtvt_13/logs0/Service29.log", "logFileSize": "374282"}
\o [2026-04-16 00:50:23.223 +0700] [INFO] [cadence.virtuoso.ade.services.netlister] - Started netlisting {"point": 235, "testname": "gmIdwl_gmid2_1"}
\o Resetting statistical vars
\o 
\o *Info*    Setting parameter values ...
\o 
\o Setting var length = "11.8u"
\o 
\o *Info*    Netlist Directory =
\o           /home/dtvt_13/simulation/gmIdwl/gmid2/maestro/results/maestro/ExplorerRun.0/235/gmIdwl_gmid2_1/netlist
\o 
\o 
\o *Info*    Data Directory    =
\o           /home/dtvt_13/simulation/gmIdwl/gmid2/maestro/results/maestro/ExplorerRun.0/235/gmIdwl_gmid2_1
\o 
\o Reusing AHDL Data dir
\o generate netlist...
\o Ignoring netlist creation since ignoreDesignChangesDuringRun is set to true
\o       ...successful.
\o compose simulator input file...
\o       ...successful.
\o [2026-04-16 00:50:23.481 +0700] [PROCESS] [cadence.virtuoso.ade.services.netlister] - Current memory used: 520.8789 MBytes, peak memory used: 520.8828 MBytes {"hostname": "dtvt_13", "processid": 30914, "testname": "gmIdwl_gmid2_1", "point": 235, "logfile": "/home/dtvt_13/duyDUT/logs_dtvt_13/logs0/Service29.log"}
\o [2026-04-16 00:50:23.482 +0700] [INFO] [cadence.virtuoso.ade.services.netlister] - Finished netlisting {"point": 235, "testname": "gmIdwl_gmid2_1"}
\o [2026-04-16 00:50:23.483 +0700] [EVENT] [cadence.virtuoso.ade.services.netlister] - NewPoint {"point": 236, "testname": "gmIdwl_gmid2_1", "event": "NewPoint", "EventSource": "Netlist Service", "HistoryName": "ExplorerRun.0", "logFile": "/home/dtvt_13/duyDUT/logs_dtvt_13/logs0/Service29.log", "logFileSize": "375849"}
\o [2026-04-16 00:50:23.483 +0700] [INFO] [cadence.virtuoso.ade.services.netlister] - Started netlisting {"point": 236, "testname": "gmIdwl_gmid2_1"}
\o Resetting statistical vars
\o 
\o *Info*    Setting parameter values ...
\o 
\o Setting var length = "11.85u"
\o 
\o *Info*    Netlist Directory =
\o           /home/dtvt_13/simulation/gmIdwl/gmid2/maestro/results/maestro/ExplorerRun.0/236/gmIdwl_gmid2_1/netlist
\o 
\o 
\o *Info*    Data Directory    =
\o           /home/dtvt_13/simulation/gmIdwl/gmid2/maestro/results/maestro/ExplorerRun.0/236/gmIdwl_gmid2_1
\o 
\o Reusing AHDL Data dir
\o generate netlist...
\o Ignoring netlist creation since ignoreDesignChangesDuringRun is set to true
\o       ...successful.
\o compose simulator input file...
\o       ...successful.
\o [2026-04-16 00:50:23.774 +0700] [PROCESS] [cadence.virtuoso.ade.services.netlister] - Current memory used: 520.8789 MBytes, peak memory used: 520.8828 MBytes {"hostname": "dtvt_13", "processid": 30914, "testname": "gmIdwl_gmid2_1", "point": 236, "logfile": "/home/dtvt_13/duyDUT/logs_dtvt_13/logs0/Service29.log"}
\o [2026-04-16 00:50:23.774 +0700] [INFO] [cadence.virtuoso.ade.services.netlister] - Finished netlisting {"point": 236, "testname": "gmIdwl_gmid2_1"}
\o [2026-04-16 00:50:23.775 +0700] [EVENT] [cadence.virtuoso.ade.services.netlister] - NewPoint {"point": 237, "testname": "gmIdwl_gmid2_1", "event": "NewPoint", "EventSource": "Netlist Service", "HistoryName": "ExplorerRun.0", "logFile": "/home/dtvt_13/duyDUT/logs_dtvt_13/logs0/Service29.log", "logFileSize": "377417"}
\o [2026-04-16 00:50:23.775 +0700] [INFO] [cadence.virtuoso.ade.services.netlister] - Started netlisting {"point": 237, "testname": "gmIdwl_gmid2_1"}
\o Resetting statistical vars
\o 
\o *Info*    Setting parameter values ...
\o 
\o Setting var length = "11.9u"
\o 
\o *Info*    Netlist Directory =
\o           /home/dtvt_13/simulation/gmIdwl/gmid2/maestro/results/maestro/ExplorerRun.0/237/gmIdwl_gmid2_1/netlist
\o 
\o 
\o *Info*    Data Directory    =
\o           /home/dtvt_13/simulation/gmIdwl/gmid2/maestro/results/maestro/ExplorerRun.0/237/gmIdwl_gmid2_1
\o 
\o Reusing AHDL Data dir
\o generate netlist...
\o Ignoring netlist creation since ignoreDesignChangesDuringRun is set to true
\o       ...successful.
\o compose simulator input file...
\o       ...successful.
\o [2026-04-16 00:50:24.118 +0700] [PROCESS] [cadence.virtuoso.ade.services.netlister] - Current memory used: 520.8789 MBytes, peak memory used: 520.8828 MBytes {"hostname": "dtvt_13", "processid": 30914, "testname": "gmIdwl_gmid2_1", "point": 237, "logfile": "/home/dtvt_13/duyDUT/logs_dtvt_13/logs0/Service29.log"}
\o [2026-04-16 00:50:24.119 +0700] [INFO] [cadence.virtuoso.ade.services.netlister] - Finished netlisting {"point": 237, "testname": "gmIdwl_gmid2_1"}
\o [2026-04-16 00:50:24.121 +0700] [EVENT] [cadence.virtuoso.ade.services.netlister] - NewPoint {"point": 238, "testname": "gmIdwl_gmid2_1", "event": "NewPoint", "EventSource": "Netlist Service", "HistoryName": "ExplorerRun.0", "logFile": "/home/dtvt_13/duyDUT/logs_dtvt_13/logs0/Service29.log", "logFileSize": "378984"}
\o [2026-04-16 00:50:24.121 +0700] [INFO] [cadence.virtuoso.ade.services.netlister] - Started netlisting {"point": 238, "testname": "gmIdwl_gmid2_1"}
\o Resetting statistical vars
\o 
\o *Info*    Setting parameter values ...
\o 
\o Setting var length = "11.95u"
\o 
\o *Info*    Netlist Directory =
\o           /home/dtvt_13/simulation/gmIdwl/gmid2/maestro/results/maestro/ExplorerRun.0/238/gmIdwl_gmid2_1/netlist
\o 
\o 
\o *Info*    Data Directory    =
\o           /home/dtvt_13/simulation/gmIdwl/gmid2/maestro/results/maestro/ExplorerRun.0/238/gmIdwl_gmid2_1
\o 
\o Reusing AHDL Data dir
\o generate netlist...
\o Ignoring netlist creation since ignoreDesignChangesDuringRun is set to true
\o       ...successful.
\o compose simulator input file...
\o       ...successful.
\o [2026-04-16 00:50:24.585 +0700] [PROCESS] [cadence.virtuoso.ade.services.netlister] - Current memory used: 520.8789 MBytes, peak memory used: 520.8828 MBytes {"hostname": "dtvt_13", "processid": 30914, "testname": "gmIdwl_gmid2_1", "point": 238, "logfile": "/home/dtvt_13/duyDUT/logs_dtvt_13/logs0/Service29.log"}
\o [2026-04-16 00:50:24.585 +0700] [INFO] [cadence.virtuoso.ade.services.netlister] - Finished netlisting {"point": 238, "testname": "gmIdwl_gmid2_1"}
\o [2026-04-16 00:50:24.588 +0700] [EVENT] [cadence.virtuoso.ade.services.netlister] - NewPoint {"point": 239, "testname": "gmIdwl_gmid2_1", "event": "NewPoint", "EventSource": "Netlist Service", "HistoryName": "ExplorerRun.0", "logFile": "/home/dtvt_13/duyDUT/logs_dtvt_13/logs0/Service29.log", "logFileSize": "380552"}
\o [2026-04-16 00:50:24.588 +0700] [INFO] [cadence.virtuoso.ade.services.netlister] - Started netlisting {"point": 239, "testname": "gmIdwl_gmid2_1"}
\o Resetting statistical vars
\o 
\o *Info*    Setting parameter values ...
\o 
\o Setting var length = "12u"
\o 
\o *Info*    Netlist Directory =
\o           /home/dtvt_13/simulation/gmIdwl/gmid2/maestro/results/maestro/ExplorerRun.0/239/gmIdwl_gmid2_1/netlist
\o 
\o 
\o *Info*    Data Directory    =
\o           /home/dtvt_13/simulation/gmIdwl/gmid2/maestro/results/maestro/ExplorerRun.0/239/gmIdwl_gmid2_1
\o 
\o Reusing AHDL Data dir
\o generate netlist...
\o Ignoring netlist creation since ignoreDesignChangesDuringRun is set to true
\o       ...successful.
\o compose simulator input file...
\o       ...successful.
\o [2026-04-16 00:50:24.984 +0700] [PROCESS] [cadence.virtuoso.ade.services.netlister] - Current memory used: 520.8789 MBytes, peak memory used: 520.8828 MBytes {"hostname": "dtvt_13", "processid": 30914, "testname": "gmIdwl_gmid2_1", "point": 239, "logfile": "/home/dtvt_13/duyDUT/logs_dtvt_13/logs0/Service29.log"}
\o [2026-04-16 00:50:24.985 +0700] [INFO] [cadence.virtuoso.ade.services.netlister] - Finished netlisting {"point": 239, "testname": "gmIdwl_gmid2_1"}
\o [2026-04-16 00:50:24.987 +0700] [EVENT] [cadence.virtuoso.ade.services.netlister] - NewPoint {"point": 240, "testname": "gmIdwl_gmid2_1", "event": "NewPoint", "EventSource": "Netlist Service", "HistoryName": "ExplorerRun.0", "logFile": "/home/dtvt_13/duyDUT/logs_dtvt_13/logs0/Service29.log", "logFileSize": "382117"}
\o [2026-04-16 00:50:24.988 +0700] [INFO] [cadence.virtuoso.ade.services.netlister] - Started netlisting {"point": 240, "testname": "gmIdwl_gmid2_1"}
\o Resetting statistical vars
\o 
\o *Info*    Setting parameter values ...
\o 
\o Setting var length = "12.05u"
\o 
\o *Info*    Netlist Directory =
\o           /home/dtvt_13/simulation/gmIdwl/gmid2/maestro/results/maestro/ExplorerRun.0/240/gmIdwl_gmid2_1/netlist
\o 
\o 
\o *Info*    Data Directory    =
\o           /home/dtvt_13/simulation/gmIdwl/gmid2/maestro/results/maestro/ExplorerRun.0/240/gmIdwl_gmid2_1
\o 
\o Reusing AHDL Data dir
\o generate netlist...
\o Ignoring netlist creation since ignoreDesignChangesDuringRun is set to true
\o       ...successful.
\o compose simulator input file...
\o       ...successful.
\o [2026-04-16 00:50:25.431 +0700] [PROCESS] [cadence.virtuoso.ade.services.netlister] - Current memory used: 520.8789 MBytes, peak memory used: 520.8828 MBytes {"hostname": "dtvt_13", "processid": 30914, "testname": "gmIdwl_gmid2_1", "point": 240, "logfile": "/home/dtvt_13/duyDUT/logs_dtvt_13/logs0/Service29.log"}
\o [2026-04-16 00:50:25.431 +0700] [INFO] [cadence.virtuoso.ade.services.netlister] - Finished netlisting {"point": 240, "testname": "gmIdwl_gmid2_1"}
\o [2026-04-16 00:50:25.432 +0700] [EVENT] [cadence.virtuoso.ade.services.netlister] - NewPoint {"point": 241, "testname": "gmIdwl_gmid2_1", "event": "NewPoint", "EventSource": "Netlist Service", "HistoryName": "ExplorerRun.0", "logFile": "/home/dtvt_13/duyDUT/logs_dtvt_13/logs0/Service29.log", "logFileSize": "383685"}
\o [2026-04-16 00:50:25.432 +0700] [INFO] [cadence.virtuoso.ade.services.netlister] - Started netlisting {"point": 241, "testname": "gmIdwl_gmid2_1"}
\o Resetting statistical vars
\o 
\o *Info*    Setting parameter values ...
\o 
\o Setting var length = "12.1u"
\o 
\o *Info*    Netlist Directory =
\o           /home/dtvt_13/simulation/gmIdwl/gmid2/maestro/results/maestro/ExplorerRun.0/241/gmIdwl_gmid2_1/netlist
\o 
\o 
\o *Info*    Data Directory    =
\o           /home/dtvt_13/simulation/gmIdwl/gmid2/maestro/results/maestro/ExplorerRun.0/241/gmIdwl_gmid2_1
\o 
\o Reusing AHDL Data dir
\o generate netlist...
\o Ignoring netlist creation since ignoreDesignChangesDuringRun is set to true
\o       ...successful.
\o compose simulator input file...
\o       ...successful.
\o [2026-04-16 00:50:25.757 +0700] [PROCESS] [cadence.virtuoso.ade.services.netlister] - Current memory used: 520.8789 MBytes, peak memory used: 520.8828 MBytes {"hostname": "dtvt_13", "processid": 30914, "testname": "gmIdwl_gmid2_1", "point": 241, "logfile": "/home/dtvt_13/duyDUT/logs_dtvt_13/logs0/Service29.log"}
\o [2026-04-16 00:50:25.758 +0700] [INFO] [cadence.virtuoso.ade.services.netlister] - Finished netlisting {"point": 241, "testname": "gmIdwl_gmid2_1"}
\o [2026-04-16 00:50:25.760 +0700] [EVENT] [cadence.virtuoso.ade.services.netlister] - NewPoint {"point": 242, "testname": "gmIdwl_gmid2_1", "event": "NewPoint", "EventSource": "Netlist Service", "HistoryName": "ExplorerRun.0", "logFile": "/home/dtvt_13/duyDUT/logs_dtvt_13/logs0/Service29.log", "logFileSize": "385252"}
\o [2026-04-16 00:50:25.760 +0700] [INFO] [cadence.virtuoso.ade.services.netlister] - Started netlisting {"point": 242, "testname": "gmIdwl_gmid2_1"}
\o Resetting statistical vars
\o 
\o *Info*    Setting parameter values ...
\o 
\o Setting var length = "12.15u"
\o 
\o *Info*    Netlist Directory =
\o           /home/dtvt_13/simulation/gmIdwl/gmid2/maestro/results/maestro/ExplorerRun.0/242/gmIdwl_gmid2_1/netlist
\o 
\o 
\o *Info*    Data Directory    =
\o           /home/dtvt_13/simulation/gmIdwl/gmid2/maestro/results/maestro/ExplorerRun.0/242/gmIdwl_gmid2_1
\o 
\o Reusing AHDL Data dir
\o generate netlist...
\o Ignoring netlist creation since ignoreDesignChangesDuringRun is set to true
\o       ...successful.
\o compose simulator input file...
\o       ...successful.
\o [2026-04-16 00:50:26.239 +0700] [PROCESS] [cadence.virtuoso.ade.services.netlister] - Current memory used: 520.8789 MBytes, peak memory used: 520.8828 MBytes {"hostname": "dtvt_13", "processid": 30914, "testname": "gmIdwl_gmid2_1", "point": 242, "logfile": "/home/dtvt_13/duyDUT/logs_dtvt_13/logs0/Service29.log"}
\o [2026-04-16 00:50:26.240 +0700] [INFO] [cadence.virtuoso.ade.services.netlister] - Finished netlisting {"point": 242, "testname": "gmIdwl_gmid2_1"}
\o [2026-04-16 00:50:26.240 +0700] [EVENT] [cadence.virtuoso.ade.services.netlister] - NewPoint {"point": 243, "testname": "gmIdwl_gmid2_1", "event": "NewPoint", "EventSource": "Netlist Service", "HistoryName": "ExplorerRun.0", "logFile": "/home/dtvt_13/duyDUT/logs_dtvt_13/logs0/Service29.log", "logFileSize": "386820"}
\o [2026-04-16 00:50:26.240 +0700] [INFO] [cadence.virtuoso.ade.services.netlister] - Started netlisting {"point": 243, "testname": "gmIdwl_gmid2_1"}
\o Resetting statistical vars
\o 
\o *Info*    Setting parameter values ...
\o 
\o Setting var length = "12.2u"
\o 
\o *Info*    Netlist Directory =
\o           /home/dtvt_13/simulation/gmIdwl/gmid2/maestro/results/maestro/ExplorerRun.0/243/gmIdwl_gmid2_1/netlist
\o 
\o 
\o *Info*    Data Directory    =
\o           /home/dtvt_13/simulation/gmIdwl/gmid2/maestro/results/maestro/ExplorerRun.0/243/gmIdwl_gmid2_1
\o 
\o Reusing AHDL Data dir
\o generate netlist...
\o Ignoring netlist creation since ignoreDesignChangesDuringRun is set to true
\o       ...successful.
\o compose simulator input file...
\o       ...successful.
\o [2026-04-16 00:50:26.482 +0700] [PROCESS] [cadence.virtuoso.ade.services.netlister] - Current memory used: 520.8789 MBytes, peak memory used: 520.8828 MBytes {"hostname": "dtvt_13", "processid": 30914, "testname": "gmIdwl_gmid2_1", "point": 243, "logfile": "/home/dtvt_13/duyDUT/logs_dtvt_13/logs0/Service29.log"}
\o [2026-04-16 00:50:26.482 +0700] [INFO] [cadence.virtuoso.ade.services.netlister] - Finished netlisting {"point": 243, "testname": "gmIdwl_gmid2_1"}
\o [2026-04-16 00:50:26.482 +0700] [EVENT] [cadence.virtuoso.ade.services.netlister] - NewPoint {"point": 244, "testname": "gmIdwl_gmid2_1", "event": "NewPoint", "EventSource": "Netlist Service", "HistoryName": "ExplorerRun.0", "logFile": "/home/dtvt_13/duyDUT/logs_dtvt_13/logs0/Service29.log", "logFileSize": "388387"}
\o [2026-04-16 00:50:26.482 +0700] [INFO] [cadence.virtuoso.ade.services.netlister] - Started netlisting {"point": 244, "testname": "gmIdwl_gmid2_1"}
\o Resetting statistical vars
\o 
\o *Info*    Setting parameter values ...
\o 
\o Setting var length = "12.25u"
\o 
\o *Info*    Netlist Directory =
\o           /home/dtvt_13/simulation/gmIdwl/gmid2/maestro/results/maestro/ExplorerRun.0/244/gmIdwl_gmid2_1/netlist
\o 
\o 
\o *Info*    Data Directory    =
\o           /home/dtvt_13/simulation/gmIdwl/gmid2/maestro/results/maestro/ExplorerRun.0/244/gmIdwl_gmid2_1
\o 
\o Reusing AHDL Data dir
\o generate netlist...
\o Ignoring netlist creation since ignoreDesignChangesDuringRun is set to true
\o       ...successful.
\o compose simulator input file...
\o       ...successful.
\o [2026-04-16 00:50:26.723 +0700] [PROCESS] [cadence.virtuoso.ade.services.netlister] - Current memory used: 520.8789 MBytes, peak memory used: 520.8828 MBytes {"hostname": "dtvt_13", "processid": 30914, "testname": "gmIdwl_gmid2_1", "point": 244, "logfile": "/home/dtvt_13/duyDUT/logs_dtvt_13/logs0/Service29.log"}
\o [2026-04-16 00:50:26.724 +0700] [INFO] [cadence.virtuoso.ade.services.netlister] - Finished netlisting {"point": 244, "testname": "gmIdwl_gmid2_1"}
\o [2026-04-16 00:50:26.726 +0700] [EVENT] [cadence.virtuoso.ade.services.netlister] - NewPoint {"point": 245, "testname": "gmIdwl_gmid2_1", "event": "NewPoint", "EventSource": "Netlist Service", "HistoryName": "ExplorerRun.0", "logFile": "/home/dtvt_13/duyDUT/logs_dtvt_13/logs0/Service29.log", "logFileSize": "389955"}
\o [2026-04-16 00:50:26.726 +0700] [INFO] [cadence.virtuoso.ade.services.netlister] - Started netlisting {"point": 245, "testname": "gmIdwl_gmid2_1"}
\o Resetting statistical vars
\o 
\o *Info*    Setting parameter values ...
\o 
\o Setting var length = "12.3u"
\o 
\o *Info*    Netlist Directory =
\o           /home/dtvt_13/simulation/gmIdwl/gmid2/maestro/results/maestro/ExplorerRun.0/245/gmIdwl_gmid2_1/netlist
\o 
\o 
\o *Info*    Data Directory    =
\o           /home/dtvt_13/simulation/gmIdwl/gmid2/maestro/results/maestro/ExplorerRun.0/245/gmIdwl_gmid2_1
\o 
\o Reusing AHDL Data dir
\o generate netlist...
\o Ignoring netlist creation since ignoreDesignChangesDuringRun is set to true
\o       ...successful.
\o compose simulator input file...
\o       ...successful.
\o [2026-04-16 00:50:27.011 +0700] [PROCESS] [cadence.virtuoso.ade.services.netlister] - Current memory used: 520.8789 MBytes, peak memory used: 520.8828 MBytes {"hostname": "dtvt_13", "processid": 30914, "testname": "gmIdwl_gmid2_1", "point": 245, "logfile": "/home/dtvt_13/duyDUT/logs_dtvt_13/logs0/Service29.log"}
\o [2026-04-16 00:50:27.012 +0700] [INFO] [cadence.virtuoso.ade.services.netlister] - Finished netlisting {"point": 245, "testname": "gmIdwl_gmid2_1"}
\o [2026-04-16 00:50:27.013 +0700] [EVENT] [cadence.virtuoso.ade.services.netlister] - NewPoint {"point": 246, "testname": "gmIdwl_gmid2_1", "event": "NewPoint", "EventSource": "Netlist Service", "HistoryName": "ExplorerRun.0", "logFile": "/home/dtvt_13/duyDUT/logs_dtvt_13/logs0/Service29.log", "logFileSize": "391522"}
\o [2026-04-16 00:50:27.013 +0700] [INFO] [cadence.virtuoso.ade.services.netlister] - Started netlisting {"point": 246, "testname": "gmIdwl_gmid2_1"}
\o Resetting statistical vars
\o 
\o *Info*    Setting parameter values ...
\o 
\o Setting var length = "12.35u"
\o 
\o *Info*    Netlist Directory =
\o           /home/dtvt_13/simulation/gmIdwl/gmid2/maestro/results/maestro/ExplorerRun.0/246/gmIdwl_gmid2_1/netlist
\o 
\o 
\o *Info*    Data Directory    =
\o           /home/dtvt_13/simulation/gmIdwl/gmid2/maestro/results/maestro/ExplorerRun.0/246/gmIdwl_gmid2_1
\o 
\o Reusing AHDL Data dir
\o generate netlist...
\o Ignoring netlist creation since ignoreDesignChangesDuringRun is set to true
\o       ...successful.
\o compose simulator input file...
\o       ...successful.
\o [2026-04-16 00:50:27.373 +0700] [PROCESS] [cadence.virtuoso.ade.services.netlister] - Current memory used: 520.8789 MBytes, peak memory used: 520.8828 MBytes {"hostname": "dtvt_13", "processid": 30914, "testname": "gmIdwl_gmid2_1", "point": 246, "logfile": "/home/dtvt_13/duyDUT/logs_dtvt_13/logs0/Service29.log"}
\o [2026-04-16 00:50:27.373 +0700] [INFO] [cadence.virtuoso.ade.services.netlister] - Finished netlisting {"point": 246, "testname": "gmIdwl_gmid2_1"}
\o [2026-04-16 00:50:27.375 +0700] [EVENT] [cadence.virtuoso.ade.services.netlister] - NewPoint {"point": 247, "testname": "gmIdwl_gmid2_1", "event": "NewPoint", "EventSource": "Netlist Service", "HistoryName": "ExplorerRun.0", "logFile": "/home/dtvt_13/duyDUT/logs_dtvt_13/logs0/Service29.log", "logFileSize": "393090"}
\o [2026-04-16 00:50:27.375 +0700] [INFO] [cadence.virtuoso.ade.services.netlister] - Started netlisting {"point": 247, "testname": "gmIdwl_gmid2_1"}
\o Resetting statistical vars
\o 
\o *Info*    Setting parameter values ...
\o 
\o Setting var length = "12.4u"
\o 
\o *Info*    Netlist Directory =
\o           /home/dtvt_13/simulation/gmIdwl/gmid2/maestro/results/maestro/ExplorerRun.0/247/gmIdwl_gmid2_1/netlist
\o 
\o 
\o *Info*    Data Directory    =
\o           /home/dtvt_13/simulation/gmIdwl/gmid2/maestro/results/maestro/ExplorerRun.0/247/gmIdwl_gmid2_1
\o 
\o Reusing AHDL Data dir
\o generate netlist...
\o Ignoring netlist creation since ignoreDesignChangesDuringRun is set to true
\o       ...successful.
\o compose simulator input file...
\o       ...successful.
\o [2026-04-16 00:50:27.769 +0700] [PROCESS] [cadence.virtuoso.ade.services.netlister] - Current memory used: 520.9805 MBytes, peak memory used: 520.9844 MBytes {"hostname": "dtvt_13", "processid": 30914, "testname": "gmIdwl_gmid2_1", "point": 247, "logfile": "/home/dtvt_13/duyDUT/logs_dtvt_13/logs0/Service29.log"}
\o [2026-04-16 00:50:27.770 +0700] [INFO] [cadence.virtuoso.ade.services.netlister] - Finished netlisting {"point": 247, "testname": "gmIdwl_gmid2_1"}
\o [2026-04-16 00:50:27.772 +0700] [EVENT] [cadence.virtuoso.ade.services.netlister] - NewPoint {"point": 248, "testname": "gmIdwl_gmid2_1", "event": "NewPoint", "EventSource": "Netlist Service", "HistoryName": "ExplorerRun.0", "logFile": "/home/dtvt_13/duyDUT/logs_dtvt_13/logs0/Service29.log", "logFileSize": "394657"}
\o [2026-04-16 00:50:27.773 +0700] [INFO] [cadence.virtuoso.ade.services.netlister] - Started netlisting {"point": 248, "testname": "gmIdwl_gmid2_1"}
\o Resetting statistical vars
\o 
\o *Info*    Setting parameter values ...
\o 
\o Setting var length = "12.45u"
\o 
\o *Info*    Netlist Directory =
\o           /home/dtvt_13/simulation/gmIdwl/gmid2/maestro/results/maestro/ExplorerRun.0/248/gmIdwl_gmid2_1/netlist
\o 
\o 
\o *Info*    Data Directory    =
\o           /home/dtvt_13/simulation/gmIdwl/gmid2/maestro/results/maestro/ExplorerRun.0/248/gmIdwl_gmid2_1
\o 
\o Reusing AHDL Data dir
\o generate netlist...
\o Ignoring netlist creation since ignoreDesignChangesDuringRun is set to true
\o       ...successful.
\o compose simulator input file...
\o       ...successful.
\o [2026-04-16 00:50:28.129 +0700] [PROCESS] [cadence.virtuoso.ade.services.netlister] - Current memory used: 520.9805 MBytes, peak memory used: 520.9844 MBytes {"hostname": "dtvt_13", "processid": 30914, "testname": "gmIdwl_gmid2_1", "point": 248, "logfile": "/home/dtvt_13/duyDUT/logs_dtvt_13/logs0/Service29.log"}
\o [2026-04-16 00:50:28.130 +0700] [INFO] [cadence.virtuoso.ade.services.netlister] - Finished netlisting {"point": 248, "testname": "gmIdwl_gmid2_1"}
\o [2026-04-16 00:50:28.133 +0700] [EVENT] [cadence.virtuoso.ade.services.netlister] - NewPoint {"point": 249, "testname": "gmIdwl_gmid2_1", "event": "NewPoint", "EventSource": "Netlist Service", "HistoryName": "ExplorerRun.0", "logFile": "/home/dtvt_13/duyDUT/logs_dtvt_13/logs0/Service29.log", "logFileSize": "396225"}
\o [2026-04-16 00:50:28.133 +0700] [INFO] [cadence.virtuoso.ade.services.netlister] - Started netlisting {"point": 249, "testname": "gmIdwl_gmid2_1"}
\o Resetting statistical vars
\o 
\o *Info*    Setting parameter values ...
\o 
\o Setting var length = "12.5u"
\o 
\o *Info*    Netlist Directory =
\o           /home/dtvt_13/simulation/gmIdwl/gmid2/maestro/results/maestro/ExplorerRun.0/249/gmIdwl_gmid2_1/netlist
\o 
\o 
\o *Info*    Data Directory    =
\o           /home/dtvt_13/simulation/gmIdwl/gmid2/maestro/results/maestro/ExplorerRun.0/249/gmIdwl_gmid2_1
\o 
\o Reusing AHDL Data dir
\o generate netlist...
\o Ignoring netlist creation since ignoreDesignChangesDuringRun is set to true
\o       ...successful.
\o compose simulator input file...
\o       ...successful.
\o [2026-04-16 00:50:28.562 +0700] [PROCESS] [cadence.virtuoso.ade.services.netlister] - Current memory used: 520.9805 MBytes, peak memory used: 520.9844 MBytes {"hostname": "dtvt_13", "processid": 30914, "testname": "gmIdwl_gmid2_1", "point": 249, "logfile": "/home/dtvt_13/duyDUT/logs_dtvt_13/logs0/Service29.log"}
\o [2026-04-16 00:50:28.563 +0700] [INFO] [cadence.virtuoso.ade.services.netlister] - Finished netlisting {"point": 249, "testname": "gmIdwl_gmid2_1"}
\o [2026-04-16 00:50:28.565 +0700] [EVENT] [cadence.virtuoso.ade.services.netlister] - NewPoint {"point": 250, "testname": "gmIdwl_gmid2_1", "event": "NewPoint", "EventSource": "Netlist Service", "HistoryName": "ExplorerRun.0", "logFile": "/home/dtvt_13/duyDUT/logs_dtvt_13/logs0/Service29.log", "logFileSize": "397792"}
\o [2026-04-16 00:50:28.566 +0700] [INFO] [cadence.virtuoso.ade.services.netlister] - Started netlisting {"point": 250, "testname": "gmIdwl_gmid2_1"}
\o Resetting statistical vars
\o 
\o *Info*    Setting parameter values ...
\o 
\o Setting var length = "12.55u"
\o 
\o *Info*    Netlist Directory =
\o           /home/dtvt_13/simulation/gmIdwl/gmid2/maestro/results/maestro/ExplorerRun.0/250/gmIdwl_gmid2_1/netlist
\o 
\o 
\o *Info*    Data Directory    =
\o           /home/dtvt_13/simulation/gmIdwl/gmid2/maestro/results/maestro/ExplorerRun.0/250/gmIdwl_gmid2_1
\o 
\o Reusing AHDL Data dir
\o generate netlist...
\o Ignoring netlist creation since ignoreDesignChangesDuringRun is set to true
\o       ...successful.
\o compose simulator input file...
\o       ...successful.
\o [2026-04-16 00:50:29.070 +0700] [PROCESS] [cadence.virtuoso.ade.services.netlister] - Current memory used: 520.9805 MBytes, peak memory used: 520.9844 MBytes {"hostname": "dtvt_13", "processid": 30914, "testname": "gmIdwl_gmid2_1", "point": 250, "logfile": "/home/dtvt_13/duyDUT/logs_dtvt_13/logs0/Service29.log"}
\o [2026-04-16 00:50:29.071 +0700] [INFO] [cadence.virtuoso.ade.services.netlister] - Finished netlisting {"point": 250, "testname": "gmIdwl_gmid2_1"}
\o [2026-04-16 00:50:29.073 +0700] [EVENT] [cadence.virtuoso.ade.services.netlister] - NewPoint {"point": 251, "testname": "gmIdwl_gmid2_1", "event": "NewPoint", "EventSource": "Netlist Service", "HistoryName": "ExplorerRun.0", "logFile": "/home/dtvt_13/duyDUT/logs_dtvt_13/logs0/Service29.log", "logFileSize": "399360"}
\o [2026-04-16 00:50:29.073 +0700] [INFO] [cadence.virtuoso.ade.services.netlister] - Started netlisting {"point": 251, "testname": "gmIdwl_gmid2_1"}
\o Resetting statistical vars
\o 
\o *Info*    Setting parameter values ...
\o 
\o Setting var length = "12.6u"
\o 
\o *Info*    Netlist Directory =
\o           /home/dtvt_13/simulation/gmIdwl/gmid2/maestro/results/maestro/ExplorerRun.0/251/gmIdwl_gmid2_1/netlist
\o 
\o 
\o *Info*    Data Directory    =
\o           /home/dtvt_13/simulation/gmIdwl/gmid2/maestro/results/maestro/ExplorerRun.0/251/gmIdwl_gmid2_1
\o 
\o Reusing AHDL Data dir
\o generate netlist...
\o Ignoring netlist creation since ignoreDesignChangesDuringRun is set to true
\o       ...successful.
\o compose simulator input file...
\o       ...successful.
\o [2026-04-16 00:50:29.493 +0700] [PROCESS] [cadence.virtuoso.ade.services.netlister] - Current memory used: 520.9805 MBytes, peak memory used: 520.9844 MBytes {"hostname": "dtvt_13", "processid": 30914, "testname": "gmIdwl_gmid2_1", "point": 251, "logfile": "/home/dtvt_13/duyDUT/logs_dtvt_13/logs0/Service29.log"}
\o [2026-04-16 00:50:29.495 +0700] [INFO] [cadence.virtuoso.ade.services.netlister] - Finished netlisting {"point": 251, "testname": "gmIdwl_gmid2_1"}
\o [2026-04-16 00:50:29.497 +0700] [EVENT] [cadence.virtuoso.ade.services.netlister] - NewPoint {"point": 252, "testname": "gmIdwl_gmid2_1", "event": "NewPoint", "EventSource": "Netlist Service", "HistoryName": "ExplorerRun.0", "logFile": "/home/dtvt_13/duyDUT/logs_dtvt_13/logs0/Service29.log", "logFileSize": "400927"}
\o [2026-04-16 00:50:29.497 +0700] [INFO] [cadence.virtuoso.ade.services.netlister] - Started netlisting {"point": 252, "testname": "gmIdwl_gmid2_1"}
\o Resetting statistical vars
\o 
\o *Info*    Setting parameter values ...
\o 
\o Setting var length = "12.65u"
\o 
\o *Info*    Netlist Directory =
\o           /home/dtvt_13/simulation/gmIdwl/gmid2/maestro/results/maestro/ExplorerRun.0/252/gmIdwl_gmid2_1/netlist
\o 
\o 
\o *Info*    Data Directory    =
\o           /home/dtvt_13/simulation/gmIdwl/gmid2/maestro/results/maestro/ExplorerRun.0/252/gmIdwl_gmid2_1
\o 
\o Reusing AHDL Data dir
\o generate netlist...
\o Ignoring netlist creation since ignoreDesignChangesDuringRun is set to true
\o       ...successful.
\o compose simulator input file...
\o       ...successful.
\o [2026-04-16 00:50:29.908 +0700] [PROCESS] [cadence.virtuoso.ade.services.netlister] - Current memory used: 520.9805 MBytes, peak memory used: 520.9844 MBytes {"hostname": "dtvt_13", "processid": 30914, "testname": "gmIdwl_gmid2_1", "point": 252, "logfile": "/home/dtvt_13/duyDUT/logs_dtvt_13/logs0/Service29.log"}
\o [2026-04-16 00:50:29.909 +0700] [INFO] [cadence.virtuoso.ade.services.netlister] - Finished netlisting {"point": 252, "testname": "gmIdwl_gmid2_1"}
\o [2026-04-16 00:50:29.911 +0700] [EVENT] [cadence.virtuoso.ade.services.netlister] - NewPoint {"point": 253, "testname": "gmIdwl_gmid2_1", "event": "NewPoint", "EventSource": "Netlist Service", "HistoryName": "ExplorerRun.0", "logFile": "/home/dtvt_13/duyDUT/logs_dtvt_13/logs0/Service29.log", "logFileSize": "402495"}
\o [2026-04-16 00:50:29.911 +0700] [INFO] [cadence.virtuoso.ade.services.netlister] - Started netlisting {"point": 253, "testname": "gmIdwl_gmid2_1"}
\o Resetting statistical vars
\o 
\o *Info*    Setting parameter values ...
\o 
\o Setting var length = "12.7u"
\o 
\o *Info*    Netlist Directory =
\o           /home/dtvt_13/simulation/gmIdwl/gmid2/maestro/results/maestro/ExplorerRun.0/253/gmIdwl_gmid2_1/netlist
\o 
\o 
\o *Info*    Data Directory    =
\o           /home/dtvt_13/simulation/gmIdwl/gmid2/maestro/results/maestro/ExplorerRun.0/253/gmIdwl_gmid2_1
\o 
\o Reusing AHDL Data dir
\o generate netlist...
\o Ignoring netlist creation since ignoreDesignChangesDuringRun is set to true
\o       ...successful.
\o compose simulator input file...
\o       ...successful.
\o [2026-04-16 00:50:30.304 +0700] [PROCESS] [cadence.virtuoso.ade.services.netlister] - Current memory used: 520.9805 MBytes, peak memory used: 520.9844 MBytes {"hostname": "dtvt_13", "processid": 30914, "testname": "gmIdwl_gmid2_1", "point": 253, "logfile": "/home/dtvt_13/duyDUT/logs_dtvt_13/logs0/Service29.log"}
\o [2026-04-16 00:50:30.305 +0700] [INFO] [cadence.virtuoso.ade.services.netlister] - Finished netlisting {"point": 253, "testname": "gmIdwl_gmid2_1"}
\o [2026-04-16 00:50:30.307 +0700] [EVENT] [cadence.virtuoso.ade.services.netlister] - NewPoint {"point": 254, "testname": "gmIdwl_gmid2_1", "event": "NewPoint", "EventSource": "Netlist Service", "HistoryName": "ExplorerRun.0", "logFile": "/home/dtvt_13/duyDUT/logs_dtvt_13/logs0/Service29.log", "logFileSize": "404062"}
\o [2026-04-16 00:50:30.307 +0700] [INFO] [cadence.virtuoso.ade.services.netlister] - Started netlisting {"point": 254, "testname": "gmIdwl_gmid2_1"}
\o Resetting statistical vars
\o 
\o *Info*    Setting parameter values ...
\o 
\o Setting var length = "12.75u"
\o 
\o *Info*    Netlist Directory =
\o           /home/dtvt_13/simulation/gmIdwl/gmid2/maestro/results/maestro/ExplorerRun.0/254/gmIdwl_gmid2_1/netlist
\o 
\o 
\o *Info*    Data Directory    =
\o           /home/dtvt_13/simulation/gmIdwl/gmid2/maestro/results/maestro/ExplorerRun.0/254/gmIdwl_gmid2_1
\o 
\o Reusing AHDL Data dir
\o generate netlist...
\o Ignoring netlist creation since ignoreDesignChangesDuringRun is set to true
\o       ...successful.
\o compose simulator input file...
\o       ...successful.
\o [2026-04-16 00:50:30.621 +0700] [PROCESS] [cadence.virtuoso.ade.services.netlister] - Current memory used: 520.9805 MBytes, peak memory used: 520.9844 MBytes {"hostname": "dtvt_13", "processid": 30914, "testname": "gmIdwl_gmid2_1", "point": 254, "logfile": "/home/dtvt_13/duyDUT/logs_dtvt_13/logs0/Service29.log"}
\o [2026-04-16 00:50:30.621 +0700] [INFO] [cadence.virtuoso.ade.services.netlister] - Finished netlisting {"point": 254, "testname": "gmIdwl_gmid2_1"}
\o [2026-04-16 00:50:30.622 +0700] [EVENT] [cadence.virtuoso.ade.services.netlister] - NewPoint {"point": 255, "testname": "gmIdwl_gmid2_1", "event": "NewPoint", "EventSource": "Netlist Service", "HistoryName": "ExplorerRun.0", "logFile": "/home/dtvt_13/duyDUT/logs_dtvt_13/logs0/Service29.log", "logFileSize": "405630"}
\o [2026-04-16 00:50:30.622 +0700] [INFO] [cadence.virtuoso.ade.services.netlister] - Started netlisting {"point": 255, "testname": "gmIdwl_gmid2_1"}
\o Resetting statistical vars
\o 
\o *Info*    Setting parameter values ...
\o 
\o Setting var length = "12.8u"
\o 
\o *Info*    Netlist Directory =
\o           /home/dtvt_13/simulation/gmIdwl/gmid2/maestro/results/maestro/ExplorerRun.0/255/gmIdwl_gmid2_1/netlist
\o 
\o 
\o *Info*    Data Directory    =
\o           /home/dtvt_13/simulation/gmIdwl/gmid2/maestro/results/maestro/ExplorerRun.0/255/gmIdwl_gmid2_1
\o 
\o Reusing AHDL Data dir
\o generate netlist...
\o Ignoring netlist creation since ignoreDesignChangesDuringRun is set to true
\o       ...successful.
\o compose simulator input file...
\o       ...successful.
\o [2026-04-16 00:50:30.921 +0700] [PROCESS] [cadence.virtuoso.ade.services.netlister] - Current memory used: 520.9805 MBytes, peak memory used: 520.9844 MBytes {"hostname": "dtvt_13", "processid": 30914, "testname": "gmIdwl_gmid2_1", "point": 255, "logfile": "/home/dtvt_13/duyDUT/logs_dtvt_13/logs0/Service29.log"}
\o [2026-04-16 00:50:30.922 +0700] [INFO] [cadence.virtuoso.ade.services.netlister] - Finished netlisting {"point": 255, "testname": "gmIdwl_gmid2_1"}
\o [2026-04-16 00:50:30.924 +0700] [EVENT] [cadence.virtuoso.ade.services.netlister] - NewPoint {"point": 256, "testname": "gmIdwl_gmid2_1", "event": "NewPoint", "EventSource": "Netlist Service", "HistoryName": "ExplorerRun.0", "logFile": "/home/dtvt_13/duyDUT/logs_dtvt_13/logs0/Service29.log", "logFileSize": "407197"}
\o [2026-04-16 00:50:30.924 +0700] [INFO] [cadence.virtuoso.ade.services.netlister] - Started netlisting {"point": 256, "testname": "gmIdwl_gmid2_1"}
\o Resetting statistical vars
\o 
\o *Info*    Setting parameter values ...
\o 
\o Setting var length = "12.85u"
\o 
\o *Info*    Netlist Directory =
\o           /home/dtvt_13/simulation/gmIdwl/gmid2/maestro/results/maestro/ExplorerRun.0/256/gmIdwl_gmid2_1/netlist
\o 
\o 
\o *Info*    Data Directory    =
\o           /home/dtvt_13/simulation/gmIdwl/gmid2/maestro/results/maestro/ExplorerRun.0/256/gmIdwl_gmid2_1
\o 
\o Reusing AHDL Data dir
\o generate netlist...
\o Ignoring netlist creation since ignoreDesignChangesDuringRun is set to true
\o       ...successful.
\o compose simulator input file...
\o       ...successful.
\o [2026-04-16 00:50:31.318 +0700] [PROCESS] [cadence.virtuoso.ade.services.netlister] - Current memory used: 520.9805 MBytes, peak memory used: 520.9844 MBytes {"hostname": "dtvt_13", "processid": 30914, "testname": "gmIdwl_gmid2_1", "point": 256, "logfile": "/home/dtvt_13/duyDUT/logs_dtvt_13/logs0/Service29.log"}
\o [2026-04-16 00:50:31.319 +0700] [INFO] [cadence.virtuoso.ade.services.netlister] - Finished netlisting {"point": 256, "testname": "gmIdwl_gmid2_1"}
\o [2026-04-16 00:50:31.321 +0700] [EVENT] [cadence.virtuoso.ade.services.netlister] - NewPoint {"point": 257, "testname": "gmIdwl_gmid2_1", "event": "NewPoint", "EventSource": "Netlist Service", "HistoryName": "ExplorerRun.0", "logFile": "/home/dtvt_13/duyDUT/logs_dtvt_13/logs0/Service29.log", "logFileSize": "408765"}
\o [2026-04-16 00:50:31.321 +0700] [INFO] [cadence.virtuoso.ade.services.netlister] - Started netlisting {"point": 257, "testname": "gmIdwl_gmid2_1"}
\o Resetting statistical vars
\o 
\o *Info*    Setting parameter values ...
\o 
\o Setting var length = "12.9u"
\o 
\o *Info*    Netlist Directory =
\o           /home/dtvt_13/simulation/gmIdwl/gmid2/maestro/results/maestro/ExplorerRun.0/257/gmIdwl_gmid2_1/netlist
\o 
\o 
\o *Info*    Data Directory    =
\o           /home/dtvt_13/simulation/gmIdwl/gmid2/maestro/results/maestro/ExplorerRun.0/257/gmIdwl_gmid2_1
\o 
\o Reusing AHDL Data dir
\o generate netlist...
\o Ignoring netlist creation since ignoreDesignChangesDuringRun is set to true
\o       ...successful.
\o compose simulator input file...
\o       ...successful.
\o [2026-04-16 00:50:31.828 +0700] [PROCESS] [cadence.virtuoso.ade.services.netlister] - Current memory used: 520.9805 MBytes, peak memory used: 520.9844 MBytes {"hostname": "dtvt_13", "processid": 30914, "testname": "gmIdwl_gmid2_1", "point": 257, "logfile": "/home/dtvt_13/duyDUT/logs_dtvt_13/logs0/Service29.log"}
\o [2026-04-16 00:50:31.830 +0700] [INFO] [cadence.virtuoso.ade.services.netlister] - Finished netlisting {"point": 257, "testname": "gmIdwl_gmid2_1"}
\o [2026-04-16 00:50:31.832 +0700] [EVENT] [cadence.virtuoso.ade.services.netlister] - NewPoint {"point": 258, "testname": "gmIdwl_gmid2_1", "event": "NewPoint", "EventSource": "Netlist Service", "HistoryName": "ExplorerRun.0", "logFile": "/home/dtvt_13/duyDUT/logs_dtvt_13/logs0/Service29.log", "logFileSize": "410332"}
\o [2026-04-16 00:50:31.833 +0700] [INFO] [cadence.virtuoso.ade.services.netlister] - Started netlisting {"point": 258, "testname": "gmIdwl_gmid2_1"}
\o Resetting statistical vars
\o 
\o *Info*    Setting parameter values ...
\o 
\o Setting var length = "12.95u"
\o 
\o *Info*    Netlist Directory =
\o           /home/dtvt_13/simulation/gmIdwl/gmid2/maestro/results/maestro/ExplorerRun.0/258/gmIdwl_gmid2_1/netlist
\o 
\o 
\o *Info*    Data Directory    =
\o           /home/dtvt_13/simulation/gmIdwl/gmid2/maestro/results/maestro/ExplorerRun.0/258/gmIdwl_gmid2_1
\o 
\o Reusing AHDL Data dir
\o generate netlist...
\o Ignoring netlist creation since ignoreDesignChangesDuringRun is set to true
\o       ...successful.
\o compose simulator input file...
\o       ...successful.
\o [2026-04-16 00:50:32.292 +0700] [PROCESS] [cadence.virtuoso.ade.services.netlister] - Current memory used: 520.9805 MBytes, peak memory used: 520.9844 MBytes {"hostname": "dtvt_13", "processid": 30914, "testname": "gmIdwl_gmid2_1", "point": 258, "logfile": "/home/dtvt_13/duyDUT/logs_dtvt_13/logs0/Service29.log"}
\o [2026-04-16 00:50:32.293 +0700] [INFO] [cadence.virtuoso.ade.services.netlister] - Finished netlisting {"point": 258, "testname": "gmIdwl_gmid2_1"}
\o [2026-04-16 00:50:32.295 +0700] [EVENT] [cadence.virtuoso.ade.services.netlister] - NewPoint {"point": 259, "testname": "gmIdwl_gmid2_1", "event": "NewPoint", "EventSource": "Netlist Service", "HistoryName": "ExplorerRun.0", "logFile": "/home/dtvt_13/duyDUT/logs_dtvt_13/logs0/Service29.log", "logFileSize": "411900"}
\o [2026-04-16 00:50:32.295 +0700] [INFO] [cadence.virtuoso.ade.services.netlister] - Started netlisting {"point": 259, "testname": "gmIdwl_gmid2_1"}
\o Resetting statistical vars
\o 
\o *Info*    Setting parameter values ...
\o 
\o Setting var length = "13u"
\o 
\o *Info*    Netlist Directory =
\o           /home/dtvt_13/simulation/gmIdwl/gmid2/maestro/results/maestro/ExplorerRun.0/259/gmIdwl_gmid2_1/netlist
\o 
\o 
\o *Info*    Data Directory    =
\o           /home/dtvt_13/simulation/gmIdwl/gmid2/maestro/results/maestro/ExplorerRun.0/259/gmIdwl_gmid2_1
\o 
\o Reusing AHDL Data dir
\o generate netlist...
\o Ignoring netlist creation since ignoreDesignChangesDuringRun is set to true
\o       ...successful.
\o compose simulator input file...
\o       ...successful.
\o [2026-04-16 00:50:32.749 +0700] [PROCESS] [cadence.virtuoso.ade.services.netlister] - Current memory used: 520.9805 MBytes, peak memory used: 520.9844 MBytes {"hostname": "dtvt_13", "processid": 30914, "testname": "gmIdwl_gmid2_1", "point": 259, "logfile": "/home/dtvt_13/duyDUT/logs_dtvt_13/logs0/Service29.log"}
\o [2026-04-16 00:50:32.750 +0700] [INFO] [cadence.virtuoso.ade.services.netlister] - Finished netlisting {"point": 259, "testname": "gmIdwl_gmid2_1"}
\o [2026-04-16 00:50:32.752 +0700] [EVENT] [cadence.virtuoso.ade.services.netlister] - NewPoint {"point": 260, "testname": "gmIdwl_gmid2_1", "event": "NewPoint", "EventSource": "Netlist Service", "HistoryName": "ExplorerRun.0", "logFile": "/home/dtvt_13/duyDUT/logs_dtvt_13/logs0/Service29.log", "logFileSize": "413465"}
\o [2026-04-16 00:50:32.752 +0700] [INFO] [cadence.virtuoso.ade.services.netlister] - Started netlisting {"point": 260, "testname": "gmIdwl_gmid2_1"}
\o Resetting statistical vars
\o 
\o *Info*    Setting parameter values ...
\o 
\o Setting var length = "13.05u"
\o 
\o *Info*    Netlist Directory =
\o           /home/dtvt_13/simulation/gmIdwl/gmid2/maestro/results/maestro/ExplorerRun.0/260/gmIdwl_gmid2_1/netlist
\o 
\o 
\o *Info*    Data Directory    =
\o           /home/dtvt_13/simulation/gmIdwl/gmid2/maestro/results/maestro/ExplorerRun.0/260/gmIdwl_gmid2_1
\o 
\o Reusing AHDL Data dir
\o generate netlist...
\o Ignoring netlist creation since ignoreDesignChangesDuringRun is set to true
\o       ...successful.
\o compose simulator input file...
\o       ...successful.
\o [2026-04-16 00:50:33.190 +0700] [PROCESS] [cadence.virtuoso.ade.services.netlister] - Current memory used: 520.9805 MBytes, peak memory used: 520.9844 MBytes {"hostname": "dtvt_13", "processid": 30914, "testname": "gmIdwl_gmid2_1", "point": 260, "logfile": "/home/dtvt_13/duyDUT/logs_dtvt_13/logs0/Service29.log"}
\o [2026-04-16 00:50:33.191 +0700] [INFO] [cadence.virtuoso.ade.services.netlister] - Finished netlisting {"point": 260, "testname": "gmIdwl_gmid2_1"}
\o [2026-04-16 00:50:33.193 +0700] [EVENT] [cadence.virtuoso.ade.services.netlister] - NewPoint {"point": 261, "testname": "gmIdwl_gmid2_1", "event": "NewPoint", "EventSource": "Netlist Service", "HistoryName": "ExplorerRun.0", "logFile": "/home/dtvt_13/duyDUT/logs_dtvt_13/logs0/Service29.log", "logFileSize": "415033"}
\o [2026-04-16 00:50:33.193 +0700] [INFO] [cadence.virtuoso.ade.services.netlister] - Started netlisting {"point": 261, "testname": "gmIdwl_gmid2_1"}
\o Resetting statistical vars
\o 
\o *Info*    Setting parameter values ...
\o 
\o Setting var length = "13.1u"
\o 
\o *Info*    Netlist Directory =
\o           /home/dtvt_13/simulation/gmIdwl/gmid2/maestro/results/maestro/ExplorerRun.0/261/gmIdwl_gmid2_1/netlist
\o 
\o 
\o *Info*    Data Directory    =
\o           /home/dtvt_13/simulation/gmIdwl/gmid2/maestro/results/maestro/ExplorerRun.0/261/gmIdwl_gmid2_1
\o 
\o Reusing AHDL Data dir
\o generate netlist...
\o Ignoring netlist creation since ignoreDesignChangesDuringRun is set to true
\o       ...successful.
\o compose simulator input file...
\o       ...successful.
\o [2026-04-16 00:50:33.534 +0700] [PROCESS] [cadence.virtuoso.ade.services.netlister] - Current memory used: 520.9805 MBytes, peak memory used: 520.9844 MBytes {"hostname": "dtvt_13", "processid": 30914, "testname": "gmIdwl_gmid2_1", "point": 261, "logfile": "/home/dtvt_13/duyDUT/logs_dtvt_13/logs0/Service29.log"}
\o [2026-04-16 00:50:33.535 +0700] [INFO] [cadence.virtuoso.ade.services.netlister] - Finished netlisting {"point": 261, "testname": "gmIdwl_gmid2_1"}
\o [2026-04-16 00:50:33.536 +0700] [EVENT] [cadence.virtuoso.ade.services.netlister] - NewPoint {"point": 262, "testname": "gmIdwl_gmid2_1", "event": "NewPoint", "EventSource": "Netlist Service", "HistoryName": "ExplorerRun.0", "logFile": "/home/dtvt_13/duyDUT/logs_dtvt_13/logs0/Service29.log", "logFileSize": "416600"}
\o [2026-04-16 00:50:33.536 +0700] [INFO] [cadence.virtuoso.ade.services.netlister] - Started netlisting {"point": 262, "testname": "gmIdwl_gmid2_1"}
\o Resetting statistical vars
\o 
\o *Info*    Setting parameter values ...
\o 
\o Setting var length = "13.15u"
\o 
\o *Info*    Netlist Directory =
\o           /home/dtvt_13/simulation/gmIdwl/gmid2/maestro/results/maestro/ExplorerRun.0/262/gmIdwl_gmid2_1/netlist
\o 
\o 
\o *Info*    Data Directory    =
\o           /home/dtvt_13/simulation/gmIdwl/gmid2/maestro/results/maestro/ExplorerRun.0/262/gmIdwl_gmid2_1
\o 
\o Reusing AHDL Data dir
\o generate netlist...
\o Ignoring netlist creation since ignoreDesignChangesDuringRun is set to true
\o       ...successful.
\o compose simulator input file...
\o       ...successful.
\o [2026-04-16 00:50:33.899 +0700] [PROCESS] [cadence.virtuoso.ade.services.netlister] - Current memory used: 520.9805 MBytes, peak memory used: 520.9844 MBytes {"hostname": "dtvt_13", "processid": 30914, "testname": "gmIdwl_gmid2_1", "point": 262, "logfile": "/home/dtvt_13/duyDUT/logs_dtvt_13/logs0/Service29.log"}
\o [2026-04-16 00:50:33.899 +0700] [INFO] [cadence.virtuoso.ade.services.netlister] - Finished netlisting {"point": 262, "testname": "gmIdwl_gmid2_1"}
\o [2026-04-16 00:50:33.900 +0700] [EVENT] [cadence.virtuoso.ade.services.netlister] - NewPoint {"point": 263, "testname": "gmIdwl_gmid2_1", "event": "NewPoint", "EventSource": "Netlist Service", "HistoryName": "ExplorerRun.0", "logFile": "/home/dtvt_13/duyDUT/logs_dtvt_13/logs0/Service29.log", "logFileSize": "418168"}
\o [2026-04-16 00:50:33.900 +0700] [INFO] [cadence.virtuoso.ade.services.netlister] - Started netlisting {"point": 263, "testname": "gmIdwl_gmid2_1"}
\o Resetting statistical vars
\o 
\o *Info*    Setting parameter values ...
\o 
\o Setting var length = "13.2u"
\o 
\o *Info*    Netlist Directory =
\o           /home/dtvt_13/simulation/gmIdwl/gmid2/maestro/results/maestro/ExplorerRun.0/263/gmIdwl_gmid2_1/netlist
\o 
\o 
\o *Info*    Data Directory    =
\o           /home/dtvt_13/simulation/gmIdwl/gmid2/maestro/results/maestro/ExplorerRun.0/263/gmIdwl_gmid2_1
\o 
\o Reusing AHDL Data dir
\o generate netlist...
\o Ignoring netlist creation since ignoreDesignChangesDuringRun is set to true
\o       ...successful.
\o compose simulator input file...
\o       ...successful.
\o [2026-04-16 00:50:34.070 +0700] [PROCESS] [cadence.virtuoso.ade.services.netlister] - Current memory used: 520.9805 MBytes, peak memory used: 520.9844 MBytes {"hostname": "dtvt_13", "processid": 30914, "testname": "gmIdwl_gmid2_1", "point": 263, "logfile": "/home/dtvt_13/duyDUT/logs_dtvt_13/logs0/Service29.log"}
\o [2026-04-16 00:50:34.070 +0700] [INFO] [cadence.virtuoso.ade.services.netlister] - Finished netlisting {"point": 263, "testname": "gmIdwl_gmid2_1"}
\o [2026-04-16 00:50:34.071 +0700] [EVENT] [cadence.virtuoso.ade.services.netlister] - NewPoint {"point": 264, "testname": "gmIdwl_gmid2_1", "event": "NewPoint", "EventSource": "Netlist Service", "HistoryName": "ExplorerRun.0", "logFile": "/home/dtvt_13/duyDUT/logs_dtvt_13/logs0/Service29.log", "logFileSize": "419735"}
\o [2026-04-16 00:50:34.071 +0700] [INFO] [cadence.virtuoso.ade.services.netlister] - Started netlisting {"point": 264, "testname": "gmIdwl_gmid2_1"}
\o Resetting statistical vars
\o 
\o *Info*    Setting parameter values ...
\o 
\o Setting var length = "13.25u"
\o 
\o *Info*    Netlist Directory =
\o           /home/dtvt_13/simulation/gmIdwl/gmid2/maestro/results/maestro/ExplorerRun.0/264/gmIdwl_gmid2_1/netlist
\o 
\o 
\o *Info*    Data Directory    =
\o           /home/dtvt_13/simulation/gmIdwl/gmid2/maestro/results/maestro/ExplorerRun.0/264/gmIdwl_gmid2_1
\o 
\o Reusing AHDL Data dir
\o generate netlist...
\o Ignoring netlist creation since ignoreDesignChangesDuringRun is set to true
\o       ...successful.
\o compose simulator input file...
\o       ...successful.
\o [2026-04-16 00:50:34.266 +0700] [PROCESS] [cadence.virtuoso.ade.services.netlister] - Current memory used: 521.2148 MBytes, peak memory used: 521.2188 MBytes {"hostname": "dtvt_13", "processid": 30914, "testname": "gmIdwl_gmid2_1", "point": 264, "logfile": "/home/dtvt_13/duyDUT/logs_dtvt_13/logs0/Service29.log"}
\o [2026-04-16 00:50:34.266 +0700] [INFO] [cadence.virtuoso.ade.services.netlister] - Finished netlisting {"point": 264, "testname": "gmIdwl_gmid2_1"}
\o [2026-04-16 00:50:34.267 +0700] [EVENT] [cadence.virtuoso.ade.services.netlister] - NewPoint {"point": 265, "testname": "gmIdwl_gmid2_1", "event": "NewPoint", "EventSource": "Netlist Service", "HistoryName": "ExplorerRun.0", "logFile": "/home/dtvt_13/duyDUT/logs_dtvt_13/logs0/Service29.log", "logFileSize": "421303"}
\o [2026-04-16 00:50:34.267 +0700] [INFO] [cadence.virtuoso.ade.services.netlister] - Started netlisting {"point": 265, "testname": "gmIdwl_gmid2_1"}
\o Resetting statistical vars
\o 
\o *Info*    Setting parameter values ...
\o 
\o Setting var length = "13.3u"
\o 
\o *Info*    Netlist Directory =
\o           /home/dtvt_13/simulation/gmIdwl/gmid2/maestro/results/maestro/ExplorerRun.0/265/gmIdwl_gmid2_1/netlist
\o 
\o 
\o *Info*    Data Directory    =
\o           /home/dtvt_13/simulation/gmIdwl/gmid2/maestro/results/maestro/ExplorerRun.0/265/gmIdwl_gmid2_1
\o 
\o Reusing AHDL Data dir
\o generate netlist...
\o Ignoring netlist creation since ignoreDesignChangesDuringRun is set to true
\o       ...successful.
\o compose simulator input file...
\o       ...successful.
\o [2026-04-16 00:50:34.450 +0700] [PROCESS] [cadence.virtuoso.ade.services.netlister] - Current memory used: 521.2148 MBytes, peak memory used: 521.2188 MBytes {"hostname": "dtvt_13", "processid": 30914, "testname": "gmIdwl_gmid2_1", "point": 265, "logfile": "/home/dtvt_13/duyDUT/logs_dtvt_13/logs0/Service29.log"}
\o [2026-04-16 00:50:34.450 +0700] [INFO] [cadence.virtuoso.ade.services.netlister] - Finished netlisting {"point": 265, "testname": "gmIdwl_gmid2_1"}
\o [2026-04-16 00:50:34.451 +0700] [EVENT] [cadence.virtuoso.ade.services.netlister] - NewPoint {"point": 266, "testname": "gmIdwl_gmid2_1", "event": "NewPoint", "EventSource": "Netlist Service", "HistoryName": "ExplorerRun.0", "logFile": "/home/dtvt_13/duyDUT/logs_dtvt_13/logs0/Service29.log", "logFileSize": "422870"}
\o [2026-04-16 00:50:34.451 +0700] [INFO] [cadence.virtuoso.ade.services.netlister] - Started netlisting {"point": 266, "testname": "gmIdwl_gmid2_1"}
\o Resetting statistical vars
\o 
\o *Info*    Setting parameter values ...
\o 
\o Setting var length = "13.35u"
\o 
\o *Info*    Netlist Directory =
\o           /home/dtvt_13/simulation/gmIdwl/gmid2/maestro/results/maestro/ExplorerRun.0/266/gmIdwl_gmid2_1/netlist
\o 
\o 
\o *Info*    Data Directory    =
\o           /home/dtvt_13/simulation/gmIdwl/gmid2/maestro/results/maestro/ExplorerRun.0/266/gmIdwl_gmid2_1
\o 
\o Reusing AHDL Data dir
\o generate netlist...
\o Ignoring netlist creation since ignoreDesignChangesDuringRun is set to true
\o       ...successful.
\o compose simulator input file...
\o       ...successful.
\o [2026-04-16 00:50:34.709 +0700] [PROCESS] [cadence.virtuoso.ade.services.netlister] - Current memory used: 521.2148 MBytes, peak memory used: 521.2188 MBytes {"hostname": "dtvt_13", "processid": 30914, "testname": "gmIdwl_gmid2_1", "point": 266, "logfile": "/home/dtvt_13/duyDUT/logs_dtvt_13/logs0/Service29.log"}
\o [2026-04-16 00:50:34.710 +0700] [INFO] [cadence.virtuoso.ade.services.netlister] - Finished netlisting {"point": 266, "testname": "gmIdwl_gmid2_1"}
\o [2026-04-16 00:50:34.713 +0700] [EVENT] [cadence.virtuoso.ade.services.netlister] - NewPoint {"point": 267, "testname": "gmIdwl_gmid2_1", "event": "NewPoint", "EventSource": "Netlist Service", "HistoryName": "ExplorerRun.0", "logFile": "/home/dtvt_13/duyDUT/logs_dtvt_13/logs0/Service29.log", "logFileSize": "424438"}
\o [2026-04-16 00:50:34.713 +0700] [INFO] [cadence.virtuoso.ade.services.netlister] - Started netlisting {"point": 267, "testname": "gmIdwl_gmid2_1"}
\o Resetting statistical vars
\o 
\o *Info*    Setting parameter values ...
\o 
\o Setting var length = "13.4u"
\o 
\o *Info*    Netlist Directory =
\o           /home/dtvt_13/simulation/gmIdwl/gmid2/maestro/results/maestro/ExplorerRun.0/267/gmIdwl_gmid2_1/netlist
\o 
\o 
\o *Info*    Data Directory    =
\o           /home/dtvt_13/simulation/gmIdwl/gmid2/maestro/results/maestro/ExplorerRun.0/267/gmIdwl_gmid2_1
\o 
\o Reusing AHDL Data dir
\o generate netlist...
\o Ignoring netlist creation since ignoreDesignChangesDuringRun is set to true
\o       ...successful.
\o compose simulator input file...
\o       ...successful.
\o [2026-04-16 00:50:35.129 +0700] [PROCESS] [cadence.virtuoso.ade.services.netlister] - Current memory used: 521.2148 MBytes, peak memory used: 521.2188 MBytes {"hostname": "dtvt_13", "processid": 30914, "testname": "gmIdwl_gmid2_1", "point": 267, "logfile": "/home/dtvt_13/duyDUT/logs_dtvt_13/logs0/Service29.log"}
\o [2026-04-16 00:50:35.130 +0700] [INFO] [cadence.virtuoso.ade.services.netlister] - Finished netlisting {"point": 267, "testname": "gmIdwl_gmid2_1"}
\o [2026-04-16 00:50:35.131 +0700] [EVENT] [cadence.virtuoso.ade.services.netlister] - NewPoint {"point": 268, "testname": "gmIdwl_gmid2_1", "event": "NewPoint", "EventSource": "Netlist Service", "HistoryName": "ExplorerRun.0", "logFile": "/home/dtvt_13/duyDUT/logs_dtvt_13/logs0/Service29.log", "logFileSize": "426005"}
\o [2026-04-16 00:50:35.131 +0700] [INFO] [cadence.virtuoso.ade.services.netlister] - Started netlisting {"point": 268, "testname": "gmIdwl_gmid2_1"}
\o Resetting statistical vars
\o 
\o *Info*    Setting parameter values ...
\o 
\o Setting var length = "13.45u"
\o 
\o *Info*    Netlist Directory =
\o           /home/dtvt_13/simulation/gmIdwl/gmid2/maestro/results/maestro/ExplorerRun.0/268/gmIdwl_gmid2_1/netlist
\o 
\o 
\o *Info*    Data Directory    =
\o           /home/dtvt_13/simulation/gmIdwl/gmid2/maestro/results/maestro/ExplorerRun.0/268/gmIdwl_gmid2_1
\o 
\o Reusing AHDL Data dir
\o generate netlist...
\o Ignoring netlist creation since ignoreDesignChangesDuringRun is set to true
\o       ...successful.
\o compose simulator input file...
\o       ...successful.
\o [2026-04-16 00:50:35.314 +0700] [PROCESS] [cadence.virtuoso.ade.services.netlister] - Current memory used: 521.2148 MBytes, peak memory used: 521.2188 MBytes {"hostname": "dtvt_13", "processid": 30914, "testname": "gmIdwl_gmid2_1", "point": 268, "logfile": "/home/dtvt_13/duyDUT/logs_dtvt_13/logs0/Service29.log"}
\o [2026-04-16 00:50:35.314 +0700] [INFO] [cadence.virtuoso.ade.services.netlister] - Finished netlisting {"point": 268, "testname": "gmIdwl_gmid2_1"}
\o [2026-04-16 00:50:35.315 +0700] [EVENT] [cadence.virtuoso.ade.services.netlister] - NewPoint {"point": 269, "testname": "gmIdwl_gmid2_1", "event": "NewPoint", "EventSource": "Netlist Service", "HistoryName": "ExplorerRun.0", "logFile": "/home/dtvt_13/duyDUT/logs_dtvt_13/logs0/Service29.log", "logFileSize": "427573"}
\o [2026-04-16 00:50:35.315 +0700] [INFO] [cadence.virtuoso.ade.services.netlister] - Started netlisting {"point": 269, "testname": "gmIdwl_gmid2_1"}
\o Resetting statistical vars
\o 
\o *Info*    Setting parameter values ...
\o 
\o Setting var length = "13.5u"
\o 
\o *Info*    Netlist Directory =
\o           /home/dtvt_13/simulation/gmIdwl/gmid2/maestro/results/maestro/ExplorerRun.0/269/gmIdwl_gmid2_1/netlist
\o 
\o 
\o *Info*    Data Directory    =
\o           /home/dtvt_13/simulation/gmIdwl/gmid2/maestro/results/maestro/ExplorerRun.0/269/gmIdwl_gmid2_1
\o 
\o Reusing AHDL Data dir
\o generate netlist...
\o Ignoring netlist creation since ignoreDesignChangesDuringRun is set to true
\o       ...successful.
\o compose simulator input file...
\o       ...successful.
\o [2026-04-16 00:50:35.517 +0700] [PROCESS] [cadence.virtuoso.ade.services.netlister] - Current memory used: 521.2148 MBytes, peak memory used: 521.2188 MBytes {"hostname": "dtvt_13", "processid": 30914, "testname": "gmIdwl_gmid2_1", "point": 269, "logfile": "/home/dtvt_13/duyDUT/logs_dtvt_13/logs0/Service29.log"}
\o [2026-04-16 00:50:35.517 +0700] [INFO] [cadence.virtuoso.ade.services.netlister] - Finished netlisting {"point": 269, "testname": "gmIdwl_gmid2_1"}
\o [2026-04-16 00:50:35.518 +0700] [EVENT] [cadence.virtuoso.ade.services.netlister] - NewPoint {"point": 270, "testname": "gmIdwl_gmid2_1", "event": "NewPoint", "EventSource": "Netlist Service", "HistoryName": "ExplorerRun.0", "logFile": "/home/dtvt_13/duyDUT/logs_dtvt_13/logs0/Service29.log", "logFileSize": "429140"}
\o [2026-04-16 00:50:35.518 +0700] [INFO] [cadence.virtuoso.ade.services.netlister] - Started netlisting {"point": 270, "testname": "gmIdwl_gmid2_1"}
\o Resetting statistical vars
\o 
\o *Info*    Setting parameter values ...
\o 
\o Setting var length = "13.55u"
\o 
\o *Info*    Netlist Directory =
\o           /home/dtvt_13/simulation/gmIdwl/gmid2/maestro/results/maestro/ExplorerRun.0/270/gmIdwl_gmid2_1/netlist
\o 
\o 
\o *Info*    Data Directory    =
\o           /home/dtvt_13/simulation/gmIdwl/gmid2/maestro/results/maestro/ExplorerRun.0/270/gmIdwl_gmid2_1
\o 
\o Reusing AHDL Data dir
\o generate netlist...
\o Ignoring netlist creation since ignoreDesignChangesDuringRun is set to true
\o       ...successful.
\o compose simulator input file...
\o       ...successful.
\o [2026-04-16 00:50:35.812 +0700] [PROCESS] [cadence.virtuoso.ade.services.netlister] - Current memory used: 521.2148 MBytes, peak memory used: 521.2188 MBytes {"hostname": "dtvt_13", "processid": 30914, "testname": "gmIdwl_gmid2_1", "point": 270, "logfile": "/home/dtvt_13/duyDUT/logs_dtvt_13/logs0/Service29.log"}
\o [2026-04-16 00:50:35.813 +0700] [INFO] [cadence.virtuoso.ade.services.netlister] - Finished netlisting {"point": 270, "testname": "gmIdwl_gmid2_1"}
\o [2026-04-16 00:50:35.815 +0700] [EVENT] [cadence.virtuoso.ade.services.netlister] - NewPoint {"point": 271, "testname": "gmIdwl_gmid2_1", "event": "NewPoint", "EventSource": "Netlist Service", "HistoryName": "ExplorerRun.0", "logFile": "/home/dtvt_13/duyDUT/logs_dtvt_13/logs0/Service29.log", "logFileSize": "430708"}
\o [2026-04-16 00:50:35.816 +0700] [INFO] [cadence.virtuoso.ade.services.netlister] - Started netlisting {"point": 271, "testname": "gmIdwl_gmid2_1"}
\o Resetting statistical vars
\o 
\o *Info*    Setting parameter values ...
\o 
\o Setting var length = "13.6u"
\o 
\o *Info*    Netlist Directory =
\o           /home/dtvt_13/simulation/gmIdwl/gmid2/maestro/results/maestro/ExplorerRun.0/271/gmIdwl_gmid2_1/netlist
\o 
\o 
\o *Info*    Data Directory    =
\o           /home/dtvt_13/simulation/gmIdwl/gmid2/maestro/results/maestro/ExplorerRun.0/271/gmIdwl_gmid2_1
\o 
\o Reusing AHDL Data dir
\o generate netlist...
\o Ignoring netlist creation since ignoreDesignChangesDuringRun is set to true
\o       ...successful.
\o compose simulator input file...
\o       ...successful.
\o [2026-04-16 00:50:36.248 +0700] [PROCESS] [cadence.virtuoso.ade.services.netlister] - Current memory used: 521.2148 MBytes, peak memory used: 521.2188 MBytes {"hostname": "dtvt_13", "processid": 30914, "testname": "gmIdwl_gmid2_1", "point": 271, "logfile": "/home/dtvt_13/duyDUT/logs_dtvt_13/logs0/Service29.log"}
\o [2026-04-16 00:50:36.248 +0700] [INFO] [cadence.virtuoso.ade.services.netlister] - Finished netlisting {"point": 271, "testname": "gmIdwl_gmid2_1"}
\o [2026-04-16 00:50:36.249 +0700] [EVENT] [cadence.virtuoso.ade.services.netlister] - NewPoint {"point": 272, "testname": "gmIdwl_gmid2_1", "event": "NewPoint", "EventSource": "Netlist Service", "HistoryName": "ExplorerRun.0", "logFile": "/home/dtvt_13/duyDUT/logs_dtvt_13/logs0/Service29.log", "logFileSize": "432275"}
\o [2026-04-16 00:50:36.249 +0700] [INFO] [cadence.virtuoso.ade.services.netlister] - Started netlisting {"point": 272, "testname": "gmIdwl_gmid2_1"}
\o Resetting statistical vars
\o 
\o *Info*    Setting parameter values ...
\o 
\o Setting var length = "13.65u"
\o 
\o *Info*    Netlist Directory =
\o           /home/dtvt_13/simulation/gmIdwl/gmid2/maestro/results/maestro/ExplorerRun.0/272/gmIdwl_gmid2_1/netlist
\o 
\o 
\o *Info*    Data Directory    =
\o           /home/dtvt_13/simulation/gmIdwl/gmid2/maestro/results/maestro/ExplorerRun.0/272/gmIdwl_gmid2_1
\o 
\o Reusing AHDL Data dir
\o generate netlist...
\o Ignoring netlist creation since ignoreDesignChangesDuringRun is set to true
\o       ...successful.
\o compose simulator input file...
\o       ...successful.
\o [2026-04-16 00:50:36.562 +0700] [PROCESS] [cadence.virtuoso.ade.services.netlister] - Current memory used: 521.2148 MBytes, peak memory used: 521.2188 MBytes {"hostname": "dtvt_13", "processid": 30914, "testname": "gmIdwl_gmid2_1", "point": 272, "logfile": "/home/dtvt_13/duyDUT/logs_dtvt_13/logs0/Service29.log"}
\o [2026-04-16 00:50:36.563 +0700] [INFO] [cadence.virtuoso.ade.services.netlister] - Finished netlisting {"point": 272, "testname": "gmIdwl_gmid2_1"}
\o [2026-04-16 00:50:36.565 +0700] [EVENT] [cadence.virtuoso.ade.services.netlister] - NewPoint {"point": 273, "testname": "gmIdwl_gmid2_1", "event": "NewPoint", "EventSource": "Netlist Service", "HistoryName": "ExplorerRun.0", "logFile": "/home/dtvt_13/duyDUT/logs_dtvt_13/logs0/Service29.log", "logFileSize": "433843"}
\o [2026-04-16 00:50:36.566 +0700] [INFO] [cadence.virtuoso.ade.services.netlister] - Started netlisting {"point": 273, "testname": "gmIdwl_gmid2_1"}
\o Resetting statistical vars
\o 
\o *Info*    Setting parameter values ...
\o 
\o Setting var length = "13.7u"
\o 
\o *Info*    Netlist Directory =
\o           /home/dtvt_13/simulation/gmIdwl/gmid2/maestro/results/maestro/ExplorerRun.0/273/gmIdwl_gmid2_1/netlist
\o 
\o 
\o *Info*    Data Directory    =
\o           /home/dtvt_13/simulation/gmIdwl/gmid2/maestro/results/maestro/ExplorerRun.0/273/gmIdwl_gmid2_1
\o 
\o Reusing AHDL Data dir
\o generate netlist...
\o Ignoring netlist creation since ignoreDesignChangesDuringRun is set to true
\o       ...successful.
\o compose simulator input file...
\o       ...successful.
\o [2026-04-16 00:50:37.022 +0700] [PROCESS] [cadence.virtuoso.ade.services.netlister] - Current memory used: 521.2148 MBytes, peak memory used: 521.2188 MBytes {"hostname": "dtvt_13", "processid": 30914, "testname": "gmIdwl_gmid2_1", "point": 273, "logfile": "/home/dtvt_13/duyDUT/logs_dtvt_13/logs0/Service29.log"}
\o [2026-04-16 00:50:37.023 +0700] [INFO] [cadence.virtuoso.ade.services.netlister] - Finished netlisting {"point": 273, "testname": "gmIdwl_gmid2_1"}
\o [2026-04-16 00:50:37.025 +0700] [EVENT] [cadence.virtuoso.ade.services.netlister] - NewPoint {"point": 274, "testname": "gmIdwl_gmid2_1", "event": "NewPoint", "EventSource": "Netlist Service", "HistoryName": "ExplorerRun.0", "logFile": "/home/dtvt_13/duyDUT/logs_dtvt_13/logs0/Service29.log", "logFileSize": "435410"}
\o [2026-04-16 00:50:37.025 +0700] [INFO] [cadence.virtuoso.ade.services.netlister] - Started netlisting {"point": 274, "testname": "gmIdwl_gmid2_1"}
\o Resetting statistical vars
\o 
\o *Info*    Setting parameter values ...
\o 
\o Setting var length = "13.75u"
\o 
\o *Info*    Netlist Directory =
\o           /home/dtvt_13/simulation/gmIdwl/gmid2/maestro/results/maestro/ExplorerRun.0/274/gmIdwl_gmid2_1/netlist
\o 
\o 
\o *Info*    Data Directory    =
\o           /home/dtvt_13/simulation/gmIdwl/gmid2/maestro/results/maestro/ExplorerRun.0/274/gmIdwl_gmid2_1
\o 
\o Reusing AHDL Data dir
\o generate netlist...
\o Ignoring netlist creation since ignoreDesignChangesDuringRun is set to true
\o       ...successful.
\o compose simulator input file...
\o       ...successful.
\o [2026-04-16 00:50:37.429 +0700] [PROCESS] [cadence.virtuoso.ade.services.netlister] - Current memory used: 521.2148 MBytes, peak memory used: 521.2188 MBytes {"hostname": "dtvt_13", "processid": 30914, "testname": "gmIdwl_gmid2_1", "point": 274, "logfile": "/home/dtvt_13/duyDUT/logs_dtvt_13/logs0/Service29.log"}
\o [2026-04-16 00:50:37.429 +0700] [INFO] [cadence.virtuoso.ade.services.netlister] - Finished netlisting {"point": 274, "testname": "gmIdwl_gmid2_1"}
\o [2026-04-16 00:50:37.431 +0700] [EVENT] [cadence.virtuoso.ade.services.netlister] - NewPoint {"point": 275, "testname": "gmIdwl_gmid2_1", "event": "NewPoint", "EventSource": "Netlist Service", "HistoryName": "ExplorerRun.0", "logFile": "/home/dtvt_13/duyDUT/logs_dtvt_13/logs0/Service29.log", "logFileSize": "436978"}
\o [2026-04-16 00:50:37.431 +0700] [INFO] [cadence.virtuoso.ade.services.netlister] - Started netlisting {"point": 275, "testname": "gmIdwl_gmid2_1"}
\o Resetting statistical vars
\o 
\o *Info*    Setting parameter values ...
\o 
\o Setting var length = "13.8u"
\o 
\o *Info*    Netlist Directory =
\o           /home/dtvt_13/simulation/gmIdwl/gmid2/maestro/results/maestro/ExplorerRun.0/275/gmIdwl_gmid2_1/netlist
\o 
\o 
\o *Info*    Data Directory    =
\o           /home/dtvt_13/simulation/gmIdwl/gmid2/maestro/results/maestro/ExplorerRun.0/275/gmIdwl_gmid2_1
\o 
\o Reusing AHDL Data dir
\o generate netlist...
\o Ignoring netlist creation since ignoreDesignChangesDuringRun is set to true
\o       ...successful.
\o compose simulator input file...
\o       ...successful.
\o [2026-04-16 00:50:37.769 +0700] [PROCESS] [cadence.virtuoso.ade.services.netlister] - Current memory used: 521.2148 MBytes, peak memory used: 521.2188 MBytes {"hostname": "dtvt_13", "processid": 30914, "testname": "gmIdwl_gmid2_1", "point": 275, "logfile": "/home/dtvt_13/duyDUT/logs_dtvt_13/logs0/Service29.log"}
\o [2026-04-16 00:50:37.770 +0700] [INFO] [cadence.virtuoso.ade.services.netlister] - Finished netlisting {"point": 275, "testname": "gmIdwl_gmid2_1"}
\o [2026-04-16 00:50:37.772 +0700] [EVENT] [cadence.virtuoso.ade.services.netlister] - NewPoint {"point": 276, "testname": "gmIdwl_gmid2_1", "event": "NewPoint", "EventSource": "Netlist Service", "HistoryName": "ExplorerRun.0", "logFile": "/home/dtvt_13/duyDUT/logs_dtvt_13/logs0/Service29.log", "logFileSize": "438545"}
\o [2026-04-16 00:50:37.773 +0700] [INFO] [cadence.virtuoso.ade.services.netlister] - Started netlisting {"point": 276, "testname": "gmIdwl_gmid2_1"}
\o Resetting statistical vars
\o 
\o *Info*    Setting parameter values ...
\o 
\o Setting var length = "13.85u"
\o 
\o *Info*    Netlist Directory =
\o           /home/dtvt_13/simulation/gmIdwl/gmid2/maestro/results/maestro/ExplorerRun.0/276/gmIdwl_gmid2_1/netlist
\o 
\o 
\o *Info*    Data Directory    =
\o           /home/dtvt_13/simulation/gmIdwl/gmid2/maestro/results/maestro/ExplorerRun.0/276/gmIdwl_gmid2_1
\o 
\o Reusing AHDL Data dir
\o generate netlist...
\o Ignoring netlist creation since ignoreDesignChangesDuringRun is set to true
\o       ...successful.
\o compose simulator input file...
\o       ...successful.
\o [2026-04-16 00:50:38.262 +0700] [PROCESS] [cadence.virtuoso.ade.services.netlister] - Current memory used: 521.2148 MBytes, peak memory used: 521.2188 MBytes {"hostname": "dtvt_13", "processid": 30914, "testname": "gmIdwl_gmid2_1", "point": 276, "logfile": "/home/dtvt_13/duyDUT/logs_dtvt_13/logs0/Service29.log"}
\o [2026-04-16 00:50:38.263 +0700] [INFO] [cadence.virtuoso.ade.services.netlister] - Finished netlisting {"point": 276, "testname": "gmIdwl_gmid2_1"}
\o [2026-04-16 00:50:38.266 +0700] [EVENT] [cadence.virtuoso.ade.services.netlister] - NewPoint {"point": 277, "testname": "gmIdwl_gmid2_1", "event": "NewPoint", "EventSource": "Netlist Service", "HistoryName": "ExplorerRun.0", "logFile": "/home/dtvt_13/duyDUT/logs_dtvt_13/logs0/Service29.log", "logFileSize": "440113"}
\o [2026-04-16 00:50:38.266 +0700] [INFO] [cadence.virtuoso.ade.services.netlister] - Started netlisting {"point": 277, "testname": "gmIdwl_gmid2_1"}
\o Resetting statistical vars
\o 
\o *Info*    Setting parameter values ...
\o 
\o Setting var length = "13.9u"
\o 
\o *Info*    Netlist Directory =
\o           /home/dtvt_13/simulation/gmIdwl/gmid2/maestro/results/maestro/ExplorerRun.0/277/gmIdwl_gmid2_1/netlist
\o 
\o 
\o *Info*    Data Directory    =
\o           /home/dtvt_13/simulation/gmIdwl/gmid2/maestro/results/maestro/ExplorerRun.0/277/gmIdwl_gmid2_1
\o 
\o Reusing AHDL Data dir
\o generate netlist...
\o Ignoring netlist creation since ignoreDesignChangesDuringRun is set to true
\o       ...successful.
\o compose simulator input file...
\o       ...successful.
\o [2026-04-16 00:50:38.668 +0700] [PROCESS] [cadence.virtuoso.ade.services.netlister] - Current memory used: 521.2148 MBytes, peak memory used: 521.2188 MBytes {"hostname": "dtvt_13", "processid": 30914, "testname": "gmIdwl_gmid2_1", "point": 277, "logfile": "/home/dtvt_13/duyDUT/logs_dtvt_13/logs0/Service29.log"}
\o [2026-04-16 00:50:38.668 +0700] [INFO] [cadence.virtuoso.ade.services.netlister] - Finished netlisting {"point": 277, "testname": "gmIdwl_gmid2_1"}
\o [2026-04-16 00:50:38.671 +0700] [EVENT] [cadence.virtuoso.ade.services.netlister] - NewPoint {"point": 278, "testname": "gmIdwl_gmid2_1", "event": "NewPoint", "EventSource": "Netlist Service", "HistoryName": "ExplorerRun.0", "logFile": "/home/dtvt_13/duyDUT/logs_dtvt_13/logs0/Service29.log", "logFileSize": "441680"}
\o [2026-04-16 00:50:38.671 +0700] [INFO] [cadence.virtuoso.ade.services.netlister] - Started netlisting {"point": 278, "testname": "gmIdwl_gmid2_1"}
\o Resetting statistical vars
\o 
\o *Info*    Setting parameter values ...
\o 
\o Setting var length = "13.95u"
\o 
\o *Info*    Netlist Directory =
\o           /home/dtvt_13/simulation/gmIdwl/gmid2/maestro/results/maestro/ExplorerRun.0/278/gmIdwl_gmid2_1/netlist
\o 
\o 
\o *Info*    Data Directory    =
\o           /home/dtvt_13/simulation/gmIdwl/gmid2/maestro/results/maestro/ExplorerRun.0/278/gmIdwl_gmid2_1
\o 
\o Reusing AHDL Data dir
\o generate netlist...
\o Ignoring netlist creation since ignoreDesignChangesDuringRun is set to true
\o       ...successful.
\o compose simulator input file...
\o       ...successful.
\o [2026-04-16 00:50:39.080 +0700] [PROCESS] [cadence.virtuoso.ade.services.netlister] - Current memory used: 521.2148 MBytes, peak memory used: 521.2188 MBytes {"hostname": "dtvt_13", "processid": 30914, "testname": "gmIdwl_gmid2_1", "point": 278, "logfile": "/home/dtvt_13/duyDUT/logs_dtvt_13/logs0/Service29.log"}
\o [2026-04-16 00:50:39.081 +0700] [INFO] [cadence.virtuoso.ade.services.netlister] - Finished netlisting {"point": 278, "testname": "gmIdwl_gmid2_1"}
\o [2026-04-16 00:50:39.083 +0700] [EVENT] [cadence.virtuoso.ade.services.netlister] - NewPoint {"point": 279, "testname": "gmIdwl_gmid2_1", "event": "NewPoint", "EventSource": "Netlist Service", "HistoryName": "ExplorerRun.0", "logFile": "/home/dtvt_13/duyDUT/logs_dtvt_13/logs0/Service29.log", "logFileSize": "443248"}
\o [2026-04-16 00:50:39.083 +0700] [INFO] [cadence.virtuoso.ade.services.netlister] - Started netlisting {"point": 279, "testname": "gmIdwl_gmid2_1"}
\o Resetting statistical vars
\o 
\o *Info*    Setting parameter values ...
\o 
\o Setting var length = "14u"
\o 
\o *Info*    Netlist Directory =
\o           /home/dtvt_13/simulation/gmIdwl/gmid2/maestro/results/maestro/ExplorerRun.0/279/gmIdwl_gmid2_1/netlist
\o 
\o 
\o *Info*    Data Directory    =
\o           /home/dtvt_13/simulation/gmIdwl/gmid2/maestro/results/maestro/ExplorerRun.0/279/gmIdwl_gmid2_1
\o 
\o Reusing AHDL Data dir
\o generate netlist...
\o Ignoring netlist creation since ignoreDesignChangesDuringRun is set to true
\o       ...successful.
\o compose simulator input file...
\o       ...successful.
\o [2026-04-16 00:50:39.505 +0700] [PROCESS] [cadence.virtuoso.ade.services.netlister] - Current memory used: 521.2148 MBytes, peak memory used: 521.2188 MBytes {"hostname": "dtvt_13", "processid": 30914, "testname": "gmIdwl_gmid2_1", "point": 279, "logfile": "/home/dtvt_13/duyDUT/logs_dtvt_13/logs0/Service29.log"}
\o [2026-04-16 00:50:39.506 +0700] [INFO] [cadence.virtuoso.ade.services.netlister] - Finished netlisting {"point": 279, "testname": "gmIdwl_gmid2_1"}
\o [2026-04-16 00:50:39.509 +0700] [EVENT] [cadence.virtuoso.ade.services.netlister] - NewPoint {"point": 280, "testname": "gmIdwl_gmid2_1", "event": "NewPoint", "EventSource": "Netlist Service", "HistoryName": "ExplorerRun.0", "logFile": "/home/dtvt_13/duyDUT/logs_dtvt_13/logs0/Service29.log", "logFileSize": "444813"}
\o [2026-04-16 00:50:39.509 +0700] [INFO] [cadence.virtuoso.ade.services.netlister] - Started netlisting {"point": 280, "testname": "gmIdwl_gmid2_1"}
\o Resetting statistical vars
\o 
\o *Info*    Setting parameter values ...
\o 
\o Setting var length = "14.05u"
\o 
\o *Info*    Netlist Directory =
\o           /home/dtvt_13/simulation/gmIdwl/gmid2/maestro/results/maestro/ExplorerRun.0/280/gmIdwl_gmid2_1/netlist
\o 
\o 
\o *Info*    Data Directory    =
\o           /home/dtvt_13/simulation/gmIdwl/gmid2/maestro/results/maestro/ExplorerRun.0/280/gmIdwl_gmid2_1
\o 
\o Reusing AHDL Data dir
\o generate netlist...
\o Ignoring netlist creation since ignoreDesignChangesDuringRun is set to true
\o       ...successful.
\o compose simulator input file...
\o       ...successful.
\o [2026-04-16 00:50:39.972 +0700] [PROCESS] [cadence.virtuoso.ade.services.netlister] - Current memory used: 521.2148 MBytes, peak memory used: 521.2188 MBytes {"hostname": "dtvt_13", "processid": 30914, "testname": "gmIdwl_gmid2_1", "point": 280, "logfile": "/home/dtvt_13/duyDUT/logs_dtvt_13/logs0/Service29.log"}
\o [2026-04-16 00:50:39.973 +0700] [INFO] [cadence.virtuoso.ade.services.netlister] - Finished netlisting {"point": 280, "testname": "gmIdwl_gmid2_1"}
\o [2026-04-16 00:50:39.976 +0700] [EVENT] [cadence.virtuoso.ade.services.netlister] - NewPoint {"point": 281, "testname": "gmIdwl_gmid2_1", "event": "NewPoint", "EventSource": "Netlist Service", "HistoryName": "ExplorerRun.0", "logFile": "/home/dtvt_13/duyDUT/logs_dtvt_13/logs0/Service29.log", "logFileSize": "446381"}
\o [2026-04-16 00:50:39.976 +0700] [INFO] [cadence.virtuoso.ade.services.netlister] - Started netlisting {"point": 281, "testname": "gmIdwl_gmid2_1"}
\o Resetting statistical vars
\o 
\o *Info*    Setting parameter values ...
\o 
\o Setting var length = "14.1u"
\o 
\o *Info*    Netlist Directory =
\o           /home/dtvt_13/simulation/gmIdwl/gmid2/maestro/results/maestro/ExplorerRun.0/281/gmIdwl_gmid2_1/netlist
\o 
\o 
\o *Info*    Data Directory    =
\o           /home/dtvt_13/simulation/gmIdwl/gmid2/maestro/results/maestro/ExplorerRun.0/281/gmIdwl_gmid2_1
\o 
\o Reusing AHDL Data dir
\o generate netlist...
\o Ignoring netlist creation since ignoreDesignChangesDuringRun is set to true
\o       ...successful.
\o compose simulator input file...
\o       ...successful.
\o [2026-04-16 00:50:40.473 +0700] [PROCESS] [cadence.virtuoso.ade.services.netlister] - Current memory used: 521.3086 MBytes, peak memory used: 521.3125 MBytes {"hostname": "dtvt_13", "processid": 30914, "testname": "gmIdwl_gmid2_1", "point": 281, "logfile": "/home/dtvt_13/duyDUT/logs_dtvt_13/logs0/Service29.log"}
\o [2026-04-16 00:50:40.474 +0700] [INFO] [cadence.virtuoso.ade.services.netlister] - Finished netlisting {"point": 281, "testname": "gmIdwl_gmid2_1"}
\o [2026-04-16 00:50:40.476 +0700] [EVENT] [cadence.virtuoso.ade.services.netlister] - NewPoint {"point": 282, "testname": "gmIdwl_gmid2_1", "event": "NewPoint", "EventSource": "Netlist Service", "HistoryName": "ExplorerRun.0", "logFile": "/home/dtvt_13/duyDUT/logs_dtvt_13/logs0/Service29.log", "logFileSize": "447948"}
\o [2026-04-16 00:50:40.476 +0700] [INFO] [cadence.virtuoso.ade.services.netlister] - Started netlisting {"point": 282, "testname": "gmIdwl_gmid2_1"}
\o Resetting statistical vars
\o 
\o *Info*    Setting parameter values ...
\o 
\o Setting var length = "14.15u"
\o 
\o *Info*    Netlist Directory =
\o           /home/dtvt_13/simulation/gmIdwl/gmid2/maestro/results/maestro/ExplorerRun.0/282/gmIdwl_gmid2_1/netlist
\o 
\o 
\o *Info*    Data Directory    =
\o           /home/dtvt_13/simulation/gmIdwl/gmid2/maestro/results/maestro/ExplorerRun.0/282/gmIdwl_gmid2_1
\o 
\o Reusing AHDL Data dir
\o generate netlist...
\o Ignoring netlist creation since ignoreDesignChangesDuringRun is set to true
\o       ...successful.
\o compose simulator input file...
\o       ...successful.
\o [2026-04-16 00:50:40.889 +0700] [PROCESS] [cadence.virtuoso.ade.services.netlister] - Current memory used: 521.4258 MBytes, peak memory used: 521.4297 MBytes {"hostname": "dtvt_13", "processid": 30914, "testname": "gmIdwl_gmid2_1", "point": 282, "logfile": "/home/dtvt_13/duyDUT/logs_dtvt_13/logs0/Service29.log"}
\o [2026-04-16 00:50:40.890 +0700] [INFO] [cadence.virtuoso.ade.services.netlister] - Finished netlisting {"point": 282, "testname": "gmIdwl_gmid2_1"}
\o [2026-04-16 00:50:40.892 +0700] [EVENT] [cadence.virtuoso.ade.services.netlister] - NewPoint {"point": 283, "testname": "gmIdwl_gmid2_1", "event": "NewPoint", "EventSource": "Netlist Service", "HistoryName": "ExplorerRun.0", "logFile": "/home/dtvt_13/duyDUT/logs_dtvt_13/logs0/Service29.log", "logFileSize": "449516"}
\o [2026-04-16 00:50:40.892 +0700] [INFO] [cadence.virtuoso.ade.services.netlister] - Started netlisting {"point": 283, "testname": "gmIdwl_gmid2_1"}
\o Resetting statistical vars
\o 
\o *Info*    Setting parameter values ...
\o 
\o Setting var length = "14.2u"
\o 
\o *Info*    Netlist Directory =
\o           /home/dtvt_13/simulation/gmIdwl/gmid2/maestro/results/maestro/ExplorerRun.0/283/gmIdwl_gmid2_1/netlist
\o 
\o 
\o *Info*    Data Directory    =
\o           /home/dtvt_13/simulation/gmIdwl/gmid2/maestro/results/maestro/ExplorerRun.0/283/gmIdwl_gmid2_1
\o 
\o Reusing AHDL Data dir
\o generate netlist...
\o Ignoring netlist creation since ignoreDesignChangesDuringRun is set to true
\o       ...successful.
\o compose simulator input file...
\o       ...successful.
\o [2026-04-16 00:50:41.363 +0700] [PROCESS] [cadence.virtuoso.ade.services.netlister] - Current memory used: 521.4258 MBytes, peak memory used: 521.4297 MBytes {"hostname": "dtvt_13", "processid": 30914, "testname": "gmIdwl_gmid2_1", "point": 283, "logfile": "/home/dtvt_13/duyDUT/logs_dtvt_13/logs0/Service29.log"}
\o [2026-04-16 00:50:41.364 +0700] [INFO] [cadence.virtuoso.ade.services.netlister] - Finished netlisting {"point": 283, "testname": "gmIdwl_gmid2_1"}
\o [2026-04-16 00:50:41.367 +0700] [EVENT] [cadence.virtuoso.ade.services.netlister] - NewPoint {"point": 284, "testname": "gmIdwl_gmid2_1", "event": "NewPoint", "EventSource": "Netlist Service", "HistoryName": "ExplorerRun.0", "logFile": "/home/dtvt_13/duyDUT/logs_dtvt_13/logs0/Service29.log", "logFileSize": "451083"}
\o [2026-04-16 00:50:41.367 +0700] [INFO] [cadence.virtuoso.ade.services.netlister] - Started netlisting {"point": 284, "testname": "gmIdwl_gmid2_1"}
\o Resetting statistical vars
\o 
\o *Info*    Setting parameter values ...
\o 
\o Setting var length = "14.25u"
\o 
\o *Info*    Netlist Directory =
\o           /home/dtvt_13/simulation/gmIdwl/gmid2/maestro/results/maestro/ExplorerRun.0/284/gmIdwl_gmid2_1/netlist
\o 
\o 
\o *Info*    Data Directory    =
\o           /home/dtvt_13/simulation/gmIdwl/gmid2/maestro/results/maestro/ExplorerRun.0/284/gmIdwl_gmid2_1
\o 
\o Reusing AHDL Data dir
\o generate netlist...
\o Ignoring netlist creation since ignoreDesignChangesDuringRun is set to true
\o       ...successful.
\o compose simulator input file...
\o       ...successful.
\o [2026-04-16 00:50:41.844 +0700] [PROCESS] [cadence.virtuoso.ade.services.netlister] - Current memory used: 521.4258 MBytes, peak memory used: 521.4297 MBytes {"hostname": "dtvt_13", "processid": 30914, "testname": "gmIdwl_gmid2_1", "point": 284, "logfile": "/home/dtvt_13/duyDUT/logs_dtvt_13/logs0/Service29.log"}
\o [2026-04-16 00:50:41.845 +0700] [INFO] [cadence.virtuoso.ade.services.netlister] - Finished netlisting {"point": 284, "testname": "gmIdwl_gmid2_1"}
\o [2026-04-16 00:50:41.847 +0700] [EVENT] [cadence.virtuoso.ade.services.netlister] - NewPoint {"point": 285, "testname": "gmIdwl_gmid2_1", "event": "NewPoint", "EventSource": "Netlist Service", "HistoryName": "ExplorerRun.0", "logFile": "/home/dtvt_13/duyDUT/logs_dtvt_13/logs0/Service29.log", "logFileSize": "452651"}
\o [2026-04-16 00:50:41.848 +0700] [INFO] [cadence.virtuoso.ade.services.netlister] - Started netlisting {"point": 285, "testname": "gmIdwl_gmid2_1"}
\o Resetting statistical vars
\o 
\o *Info*    Setting parameter values ...
\o 
\o Setting var length = "14.3u"
\o 
\o *Info*    Netlist Directory =
\o           /home/dtvt_13/simulation/gmIdwl/gmid2/maestro/results/maestro/ExplorerRun.0/285/gmIdwl_gmid2_1/netlist
\o 
\o 
\o *Info*    Data Directory    =
\o           /home/dtvt_13/simulation/gmIdwl/gmid2/maestro/results/maestro/ExplorerRun.0/285/gmIdwl_gmid2_1
\o 
\o Reusing AHDL Data dir
\o generate netlist...
\o Ignoring netlist creation since ignoreDesignChangesDuringRun is set to true
\o       ...successful.
\o compose simulator input file...
\o       ...successful.
\o [2026-04-16 00:50:42.154 +0700] [PROCESS] [cadence.virtuoso.ade.services.netlister] - Current memory used: 521.4258 MBytes, peak memory used: 521.4297 MBytes {"hostname": "dtvt_13", "processid": 30914, "testname": "gmIdwl_gmid2_1", "point": 285, "logfile": "/home/dtvt_13/duyDUT/logs_dtvt_13/logs0/Service29.log"}
\o [2026-04-16 00:50:42.155 +0700] [INFO] [cadence.virtuoso.ade.services.netlister] - Finished netlisting {"point": 285, "testname": "gmIdwl_gmid2_1"}
\o [2026-04-16 00:50:42.157 +0700] [EVENT] [cadence.virtuoso.ade.services.netlister] - NewPoint {"point": 286, "testname": "gmIdwl_gmid2_1", "event": "NewPoint", "EventSource": "Netlist Service", "HistoryName": "ExplorerRun.0", "logFile": "/home/dtvt_13/duyDUT/logs_dtvt_13/logs0/Service29.log", "logFileSize": "454218"}
\o [2026-04-16 00:50:42.158 +0700] [INFO] [cadence.virtuoso.ade.services.netlister] - Started netlisting {"point": 286, "testname": "gmIdwl_gmid2_1"}
\o Resetting statistical vars
\o 
\o *Info*    Setting parameter values ...
\o 
\o Setting var length = "14.35u"
\o 
\o *Info*    Netlist Directory =
\o           /home/dtvt_13/simulation/gmIdwl/gmid2/maestro/results/maestro/ExplorerRun.0/286/gmIdwl_gmid2_1/netlist
\o 
\o 
\o *Info*    Data Directory    =
\o           /home/dtvt_13/simulation/gmIdwl/gmid2/maestro/results/maestro/ExplorerRun.0/286/gmIdwl_gmid2_1
\o 
\o Reusing AHDL Data dir
\o generate netlist...
\o Ignoring netlist creation since ignoreDesignChangesDuringRun is set to true
\o       ...successful.
\o compose simulator input file...
\o       ...successful.
\o [2026-04-16 00:50:42.536 +0700] [PROCESS] [cadence.virtuoso.ade.services.netlister] - Current memory used: 521.4258 MBytes, peak memory used: 521.4297 MBytes {"hostname": "dtvt_13", "processid": 30914, "testname": "gmIdwl_gmid2_1", "point": 286, "logfile": "/home/dtvt_13/duyDUT/logs_dtvt_13/logs0/Service29.log"}
\o [2026-04-16 00:50:42.536 +0700] [INFO] [cadence.virtuoso.ade.services.netlister] - Finished netlisting {"point": 286, "testname": "gmIdwl_gmid2_1"}
\o [2026-04-16 00:50:42.538 +0700] [EVENT] [cadence.virtuoso.ade.services.netlister] - NewPoint {"point": 287, "testname": "gmIdwl_gmid2_1", "event": "NewPoint", "EventSource": "Netlist Service", "HistoryName": "ExplorerRun.0", "logFile": "/home/dtvt_13/duyDUT/logs_dtvt_13/logs0/Service29.log", "logFileSize": "455786"}
\o [2026-04-16 00:50:42.538 +0700] [INFO] [cadence.virtuoso.ade.services.netlister] - Started netlisting {"point": 287, "testname": "gmIdwl_gmid2_1"}
\o Resetting statistical vars
\o 
\o *Info*    Setting parameter values ...
\o 
\o Setting var length = "14.4u"
\o 
\o *Info*    Netlist Directory =
\o           /home/dtvt_13/simulation/gmIdwl/gmid2/maestro/results/maestro/ExplorerRun.0/287/gmIdwl_gmid2_1/netlist
\o 
\o 
\o *Info*    Data Directory    =
\o           /home/dtvt_13/simulation/gmIdwl/gmid2/maestro/results/maestro/ExplorerRun.0/287/gmIdwl_gmid2_1
\o 
\o Reusing AHDL Data dir
\o generate netlist...
\o Ignoring netlist creation since ignoreDesignChangesDuringRun is set to true
\o       ...successful.
\o compose simulator input file...
\o       ...successful.
\o [2026-04-16 00:50:43.060 +0700] [PROCESS] [cadence.virtuoso.ade.services.netlister] - Current memory used: 521.4258 MBytes, peak memory used: 521.4297 MBytes {"hostname": "dtvt_13", "processid": 30914, "testname": "gmIdwl_gmid2_1", "point": 287, "logfile": "/home/dtvt_13/duyDUT/logs_dtvt_13/logs0/Service29.log"}
\o [2026-04-16 00:50:43.061 +0700] [INFO] [cadence.virtuoso.ade.services.netlister] - Finished netlisting {"point": 287, "testname": "gmIdwl_gmid2_1"}
\o [2026-04-16 00:50:43.063 +0700] [EVENT] [cadence.virtuoso.ade.services.netlister] - NewPoint {"point": 288, "testname": "gmIdwl_gmid2_1", "event": "NewPoint", "EventSource": "Netlist Service", "HistoryName": "ExplorerRun.0", "logFile": "/home/dtvt_13/duyDUT/logs_dtvt_13/logs0/Service29.log", "logFileSize": "457353"}
\o [2026-04-16 00:50:43.064 +0700] [INFO] [cadence.virtuoso.ade.services.netlister] - Started netlisting {"point": 288, "testname": "gmIdwl_gmid2_1"}
\o Resetting statistical vars
\o 
\o *Info*    Setting parameter values ...
\o 
\o Setting var length = "14.45u"
\o 
\o *Info*    Netlist Directory =
\o           /home/dtvt_13/simulation/gmIdwl/gmid2/maestro/results/maestro/ExplorerRun.0/288/gmIdwl_gmid2_1/netlist
\o 
\o 
\o *Info*    Data Directory    =
\o           /home/dtvt_13/simulation/gmIdwl/gmid2/maestro/results/maestro/ExplorerRun.0/288/gmIdwl_gmid2_1
\o 
\o Reusing AHDL Data dir
\o generate netlist...
\o Ignoring netlist creation since ignoreDesignChangesDuringRun is set to true
\o       ...successful.
\o compose simulator input file...
\o       ...successful.
\o [2026-04-16 00:50:43.553 +0700] [PROCESS] [cadence.virtuoso.ade.services.netlister] - Current memory used: 521.4258 MBytes, peak memory used: 521.4297 MBytes {"hostname": "dtvt_13", "processid": 30914, "testname": "gmIdwl_gmid2_1", "point": 288, "logfile": "/home/dtvt_13/duyDUT/logs_dtvt_13/logs0/Service29.log"}
\o [2026-04-16 00:50:43.554 +0700] [INFO] [cadence.virtuoso.ade.services.netlister] - Finished netlisting {"point": 288, "testname": "gmIdwl_gmid2_1"}
\o [2026-04-16 00:50:43.556 +0700] [EVENT] [cadence.virtuoso.ade.services.netlister] - NewPoint {"point": 289, "testname": "gmIdwl_gmid2_1", "event": "NewPoint", "EventSource": "Netlist Service", "HistoryName": "ExplorerRun.0", "logFile": "/home/dtvt_13/duyDUT/logs_dtvt_13/logs0/Service29.log", "logFileSize": "458921"}
\o [2026-04-16 00:50:43.557 +0700] [INFO] [cadence.virtuoso.ade.services.netlister] - Started netlisting {"point": 289, "testname": "gmIdwl_gmid2_1"}
\o Resetting statistical vars
\o 
\o *Info*    Setting parameter values ...
\o 
\o Setting var length = "14.5u"
\o 
\o *Info*    Netlist Directory =
\o           /home/dtvt_13/simulation/gmIdwl/gmid2/maestro/results/maestro/ExplorerRun.0/289/gmIdwl_gmid2_1/netlist
\o 
\o 
\o *Info*    Data Directory    =
\o           /home/dtvt_13/simulation/gmIdwl/gmid2/maestro/results/maestro/ExplorerRun.0/289/gmIdwl_gmid2_1
\o 
\o Reusing AHDL Data dir
\o generate netlist...
\o Ignoring netlist creation since ignoreDesignChangesDuringRun is set to true
\o       ...successful.
\o compose simulator input file...
\o       ...successful.
\o [2026-04-16 00:50:43.910 +0700] [PROCESS] [cadence.virtuoso.ade.services.netlister] - Current memory used: 521.4258 MBytes, peak memory used: 521.4297 MBytes {"hostname": "dtvt_13", "processid": 30914, "testname": "gmIdwl_gmid2_1", "point": 289, "logfile": "/home/dtvt_13/duyDUT/logs_dtvt_13/logs0/Service29.log"}
\o [2026-04-16 00:50:43.911 +0700] [INFO] [cadence.virtuoso.ade.services.netlister] - Finished netlisting {"point": 289, "testname": "gmIdwl_gmid2_1"}
\o [2026-04-16 00:50:43.913 +0700] [EVENT] [cadence.virtuoso.ade.services.netlister] - NewPoint {"point": 290, "testname": "gmIdwl_gmid2_1", "event": "NewPoint", "EventSource": "Netlist Service", "HistoryName": "ExplorerRun.0", "logFile": "/home/dtvt_13/duyDUT/logs_dtvt_13/logs0/Service29.log", "logFileSize": "460488"}
\o [2026-04-16 00:50:43.913 +0700] [INFO] [cadence.virtuoso.ade.services.netlister] - Started netlisting {"point": 290, "testname": "gmIdwl_gmid2_1"}
\o Resetting statistical vars
\o 
\o *Info*    Setting parameter values ...
\o 
\o Setting var length = "14.55u"
\o 
\o *Info*    Netlist Directory =
\o           /home/dtvt_13/simulation/gmIdwl/gmid2/maestro/results/maestro/ExplorerRun.0/290/gmIdwl_gmid2_1/netlist
\o 
\o 
\o *Info*    Data Directory    =
\o           /home/dtvt_13/simulation/gmIdwl/gmid2/maestro/results/maestro/ExplorerRun.0/290/gmIdwl_gmid2_1
\o 
\o Reusing AHDL Data dir
\o generate netlist...
\o Ignoring netlist creation since ignoreDesignChangesDuringRun is set to true
\o       ...successful.
\o compose simulator input file...
\o       ...successful.
\o [2026-04-16 00:50:44.329 +0700] [PROCESS] [cadence.virtuoso.ade.services.netlister] - Current memory used: 521.4258 MBytes, peak memory used: 521.4297 MBytes {"hostname": "dtvt_13", "processid": 30914, "testname": "gmIdwl_gmid2_1", "point": 290, "logfile": "/home/dtvt_13/duyDUT/logs_dtvt_13/logs0/Service29.log"}
\o [2026-04-16 00:50:44.331 +0700] [INFO] [cadence.virtuoso.ade.services.netlister] - Finished netlisting {"point": 290, "testname": "gmIdwl_gmid2_1"}
\o [2026-04-16 00:50:44.333 +0700] [EVENT] [cadence.virtuoso.ade.services.netlister] - NewPoint {"point": 291, "testname": "gmIdwl_gmid2_1", "event": "NewPoint", "EventSource": "Netlist Service", "HistoryName": "ExplorerRun.0", "logFile": "/home/dtvt_13/duyDUT/logs_dtvt_13/logs0/Service29.log", "logFileSize": "462056"}
\o [2026-04-16 00:50:44.333 +0700] [INFO] [cadence.virtuoso.ade.services.netlister] - Started netlisting {"point": 291, "testname": "gmIdwl_gmid2_1"}
\o Resetting statistical vars
\o 
\o *Info*    Setting parameter values ...
\o 
\o Setting var length = "14.6u"
\o 
\o *Info*    Netlist Directory =
\o           /home/dtvt_13/simulation/gmIdwl/gmid2/maestro/results/maestro/ExplorerRun.0/291/gmIdwl_gmid2_1/netlist
\o 
\o 
\o *Info*    Data Directory    =
\o           /home/dtvt_13/simulation/gmIdwl/gmid2/maestro/results/maestro/ExplorerRun.0/291/gmIdwl_gmid2_1
\o 
\o Reusing AHDL Data dir
\o generate netlist...
\o Ignoring netlist creation since ignoreDesignChangesDuringRun is set to true
\o       ...successful.
\o compose simulator input file...
\o       ...successful.
\o [2026-04-16 00:50:44.898 +0700] [PROCESS] [cadence.virtuoso.ade.services.netlister] - Current memory used: 521.4258 MBytes, peak memory used: 521.4297 MBytes {"hostname": "dtvt_13", "processid": 30914, "testname": "gmIdwl_gmid2_1", "point": 291, "logfile": "/home/dtvt_13/duyDUT/logs_dtvt_13/logs0/Service29.log"}
\o [2026-04-16 00:50:44.899 +0700] [INFO] [cadence.virtuoso.ade.services.netlister] - Finished netlisting {"point": 291, "testname": "gmIdwl_gmid2_1"}
\o [2026-04-16 00:50:44.901 +0700] [EVENT] [cadence.virtuoso.ade.services.netlister] - NewPoint {"point": 292, "testname": "gmIdwl_gmid2_1", "event": "NewPoint", "EventSource": "Netlist Service", "HistoryName": "ExplorerRun.0", "logFile": "/home/dtvt_13/duyDUT/logs_dtvt_13/logs0/Service29.log", "logFileSize": "463623"}
\o [2026-04-16 00:50:44.901 +0700] [INFO] [cadence.virtuoso.ade.services.netlister] - Started netlisting {"point": 292, "testname": "gmIdwl_gmid2_1"}
\o Resetting statistical vars
\o 
\o *Info*    Setting parameter values ...
\o 
\o Setting var length = "14.65u"
\o 
\o *Info*    Netlist Directory =
\o           /home/dtvt_13/simulation/gmIdwl/gmid2/maestro/results/maestro/ExplorerRun.0/292/gmIdwl_gmid2_1/netlist
\o 
\o 
\o *Info*    Data Directory    =
\o           /home/dtvt_13/simulation/gmIdwl/gmid2/maestro/results/maestro/ExplorerRun.0/292/gmIdwl_gmid2_1
\o 
\o Reusing AHDL Data dir
\o generate netlist...
\o Ignoring netlist creation since ignoreDesignChangesDuringRun is set to true
\o       ...successful.
\o compose simulator input file...
\o       ...successful.
\o [2026-04-16 00:50:45.333 +0700] [PROCESS] [cadence.virtuoso.ade.services.netlister] - Current memory used: 521.4258 MBytes, peak memory used: 521.4297 MBytes {"hostname": "dtvt_13", "processid": 30914, "testname": "gmIdwl_gmid2_1", "point": 292, "logfile": "/home/dtvt_13/duyDUT/logs_dtvt_13/logs0/Service29.log"}
\o [2026-04-16 00:50:45.334 +0700] [INFO] [cadence.virtuoso.ade.services.netlister] - Finished netlisting {"point": 292, "testname": "gmIdwl_gmid2_1"}
\o [2026-04-16 00:50:45.337 +0700] [EVENT] [cadence.virtuoso.ade.services.netlister] - NewPoint {"point": 293, "testname": "gmIdwl_gmid2_1", "event": "NewPoint", "EventSource": "Netlist Service", "HistoryName": "ExplorerRun.0", "logFile": "/home/dtvt_13/duyDUT/logs_dtvt_13/logs0/Service29.log", "logFileSize": "465191"}
\o [2026-04-16 00:50:45.337 +0700] [INFO] [cadence.virtuoso.ade.services.netlister] - Started netlisting {"point": 293, "testname": "gmIdwl_gmid2_1"}
\o Resetting statistical vars
\o 
\o *Info*    Setting parameter values ...
\o 
\o Setting var length = "14.7u"
\o 
\o *Info*    Netlist Directory =
\o           /home/dtvt_13/simulation/gmIdwl/gmid2/maestro/results/maestro/ExplorerRun.0/293/gmIdwl_gmid2_1/netlist
\o 
\o 
\o *Info*    Data Directory    =
\o           /home/dtvt_13/simulation/gmIdwl/gmid2/maestro/results/maestro/ExplorerRun.0/293/gmIdwl_gmid2_1
\o 
\o Reusing AHDL Data dir
\o generate netlist...
\o Ignoring netlist creation since ignoreDesignChangesDuringRun is set to true
\o       ...successful.
\o compose simulator input file...
\o       ...successful.
\o [2026-04-16 00:50:45.826 +0700] [PROCESS] [cadence.virtuoso.ade.services.netlister] - Current memory used: 521.4258 MBytes, peak memory used: 521.4297 MBytes {"hostname": "dtvt_13", "processid": 30914, "testname": "gmIdwl_gmid2_1", "point": 293, "logfile": "/home/dtvt_13/duyDUT/logs_dtvt_13/logs0/Service29.log"}
\o [2026-04-16 00:50:45.826 +0700] [INFO] [cadence.virtuoso.ade.services.netlister] - Finished netlisting {"point": 293, "testname": "gmIdwl_gmid2_1"}
\o [2026-04-16 00:50:45.827 +0700] [EVENT] [cadence.virtuoso.ade.services.netlister] - NewPoint {"point": 294, "testname": "gmIdwl_gmid2_1", "event": "NewPoint", "EventSource": "Netlist Service", "HistoryName": "ExplorerRun.0", "logFile": "/home/dtvt_13/duyDUT/logs_dtvt_13/logs0/Service29.log", "logFileSize": "466758"}
\o [2026-04-16 00:50:45.827 +0700] [INFO] [cadence.virtuoso.ade.services.netlister] - Started netlisting {"point": 294, "testname": "gmIdwl_gmid2_1"}
\o Resetting statistical vars
\o 
\o *Info*    Setting parameter values ...
\o 
\o Setting var length = "14.75u"
\o 
\o *Info*    Netlist Directory =
\o           /home/dtvt_13/simulation/gmIdwl/gmid2/maestro/results/maestro/ExplorerRun.0/294/gmIdwl_gmid2_1/netlist
\o 
\o 
\o *Info*    Data Directory    =
\o           /home/dtvt_13/simulation/gmIdwl/gmid2/maestro/results/maestro/ExplorerRun.0/294/gmIdwl_gmid2_1
\o 
\o Reusing AHDL Data dir
\o generate netlist...
\o Ignoring netlist creation since ignoreDesignChangesDuringRun is set to true
\o       ...successful.
\o compose simulator input file...
\o       ...successful.
\o [2026-04-16 00:50:46.093 +0700] [PROCESS] [cadence.virtuoso.ade.services.netlister] - Current memory used: 521.4258 MBytes, peak memory used: 521.4297 MBytes {"hostname": "dtvt_13", "processid": 30914, "testname": "gmIdwl_gmid2_1", "point": 294, "logfile": "/home/dtvt_13/duyDUT/logs_dtvt_13/logs0/Service29.log"}
\o [2026-04-16 00:50:46.093 +0700] [INFO] [cadence.virtuoso.ade.services.netlister] - Finished netlisting {"point": 294, "testname": "gmIdwl_gmid2_1"}
\o [2026-04-16 00:50:46.094 +0700] [EVENT] [cadence.virtuoso.ade.services.netlister] - NewPoint {"point": 295, "testname": "gmIdwl_gmid2_1", "event": "NewPoint", "EventSource": "Netlist Service", "HistoryName": "ExplorerRun.0", "logFile": "/home/dtvt_13/duyDUT/logs_dtvt_13/logs0/Service29.log", "logFileSize": "468326"}
\o [2026-04-16 00:50:46.094 +0700] [INFO] [cadence.virtuoso.ade.services.netlister] - Started netlisting {"point": 295, "testname": "gmIdwl_gmid2_1"}
\o Resetting statistical vars
\o 
\o *Info*    Setting parameter values ...
\o 
\o Setting var length = "14.8u"
\o 
\o *Info*    Netlist Directory =
\o           /home/dtvt_13/simulation/gmIdwl/gmid2/maestro/results/maestro/ExplorerRun.0/295/gmIdwl_gmid2_1/netlist
\o 
\o 
\o *Info*    Data Directory    =
\o           /home/dtvt_13/simulation/gmIdwl/gmid2/maestro/results/maestro/ExplorerRun.0/295/gmIdwl_gmid2_1
\o 
\o Reusing AHDL Data dir
\o generate netlist...
\o Ignoring netlist creation since ignoreDesignChangesDuringRun is set to true
\o       ...successful.
\o compose simulator input file...
\o       ...successful.
\o [2026-04-16 00:50:46.400 +0700] [PROCESS] [cadence.virtuoso.ade.services.netlister] - Current memory used: 521.4258 MBytes, peak memory used: 521.4297 MBytes {"hostname": "dtvt_13", "processid": 30914, "testname": "gmIdwl_gmid2_1", "point": 295, "logfile": "/home/dtvt_13/duyDUT/logs_dtvt_13/logs0/Service29.log"}
\o [2026-04-16 00:50:46.401 +0700] [INFO] [cadence.virtuoso.ade.services.netlister] - Finished netlisting {"point": 295, "testname": "gmIdwl_gmid2_1"}
\o [2026-04-16 00:50:46.403 +0700] [EVENT] [cadence.virtuoso.ade.services.netlister] - NewPoint {"point": 296, "testname": "gmIdwl_gmid2_1", "event": "NewPoint", "EventSource": "Netlist Service", "HistoryName": "ExplorerRun.0", "logFile": "/home/dtvt_13/duyDUT/logs_dtvt_13/logs0/Service29.log", "logFileSize": "469893"}
\o [2026-04-16 00:50:46.404 +0700] [INFO] [cadence.virtuoso.ade.services.netlister] - Started netlisting {"point": 296, "testname": "gmIdwl_gmid2_1"}
\o Resetting statistical vars
\o 
\o *Info*    Setting parameter values ...
\o 
\o Setting var length = "14.85u"
\o 
\o *Info*    Netlist Directory =
\o           /home/dtvt_13/simulation/gmIdwl/gmid2/maestro/results/maestro/ExplorerRun.0/296/gmIdwl_gmid2_1/netlist
\o 
\o 
\o *Info*    Data Directory    =
\o           /home/dtvt_13/simulation/gmIdwl/gmid2/maestro/results/maestro/ExplorerRun.0/296/gmIdwl_gmid2_1
\o 
\o Reusing AHDL Data dir
\o generate netlist...
\o Ignoring netlist creation since ignoreDesignChangesDuringRun is set to true
\o       ...successful.
\o compose simulator input file...
\o       ...successful.
\o [2026-04-16 00:50:46.859 +0700] [PROCESS] [cadence.virtuoso.ade.services.netlister] - Current memory used: 521.4258 MBytes, peak memory used: 521.4297 MBytes {"hostname": "dtvt_13", "processid": 30914, "testname": "gmIdwl_gmid2_1", "point": 296, "logfile": "/home/dtvt_13/duyDUT/logs_dtvt_13/logs0/Service29.log"}
\o [2026-04-16 00:50:46.860 +0700] [INFO] [cadence.virtuoso.ade.services.netlister] - Finished netlisting {"point": 296, "testname": "gmIdwl_gmid2_1"}
\o [2026-04-16 00:50:46.862 +0700] [EVENT] [cadence.virtuoso.ade.services.netlister] - NewPoint {"point": 297, "testname": "gmIdwl_gmid2_1", "event": "NewPoint", "EventSource": "Netlist Service", "HistoryName": "ExplorerRun.0", "logFile": "/home/dtvt_13/duyDUT/logs_dtvt_13/logs0/Service29.log", "logFileSize": "471461"}
\o [2026-04-16 00:50:46.862 +0700] [INFO] [cadence.virtuoso.ade.services.netlister] - Started netlisting {"point": 297, "testname": "gmIdwl_gmid2_1"}
\o Resetting statistical vars
\o 
\o *Info*    Setting parameter values ...
\o 
\o Setting var length = "14.9u"
\o 
\o *Info*    Netlist Directory =
\o           /home/dtvt_13/simulation/gmIdwl/gmid2/maestro/results/maestro/ExplorerRun.0/297/gmIdwl_gmid2_1/netlist
\o 
\o 
\o *Info*    Data Directory    =
\o           /home/dtvt_13/simulation/gmIdwl/gmid2/maestro/results/maestro/ExplorerRun.0/297/gmIdwl_gmid2_1
\o 
\o Reusing AHDL Data dir
\o generate netlist...
\o Ignoring netlist creation since ignoreDesignChangesDuringRun is set to true
\o       ...successful.
\o compose simulator input file...
\o       ...successful.
\o [2026-04-16 00:50:47.359 +0700] [PROCESS] [cadence.virtuoso.ade.services.netlister] - Current memory used: 521.4258 MBytes, peak memory used: 521.4297 MBytes {"hostname": "dtvt_13", "processid": 30914, "testname": "gmIdwl_gmid2_1", "point": 297, "logfile": "/home/dtvt_13/duyDUT/logs_dtvt_13/logs0/Service29.log"}
\o [2026-04-16 00:50:47.359 +0700] [INFO] [cadence.virtuoso.ade.services.netlister] - Finished netlisting {"point": 297, "testname": "gmIdwl_gmid2_1"}
\o [2026-04-16 00:50:47.361 +0700] [EVENT] [cadence.virtuoso.ade.services.netlister] - NewPoint {"point": 298, "testname": "gmIdwl_gmid2_1", "event": "NewPoint", "EventSource": "Netlist Service", "HistoryName": "ExplorerRun.0", "logFile": "/home/dtvt_13/duyDUT/logs_dtvt_13/logs0/Service29.log", "logFileSize": "473028"}
\o [2026-04-16 00:50:47.362 +0700] [INFO] [cadence.virtuoso.ade.services.netlister] - Started netlisting {"point": 298, "testname": "gmIdwl_gmid2_1"}
\o Resetting statistical vars
\o 
\o *Info*    Setting parameter values ...
\o 
\o Setting var length = "14.95u"
\o 
\o *Info*    Netlist Directory =
\o           /home/dtvt_13/simulation/gmIdwl/gmid2/maestro/results/maestro/ExplorerRun.0/298/gmIdwl_gmid2_1/netlist
\o 
\o 
\o *Info*    Data Directory    =
\o           /home/dtvt_13/simulation/gmIdwl/gmid2/maestro/results/maestro/ExplorerRun.0/298/gmIdwl_gmid2_1
\o 
\o Reusing AHDL Data dir
\o generate netlist...
\o Ignoring netlist creation since ignoreDesignChangesDuringRun is set to true
\o       ...successful.
\o compose simulator input file...
\o       ...successful.
\o [2026-04-16 00:50:47.751 +0700] [PROCESS] [cadence.virtuoso.ade.services.netlister] - Current memory used: 521.4258 MBytes, peak memory used: 521.4297 MBytes {"hostname": "dtvt_13", "processid": 30914, "testname": "gmIdwl_gmid2_1", "point": 298, "logfile": "/home/dtvt_13/duyDUT/logs_dtvt_13/logs0/Service29.log"}
\o [2026-04-16 00:50:47.752 +0700] [INFO] [cadence.virtuoso.ade.services.netlister] - Finished netlisting {"point": 298, "testname": "gmIdwl_gmid2_1"}
\o [2026-04-16 00:50:47.755 +0700] [EVENT] [cadence.virtuoso.ade.services.netlister] - NewPoint {"point": 299, "testname": "gmIdwl_gmid2_1", "event": "NewPoint", "EventSource": "Netlist Service", "HistoryName": "ExplorerRun.0", "logFile": "/home/dtvt_13/duyDUT/logs_dtvt_13/logs0/Service29.log", "logFileSize": "474596"}
\o [2026-04-16 00:50:47.755 +0700] [INFO] [cadence.virtuoso.ade.services.netlister] - Started netlisting {"point": 299, "testname": "gmIdwl_gmid2_1"}
\o Resetting statistical vars
\o 
\o *Info*    Setting parameter values ...
\o 
\o Setting var length = "15u"
\o 
\o *Info*    Netlist Directory =
\o           /home/dtvt_13/simulation/gmIdwl/gmid2/maestro/results/maestro/ExplorerRun.0/299/gmIdwl_gmid2_1/netlist
\o 
\o 
\o *Info*    Data Directory    =
\o           /home/dtvt_13/simulation/gmIdwl/gmid2/maestro/results/maestro/ExplorerRun.0/299/gmIdwl_gmid2_1
\o 
\o Reusing AHDL Data dir
\o generate netlist...
\o Ignoring netlist creation since ignoreDesignChangesDuringRun is set to true
\o       ...successful.
\o compose simulator input file...
\o       ...successful.
\o [2026-04-16 00:50:48.279 +0700] [PROCESS] [cadence.virtuoso.ade.services.netlister] - Current memory used: 521.6328 MBytes, peak memory used: 521.6367 MBytes {"hostname": "dtvt_13", "processid": 30914, "testname": "gmIdwl_gmid2_1", "point": 299, "logfile": "/home/dtvt_13/duyDUT/logs_dtvt_13/logs0/Service29.log"}
\o [2026-04-16 00:50:48.280 +0700] [INFO] [cadence.virtuoso.ade.services.netlister] - Finished netlisting {"point": 299, "testname": "gmIdwl_gmid2_1"}
\o [2026-04-16 00:50:48.282 +0700] [EVENT] [cadence.virtuoso.ade.services.netlister] - NewPoint {"point": 300, "testname": "gmIdwl_gmid2_1", "event": "NewPoint", "EventSource": "Netlist Service", "HistoryName": "ExplorerRun.0", "logFile": "/home/dtvt_13/duyDUT/logs_dtvt_13/logs0/Service29.log", "logFileSize": "476161"}
\o [2026-04-16 00:50:48.283 +0700] [INFO] [cadence.virtuoso.ade.services.netlister] - Started netlisting {"point": 300, "testname": "gmIdwl_gmid2_1"}
\o Resetting statistical vars
\o 
\o *Info*    Setting parameter values ...
\o 
\o Setting var length = "15.05u"
\o 
\o *Info*    Netlist Directory =
\o           /home/dtvt_13/simulation/gmIdwl/gmid2/maestro/results/maestro/ExplorerRun.0/300/gmIdwl_gmid2_1/netlist
\o 
\o 
\o *Info*    Data Directory    =
\o           /home/dtvt_13/simulation/gmIdwl/gmid2/maestro/results/maestro/ExplorerRun.0/300/gmIdwl_gmid2_1
\o 
\o Reusing AHDL Data dir
\o generate netlist...
\o Ignoring netlist creation since ignoreDesignChangesDuringRun is set to true
\o       ...successful.
\o compose simulator input file...
\o       ...successful.
\o [2026-04-16 00:50:48.728 +0700] [PROCESS] [cadence.virtuoso.ade.services.netlister] - Current memory used: 521.6328 MBytes, peak memory used: 521.6367 MBytes {"hostname": "dtvt_13", "processid": 30914, "testname": "gmIdwl_gmid2_1", "point": 300, "logfile": "/home/dtvt_13/duyDUT/logs_dtvt_13/logs0/Service29.log"}
\o [2026-04-16 00:50:48.729 +0700] [INFO] [cadence.virtuoso.ade.services.netlister] - Finished netlisting {"point": 300, "testname": "gmIdwl_gmid2_1"}
\o [2026-04-16 00:50:48.731 +0700] [EVENT] [cadence.virtuoso.ade.services.netlister] - NewPoint {"point": 301, "testname": "gmIdwl_gmid2_1", "event": "NewPoint", "EventSource": "Netlist Service", "HistoryName": "ExplorerRun.0", "logFile": "/home/dtvt_13/duyDUT/logs_dtvt_13/logs0/Service29.log", "logFileSize": "477729"}
\o [2026-04-16 00:50:48.731 +0700] [INFO] [cadence.virtuoso.ade.services.netlister] - Started netlisting {"point": 301, "testname": "gmIdwl_gmid2_1"}
\o Resetting statistical vars
\o 
\o *Info*    Setting parameter values ...
\o 
\o Setting var length = "15.1u"
\o 
\o *Info*    Netlist Directory =
\o           /home/dtvt_13/simulation/gmIdwl/gmid2/maestro/results/maestro/ExplorerRun.0/301/gmIdwl_gmid2_1/netlist
\o 
\o 
\o *Info*    Data Directory    =
\o           /home/dtvt_13/simulation/gmIdwl/gmid2/maestro/results/maestro/ExplorerRun.0/301/gmIdwl_gmid2_1
\o 
\o Reusing AHDL Data dir
\o generate netlist...
\o Ignoring netlist creation since ignoreDesignChangesDuringRun is set to true
\o       ...successful.
\o compose simulator input file...
\o       ...successful.
\o [2026-04-16 00:50:49.130 +0700] [PROCESS] [cadence.virtuoso.ade.services.netlister] - Current memory used: 521.6328 MBytes, peak memory used: 521.6367 MBytes {"hostname": "dtvt_13", "processid": 30914, "testname": "gmIdwl_gmid2_1", "point": 301, "logfile": "/home/dtvt_13/duyDUT/logs_dtvt_13/logs0/Service29.log"}
\o [2026-04-16 00:50:49.131 +0700] [INFO] [cadence.virtuoso.ade.services.netlister] - Finished netlisting {"point": 301, "testname": "gmIdwl_gmid2_1"}
\o [2026-04-16 00:50:49.133 +0700] [EVENT] [cadence.virtuoso.ade.services.netlister] - NewPoint {"point": 302, "testname": "gmIdwl_gmid2_1", "event": "NewPoint", "EventSource": "Netlist Service", "HistoryName": "ExplorerRun.0", "logFile": "/home/dtvt_13/duyDUT/logs_dtvt_13/logs0/Service29.log", "logFileSize": "479296"}
\o [2026-04-16 00:50:49.134 +0700] [INFO] [cadence.virtuoso.ade.services.netlister] - Started netlisting {"point": 302, "testname": "gmIdwl_gmid2_1"}
\o Resetting statistical vars
\o 
\o *Info*    Setting parameter values ...
\o 
\o Setting var length = "15.15u"
\o 
\o *Info*    Netlist Directory =
\o           /home/dtvt_13/simulation/gmIdwl/gmid2/maestro/results/maestro/ExplorerRun.0/302/gmIdwl_gmid2_1/netlist
\o 
\o 
\o *Info*    Data Directory    =
\o           /home/dtvt_13/simulation/gmIdwl/gmid2/maestro/results/maestro/ExplorerRun.0/302/gmIdwl_gmid2_1
\o 
\o Reusing AHDL Data dir
\o generate netlist...
\o Ignoring netlist creation since ignoreDesignChangesDuringRun is set to true
\o       ...successful.
\o compose simulator input file...
\o       ...successful.
\o [2026-04-16 00:50:49.515 +0700] [PROCESS] [cadence.virtuoso.ade.services.netlister] - Current memory used: 521.6328 MBytes, peak memory used: 521.6367 MBytes {"hostname": "dtvt_13", "processid": 30914, "testname": "gmIdwl_gmid2_1", "point": 302, "logfile": "/home/dtvt_13/duyDUT/logs_dtvt_13/logs0/Service29.log"}
\o [2026-04-16 00:50:49.516 +0700] [INFO] [cadence.virtuoso.ade.services.netlister] - Finished netlisting {"point": 302, "testname": "gmIdwl_gmid2_1"}
\o [2026-04-16 00:50:49.518 +0700] [EVENT] [cadence.virtuoso.ade.services.netlister] - NewPoint {"point": 303, "testname": "gmIdwl_gmid2_1", "event": "NewPoint", "EventSource": "Netlist Service", "HistoryName": "ExplorerRun.0", "logFile": "/home/dtvt_13/duyDUT/logs_dtvt_13/logs0/Service29.log", "logFileSize": "480864"}
\o [2026-04-16 00:50:49.519 +0700] [INFO] [cadence.virtuoso.ade.services.netlister] - Started netlisting {"point": 303, "testname": "gmIdwl_gmid2_1"}
\o Resetting statistical vars
\o 
\o *Info*    Setting parameter values ...
\o 
\o Setting var length = "15.2u"
\o 
\o *Info*    Netlist Directory =
\o           /home/dtvt_13/simulation/gmIdwl/gmid2/maestro/results/maestro/ExplorerRun.0/303/gmIdwl_gmid2_1/netlist
\o 
\o 
\o *Info*    Data Directory    =
\o           /home/dtvt_13/simulation/gmIdwl/gmid2/maestro/results/maestro/ExplorerRun.0/303/gmIdwl_gmid2_1
\o 
\o Reusing AHDL Data dir
\o generate netlist...
\o Ignoring netlist creation since ignoreDesignChangesDuringRun is set to true
\o       ...successful.
\o compose simulator input file...
\o       ...successful.
\o [2026-04-16 00:50:49.854 +0700] [PROCESS] [cadence.virtuoso.ade.services.netlister] - Current memory used: 521.6328 MBytes, peak memory used: 521.6367 MBytes {"hostname": "dtvt_13", "processid": 30914, "testname": "gmIdwl_gmid2_1", "point": 303, "logfile": "/home/dtvt_13/duyDUT/logs_dtvt_13/logs0/Service29.log"}
\o [2026-04-16 00:50:49.855 +0700] [INFO] [cadence.virtuoso.ade.services.netlister] - Finished netlisting {"point": 303, "testname": "gmIdwl_gmid2_1"}
\o [2026-04-16 00:50:49.857 +0700] [EVENT] [cadence.virtuoso.ade.services.netlister] - NewPoint {"point": 304, "testname": "gmIdwl_gmid2_1", "event": "NewPoint", "EventSource": "Netlist Service", "HistoryName": "ExplorerRun.0", "logFile": "/home/dtvt_13/duyDUT/logs_dtvt_13/logs0/Service29.log", "logFileSize": "482431"}
\o [2026-04-16 00:50:49.857 +0700] [INFO] [cadence.virtuoso.ade.services.netlister] - Started netlisting {"point": 304, "testname": "gmIdwl_gmid2_1"}
\o Resetting statistical vars
\o 
\o *Info*    Setting parameter values ...
\o 
\o Setting var length = "15.25u"
\o 
\o *Info*    Netlist Directory =
\o           /home/dtvt_13/simulation/gmIdwl/gmid2/maestro/results/maestro/ExplorerRun.0/304/gmIdwl_gmid2_1/netlist
\o 
\o 
\o *Info*    Data Directory    =
\o           /home/dtvt_13/simulation/gmIdwl/gmid2/maestro/results/maestro/ExplorerRun.0/304/gmIdwl_gmid2_1
\o 
\o Reusing AHDL Data dir
\o generate netlist...
\o Ignoring netlist creation since ignoreDesignChangesDuringRun is set to true
\o       ...successful.
\o compose simulator input file...
\o       ...successful.
\o [2026-04-16 00:50:50.196 +0700] [PROCESS] [cadence.virtuoso.ade.services.netlister] - Current memory used: 521.6328 MBytes, peak memory used: 521.6367 MBytes {"hostname": "dtvt_13", "processid": 30914, "testname": "gmIdwl_gmid2_1", "point": 304, "logfile": "/home/dtvt_13/duyDUT/logs_dtvt_13/logs0/Service29.log"}
\o [2026-04-16 00:50:50.197 +0700] [INFO] [cadence.virtuoso.ade.services.netlister] - Finished netlisting {"point": 304, "testname": "gmIdwl_gmid2_1"}
\o [2026-04-16 00:50:50.199 +0700] [EVENT] [cadence.virtuoso.ade.services.netlister] - NewPoint {"point": 305, "testname": "gmIdwl_gmid2_1", "event": "NewPoint", "EventSource": "Netlist Service", "HistoryName": "ExplorerRun.0", "logFile": "/home/dtvt_13/duyDUT/logs_dtvt_13/logs0/Service29.log", "logFileSize": "483999"}
\o [2026-04-16 00:50:50.199 +0700] [INFO] [cadence.virtuoso.ade.services.netlister] - Started netlisting {"point": 305, "testname": "gmIdwl_gmid2_1"}
\o Resetting statistical vars
\o 
\o *Info*    Setting parameter values ...
\o 
\o Setting var length = "15.3u"
\o 
\o *Info*    Netlist Directory =
\o           /home/dtvt_13/simulation/gmIdwl/gmid2/maestro/results/maestro/ExplorerRun.0/305/gmIdwl_gmid2_1/netlist
\o 
\o 
\o *Info*    Data Directory    =
\o           /home/dtvt_13/simulation/gmIdwl/gmid2/maestro/results/maestro/ExplorerRun.0/305/gmIdwl_gmid2_1
\o 
\o Reusing AHDL Data dir
\o generate netlist...
\o Ignoring netlist creation since ignoreDesignChangesDuringRun is set to true
\o       ...successful.
\o compose simulator input file...
\o       ...successful.
\o [2026-04-16 00:50:50.533 +0700] [PROCESS] [cadence.virtuoso.ade.services.netlister] - Current memory used: 521.6328 MBytes, peak memory used: 521.6367 MBytes {"hostname": "dtvt_13", "processid": 30914, "testname": "gmIdwl_gmid2_1", "point": 305, "logfile": "/home/dtvt_13/duyDUT/logs_dtvt_13/logs0/Service29.log"}
\o [2026-04-16 00:50:50.534 +0700] [INFO] [cadence.virtuoso.ade.services.netlister] - Finished netlisting {"point": 305, "testname": "gmIdwl_gmid2_1"}
\o [2026-04-16 00:50:50.536 +0700] [EVENT] [cadence.virtuoso.ade.services.netlister] - NewPoint {"point": 306, "testname": "gmIdwl_gmid2_1", "event": "NewPoint", "EventSource": "Netlist Service", "HistoryName": "ExplorerRun.0", "logFile": "/home/dtvt_13/duyDUT/logs_dtvt_13/logs0/Service29.log", "logFileSize": "485566"}
\o [2026-04-16 00:50:50.536 +0700] [INFO] [cadence.virtuoso.ade.services.netlister] - Started netlisting {"point": 306, "testname": "gmIdwl_gmid2_1"}
\o Resetting statistical vars
\o 
\o *Info*    Setting parameter values ...
\o 
\o Setting var length = "15.35u"
\o 
\o *Info*    Netlist Directory =
\o           /home/dtvt_13/simulation/gmIdwl/gmid2/maestro/results/maestro/ExplorerRun.0/306/gmIdwl_gmid2_1/netlist
\o 
\o 
\o *Info*    Data Directory    =
\o           /home/dtvt_13/simulation/gmIdwl/gmid2/maestro/results/maestro/ExplorerRun.0/306/gmIdwl_gmid2_1
\o 
\o Reusing AHDL Data dir
\o generate netlist...
\o Ignoring netlist creation since ignoreDesignChangesDuringRun is set to true
\o       ...successful.
\o compose simulator input file...
\o       ...successful.
\o [2026-04-16 00:50:50.880 +0700] [PROCESS] [cadence.virtuoso.ade.services.netlister] - Current memory used: 521.6328 MBytes, peak memory used: 521.6367 MBytes {"hostname": "dtvt_13", "processid": 30914, "testname": "gmIdwl_gmid2_1", "point": 306, "logfile": "/home/dtvt_13/duyDUT/logs_dtvt_13/logs0/Service29.log"}
\o [2026-04-16 00:50:50.880 +0700] [INFO] [cadence.virtuoso.ade.services.netlister] - Finished netlisting {"point": 306, "testname": "gmIdwl_gmid2_1"}
\o [2026-04-16 00:50:50.881 +0700] [EVENT] [cadence.virtuoso.ade.services.netlister] - NewPoint {"point": 307, "testname": "gmIdwl_gmid2_1", "event": "NewPoint", "EventSource": "Netlist Service", "HistoryName": "ExplorerRun.0", "logFile": "/home/dtvt_13/duyDUT/logs_dtvt_13/logs0/Service29.log", "logFileSize": "487134"}
\o [2026-04-16 00:50:50.881 +0700] [INFO] [cadence.virtuoso.ade.services.netlister] - Started netlisting {"point": 307, "testname": "gmIdwl_gmid2_1"}
\o Resetting statistical vars
\o 
\o *Info*    Setting parameter values ...
\o 
\o Setting var length = "15.4u"
\o 
\o *Info*    Netlist Directory =
\o           /home/dtvt_13/simulation/gmIdwl/gmid2/maestro/results/maestro/ExplorerRun.0/307/gmIdwl_gmid2_1/netlist
\o 
\o 
\o *Info*    Data Directory    =
\o           /home/dtvt_13/simulation/gmIdwl/gmid2/maestro/results/maestro/ExplorerRun.0/307/gmIdwl_gmid2_1
\o 
\o Reusing AHDL Data dir
\o generate netlist...
\o Ignoring netlist creation since ignoreDesignChangesDuringRun is set to true
\o       ...successful.
\o compose simulator input file...
\o       ...successful.
\o [2026-04-16 00:50:51.263 +0700] [PROCESS] [cadence.virtuoso.ade.services.netlister] - Current memory used: 521.6328 MBytes, peak memory used: 521.6367 MBytes {"hostname": "dtvt_13", "processid": 30914, "testname": "gmIdwl_gmid2_1", "point": 307, "logfile": "/home/dtvt_13/duyDUT/logs_dtvt_13/logs0/Service29.log"}
\o [2026-04-16 00:50:51.264 +0700] [INFO] [cadence.virtuoso.ade.services.netlister] - Finished netlisting {"point": 307, "testname": "gmIdwl_gmid2_1"}
\o [2026-04-16 00:50:51.266 +0700] [EVENT] [cadence.virtuoso.ade.services.netlister] - NewPoint {"point": 308, "testname": "gmIdwl_gmid2_1", "event": "NewPoint", "EventSource": "Netlist Service", "HistoryName": "ExplorerRun.0", "logFile": "/home/dtvt_13/duyDUT/logs_dtvt_13/logs0/Service29.log", "logFileSize": "488701"}
\o [2026-04-16 00:50:51.266 +0700] [INFO] [cadence.virtuoso.ade.services.netlister] - Started netlisting {"point": 308, "testname": "gmIdwl_gmid2_1"}
\o Resetting statistical vars
\o 
\o *Info*    Setting parameter values ...
\o 
\o Setting var length = "15.45u"
\o 
\o *Info*    Netlist Directory =
\o           /home/dtvt_13/simulation/gmIdwl/gmid2/maestro/results/maestro/ExplorerRun.0/308/gmIdwl_gmid2_1/netlist
\o 
\o 
\o *Info*    Data Directory    =
\o           /home/dtvt_13/simulation/gmIdwl/gmid2/maestro/results/maestro/ExplorerRun.0/308/gmIdwl_gmid2_1
\o 
\o Reusing AHDL Data dir
\o generate netlist...
\o Ignoring netlist creation since ignoreDesignChangesDuringRun is set to true
\o       ...successful.
\o compose simulator input file...
\o       ...successful.
\o [2026-04-16 00:50:51.709 +0700] [PROCESS] [cadence.virtuoso.ade.services.netlister] - Current memory used: 521.6328 MBytes, peak memory used: 521.6367 MBytes {"hostname": "dtvt_13", "processid": 30914, "testname": "gmIdwl_gmid2_1", "point": 308, "logfile": "/home/dtvt_13/duyDUT/logs_dtvt_13/logs0/Service29.log"}
\o [2026-04-16 00:50:51.710 +0700] [INFO] [cadence.virtuoso.ade.services.netlister] - Finished netlisting {"point": 308, "testname": "gmIdwl_gmid2_1"}
\o [2026-04-16 00:50:51.712 +0700] [EVENT] [cadence.virtuoso.ade.services.netlister] - NewPoint {"point": 309, "testname": "gmIdwl_gmid2_1", "event": "NewPoint", "EventSource": "Netlist Service", "HistoryName": "ExplorerRun.0", "logFile": "/home/dtvt_13/duyDUT/logs_dtvt_13/logs0/Service29.log", "logFileSize": "490269"}
\o [2026-04-16 00:50:51.712 +0700] [INFO] [cadence.virtuoso.ade.services.netlister] - Started netlisting {"point": 309, "testname": "gmIdwl_gmid2_1"}
\o Resetting statistical vars
\o 
\o *Info*    Setting parameter values ...
\o 
\o Setting var length = "15.5u"
\o 
\o *Info*    Netlist Directory =
\o           /home/dtvt_13/simulation/gmIdwl/gmid2/maestro/results/maestro/ExplorerRun.0/309/gmIdwl_gmid2_1/netlist
\o 
\o 
\o *Info*    Data Directory    =
\o           /home/dtvt_13/simulation/gmIdwl/gmid2/maestro/results/maestro/ExplorerRun.0/309/gmIdwl_gmid2_1
\o 
\o Reusing AHDL Data dir
\o generate netlist...
\o Ignoring netlist creation since ignoreDesignChangesDuringRun is set to true
\o       ...successful.
\o compose simulator input file...
\o       ...successful.
\o [2026-04-16 00:50:52.178 +0700] [PROCESS] [cadence.virtuoso.ade.services.netlister] - Current memory used: 521.6328 MBytes, peak memory used: 521.6367 MBytes {"hostname": "dtvt_13", "processid": 30914, "testname": "gmIdwl_gmid2_1", "point": 309, "logfile": "/home/dtvt_13/duyDUT/logs_dtvt_13/logs0/Service29.log"}
\o [2026-04-16 00:50:52.179 +0700] [INFO] [cadence.virtuoso.ade.services.netlister] - Finished netlisting {"point": 309, "testname": "gmIdwl_gmid2_1"}
\o [2026-04-16 00:50:52.181 +0700] [EVENT] [cadence.virtuoso.ade.services.netlister] - NewPoint {"point": 310, "testname": "gmIdwl_gmid2_1", "event": "NewPoint", "EventSource": "Netlist Service", "HistoryName": "ExplorerRun.0", "logFile": "/home/dtvt_13/duyDUT/logs_dtvt_13/logs0/Service29.log", "logFileSize": "491836"}
\o [2026-04-16 00:50:52.181 +0700] [INFO] [cadence.virtuoso.ade.services.netlister] - Started netlisting {"point": 310, "testname": "gmIdwl_gmid2_1"}
\o Resetting statistical vars
\o 
\o *Info*    Setting parameter values ...
\o 
\o Setting var length = "15.55u"
\o 
\o *Info*    Netlist Directory =
\o           /home/dtvt_13/simulation/gmIdwl/gmid2/maestro/results/maestro/ExplorerRun.0/310/gmIdwl_gmid2_1/netlist
\o 
\o 
\o *Info*    Data Directory    =
\o           /home/dtvt_13/simulation/gmIdwl/gmid2/maestro/results/maestro/ExplorerRun.0/310/gmIdwl_gmid2_1
\o 
\o Reusing AHDL Data dir
\o generate netlist...
\o Ignoring netlist creation since ignoreDesignChangesDuringRun is set to true
\o       ...successful.
\o compose simulator input file...
\o       ...successful.
\o [2026-04-16 00:50:52.609 +0700] [PROCESS] [cadence.virtuoso.ade.services.netlister] - Current memory used: 521.6328 MBytes, peak memory used: 521.6367 MBytes {"hostname": "dtvt_13", "processid": 30914, "testname": "gmIdwl_gmid2_1", "point": 310, "logfile": "/home/dtvt_13/duyDUT/logs_dtvt_13/logs0/Service29.log"}
\o [2026-04-16 00:50:52.610 +0700] [INFO] [cadence.virtuoso.ade.services.netlister] - Finished netlisting {"point": 310, "testname": "gmIdwl_gmid2_1"}
\o [2026-04-16 00:50:52.611 +0700] [EVENT] [cadence.virtuoso.ade.services.netlister] - NewPoint {"point": 311, "testname": "gmIdwl_gmid2_1", "event": "NewPoint", "EventSource": "Netlist Service", "HistoryName": "ExplorerRun.0", "logFile": "/home/dtvt_13/duyDUT/logs_dtvt_13/logs0/Service29.log", "logFileSize": "493404"}
\o [2026-04-16 00:50:52.612 +0700] [INFO] [cadence.virtuoso.ade.services.netlister] - Started netlisting {"point": 311, "testname": "gmIdwl_gmid2_1"}
\o Resetting statistical vars
\o 
\o *Info*    Setting parameter values ...
\o 
\o Setting var length = "15.6u"
\o 
\o *Info*    Netlist Directory =
\o           /home/dtvt_13/simulation/gmIdwl/gmid2/maestro/results/maestro/ExplorerRun.0/311/gmIdwl_gmid2_1/netlist
\o 
\o 
\o *Info*    Data Directory    =
\o           /home/dtvt_13/simulation/gmIdwl/gmid2/maestro/results/maestro/ExplorerRun.0/311/gmIdwl_gmid2_1
\o 
\o Reusing AHDL Data dir
\o generate netlist...
\o Ignoring netlist creation since ignoreDesignChangesDuringRun is set to true
\o       ...successful.
\o compose simulator input file...
\o       ...successful.
\o [2026-04-16 00:50:53.056 +0700] [PROCESS] [cadence.virtuoso.ade.services.netlister] - Current memory used: 521.6328 MBytes, peak memory used: 521.6367 MBytes {"hostname": "dtvt_13", "processid": 30914, "testname": "gmIdwl_gmid2_1", "point": 311, "logfile": "/home/dtvt_13/duyDUT/logs_dtvt_13/logs0/Service29.log"}
\o [2026-04-16 00:50:53.057 +0700] [INFO] [cadence.virtuoso.ade.services.netlister] - Finished netlisting {"point": 311, "testname": "gmIdwl_gmid2_1"}
\o [2026-04-16 00:50:53.059 +0700] [EVENT] [cadence.virtuoso.ade.services.netlister] - NewPoint {"point": 312, "testname": "gmIdwl_gmid2_1", "event": "NewPoint", "EventSource": "Netlist Service", "HistoryName": "ExplorerRun.0", "logFile": "/home/dtvt_13/duyDUT/logs_dtvt_13/logs0/Service29.log", "logFileSize": "494971"}
\o [2026-04-16 00:50:53.059 +0700] [INFO] [cadence.virtuoso.ade.services.netlister] - Started netlisting {"point": 312, "testname": "gmIdwl_gmid2_1"}
\o Resetting statistical vars
\o 
\o *Info*    Setting parameter values ...
\o 
\o Setting var length = "15.65u"
\o 
\o *Info*    Netlist Directory =
\o           /home/dtvt_13/simulation/gmIdwl/gmid2/maestro/results/maestro/ExplorerRun.0/312/gmIdwl_gmid2_1/netlist
\o 
\o 
\o *Info*    Data Directory    =
\o           /home/dtvt_13/simulation/gmIdwl/gmid2/maestro/results/maestro/ExplorerRun.0/312/gmIdwl_gmid2_1
\o 
\o Reusing AHDL Data dir
\o generate netlist...
\o Ignoring netlist creation since ignoreDesignChangesDuringRun is set to true
\o       ...successful.
\o compose simulator input file...
\o       ...successful.
\o [2026-04-16 00:50:53.510 +0700] [PROCESS] [cadence.virtuoso.ade.services.netlister] - Current memory used: 521.6328 MBytes, peak memory used: 521.6367 MBytes {"hostname": "dtvt_13", "processid": 30914, "testname": "gmIdwl_gmid2_1", "point": 312, "logfile": "/home/dtvt_13/duyDUT/logs_dtvt_13/logs0/Service29.log"}
\o [2026-04-16 00:50:53.511 +0700] [INFO] [cadence.virtuoso.ade.services.netlister] - Finished netlisting {"point": 312, "testname": "gmIdwl_gmid2_1"}
\o [2026-04-16 00:50:53.514 +0700] [EVENT] [cadence.virtuoso.ade.services.netlister] - NewPoint {"point": 313, "testname": "gmIdwl_gmid2_1", "event": "NewPoint", "EventSource": "Netlist Service", "HistoryName": "ExplorerRun.0", "logFile": "/home/dtvt_13/duyDUT/logs_dtvt_13/logs0/Service29.log", "logFileSize": "496539"}
\o [2026-04-16 00:50:53.514 +0700] [INFO] [cadence.virtuoso.ade.services.netlister] - Started netlisting {"point": 313, "testname": "gmIdwl_gmid2_1"}
\o Resetting statistical vars
\o 
\o *Info*    Setting parameter values ...
\o 
\o Setting var length = "15.7u"
\o 
\o *Info*    Netlist Directory =
\o           /home/dtvt_13/simulation/gmIdwl/gmid2/maestro/results/maestro/ExplorerRun.0/313/gmIdwl_gmid2_1/netlist
\o 
\o 
\o *Info*    Data Directory    =
\o           /home/dtvt_13/simulation/gmIdwl/gmid2/maestro/results/maestro/ExplorerRun.0/313/gmIdwl_gmid2_1
\o 
\o Reusing AHDL Data dir
\o generate netlist...
\o Ignoring netlist creation since ignoreDesignChangesDuringRun is set to true
\o       ...successful.
\o compose simulator input file...
\o       ...successful.
\o [2026-04-16 00:50:54.027 +0700] [PROCESS] [cadence.virtuoso.ade.services.netlister] - Current memory used: 521.6328 MBytes, peak memory used: 521.6367 MBytes {"hostname": "dtvt_13", "processid": 30914, "testname": "gmIdwl_gmid2_1", "point": 313, "logfile": "/home/dtvt_13/duyDUT/logs_dtvt_13/logs0/Service29.log"}
\o [2026-04-16 00:50:54.028 +0700] [INFO] [cadence.virtuoso.ade.services.netlister] - Finished netlisting {"point": 313, "testname": "gmIdwl_gmid2_1"}
\o [2026-04-16 00:50:54.030 +0700] [EVENT] [cadence.virtuoso.ade.services.netlister] - NewPoint {"point": 314, "testname": "gmIdwl_gmid2_1", "event": "NewPoint", "EventSource": "Netlist Service", "HistoryName": "ExplorerRun.0", "logFile": "/home/dtvt_13/duyDUT/logs_dtvt_13/logs0/Service29.log", "logFileSize": "498106"}
\o [2026-04-16 00:50:54.031 +0700] [INFO] [cadence.virtuoso.ade.services.netlister] - Started netlisting {"point": 314, "testname": "gmIdwl_gmid2_1"}
\o Resetting statistical vars
\o 
\o *Info*    Setting parameter values ...
\o 
\o Setting var length = "15.75u"
\o 
\o *Info*    Netlist Directory =
\o           /home/dtvt_13/simulation/gmIdwl/gmid2/maestro/results/maestro/ExplorerRun.0/314/gmIdwl_gmid2_1/netlist
\o 
\o 
\o *Info*    Data Directory    =
\o           /home/dtvt_13/simulation/gmIdwl/gmid2/maestro/results/maestro/ExplorerRun.0/314/gmIdwl_gmid2_1
\o 
\o Reusing AHDL Data dir
\o generate netlist...
\o Ignoring netlist creation since ignoreDesignChangesDuringRun is set to true
\o       ...successful.
\o compose simulator input file...
\o       ...successful.
\o [2026-04-16 00:50:54.394 +0700] [PROCESS] [cadence.virtuoso.ade.services.netlister] - Current memory used: 521.6328 MBytes, peak memory used: 521.6367 MBytes {"hostname": "dtvt_13", "processid": 30914, "testname": "gmIdwl_gmid2_1", "point": 314, "logfile": "/home/dtvt_13/duyDUT/logs_dtvt_13/logs0/Service29.log"}
\o [2026-04-16 00:50:54.395 +0700] [INFO] [cadence.virtuoso.ade.services.netlister] - Finished netlisting {"point": 314, "testname": "gmIdwl_gmid2_1"}
\o [2026-04-16 00:50:54.397 +0700] [EVENT] [cadence.virtuoso.ade.services.netlister] - NewPoint {"point": 315, "testname": "gmIdwl_gmid2_1", "event": "NewPoint", "EventSource": "Netlist Service", "HistoryName": "ExplorerRun.0", "logFile": "/home/dtvt_13/duyDUT/logs_dtvt_13/logs0/Service29.log", "logFileSize": "499674"}
\o [2026-04-16 00:50:54.397 +0700] [INFO] [cadence.virtuoso.ade.services.netlister] - Started netlisting {"point": 315, "testname": "gmIdwl_gmid2_1"}
\o Resetting statistical vars
\o 
\o *Info*    Setting parameter values ...
\o 
\o Setting var length = "15.8u"
\o 
\o *Info*    Netlist Directory =
\o           /home/dtvt_13/simulation/gmIdwl/gmid2/maestro/results/maestro/ExplorerRun.0/315/gmIdwl_gmid2_1/netlist
\o 
\o 
\o *Info*    Data Directory    =
\o           /home/dtvt_13/simulation/gmIdwl/gmid2/maestro/results/maestro/ExplorerRun.0/315/gmIdwl_gmid2_1
\o 
\o Reusing AHDL Data dir
\o generate netlist...
\o Ignoring netlist creation since ignoreDesignChangesDuringRun is set to true
\o       ...successful.
\o compose simulator input file...
\o       ...successful.
\o [2026-04-16 00:50:54.762 +0700] [PROCESS] [cadence.virtuoso.ade.services.netlister] - Current memory used: 521.6328 MBytes, peak memory used: 521.6367 MBytes {"hostname": "dtvt_13", "processid": 30914, "testname": "gmIdwl_gmid2_1", "point": 315, "logfile": "/home/dtvt_13/duyDUT/logs_dtvt_13/logs0/Service29.log"}
\o [2026-04-16 00:50:54.763 +0700] [INFO] [cadence.virtuoso.ade.services.netlister] - Finished netlisting {"point": 315, "testname": "gmIdwl_gmid2_1"}
\o [2026-04-16 00:50:54.764 +0700] [EVENT] [cadence.virtuoso.ade.services.netlister] - NewPoint {"point": 316, "testname": "gmIdwl_gmid2_1", "event": "NewPoint", "EventSource": "Netlist Service", "HistoryName": "ExplorerRun.0", "logFile": "/home/dtvt_13/duyDUT/logs_dtvt_13/logs0/Service29.log", "logFileSize": "501241"}
\o [2026-04-16 00:50:54.765 +0700] [INFO] [cadence.virtuoso.ade.services.netlister] - Started netlisting {"point": 316, "testname": "gmIdwl_gmid2_1"}
\o Resetting statistical vars
\o 
\o *Info*    Setting parameter values ...
\o 
\o Setting var length = "15.85u"
\o 
\o *Info*    Netlist Directory =
\o           /home/dtvt_13/simulation/gmIdwl/gmid2/maestro/results/maestro/ExplorerRun.0/316/gmIdwl_gmid2_1/netlist
\o 
\o 
\o *Info*    Data Directory    =
\o           /home/dtvt_13/simulation/gmIdwl/gmid2/maestro/results/maestro/ExplorerRun.0/316/gmIdwl_gmid2_1
\o 
\o Reusing AHDL Data dir
\o generate netlist...
\o Ignoring netlist creation since ignoreDesignChangesDuringRun is set to true
\o       ...successful.
\o compose simulator input file...
\o       ...successful.
\o [2026-04-16 00:50:55.061 +0700] [PROCESS] [cadence.virtuoso.ade.services.netlister] - Current memory used: 521.7383 MBytes, peak memory used: 521.7422 MBytes {"hostname": "dtvt_13", "processid": 30914, "testname": "gmIdwl_gmid2_1", "point": 316, "logfile": "/home/dtvt_13/duyDUT/logs_dtvt_13/logs0/Service29.log"}
\o [2026-04-16 00:50:55.061 +0700] [INFO] [cadence.virtuoso.ade.services.netlister] - Finished netlisting {"point": 316, "testname": "gmIdwl_gmid2_1"}
\o [2026-04-16 00:50:55.063 +0700] [EVENT] [cadence.virtuoso.ade.services.netlister] - NewPoint {"point": 317, "testname": "gmIdwl_gmid2_1", "event": "NewPoint", "EventSource": "Netlist Service", "HistoryName": "ExplorerRun.0", "logFile": "/home/dtvt_13/duyDUT/logs_dtvt_13/logs0/Service29.log", "logFileSize": "502809"}
\o [2026-04-16 00:50:55.063 +0700] [INFO] [cadence.virtuoso.ade.services.netlister] - Started netlisting {"point": 317, "testname": "gmIdwl_gmid2_1"}
\o Resetting statistical vars
\o 
\o *Info*    Setting parameter values ...
\o 
\o Setting var length = "15.9u"
\o 
\o *Info*    Netlist Directory =
\o           /home/dtvt_13/simulation/gmIdwl/gmid2/maestro/results/maestro/ExplorerRun.0/317/gmIdwl_gmid2_1/netlist
\o 
\o 
\o *Info*    Data Directory    =
\o           /home/dtvt_13/simulation/gmIdwl/gmid2/maestro/results/maestro/ExplorerRun.0/317/gmIdwl_gmid2_1
\o 
\o Reusing AHDL Data dir
\o generate netlist...
\o Ignoring netlist creation since ignoreDesignChangesDuringRun is set to true
\o       ...successful.
\o compose simulator input file...
\o       ...successful.
\o [2026-04-16 00:50:55.458 +0700] [PROCESS] [cadence.virtuoso.ade.services.netlister] - Current memory used: 521.7383 MBytes, peak memory used: 521.7422 MBytes {"hostname": "dtvt_13", "processid": 30914, "testname": "gmIdwl_gmid2_1", "point": 317, "logfile": "/home/dtvt_13/duyDUT/logs_dtvt_13/logs0/Service29.log"}
\o [2026-04-16 00:50:55.459 +0700] [INFO] [cadence.virtuoso.ade.services.netlister] - Finished netlisting {"point": 317, "testname": "gmIdwl_gmid2_1"}
\o [2026-04-16 00:50:55.461 +0700] [EVENT] [cadence.virtuoso.ade.services.netlister] - NewPoint {"point": 318, "testname": "gmIdwl_gmid2_1", "event": "NewPoint", "EventSource": "Netlist Service", "HistoryName": "ExplorerRun.0", "logFile": "/home/dtvt_13/duyDUT/logs_dtvt_13/logs0/Service29.log", "logFileSize": "504376"}
\o [2026-04-16 00:50:55.461 +0700] [INFO] [cadence.virtuoso.ade.services.netlister] - Started netlisting {"point": 318, "testname": "gmIdwl_gmid2_1"}
\o Resetting statistical vars
\o 
\o *Info*    Setting parameter values ...
\o 
\o Setting var length = "15.95u"
\o 
\o *Info*    Netlist Directory =
\o           /home/dtvt_13/simulation/gmIdwl/gmid2/maestro/results/maestro/ExplorerRun.0/318/gmIdwl_gmid2_1/netlist
\o 
\o 
\o *Info*    Data Directory    =
\o           /home/dtvt_13/simulation/gmIdwl/gmid2/maestro/results/maestro/ExplorerRun.0/318/gmIdwl_gmid2_1
\o 
\o Reusing AHDL Data dir
\o generate netlist...
\o Ignoring netlist creation since ignoreDesignChangesDuringRun is set to true
\o       ...successful.
\o compose simulator input file...
\o       ...successful.
\o [2026-04-16 00:50:55.975 +0700] [PROCESS] [cadence.virtuoso.ade.services.netlister] - Current memory used: 521.7383 MBytes, peak memory used: 521.7422 MBytes {"hostname": "dtvt_13", "processid": 30914, "testname": "gmIdwl_gmid2_1", "point": 318, "logfile": "/home/dtvt_13/duyDUT/logs_dtvt_13/logs0/Service29.log"}
\o [2026-04-16 00:50:55.975 +0700] [INFO] [cadence.virtuoso.ade.services.netlister] - Finished netlisting {"point": 318, "testname": "gmIdwl_gmid2_1"}
\o [2026-04-16 00:50:55.976 +0700] [EVENT] [cadence.virtuoso.ade.services.netlister] - NewPoint {"point": 319, "testname": "gmIdwl_gmid2_1", "event": "NewPoint", "EventSource": "Netlist Service", "HistoryName": "ExplorerRun.0", "logFile": "/home/dtvt_13/duyDUT/logs_dtvt_13/logs0/Service29.log", "logFileSize": "505944"}
\o [2026-04-16 00:50:55.976 +0700] [INFO] [cadence.virtuoso.ade.services.netlister] - Started netlisting {"point": 319, "testname": "gmIdwl_gmid2_1"}
\o Resetting statistical vars
\o 
\o *Info*    Setting parameter values ...
\o 
\o Setting var length = "16u"
\o 
\o *Info*    Netlist Directory =
\o           /home/dtvt_13/simulation/gmIdwl/gmid2/maestro/results/maestro/ExplorerRun.0/319/gmIdwl_gmid2_1/netlist
\o 
\o 
\o *Info*    Data Directory    =
\o           /home/dtvt_13/simulation/gmIdwl/gmid2/maestro/results/maestro/ExplorerRun.0/319/gmIdwl_gmid2_1
\o 
\o Reusing AHDL Data dir
\o generate netlist...
\o Ignoring netlist creation since ignoreDesignChangesDuringRun is set to true
\o       ...successful.
\o compose simulator input file...
\o       ...successful.
\o [2026-04-16 00:50:56.369 +0700] [PROCESS] [cadence.virtuoso.ade.services.netlister] - Current memory used: 521.7383 MBytes, peak memory used: 521.7422 MBytes {"hostname": "dtvt_13", "processid": 30914, "testname": "gmIdwl_gmid2_1", "point": 319, "logfile": "/home/dtvt_13/duyDUT/logs_dtvt_13/logs0/Service29.log"}
\o [2026-04-16 00:50:56.371 +0700] [INFO] [cadence.virtuoso.ade.services.netlister] - Finished netlisting {"point": 319, "testname": "gmIdwl_gmid2_1"}
\o [2026-04-16 00:50:56.373 +0700] [EVENT] [cadence.virtuoso.ade.services.netlister] - NewPoint {"point": 320, "testname": "gmIdwl_gmid2_1", "event": "NewPoint", "EventSource": "Netlist Service", "HistoryName": "ExplorerRun.0", "logFile": "/home/dtvt_13/duyDUT/logs_dtvt_13/logs0/Service29.log", "logFileSize": "507509"}
\o [2026-04-16 00:50:56.373 +0700] [INFO] [cadence.virtuoso.ade.services.netlister] - Started netlisting {"point": 320, "testname": "gmIdwl_gmid2_1"}
\o Resetting statistical vars
\o 
\o *Info*    Setting parameter values ...
\o 
\o Setting var length = "16.05u"
\o 
\o *Info*    Netlist Directory =
\o           /home/dtvt_13/simulation/gmIdwl/gmid2/maestro/results/maestro/ExplorerRun.0/320/gmIdwl_gmid2_1/netlist
\o 
\o 
\o *Info*    Data Directory    =
\o           /home/dtvt_13/simulation/gmIdwl/gmid2/maestro/results/maestro/ExplorerRun.0/320/gmIdwl_gmid2_1
\o 
\o Reusing AHDL Data dir
\o generate netlist...
\o Ignoring netlist creation since ignoreDesignChangesDuringRun is set to true
\o       ...successful.
\o compose simulator input file...
\o       ...successful.
\o [2026-04-16 00:50:56.824 +0700] [PROCESS] [cadence.virtuoso.ade.services.netlister] - Current memory used: 521.7383 MBytes, peak memory used: 521.7422 MBytes {"hostname": "dtvt_13", "processid": 30914, "testname": "gmIdwl_gmid2_1", "point": 320, "logfile": "/home/dtvt_13/duyDUT/logs_dtvt_13/logs0/Service29.log"}
\o [2026-04-16 00:50:56.825 +0700] [INFO] [cadence.virtuoso.ade.services.netlister] - Finished netlisting {"point": 320, "testname": "gmIdwl_gmid2_1"}
\o [2026-04-16 00:50:56.827 +0700] [EVENT] [cadence.virtuoso.ade.services.netlister] - NewPoint {"point": 321, "testname": "gmIdwl_gmid2_1", "event": "NewPoint", "EventSource": "Netlist Service", "HistoryName": "ExplorerRun.0", "logFile": "/home/dtvt_13/duyDUT/logs_dtvt_13/logs0/Service29.log", "logFileSize": "509077"}
\o [2026-04-16 00:50:56.827 +0700] [INFO] [cadence.virtuoso.ade.services.netlister] - Started netlisting {"point": 321, "testname": "gmIdwl_gmid2_1"}
\o Resetting statistical vars
\o 
\o *Info*    Setting parameter values ...
\o 
\o Setting var length = "16.1u"
\o 
\o *Info*    Netlist Directory =
\o           /home/dtvt_13/simulation/gmIdwl/gmid2/maestro/results/maestro/ExplorerRun.0/321/gmIdwl_gmid2_1/netlist
\o 
\o 
\o *Info*    Data Directory    =
\o           /home/dtvt_13/simulation/gmIdwl/gmid2/maestro/results/maestro/ExplorerRun.0/321/gmIdwl_gmid2_1
\o 
\o Reusing AHDL Data dir
\o generate netlist...
\o Ignoring netlist creation since ignoreDesignChangesDuringRun is set to true
\o       ...successful.
\o compose simulator input file...
\o       ...successful.
\o [2026-04-16 00:50:57.055 +0700] [PROCESS] [cadence.virtuoso.ade.services.netlister] - Current memory used: 521.7383 MBytes, peak memory used: 521.7422 MBytes {"hostname": "dtvt_13", "processid": 30914, "testname": "gmIdwl_gmid2_1", "point": 321, "logfile": "/home/dtvt_13/duyDUT/logs_dtvt_13/logs0/Service29.log"}
\o [2026-04-16 00:50:57.056 +0700] [INFO] [cadence.virtuoso.ade.services.netlister] - Finished netlisting {"point": 321, "testname": "gmIdwl_gmid2_1"}
\o [2026-04-16 00:50:57.057 +0700] [EVENT] [cadence.virtuoso.ade.services.netlister] - NewPoint {"point": 322, "testname": "gmIdwl_gmid2_1", "event": "NewPoint", "EventSource": "Netlist Service", "HistoryName": "ExplorerRun.0", "logFile": "/home/dtvt_13/duyDUT/logs_dtvt_13/logs0/Service29.log", "logFileSize": "510644"}
\o [2026-04-16 00:50:57.057 +0700] [INFO] [cadence.virtuoso.ade.services.netlister] - Started netlisting {"point": 322, "testname": "gmIdwl_gmid2_1"}
\o Resetting statistical vars
\o 
\o *Info*    Setting parameter values ...
\o 
\o Setting var length = "16.15u"
\o 
\o *Info*    Netlist Directory =
\o           /home/dtvt_13/simulation/gmIdwl/gmid2/maestro/results/maestro/ExplorerRun.0/322/gmIdwl_gmid2_1/netlist
\o 
\o 
\o *Info*    Data Directory    =
\o           /home/dtvt_13/simulation/gmIdwl/gmid2/maestro/results/maestro/ExplorerRun.0/322/gmIdwl_gmid2_1
\o 
\o Reusing AHDL Data dir
\o generate netlist...
\o Ignoring netlist creation since ignoreDesignChangesDuringRun is set to true
\o       ...successful.
\o compose simulator input file...
\o       ...successful.
\o [2026-04-16 00:50:57.235 +0700] [PROCESS] [cadence.virtuoso.ade.services.netlister] - Current memory used: 521.7383 MBytes, peak memory used: 521.7422 MBytes {"hostname": "dtvt_13", "processid": 30914, "testname": "gmIdwl_gmid2_1", "point": 322, "logfile": "/home/dtvt_13/duyDUT/logs_dtvt_13/logs0/Service29.log"}
\o [2026-04-16 00:50:57.235 +0700] [INFO] [cadence.virtuoso.ade.services.netlister] - Finished netlisting {"point": 322, "testname": "gmIdwl_gmid2_1"}
\o [2026-04-16 00:50:57.235 +0700] [EVENT] [cadence.virtuoso.ade.services.netlister] - NewPoint {"point": 323, "testname": "gmIdwl_gmid2_1", "event": "NewPoint", "EventSource": "Netlist Service", "HistoryName": "ExplorerRun.0", "logFile": "/home/dtvt_13/duyDUT/logs_dtvt_13/logs0/Service29.log", "logFileSize": "512212"}
\o [2026-04-16 00:50:57.236 +0700] [INFO] [cadence.virtuoso.ade.services.netlister] - Started netlisting {"point": 323, "testname": "gmIdwl_gmid2_1"}
\o Resetting statistical vars
\o 
\o *Info*    Setting parameter values ...
\o 
\o Setting var length = "16.2u"
\o 
\o *Info*    Netlist Directory =
\o           /home/dtvt_13/simulation/gmIdwl/gmid2/maestro/results/maestro/ExplorerRun.0/323/gmIdwl_gmid2_1/netlist
\o 
\o 
\o *Info*    Data Directory    =
\o           /home/dtvt_13/simulation/gmIdwl/gmid2/maestro/results/maestro/ExplorerRun.0/323/gmIdwl_gmid2_1
\o 
\o Reusing AHDL Data dir
\o generate netlist...
\o Ignoring netlist creation since ignoreDesignChangesDuringRun is set to true
\o       ...successful.
\o compose simulator input file...
\o       ...successful.
\o [2026-04-16 00:50:57.443 +0700] [PROCESS] [cadence.virtuoso.ade.services.netlister] - Current memory used: 521.7383 MBytes, peak memory used: 521.7422 MBytes {"hostname": "dtvt_13", "processid": 30914, "testname": "gmIdwl_gmid2_1", "point": 323, "logfile": "/home/dtvt_13/duyDUT/logs_dtvt_13/logs0/Service29.log"}
\o [2026-04-16 00:50:57.443 +0700] [INFO] [cadence.virtuoso.ade.services.netlister] - Finished netlisting {"point": 323, "testname": "gmIdwl_gmid2_1"}
\o [2026-04-16 00:50:57.443 +0700] [EVENT] [cadence.virtuoso.ade.services.netlister] - NewPoint {"point": 324, "testname": "gmIdwl_gmid2_1", "event": "NewPoint", "EventSource": "Netlist Service", "HistoryName": "ExplorerRun.0", "logFile": "/home/dtvt_13/duyDUT/logs_dtvt_13/logs0/Service29.log", "logFileSize": "513779"}
\o [2026-04-16 00:50:57.444 +0700] [INFO] [cadence.virtuoso.ade.services.netlister] - Started netlisting {"point": 324, "testname": "gmIdwl_gmid2_1"}
\o Resetting statistical vars
\o 
\o *Info*    Setting parameter values ...
\o 
\o Setting var length = "16.25u"
\o 
\o *Info*    Netlist Directory =
\o           /home/dtvt_13/simulation/gmIdwl/gmid2/maestro/results/maestro/ExplorerRun.0/324/gmIdwl_gmid2_1/netlist
\o 
\o 
\o *Info*    Data Directory    =
\o           /home/dtvt_13/simulation/gmIdwl/gmid2/maestro/results/maestro/ExplorerRun.0/324/gmIdwl_gmid2_1
\o 
\o Reusing AHDL Data dir
\o generate netlist...
\o Ignoring netlist creation since ignoreDesignChangesDuringRun is set to true
\o       ...successful.
\o compose simulator input file...
\o       ...successful.
\o [2026-04-16 00:50:57.608 +0700] [PROCESS] [cadence.virtuoso.ade.services.netlister] - Current memory used: 521.7383 MBytes, peak memory used: 521.7422 MBytes {"hostname": "dtvt_13", "processid": 30914, "testname": "gmIdwl_gmid2_1", "point": 324, "logfile": "/home/dtvt_13/duyDUT/logs_dtvt_13/logs0/Service29.log"}
\o [2026-04-16 00:50:57.608 +0700] [INFO] [cadence.virtuoso.ade.services.netlister] - Finished netlisting {"point": 324, "testname": "gmIdwl_gmid2_1"}
\o [2026-04-16 00:50:57.609 +0700] [EVENT] [cadence.virtuoso.ade.services.netlister] - NewPoint {"point": 325, "testname": "gmIdwl_gmid2_1", "event": "NewPoint", "EventSource": "Netlist Service", "HistoryName": "ExplorerRun.0", "logFile": "/home/dtvt_13/duyDUT/logs_dtvt_13/logs0/Service29.log", "logFileSize": "515347"}
\o [2026-04-16 00:50:57.609 +0700] [INFO] [cadence.virtuoso.ade.services.netlister] - Started netlisting {"point": 325, "testname": "gmIdwl_gmid2_1"}
\o Resetting statistical vars
\o 
\o *Info*    Setting parameter values ...
\o 
\o Setting var length = "16.3u"
\o 
\o *Info*    Netlist Directory =
\o           /home/dtvt_13/simulation/gmIdwl/gmid2/maestro/results/maestro/ExplorerRun.0/325/gmIdwl_gmid2_1/netlist
\o 
\o 
\o *Info*    Data Directory    =
\o           /home/dtvt_13/simulation/gmIdwl/gmid2/maestro/results/maestro/ExplorerRun.0/325/gmIdwl_gmid2_1
\o 
\o Reusing AHDL Data dir
\o generate netlist...
\o Ignoring netlist creation since ignoreDesignChangesDuringRun is set to true
\o       ...successful.
\o compose simulator input file...
\o       ...successful.
\o [2026-04-16 00:50:57.794 +0700] [PROCESS] [cadence.virtuoso.ade.services.netlister] - Current memory used: 521.7383 MBytes, peak memory used: 521.7422 MBytes {"hostname": "dtvt_13", "processid": 30914, "testname": "gmIdwl_gmid2_1", "point": 325, "logfile": "/home/dtvt_13/duyDUT/logs_dtvt_13/logs0/Service29.log"}
\o [2026-04-16 00:50:57.794 +0700] [INFO] [cadence.virtuoso.ade.services.netlister] - Finished netlisting {"point": 325, "testname": "gmIdwl_gmid2_1"}
\o [2026-04-16 00:50:57.795 +0700] [EVENT] [cadence.virtuoso.ade.services.netlister] - NewPoint {"point": 326, "testname": "gmIdwl_gmid2_1", "event": "NewPoint", "EventSource": "Netlist Service", "HistoryName": "ExplorerRun.0", "logFile": "/home/dtvt_13/duyDUT/logs_dtvt_13/logs0/Service29.log", "logFileSize": "516914"}
\o [2026-04-16 00:50:57.795 +0700] [INFO] [cadence.virtuoso.ade.services.netlister] - Started netlisting {"point": 326, "testname": "gmIdwl_gmid2_1"}
\o Resetting statistical vars
\o 
\o *Info*    Setting parameter values ...
\o 
\o Setting var length = "16.35u"
\o 
\o *Info*    Netlist Directory =
\o           /home/dtvt_13/simulation/gmIdwl/gmid2/maestro/results/maestro/ExplorerRun.0/326/gmIdwl_gmid2_1/netlist
\o 
\o 
\o *Info*    Data Directory    =
\o           /home/dtvt_13/simulation/gmIdwl/gmid2/maestro/results/maestro/ExplorerRun.0/326/gmIdwl_gmid2_1
\o 
\o Reusing AHDL Data dir
\o generate netlist...
\o Ignoring netlist creation since ignoreDesignChangesDuringRun is set to true
\o       ...successful.
\o compose simulator input file...
\o       ...successful.
\o [2026-04-16 00:50:58.109 +0700] [PROCESS] [cadence.virtuoso.ade.services.netlister] - Current memory used: 521.7383 MBytes, peak memory used: 521.7422 MBytes {"hostname": "dtvt_13", "processid": 30914, "testname": "gmIdwl_gmid2_1", "point": 326, "logfile": "/home/dtvt_13/duyDUT/logs_dtvt_13/logs0/Service29.log"}
\o [2026-04-16 00:50:58.109 +0700] [INFO] [cadence.virtuoso.ade.services.netlister] - Finished netlisting {"point": 326, "testname": "gmIdwl_gmid2_1"}
\o [2026-04-16 00:50:58.110 +0700] [EVENT] [cadence.virtuoso.ade.services.netlister] - NewPoint {"point": 327, "testname": "gmIdwl_gmid2_1", "event": "NewPoint", "EventSource": "Netlist Service", "HistoryName": "ExplorerRun.0", "logFile": "/home/dtvt_13/duyDUT/logs_dtvt_13/logs0/Service29.log", "logFileSize": "518482"}
\o [2026-04-16 00:50:58.110 +0700] [INFO] [cadence.virtuoso.ade.services.netlister] - Started netlisting {"point": 327, "testname": "gmIdwl_gmid2_1"}
\o Resetting statistical vars
\o 
\o *Info*    Setting parameter values ...
\o 
\o Setting var length = "16.4u"
\o 
\o *Info*    Netlist Directory =
\o           /home/dtvt_13/simulation/gmIdwl/gmid2/maestro/results/maestro/ExplorerRun.0/327/gmIdwl_gmid2_1/netlist
\o 
\o 
\o *Info*    Data Directory    =
\o           /home/dtvt_13/simulation/gmIdwl/gmid2/maestro/results/maestro/ExplorerRun.0/327/gmIdwl_gmid2_1
\o 
\o Reusing AHDL Data dir
\o generate netlist...
\o Ignoring netlist creation since ignoreDesignChangesDuringRun is set to true
\o       ...successful.
\o compose simulator input file...
\o       ...successful.
\o [2026-04-16 00:50:58.306 +0700] [PROCESS] [cadence.virtuoso.ade.services.netlister] - Current memory used: 521.7383 MBytes, peak memory used: 521.7422 MBytes {"hostname": "dtvt_13", "processid": 30914, "testname": "gmIdwl_gmid2_1", "point": 327, "logfile": "/home/dtvt_13/duyDUT/logs_dtvt_13/logs0/Service29.log"}
\o [2026-04-16 00:50:58.306 +0700] [INFO] [cadence.virtuoso.ade.services.netlister] - Finished netlisting {"point": 327, "testname": "gmIdwl_gmid2_1"}
\o [2026-04-16 00:50:58.307 +0700] [EVENT] [cadence.virtuoso.ade.services.netlister] - NewPoint {"point": 328, "testname": "gmIdwl_gmid2_1", "event": "NewPoint", "EventSource": "Netlist Service", "HistoryName": "ExplorerRun.0", "logFile": "/home/dtvt_13/duyDUT/logs_dtvt_13/logs0/Service29.log", "logFileSize": "520049"}
\o [2026-04-16 00:50:58.307 +0700] [INFO] [cadence.virtuoso.ade.services.netlister] - Started netlisting {"point": 328, "testname": "gmIdwl_gmid2_1"}
\o Resetting statistical vars
\o 
\o *Info*    Setting parameter values ...
\o 
\o Setting var length = "16.45u"
\o 
\o *Info*    Netlist Directory =
\o           /home/dtvt_13/simulation/gmIdwl/gmid2/maestro/results/maestro/ExplorerRun.0/328/gmIdwl_gmid2_1/netlist
\o 
\o 
\o *Info*    Data Directory    =
\o           /home/dtvt_13/simulation/gmIdwl/gmid2/maestro/results/maestro/ExplorerRun.0/328/gmIdwl_gmid2_1
\o 
\o Reusing AHDL Data dir
\o generate netlist...
\o Ignoring netlist creation since ignoreDesignChangesDuringRun is set to true
\o       ...successful.
\o compose simulator input file...
\o       ...successful.
\o [2026-04-16 00:50:58.517 +0700] [PROCESS] [cadence.virtuoso.ade.services.netlister] - Current memory used: 521.7383 MBytes, peak memory used: 521.7422 MBytes {"hostname": "dtvt_13", "processid": 30914, "testname": "gmIdwl_gmid2_1", "point": 328, "logfile": "/home/dtvt_13/duyDUT/logs_dtvt_13/logs0/Service29.log"}
\o [2026-04-16 00:50:58.517 +0700] [INFO] [cadence.virtuoso.ade.services.netlister] - Finished netlisting {"point": 328, "testname": "gmIdwl_gmid2_1"}
\o [2026-04-16 00:50:58.518 +0700] [EVENT] [cadence.virtuoso.ade.services.netlister] - NewPoint {"point": 329, "testname": "gmIdwl_gmid2_1", "event": "NewPoint", "EventSource": "Netlist Service", "HistoryName": "ExplorerRun.0", "logFile": "/home/dtvt_13/duyDUT/logs_dtvt_13/logs0/Service29.log", "logFileSize": "521617"}
\o [2026-04-16 00:50:58.518 +0700] [INFO] [cadence.virtuoso.ade.services.netlister] - Started netlisting {"point": 329, "testname": "gmIdwl_gmid2_1"}
\o Resetting statistical vars
\o 
\o *Info*    Setting parameter values ...
\o 
\o Setting var length = "16.5u"
\o 
\o *Info*    Netlist Directory =
\o           /home/dtvt_13/simulation/gmIdwl/gmid2/maestro/results/maestro/ExplorerRun.0/329/gmIdwl_gmid2_1/netlist
\o 
\o 
\o *Info*    Data Directory    =
\o           /home/dtvt_13/simulation/gmIdwl/gmid2/maestro/results/maestro/ExplorerRun.0/329/gmIdwl_gmid2_1
\o 
\o Reusing AHDL Data dir
\o generate netlist...
\o Ignoring netlist creation since ignoreDesignChangesDuringRun is set to true
\o       ...successful.
\o compose simulator input file...
\o       ...successful.
\o [2026-04-16 00:50:58.799 +0700] [PROCESS] [cadence.virtuoso.ade.services.netlister] - Current memory used: 521.7383 MBytes, peak memory used: 521.7422 MBytes {"hostname": "dtvt_13", "processid": 30914, "testname": "gmIdwl_gmid2_1", "point": 329, "logfile": "/home/dtvt_13/duyDUT/logs_dtvt_13/logs0/Service29.log"}
\o [2026-04-16 00:50:58.800 +0700] [INFO] [cadence.virtuoso.ade.services.netlister] - Finished netlisting {"point": 329, "testname": "gmIdwl_gmid2_1"}
\o [2026-04-16 00:50:58.803 +0700] [EVENT] [cadence.virtuoso.ade.services.netlister] - NewPoint {"point": 330, "testname": "gmIdwl_gmid2_1", "event": "NewPoint", "EventSource": "Netlist Service", "HistoryName": "ExplorerRun.0", "logFile": "/home/dtvt_13/duyDUT/logs_dtvt_13/logs0/Service29.log", "logFileSize": "523184"}
\o [2026-04-16 00:50:58.803 +0700] [INFO] [cadence.virtuoso.ade.services.netlister] - Started netlisting {"point": 330, "testname": "gmIdwl_gmid2_1"}
\o Resetting statistical vars
\o 
\o *Info*    Setting parameter values ...
\o 
\o Setting var length = "16.55u"
\o 
\o *Info*    Netlist Directory =
\o           /home/dtvt_13/simulation/gmIdwl/gmid2/maestro/results/maestro/ExplorerRun.0/330/gmIdwl_gmid2_1/netlist
\o 
\o 
\o *Info*    Data Directory    =
\o           /home/dtvt_13/simulation/gmIdwl/gmid2/maestro/results/maestro/ExplorerRun.0/330/gmIdwl_gmid2_1
\o 
\o Reusing AHDL Data dir
\o generate netlist...
\o Ignoring netlist creation since ignoreDesignChangesDuringRun is set to true
\o       ...successful.
\o compose simulator input file...
\o       ...successful.
\o [2026-04-16 00:50:59.117 +0700] [PROCESS] [cadence.virtuoso.ade.services.netlister] - Current memory used: 521.7383 MBytes, peak memory used: 521.7422 MBytes {"hostname": "dtvt_13", "processid": 30914, "testname": "gmIdwl_gmid2_1", "point": 330, "logfile": "/home/dtvt_13/duyDUT/logs_dtvt_13/logs0/Service29.log"}
\o [2026-04-16 00:50:59.118 +0700] [INFO] [cadence.virtuoso.ade.services.netlister] - Finished netlisting {"point": 330, "testname": "gmIdwl_gmid2_1"}
\o [2026-04-16 00:50:59.118 +0700] [EVENT] [cadence.virtuoso.ade.services.netlister] - NewPoint {"point": 331, "testname": "gmIdwl_gmid2_1", "event": "NewPoint", "EventSource": "Netlist Service", "HistoryName": "ExplorerRun.0", "logFile": "/home/dtvt_13/duyDUT/logs_dtvt_13/logs0/Service29.log", "logFileSize": "524752"}
\o [2026-04-16 00:50:59.119 +0700] [INFO] [cadence.virtuoso.ade.services.netlister] - Started netlisting {"point": 331, "testname": "gmIdwl_gmid2_1"}
\o Resetting statistical vars
\o 
\o *Info*    Setting parameter values ...
\o 
\o Setting var length = "16.6u"
\o 
\o *Info*    Netlist Directory =
\o           /home/dtvt_13/simulation/gmIdwl/gmid2/maestro/results/maestro/ExplorerRun.0/331/gmIdwl_gmid2_1/netlist
\o 
\o 
\o *Info*    Data Directory    =
\o           /home/dtvt_13/simulation/gmIdwl/gmid2/maestro/results/maestro/ExplorerRun.0/331/gmIdwl_gmid2_1
\o 
\o Reusing AHDL Data dir
\o generate netlist...
\o Ignoring netlist creation since ignoreDesignChangesDuringRun is set to true
\o       ...successful.
\o compose simulator input file...
\o       ...successful.
\o [2026-04-16 00:50:59.401 +0700] [PROCESS] [cadence.virtuoso.ade.services.netlister] - Current memory used: 521.7383 MBytes, peak memory used: 521.7422 MBytes {"hostname": "dtvt_13", "processid": 30914, "testname": "gmIdwl_gmid2_1", "point": 331, "logfile": "/home/dtvt_13/duyDUT/logs_dtvt_13/logs0/Service29.log"}
\o [2026-04-16 00:50:59.402 +0700] [INFO] [cadence.virtuoso.ade.services.netlister] - Finished netlisting {"point": 331, "testname": "gmIdwl_gmid2_1"}
\o [2026-04-16 00:50:59.403 +0700] [EVENT] [cadence.virtuoso.ade.services.netlister] - NewPoint {"point": 332, "testname": "gmIdwl_gmid2_1", "event": "NewPoint", "EventSource": "Netlist Service", "HistoryName": "ExplorerRun.0", "logFile": "/home/dtvt_13/duyDUT/logs_dtvt_13/logs0/Service29.log", "logFileSize": "526319"}
\o [2026-04-16 00:50:59.403 +0700] [INFO] [cadence.virtuoso.ade.services.netlister] - Started netlisting {"point": 332, "testname": "gmIdwl_gmid2_1"}
\o Resetting statistical vars
\o 
\o *Info*    Setting parameter values ...
\o 
\o Setting var length = "16.65u"
\o 
\o *Info*    Netlist Directory =
\o           /home/dtvt_13/simulation/gmIdwl/gmid2/maestro/results/maestro/ExplorerRun.0/332/gmIdwl_gmid2_1/netlist
\o 
\o 
\o *Info*    Data Directory    =
\o           /home/dtvt_13/simulation/gmIdwl/gmid2/maestro/results/maestro/ExplorerRun.0/332/gmIdwl_gmid2_1
\o 
\o Reusing AHDL Data dir
\o generate netlist...
\o Ignoring netlist creation since ignoreDesignChangesDuringRun is set to true
\o       ...successful.
\o compose simulator input file...
\o       ...successful.
\o [2026-04-16 00:50:59.771 +0700] [PROCESS] [cadence.virtuoso.ade.services.netlister] - Current memory used: 521.7383 MBytes, peak memory used: 521.7422 MBytes {"hostname": "dtvt_13", "processid": 30914, "testname": "gmIdwl_gmid2_1", "point": 332, "logfile": "/home/dtvt_13/duyDUT/logs_dtvt_13/logs0/Service29.log"}
\o [2026-04-16 00:50:59.772 +0700] [INFO] [cadence.virtuoso.ade.services.netlister] - Finished netlisting {"point": 332, "testname": "gmIdwl_gmid2_1"}
\o [2026-04-16 00:50:59.773 +0700] [EVENT] [cadence.virtuoso.ade.services.netlister] - NewPoint {"point": 333, "testname": "gmIdwl_gmid2_1", "event": "NewPoint", "EventSource": "Netlist Service", "HistoryName": "ExplorerRun.0", "logFile": "/home/dtvt_13/duyDUT/logs_dtvt_13/logs0/Service29.log", "logFileSize": "527887"}
\o [2026-04-16 00:50:59.773 +0700] [INFO] [cadence.virtuoso.ade.services.netlister] - Started netlisting {"point": 333, "testname": "gmIdwl_gmid2_1"}
\o Resetting statistical vars
\o 
\o *Info*    Setting parameter values ...
\o 
\o Setting var length = "16.7u"
\o 
\o *Info*    Netlist Directory =
\o           /home/dtvt_13/simulation/gmIdwl/gmid2/maestro/results/maestro/ExplorerRun.0/333/gmIdwl_gmid2_1/netlist
\o 
\o 
\o *Info*    Data Directory    =
\o           /home/dtvt_13/simulation/gmIdwl/gmid2/maestro/results/maestro/ExplorerRun.0/333/gmIdwl_gmid2_1
\o 
\o Reusing AHDL Data dir
\o generate netlist...
\o Ignoring netlist creation since ignoreDesignChangesDuringRun is set to true
\o       ...successful.
\o compose simulator input file...
\o       ...successful.
\o [2026-04-16 00:51:00.156 +0700] [PROCESS] [cadence.virtuoso.ade.services.netlister] - Current memory used: 522.0312 MBytes, peak memory used: 522.0352 MBytes {"hostname": "dtvt_13", "processid": 30914, "testname": "gmIdwl_gmid2_1", "point": 333, "logfile": "/home/dtvt_13/duyDUT/logs_dtvt_13/logs0/Service29.log"}
\o [2026-04-16 00:51:00.157 +0700] [INFO] [cadence.virtuoso.ade.services.netlister] - Finished netlisting {"point": 333, "testname": "gmIdwl_gmid2_1"}
\o [2026-04-16 00:51:00.157 +0700] [EVENT] [cadence.virtuoso.ade.services.netlister] - NewPoint {"point": 334, "testname": "gmIdwl_gmid2_1", "event": "NewPoint", "EventSource": "Netlist Service", "HistoryName": "ExplorerRun.0", "logFile": "/home/dtvt_13/duyDUT/logs_dtvt_13/logs0/Service29.log", "logFileSize": "529454"}
\o [2026-04-16 00:51:00.157 +0700] [INFO] [cadence.virtuoso.ade.services.netlister] - Started netlisting {"point": 334, "testname": "gmIdwl_gmid2_1"}
\o Resetting statistical vars
\o 
\o *Info*    Setting parameter values ...
\o 
\o Setting var length = "16.75u"
\o 
\o *Info*    Netlist Directory =
\o           /home/dtvt_13/simulation/gmIdwl/gmid2/maestro/results/maestro/ExplorerRun.0/334/gmIdwl_gmid2_1/netlist
\o 
\o 
\o *Info*    Data Directory    =
\o           /home/dtvt_13/simulation/gmIdwl/gmid2/maestro/results/maestro/ExplorerRun.0/334/gmIdwl_gmid2_1
\o 
\o Reusing AHDL Data dir
\o generate netlist...
\o Ignoring netlist creation since ignoreDesignChangesDuringRun is set to true
\o       ...successful.
\o compose simulator input file...
\o       ...successful.
\o [2026-04-16 00:51:00.483 +0700] [PROCESS] [cadence.virtuoso.ade.services.netlister] - Current memory used: 522.0312 MBytes, peak memory used: 522.0352 MBytes {"hostname": "dtvt_13", "processid": 30914, "testname": "gmIdwl_gmid2_1", "point": 334, "logfile": "/home/dtvt_13/duyDUT/logs_dtvt_13/logs0/Service29.log"}
\o [2026-04-16 00:51:00.483 +0700] [INFO] [cadence.virtuoso.ade.services.netlister] - Finished netlisting {"point": 334, "testname": "gmIdwl_gmid2_1"}
\o [2026-04-16 00:51:00.486 +0700] [EVENT] [cadence.virtuoso.ade.services.netlister] - NewPoint {"point": 335, "testname": "gmIdwl_gmid2_1", "event": "NewPoint", "EventSource": "Netlist Service", "HistoryName": "ExplorerRun.0", "logFile": "/home/dtvt_13/duyDUT/logs_dtvt_13/logs0/Service29.log", "logFileSize": "531022"}
\o [2026-04-16 00:51:00.487 +0700] [INFO] [cadence.virtuoso.ade.services.netlister] - Started netlisting {"point": 335, "testname": "gmIdwl_gmid2_1"}
\o Resetting statistical vars
\o 
\o *Info*    Setting parameter values ...
\o 
\o Setting var length = "16.8u"
\o 
\o *Info*    Netlist Directory =
\o           /home/dtvt_13/simulation/gmIdwl/gmid2/maestro/results/maestro/ExplorerRun.0/335/gmIdwl_gmid2_1/netlist
\o 
\o 
\o *Info*    Data Directory    =
\o           /home/dtvt_13/simulation/gmIdwl/gmid2/maestro/results/maestro/ExplorerRun.0/335/gmIdwl_gmid2_1
\o 
\o Reusing AHDL Data dir
\o generate netlist...
\o Ignoring netlist creation since ignoreDesignChangesDuringRun is set to true
\o       ...successful.
\o compose simulator input file...
\o       ...successful.
\o [2026-04-16 00:51:00.929 +0700] [PROCESS] [cadence.virtuoso.ade.services.netlister] - Current memory used: 522.0312 MBytes, peak memory used: 522.0352 MBytes {"hostname": "dtvt_13", "processid": 30914, "testname": "gmIdwl_gmid2_1", "point": 335, "logfile": "/home/dtvt_13/duyDUT/logs_dtvt_13/logs0/Service29.log"}
\o [2026-04-16 00:51:00.929 +0700] [INFO] [cadence.virtuoso.ade.services.netlister] - Finished netlisting {"point": 335, "testname": "gmIdwl_gmid2_1"}
\o [2026-04-16 00:51:00.931 +0700] [EVENT] [cadence.virtuoso.ade.services.netlister] - NewPoint {"point": 336, "testname": "gmIdwl_gmid2_1", "event": "NewPoint", "EventSource": "Netlist Service", "HistoryName": "ExplorerRun.0", "logFile": "/home/dtvt_13/duyDUT/logs_dtvt_13/logs0/Service29.log", "logFileSize": "532589"}
\o [2026-04-16 00:51:00.932 +0700] [INFO] [cadence.virtuoso.ade.services.netlister] - Started netlisting {"point": 336, "testname": "gmIdwl_gmid2_1"}
\o Resetting statistical vars
\o 
\o *Info*    Setting parameter values ...
\o 
\o Setting var length = "16.85u"
\o 
\o *Info*    Netlist Directory =
\o           /home/dtvt_13/simulation/gmIdwl/gmid2/maestro/results/maestro/ExplorerRun.0/336/gmIdwl_gmid2_1/netlist
\o 
\o 
\o *Info*    Data Directory    =
\o           /home/dtvt_13/simulation/gmIdwl/gmid2/maestro/results/maestro/ExplorerRun.0/336/gmIdwl_gmid2_1
\o 
\o Reusing AHDL Data dir
\o generate netlist...
\o Ignoring netlist creation since ignoreDesignChangesDuringRun is set to true
\o       ...successful.
\o compose simulator input file...
\o       ...successful.
\o [2026-04-16 00:51:01.380 +0700] [PROCESS] [cadence.virtuoso.ade.services.netlister] - Current memory used: 522.0312 MBytes, peak memory used: 522.0352 MBytes {"hostname": "dtvt_13", "processid": 30914, "testname": "gmIdwl_gmid2_1", "point": 336, "logfile": "/home/dtvt_13/duyDUT/logs_dtvt_13/logs0/Service29.log"}
\o [2026-04-16 00:51:01.381 +0700] [INFO] [cadence.virtuoso.ade.services.netlister] - Finished netlisting {"point": 336, "testname": "gmIdwl_gmid2_1"}
\o [2026-04-16 00:51:01.384 +0700] [EVENT] [cadence.virtuoso.ade.services.netlister] - NewPoint {"point": 337, "testname": "gmIdwl_gmid2_1", "event": "NewPoint", "EventSource": "Netlist Service", "HistoryName": "ExplorerRun.0", "logFile": "/home/dtvt_13/duyDUT/logs_dtvt_13/logs0/Service29.log", "logFileSize": "534157"}
\o [2026-04-16 00:51:01.384 +0700] [INFO] [cadence.virtuoso.ade.services.netlister] - Started netlisting {"point": 337, "testname": "gmIdwl_gmid2_1"}
\o Resetting statistical vars
\o 
\o *Info*    Setting parameter values ...
\o 
\o Setting var length = "16.9u"
\o 
\o *Info*    Netlist Directory =
\o           /home/dtvt_13/simulation/gmIdwl/gmid2/maestro/results/maestro/ExplorerRun.0/337/gmIdwl_gmid2_1/netlist
\o 
\o 
\o *Info*    Data Directory    =
\o           /home/dtvt_13/simulation/gmIdwl/gmid2/maestro/results/maestro/ExplorerRun.0/337/gmIdwl_gmid2_1
\o 
\o Reusing AHDL Data dir
\o generate netlist...
\o Ignoring netlist creation since ignoreDesignChangesDuringRun is set to true
\o       ...successful.
\o compose simulator input file...
\o       ...successful.
\o [2026-04-16 00:51:01.724 +0700] [PROCESS] [cadence.virtuoso.ade.services.netlister] - Current memory used: 522.0312 MBytes, peak memory used: 522.0352 MBytes {"hostname": "dtvt_13", "processid": 30914, "testname": "gmIdwl_gmid2_1", "point": 337, "logfile": "/home/dtvt_13/duyDUT/logs_dtvt_13/logs0/Service29.log"}
\o [2026-04-16 00:51:01.725 +0700] [INFO] [cadence.virtuoso.ade.services.netlister] - Finished netlisting {"point": 337, "testname": "gmIdwl_gmid2_1"}
\o [2026-04-16 00:51:01.728 +0700] [EVENT] [cadence.virtuoso.ade.services.netlister] - NewPoint {"point": 338, "testname": "gmIdwl_gmid2_1", "event": "NewPoint", "EventSource": "Netlist Service", "HistoryName": "ExplorerRun.0", "logFile": "/home/dtvt_13/duyDUT/logs_dtvt_13/logs0/Service29.log", "logFileSize": "535724"}
\o [2026-04-16 00:51:01.728 +0700] [INFO] [cadence.virtuoso.ade.services.netlister] - Started netlisting {"point": 338, "testname": "gmIdwl_gmid2_1"}
\o Resetting statistical vars
\o 
\o *Info*    Setting parameter values ...
\o 
\o Setting var length = "16.95u"
\o 
\o *Info*    Netlist Directory =
\o           /home/dtvt_13/simulation/gmIdwl/gmid2/maestro/results/maestro/ExplorerRun.0/338/gmIdwl_gmid2_1/netlist
\o 
\o 
\o *Info*    Data Directory    =
\o           /home/dtvt_13/simulation/gmIdwl/gmid2/maestro/results/maestro/ExplorerRun.0/338/gmIdwl_gmid2_1
\o 
\o Reusing AHDL Data dir
\o generate netlist...
\o Ignoring netlist creation since ignoreDesignChangesDuringRun is set to true
\o       ...successful.
\o compose simulator input file...
\o       ...successful.
\o [2026-04-16 00:51:02.127 +0700] [PROCESS] [cadence.virtuoso.ade.services.netlister] - Current memory used: 522.0312 MBytes, peak memory used: 522.0352 MBytes {"hostname": "dtvt_13", "processid": 30914, "testname": "gmIdwl_gmid2_1", "point": 338, "logfile": "/home/dtvt_13/duyDUT/logs_dtvt_13/logs0/Service29.log"}
\o [2026-04-16 00:51:02.128 +0700] [INFO] [cadence.virtuoso.ade.services.netlister] - Finished netlisting {"point": 338, "testname": "gmIdwl_gmid2_1"}
\o [2026-04-16 00:51:02.129 +0700] [EVENT] [cadence.virtuoso.ade.services.netlister] - NewPoint {"point": 339, "testname": "gmIdwl_gmid2_1", "event": "NewPoint", "EventSource": "Netlist Service", "HistoryName": "ExplorerRun.0", "logFile": "/home/dtvt_13/duyDUT/logs_dtvt_13/logs0/Service29.log", "logFileSize": "537292"}
\o [2026-04-16 00:51:02.130 +0700] [INFO] [cadence.virtuoso.ade.services.netlister] - Started netlisting {"point": 339, "testname": "gmIdwl_gmid2_1"}
\o Resetting statistical vars
\o 
\o *Info*    Setting parameter values ...
\o 
\o Setting var length = "17u"
\o 
\o *Info*    Netlist Directory =
\o           /home/dtvt_13/simulation/gmIdwl/gmid2/maestro/results/maestro/ExplorerRun.0/339/gmIdwl_gmid2_1/netlist
\o 
\o 
\o *Info*    Data Directory    =
\o           /home/dtvt_13/simulation/gmIdwl/gmid2/maestro/results/maestro/ExplorerRun.0/339/gmIdwl_gmid2_1
\o 
\o Reusing AHDL Data dir
\o generate netlist...
\o Ignoring netlist creation since ignoreDesignChangesDuringRun is set to true
\o       ...successful.
\o compose simulator input file...
\o       ...successful.
\o [2026-04-16 00:51:02.420 +0700] [PROCESS] [cadence.virtuoso.ade.services.netlister] - Current memory used: 522.0312 MBytes, peak memory used: 522.0352 MBytes {"hostname": "dtvt_13", "processid": 30914, "testname": "gmIdwl_gmid2_1", "point": 339, "logfile": "/home/dtvt_13/duyDUT/logs_dtvt_13/logs0/Service29.log"}
\o [2026-04-16 00:51:02.420 +0700] [INFO] [cadence.virtuoso.ade.services.netlister] - Finished netlisting {"point": 339, "testname": "gmIdwl_gmid2_1"}
\o [2026-04-16 00:51:02.421 +0700] [EVENT] [cadence.virtuoso.ade.services.netlister] - NewPoint {"point": 340, "testname": "gmIdwl_gmid2_1", "event": "NewPoint", "EventSource": "Netlist Service", "HistoryName": "ExplorerRun.0", "logFile": "/home/dtvt_13/duyDUT/logs_dtvt_13/logs0/Service29.log", "logFileSize": "538857"}
\o [2026-04-16 00:51:02.421 +0700] [INFO] [cadence.virtuoso.ade.services.netlister] - Started netlisting {"point": 340, "testname": "gmIdwl_gmid2_1"}
\o Resetting statistical vars
\o 
\o *Info*    Setting parameter values ...
\o 
\o Setting var length = "17.05u"
\o 
\o *Info*    Netlist Directory =
\o           /home/dtvt_13/simulation/gmIdwl/gmid2/maestro/results/maestro/ExplorerRun.0/340/gmIdwl_gmid2_1/netlist
\o 
\o 
\o *Info*    Data Directory    =
\o           /home/dtvt_13/simulation/gmIdwl/gmid2/maestro/results/maestro/ExplorerRun.0/340/gmIdwl_gmid2_1
\o 
\o Reusing AHDL Data dir
\o generate netlist...
\o Ignoring netlist creation since ignoreDesignChangesDuringRun is set to true
\o       ...successful.
\o compose simulator input file...
\o       ...successful.
\o [2026-04-16 00:51:02.812 +0700] [PROCESS] [cadence.virtuoso.ade.services.netlister] - Current memory used: 522.0312 MBytes, peak memory used: 522.0352 MBytes {"hostname": "dtvt_13", "processid": 30914, "testname": "gmIdwl_gmid2_1", "point": 340, "logfile": "/home/dtvt_13/duyDUT/logs_dtvt_13/logs0/Service29.log"}
\o [2026-04-16 00:51:02.813 +0700] [INFO] [cadence.virtuoso.ade.services.netlister] - Finished netlisting {"point": 340, "testname": "gmIdwl_gmid2_1"}
\o [2026-04-16 00:51:02.815 +0700] [EVENT] [cadence.virtuoso.ade.services.netlister] - NewPoint {"point": 341, "testname": "gmIdwl_gmid2_1", "event": "NewPoint", "EventSource": "Netlist Service", "HistoryName": "ExplorerRun.0", "logFile": "/home/dtvt_13/duyDUT/logs_dtvt_13/logs0/Service29.log", "logFileSize": "540425"}
\o [2026-04-16 00:51:02.815 +0700] [INFO] [cadence.virtuoso.ade.services.netlister] - Started netlisting {"point": 341, "testname": "gmIdwl_gmid2_1"}
\o Resetting statistical vars
\o 
\o *Info*    Setting parameter values ...
\o 
\o Setting var length = "17.1u"
\o 
\o *Info*    Netlist Directory =
\o           /home/dtvt_13/simulation/gmIdwl/gmid2/maestro/results/maestro/ExplorerRun.0/341/gmIdwl_gmid2_1/netlist
\o 
\o 
\o *Info*    Data Directory    =
\o           /home/dtvt_13/simulation/gmIdwl/gmid2/maestro/results/maestro/ExplorerRun.0/341/gmIdwl_gmid2_1
\o 
\o Reusing AHDL Data dir
\o generate netlist...
\o Ignoring netlist creation since ignoreDesignChangesDuringRun is set to true
\o       ...successful.
\o compose simulator input file...
\o       ...successful.
\o [2026-04-16 00:51:03.179 +0700] [PROCESS] [cadence.virtuoso.ade.services.netlister] - Current memory used: 522.0312 MBytes, peak memory used: 522.0352 MBytes {"hostname": "dtvt_13", "processid": 30914, "testname": "gmIdwl_gmid2_1", "point": 341, "logfile": "/home/dtvt_13/duyDUT/logs_dtvt_13/logs0/Service29.log"}
\o [2026-04-16 00:51:03.180 +0700] [INFO] [cadence.virtuoso.ade.services.netlister] - Finished netlisting {"point": 341, "testname": "gmIdwl_gmid2_1"}
\o [2026-04-16 00:51:03.183 +0700] [EVENT] [cadence.virtuoso.ade.services.netlister] - NewPoint {"point": 342, "testname": "gmIdwl_gmid2_1", "event": "NewPoint", "EventSource": "Netlist Service", "HistoryName": "ExplorerRun.0", "logFile": "/home/dtvt_13/duyDUT/logs_dtvt_13/logs0/Service29.log", "logFileSize": "541992"}
\o [2026-04-16 00:51:03.183 +0700] [INFO] [cadence.virtuoso.ade.services.netlister] - Started netlisting {"point": 342, "testname": "gmIdwl_gmid2_1"}
\o Resetting statistical vars
\o 
\o *Info*    Setting parameter values ...
\o 
\o Setting var length = "17.15u"
\o 
\o *Info*    Netlist Directory =
\o           /home/dtvt_13/simulation/gmIdwl/gmid2/maestro/results/maestro/ExplorerRun.0/342/gmIdwl_gmid2_1/netlist
\o 
\o 
\o *Info*    Data Directory    =
\o           /home/dtvt_13/simulation/gmIdwl/gmid2/maestro/results/maestro/ExplorerRun.0/342/gmIdwl_gmid2_1
\o 
\o Reusing AHDL Data dir
\o generate netlist...
\o Ignoring netlist creation since ignoreDesignChangesDuringRun is set to true
\o       ...successful.
\o compose simulator input file...
\o       ...successful.
\o [2026-04-16 00:51:03.633 +0700] [PROCESS] [cadence.virtuoso.ade.services.netlister] - Current memory used: 522.0312 MBytes, peak memory used: 522.0352 MBytes {"hostname": "dtvt_13", "processid": 30914, "testname": "gmIdwl_gmid2_1", "point": 342, "logfile": "/home/dtvt_13/duyDUT/logs_dtvt_13/logs0/Service29.log"}
\o [2026-04-16 00:51:03.634 +0700] [INFO] [cadence.virtuoso.ade.services.netlister] - Finished netlisting {"point": 342, "testname": "gmIdwl_gmid2_1"}
\o [2026-04-16 00:51:03.636 +0700] [EVENT] [cadence.virtuoso.ade.services.netlister] - NewPoint {"point": 343, "testname": "gmIdwl_gmid2_1", "event": "NewPoint", "EventSource": "Netlist Service", "HistoryName": "ExplorerRun.0", "logFile": "/home/dtvt_13/duyDUT/logs_dtvt_13/logs0/Service29.log", "logFileSize": "543560"}
\o [2026-04-16 00:51:03.637 +0700] [INFO] [cadence.virtuoso.ade.services.netlister] - Started netlisting {"point": 343, "testname": "gmIdwl_gmid2_1"}
\o Resetting statistical vars
\o 
\o *Info*    Setting parameter values ...
\o 
\o Setting var length = "17.2u"
\o 
\o *Info*    Netlist Directory =
\o           /home/dtvt_13/simulation/gmIdwl/gmid2/maestro/results/maestro/ExplorerRun.0/343/gmIdwl_gmid2_1/netlist
\o 
\o 
\o *Info*    Data Directory    =
\o           /home/dtvt_13/simulation/gmIdwl/gmid2/maestro/results/maestro/ExplorerRun.0/343/gmIdwl_gmid2_1
\o 
\o Reusing AHDL Data dir
\o generate netlist...
\o Ignoring netlist creation since ignoreDesignChangesDuringRun is set to true
\o       ...successful.
\o compose simulator input file...
\o       ...successful.
\o [2026-04-16 00:51:03.925 +0700] [PROCESS] [cadence.virtuoso.ade.services.netlister] - Current memory used: 522.0312 MBytes, peak memory used: 522.0352 MBytes {"hostname": "dtvt_13", "processid": 30914, "testname": "gmIdwl_gmid2_1", "point": 343, "logfile": "/home/dtvt_13/duyDUT/logs_dtvt_13/logs0/Service29.log"}
\o [2026-04-16 00:51:03.926 +0700] [INFO] [cadence.virtuoso.ade.services.netlister] - Finished netlisting {"point": 343, "testname": "gmIdwl_gmid2_1"}
\o [2026-04-16 00:51:03.928 +0700] [EVENT] [cadence.virtuoso.ade.services.netlister] - NewPoint {"point": 344, "testname": "gmIdwl_gmid2_1", "event": "NewPoint", "EventSource": "Netlist Service", "HistoryName": "ExplorerRun.0", "logFile": "/home/dtvt_13/duyDUT/logs_dtvt_13/logs0/Service29.log", "logFileSize": "545127"}
\o [2026-04-16 00:51:03.929 +0700] [INFO] [cadence.virtuoso.ade.services.netlister] - Started netlisting {"point": 344, "testname": "gmIdwl_gmid2_1"}
\o Resetting statistical vars
\o 
\o *Info*    Setting parameter values ...
\o 
\o Setting var length = "17.25u"
\o 
\o *Info*    Netlist Directory =
\o           /home/dtvt_13/simulation/gmIdwl/gmid2/maestro/results/maestro/ExplorerRun.0/344/gmIdwl_gmid2_1/netlist
\o 
\o 
\o *Info*    Data Directory    =
\o           /home/dtvt_13/simulation/gmIdwl/gmid2/maestro/results/maestro/ExplorerRun.0/344/gmIdwl_gmid2_1
\o 
\o Reusing AHDL Data dir
\o generate netlist...
\o Ignoring netlist creation since ignoreDesignChangesDuringRun is set to true
\o       ...successful.
\o compose simulator input file...
\o       ...successful.
\o [2026-04-16 00:51:04.457 +0700] [PROCESS] [cadence.virtuoso.ade.services.netlister] - Current memory used: 522.0312 MBytes, peak memory used: 522.0352 MBytes {"hostname": "dtvt_13", "processid": 30914, "testname": "gmIdwl_gmid2_1", "point": 344, "logfile": "/home/dtvt_13/duyDUT/logs_dtvt_13/logs0/Service29.log"}
\o [2026-04-16 00:51:04.458 +0700] [INFO] [cadence.virtuoso.ade.services.netlister] - Finished netlisting {"point": 344, "testname": "gmIdwl_gmid2_1"}
\o [2026-04-16 00:51:04.460 +0700] [EVENT] [cadence.virtuoso.ade.services.netlister] - NewPoint {"point": 345, "testname": "gmIdwl_gmid2_1", "event": "NewPoint", "EventSource": "Netlist Service", "HistoryName": "ExplorerRun.0", "logFile": "/home/dtvt_13/duyDUT/logs_dtvt_13/logs0/Service29.log", "logFileSize": "546695"}
\o [2026-04-16 00:51:04.460 +0700] [INFO] [cadence.virtuoso.ade.services.netlister] - Started netlisting {"point": 345, "testname": "gmIdwl_gmid2_1"}
\o Resetting statistical vars
\o 
\o *Info*    Setting parameter values ...
\o 
\o Setting var length = "17.3u"
\o 
\o *Info*    Netlist Directory =
\o           /home/dtvt_13/simulation/gmIdwl/gmid2/maestro/results/maestro/ExplorerRun.0/345/gmIdwl_gmid2_1/netlist
\o 
\o 
\o *Info*    Data Directory    =
\o           /home/dtvt_13/simulation/gmIdwl/gmid2/maestro/results/maestro/ExplorerRun.0/345/gmIdwl_gmid2_1
\o 
\o Reusing AHDL Data dir
\o generate netlist...
\o Ignoring netlist creation since ignoreDesignChangesDuringRun is set to true
\o       ...successful.
\o compose simulator input file...
\o       ...successful.
\o [2026-04-16 00:51:04.850 +0700] [PROCESS] [cadence.virtuoso.ade.services.netlister] - Current memory used: 522.0312 MBytes, peak memory used: 522.0352 MBytes {"hostname": "dtvt_13", "processid": 30914, "testname": "gmIdwl_gmid2_1", "point": 345, "logfile": "/home/dtvt_13/duyDUT/logs_dtvt_13/logs0/Service29.log"}
\o [2026-04-16 00:51:04.851 +0700] [INFO] [cadence.virtuoso.ade.services.netlister] - Finished netlisting {"point": 345, "testname": "gmIdwl_gmid2_1"}
\o [2026-04-16 00:51:04.853 +0700] [EVENT] [cadence.virtuoso.ade.services.netlister] - NewPoint {"point": 346, "testname": "gmIdwl_gmid2_1", "event": "NewPoint", "EventSource": "Netlist Service", "HistoryName": "ExplorerRun.0", "logFile": "/home/dtvt_13/duyDUT/logs_dtvt_13/logs0/Service29.log", "logFileSize": "548262"}
\o [2026-04-16 00:51:04.853 +0700] [INFO] [cadence.virtuoso.ade.services.netlister] - Started netlisting {"point": 346, "testname": "gmIdwl_gmid2_1"}
\o Resetting statistical vars
\o 
\o *Info*    Setting parameter values ...
\o 
\o Setting var length = "17.35u"
\o 
\o *Info*    Netlist Directory =
\o           /home/dtvt_13/simulation/gmIdwl/gmid2/maestro/results/maestro/ExplorerRun.0/346/gmIdwl_gmid2_1/netlist
\o 
\o 
\o *Info*    Data Directory    =
\o           /home/dtvt_13/simulation/gmIdwl/gmid2/maestro/results/maestro/ExplorerRun.0/346/gmIdwl_gmid2_1
\o 
\o Reusing AHDL Data dir
\o generate netlist...
\o Ignoring netlist creation since ignoreDesignChangesDuringRun is set to true
\o       ...successful.
\o compose simulator input file...
\o       ...successful.
\o [2026-04-16 00:51:05.056 +0700] [PROCESS] [cadence.virtuoso.ade.services.netlister] - Current memory used: 522.0312 MBytes, peak memory used: 522.0352 MBytes {"hostname": "dtvt_13", "processid": 30914, "testname": "gmIdwl_gmid2_1", "point": 346, "logfile": "/home/dtvt_13/duyDUT/logs_dtvt_13/logs0/Service29.log"}
\o [2026-04-16 00:51:05.056 +0700] [INFO] [cadence.virtuoso.ade.services.netlister] - Finished netlisting {"point": 346, "testname": "gmIdwl_gmid2_1"}
\o [2026-04-16 00:51:05.059 +0700] [EVENT] [cadence.virtuoso.ade.services.netlister] - NewPoint {"point": 347, "testname": "gmIdwl_gmid2_1", "event": "NewPoint", "EventSource": "Netlist Service", "HistoryName": "ExplorerRun.0", "logFile": "/home/dtvt_13/duyDUT/logs_dtvt_13/logs0/Service29.log", "logFileSize": "549830"}
\o [2026-04-16 00:51:05.059 +0700] [INFO] [cadence.virtuoso.ade.services.netlister] - Started netlisting {"point": 347, "testname": "gmIdwl_gmid2_1"}
\o Resetting statistical vars
\o 
\o *Info*    Setting parameter values ...
\o 
\o Setting var length = "17.4u"
\o 
\o *Info*    Netlist Directory =
\o           /home/dtvt_13/simulation/gmIdwl/gmid2/maestro/results/maestro/ExplorerRun.0/347/gmIdwl_gmid2_1/netlist
\o 
\o 
\o *Info*    Data Directory    =
\o           /home/dtvt_13/simulation/gmIdwl/gmid2/maestro/results/maestro/ExplorerRun.0/347/gmIdwl_gmid2_1
\o 
\o Reusing AHDL Data dir
\o generate netlist...
\o Ignoring netlist creation since ignoreDesignChangesDuringRun is set to true
\o       ...successful.
\o compose simulator input file...
\o       ...successful.
\o [2026-04-16 00:51:05.559 +0700] [PROCESS] [cadence.virtuoso.ade.services.netlister] - Current memory used: 522.0312 MBytes, peak memory used: 522.0352 MBytes {"hostname": "dtvt_13", "processid": 30914, "testname": "gmIdwl_gmid2_1", "point": 347, "logfile": "/home/dtvt_13/duyDUT/logs_dtvt_13/logs0/Service29.log"}
\o [2026-04-16 00:51:05.560 +0700] [INFO] [cadence.virtuoso.ade.services.netlister] - Finished netlisting {"point": 347, "testname": "gmIdwl_gmid2_1"}
\o [2026-04-16 00:51:05.562 +0700] [EVENT] [cadence.virtuoso.ade.services.netlister] - NewPoint {"point": 348, "testname": "gmIdwl_gmid2_1", "event": "NewPoint", "EventSource": "Netlist Service", "HistoryName": "ExplorerRun.0", "logFile": "/home/dtvt_13/duyDUT/logs_dtvt_13/logs0/Service29.log", "logFileSize": "551397"}
\o [2026-04-16 00:51:05.562 +0700] [INFO] [cadence.virtuoso.ade.services.netlister] - Started netlisting {"point": 348, "testname": "gmIdwl_gmid2_1"}
\o Resetting statistical vars
\o 
\o *Info*    Setting parameter values ...
\o 
\o Setting var length = "17.45u"
\o 
\o *Info*    Netlist Directory =
\o           /home/dtvt_13/simulation/gmIdwl/gmid2/maestro/results/maestro/ExplorerRun.0/348/gmIdwl_gmid2_1/netlist
\o 
\o 
\o *Info*    Data Directory    =
\o           /home/dtvt_13/simulation/gmIdwl/gmid2/maestro/results/maestro/ExplorerRun.0/348/gmIdwl_gmid2_1
\o 
\o Reusing AHDL Data dir
\o generate netlist...
\o Ignoring netlist creation since ignoreDesignChangesDuringRun is set to true
\o       ...successful.
\o compose simulator input file...
\o       ...successful.
\o [2026-04-16 00:51:05.919 +0700] [PROCESS] [cadence.virtuoso.ade.services.netlister] - Current memory used: 522.0312 MBytes, peak memory used: 522.0352 MBytes {"hostname": "dtvt_13", "processid": 30914, "testname": "gmIdwl_gmid2_1", "point": 348, "logfile": "/home/dtvt_13/duyDUT/logs_dtvt_13/logs0/Service29.log"}
\o [2026-04-16 00:51:05.920 +0700] [INFO] [cadence.virtuoso.ade.services.netlister] - Finished netlisting {"point": 348, "testname": "gmIdwl_gmid2_1"}
\o [2026-04-16 00:51:05.923 +0700] [EVENT] [cadence.virtuoso.ade.services.netlister] - NewPoint {"point": 349, "testname": "gmIdwl_gmid2_1", "event": "NewPoint", "EventSource": "Netlist Service", "HistoryName": "ExplorerRun.0", "logFile": "/home/dtvt_13/duyDUT/logs_dtvt_13/logs0/Service29.log", "logFileSize": "552965"}
\o [2026-04-16 00:51:05.923 +0700] [INFO] [cadence.virtuoso.ade.services.netlister] - Started netlisting {"point": 349, "testname": "gmIdwl_gmid2_1"}
\o Resetting statistical vars
\o 
\o *Info*    Setting parameter values ...
\o 
\o Setting var length = "17.5u"
\o 
\o *Info*    Netlist Directory =
\o           /home/dtvt_13/simulation/gmIdwl/gmid2/maestro/results/maestro/ExplorerRun.0/349/gmIdwl_gmid2_1/netlist
\o 
\o 
\o *Info*    Data Directory    =
\o           /home/dtvt_13/simulation/gmIdwl/gmid2/maestro/results/maestro/ExplorerRun.0/349/gmIdwl_gmid2_1
\o 
\o Reusing AHDL Data dir
\o generate netlist...
\o Ignoring netlist creation since ignoreDesignChangesDuringRun is set to true
\o       ...successful.
\o compose simulator input file...
\o       ...successful.
\o [2026-04-16 00:51:06.394 +0700] [PROCESS] [cadence.virtuoso.ade.services.netlister] - Current memory used: 522.0312 MBytes, peak memory used: 522.0352 MBytes {"hostname": "dtvt_13", "processid": 30914, "testname": "gmIdwl_gmid2_1", "point": 349, "logfile": "/home/dtvt_13/duyDUT/logs_dtvt_13/logs0/Service29.log"}
\o [2026-04-16 00:51:06.395 +0700] [INFO] [cadence.virtuoso.ade.services.netlister] - Finished netlisting {"point": 349, "testname": "gmIdwl_gmid2_1"}
\o [2026-04-16 00:51:06.398 +0700] [EVENT] [cadence.virtuoso.ade.services.netlister] - NewPoint {"point": 350, "testname": "gmIdwl_gmid2_1", "event": "NewPoint", "EventSource": "Netlist Service", "HistoryName": "ExplorerRun.0", "logFile": "/home/dtvt_13/duyDUT/logs_dtvt_13/logs0/Service29.log", "logFileSize": "554532"}
\o [2026-04-16 00:51:06.398 +0700] [INFO] [cadence.virtuoso.ade.services.netlister] - Started netlisting {"point": 350, "testname": "gmIdwl_gmid2_1"}
\o Resetting statistical vars
\o 
\o *Info*    Setting parameter values ...
\o 
\o Setting var length = "17.55u"
\o 
\o *Info*    Netlist Directory =
\o           /home/dtvt_13/simulation/gmIdwl/gmid2/maestro/results/maestro/ExplorerRun.0/350/gmIdwl_gmid2_1/netlist
\o 
\o 
\o *Info*    Data Directory    =
\o           /home/dtvt_13/simulation/gmIdwl/gmid2/maestro/results/maestro/ExplorerRun.0/350/gmIdwl_gmid2_1
\o 
\o Reusing AHDL Data dir
\o generate netlist...
\o Ignoring netlist creation since ignoreDesignChangesDuringRun is set to true
\o       ...successful.
\o compose simulator input file...
\o       ...successful.
\o [2026-04-16 00:51:06.772 +0700] [PROCESS] [cadence.virtuoso.ade.services.netlister] - Current memory used: 522.1328 MBytes, peak memory used: 522.1367 MBytes {"hostname": "dtvt_13", "processid": 30914, "testname": "gmIdwl_gmid2_1", "point": 350, "logfile": "/home/dtvt_13/duyDUT/logs_dtvt_13/logs0/Service29.log"}
\o [2026-04-16 00:51:06.773 +0700] [INFO] [cadence.virtuoso.ade.services.netlister] - Finished netlisting {"point": 350, "testname": "gmIdwl_gmid2_1"}
\o [2026-04-16 00:51:06.775 +0700] [EVENT] [cadence.virtuoso.ade.services.netlister] - NewPoint {"point": 351, "testname": "gmIdwl_gmid2_1", "event": "NewPoint", "EventSource": "Netlist Service", "HistoryName": "ExplorerRun.0", "logFile": "/home/dtvt_13/duyDUT/logs_dtvt_13/logs0/Service29.log", "logFileSize": "556100"}
\o [2026-04-16 00:51:06.776 +0700] [INFO] [cadence.virtuoso.ade.services.netlister] - Started netlisting {"point": 351, "testname": "gmIdwl_gmid2_1"}
\o Resetting statistical vars
\o 
\o *Info*    Setting parameter values ...
\o 
\o Setting var length = "17.6u"
\o 
\o *Info*    Netlist Directory =
\o           /home/dtvt_13/simulation/gmIdwl/gmid2/maestro/results/maestro/ExplorerRun.0/351/gmIdwl_gmid2_1/netlist
\o 
\o 
\o *Info*    Data Directory    =
\o           /home/dtvt_13/simulation/gmIdwl/gmid2/maestro/results/maestro/ExplorerRun.0/351/gmIdwl_gmid2_1
\o 
\o Reusing AHDL Data dir
\o generate netlist...
\o Ignoring netlist creation since ignoreDesignChangesDuringRun is set to true
\o       ...successful.
\o compose simulator input file...
\o       ...successful.
\o [2026-04-16 00:51:07.179 +0700] [PROCESS] [cadence.virtuoso.ade.services.netlister] - Current memory used: 522.2539 MBytes, peak memory used: 522.2578 MBytes {"hostname": "dtvt_13", "processid": 30914, "testname": "gmIdwl_gmid2_1", "point": 351, "logfile": "/home/dtvt_13/duyDUT/logs_dtvt_13/logs0/Service29.log"}
\o [2026-04-16 00:51:07.179 +0700] [INFO] [cadence.virtuoso.ade.services.netlister] - Finished netlisting {"point": 351, "testname": "gmIdwl_gmid2_1"}
\o [2026-04-16 00:51:07.180 +0700] [EVENT] [cadence.virtuoso.ade.services.netlister] - NewPoint {"point": 352, "testname": "gmIdwl_gmid2_1", "event": "NewPoint", "EventSource": "Netlist Service", "HistoryName": "ExplorerRun.0", "logFile": "/home/dtvt_13/duyDUT/logs_dtvt_13/logs0/Service29.log", "logFileSize": "557667"}
\o [2026-04-16 00:51:07.181 +0700] [INFO] [cadence.virtuoso.ade.services.netlister] - Started netlisting {"point": 352, "testname": "gmIdwl_gmid2_1"}
\o Resetting statistical vars
\o 
\o *Info*    Setting parameter values ...
\o 
\o Setting var length = "17.65u"
\o 
\o *Info*    Netlist Directory =
\o           /home/dtvt_13/simulation/gmIdwl/gmid2/maestro/results/maestro/ExplorerRun.0/352/gmIdwl_gmid2_1/netlist
\o 
\o 
\o *Info*    Data Directory    =
\o           /home/dtvt_13/simulation/gmIdwl/gmid2/maestro/results/maestro/ExplorerRun.0/352/gmIdwl_gmid2_1
\o 
\o Reusing AHDL Data dir
\o generate netlist...
\o Ignoring netlist creation since ignoreDesignChangesDuringRun is set to true
\o       ...successful.
\o compose simulator input file...
\o       ...successful.
\o [2026-04-16 00:51:07.579 +0700] [PROCESS] [cadence.virtuoso.ade.services.netlister] - Current memory used: 522.2539 MBytes, peak memory used: 522.2578 MBytes {"hostname": "dtvt_13", "processid": 30914, "testname": "gmIdwl_gmid2_1", "point": 352, "logfile": "/home/dtvt_13/duyDUT/logs_dtvt_13/logs0/Service29.log"}
\o [2026-04-16 00:51:07.580 +0700] [INFO] [cadence.virtuoso.ade.services.netlister] - Finished netlisting {"point": 352, "testname": "gmIdwl_gmid2_1"}
\o [2026-04-16 00:51:07.581 +0700] [EVENT] [cadence.virtuoso.ade.services.netlister] - NewPoint {"point": 353, "testname": "gmIdwl_gmid2_1", "event": "NewPoint", "EventSource": "Netlist Service", "HistoryName": "ExplorerRun.0", "logFile": "/home/dtvt_13/duyDUT/logs_dtvt_13/logs0/Service29.log", "logFileSize": "559235"}
\o [2026-04-16 00:51:07.582 +0700] [INFO] [cadence.virtuoso.ade.services.netlister] - Started netlisting {"point": 353, "testname": "gmIdwl_gmid2_1"}
\o Resetting statistical vars
\o 
\o *Info*    Setting parameter values ...
\o 
\o Setting var length = "17.7u"
\o 
\o *Info*    Netlist Directory =
\o           /home/dtvt_13/simulation/gmIdwl/gmid2/maestro/results/maestro/ExplorerRun.0/353/gmIdwl_gmid2_1/netlist
\o 
\o 
\o *Info*    Data Directory    =
\o           /home/dtvt_13/simulation/gmIdwl/gmid2/maestro/results/maestro/ExplorerRun.0/353/gmIdwl_gmid2_1
\o 
\o Reusing AHDL Data dir
\o generate netlist...
\o Ignoring netlist creation since ignoreDesignChangesDuringRun is set to true
\o       ...successful.
\o compose simulator input file...
\o       ...successful.
\o [2026-04-16 00:51:07.962 +0700] [PROCESS] [cadence.virtuoso.ade.services.netlister] - Current memory used: 522.2539 MBytes, peak memory used: 522.2578 MBytes {"hostname": "dtvt_13", "processid": 30914, "testname": "gmIdwl_gmid2_1", "point": 353, "logfile": "/home/dtvt_13/duyDUT/logs_dtvt_13/logs0/Service29.log"}
\o [2026-04-16 00:51:07.963 +0700] [INFO] [cadence.virtuoso.ade.services.netlister] - Finished netlisting {"point": 353, "testname": "gmIdwl_gmid2_1"}
\o [2026-04-16 00:51:07.965 +0700] [EVENT] [cadence.virtuoso.ade.services.netlister] - NewPoint {"point": 354, "testname": "gmIdwl_gmid2_1", "event": "NewPoint", "EventSource": "Netlist Service", "HistoryName": "ExplorerRun.0", "logFile": "/home/dtvt_13/duyDUT/logs_dtvt_13/logs0/Service29.log", "logFileSize": "560802"}
\o [2026-04-16 00:51:07.965 +0700] [INFO] [cadence.virtuoso.ade.services.netlister] - Started netlisting {"point": 354, "testname": "gmIdwl_gmid2_1"}
\o Resetting statistical vars
\o 
\o *Info*    Setting parameter values ...
\o 
\o Setting var length = "17.75u"
\o 
\o *Info*    Netlist Directory =
\o           /home/dtvt_13/simulation/gmIdwl/gmid2/maestro/results/maestro/ExplorerRun.0/354/gmIdwl_gmid2_1/netlist
\o 
\o 
\o *Info*    Data Directory    =
\o           /home/dtvt_13/simulation/gmIdwl/gmid2/maestro/results/maestro/ExplorerRun.0/354/gmIdwl_gmid2_1
\o 
\o Reusing AHDL Data dir
\o generate netlist...
\o Ignoring netlist creation since ignoreDesignChangesDuringRun is set to true
\o       ...successful.
\o compose simulator input file...
\o       ...successful.
\o [2026-04-16 00:51:08.346 +0700] [PROCESS] [cadence.virtuoso.ade.services.netlister] - Current memory used: 522.2539 MBytes, peak memory used: 522.2578 MBytes {"hostname": "dtvt_13", "processid": 30914, "testname": "gmIdwl_gmid2_1", "point": 354, "logfile": "/home/dtvt_13/duyDUT/logs_dtvt_13/logs0/Service29.log"}
\o [2026-04-16 00:51:08.347 +0700] [INFO] [cadence.virtuoso.ade.services.netlister] - Finished netlisting {"point": 354, "testname": "gmIdwl_gmid2_1"}
\o [2026-04-16 00:51:08.349 +0700] [EVENT] [cadence.virtuoso.ade.services.netlister] - NewPoint {"point": 355, "testname": "gmIdwl_gmid2_1", "event": "NewPoint", "EventSource": "Netlist Service", "HistoryName": "ExplorerRun.0", "logFile": "/home/dtvt_13/duyDUT/logs_dtvt_13/logs0/Service29.log", "logFileSize": "562370"}
\o [2026-04-16 00:51:08.349 +0700] [INFO] [cadence.virtuoso.ade.services.netlister] - Started netlisting {"point": 355, "testname": "gmIdwl_gmid2_1"}
\o Resetting statistical vars
\o 
\o *Info*    Setting parameter values ...
\o 
\o Setting var length = "17.8u"
\o 
\o *Info*    Netlist Directory =
\o           /home/dtvt_13/simulation/gmIdwl/gmid2/maestro/results/maestro/ExplorerRun.0/355/gmIdwl_gmid2_1/netlist
\o 
\o 
\o *Info*    Data Directory    =
\o           /home/dtvt_13/simulation/gmIdwl/gmid2/maestro/results/maestro/ExplorerRun.0/355/gmIdwl_gmid2_1
\o 
\o Reusing AHDL Data dir
\o generate netlist...
\o Ignoring netlist creation since ignoreDesignChangesDuringRun is set to true
\o       ...successful.
\o compose simulator input file...
\o       ...successful.
\o [2026-04-16 00:51:08.754 +0700] [PROCESS] [cadence.virtuoso.ade.services.netlister] - Current memory used: 522.2539 MBytes, peak memory used: 522.2578 MBytes {"hostname": "dtvt_13", "processid": 30914, "testname": "gmIdwl_gmid2_1", "point": 355, "logfile": "/home/dtvt_13/duyDUT/logs_dtvt_13/logs0/Service29.log"}
\o [2026-04-16 00:51:08.754 +0700] [INFO] [cadence.virtuoso.ade.services.netlister] - Finished netlisting {"point": 355, "testname": "gmIdwl_gmid2_1"}
\o [2026-04-16 00:51:08.755 +0700] [EVENT] [cadence.virtuoso.ade.services.netlister] - NewPoint {"point": 356, "testname": "gmIdwl_gmid2_1", "event": "NewPoint", "EventSource": "Netlist Service", "HistoryName": "ExplorerRun.0", "logFile": "/home/dtvt_13/duyDUT/logs_dtvt_13/logs0/Service29.log", "logFileSize": "563937"}
\o [2026-04-16 00:51:08.755 +0700] [INFO] [cadence.virtuoso.ade.services.netlister] - Started netlisting {"point": 356, "testname": "gmIdwl_gmid2_1"}
\o Resetting statistical vars
\o 
\o *Info*    Setting parameter values ...
\o 
\o Setting var length = "17.85u"
\o 
\o *Info*    Netlist Directory =
\o           /home/dtvt_13/simulation/gmIdwl/gmid2/maestro/results/maestro/ExplorerRun.0/356/gmIdwl_gmid2_1/netlist
\o 
\o 
\o *Info*    Data Directory    =
\o           /home/dtvt_13/simulation/gmIdwl/gmid2/maestro/results/maestro/ExplorerRun.0/356/gmIdwl_gmid2_1
\o 
\o Reusing AHDL Data dir
\o generate netlist...
\o Ignoring netlist creation since ignoreDesignChangesDuringRun is set to true
\o       ...successful.
\o compose simulator input file...
\o       ...successful.
\o [2026-04-16 00:51:09.033 +0700] [PROCESS] [cadence.virtuoso.ade.services.netlister] - Current memory used: 522.2539 MBytes, peak memory used: 522.2578 MBytes {"hostname": "dtvt_13", "processid": 30914, "testname": "gmIdwl_gmid2_1", "point": 356, "logfile": "/home/dtvt_13/duyDUT/logs_dtvt_13/logs0/Service29.log"}
\o [2026-04-16 00:51:09.034 +0700] [INFO] [cadence.virtuoso.ade.services.netlister] - Finished netlisting {"point": 356, "testname": "gmIdwl_gmid2_1"}
\o [2026-04-16 00:51:09.036 +0700] [EVENT] [cadence.virtuoso.ade.services.netlister] - NewPoint {"point": 357, "testname": "gmIdwl_gmid2_1", "event": "NewPoint", "EventSource": "Netlist Service", "HistoryName": "ExplorerRun.0", "logFile": "/home/dtvt_13/duyDUT/logs_dtvt_13/logs0/Service29.log", "logFileSize": "565505"}
\o [2026-04-16 00:51:09.036 +0700] [INFO] [cadence.virtuoso.ade.services.netlister] - Started netlisting {"point": 357, "testname": "gmIdwl_gmid2_1"}
\o Resetting statistical vars
\o 
\o *Info*    Setting parameter values ...
\o 
\o Setting var length = "17.9u"
\o 
\o *Info*    Netlist Directory =
\o           /home/dtvt_13/simulation/gmIdwl/gmid2/maestro/results/maestro/ExplorerRun.0/357/gmIdwl_gmid2_1/netlist
\o 
\o 
\o *Info*    Data Directory    =
\o           /home/dtvt_13/simulation/gmIdwl/gmid2/maestro/results/maestro/ExplorerRun.0/357/gmIdwl_gmid2_1
\o 
\o Reusing AHDL Data dir
\o generate netlist...
\o Ignoring netlist creation since ignoreDesignChangesDuringRun is set to true
\o       ...successful.
\o compose simulator input file...
\o       ...successful.
\o [2026-04-16 00:51:09.446 +0700] [PROCESS] [cadence.virtuoso.ade.services.netlister] - Current memory used: 522.2539 MBytes, peak memory used: 522.2578 MBytes {"hostname": "dtvt_13", "processid": 30914, "testname": "gmIdwl_gmid2_1", "point": 357, "logfile": "/home/dtvt_13/duyDUT/logs_dtvt_13/logs0/Service29.log"}
\o [2026-04-16 00:51:09.447 +0700] [INFO] [cadence.virtuoso.ade.services.netlister] - Finished netlisting {"point": 357, "testname": "gmIdwl_gmid2_1"}
\o [2026-04-16 00:51:09.450 +0700] [EVENT] [cadence.virtuoso.ade.services.netlister] - NewPoint {"point": 358, "testname": "gmIdwl_gmid2_1", "event": "NewPoint", "EventSource": "Netlist Service", "HistoryName": "ExplorerRun.0", "logFile": "/home/dtvt_13/duyDUT/logs_dtvt_13/logs0/Service29.log", "logFileSize": "567072"}
\o [2026-04-16 00:51:09.450 +0700] [INFO] [cadence.virtuoso.ade.services.netlister] - Started netlisting {"point": 358, "testname": "gmIdwl_gmid2_1"}
\o Resetting statistical vars
\o 
\o *Info*    Setting parameter values ...
\o 
\o Setting var length = "17.95u"
\o 
\o *Info*    Netlist Directory =
\o           /home/dtvt_13/simulation/gmIdwl/gmid2/maestro/results/maestro/ExplorerRun.0/358/gmIdwl_gmid2_1/netlist
\o 
\o 
\o *Info*    Data Directory    =
\o           /home/dtvt_13/simulation/gmIdwl/gmid2/maestro/results/maestro/ExplorerRun.0/358/gmIdwl_gmid2_1
\o 
\o Reusing AHDL Data dir
\o generate netlist...
\o Ignoring netlist creation since ignoreDesignChangesDuringRun is set to true
\o       ...successful.
\o compose simulator input file...
\o       ...successful.
\o [2026-04-16 00:51:09.894 +0700] [PROCESS] [cadence.virtuoso.ade.services.netlister] - Current memory used: 522.2539 MBytes, peak memory used: 522.2578 MBytes {"hostname": "dtvt_13", "processid": 30914, "testname": "gmIdwl_gmid2_1", "point": 358, "logfile": "/home/dtvt_13/duyDUT/logs_dtvt_13/logs0/Service29.log"}
\o [2026-04-16 00:51:09.895 +0700] [INFO] [cadence.virtuoso.ade.services.netlister] - Finished netlisting {"point": 358, "testname": "gmIdwl_gmid2_1"}
\o [2026-04-16 00:51:09.897 +0700] [EVENT] [cadence.virtuoso.ade.services.netlister] - NewPoint {"point": 359, "testname": "gmIdwl_gmid2_1", "event": "NewPoint", "EventSource": "Netlist Service", "HistoryName": "ExplorerRun.0", "logFile": "/home/dtvt_13/duyDUT/logs_dtvt_13/logs0/Service29.log", "logFileSize": "568640"}
\o [2026-04-16 00:51:09.898 +0700] [INFO] [cadence.virtuoso.ade.services.netlister] - Started netlisting {"point": 359, "testname": "gmIdwl_gmid2_1"}
\o Resetting statistical vars
\o 
\o *Info*    Setting parameter values ...
\o 
\o Setting var length = "18u"
\o 
\o *Info*    Netlist Directory =
\o           /home/dtvt_13/simulation/gmIdwl/gmid2/maestro/results/maestro/ExplorerRun.0/359/gmIdwl_gmid2_1/netlist
\o 
\o 
\o *Info*    Data Directory    =
\o           /home/dtvt_13/simulation/gmIdwl/gmid2/maestro/results/maestro/ExplorerRun.0/359/gmIdwl_gmid2_1
\o 
\o Reusing AHDL Data dir
\o generate netlist...
\o Ignoring netlist creation since ignoreDesignChangesDuringRun is set to true
\o       ...successful.
\o compose simulator input file...
\o       ...successful.
\o [2026-04-16 00:51:10.269 +0700] [PROCESS] [cadence.virtuoso.ade.services.netlister] - Current memory used: 522.2539 MBytes, peak memory used: 522.2578 MBytes {"hostname": "dtvt_13", "processid": 30914, "testname": "gmIdwl_gmid2_1", "point": 359, "logfile": "/home/dtvt_13/duyDUT/logs_dtvt_13/logs0/Service29.log"}
\o [2026-04-16 00:51:10.270 +0700] [INFO] [cadence.virtuoso.ade.services.netlister] - Finished netlisting {"point": 359, "testname": "gmIdwl_gmid2_1"}
\o [2026-04-16 00:51:10.271 +0700] [EVENT] [cadence.virtuoso.ade.services.netlister] - NewPoint {"point": 360, "testname": "gmIdwl_gmid2_1", "event": "NewPoint", "EventSource": "Netlist Service", "HistoryName": "ExplorerRun.0", "logFile": "/home/dtvt_13/duyDUT/logs_dtvt_13/logs0/Service29.log", "logFileSize": "570205"}
\o [2026-04-16 00:51:10.272 +0700] [INFO] [cadence.virtuoso.ade.services.netlister] - Started netlisting {"point": 360, "testname": "gmIdwl_gmid2_1"}
\o Resetting statistical vars
\o 
\o *Info*    Setting parameter values ...
\o 
\o Setting var length = "18.05u"
\o 
\o *Info*    Netlist Directory =
\o           /home/dtvt_13/simulation/gmIdwl/gmid2/maestro/results/maestro/ExplorerRun.0/360/gmIdwl_gmid2_1/netlist
\o 
\o 
\o *Info*    Data Directory    =
\o           /home/dtvt_13/simulation/gmIdwl/gmid2/maestro/results/maestro/ExplorerRun.0/360/gmIdwl_gmid2_1
\o 
\o Reusing AHDL Data dir
\o generate netlist...
\o Ignoring netlist creation since ignoreDesignChangesDuringRun is set to true
\o       ...successful.
\o compose simulator input file...
\o       ...successful.
\o [2026-04-16 00:51:10.699 +0700] [PROCESS] [cadence.virtuoso.ade.services.netlister] - Current memory used: 522.2539 MBytes, peak memory used: 522.2578 MBytes {"hostname": "dtvt_13", "processid": 30914, "testname": "gmIdwl_gmid2_1", "point": 360, "logfile": "/home/dtvt_13/duyDUT/logs_dtvt_13/logs0/Service29.log"}
\o [2026-04-16 00:51:10.700 +0700] [INFO] [cadence.virtuoso.ade.services.netlister] - Finished netlisting {"point": 360, "testname": "gmIdwl_gmid2_1"}
\o [2026-04-16 00:51:10.702 +0700] [EVENT] [cadence.virtuoso.ade.services.netlister] - NewPoint {"point": 361, "testname": "gmIdwl_gmid2_1", "event": "NewPoint", "EventSource": "Netlist Service", "HistoryName": "ExplorerRun.0", "logFile": "/home/dtvt_13/duyDUT/logs_dtvt_13/logs0/Service29.log", "logFileSize": "571773"}
\o [2026-04-16 00:51:10.703 +0700] [INFO] [cadence.virtuoso.ade.services.netlister] - Started netlisting {"point": 361, "testname": "gmIdwl_gmid2_1"}
\o Resetting statistical vars
\o 
\o *Info*    Setting parameter values ...
\o 
\o Setting var length = "18.1u"
\o 
\o *Info*    Netlist Directory =
\o           /home/dtvt_13/simulation/gmIdwl/gmid2/maestro/results/maestro/ExplorerRun.0/361/gmIdwl_gmid2_1/netlist
\o 
\o 
\o *Info*    Data Directory    =
\o           /home/dtvt_13/simulation/gmIdwl/gmid2/maestro/results/maestro/ExplorerRun.0/361/gmIdwl_gmid2_1
\o 
\o Reusing AHDL Data dir
\o generate netlist...
\o Ignoring netlist creation since ignoreDesignChangesDuringRun is set to true
\o       ...successful.
\o compose simulator input file...
\o       ...successful.
\o [2026-04-16 00:51:11.158 +0700] [PROCESS] [cadence.virtuoso.ade.services.netlister] - Current memory used: 522.2539 MBytes, peak memory used: 522.2578 MBytes {"hostname": "dtvt_13", "processid": 30914, "testname": "gmIdwl_gmid2_1", "point": 361, "logfile": "/home/dtvt_13/duyDUT/logs_dtvt_13/logs0/Service29.log"}
\o [2026-04-16 00:51:11.159 +0700] [INFO] [cadence.virtuoso.ade.services.netlister] - Finished netlisting {"point": 361, "testname": "gmIdwl_gmid2_1"}
\o [2026-04-16 00:51:11.162 +0700] [EVENT] [cadence.virtuoso.ade.services.netlister] - NewPoint {"point": 362, "testname": "gmIdwl_gmid2_1", "event": "NewPoint", "EventSource": "Netlist Service", "HistoryName": "ExplorerRun.0", "logFile": "/home/dtvt_13/duyDUT/logs_dtvt_13/logs0/Service29.log", "logFileSize": "573340"}
\o [2026-04-16 00:51:11.162 +0700] [INFO] [cadence.virtuoso.ade.services.netlister] - Started netlisting {"point": 362, "testname": "gmIdwl_gmid2_1"}
\o Resetting statistical vars
\o 
\o *Info*    Setting parameter values ...
\o 
\o Setting var length = "18.15u"
\o 
\o *Info*    Netlist Directory =
\o           /home/dtvt_13/simulation/gmIdwl/gmid2/maestro/results/maestro/ExplorerRun.0/362/gmIdwl_gmid2_1/netlist
\o 
\o 
\o *Info*    Data Directory    =
\o           /home/dtvt_13/simulation/gmIdwl/gmid2/maestro/results/maestro/ExplorerRun.0/362/gmIdwl_gmid2_1
\o 
\o Reusing AHDL Data dir
\o generate netlist...
\o Ignoring netlist creation since ignoreDesignChangesDuringRun is set to true
\o       ...successful.
\o compose simulator input file...
\o       ...successful.
\o [2026-04-16 00:51:11.442 +0700] [PROCESS] [cadence.virtuoso.ade.services.netlister] - Current memory used: 522.2539 MBytes, peak memory used: 522.2578 MBytes {"hostname": "dtvt_13", "processid": 30914, "testname": "gmIdwl_gmid2_1", "point": 362, "logfile": "/home/dtvt_13/duyDUT/logs_dtvt_13/logs0/Service29.log"}
\o [2026-04-16 00:51:11.443 +0700] [INFO] [cadence.virtuoso.ade.services.netlister] - Finished netlisting {"point": 362, "testname": "gmIdwl_gmid2_1"}
\o [2026-04-16 00:51:11.445 +0700] [EVENT] [cadence.virtuoso.ade.services.netlister] - NewPoint {"point": 363, "testname": "gmIdwl_gmid2_1", "event": "NewPoint", "EventSource": "Netlist Service", "HistoryName": "ExplorerRun.0", "logFile": "/home/dtvt_13/duyDUT/logs_dtvt_13/logs0/Service29.log", "logFileSize": "574908"}
\o [2026-04-16 00:51:11.445 +0700] [INFO] [cadence.virtuoso.ade.services.netlister] - Started netlisting {"point": 363, "testname": "gmIdwl_gmid2_1"}
\o Resetting statistical vars
\o 
\o *Info*    Setting parameter values ...
\o 
\o Setting var length = "18.2u"
\o 
\o *Info*    Netlist Directory =
\o           /home/dtvt_13/simulation/gmIdwl/gmid2/maestro/results/maestro/ExplorerRun.0/363/gmIdwl_gmid2_1/netlist
\o 
\o 
\o *Info*    Data Directory    =
\o           /home/dtvt_13/simulation/gmIdwl/gmid2/maestro/results/maestro/ExplorerRun.0/363/gmIdwl_gmid2_1
\o 
\o Reusing AHDL Data dir
\o generate netlist...
\o Ignoring netlist creation since ignoreDesignChangesDuringRun is set to true
\o       ...successful.
\o compose simulator input file...
\o       ...successful.
\o [2026-04-16 00:51:11.883 +0700] [PROCESS] [cadence.virtuoso.ade.services.netlister] - Current memory used: 522.2539 MBytes, peak memory used: 522.2578 MBytes {"hostname": "dtvt_13", "processid": 30914, "testname": "gmIdwl_gmid2_1", "point": 363, "logfile": "/home/dtvt_13/duyDUT/logs_dtvt_13/logs0/Service29.log"}
\o [2026-04-16 00:51:11.884 +0700] [INFO] [cadence.virtuoso.ade.services.netlister] - Finished netlisting {"point": 363, "testname": "gmIdwl_gmid2_1"}
\o [2026-04-16 00:51:11.886 +0700] [EVENT] [cadence.virtuoso.ade.services.netlister] - NewPoint {"point": 364, "testname": "gmIdwl_gmid2_1", "event": "NewPoint", "EventSource": "Netlist Service", "HistoryName": "ExplorerRun.0", "logFile": "/home/dtvt_13/duyDUT/logs_dtvt_13/logs0/Service29.log", "logFileSize": "576475"}
\o [2026-04-16 00:51:11.886 +0700] [INFO] [cadence.virtuoso.ade.services.netlister] - Started netlisting {"point": 364, "testname": "gmIdwl_gmid2_1"}
\o Resetting statistical vars
\o 
\o *Info*    Setting parameter values ...
\o 
\o Setting var length = "18.25u"
\o 
\o *Info*    Netlist Directory =
\o           /home/dtvt_13/simulation/gmIdwl/gmid2/maestro/results/maestro/ExplorerRun.0/364/gmIdwl_gmid2_1/netlist
\o 
\o 
\o *Info*    Data Directory    =
\o           /home/dtvt_13/simulation/gmIdwl/gmid2/maestro/results/maestro/ExplorerRun.0/364/gmIdwl_gmid2_1
\o 
\o Reusing AHDL Data dir
\o generate netlist...
\o Ignoring netlist creation since ignoreDesignChangesDuringRun is set to true
\o       ...successful.
\o compose simulator input file...
\o       ...successful.
\o [2026-04-16 00:51:12.348 +0700] [PROCESS] [cadence.virtuoso.ade.services.netlister] - Current memory used: 522.2539 MBytes, peak memory used: 522.2578 MBytes {"hostname": "dtvt_13", "processid": 30914, "testname": "gmIdwl_gmid2_1", "point": 364, "logfile": "/home/dtvt_13/duyDUT/logs_dtvt_13/logs0/Service29.log"}
\o [2026-04-16 00:51:12.349 +0700] [INFO] [cadence.virtuoso.ade.services.netlister] - Finished netlisting {"point": 364, "testname": "gmIdwl_gmid2_1"}
\o [2026-04-16 00:51:12.352 +0700] [EVENT] [cadence.virtuoso.ade.services.netlister] - NewPoint {"point": 365, "testname": "gmIdwl_gmid2_1", "event": "NewPoint", "EventSource": "Netlist Service", "HistoryName": "ExplorerRun.0", "logFile": "/home/dtvt_13/duyDUT/logs_dtvt_13/logs0/Service29.log", "logFileSize": "578043"}
\o [2026-04-16 00:51:12.352 +0700] [INFO] [cadence.virtuoso.ade.services.netlister] - Started netlisting {"point": 365, "testname": "gmIdwl_gmid2_1"}
\o Resetting statistical vars
\o 
\o *Info*    Setting parameter values ...
\o 
\o Setting var length = "18.3u"
\o 
\o *Info*    Netlist Directory =
\o           /home/dtvt_13/simulation/gmIdwl/gmid2/maestro/results/maestro/ExplorerRun.0/365/gmIdwl_gmid2_1/netlist
\o 
\o 
\o *Info*    Data Directory    =
\o           /home/dtvt_13/simulation/gmIdwl/gmid2/maestro/results/maestro/ExplorerRun.0/365/gmIdwl_gmid2_1
\o 
\o Reusing AHDL Data dir
\o generate netlist...
\o Ignoring netlist creation since ignoreDesignChangesDuringRun is set to true
\o       ...successful.
\o compose simulator input file...
\o       ...successful.
\o [2026-04-16 00:51:12.749 +0700] [PROCESS] [cadence.virtuoso.ade.services.netlister] - Current memory used: 522.2539 MBytes, peak memory used: 522.2578 MBytes {"hostname": "dtvt_13", "processid": 30914, "testname": "gmIdwl_gmid2_1", "point": 365, "logfile": "/home/dtvt_13/duyDUT/logs_dtvt_13/logs0/Service29.log"}
\o [2026-04-16 00:51:12.750 +0700] [INFO] [cadence.virtuoso.ade.services.netlister] - Finished netlisting {"point": 365, "testname": "gmIdwl_gmid2_1"}
\o [2026-04-16 00:51:12.753 +0700] [EVENT] [cadence.virtuoso.ade.services.netlister] - NewPoint {"point": 366, "testname": "gmIdwl_gmid2_1", "event": "NewPoint", "EventSource": "Netlist Service", "HistoryName": "ExplorerRun.0", "logFile": "/home/dtvt_13/duyDUT/logs_dtvt_13/logs0/Service29.log", "logFileSize": "579610"}
\o [2026-04-16 00:51:12.753 +0700] [INFO] [cadence.virtuoso.ade.services.netlister] - Started netlisting {"point": 366, "testname": "gmIdwl_gmid2_1"}
\o Resetting statistical vars
\o 
\o *Info*    Setting parameter values ...
\o 
\o Setting var length = "18.35u"
\o 
\o *Info*    Netlist Directory =
\o           /home/dtvt_13/simulation/gmIdwl/gmid2/maestro/results/maestro/ExplorerRun.0/366/gmIdwl_gmid2_1/netlist
\o 
\o 
\o *Info*    Data Directory    =
\o           /home/dtvt_13/simulation/gmIdwl/gmid2/maestro/results/maestro/ExplorerRun.0/366/gmIdwl_gmid2_1
\o 
\o Reusing AHDL Data dir
\o generate netlist...
\o Ignoring netlist creation since ignoreDesignChangesDuringRun is set to true
\o       ...successful.
\o compose simulator input file...
\o       ...successful.
\o [2026-04-16 00:51:13.190 +0700] [PROCESS] [cadence.virtuoso.ade.services.netlister] - Current memory used: 522.2539 MBytes, peak memory used: 522.2578 MBytes {"hostname": "dtvt_13", "processid": 30914, "testname": "gmIdwl_gmid2_1", "point": 366, "logfile": "/home/dtvt_13/duyDUT/logs_dtvt_13/logs0/Service29.log"}
\o [2026-04-16 00:51:13.192 +0700] [INFO] [cadence.virtuoso.ade.services.netlister] - Finished netlisting {"point": 366, "testname": "gmIdwl_gmid2_1"}
\o [2026-04-16 00:51:13.194 +0700] [EVENT] [cadence.virtuoso.ade.services.netlister] - NewPoint {"point": 367, "testname": "gmIdwl_gmid2_1", "event": "NewPoint", "EventSource": "Netlist Service", "HistoryName": "ExplorerRun.0", "logFile": "/home/dtvt_13/duyDUT/logs_dtvt_13/logs0/Service29.log", "logFileSize": "581178"}
\o [2026-04-16 00:51:13.195 +0700] [INFO] [cadence.virtuoso.ade.services.netlister] - Started netlisting {"point": 367, "testname": "gmIdwl_gmid2_1"}
\o Resetting statistical vars
\o 
\o *Info*    Setting parameter values ...
\o 
\o Setting var length = "18.4u"
\o 
\o *Info*    Netlist Directory =
\o           /home/dtvt_13/simulation/gmIdwl/gmid2/maestro/results/maestro/ExplorerRun.0/367/gmIdwl_gmid2_1/netlist
\o 
\o 
\o *Info*    Data Directory    =
\o           /home/dtvt_13/simulation/gmIdwl/gmid2/maestro/results/maestro/ExplorerRun.0/367/gmIdwl_gmid2_1
\o 
\o Reusing AHDL Data dir
\o generate netlist...
\o Ignoring netlist creation since ignoreDesignChangesDuringRun is set to true
\o       ...successful.
\o compose simulator input file...
\o       ...successful.
\o [2026-04-16 00:51:13.665 +0700] [PROCESS] [cadence.virtuoso.ade.services.netlister] - Current memory used: 522.2539 MBytes, peak memory used: 522.2578 MBytes {"hostname": "dtvt_13", "processid": 30914, "testname": "gmIdwl_gmid2_1", "point": 367, "logfile": "/home/dtvt_13/duyDUT/logs_dtvt_13/logs0/Service29.log"}
\o [2026-04-16 00:51:13.666 +0700] [INFO] [cadence.virtuoso.ade.services.netlister] - Finished netlisting {"point": 367, "testname": "gmIdwl_gmid2_1"}
\o [2026-04-16 00:51:13.668 +0700] [EVENT] [cadence.virtuoso.ade.services.netlister] - NewPoint {"point": 368, "testname": "gmIdwl_gmid2_1", "event": "NewPoint", "EventSource": "Netlist Service", "HistoryName": "ExplorerRun.0", "logFile": "/home/dtvt_13/duyDUT/logs_dtvt_13/logs0/Service29.log", "logFileSize": "582745"}
\o [2026-04-16 00:51:13.669 +0700] [INFO] [cadence.virtuoso.ade.services.netlister] - Started netlisting {"point": 368, "testname": "gmIdwl_gmid2_1"}
\o Resetting statistical vars
\o 
\o *Info*    Setting parameter values ...
\o 
\o Setting var length = "18.45u"
\o 
\o *Info*    Netlist Directory =
\o           /home/dtvt_13/simulation/gmIdwl/gmid2/maestro/results/maestro/ExplorerRun.0/368/gmIdwl_gmid2_1/netlist
\o 
\o 
\o *Info*    Data Directory    =
\o           /home/dtvt_13/simulation/gmIdwl/gmid2/maestro/results/maestro/ExplorerRun.0/368/gmIdwl_gmid2_1
\o 
\o Reusing AHDL Data dir
\o generate netlist...
\o Ignoring netlist creation since ignoreDesignChangesDuringRun is set to true
\o       ...successful.
\o compose simulator input file...
\o       ...successful.
\o [2026-04-16 00:51:14.061 +0700] [PROCESS] [cadence.virtuoso.ade.services.netlister] - Current memory used: 522.4375 MBytes, peak memory used: 522.4414 MBytes {"hostname": "dtvt_13", "processid": 30914, "testname": "gmIdwl_gmid2_1", "point": 368, "logfile": "/home/dtvt_13/duyDUT/logs_dtvt_13/logs0/Service29.log"}
\o [2026-04-16 00:51:14.062 +0700] [INFO] [cadence.virtuoso.ade.services.netlister] - Finished netlisting {"point": 368, "testname": "gmIdwl_gmid2_1"}
\o [2026-04-16 00:51:14.065 +0700] [EVENT] [cadence.virtuoso.ade.services.netlister] - NewPoint {"point": 369, "testname": "gmIdwl_gmid2_1", "event": "NewPoint", "EventSource": "Netlist Service", "HistoryName": "ExplorerRun.0", "logFile": "/home/dtvt_13/duyDUT/logs_dtvt_13/logs0/Service29.log", "logFileSize": "584313"}
\o [2026-04-16 00:51:14.065 +0700] [INFO] [cadence.virtuoso.ade.services.netlister] - Started netlisting {"point": 369, "testname": "gmIdwl_gmid2_1"}
\o Resetting statistical vars
\o 
\o *Info*    Setting parameter values ...
\o 
\o Setting var length = "18.5u"
\o 
\o *Info*    Netlist Directory =
\o           /home/dtvt_13/simulation/gmIdwl/gmid2/maestro/results/maestro/ExplorerRun.0/369/gmIdwl_gmid2_1/netlist
\o 
\o 
\o *Info*    Data Directory    =
\o           /home/dtvt_13/simulation/gmIdwl/gmid2/maestro/results/maestro/ExplorerRun.0/369/gmIdwl_gmid2_1
\o 
\o Reusing AHDL Data dir
\o generate netlist...
\o Ignoring netlist creation since ignoreDesignChangesDuringRun is set to true
\o       ...successful.
\o compose simulator input file...
\o       ...successful.
\o [2026-04-16 00:51:14.503 +0700] [PROCESS] [cadence.virtuoso.ade.services.netlister] - Current memory used: 522.4375 MBytes, peak memory used: 522.4414 MBytes {"hostname": "dtvt_13", "processid": 30914, "testname": "gmIdwl_gmid2_1", "point": 369, "logfile": "/home/dtvt_13/duyDUT/logs_dtvt_13/logs0/Service29.log"}
\o [2026-04-16 00:51:14.504 +0700] [INFO] [cadence.virtuoso.ade.services.netlister] - Finished netlisting {"point": 369, "testname": "gmIdwl_gmid2_1"}
\o [2026-04-16 00:51:14.506 +0700] [EVENT] [cadence.virtuoso.ade.services.netlister] - NewPoint {"point": 370, "testname": "gmIdwl_gmid2_1", "event": "NewPoint", "EventSource": "Netlist Service", "HistoryName": "ExplorerRun.0", "logFile": "/home/dtvt_13/duyDUT/logs_dtvt_13/logs0/Service29.log", "logFileSize": "585880"}
\o [2026-04-16 00:51:14.506 +0700] [INFO] [cadence.virtuoso.ade.services.netlister] - Started netlisting {"point": 370, "testname": "gmIdwl_gmid2_1"}
\o Resetting statistical vars
\o 
\o *Info*    Setting parameter values ...
\o 
\o Setting var length = "18.55u"
\o 
\o *Info*    Netlist Directory =
\o           /home/dtvt_13/simulation/gmIdwl/gmid2/maestro/results/maestro/ExplorerRun.0/370/gmIdwl_gmid2_1/netlist
\o 
\o 
\o *Info*    Data Directory    =
\o           /home/dtvt_13/simulation/gmIdwl/gmid2/maestro/results/maestro/ExplorerRun.0/370/gmIdwl_gmid2_1
\o 
\o Reusing AHDL Data dir
\o generate netlist...
\o Ignoring netlist creation since ignoreDesignChangesDuringRun is set to true
\o       ...successful.
\o compose simulator input file...
\o       ...successful.
\o [2026-04-16 00:51:15.040 +0700] [PROCESS] [cadence.virtuoso.ade.services.netlister] - Current memory used: 522.4375 MBytes, peak memory used: 522.4414 MBytes {"hostname": "dtvt_13", "processid": 30914, "testname": "gmIdwl_gmid2_1", "point": 370, "logfile": "/home/dtvt_13/duyDUT/logs_dtvt_13/logs0/Service29.log"}
\o [2026-04-16 00:51:15.041 +0700] [INFO] [cadence.virtuoso.ade.services.netlister] - Finished netlisting {"point": 370, "testname": "gmIdwl_gmid2_1"}
\o [2026-04-16 00:51:15.044 +0700] [EVENT] [cadence.virtuoso.ade.services.netlister] - NewPoint {"point": 371, "testname": "gmIdwl_gmid2_1", "event": "NewPoint", "EventSource": "Netlist Service", "HistoryName": "ExplorerRun.0", "logFile": "/home/dtvt_13/duyDUT/logs_dtvt_13/logs0/Service29.log", "logFileSize": "587448"}
\o [2026-04-16 00:51:15.044 +0700] [INFO] [cadence.virtuoso.ade.services.netlister] - Started netlisting {"point": 371, "testname": "gmIdwl_gmid2_1"}
\o Resetting statistical vars
\o 
\o *Info*    Setting parameter values ...
\o 
\o Setting var length = "18.6u"
\o 
\o *Info*    Netlist Directory =
\o           /home/dtvt_13/simulation/gmIdwl/gmid2/maestro/results/maestro/ExplorerRun.0/371/gmIdwl_gmid2_1/netlist
\o 
\o 
\o *Info*    Data Directory    =
\o           /home/dtvt_13/simulation/gmIdwl/gmid2/maestro/results/maestro/ExplorerRun.0/371/gmIdwl_gmid2_1
\o 
\o Reusing AHDL Data dir
\o generate netlist...
\o Ignoring netlist creation since ignoreDesignChangesDuringRun is set to true
\o       ...successful.
\o compose simulator input file...
\o       ...successful.
\o [2026-04-16 00:51:15.458 +0700] [PROCESS] [cadence.virtuoso.ade.services.netlister] - Current memory used: 522.4375 MBytes, peak memory used: 522.4414 MBytes {"hostname": "dtvt_13", "processid": 30914, "testname": "gmIdwl_gmid2_1", "point": 371, "logfile": "/home/dtvt_13/duyDUT/logs_dtvt_13/logs0/Service29.log"}
\o [2026-04-16 00:51:15.459 +0700] [INFO] [cadence.virtuoso.ade.services.netlister] - Finished netlisting {"point": 371, "testname": "gmIdwl_gmid2_1"}
\o [2026-04-16 00:51:15.462 +0700] [EVENT] [cadence.virtuoso.ade.services.netlister] - NewPoint {"point": 372, "testname": "gmIdwl_gmid2_1", "event": "NewPoint", "EventSource": "Netlist Service", "HistoryName": "ExplorerRun.0", "logFile": "/home/dtvt_13/duyDUT/logs_dtvt_13/logs0/Service29.log", "logFileSize": "589015"}
\o [2026-04-16 00:51:15.462 +0700] [INFO] [cadence.virtuoso.ade.services.netlister] - Started netlisting {"point": 372, "testname": "gmIdwl_gmid2_1"}
\o Resetting statistical vars
\o 
\o *Info*    Setting parameter values ...
\o 
\o Setting var length = "18.65u"
\o 
\o *Info*    Netlist Directory =
\o           /home/dtvt_13/simulation/gmIdwl/gmid2/maestro/results/maestro/ExplorerRun.0/372/gmIdwl_gmid2_1/netlist
\o 
\o 
\o *Info*    Data Directory    =
\o           /home/dtvt_13/simulation/gmIdwl/gmid2/maestro/results/maestro/ExplorerRun.0/372/gmIdwl_gmid2_1
\o 
\o Reusing AHDL Data dir
\o generate netlist...
\o Ignoring netlist creation since ignoreDesignChangesDuringRun is set to true
\o       ...successful.
\o compose simulator input file...
\o       ...successful.
\o [2026-04-16 00:51:16.043 +0700] [PROCESS] [cadence.virtuoso.ade.services.netlister] - Current memory used: 522.4375 MBytes, peak memory used: 522.4414 MBytes {"hostname": "dtvt_13", "processid": 30914, "testname": "gmIdwl_gmid2_1", "point": 372, "logfile": "/home/dtvt_13/duyDUT/logs_dtvt_13/logs0/Service29.log"}
\o [2026-04-16 00:51:16.044 +0700] [INFO] [cadence.virtuoso.ade.services.netlister] - Finished netlisting {"point": 372, "testname": "gmIdwl_gmid2_1"}
\o [2026-04-16 00:51:16.046 +0700] [EVENT] [cadence.virtuoso.ade.services.netlister] - NewPoint {"point": 373, "testname": "gmIdwl_gmid2_1", "event": "NewPoint", "EventSource": "Netlist Service", "HistoryName": "ExplorerRun.0", "logFile": "/home/dtvt_13/duyDUT/logs_dtvt_13/logs0/Service29.log", "logFileSize": "590583"}
\o [2026-04-16 00:51:16.046 +0700] [INFO] [cadence.virtuoso.ade.services.netlister] - Started netlisting {"point": 373, "testname": "gmIdwl_gmid2_1"}
\o Resetting statistical vars
\o 
\o *Info*    Setting parameter values ...
\o 
\o Setting var length = "18.7u"
\o 
\o *Info*    Netlist Directory =
\o           /home/dtvt_13/simulation/gmIdwl/gmid2/maestro/results/maestro/ExplorerRun.0/373/gmIdwl_gmid2_1/netlist
\o 
\o 
\o *Info*    Data Directory    =
\o           /home/dtvt_13/simulation/gmIdwl/gmid2/maestro/results/maestro/ExplorerRun.0/373/gmIdwl_gmid2_1
\o 
\o Reusing AHDL Data dir
\o generate netlist...
\o Ignoring netlist creation since ignoreDesignChangesDuringRun is set to true
\o       ...successful.
\o compose simulator input file...
\o       ...successful.
\o [2026-04-16 00:51:16.420 +0700] [PROCESS] [cadence.virtuoso.ade.services.netlister] - Current memory used: 522.4375 MBytes, peak memory used: 522.4414 MBytes {"hostname": "dtvt_13", "processid": 30914, "testname": "gmIdwl_gmid2_1", "point": 373, "logfile": "/home/dtvt_13/duyDUT/logs_dtvt_13/logs0/Service29.log"}
\o [2026-04-16 00:51:16.421 +0700] [INFO] [cadence.virtuoso.ade.services.netlister] - Finished netlisting {"point": 373, "testname": "gmIdwl_gmid2_1"}
\o [2026-04-16 00:51:16.424 +0700] [EVENT] [cadence.virtuoso.ade.services.netlister] - NewPoint {"point": 374, "testname": "gmIdwl_gmid2_1", "event": "NewPoint", "EventSource": "Netlist Service", "HistoryName": "ExplorerRun.0", "logFile": "/home/dtvt_13/duyDUT/logs_dtvt_13/logs0/Service29.log", "logFileSize": "592150"}
\o [2026-04-16 00:51:16.424 +0700] [INFO] [cadence.virtuoso.ade.services.netlister] - Started netlisting {"point": 374, "testname": "gmIdwl_gmid2_1"}
\o Resetting statistical vars
\o 
\o *Info*    Setting parameter values ...
\o 
\o Setting var length = "18.75u"
\o 
\o *Info*    Netlist Directory =
\o           /home/dtvt_13/simulation/gmIdwl/gmid2/maestro/results/maestro/ExplorerRun.0/374/gmIdwl_gmid2_1/netlist
\o 
\o 
\o *Info*    Data Directory    =
\o           /home/dtvt_13/simulation/gmIdwl/gmid2/maestro/results/maestro/ExplorerRun.0/374/gmIdwl_gmid2_1
\o 
\o Reusing AHDL Data dir
\o generate netlist...
\o Ignoring netlist creation since ignoreDesignChangesDuringRun is set to true
\o       ...successful.
\o compose simulator input file...
\o       ...successful.
\o [2026-04-16 00:51:16.831 +0700] [PROCESS] [cadence.virtuoso.ade.services.netlister] - Current memory used: 522.4375 MBytes, peak memory used: 522.4414 MBytes {"hostname": "dtvt_13", "processid": 30914, "testname": "gmIdwl_gmid2_1", "point": 374, "logfile": "/home/dtvt_13/duyDUT/logs_dtvt_13/logs0/Service29.log"}
\o [2026-04-16 00:51:16.832 +0700] [INFO] [cadence.virtuoso.ade.services.netlister] - Finished netlisting {"point": 374, "testname": "gmIdwl_gmid2_1"}
\o [2026-04-16 00:51:16.834 +0700] [EVENT] [cadence.virtuoso.ade.services.netlister] - NewPoint {"point": 375, "testname": "gmIdwl_gmid2_1", "event": "NewPoint", "EventSource": "Netlist Service", "HistoryName": "ExplorerRun.0", "logFile": "/home/dtvt_13/duyDUT/logs_dtvt_13/logs0/Service29.log", "logFileSize": "593718"}
\o [2026-04-16 00:51:16.835 +0700] [INFO] [cadence.virtuoso.ade.services.netlister] - Started netlisting {"point": 375, "testname": "gmIdwl_gmid2_1"}
\o Resetting statistical vars
\o 
\o *Info*    Setting parameter values ...
\o 
\o Setting var length = "18.8u"
\o 
\o *Info*    Netlist Directory =
\o           /home/dtvt_13/simulation/gmIdwl/gmid2/maestro/results/maestro/ExplorerRun.0/375/gmIdwl_gmid2_1/netlist
\o 
\o 
\o *Info*    Data Directory    =
\o           /home/dtvt_13/simulation/gmIdwl/gmid2/maestro/results/maestro/ExplorerRun.0/375/gmIdwl_gmid2_1
\o 
\o Reusing AHDL Data dir
\o generate netlist...
\o Ignoring netlist creation since ignoreDesignChangesDuringRun is set to true
\o       ...successful.
\o compose simulator input file...
\o       ...successful.
\o [2026-04-16 00:51:17.274 +0700] [PROCESS] [cadence.virtuoso.ade.services.netlister] - Current memory used: 522.4375 MBytes, peak memory used: 522.4414 MBytes {"hostname": "dtvt_13", "processid": 30914, "testname": "gmIdwl_gmid2_1", "point": 375, "logfile": "/home/dtvt_13/duyDUT/logs_dtvt_13/logs0/Service29.log"}
\o [2026-04-16 00:51:17.274 +0700] [INFO] [cadence.virtuoso.ade.services.netlister] - Finished netlisting {"point": 375, "testname": "gmIdwl_gmid2_1"}
\o [2026-04-16 00:51:17.276 +0700] [EVENT] [cadence.virtuoso.ade.services.netlister] - NewPoint {"point": 376, "testname": "gmIdwl_gmid2_1", "event": "NewPoint", "EventSource": "Netlist Service", "HistoryName": "ExplorerRun.0", "logFile": "/home/dtvt_13/duyDUT/logs_dtvt_13/logs0/Service29.log", "logFileSize": "595285"}
\o [2026-04-16 00:51:17.276 +0700] [INFO] [cadence.virtuoso.ade.services.netlister] - Started netlisting {"point": 376, "testname": "gmIdwl_gmid2_1"}
\o Resetting statistical vars
\o 
\o *Info*    Setting parameter values ...
\o 
\o Setting var length = "18.85u"
\o 
\o *Info*    Netlist Directory =
\o           /home/dtvt_13/simulation/gmIdwl/gmid2/maestro/results/maestro/ExplorerRun.0/376/gmIdwl_gmid2_1/netlist
\o 
\o 
\o *Info*    Data Directory    =
\o           /home/dtvt_13/simulation/gmIdwl/gmid2/maestro/results/maestro/ExplorerRun.0/376/gmIdwl_gmid2_1
\o 
\o Reusing AHDL Data dir
\o generate netlist...
\o Ignoring netlist creation since ignoreDesignChangesDuringRun is set to true
\o       ...successful.
\o compose simulator input file...
\o       ...successful.
\o [2026-04-16 00:51:17.614 +0700] [PROCESS] [cadence.virtuoso.ade.services.netlister] - Current memory used: 522.4375 MBytes, peak memory used: 522.4414 MBytes {"hostname": "dtvt_13", "processid": 30914, "testname": "gmIdwl_gmid2_1", "point": 376, "logfile": "/home/dtvt_13/duyDUT/logs_dtvt_13/logs0/Service29.log"}
\o [2026-04-16 00:51:17.615 +0700] [INFO] [cadence.virtuoso.ade.services.netlister] - Finished netlisting {"point": 376, "testname": "gmIdwl_gmid2_1"}
\o [2026-04-16 00:51:17.616 +0700] [EVENT] [cadence.virtuoso.ade.services.netlister] - NewPoint {"point": 377, "testname": "gmIdwl_gmid2_1", "event": "NewPoint", "EventSource": "Netlist Service", "HistoryName": "ExplorerRun.0", "logFile": "/home/dtvt_13/duyDUT/logs_dtvt_13/logs0/Service29.log", "logFileSize": "596853"}
\o [2026-04-16 00:51:17.617 +0700] [INFO] [cadence.virtuoso.ade.services.netlister] - Started netlisting {"point": 377, "testname": "gmIdwl_gmid2_1"}
\o Resetting statistical vars
\o 
\o *Info*    Setting parameter values ...
\o 
\o Setting var length = "18.9u"
\o 
\o *Info*    Netlist Directory =
\o           /home/dtvt_13/simulation/gmIdwl/gmid2/maestro/results/maestro/ExplorerRun.0/377/gmIdwl_gmid2_1/netlist
\o 
\o 
\o *Info*    Data Directory    =
\o           /home/dtvt_13/simulation/gmIdwl/gmid2/maestro/results/maestro/ExplorerRun.0/377/gmIdwl_gmid2_1
\o 
\o Reusing AHDL Data dir
\o generate netlist...
\o Ignoring netlist creation since ignoreDesignChangesDuringRun is set to true
\o       ...successful.
\o compose simulator input file...
\o       ...successful.
\o [2026-04-16 00:51:17.976 +0700] [PROCESS] [cadence.virtuoso.ade.services.netlister] - Current memory used: 522.4375 MBytes, peak memory used: 522.4414 MBytes {"hostname": "dtvt_13", "processid": 30914, "testname": "gmIdwl_gmid2_1", "point": 377, "logfile": "/home/dtvt_13/duyDUT/logs_dtvt_13/logs0/Service29.log"}
\o [2026-04-16 00:51:17.977 +0700] [INFO] [cadence.virtuoso.ade.services.netlister] - Finished netlisting {"point": 377, "testname": "gmIdwl_gmid2_1"}
\o [2026-04-16 00:51:17.979 +0700] [EVENT] [cadence.virtuoso.ade.services.netlister] - NewPoint {"point": 378, "testname": "gmIdwl_gmid2_1", "event": "NewPoint", "EventSource": "Netlist Service", "HistoryName": "ExplorerRun.0", "logFile": "/home/dtvt_13/duyDUT/logs_dtvt_13/logs0/Service29.log", "logFileSize": "598420"}
\o [2026-04-16 00:51:17.980 +0700] [INFO] [cadence.virtuoso.ade.services.netlister] - Started netlisting {"point": 378, "testname": "gmIdwl_gmid2_1"}
\o Resetting statistical vars
\o 
\o *Info*    Setting parameter values ...
\o 
\o Setting var length = "18.95u"
\o 
\o *Info*    Netlist Directory =
\o           /home/dtvt_13/simulation/gmIdwl/gmid2/maestro/results/maestro/ExplorerRun.0/378/gmIdwl_gmid2_1/netlist
\o 
\o 
\o *Info*    Data Directory    =
\o           /home/dtvt_13/simulation/gmIdwl/gmid2/maestro/results/maestro/ExplorerRun.0/378/gmIdwl_gmid2_1
\o 
\o Reusing AHDL Data dir
\o generate netlist...
\o Ignoring netlist creation since ignoreDesignChangesDuringRun is set to true
\o       ...successful.
\o compose simulator input file...
\o       ...successful.
\o [2026-04-16 00:51:18.347 +0700] [PROCESS] [cadence.virtuoso.ade.services.netlister] - Current memory used: 522.4375 MBytes, peak memory used: 522.4414 MBytes {"hostname": "dtvt_13", "processid": 30914, "testname": "gmIdwl_gmid2_1", "point": 378, "logfile": "/home/dtvt_13/duyDUT/logs_dtvt_13/logs0/Service29.log"}
\o [2026-04-16 00:51:18.348 +0700] [INFO] [cadence.virtuoso.ade.services.netlister] - Finished netlisting {"point": 378, "testname": "gmIdwl_gmid2_1"}
\o [2026-04-16 00:51:18.350 +0700] [EVENT] [cadence.virtuoso.ade.services.netlister] - NewPoint {"point": 379, "testname": "gmIdwl_gmid2_1", "event": "NewPoint", "EventSource": "Netlist Service", "HistoryName": "ExplorerRun.0", "logFile": "/home/dtvt_13/duyDUT/logs_dtvt_13/logs0/Service29.log", "logFileSize": "599988"}
\o [2026-04-16 00:51:18.350 +0700] [INFO] [cadence.virtuoso.ade.services.netlister] - Started netlisting {"point": 379, "testname": "gmIdwl_gmid2_1"}
\o Resetting statistical vars
\o 
\o *Info*    Setting parameter values ...
\o 
\o Setting var length = "19u"
\o 
\o *Info*    Netlist Directory =
\o           /home/dtvt_13/simulation/gmIdwl/gmid2/maestro/results/maestro/ExplorerRun.0/379/gmIdwl_gmid2_1/netlist
\o 
\o 
\o *Info*    Data Directory    =
\o           /home/dtvt_13/simulation/gmIdwl/gmid2/maestro/results/maestro/ExplorerRun.0/379/gmIdwl_gmid2_1
\o 
\o Reusing AHDL Data dir
\o generate netlist...
\o Ignoring netlist creation since ignoreDesignChangesDuringRun is set to true
\o       ...successful.
\o compose simulator input file...
\o       ...successful.
\o [2026-04-16 00:51:18.740 +0700] [PROCESS] [cadence.virtuoso.ade.services.netlister] - Current memory used: 522.4375 MBytes, peak memory used: 522.4414 MBytes {"hostname": "dtvt_13", "processid": 30914, "testname": "gmIdwl_gmid2_1", "point": 379, "logfile": "/home/dtvt_13/duyDUT/logs_dtvt_13/logs0/Service29.log"}
\o [2026-04-16 00:51:18.741 +0700] [INFO] [cadence.virtuoso.ade.services.netlister] - Finished netlisting {"point": 379, "testname": "gmIdwl_gmid2_1"}
\o [2026-04-16 00:51:18.743 +0700] [EVENT] [cadence.virtuoso.ade.services.netlister] - NewPoint {"point": 380, "testname": "gmIdwl_gmid2_1", "event": "NewPoint", "EventSource": "Netlist Service", "HistoryName": "ExplorerRun.0", "logFile": "/home/dtvt_13/duyDUT/logs_dtvt_13/logs0/Service29.log", "logFileSize": "601553"}
\o [2026-04-16 00:51:18.743 +0700] [INFO] [cadence.virtuoso.ade.services.netlister] - Started netlisting {"point": 380, "testname": "gmIdwl_gmid2_1"}
\o Resetting statistical vars
\o 
\o *Info*    Setting parameter values ...
\o 
\o Setting var length = "19.05u"
\o 
\o *Info*    Netlist Directory =
\o           /home/dtvt_13/simulation/gmIdwl/gmid2/maestro/results/maestro/ExplorerRun.0/380/gmIdwl_gmid2_1/netlist
\o 
\o 
\o *Info*    Data Directory    =
\o           /home/dtvt_13/simulation/gmIdwl/gmid2/maestro/results/maestro/ExplorerRun.0/380/gmIdwl_gmid2_1
\o 
\o Reusing AHDL Data dir
\o generate netlist...
\o Ignoring netlist creation since ignoreDesignChangesDuringRun is set to true
\o       ...successful.
\o compose simulator input file...
\o       ...successful.
\o [2026-04-16 00:51:19.083 +0700] [PROCESS] [cadence.virtuoso.ade.services.netlister] - Current memory used: 522.4375 MBytes, peak memory used: 522.4414 MBytes {"hostname": "dtvt_13", "processid": 30914, "testname": "gmIdwl_gmid2_1", "point": 380, "logfile": "/home/dtvt_13/duyDUT/logs_dtvt_13/logs0/Service29.log"}
\o [2026-04-16 00:51:19.084 +0700] [INFO] [cadence.virtuoso.ade.services.netlister] - Finished netlisting {"point": 380, "testname": "gmIdwl_gmid2_1"}
\o [2026-04-16 00:51:19.086 +0700] [EVENT] [cadence.virtuoso.ade.services.netlister] - NewPoint {"point": 381, "testname": "gmIdwl_gmid2_1", "event": "NewPoint", "EventSource": "Netlist Service", "HistoryName": "ExplorerRun.0", "logFile": "/home/dtvt_13/duyDUT/logs_dtvt_13/logs0/Service29.log", "logFileSize": "603121"}
\o [2026-04-16 00:51:19.087 +0700] [INFO] [cadence.virtuoso.ade.services.netlister] - Started netlisting {"point": 381, "testname": "gmIdwl_gmid2_1"}
\o Resetting statistical vars
\o 
\o *Info*    Setting parameter values ...
\o 
\o Setting var length = "19.1u"
\o 
\o *Info*    Netlist Directory =
\o           /home/dtvt_13/simulation/gmIdwl/gmid2/maestro/results/maestro/ExplorerRun.0/381/gmIdwl_gmid2_1/netlist
\o 
\o 
\o *Info*    Data Directory    =
\o           /home/dtvt_13/simulation/gmIdwl/gmid2/maestro/results/maestro/ExplorerRun.0/381/gmIdwl_gmid2_1
\o 
\o Reusing AHDL Data dir
\o generate netlist...
\o Ignoring netlist creation since ignoreDesignChangesDuringRun is set to true
\o       ...successful.
\o compose simulator input file...
\o       ...successful.
\o [2026-04-16 00:51:19.476 +0700] [PROCESS] [cadence.virtuoso.ade.services.netlister] - Current memory used: 522.4375 MBytes, peak memory used: 522.4414 MBytes {"hostname": "dtvt_13", "processid": 30914, "testname": "gmIdwl_gmid2_1", "point": 381, "logfile": "/home/dtvt_13/duyDUT/logs_dtvt_13/logs0/Service29.log"}
\o [2026-04-16 00:51:19.477 +0700] [INFO] [cadence.virtuoso.ade.services.netlister] - Finished netlisting {"point": 381, "testname": "gmIdwl_gmid2_1"}
\o [2026-04-16 00:51:19.480 +0700] [EVENT] [cadence.virtuoso.ade.services.netlister] - NewPoint {"point": 382, "testname": "gmIdwl_gmid2_1", "event": "NewPoint", "EventSource": "Netlist Service", "HistoryName": "ExplorerRun.0", "logFile": "/home/dtvt_13/duyDUT/logs_dtvt_13/logs0/Service29.log", "logFileSize": "604688"}
\o [2026-04-16 00:51:19.480 +0700] [INFO] [cadence.virtuoso.ade.services.netlister] - Started netlisting {"point": 382, "testname": "gmIdwl_gmid2_1"}
\o Resetting statistical vars
\o 
\o *Info*    Setting parameter values ...
\o 
\o Setting var length = "19.15u"
\o 
\o *Info*    Netlist Directory =
\o           /home/dtvt_13/simulation/gmIdwl/gmid2/maestro/results/maestro/ExplorerRun.0/382/gmIdwl_gmid2_1/netlist
\o 
\o 
\o *Info*    Data Directory    =
\o           /home/dtvt_13/simulation/gmIdwl/gmid2/maestro/results/maestro/ExplorerRun.0/382/gmIdwl_gmid2_1
\o 
\o Reusing AHDL Data dir
\o generate netlist...
\o Ignoring netlist creation since ignoreDesignChangesDuringRun is set to true
\o       ...successful.
\o compose simulator input file...
\o       ...successful.
\o [2026-04-16 00:51:19.814 +0700] [PROCESS] [cadence.virtuoso.ade.services.netlister] - Current memory used: 522.4375 MBytes, peak memory used: 522.4414 MBytes {"hostname": "dtvt_13", "processid": 30914, "testname": "gmIdwl_gmid2_1", "point": 382, "logfile": "/home/dtvt_13/duyDUT/logs_dtvt_13/logs0/Service29.log"}
\o [2026-04-16 00:51:19.815 +0700] [INFO] [cadence.virtuoso.ade.services.netlister] - Finished netlisting {"point": 382, "testname": "gmIdwl_gmid2_1"}
\o [2026-04-16 00:51:19.815 +0700] [EVENT] [cadence.virtuoso.ade.services.netlister] - NewPoint {"point": 383, "testname": "gmIdwl_gmid2_1", "event": "NewPoint", "EventSource": "Netlist Service", "HistoryName": "ExplorerRun.0", "logFile": "/home/dtvt_13/duyDUT/logs_dtvt_13/logs0/Service29.log", "logFileSize": "606256"}
\o [2026-04-16 00:51:19.816 +0700] [INFO] [cadence.virtuoso.ade.services.netlister] - Started netlisting {"point": 383, "testname": "gmIdwl_gmid2_1"}
\o Resetting statistical vars
\o 
\o *Info*    Setting parameter values ...
\o 
\o Setting var length = "19.2u"
\o 
\o *Info*    Netlist Directory =
\o           /home/dtvt_13/simulation/gmIdwl/gmid2/maestro/results/maestro/ExplorerRun.0/383/gmIdwl_gmid2_1/netlist
\o 
\o 
\o *Info*    Data Directory    =
\o           /home/dtvt_13/simulation/gmIdwl/gmid2/maestro/results/maestro/ExplorerRun.0/383/gmIdwl_gmid2_1
\o 
\o Reusing AHDL Data dir
\o generate netlist...
\o Ignoring netlist creation since ignoreDesignChangesDuringRun is set to true
\o       ...successful.
\o compose simulator input file...
\o       ...successful.
\o [2026-04-16 00:51:20.012 +0700] [PROCESS] [cadence.virtuoso.ade.services.netlister] - Current memory used: 522.4375 MBytes, peak memory used: 522.4414 MBytes {"hostname": "dtvt_13", "processid": 30914, "testname": "gmIdwl_gmid2_1", "point": 383, "logfile": "/home/dtvt_13/duyDUT/logs_dtvt_13/logs0/Service29.log"}
\o [2026-04-16 00:51:20.012 +0700] [INFO] [cadence.virtuoso.ade.services.netlister] - Finished netlisting {"point": 383, "testname": "gmIdwl_gmid2_1"}
\o [2026-04-16 00:51:20.013 +0700] [EVENT] [cadence.virtuoso.ade.services.netlister] - NewPoint {"point": 384, "testname": "gmIdwl_gmid2_1", "event": "NewPoint", "EventSource": "Netlist Service", "HistoryName": "ExplorerRun.0", "logFile": "/home/dtvt_13/duyDUT/logs_dtvt_13/logs0/Service29.log", "logFileSize": "607823"}
\o [2026-04-16 00:51:20.013 +0700] [INFO] [cadence.virtuoso.ade.services.netlister] - Started netlisting {"point": 384, "testname": "gmIdwl_gmid2_1"}
\o Resetting statistical vars
\o 
\o *Info*    Setting parameter values ...
\o 
\o Setting var length = "19.25u"
\o 
\o *Info*    Netlist Directory =
\o           /home/dtvt_13/simulation/gmIdwl/gmid2/maestro/results/maestro/ExplorerRun.0/384/gmIdwl_gmid2_1/netlist
\o 
\o 
\o *Info*    Data Directory    =
\o           /home/dtvt_13/simulation/gmIdwl/gmid2/maestro/results/maestro/ExplorerRun.0/384/gmIdwl_gmid2_1
\o 
\o Reusing AHDL Data dir
\o generate netlist...
\o Ignoring netlist creation since ignoreDesignChangesDuringRun is set to true
\o       ...successful.
\o compose simulator input file...
\o       ...successful.
\o [2026-04-16 00:51:20.209 +0700] [PROCESS] [cadence.virtuoso.ade.services.netlister] - Current memory used: 522.4375 MBytes, peak memory used: 522.4414 MBytes {"hostname": "dtvt_13", "processid": 30914, "testname": "gmIdwl_gmid2_1", "point": 384, "logfile": "/home/dtvt_13/duyDUT/logs_dtvt_13/logs0/Service29.log"}
\o [2026-04-16 00:51:20.209 +0700] [INFO] [cadence.virtuoso.ade.services.netlister] - Finished netlisting {"point": 384, "testname": "gmIdwl_gmid2_1"}
\o [2026-04-16 00:51:20.210 +0700] [EVENT] [cadence.virtuoso.ade.services.netlister] - NewPoint {"point": 385, "testname": "gmIdwl_gmid2_1", "event": "NewPoint", "EventSource": "Netlist Service", "HistoryName": "ExplorerRun.0", "logFile": "/home/dtvt_13/duyDUT/logs_dtvt_13/logs0/Service29.log", "logFileSize": "609391"}
\o [2026-04-16 00:51:20.211 +0700] [INFO] [cadence.virtuoso.ade.services.netlister] - Started netlisting {"point": 385, "testname": "gmIdwl_gmid2_1"}
\o Resetting statistical vars
\o 
\o *Info*    Setting parameter values ...
\o 
\o Setting var length = "19.3u"
\o 
\o *Info*    Netlist Directory =
\o           /home/dtvt_13/simulation/gmIdwl/gmid2/maestro/results/maestro/ExplorerRun.0/385/gmIdwl_gmid2_1/netlist
\o 
\o 
\o *Info*    Data Directory    =
\o           /home/dtvt_13/simulation/gmIdwl/gmid2/maestro/results/maestro/ExplorerRun.0/385/gmIdwl_gmid2_1
\o 
\o Reusing AHDL Data dir
\o generate netlist...
\o Ignoring netlist creation since ignoreDesignChangesDuringRun is set to true
\o       ...successful.
\o compose simulator input file...
\o       ...successful.
\o [2026-04-16 00:51:20.467 +0700] [PROCESS] [cadence.virtuoso.ade.services.netlister] - Current memory used: 522.5859 MBytes, peak memory used: 522.5898 MBytes {"hostname": "dtvt_13", "processid": 30914, "testname": "gmIdwl_gmid2_1", "point": 385, "logfile": "/home/dtvt_13/duyDUT/logs_dtvt_13/logs0/Service29.log"}
\o [2026-04-16 00:51:20.468 +0700] [INFO] [cadence.virtuoso.ade.services.netlister] - Finished netlisting {"point": 385, "testname": "gmIdwl_gmid2_1"}
\o [2026-04-16 00:51:20.469 +0700] [EVENT] [cadence.virtuoso.ade.services.netlister] - NewPoint {"point": 386, "testname": "gmIdwl_gmid2_1", "event": "NewPoint", "EventSource": "Netlist Service", "HistoryName": "ExplorerRun.0", "logFile": "/home/dtvt_13/duyDUT/logs_dtvt_13/logs0/Service29.log", "logFileSize": "610958"}
\o [2026-04-16 00:51:20.469 +0700] [INFO] [cadence.virtuoso.ade.services.netlister] - Started netlisting {"point": 386, "testname": "gmIdwl_gmid2_1"}
\o Resetting statistical vars
\o 
\o *Info*    Setting parameter values ...
\o 
\o Setting var length = "19.35u"
\o 
\o *Info*    Netlist Directory =
\o           /home/dtvt_13/simulation/gmIdwl/gmid2/maestro/results/maestro/ExplorerRun.0/386/gmIdwl_gmid2_1/netlist
\o 
\o 
\o *Info*    Data Directory    =
\o           /home/dtvt_13/simulation/gmIdwl/gmid2/maestro/results/maestro/ExplorerRun.0/386/gmIdwl_gmid2_1
\o 
\o Reusing AHDL Data dir
\o generate netlist...
\o Ignoring netlist creation since ignoreDesignChangesDuringRun is set to true
\o       ...successful.
\o compose simulator input file...
\o       ...successful.
\o [2026-04-16 00:51:20.819 +0700] [PROCESS] [cadence.virtuoso.ade.services.netlister] - Current memory used: 522.5859 MBytes, peak memory used: 522.5898 MBytes {"hostname": "dtvt_13", "processid": 30914, "testname": "gmIdwl_gmid2_1", "point": 386, "logfile": "/home/dtvt_13/duyDUT/logs_dtvt_13/logs0/Service29.log"}
\o [2026-04-16 00:51:20.819 +0700] [INFO] [cadence.virtuoso.ade.services.netlister] - Finished netlisting {"point": 386, "testname": "gmIdwl_gmid2_1"}
\o [2026-04-16 00:51:20.822 +0700] [EVENT] [cadence.virtuoso.ade.services.netlister] - NewPoint {"point": 387, "testname": "gmIdwl_gmid2_1", "event": "NewPoint", "EventSource": "Netlist Service", "HistoryName": "ExplorerRun.0", "logFile": "/home/dtvt_13/duyDUT/logs_dtvt_13/logs0/Service29.log", "logFileSize": "612526"}
\o [2026-04-16 00:51:20.822 +0700] [INFO] [cadence.virtuoso.ade.services.netlister] - Started netlisting {"point": 387, "testname": "gmIdwl_gmid2_1"}
\o Resetting statistical vars
\o 
\o *Info*    Setting parameter values ...
\o 
\o Setting var length = "19.4u"
\o 
\o *Info*    Netlist Directory =
\o           /home/dtvt_13/simulation/gmIdwl/gmid2/maestro/results/maestro/ExplorerRun.0/387/gmIdwl_gmid2_1/netlist
\o 
\o 
\o *Info*    Data Directory    =
\o           /home/dtvt_13/simulation/gmIdwl/gmid2/maestro/results/maestro/ExplorerRun.0/387/gmIdwl_gmid2_1
\o 
\o Reusing AHDL Data dir
\o generate netlist...
\o Ignoring netlist creation since ignoreDesignChangesDuringRun is set to true
\o       ...successful.
\o compose simulator input file...
\o       ...successful.
\o [2026-04-16 00:51:21.083 +0700] [PROCESS] [cadence.virtuoso.ade.services.netlister] - Current memory used: 522.5859 MBytes, peak memory used: 522.5898 MBytes {"hostname": "dtvt_13", "processid": 30914, "testname": "gmIdwl_gmid2_1", "point": 387, "logfile": "/home/dtvt_13/duyDUT/logs_dtvt_13/logs0/Service29.log"}
\o [2026-04-16 00:51:21.083 +0700] [INFO] [cadence.virtuoso.ade.services.netlister] - Finished netlisting {"point": 387, "testname": "gmIdwl_gmid2_1"}
\o [2026-04-16 00:51:21.084 +0700] [EVENT] [cadence.virtuoso.ade.services.netlister] - NewPoint {"point": 388, "testname": "gmIdwl_gmid2_1", "event": "NewPoint", "EventSource": "Netlist Service", "HistoryName": "ExplorerRun.0", "logFile": "/home/dtvt_13/duyDUT/logs_dtvt_13/logs0/Service29.log", "logFileSize": "614093"}
\o [2026-04-16 00:51:21.084 +0700] [INFO] [cadence.virtuoso.ade.services.netlister] - Started netlisting {"point": 388, "testname": "gmIdwl_gmid2_1"}
\o Resetting statistical vars
\o 
\o *Info*    Setting parameter values ...
\o 
\o Setting var length = "19.45u"
\o 
\o *Info*    Netlist Directory =
\o           /home/dtvt_13/simulation/gmIdwl/gmid2/maestro/results/maestro/ExplorerRun.0/388/gmIdwl_gmid2_1/netlist
\o 
\o 
\o *Info*    Data Directory    =
\o           /home/dtvt_13/simulation/gmIdwl/gmid2/maestro/results/maestro/ExplorerRun.0/388/gmIdwl_gmid2_1
\o 
\o Reusing AHDL Data dir
\o generate netlist...
\o Ignoring netlist creation since ignoreDesignChangesDuringRun is set to true
\o       ...successful.
\o compose simulator input file...
\o       ...successful.
\o [2026-04-16 00:51:21.290 +0700] [PROCESS] [cadence.virtuoso.ade.services.netlister] - Current memory used: 522.5859 MBytes, peak memory used: 522.5898 MBytes {"hostname": "dtvt_13", "processid": 30914, "testname": "gmIdwl_gmid2_1", "point": 388, "logfile": "/home/dtvt_13/duyDUT/logs_dtvt_13/logs0/Service29.log"}
\o [2026-04-16 00:51:21.290 +0700] [INFO] [cadence.virtuoso.ade.services.netlister] - Finished netlisting {"point": 388, "testname": "gmIdwl_gmid2_1"}
\o [2026-04-16 00:51:21.291 +0700] [EVENT] [cadence.virtuoso.ade.services.netlister] - NewPoint {"point": 389, "testname": "gmIdwl_gmid2_1", "event": "NewPoint", "EventSource": "Netlist Service", "HistoryName": "ExplorerRun.0", "logFile": "/home/dtvt_13/duyDUT/logs_dtvt_13/logs0/Service29.log", "logFileSize": "615661"}
\o [2026-04-16 00:51:21.291 +0700] [INFO] [cadence.virtuoso.ade.services.netlister] - Started netlisting {"point": 389, "testname": "gmIdwl_gmid2_1"}
\o Resetting statistical vars
\o 
\o *Info*    Setting parameter values ...
\o 
\o Setting var length = "19.5u"
\o 
\o *Info*    Netlist Directory =
\o           /home/dtvt_13/simulation/gmIdwl/gmid2/maestro/results/maestro/ExplorerRun.0/389/gmIdwl_gmid2_1/netlist
\o 
\o 
\o *Info*    Data Directory    =
\o           /home/dtvt_13/simulation/gmIdwl/gmid2/maestro/results/maestro/ExplorerRun.0/389/gmIdwl_gmid2_1
\o 
\o Reusing AHDL Data dir
\o generate netlist...
\o Ignoring netlist creation since ignoreDesignChangesDuringRun is set to true
\o       ...successful.
\o compose simulator input file...
\o       ...successful.
\o [2026-04-16 00:51:21.490 +0700] [PROCESS] [cadence.virtuoso.ade.services.netlister] - Current memory used: 522.5859 MBytes, peak memory used: 522.5898 MBytes {"hostname": "dtvt_13", "processid": 30914, "testname": "gmIdwl_gmid2_1", "point": 389, "logfile": "/home/dtvt_13/duyDUT/logs_dtvt_13/logs0/Service29.log"}
\o [2026-04-16 00:51:21.490 +0700] [INFO] [cadence.virtuoso.ade.services.netlister] - Finished netlisting {"point": 389, "testname": "gmIdwl_gmid2_1"}
\o [2026-04-16 00:51:21.491 +0700] [EVENT] [cadence.virtuoso.ade.services.netlister] - NewPoint {"point": 390, "testname": "gmIdwl_gmid2_1", "event": "NewPoint", "EventSource": "Netlist Service", "HistoryName": "ExplorerRun.0", "logFile": "/home/dtvt_13/duyDUT/logs_dtvt_13/logs0/Service29.log", "logFileSize": "617228"}
\o [2026-04-16 00:51:21.491 +0700] [INFO] [cadence.virtuoso.ade.services.netlister] - Started netlisting {"point": 390, "testname": "gmIdwl_gmid2_1"}
\o Resetting statistical vars
\o 
\o *Info*    Setting parameter values ...
\o 
\o Setting var length = "19.55u"
\o 
\o *Info*    Netlist Directory =
\o           /home/dtvt_13/simulation/gmIdwl/gmid2/maestro/results/maestro/ExplorerRun.0/390/gmIdwl_gmid2_1/netlist
\o 
\o 
\o *Info*    Data Directory    =
\o           /home/dtvt_13/simulation/gmIdwl/gmid2/maestro/results/maestro/ExplorerRun.0/390/gmIdwl_gmid2_1
\o 
\o Reusing AHDL Data dir
\o generate netlist...
\o Ignoring netlist creation since ignoreDesignChangesDuringRun is set to true
\o       ...successful.
\o compose simulator input file...
\o       ...successful.
\o [2026-04-16 00:51:21.799 +0700] [PROCESS] [cadence.virtuoso.ade.services.netlister] - Current memory used: 522.5859 MBytes, peak memory used: 522.5898 MBytes {"hostname": "dtvt_13", "processid": 30914, "testname": "gmIdwl_gmid2_1", "point": 390, "logfile": "/home/dtvt_13/duyDUT/logs_dtvt_13/logs0/Service29.log"}
\o [2026-04-16 00:51:21.800 +0700] [INFO] [cadence.virtuoso.ade.services.netlister] - Finished netlisting {"point": 390, "testname": "gmIdwl_gmid2_1"}
\o [2026-04-16 00:51:21.802 +0700] [EVENT] [cadence.virtuoso.ade.services.netlister] - NewPoint {"point": 391, "testname": "gmIdwl_gmid2_1", "event": "NewPoint", "EventSource": "Netlist Service", "HistoryName": "ExplorerRun.0", "logFile": "/home/dtvt_13/duyDUT/logs_dtvt_13/logs0/Service29.log", "logFileSize": "618796"}
\o [2026-04-16 00:51:21.803 +0700] [INFO] [cadence.virtuoso.ade.services.netlister] - Started netlisting {"point": 391, "testname": "gmIdwl_gmid2_1"}
\o Resetting statistical vars
\o 
\o *Info*    Setting parameter values ...
\o 
\o Setting var length = "19.6u"
\o 
\o *Info*    Netlist Directory =
\o           /home/dtvt_13/simulation/gmIdwl/gmid2/maestro/results/maestro/ExplorerRun.0/391/gmIdwl_gmid2_1/netlist
\o 
\o 
\o *Info*    Data Directory    =
\o           /home/dtvt_13/simulation/gmIdwl/gmid2/maestro/results/maestro/ExplorerRun.0/391/gmIdwl_gmid2_1
\o 
\o Reusing AHDL Data dir
\o generate netlist...
\o Ignoring netlist creation since ignoreDesignChangesDuringRun is set to true
\o       ...successful.
\o compose simulator input file...
\o       ...successful.
\o [2026-04-16 00:51:22.195 +0700] [PROCESS] [cadence.virtuoso.ade.services.netlister] - Current memory used: 522.5859 MBytes, peak memory used: 522.5898 MBytes {"hostname": "dtvt_13", "processid": 30914, "testname": "gmIdwl_gmid2_1", "point": 391, "logfile": "/home/dtvt_13/duyDUT/logs_dtvt_13/logs0/Service29.log"}
\o [2026-04-16 00:51:22.196 +0700] [INFO] [cadence.virtuoso.ade.services.netlister] - Finished netlisting {"point": 391, "testname": "gmIdwl_gmid2_1"}
\o [2026-04-16 00:51:22.197 +0700] [EVENT] [cadence.virtuoso.ade.services.netlister] - NewPoint {"point": 392, "testname": "gmIdwl_gmid2_1", "event": "NewPoint", "EventSource": "Netlist Service", "HistoryName": "ExplorerRun.0", "logFile": "/home/dtvt_13/duyDUT/logs_dtvt_13/logs0/Service29.log", "logFileSize": "620363"}
\o [2026-04-16 00:51:22.198 +0700] [INFO] [cadence.virtuoso.ade.services.netlister] - Started netlisting {"point": 392, "testname": "gmIdwl_gmid2_1"}
\o Resetting statistical vars
\o 
\o *Info*    Setting parameter values ...
\o 
\o Setting var length = "19.65u"
\o 
\o *Info*    Netlist Directory =
\o           /home/dtvt_13/simulation/gmIdwl/gmid2/maestro/results/maestro/ExplorerRun.0/392/gmIdwl_gmid2_1/netlist
\o 
\o 
\o *Info*    Data Directory    =
\o           /home/dtvt_13/simulation/gmIdwl/gmid2/maestro/results/maestro/ExplorerRun.0/392/gmIdwl_gmid2_1
\o 
\o Reusing AHDL Data dir
\o generate netlist...
\o Ignoring netlist creation since ignoreDesignChangesDuringRun is set to true
\o       ...successful.
\o compose simulator input file...
\o       ...successful.
\o [2026-04-16 00:51:22.650 +0700] [PROCESS] [cadence.virtuoso.ade.services.netlister] - Current memory used: 522.5859 MBytes, peak memory used: 522.5898 MBytes {"hostname": "dtvt_13", "processid": 30914, "testname": "gmIdwl_gmid2_1", "point": 392, "logfile": "/home/dtvt_13/duyDUT/logs_dtvt_13/logs0/Service29.log"}
\o [2026-04-16 00:51:22.651 +0700] [INFO] [cadence.virtuoso.ade.services.netlister] - Finished netlisting {"point": 392, "testname": "gmIdwl_gmid2_1"}
\o [2026-04-16 00:51:22.652 +0700] [EVENT] [cadence.virtuoso.ade.services.netlister] - NewPoint {"point": 393, "testname": "gmIdwl_gmid2_1", "event": "NewPoint", "EventSource": "Netlist Service", "HistoryName": "ExplorerRun.0", "logFile": "/home/dtvt_13/duyDUT/logs_dtvt_13/logs0/Service29.log", "logFileSize": "621931"}
\o [2026-04-16 00:51:22.653 +0700] [INFO] [cadence.virtuoso.ade.services.netlister] - Started netlisting {"point": 393, "testname": "gmIdwl_gmid2_1"}
\o Resetting statistical vars
\o 
\o *Info*    Setting parameter values ...
\o 
\o Setting var length = "19.7u"
\o 
\o *Info*    Netlist Directory =
\o           /home/dtvt_13/simulation/gmIdwl/gmid2/maestro/results/maestro/ExplorerRun.0/393/gmIdwl_gmid2_1/netlist
\o 
\o 
\o *Info*    Data Directory    =
\o           /home/dtvt_13/simulation/gmIdwl/gmid2/maestro/results/maestro/ExplorerRun.0/393/gmIdwl_gmid2_1
\o 
\o Reusing AHDL Data dir
\o generate netlist...
\o Ignoring netlist creation since ignoreDesignChangesDuringRun is set to true
\o       ...successful.
\o compose simulator input file...
\o       ...successful.
\o [2026-04-16 00:51:23.045 +0700] [PROCESS] [cadence.virtuoso.ade.services.netlister] - Current memory used: 522.5859 MBytes, peak memory used: 522.5898 MBytes {"hostname": "dtvt_13", "processid": 30914, "testname": "gmIdwl_gmid2_1", "point": 393, "logfile": "/home/dtvt_13/duyDUT/logs_dtvt_13/logs0/Service29.log"}
\o [2026-04-16 00:51:23.046 +0700] [INFO] [cadence.virtuoso.ade.services.netlister] - Finished netlisting {"point": 393, "testname": "gmIdwl_gmid2_1"}
\o [2026-04-16 00:51:23.048 +0700] [EVENT] [cadence.virtuoso.ade.services.netlister] - NewPoint {"point": 394, "testname": "gmIdwl_gmid2_1", "event": "NewPoint", "EventSource": "Netlist Service", "HistoryName": "ExplorerRun.0", "logFile": "/home/dtvt_13/duyDUT/logs_dtvt_13/logs0/Service29.log", "logFileSize": "623498"}
\o [2026-04-16 00:51:23.048 +0700] [INFO] [cadence.virtuoso.ade.services.netlister] - Started netlisting {"point": 394, "testname": "gmIdwl_gmid2_1"}
\o Resetting statistical vars
\o 
\o *Info*    Setting parameter values ...
\o 
\o Setting var length = "19.75u"
\o 
\o *Info*    Netlist Directory =
\o           /home/dtvt_13/simulation/gmIdwl/gmid2/maestro/results/maestro/ExplorerRun.0/394/gmIdwl_gmid2_1/netlist
\o 
\o 
\o *Info*    Data Directory    =
\o           /home/dtvt_13/simulation/gmIdwl/gmid2/maestro/results/maestro/ExplorerRun.0/394/gmIdwl_gmid2_1
\o 
\o Reusing AHDL Data dir
\o generate netlist...
\o Ignoring netlist creation since ignoreDesignChangesDuringRun is set to true
\o       ...successful.
\o compose simulator input file...
\o       ...successful.
\o [2026-04-16 00:51:23.454 +0700] [PROCESS] [cadence.virtuoso.ade.services.netlister] - Current memory used: 522.5859 MBytes, peak memory used: 522.5898 MBytes {"hostname": "dtvt_13", "processid": 30914, "testname": "gmIdwl_gmid2_1", "point": 394, "logfile": "/home/dtvt_13/duyDUT/logs_dtvt_13/logs0/Service29.log"}
\o [2026-04-16 00:51:23.455 +0700] [INFO] [cadence.virtuoso.ade.services.netlister] - Finished netlisting {"point": 394, "testname": "gmIdwl_gmid2_1"}
\o [2026-04-16 00:51:23.457 +0700] [EVENT] [cadence.virtuoso.ade.services.netlister] - NewPoint {"point": 395, "testname": "gmIdwl_gmid2_1", "event": "NewPoint", "EventSource": "Netlist Service", "HistoryName": "ExplorerRun.0", "logFile": "/home/dtvt_13/duyDUT/logs_dtvt_13/logs0/Service29.log", "logFileSize": "625066"}
\o [2026-04-16 00:51:23.458 +0700] [INFO] [cadence.virtuoso.ade.services.netlister] - Started netlisting {"point": 395, "testname": "gmIdwl_gmid2_1"}
\o Resetting statistical vars
\o 
\o *Info*    Setting parameter values ...
\o 
\o Setting var length = "19.8u"
\o 
\o *Info*    Netlist Directory =
\o           /home/dtvt_13/simulation/gmIdwl/gmid2/maestro/results/maestro/ExplorerRun.0/395/gmIdwl_gmid2_1/netlist
\o 
\o 
\o *Info*    Data Directory    =
\o           /home/dtvt_13/simulation/gmIdwl/gmid2/maestro/results/maestro/ExplorerRun.0/395/gmIdwl_gmid2_1
\o 
\o Reusing AHDL Data dir
\o generate netlist...
\o Ignoring netlist creation since ignoreDesignChangesDuringRun is set to true
\o       ...successful.
\o compose simulator input file...
\o       ...successful.
\o [2026-04-16 00:51:23.810 +0700] [PROCESS] [cadence.virtuoso.ade.services.netlister] - Current memory used: 522.5859 MBytes, peak memory used: 522.5898 MBytes {"hostname": "dtvt_13", "processid": 30914, "testname": "gmIdwl_gmid2_1", "point": 395, "logfile": "/home/dtvt_13/duyDUT/logs_dtvt_13/logs0/Service29.log"}
\o [2026-04-16 00:51:23.810 +0700] [INFO] [cadence.virtuoso.ade.services.netlister] - Finished netlisting {"point": 395, "testname": "gmIdwl_gmid2_1"}
\o [2026-04-16 00:51:23.812 +0700] [EVENT] [cadence.virtuoso.ade.services.netlister] - NewPoint {"point": 396, "testname": "gmIdwl_gmid2_1", "event": "NewPoint", "EventSource": "Netlist Service", "HistoryName": "ExplorerRun.0", "logFile": "/home/dtvt_13/duyDUT/logs_dtvt_13/logs0/Service29.log", "logFileSize": "626633"}
\o [2026-04-16 00:51:23.812 +0700] [INFO] [cadence.virtuoso.ade.services.netlister] - Started netlisting {"point": 396, "testname": "gmIdwl_gmid2_1"}
\o Resetting statistical vars
\o 
\o *Info*    Setting parameter values ...
\o 
\o Setting var length = "19.85u"
\o 
\o *Info*    Netlist Directory =
\o           /home/dtvt_13/simulation/gmIdwl/gmid2/maestro/results/maestro/ExplorerRun.0/396/gmIdwl_gmid2_1/netlist
\o 
\o 
\o *Info*    Data Directory    =
\o           /home/dtvt_13/simulation/gmIdwl/gmid2/maestro/results/maestro/ExplorerRun.0/396/gmIdwl_gmid2_1
\o 
\o Reusing AHDL Data dir
\o generate netlist...
\o Ignoring netlist creation since ignoreDesignChangesDuringRun is set to true
\o       ...successful.
\o compose simulator input file...
\o       ...successful.
\o [2026-04-16 00:51:24.334 +0700] [PROCESS] [cadence.virtuoso.ade.services.netlister] - Current memory used: 522.5859 MBytes, peak memory used: 522.5898 MBytes {"hostname": "dtvt_13", "processid": 30914, "testname": "gmIdwl_gmid2_1", "point": 396, "logfile": "/home/dtvt_13/duyDUT/logs_dtvt_13/logs0/Service29.log"}
\o [2026-04-16 00:51:24.335 +0700] [INFO] [cadence.virtuoso.ade.services.netlister] - Finished netlisting {"point": 396, "testname": "gmIdwl_gmid2_1"}
\o [2026-04-16 00:51:24.337 +0700] [EVENT] [cadence.virtuoso.ade.services.netlister] - NewPoint {"point": 397, "testname": "gmIdwl_gmid2_1", "event": "NewPoint", "EventSource": "Netlist Service", "HistoryName": "ExplorerRun.0", "logFile": "/home/dtvt_13/duyDUT/logs_dtvt_13/logs0/Service29.log", "logFileSize": "628201"}
\o [2026-04-16 00:51:24.337 +0700] [INFO] [cadence.virtuoso.ade.services.netlister] - Started netlisting {"point": 397, "testname": "gmIdwl_gmid2_1"}
\o Resetting statistical vars
\o 
\o *Info*    Setting parameter values ...
\o 
\o Setting var length = "19.9u"
\o 
\o *Info*    Netlist Directory =
\o           /home/dtvt_13/simulation/gmIdwl/gmid2/maestro/results/maestro/ExplorerRun.0/397/gmIdwl_gmid2_1/netlist
\o 
\o 
\o *Info*    Data Directory    =
\o           /home/dtvt_13/simulation/gmIdwl/gmid2/maestro/results/maestro/ExplorerRun.0/397/gmIdwl_gmid2_1
\o 
\o Reusing AHDL Data dir
\o generate netlist...
\o Ignoring netlist creation since ignoreDesignChangesDuringRun is set to true
\o       ...successful.
\o compose simulator input file...
\o       ...successful.
\o [2026-04-16 00:51:24.830 +0700] [PROCESS] [cadence.virtuoso.ade.services.netlister] - Current memory used: 522.5859 MBytes, peak memory used: 522.5898 MBytes {"hostname": "dtvt_13", "processid": 30914, "testname": "gmIdwl_gmid2_1", "point": 397, "logfile": "/home/dtvt_13/duyDUT/logs_dtvt_13/logs0/Service29.log"}
\o [2026-04-16 00:51:24.831 +0700] [INFO] [cadence.virtuoso.ade.services.netlister] - Finished netlisting {"point": 397, "testname": "gmIdwl_gmid2_1"}
\o [2026-04-16 00:51:24.832 +0700] [EVENT] [cadence.virtuoso.ade.services.netlister] - NewPoint {"point": 398, "testname": "gmIdwl_gmid2_1", "event": "NewPoint", "EventSource": "Netlist Service", "HistoryName": "ExplorerRun.0", "logFile": "/home/dtvt_13/duyDUT/logs_dtvt_13/logs0/Service29.log", "logFileSize": "629768"}
\o [2026-04-16 00:51:24.833 +0700] [INFO] [cadence.virtuoso.ade.services.netlister] - Started netlisting {"point": 398, "testname": "gmIdwl_gmid2_1"}
\o Resetting statistical vars
\o 
\o *Info*    Setting parameter values ...
\o 
\o Setting var length = "19.95u"
\o 
\o *Info*    Netlist Directory =
\o           /home/dtvt_13/simulation/gmIdwl/gmid2/maestro/results/maestro/ExplorerRun.0/398/gmIdwl_gmid2_1/netlist
\o 
\o 
\o *Info*    Data Directory    =
\o           /home/dtvt_13/simulation/gmIdwl/gmid2/maestro/results/maestro/ExplorerRun.0/398/gmIdwl_gmid2_1
\o 
\o Reusing AHDL Data dir
\o generate netlist...
\o Ignoring netlist creation since ignoreDesignChangesDuringRun is set to true
\o       ...successful.
\o compose simulator input file...
\o       ...successful.
\o [2026-04-16 00:51:25.190 +0700] [PROCESS] [cadence.virtuoso.ade.services.netlister] - Current memory used: 522.5859 MBytes, peak memory used: 522.5898 MBytes {"hostname": "dtvt_13", "processid": 30914, "testname": "gmIdwl_gmid2_1", "point": 398, "logfile": "/home/dtvt_13/duyDUT/logs_dtvt_13/logs0/Service29.log"}
\o [2026-04-16 00:51:25.191 +0700] [INFO] [cadence.virtuoso.ade.services.netlister] - Finished netlisting {"point": 398, "testname": "gmIdwl_gmid2_1"}
\o [2026-04-16 00:51:25.194 +0700] [EVENT] [cadence.virtuoso.ade.services.netlister] - NewPoint {"point": 399, "testname": "gmIdwl_gmid2_1", "event": "NewPoint", "EventSource": "Netlist Service", "HistoryName": "ExplorerRun.0", "logFile": "/home/dtvt_13/duyDUT/logs_dtvt_13/logs0/Service29.log", "logFileSize": "631336"}
\o [2026-04-16 00:51:25.194 +0700] [INFO] [cadence.virtuoso.ade.services.netlister] - Started netlisting {"point": 399, "testname": "gmIdwl_gmid2_1"}
\o Resetting statistical vars
\o 
\o *Info*    Setting parameter values ...
\o 
\o Setting var length = "20u"
\o 
\o *Info*    Netlist Directory =
\o           /home/dtvt_13/simulation/gmIdwl/gmid2/maestro/results/maestro/ExplorerRun.0/399/gmIdwl_gmid2_1/netlist
\o 
\o 
\o *Info*    Data Directory    =
\o           /home/dtvt_13/simulation/gmIdwl/gmid2/maestro/results/maestro/ExplorerRun.0/399/gmIdwl_gmid2_1
\o 
\o Reusing AHDL Data dir
\o generate netlist...
\o Ignoring netlist creation since ignoreDesignChangesDuringRun is set to true
\o       ...successful.
\o compose simulator input file...
\o       ...successful.
\o [2026-04-16 00:51:25.542 +0700] [PROCESS] [cadence.virtuoso.ade.services.netlister] - Current memory used: 522.5859 MBytes, peak memory used: 522.5898 MBytes {"hostname": "dtvt_13", "processid": 30914, "testname": "gmIdwl_gmid2_1", "point": 399, "logfile": "/home/dtvt_13/duyDUT/logs_dtvt_13/logs0/Service29.log"}
\o [2026-04-16 00:51:25.543 +0700] [INFO] [cadence.virtuoso.ade.services.netlister] - Finished netlisting {"point": 399, "testname": "gmIdwl_gmid2_1"}
\o [2026-04-16 00:51:25.545 +0700] [EVENT] [cadence.virtuoso.ade.services.netlister] - NewPoint {"point": 400, "testname": "gmIdwl_gmid2_1", "event": "NewPoint", "EventSource": "Netlist Service", "HistoryName": "ExplorerRun.0", "logFile": "/home/dtvt_13/duyDUT/logs_dtvt_13/logs0/Service29.log", "logFileSize": "632901"}
\o [2026-04-16 00:51:25.545 +0700] [INFO] [cadence.virtuoso.ade.services.netlister] - Started netlisting {"point": 400, "testname": "gmIdwl_gmid2_1"}
\o Resetting statistical vars
\o 
\o *Info*    Setting parameter values ...
\o 
\o Setting var length = "20.05u"
\o 
\o *Info*    Netlist Directory =
\o           /home/dtvt_13/simulation/gmIdwl/gmid2/maestro/results/maestro/ExplorerRun.0/400/gmIdwl_gmid2_1/netlist
\o 
\o 
\o *Info*    Data Directory    =
\o           /home/dtvt_13/simulation/gmIdwl/gmid2/maestro/results/maestro/ExplorerRun.0/400/gmIdwl_gmid2_1
\o 
\o Reusing AHDL Data dir
\o generate netlist...
\o Ignoring netlist creation since ignoreDesignChangesDuringRun is set to true
\o       ...successful.
\o compose simulator input file...
\o       ...successful.
\o [2026-04-16 00:51:25.932 +0700] [PROCESS] [cadence.virtuoso.ade.services.netlister] - Current memory used: 522.5859 MBytes, peak memory used: 522.5898 MBytes {"hostname": "dtvt_13", "processid": 30914, "testname": "gmIdwl_gmid2_1", "point": 400, "logfile": "/home/dtvt_13/duyDUT/logs_dtvt_13/logs0/Service29.log"}
\o [2026-04-16 00:51:25.933 +0700] [INFO] [cadence.virtuoso.ade.services.netlister] - Finished netlisting {"point": 400, "testname": "gmIdwl_gmid2_1"}
\o [2026-04-16 00:51:25.936 +0700] [EVENT] [cadence.virtuoso.ade.services.netlister] - NewPoint {"point": 401, "testname": "gmIdwl_gmid2_1", "event": "NewPoint", "EventSource": "Netlist Service", "HistoryName": "ExplorerRun.0", "logFile": "/home/dtvt_13/duyDUT/logs_dtvt_13/logs0/Service29.log", "logFileSize": "634469"}
\o [2026-04-16 00:51:25.936 +0700] [INFO] [cadence.virtuoso.ade.services.netlister] - Started netlisting {"point": 401, "testname": "gmIdwl_gmid2_1"}
\o Resetting statistical vars
\o 
\o *Info*    Setting parameter values ...
\o 
\o Setting var length = "20.1u"
\o 
\o *Info*    Netlist Directory =
\o           /home/dtvt_13/simulation/gmIdwl/gmid2/maestro/results/maestro/ExplorerRun.0/401/gmIdwl_gmid2_1/netlist
\o 
\o 
\o *Info*    Data Directory    =
\o           /home/dtvt_13/simulation/gmIdwl/gmid2/maestro/results/maestro/ExplorerRun.0/401/gmIdwl_gmid2_1
\o 
\o Reusing AHDL Data dir
\o generate netlist...
\o Ignoring netlist creation since ignoreDesignChangesDuringRun is set to true
\o       ...successful.
\o compose simulator input file...
\o       ...successful.
\o [2026-04-16 00:51:26.289 +0700] [PROCESS] [cadence.virtuoso.ade.services.netlister] - Current memory used: 522.5859 MBytes, peak memory used: 522.5898 MBytes {"hostname": "dtvt_13", "processid": 30914, "testname": "gmIdwl_gmid2_1", "point": 401, "logfile": "/home/dtvt_13/duyDUT/logs_dtvt_13/logs0/Service29.log"}
\o [2026-04-16 00:51:26.289 +0700] [INFO] [cadence.virtuoso.ade.services.netlister] - Finished netlisting {"point": 401, "testname": "gmIdwl_gmid2_1"}
\o [2026-04-16 00:51:26.290 +0700] [EVENT] [cadence.virtuoso.ade.services.netlister] - NewPoint {"point": 402, "testname": "gmIdwl_gmid2_1", "event": "NewPoint", "EventSource": "Netlist Service", "HistoryName": "ExplorerRun.0", "logFile": "/home/dtvt_13/duyDUT/logs_dtvt_13/logs0/Service29.log", "logFileSize": "636036"}
\o [2026-04-16 00:51:26.290 +0700] [INFO] [cadence.virtuoso.ade.services.netlister] - Started netlisting {"point": 402, "testname": "gmIdwl_gmid2_1"}
\o Resetting statistical vars
\o 
\o *Info*    Setting parameter values ...
\o 
\o Setting var length = "20.15u"
\o 
\o *Info*    Netlist Directory =
\o           /home/dtvt_13/simulation/gmIdwl/gmid2/maestro/results/maestro/ExplorerRun.0/402/gmIdwl_gmid2_1/netlist
\o 
\o 
\o *Info*    Data Directory    =
\o           /home/dtvt_13/simulation/gmIdwl/gmid2/maestro/results/maestro/ExplorerRun.0/402/gmIdwl_gmid2_1
\o 
\o Reusing AHDL Data dir
\o generate netlist...
\o Ignoring netlist creation since ignoreDesignChangesDuringRun is set to true
\o       ...successful.
\o compose simulator input file...
\o       ...successful.
\o [2026-04-16 00:51:26.603 +0700] [PROCESS] [cadence.virtuoso.ade.services.netlister] - Current memory used: 522.7656 MBytes, peak memory used: 522.7695 MBytes {"hostname": "dtvt_13", "processid": 30914, "testname": "gmIdwl_gmid2_1", "point": 402, "logfile": "/home/dtvt_13/duyDUT/logs_dtvt_13/logs0/Service29.log"}
\o [2026-04-16 00:51:26.604 +0700] [INFO] [cadence.virtuoso.ade.services.netlister] - Finished netlisting {"point": 402, "testname": "gmIdwl_gmid2_1"}
\o [2026-04-16 00:51:26.606 +0700] [EVENT] [cadence.virtuoso.ade.services.netlister] - NewPoint {"point": 403, "testname": "gmIdwl_gmid2_1", "event": "NewPoint", "EventSource": "Netlist Service", "HistoryName": "ExplorerRun.0", "logFile": "/home/dtvt_13/duyDUT/logs_dtvt_13/logs0/Service29.log", "logFileSize": "637604"}
\o [2026-04-16 00:51:26.606 +0700] [INFO] [cadence.virtuoso.ade.services.netlister] - Started netlisting {"point": 403, "testname": "gmIdwl_gmid2_1"}
\o Resetting statistical vars
\o 
\o *Info*    Setting parameter values ...
\o 
\o Setting var length = "20.2u"
\o 
\o *Info*    Netlist Directory =
\o           /home/dtvt_13/simulation/gmIdwl/gmid2/maestro/results/maestro/ExplorerRun.0/403/gmIdwl_gmid2_1/netlist
\o 
\o 
\o *Info*    Data Directory    =
\o           /home/dtvt_13/simulation/gmIdwl/gmid2/maestro/results/maestro/ExplorerRun.0/403/gmIdwl_gmid2_1
\o 
\o Reusing AHDL Data dir
\o generate netlist...
\o Ignoring netlist creation since ignoreDesignChangesDuringRun is set to true
\o       ...successful.
\o compose simulator input file...
\o       ...successful.
\o [2026-04-16 00:51:26.987 +0700] [PROCESS] [cadence.virtuoso.ade.services.netlister] - Current memory used: 522.7656 MBytes, peak memory used: 522.7695 MBytes {"hostname": "dtvt_13", "processid": 30914, "testname": "gmIdwl_gmid2_1", "point": 403, "logfile": "/home/dtvt_13/duyDUT/logs_dtvt_13/logs0/Service29.log"}
\o [2026-04-16 00:51:26.988 +0700] [INFO] [cadence.virtuoso.ade.services.netlister] - Finished netlisting {"point": 403, "testname": "gmIdwl_gmid2_1"}
\o [2026-04-16 00:51:26.990 +0700] [EVENT] [cadence.virtuoso.ade.services.netlister] - NewPoint {"point": 404, "testname": "gmIdwl_gmid2_1", "event": "NewPoint", "EventSource": "Netlist Service", "HistoryName": "ExplorerRun.0", "logFile": "/home/dtvt_13/duyDUT/logs_dtvt_13/logs0/Service29.log", "logFileSize": "639171"}
\o [2026-04-16 00:51:26.990 +0700] [INFO] [cadence.virtuoso.ade.services.netlister] - Started netlisting {"point": 404, "testname": "gmIdwl_gmid2_1"}
\o Resetting statistical vars
\o 
\o *Info*    Setting parameter values ...
\o 
\o Setting var length = "20.25u"
\o 
\o *Info*    Netlist Directory =
\o           /home/dtvt_13/simulation/gmIdwl/gmid2/maestro/results/maestro/ExplorerRun.0/404/gmIdwl_gmid2_1/netlist
\o 
\o 
\o *Info*    Data Directory    =
\o           /home/dtvt_13/simulation/gmIdwl/gmid2/maestro/results/maestro/ExplorerRun.0/404/gmIdwl_gmid2_1
\o 
\o Reusing AHDL Data dir
\o generate netlist...
\o Ignoring netlist creation since ignoreDesignChangesDuringRun is set to true
\o       ...successful.
\o compose simulator input file...
\o       ...successful.
\o [2026-04-16 00:51:27.478 +0700] [PROCESS] [cadence.virtuoso.ade.services.netlister] - Current memory used: 522.7656 MBytes, peak memory used: 522.7695 MBytes {"hostname": "dtvt_13", "processid": 30914, "testname": "gmIdwl_gmid2_1", "point": 404, "logfile": "/home/dtvt_13/duyDUT/logs_dtvt_13/logs0/Service29.log"}
\o [2026-04-16 00:51:27.479 +0700] [INFO] [cadence.virtuoso.ade.services.netlister] - Finished netlisting {"point": 404, "testname": "gmIdwl_gmid2_1"}
\o [2026-04-16 00:51:27.480 +0700] [EVENT] [cadence.virtuoso.ade.services.netlister] - NewPoint {"point": 405, "testname": "gmIdwl_gmid2_1", "event": "NewPoint", "EventSource": "Netlist Service", "HistoryName": "ExplorerRun.0", "logFile": "/home/dtvt_13/duyDUT/logs_dtvt_13/logs0/Service29.log", "logFileSize": "640739"}
\o [2026-04-16 00:51:27.481 +0700] [INFO] [cadence.virtuoso.ade.services.netlister] - Started netlisting {"point": 405, "testname": "gmIdwl_gmid2_1"}
\o Resetting statistical vars
\o 
\o *Info*    Setting parameter values ...
\o 
\o Setting var length = "20.3u"
\o 
\o *Info*    Netlist Directory =
\o           /home/dtvt_13/simulation/gmIdwl/gmid2/maestro/results/maestro/ExplorerRun.0/405/gmIdwl_gmid2_1/netlist
\o 
\o 
\o *Info*    Data Directory    =
\o           /home/dtvt_13/simulation/gmIdwl/gmid2/maestro/results/maestro/ExplorerRun.0/405/gmIdwl_gmid2_1
\o 
\o Reusing AHDL Data dir
\o generate netlist...
\o Ignoring netlist creation since ignoreDesignChangesDuringRun is set to true
\o       ...successful.
\o compose simulator input file...
\o       ...successful.
\o [2026-04-16 00:51:27.879 +0700] [PROCESS] [cadence.virtuoso.ade.services.netlister] - Current memory used: 522.7656 MBytes, peak memory used: 522.7695 MBytes {"hostname": "dtvt_13", "processid": 30914, "testname": "gmIdwl_gmid2_1", "point": 405, "logfile": "/home/dtvt_13/duyDUT/logs_dtvt_13/logs0/Service29.log"}
\o [2026-04-16 00:51:27.880 +0700] [INFO] [cadence.virtuoso.ade.services.netlister] - Finished netlisting {"point": 405, "testname": "gmIdwl_gmid2_1"}
\o [2026-04-16 00:51:27.881 +0700] [EVENT] [cadence.virtuoso.ade.services.netlister] - NewPoint {"point": 406, "testname": "gmIdwl_gmid2_1", "event": "NewPoint", "EventSource": "Netlist Service", "HistoryName": "ExplorerRun.0", "logFile": "/home/dtvt_13/duyDUT/logs_dtvt_13/logs0/Service29.log", "logFileSize": "642306"}
\o [2026-04-16 00:51:27.882 +0700] [INFO] [cadence.virtuoso.ade.services.netlister] - Started netlisting {"point": 406, "testname": "gmIdwl_gmid2_1"}
\o Resetting statistical vars
\o 
\o *Info*    Setting parameter values ...
\o 
\o Setting var length = "20.35u"
\o 
\o *Info*    Netlist Directory =
\o           /home/dtvt_13/simulation/gmIdwl/gmid2/maestro/results/maestro/ExplorerRun.0/406/gmIdwl_gmid2_1/netlist
\o 
\o 
\o *Info*    Data Directory    =
\o           /home/dtvt_13/simulation/gmIdwl/gmid2/maestro/results/maestro/ExplorerRun.0/406/gmIdwl_gmid2_1
\o 
\o Reusing AHDL Data dir
\o generate netlist...
\o Ignoring netlist creation since ignoreDesignChangesDuringRun is set to true
\o       ...successful.
\o compose simulator input file...
\o       ...successful.
\o [2026-04-16 00:51:28.310 +0700] [PROCESS] [cadence.virtuoso.ade.services.netlister] - Current memory used: 522.7656 MBytes, peak memory used: 522.7695 MBytes {"hostname": "dtvt_13", "processid": 30914, "testname": "gmIdwl_gmid2_1", "point": 406, "logfile": "/home/dtvt_13/duyDUT/logs_dtvt_13/logs0/Service29.log"}
\o [2026-04-16 00:51:28.311 +0700] [INFO] [cadence.virtuoso.ade.services.netlister] - Finished netlisting {"point": 406, "testname": "gmIdwl_gmid2_1"}
\o [2026-04-16 00:51:28.313 +0700] [EVENT] [cadence.virtuoso.ade.services.netlister] - NewPoint {"point": 407, "testname": "gmIdwl_gmid2_1", "event": "NewPoint", "EventSource": "Netlist Service", "HistoryName": "ExplorerRun.0", "logFile": "/home/dtvt_13/duyDUT/logs_dtvt_13/logs0/Service29.log", "logFileSize": "643874"}
\o [2026-04-16 00:51:28.313 +0700] [INFO] [cadence.virtuoso.ade.services.netlister] - Started netlisting {"point": 407, "testname": "gmIdwl_gmid2_1"}
\o Resetting statistical vars
\o 
\o *Info*    Setting parameter values ...
\o 
\o Setting var length = "20.4u"
\o 
\o *Info*    Netlist Directory =
\o           /home/dtvt_13/simulation/gmIdwl/gmid2/maestro/results/maestro/ExplorerRun.0/407/gmIdwl_gmid2_1/netlist
\o 
\o 
\o *Info*    Data Directory    =
\o           /home/dtvt_13/simulation/gmIdwl/gmid2/maestro/results/maestro/ExplorerRun.0/407/gmIdwl_gmid2_1
\o 
\o Reusing AHDL Data dir
\o generate netlist...
\o Ignoring netlist creation since ignoreDesignChangesDuringRun is set to true
\o       ...successful.
\o compose simulator input file...
\o       ...successful.
\o [2026-04-16 00:51:28.732 +0700] [PROCESS] [cadence.virtuoso.ade.services.netlister] - Current memory used: 522.7656 MBytes, peak memory used: 522.7695 MBytes {"hostname": "dtvt_13", "processid": 30914, "testname": "gmIdwl_gmid2_1", "point": 407, "logfile": "/home/dtvt_13/duyDUT/logs_dtvt_13/logs0/Service29.log"}
\o [2026-04-16 00:51:28.733 +0700] [INFO] [cadence.virtuoso.ade.services.netlister] - Finished netlisting {"point": 407, "testname": "gmIdwl_gmid2_1"}
\o [2026-04-16 00:51:28.735 +0700] [EVENT] [cadence.virtuoso.ade.services.netlister] - NewPoint {"point": 408, "testname": "gmIdwl_gmid2_1", "event": "NewPoint", "EventSource": "Netlist Service", "HistoryName": "ExplorerRun.0", "logFile": "/home/dtvt_13/duyDUT/logs_dtvt_13/logs0/Service29.log", "logFileSize": "645441"}
\o [2026-04-16 00:51:28.736 +0700] [INFO] [cadence.virtuoso.ade.services.netlister] - Started netlisting {"point": 408, "testname": "gmIdwl_gmid2_1"}
\o Resetting statistical vars
\o 
\o *Info*    Setting parameter values ...
\o 
\o Setting var length = "20.45u"
\o 
\o *Info*    Netlist Directory =
\o           /home/dtvt_13/simulation/gmIdwl/gmid2/maestro/results/maestro/ExplorerRun.0/408/gmIdwl_gmid2_1/netlist
\o 
\o 
\o *Info*    Data Directory    =
\o           /home/dtvt_13/simulation/gmIdwl/gmid2/maestro/results/maestro/ExplorerRun.0/408/gmIdwl_gmid2_1
\o 
\o Reusing AHDL Data dir
\o generate netlist...
\o Ignoring netlist creation since ignoreDesignChangesDuringRun is set to true
\o       ...successful.
\o compose simulator input file...
\o       ...successful.
\o [2026-04-16 00:51:29.127 +0700] [PROCESS] [cadence.virtuoso.ade.services.netlister] - Current memory used: 522.7656 MBytes, peak memory used: 522.7695 MBytes {"hostname": "dtvt_13", "processid": 30914, "testname": "gmIdwl_gmid2_1", "point": 408, "logfile": "/home/dtvt_13/duyDUT/logs_dtvt_13/logs0/Service29.log"}
\o [2026-04-16 00:51:29.128 +0700] [INFO] [cadence.virtuoso.ade.services.netlister] - Finished netlisting {"point": 408, "testname": "gmIdwl_gmid2_1"}
\o [2026-04-16 00:51:29.130 +0700] [EVENT] [cadence.virtuoso.ade.services.netlister] - NewPoint {"point": 409, "testname": "gmIdwl_gmid2_1", "event": "NewPoint", "EventSource": "Netlist Service", "HistoryName": "ExplorerRun.0", "logFile": "/home/dtvt_13/duyDUT/logs_dtvt_13/logs0/Service29.log", "logFileSize": "647009"}
\o [2026-04-16 00:51:29.131 +0700] [INFO] [cadence.virtuoso.ade.services.netlister] - Started netlisting {"point": 409, "testname": "gmIdwl_gmid2_1"}
\o Resetting statistical vars
\o 
\o *Info*    Setting parameter values ...
\o 
\o Setting var length = "20.5u"
\o 
\o *Info*    Netlist Directory =
\o           /home/dtvt_13/simulation/gmIdwl/gmid2/maestro/results/maestro/ExplorerRun.0/409/gmIdwl_gmid2_1/netlist
\o 
\o 
\o *Info*    Data Directory    =
\o           /home/dtvt_13/simulation/gmIdwl/gmid2/maestro/results/maestro/ExplorerRun.0/409/gmIdwl_gmid2_1
\o 
\o Reusing AHDL Data dir
\o generate netlist...
\o Ignoring netlist creation since ignoreDesignChangesDuringRun is set to true
\o       ...successful.
\o compose simulator input file...
\o       ...successful.
\o [2026-04-16 00:51:29.670 +0700] [PROCESS] [cadence.virtuoso.ade.services.netlister] - Current memory used: 522.7656 MBytes, peak memory used: 522.7695 MBytes {"hostname": "dtvt_13", "processid": 30914, "testname": "gmIdwl_gmid2_1", "point": 409, "logfile": "/home/dtvt_13/duyDUT/logs_dtvt_13/logs0/Service29.log"}
\o [2026-04-16 00:51:29.671 +0700] [INFO] [cadence.virtuoso.ade.services.netlister] - Finished netlisting {"point": 409, "testname": "gmIdwl_gmid2_1"}
\o [2026-04-16 00:51:29.673 +0700] [EVENT] [cadence.virtuoso.ade.services.netlister] - NewPoint {"point": 410, "testname": "gmIdwl_gmid2_1", "event": "NewPoint", "EventSource": "Netlist Service", "HistoryName": "ExplorerRun.0", "logFile": "/home/dtvt_13/duyDUT/logs_dtvt_13/logs0/Service29.log", "logFileSize": "648576"}
\o [2026-04-16 00:51:29.673 +0700] [INFO] [cadence.virtuoso.ade.services.netlister] - Started netlisting {"point": 410, "testname": "gmIdwl_gmid2_1"}
\o Resetting statistical vars
\o 
\o *Info*    Setting parameter values ...
\o 
\o Setting var length = "20.55u"
\o 
\o *Info*    Netlist Directory =
\o           /home/dtvt_13/simulation/gmIdwl/gmid2/maestro/results/maestro/ExplorerRun.0/410/gmIdwl_gmid2_1/netlist
\o 
\o 
\o *Info*    Data Directory    =
\o           /home/dtvt_13/simulation/gmIdwl/gmid2/maestro/results/maestro/ExplorerRun.0/410/gmIdwl_gmid2_1
\o 
\o Reusing AHDL Data dir
\o generate netlist...
\o Ignoring netlist creation since ignoreDesignChangesDuringRun is set to true
\o       ...successful.
\o compose simulator input file...
\o       ...successful.
\o [2026-04-16 00:51:30.047 +0700] [PROCESS] [cadence.virtuoso.ade.services.netlister] - Current memory used: 522.7656 MBytes, peak memory used: 522.7695 MBytes {"hostname": "dtvt_13", "processid": 30914, "testname": "gmIdwl_gmid2_1", "point": 410, "logfile": "/home/dtvt_13/duyDUT/logs_dtvt_13/logs0/Service29.log"}
\o [2026-04-16 00:51:30.048 +0700] [INFO] [cadence.virtuoso.ade.services.netlister] - Finished netlisting {"point": 410, "testname": "gmIdwl_gmid2_1"}
\o [2026-04-16 00:51:30.049 +0700] [EVENT] [cadence.virtuoso.ade.services.netlister] - NewPoint {"point": 411, "testname": "gmIdwl_gmid2_1", "event": "NewPoint", "EventSource": "Netlist Service", "HistoryName": "ExplorerRun.0", "logFile": "/home/dtvt_13/duyDUT/logs_dtvt_13/logs0/Service29.log", "logFileSize": "650144"}
\o [2026-04-16 00:51:30.049 +0700] [INFO] [cadence.virtuoso.ade.services.netlister] - Started netlisting {"point": 411, "testname": "gmIdwl_gmid2_1"}
\o Resetting statistical vars
\o 
\o *Info*    Setting parameter values ...
\o 
\o Setting var length = "20.6u"
\o 
\o *Info*    Netlist Directory =
\o           /home/dtvt_13/simulation/gmIdwl/gmid2/maestro/results/maestro/ExplorerRun.0/411/gmIdwl_gmid2_1/netlist
\o 
\o 
\o *Info*    Data Directory    =
\o           /home/dtvt_13/simulation/gmIdwl/gmid2/maestro/results/maestro/ExplorerRun.0/411/gmIdwl_gmid2_1
\o 
\o Reusing AHDL Data dir
\o generate netlist...
\o Ignoring netlist creation since ignoreDesignChangesDuringRun is set to true
\o       ...successful.
\o compose simulator input file...
\o       ...successful.
\o [2026-04-16 00:51:30.453 +0700] [PROCESS] [cadence.virtuoso.ade.services.netlister] - Current memory used: 522.7656 MBytes, peak memory used: 522.7695 MBytes {"hostname": "dtvt_13", "processid": 30914, "testname": "gmIdwl_gmid2_1", "point": 411, "logfile": "/home/dtvt_13/duyDUT/logs_dtvt_13/logs0/Service29.log"}
\o [2026-04-16 00:51:30.454 +0700] [INFO] [cadence.virtuoso.ade.services.netlister] - Finished netlisting {"point": 411, "testname": "gmIdwl_gmid2_1"}
\o [2026-04-16 00:51:30.456 +0700] [EVENT] [cadence.virtuoso.ade.services.netlister] - NewPoint {"point": 412, "testname": "gmIdwl_gmid2_1", "event": "NewPoint", "EventSource": "Netlist Service", "HistoryName": "ExplorerRun.0", "logFile": "/home/dtvt_13/duyDUT/logs_dtvt_13/logs0/Service29.log", "logFileSize": "651711"}
\o [2026-04-16 00:51:30.456 +0700] [INFO] [cadence.virtuoso.ade.services.netlister] - Started netlisting {"point": 412, "testname": "gmIdwl_gmid2_1"}
\o Resetting statistical vars
\o 
\o *Info*    Setting parameter values ...
\o 
\o Setting var length = "20.65u"
\o 
\o *Info*    Netlist Directory =
\o           /home/dtvt_13/simulation/gmIdwl/gmid2/maestro/results/maestro/ExplorerRun.0/412/gmIdwl_gmid2_1/netlist
\o 
\o 
\o *Info*    Data Directory    =
\o           /home/dtvt_13/simulation/gmIdwl/gmid2/maestro/results/maestro/ExplorerRun.0/412/gmIdwl_gmid2_1
\o 
\o Reusing AHDL Data dir
\o generate netlist...
\o Ignoring netlist creation since ignoreDesignChangesDuringRun is set to true
\o       ...successful.
\o compose simulator input file...
\o       ...successful.
\o [2026-04-16 00:51:30.840 +0700] [PROCESS] [cadence.virtuoso.ade.services.netlister] - Current memory used: 522.7656 MBytes, peak memory used: 522.7695 MBytes {"hostname": "dtvt_13", "processid": 30914, "testname": "gmIdwl_gmid2_1", "point": 412, "logfile": "/home/dtvt_13/duyDUT/logs_dtvt_13/logs0/Service29.log"}
\o [2026-04-16 00:51:30.840 +0700] [INFO] [cadence.virtuoso.ade.services.netlister] - Finished netlisting {"point": 412, "testname": "gmIdwl_gmid2_1"}
\o [2026-04-16 00:51:30.842 +0700] [EVENT] [cadence.virtuoso.ade.services.netlister] - NewPoint {"point": 413, "testname": "gmIdwl_gmid2_1", "event": "NewPoint", "EventSource": "Netlist Service", "HistoryName": "ExplorerRun.0", "logFile": "/home/dtvt_13/duyDUT/logs_dtvt_13/logs0/Service29.log", "logFileSize": "653279"}
\o [2026-04-16 00:51:30.842 +0700] [INFO] [cadence.virtuoso.ade.services.netlister] - Started netlisting {"point": 413, "testname": "gmIdwl_gmid2_1"}
\o Resetting statistical vars
\o 
\o *Info*    Setting parameter values ...
\o 
\o Setting var length = "20.7u"
\o 
\o *Info*    Netlist Directory =
\o           /home/dtvt_13/simulation/gmIdwl/gmid2/maestro/results/maestro/ExplorerRun.0/413/gmIdwl_gmid2_1/netlist
\o 
\o 
\o *Info*    Data Directory    =
\o           /home/dtvt_13/simulation/gmIdwl/gmid2/maestro/results/maestro/ExplorerRun.0/413/gmIdwl_gmid2_1
\o 
\o Reusing AHDL Data dir
\o generate netlist...
\o Ignoring netlist creation since ignoreDesignChangesDuringRun is set to true
\o       ...successful.
\o compose simulator input file...
\o       ...successful.
\o [2026-04-16 00:51:31.182 +0700] [PROCESS] [cadence.virtuoso.ade.services.netlister] - Current memory used: 522.7656 MBytes, peak memory used: 522.7695 MBytes {"hostname": "dtvt_13", "processid": 30914, "testname": "gmIdwl_gmid2_1", "point": 413, "logfile": "/home/dtvt_13/duyDUT/logs_dtvt_13/logs0/Service29.log"}
\o [2026-04-16 00:51:31.182 +0700] [INFO] [cadence.virtuoso.ade.services.netlister] - Finished netlisting {"point": 413, "testname": "gmIdwl_gmid2_1"}
\o [2026-04-16 00:51:31.183 +0700] [EVENT] [cadence.virtuoso.ade.services.netlister] - NewPoint {"point": 414, "testname": "gmIdwl_gmid2_1", "event": "NewPoint", "EventSource": "Netlist Service", "HistoryName": "ExplorerRun.0", "logFile": "/home/dtvt_13/duyDUT/logs_dtvt_13/logs0/Service29.log", "logFileSize": "654846"}
\o [2026-04-16 00:51:31.183 +0700] [INFO] [cadence.virtuoso.ade.services.netlister] - Started netlisting {"point": 414, "testname": "gmIdwl_gmid2_1"}
\o Resetting statistical vars
\o 
\o *Info*    Setting parameter values ...
\o 
\o Setting var length = "20.75u"
\o 
\o *Info*    Netlist Directory =
\o           /home/dtvt_13/simulation/gmIdwl/gmid2/maestro/results/maestro/ExplorerRun.0/414/gmIdwl_gmid2_1/netlist
\o 
\o 
\o *Info*    Data Directory    =
\o           /home/dtvt_13/simulation/gmIdwl/gmid2/maestro/results/maestro/ExplorerRun.0/414/gmIdwl_gmid2_1
\o 
\o Reusing AHDL Data dir
\o generate netlist...
\o Ignoring netlist creation since ignoreDesignChangesDuringRun is set to true
\o       ...successful.
\o compose simulator input file...
\o       ...successful.
\o [2026-04-16 00:51:31.510 +0700] [PROCESS] [cadence.virtuoso.ade.services.netlister] - Current memory used: 522.7656 MBytes, peak memory used: 522.7695 MBytes {"hostname": "dtvt_13", "processid": 30914, "testname": "gmIdwl_gmid2_1", "point": 414, "logfile": "/home/dtvt_13/duyDUT/logs_dtvt_13/logs0/Service29.log"}
\o [2026-04-16 00:51:31.511 +0700] [INFO] [cadence.virtuoso.ade.services.netlister] - Finished netlisting {"point": 414, "testname": "gmIdwl_gmid2_1"}
\o [2026-04-16 00:51:31.513 +0700] [EVENT] [cadence.virtuoso.ade.services.netlister] - NewPoint {"point": 415, "testname": "gmIdwl_gmid2_1", "event": "NewPoint", "EventSource": "Netlist Service", "HistoryName": "ExplorerRun.0", "logFile": "/home/dtvt_13/duyDUT/logs_dtvt_13/logs0/Service29.log", "logFileSize": "656414"}
\o [2026-04-16 00:51:31.513 +0700] [INFO] [cadence.virtuoso.ade.services.netlister] - Started netlisting {"point": 415, "testname": "gmIdwl_gmid2_1"}
\o Resetting statistical vars
\o 
\o *Info*    Setting parameter values ...
\o 
\o Setting var length = "20.8u"
\o 
\o *Info*    Netlist Directory =
\o           /home/dtvt_13/simulation/gmIdwl/gmid2/maestro/results/maestro/ExplorerRun.0/415/gmIdwl_gmid2_1/netlist
\o 
\o 
\o *Info*    Data Directory    =
\o           /home/dtvt_13/simulation/gmIdwl/gmid2/maestro/results/maestro/ExplorerRun.0/415/gmIdwl_gmid2_1
\o 
\o Reusing AHDL Data dir
\o generate netlist...
\o Ignoring netlist creation since ignoreDesignChangesDuringRun is set to true
\o       ...successful.
\o compose simulator input file...
\o       ...successful.
\o [2026-04-16 00:51:31.945 +0700] [PROCESS] [cadence.virtuoso.ade.services.netlister] - Current memory used: 522.7656 MBytes, peak memory used: 522.7695 MBytes {"hostname": "dtvt_13", "processid": 30914, "testname": "gmIdwl_gmid2_1", "point": 415, "logfile": "/home/dtvt_13/duyDUT/logs_dtvt_13/logs0/Service29.log"}
\o [2026-04-16 00:51:31.946 +0700] [INFO] [cadence.virtuoso.ade.services.netlister] - Finished netlisting {"point": 415, "testname": "gmIdwl_gmid2_1"}
\o [2026-04-16 00:51:31.949 +0700] [EVENT] [cadence.virtuoso.ade.services.netlister] - NewPoint {"point": 416, "testname": "gmIdwl_gmid2_1", "event": "NewPoint", "EventSource": "Netlist Service", "HistoryName": "ExplorerRun.0", "logFile": "/home/dtvt_13/duyDUT/logs_dtvt_13/logs0/Service29.log", "logFileSize": "657981"}
\o [2026-04-16 00:51:31.949 +0700] [INFO] [cadence.virtuoso.ade.services.netlister] - Started netlisting {"point": 416, "testname": "gmIdwl_gmid2_1"}
\o Resetting statistical vars
\o 
\o *Info*    Setting parameter values ...
\o 
\o Setting var length = "20.85u"
\o 
\o *Info*    Netlist Directory =
\o           /home/dtvt_13/simulation/gmIdwl/gmid2/maestro/results/maestro/ExplorerRun.0/416/gmIdwl_gmid2_1/netlist
\o 
\o 
\o *Info*    Data Directory    =
\o           /home/dtvt_13/simulation/gmIdwl/gmid2/maestro/results/maestro/ExplorerRun.0/416/gmIdwl_gmid2_1
\o 
\o Reusing AHDL Data dir
\o generate netlist...
\o Ignoring netlist creation since ignoreDesignChangesDuringRun is set to true
\o       ...successful.
\o compose simulator input file...
\o       ...successful.
\o [2026-04-16 00:51:32.298 +0700] [PROCESS] [cadence.virtuoso.ade.services.netlister] - Current memory used: 522.7656 MBytes, peak memory used: 522.7695 MBytes {"hostname": "dtvt_13", "processid": 30914, "testname": "gmIdwl_gmid2_1", "point": 416, "logfile": "/home/dtvt_13/duyDUT/logs_dtvt_13/logs0/Service29.log"}
\o [2026-04-16 00:51:32.298 +0700] [INFO] [cadence.virtuoso.ade.services.netlister] - Finished netlisting {"point": 416, "testname": "gmIdwl_gmid2_1"}
\o [2026-04-16 00:51:32.299 +0700] [EVENT] [cadence.virtuoso.ade.services.netlister] - NewPoint {"point": 417, "testname": "gmIdwl_gmid2_1", "event": "NewPoint", "EventSource": "Netlist Service", "HistoryName": "ExplorerRun.0", "logFile": "/home/dtvt_13/duyDUT/logs_dtvt_13/logs0/Service29.log", "logFileSize": "659549"}
\o [2026-04-16 00:51:32.300 +0700] [INFO] [cadence.virtuoso.ade.services.netlister] - Started netlisting {"point": 417, "testname": "gmIdwl_gmid2_1"}
\o Resetting statistical vars
\o 
\o *Info*    Setting parameter values ...
\o 
\o Setting var length = "20.9u"
\o 
\o *Info*    Netlist Directory =
\o           /home/dtvt_13/simulation/gmIdwl/gmid2/maestro/results/maestro/ExplorerRun.0/417/gmIdwl_gmid2_1/netlist
\o 
\o 
\o *Info*    Data Directory    =
\o           /home/dtvt_13/simulation/gmIdwl/gmid2/maestro/results/maestro/ExplorerRun.0/417/gmIdwl_gmid2_1
\o 
\o Reusing AHDL Data dir
\o generate netlist...
\o Ignoring netlist creation since ignoreDesignChangesDuringRun is set to true
\o       ...successful.
\o compose simulator input file...
\o       ...successful.
\o [2026-04-16 00:51:32.642 +0700] [PROCESS] [cadence.virtuoso.ade.services.netlister] - Current memory used: 522.7656 MBytes, peak memory used: 522.7695 MBytes {"hostname": "dtvt_13", "processid": 30914, "testname": "gmIdwl_gmid2_1", "point": 417, "logfile": "/home/dtvt_13/duyDUT/logs_dtvt_13/logs0/Service29.log"}
\o [2026-04-16 00:51:32.643 +0700] [INFO] [cadence.virtuoso.ade.services.netlister] - Finished netlisting {"point": 417, "testname": "gmIdwl_gmid2_1"}
\o [2026-04-16 00:51:32.645 +0700] [EVENT] [cadence.virtuoso.ade.services.netlister] - NewPoint {"point": 418, "testname": "gmIdwl_gmid2_1", "event": "NewPoint", "EventSource": "Netlist Service", "HistoryName": "ExplorerRun.0", "logFile": "/home/dtvt_13/duyDUT/logs_dtvt_13/logs0/Service29.log", "logFileSize": "661116"}
\o [2026-04-16 00:51:32.645 +0700] [INFO] [cadence.virtuoso.ade.services.netlister] - Started netlisting {"point": 418, "testname": "gmIdwl_gmid2_1"}
\o Resetting statistical vars
\o 
\o *Info*    Setting parameter values ...
\o 
\o Setting var length = "20.95u"
\o 
\o *Info*    Netlist Directory =
\o           /home/dtvt_13/simulation/gmIdwl/gmid2/maestro/results/maestro/ExplorerRun.0/418/gmIdwl_gmid2_1/netlist
\o 
\o 
\o *Info*    Data Directory    =
\o           /home/dtvt_13/simulation/gmIdwl/gmid2/maestro/results/maestro/ExplorerRun.0/418/gmIdwl_gmid2_1
\o 
\o Reusing AHDL Data dir
\o generate netlist...
\o Ignoring netlist creation since ignoreDesignChangesDuringRun is set to true
\o       ...successful.
\o compose simulator input file...
\o       ...successful.
\o [2026-04-16 00:51:33.089 +0700] [PROCESS] [cadence.virtuoso.ade.services.netlister] - Current memory used: 522.7656 MBytes, peak memory used: 522.7695 MBytes {"hostname": "dtvt_13", "processid": 30914, "testname": "gmIdwl_gmid2_1", "point": 418, "logfile": "/home/dtvt_13/duyDUT/logs_dtvt_13/logs0/Service29.log"}
\o [2026-04-16 00:51:33.090 +0700] [INFO] [cadence.virtuoso.ade.services.netlister] - Finished netlisting {"point": 418, "testname": "gmIdwl_gmid2_1"}
\o [2026-04-16 00:51:33.092 +0700] [EVENT] [cadence.virtuoso.ade.services.netlister] - NewPoint {"point": 419, "testname": "gmIdwl_gmid2_1", "event": "NewPoint", "EventSource": "Netlist Service", "HistoryName": "ExplorerRun.0", "logFile": "/home/dtvt_13/duyDUT/logs_dtvt_13/logs0/Service29.log", "logFileSize": "662684"}
\o [2026-04-16 00:51:33.092 +0700] [INFO] [cadence.virtuoso.ade.services.netlister] - Started netlisting {"point": 419, "testname": "gmIdwl_gmid2_1"}
\o Resetting statistical vars
\o 
\o *Info*    Setting parameter values ...
\o 
\o Setting var length = "21u"
\o 
\o *Info*    Netlist Directory =
\o           /home/dtvt_13/simulation/gmIdwl/gmid2/maestro/results/maestro/ExplorerRun.0/419/gmIdwl_gmid2_1/netlist
\o 
\o 
\o *Info*    Data Directory    =
\o           /home/dtvt_13/simulation/gmIdwl/gmid2/maestro/results/maestro/ExplorerRun.0/419/gmIdwl_gmid2_1
\o 
\o Reusing AHDL Data dir
\o generate netlist...
\o Ignoring netlist creation since ignoreDesignChangesDuringRun is set to true
\o       ...successful.
\o compose simulator input file...
\o       ...successful.
\o [2026-04-16 00:51:33.542 +0700] [PROCESS] [cadence.virtuoso.ade.services.netlister] - Current memory used: 522.9492 MBytes, peak memory used: 522.9531 MBytes {"hostname": "dtvt_13", "processid": 30914, "testname": "gmIdwl_gmid2_1", "point": 419, "logfile": "/home/dtvt_13/duyDUT/logs_dtvt_13/logs0/Service29.log"}
\o [2026-04-16 00:51:33.593 +0700] [INFO] [cadence.virtuoso.ade.services.netlister] - Finished netlisting {"point": 419, "testname": "gmIdwl_gmid2_1"}
\o Simulation design variables differ from those on the cellView,
\o they have been saved in the file "/tmp/saved-design-variables".
\o To save future changes, copy variables to cellView before exiting.
\# Lic Summary:
\# [00:56:35.109681] Cdslmd servers:5280@192.168.32.10
\# [00:56:35.109714] Feature usage summary:
\# Memory report: on exit            672 MB, process size 2,394 MB at UTC 2026.04.15 17:56:35.109
\# Memory report: peak usage         672 MB, process size 2,394 MB
