[ADE GUI: f624da3a-8d29-4025-a874-cfda1b804c46]
[2026-04-12 23:38:54.668 +0700] [PROCESS] [cadence.virtuoso.ade.gui] - /home/dtvt_13/duyDUT/.tmp_dtvt_13/.cmddir0/swiftLoggingService0 is starting {"logfile": "/home/dtvt_13/duyDUT/logs_dtvt_13/logs0/LoggingService0.log"}
[2026-04-12 23:38:54.773 +0700] [PROCESS] [cadence.virtuoso.ade.gui] - /home/dtvt_13/duyDUT/.tmp_dtvt_13/.cmddir0/swiftNetlistService1 is starting {"logfile": "/home/dtvt_13/duyDUT/logs_dtvt_13/logs0/Service1.log"}
[2026-04-12 23:38:54.774 +0700] [PROCESS] [cadence.virtuoso.ade.gui] - Logging Service '14905' is starting up on host 'dtvt_13' {"logfile": "/home/dtvt_13/duyDUT/logs_dtvt_13/logs0/LoggingService0.log"}
[2026-04-12 23:38:55.850 +0700] [PROCESS] [cadence.virtuoso.ade.gui] - Netlist Service '14960' is starting up on host 'dtvt_13' {"logfile": "/home/dtvt_13/duyDUT/logs_dtvt_13/logs0/Service1.log"}
[2026-04-12 23:39:47.084 +0700] [WARN] [cadence.virtuoso.ade.gui] - Following tests do not have any outputs selected for plotting:
gmIdwl_NMOS_1
 {"detailed_message": "", "message_id": "EXPLORER-1617"}
[2026-04-12 23:39:47.200 +0700] [EVENT] [cadence.virtuoso.ade.gui] - NewHistoryCreated {"history": "ExplorerRun.0", "event": "NewHistoryCreated", "EventSource": "ADE GUI", "HistoryName": "ExplorerRun.0", "WorkDir": "/home/dtvt_13/duyDUT", "HistorySimDir": "/home/dtvt_13/simulation/gmIdwl/NMOSgmid/maestro/results/maestro/ExplorerRun.0", "HistoryResultsDir": "/home/dtvt_13/duyDUT/skywater130/gmIdwl/NMOSgmid/maestro/results/maestro"}
[2026-04-12 23:39:47.201 +0700] [PROCESS] [cadence.virtuoso.ade.gui] - History Setup {"hostname": "dtvt_13", "processid": 13079, "history": "ExplorerRun.0", "logfile": "/home/dtvt_13/duyDUT/logs_dtvt_13/logs0/virtuoso_ade_debug.log", "jobmode": "LSCS", "runmode": "Single Run, Sweeps and Corners", "lib": "gmIdwl", "cell": "NMOSgmid", "view": "maestro", "icversion": "sub-version  IC6.1.8-64b.500.28 ", "runstart": "Sun Apr 12 23:39:47 2026\n", "timezonelocal": "+000", "spectreversion": "unknown", "jobpolicyname": "", "maxjobs": "unknown", "ncjobpolicyname": "", "ncmaxjobs": "unknown", "numtests": "1", "runfinished": "unknown", "runelapsed": "-1", "numcorners": "1"}
[2026-04-12 23:39:47.509 +0700] [WARN] [cadence.virtuoso.ade.gui] - Could not find log file for Same Process Job 0. Log message for this job will be printed in the CDS log file. {"history": "ExplorerRun.0", "testname": "gmIdwl_NMOS_1", "detailed_message": "", "message_id": "EXPLORER-5028"}
[2026-04-12 23:39:47.984 +0700] [INFO] [cadence.virtuoso.ade.gui] - Simulation will use spectre batch mode because the GCC version used by Spectre and Virtuoso are not compatible. {"history": "ExplorerRun.0", "testname": "gmIdwl_NMOS_1", "detailed_message": "", "message_id": "EXPLORER-5024"}
[2026-04-12 23:39:48.096 +0700] [EVENT] [cadence.virtuoso.ade.pointevaluator] - NewPoint {"history": "ExplorerRun.0", "point": 1, "testname": "gmIdwl_NMOS_1", "event": "NewPoint", "EventSource": "ADE GUI", "HistoryName": "ExplorerRun.0", "logFile": "/home/dtvt_13/duyDUT/logs_dtvt_13/logs0/virtuoso_ade_debug.log", "logFileSize": "2776"}
[2026-04-12 23:39:48.097 +0700] [INFO] [cadence.virtuoso.ade.pointevaluator] - Started netlisting {"history": "ExplorerRun.0", "point": 1, "testname": "gmIdwl_NMOS_1"}
[2026-04-12 23:39:48.974 +0700] [INFO] [cadence.virtuoso.ade.pointevaluator] - Finished netlisting {"history": "ExplorerRun.0", "point": 1, "testname": "gmIdwl_NMOS_1"}
[2026-04-12 23:39:48.974 +0700] [INFO] [cadence.virtuoso.ade.pointevaluator] - Submitted {"history": "ExplorerRun.0", "point": 1, "testname": "gmIdwl_NMOS_1"}
[2026-04-12 23:39:52.475 +0700] [PROCESS] [cadence.virtuoso.ade.gui] - /home/dtvt_13/duyDUT/.tmp_dtvt_13/.cmddir0/swiftJob2 is starting {"logfile": "/home/dtvt_13/duyDUT/logs_dtvt_13/logs0/Job2.log"}
[2026-04-12 23:39:52.584 +0700] [PROCESS] [cadence.virtuoso.ade.gui] - Simulation Monitor process '15748' is starting up on host 'dtvt_13' {"logfile": "/home/dtvt_13/duyDUT/logs_dtvt_13/logs0/Job2.log"}
[2026-04-12 23:40:29.879 +0700] [ERROR] [cadence.virtuoso.ade.gui] - Simulation error {"history": "ExplorerRun.0", "point": 1, "testname": "gmIdwl_NMOS_1"}
[2026-04-12 23:40:30.002 +0700] [EVENT] [cadence.virtuoso.ade.gui] - HistoryFinished {"history": "ExplorerRun.0", "point": 1, "testname": "gmIdwl_NMOS_1", "event": "HistoryFinished", "EventSource": "ADE GUI", "HistoryName": "ExplorerRun.0"}
[2026-04-12 23:44:06.798 +0700] [PROCESS] [cadence.virtuoso.ade.gui] - Netlist Service '14960' stopped with exit code '0' {"logfile": "/home/dtvt_13/duyDUT/logs_dtvt_13/logs0/Service1.log"}
[2026-04-12 23:45:10.217 +0700] [PROCESS] [cadence.virtuoso.ade.gui] - /home/dtvt_13/duyDUT/.tmp_dtvt_13/.cmddir0/swiftLoggingService3 is starting {"logfile": "/home/dtvt_13/duyDUT/logs_dtvt_13/logs0/LoggingService3.log"}
[2026-04-12 23:45:10.321 +0700] [PROCESS] [cadence.virtuoso.ade.gui] - /home/dtvt_13/duyDUT/.tmp_dtvt_13/.cmddir0/swiftNetlistService4 is starting {"logfile": "/home/dtvt_13/duyDUT/logs_dtvt_13/logs0/Service4.log"}
[2026-04-12 23:45:10.322 +0700] [PROCESS] [cadence.virtuoso.ade.gui] - Logging Service '17688' is starting up on host 'dtvt_13' {"logfile": "/home/dtvt_13/duyDUT/logs_dtvt_13/logs0/LoggingService3.log"}
[2026-04-12 23:45:11.189 +0700] [PROCESS] [cadence.virtuoso.ade.gui] - Netlist Service '17721' is starting up on host 'dtvt_13' {"logfile": "/home/dtvt_13/duyDUT/logs_dtvt_13/logs0/Service4.log"}
[2026-04-12 23:46:01.042 +0700] [PROCESS] [cadence.virtuoso.ade.gui] - Logging Service '17688' stopped with exit code '0' {"logfile": "/home/dtvt_13/duyDUT/logs_dtvt_13/logs0/LoggingService3.log"}
[2026-04-12 23:46:51.236 +0700] [WARN] [cadence.virtuoso.ade.gui] - Following tests do not have any outputs selected for plotting:
gmIdwl_NMOS_1
 {"history": "ExplorerRun.0", "point": 1, "testname": "gmIdwl_NMOS_1", "detailed_message": "", "message_id": "EXPLORER-1617"}
[2026-04-12 23:46:51.289 +0700] [EVENT] [cadence.virtuoso.ade.gui] - NewHistoryCreated {"history": "ExplorerRun.0", "point": 1, "testname": "gmIdwl_NMOS_1", "event": "NewHistoryCreated", "EventSource": "ADE GUI", "HistoryName": "ExplorerRun.0", "WorkDir": "/home/dtvt_13/duyDUT", "HistorySimDir": "/home/dtvt_13/simulation/gmIdwl/NMOSgmid/maestro/results/maestro/ExplorerRun.0", "HistoryResultsDir": "/home/dtvt_13/duyDUT/skywater130/gmIdwl/NMOSgmid/maestro/results/maestro"}
[2026-04-12 23:46:51.293 +0700] [PROCESS] [cadence.virtuoso.ade.gui] - History Setup {"hostname": "dtvt_13", "processid": 13079, "history": "ExplorerRun.0", "testname": "gmIdwl_NMOS_1", "point": 1, "logfile": "/home/dtvt_13/duyDUT/logs_dtvt_13/logs0/virtuoso_ade_debug.log", "jobmode": "LSCS", "runmode": "Single Run, Sweeps and Corners", "lib": "gmIdwl", "cell": "NMOSgmid", "view": "maestro", "icversion": "sub-version  IC6.1.8-64b.500.28 ", "runstart": "Sun Apr 12 23:46:51 2026\n", "timezonelocal": "+000", "spectreversion": "unknown", "jobpolicyname": "", "maxjobs": "unknown", "ncjobpolicyname": "", "ncmaxjobs": "unknown", "numtests": "1", "runfinished": "unknown", "runelapsed": "-1", "numcorners": "1"}
[2026-04-12 23:46:51.978 +0700] [INFO] [cadence.virtuoso.ade.gui] - Simulation will use spectre batch mode because the GCC version used by Spectre and Virtuoso are not compatible. {"history": "ExplorerRun.0", "point": 1, "testname": "gmIdwl_NMOS_1", "detailed_message": "", "message_id": "EXPLORER-5024"}
[2026-04-12 23:46:52.004 +0700] [EVENT] [cadence.virtuoso.ade.pointevaluator] - NewPoint {"history": "ExplorerRun.0", "point": 1, "testname": "gmIdwl_NMOS_1", "event": "NewPoint", "EventSource": "ADE GUI", "HistoryName": "ExplorerRun.0", "logFile": "/home/dtvt_13/duyDUT/logs_dtvt_13/logs0/virtuoso_ade_debug.log", "logFileSize": "7397"}
[2026-04-12 23:46:52.005 +0700] [INFO] [cadence.virtuoso.ade.pointevaluator] - Started netlisting {"history": "ExplorerRun.0", "point": 1, "testname": "gmIdwl_NMOS_1"}
[2026-04-12 23:46:52.452 +0700] [INFO] [cadence.virtuoso.ade.pointevaluator] - Finished netlisting {"history": "ExplorerRun.0", "point": 1, "testname": "gmIdwl_NMOS_1"}
[2026-04-12 23:46:52.452 +0700] [INFO] [cadence.virtuoso.ade.pointevaluator] - Submitted {"history": "ExplorerRun.0", "point": 1, "testname": "gmIdwl_NMOS_1"}
[2026-04-12 23:46:56.428 +0700] [PROCESS] [cadence.virtuoso.ade.gui] - /home/dtvt_13/duyDUT/.tmp_dtvt_13/.cmddir0/swiftJob5 is starting {"logfile": "/home/dtvt_13/duyDUT/logs_dtvt_13/logs0/Job5.log"}
[2026-04-12 23:46:56.535 +0700] [PROCESS] [cadence.virtuoso.ade.gui] - Simulation Monitor process '18726' is starting up on host 'dtvt_13' {"logfile": "/home/dtvt_13/duyDUT/logs_dtvt_13/logs0/Job5.log"}
[2026-04-12 23:47:26.384 +0700] [PROCESS] [cadence.virtuoso.ade.gui] - ln: failed to create symbolic link '/home/dtvt_13/simulation/gmIdwl/NMOSgmid/maestro/results/maestro/ExplorerRun.0/1/gmIdwl_NMOS_1/netlist/exprOutputs.log': File exists
 {"logfile": "/home/dtvt_13/duyDUT/logs_dtvt_13/logs0/Job5.log"}
[2026-04-12 23:47:26.419 +0700] [PROCESS] [cadence.virtuoso.ade.gui] - ln: failed to create symbolic link '/home/dtvt_13/simulation/gmIdwl/NMOSgmid/maestro/results/maestro/ExplorerRun.0/1/gmIdwl_NMOS_1/netlist/amps_evaluator.log': File exists
 {"logfile": "/home/dtvt_13/duyDUT/logs_dtvt_13/logs0/Job5.log"}
[2026-04-12 23:47:26.879 +0700] [INFO] [cadence.virtuoso.ade.gui] - Point completed {"history": "ExplorerRun.0", "point": 1, "testname": "gmIdwl_NMOS_1"}
[2026-04-12 23:47:26.895 +0700] [EVENT] [cadence.virtuoso.ade.gui] - HistoryFinished {"history": "ExplorerRun.0", "point": 1, "testname": "gmIdwl_NMOS_1", "event": "HistoryFinished", "EventSource": "ADE GUI", "HistoryName": "ExplorerRun.0"}
[2026-04-12 23:49:09.082 +0700] [EVENT] [cadence.virtuoso.ade.gui] - NewHistoryCreated {"history": "ExplorerRun.0", "point": 1, "testname": "gmIdwl_NMOS_1", "event": "NewHistoryCreated", "EventSource": "ADE GUI", "HistoryName": "ExplorerRun.0", "WorkDir": "/home/dtvt_13/duyDUT", "HistorySimDir": "/home/dtvt_13/simulation/gmIdwl/NMOSgmid/maestro/results/maestro/ExplorerRun.0", "HistoryResultsDir": "/home/dtvt_13/duyDUT/skywater130/gmIdwl/NMOSgmid/maestro/results/maestro"}
[2026-04-12 23:49:09.085 +0700] [PROCESS] [cadence.virtuoso.ade.gui] - History Setup {"hostname": "dtvt_13", "processid": 13079, "history": "ExplorerRun.0", "testname": "gmIdwl_NMOS_1", "point": 1, "logfile": "/home/dtvt_13/duyDUT/logs_dtvt_13/logs0/virtuoso_ade_debug.log", "jobmode": "LSCS", "runmode": "Single Run, Sweeps and Corners", "lib": "gmIdwl", "cell": "NMOSgmid", "view": "maestro", "icversion": "sub-version  IC6.1.8-64b.500.28 ", "runstart": "Sun Apr 12 23:49:09 2026\n", "timezonelocal": "+000", "spectreversion": "unknown", "jobpolicyname": "", "maxjobs": "unknown", "ncjobpolicyname": "", "ncmaxjobs": "unknown", "numtests": "1", "runfinished": "unknown", "runelapsed": "-1", "numcorners": "1"}
[2026-04-12 23:49:09.853 +0700] [INFO] [cadence.virtuoso.ade.gui] - Simulation will use spectre batch mode because the GCC version used by Spectre and Virtuoso are not compatible. {"history": "ExplorerRun.0", "point": 1, "testname": "gmIdwl_NMOS_1", "detailed_message": "", "message_id": "EXPLORER-5024"}
[2026-04-12 23:49:09.880 +0700] [EVENT] [cadence.virtuoso.ade.pointevaluator] - NewPoint {"history": "ExplorerRun.0", "point": 1, "testname": "gmIdwl_NMOS_1", "event": "NewPoint", "EventSource": "ADE GUI", "HistoryName": "ExplorerRun.0", "logFile": "/home/dtvt_13/duyDUT/logs_dtvt_13/logs0/virtuoso_ade_debug.log", "logFileSize": "11135"}
[2026-04-12 23:49:09.881 +0700] [INFO] [cadence.virtuoso.ade.pointevaluator] - Started netlisting {"history": "ExplorerRun.0", "point": 1, "testname": "gmIdwl_NMOS_1"}
[2026-04-12 23:49:10.262 +0700] [INFO] [cadence.virtuoso.ade.pointevaluator] - Finished netlisting {"history": "ExplorerRun.0", "point": 1, "testname": "gmIdwl_NMOS_1"}
[2026-04-12 23:49:10.263 +0700] [INFO] [cadence.virtuoso.ade.pointevaluator] - Submitted {"history": "ExplorerRun.0", "point": 1, "testname": "gmIdwl_NMOS_1"}
[2026-04-12 23:49:33.408 +0700] [PROCESS] [cadence.virtuoso.ade.gui] - ln: failed to create symbolic link '/home/dtvt_13/simulation/gmIdwl/NMOSgmid/maestro/results/maestro/ExplorerRun.0/1/gmIdwl_NMOS_1/netlist/exprOutputs.log': File exists
 {"logfile": "/home/dtvt_13/duyDUT/logs_dtvt_13/logs0/Job5.log"}
[2026-04-12 23:49:33.414 +0700] [PROCESS] [cadence.virtuoso.ade.gui] - ln: failed to create symbolic link '/home/dtvt_13/simulation/gmIdwl/NMOSgmid/maestro/results/maestro/ExplorerRun.0/1/gmIdwl_NMOS_1/netlist/amps_evaluator.log': File exists
 {"logfile": "/home/dtvt_13/duyDUT/logs_dtvt_13/logs0/Job5.log"}
[2026-04-12 23:49:34.878 +0700] [INFO] [cadence.virtuoso.ade.gui] - Point completed {"history": "ExplorerRun.0", "point": 1, "testname": "gmIdwl_NMOS_1"}
[2026-04-12 23:49:34.888 +0700] [EVENT] [cadence.virtuoso.ade.gui] - HistoryFinished {"history": "ExplorerRun.0", "point": 1, "testname": "gmIdwl_NMOS_1", "event": "HistoryFinished", "EventSource": "ADE GUI", "HistoryName": "ExplorerRun.0"}
[2026-04-12 23:52:12.187 +0700] [PROCESS] [cadence.virtuoso.ade.gui] - Logging Service '14905' stopped with exit code '0' {"logfile": "/home/dtvt_13/duyDUT/logs_dtvt_13/logs0/LoggingService0.log"}
[2026-04-12 23:53:27.483 +0700] [PROCESS] [cadence.virtuoso.ade.gui] - /home/dtvt_13/duyDUT/.tmp_dtvt_13/.cmddir0/swiftLoggingService6 is starting {"logfile": "/home/dtvt_13/duyDUT/logs_dtvt_13/logs0/LoggingService6.log"}
[2026-04-12 23:53:27.610 +0700] [PROCESS] [cadence.virtuoso.ade.gui] - /home/dtvt_13/duyDUT/.tmp_dtvt_13/.cmddir0/swiftNetlistService7 is starting {"logfile": "/home/dtvt_13/duyDUT/logs_dtvt_13/logs0/Service7.log"}
[2026-04-12 23:53:27.611 +0700] [PROCESS] [cadence.virtuoso.ade.gui] - Logging Service '21232' is starting up on host 'dtvt_13' {"logfile": "/home/dtvt_13/duyDUT/logs_dtvt_13/logs0/LoggingService6.log"}
[2026-04-12 23:53:28.451 +0700] [PROCESS] [cadence.virtuoso.ade.gui] - Netlist Service '21262' is starting up on host 'dtvt_13' {"logfile": "/home/dtvt_13/duyDUT/logs_dtvt_13/logs0/Service7.log"}
[2026-04-12 23:58:39.727 +0700] [PROCESS] [cadence.virtuoso.ade.gui] - Netlist Service '21262' stopped with exit code '0' {"logfile": "/home/dtvt_13/duyDUT/logs_dtvt_13/logs0/Service7.log"}
[2026-04-13 00:08:44.997 +0700] [PROCESS] [cadence.virtuoso.ade.gui] - Logging Service '21232' stopped with exit code '0' {"logfile": "/home/dtvt_13/duyDUT/logs_dtvt_13/logs0/LoggingService6.log"}
[2026-04-13 00:12:15.442 +0700] [EVENT] [cadence.virtuoso.ade.gui] - NewHistoryCreated {"history": "ExplorerRun.0", "event": "NewHistoryCreated", "EventSource": "ADE GUI", "HistoryName": "ExplorerRun.0", "WorkDir": "/home/dtvt_13/duyDUT", "HistorySimDir": "/home/dtvt_13/simulation/gmIdwl/gmid/maestro/results/maestro/ExplorerRun.0", "HistoryResultsDir": "/home/dtvt_13/duyDUT/skywater130/gmIdwl/gmid/maestro/results/maestro"}
[2026-04-13 00:12:15.444 +0700] [PROCESS] [cadence.virtuoso.ade.gui] - History Setup {"hostname": "dtvt_13", "processid": 13079, "history": "ExplorerRun.0", "logfile": "/home/dtvt_13/duyDUT/logs_dtvt_13/logs0/virtuoso_ade_debug.log", "jobmode": "LSCS", "runmode": "Single Run, Sweeps and Corners", "lib": "gmIdwl", "cell": "gmid", "view": "maestro", "icversion": "sub-version  IC6.1.8-64b.500.28 ", "runstart": "Mon Apr 13 00:12:15 2026\n", "timezonelocal": "+000", "spectreversion": "unknown", "jobpolicyname": "", "maxjobs": "unknown", "ncjobpolicyname": "", "ncmaxjobs": "unknown", "numtests": "1", "runfinished": "unknown", "runelapsed": "-1", "numcorners": "1"}
[2026-04-13 00:12:15.951 +0700] [INFO] [cadence.virtuoso.ade.gui] - Simulation will use spectre batch mode because the GCC version used by Spectre and Virtuoso are not compatible. {"history": "ExplorerRun.0", "testname": "gmIdwl_gmid_1", "detailed_message": "", "message_id": "EXPLORER-5024"}
[2026-04-13 00:12:15.973 +0700] [EVENT] [cadence.virtuoso.ade.pointevaluator] - NewPoint {"history": "ExplorerRun.0", "point": 1, "testname": "gmIdwl_gmid_1", "event": "NewPoint", "EventSource": "ADE GUI", "HistoryName": "ExplorerRun.0", "logFile": "/home/dtvt_13/duyDUT/logs_dtvt_13/logs0/virtuoso_ade_debug.log", "logFileSize": "15785"}
[2026-04-13 00:12:15.973 +0700] [INFO] [cadence.virtuoso.ade.pointevaluator] - Started netlisting {"history": "ExplorerRun.0", "point": 1, "testname": "gmIdwl_gmid_1"}
[2026-04-13 00:12:16.475 +0700] [INFO] [cadence.virtuoso.ade.pointevaluator] - Finished netlisting {"history": "ExplorerRun.0", "point": 1, "testname": "gmIdwl_gmid_1"}
[2026-04-13 00:12:16.476 +0700] [INFO] [cadence.virtuoso.ade.pointevaluator] - Submitted {"history": "ExplorerRun.0", "point": 1, "testname": "gmIdwl_gmid_1"}
[2026-04-13 00:12:20.499 +0700] [PROCESS] [cadence.virtuoso.ade.gui] - /home/dtvt_13/duyDUT/.tmp_dtvt_13/.cmddir0/swiftLoggingService8 is starting {"logfile": "/home/dtvt_13/duyDUT/logs_dtvt_13/logs0/LoggingService8.log"}
[2026-04-13 00:12:20.623 +0700] [PROCESS] [cadence.virtuoso.ade.gui] - /home/dtvt_13/duyDUT/.tmp_dtvt_13/.cmddir0/swiftJob9 is starting {"logfile": "/home/dtvt_13/duyDUT/logs_dtvt_13/logs0/Job9.log"}
[2026-04-13 00:12:20.624 +0700] [PROCESS] [cadence.virtuoso.ade.gui] - Logging Service '25129' is starting up on host 'dtvt_13' {"logfile": "/home/dtvt_13/duyDUT/logs_dtvt_13/logs0/LoggingService8.log"}
[2026-04-13 00:12:20.731 +0700] [PROCESS] [cadence.virtuoso.ade.gui] - Simulation Monitor process '25155' is starting up on host 'dtvt_13' {"logfile": "/home/dtvt_13/duyDUT/logs_dtvt_13/logs0/Job9.log"}
[2026-04-13 00:12:43.776 +0700] [PROCESS] [cadence.virtuoso.ade.gui] - ln: failed to create symbolic link '/home/dtvt_13/simulation/gmIdwl/gmid/maestro/results/maestro/ExplorerRun.0/1/gmIdwl_gmid_1/netlist/exprOutputs.log': File exists
 {"logfile": "/home/dtvt_13/duyDUT/logs_dtvt_13/logs0/Job9.log"}
[2026-04-13 00:12:43.782 +0700] [PROCESS] [cadence.virtuoso.ade.gui] - ln: failed to create symbolic link '/home/dtvt_13/simulation/gmIdwl/gmid/maestro/results/maestro/ExplorerRun.0/1/gmIdwl_gmid_1/netlist/amps_evaluator.log': File exists
 {"logfile": "/home/dtvt_13/duyDUT/logs_dtvt_13/logs0/Job9.log"}
[2026-04-13 00:12:44.382 +0700] [INFO] [cadence.virtuoso.ade.gui] - Point completed {"history": "ExplorerRun.0", "point": 1, "testname": "gmIdwl_gmid_1"}
[2026-04-13 00:12:44.392 +0700] [EVENT] [cadence.virtuoso.ade.gui] - HistoryFinished {"history": "ExplorerRun.0", "point": 1, "testname": "gmIdwl_gmid_1", "event": "HistoryFinished", "EventSource": "ADE GUI", "HistoryName": "ExplorerRun.0"}
[2026-04-13 00:20:04.149 +0700] [EVENT] [cadence.virtuoso.ade.gui] - NewHistoryCreated {"history": "ExplorerRun.0", "point": 1, "testname": "gmIdwl_gmid_1", "event": "NewHistoryCreated", "EventSource": "ADE GUI", "HistoryName": "ExplorerRun.0", "WorkDir": "/home/dtvt_13/duyDUT", "HistorySimDir": "/home/dtvt_13/simulation/gmIdwl/gmid/maestro/results/maestro/ExplorerRun.0", "HistoryResultsDir": "/home/dtvt_13/duyDUT/skywater130/gmIdwl/gmid/maestro/results/maestro"}
[2026-04-13 00:20:04.150 +0700] [PROCESS] [cadence.virtuoso.ade.gui] - History Setup {"hostname": "dtvt_13", "processid": 13079, "history": "ExplorerRun.0", "testname": "gmIdwl_gmid_1", "point": 1, "logfile": "/home/dtvt_13/duyDUT/logs_dtvt_13/logs0/virtuoso_ade_debug.log", "jobmode": "LSCS", "runmode": "Single Run, Sweeps and Corners", "lib": "gmIdwl", "cell": "gmid", "view": "maestro", "icversion": "sub-version  IC6.1.8-64b.500.28 ", "runstart": "Mon Apr 13 00:20:04 2026\n", "timezonelocal": "+000", "spectreversion": "unknown", "jobpolicyname": "", "maxjobs": "unknown", "ncjobpolicyname": "", "ncmaxjobs": "unknown", "numtests": "1", "runfinished": "unknown", "runelapsed": "-1", "numcorners": "1"}
[2026-04-13 00:20:04.635 +0700] [INFO] [cadence.virtuoso.ade.gui] - Simulation will use spectre batch mode because the GCC version used by Spectre and Virtuoso are not compatible. {"history": "ExplorerRun.0", "point": 1, "testname": "gmIdwl_gmid_1", "detailed_message": "", "message_id": "EXPLORER-5024"}
[2026-04-13 00:20:04.658 +0700] [EVENT] [cadence.virtuoso.ade.pointevaluator] - NewPoint {"history": "ExplorerRun.0", "point": 1, "testname": "gmIdwl_gmid_1", "event": "NewPoint", "EventSource": "ADE GUI", "HistoryName": "ExplorerRun.0", "logFile": "/home/dtvt_13/duyDUT/logs_dtvt_13/logs0/virtuoso_ade_debug.log", "logFileSize": "19929"}
[2026-04-13 00:20:04.658 +0700] [INFO] [cadence.virtuoso.ade.pointevaluator] - Started netlisting {"history": "ExplorerRun.0", "point": 1, "testname": "gmIdwl_gmid_1"}
[2026-04-13 00:20:05.011 +0700] [INFO] [cadence.virtuoso.ade.pointevaluator] - Finished netlisting {"history": "ExplorerRun.0", "point": 1, "testname": "gmIdwl_gmid_1"}
[2026-04-13 00:20:05.011 +0700] [INFO] [cadence.virtuoso.ade.pointevaluator] - Submitted {"history": "ExplorerRun.0", "point": 1, "testname": "gmIdwl_gmid_1"}
[2026-04-13 00:20:09.393 +0700] [PROCESS] [cadence.virtuoso.ade.gui] - /home/dtvt_13/duyDUT/.tmp_dtvt_13/.cmddir0/swiftJob10 is starting {"logfile": "/home/dtvt_13/duyDUT/logs_dtvt_13/logs0/Job10.log"}
[2026-04-13 00:20:09.505 +0700] [PROCESS] [cadence.virtuoso.ade.gui] - Simulation Monitor process '27574' is starting up on host 'dtvt_13' {"logfile": "/home/dtvt_13/duyDUT/logs_dtvt_13/logs0/Job10.log"}
[2026-04-13 00:20:33.196 +0700] [PROCESS] [cadence.virtuoso.ade.gui] - ln: failed to create symbolic link '/home/dtvt_13/simulation/gmIdwl/gmid/maestro/results/maestro/ExplorerRun.0/1/gmIdwl_gmid_1/netlist/exprOutputs.log': File exists
 {"logfile": "/home/dtvt_13/duyDUT/logs_dtvt_13/logs0/Job10.log"}
[2026-04-13 00:20:33.203 +0700] [PROCESS] [cadence.virtuoso.ade.gui] - ln: failed to create symbolic link '/home/dtvt_13/simulation/gmIdwl/gmid/maestro/results/maestro/ExplorerRun.0/1/gmIdwl_gmid_1/netlist/amps_evaluator.log': File exists
 {"logfile": "/home/dtvt_13/duyDUT/logs_dtvt_13/logs0/Job10.log"}
[2026-04-13 00:20:34.382 +0700] [INFO] [cadence.virtuoso.ade.gui] - Point completed {"history": "ExplorerRun.0", "point": 1, "testname": "gmIdwl_gmid_1"}
[2026-04-13 00:20:34.400 +0700] [EVENT] [cadence.virtuoso.ade.gui] - HistoryFinished {"history": "ExplorerRun.0", "point": 1, "testname": "gmIdwl_gmid_1", "event": "HistoryFinished", "EventSource": "ADE GUI", "HistoryName": "ExplorerRun.0"}
[2026-04-13 00:32:27.873 +0700] [EVENT] [cadence.virtuoso.ade.gui] - NewHistoryCreated {"history": "ExplorerRun.0", "point": 1, "testname": "gmIdwl_gmid_1", "event": "NewHistoryCreated", "EventSource": "ADE GUI", "HistoryName": "ExplorerRun.0", "WorkDir": "/home/dtvt_13/duyDUT", "HistorySimDir": "/home/dtvt_13/simulation/gmIdwl/gmid/maestro/results/maestro/ExplorerRun.0", "HistoryResultsDir": "/home/dtvt_13/duyDUT/skywater130/gmIdwl/gmid/maestro/results/maestro"}
[2026-04-13 00:32:27.875 +0700] [PROCESS] [cadence.virtuoso.ade.gui] - History Setup {"hostname": "dtvt_13", "processid": 13079, "history": "ExplorerRun.0", "testname": "gmIdwl_gmid_1", "point": 1, "logfile": "/home/dtvt_13/duyDUT/logs_dtvt_13/logs0/virtuoso_ade_debug.log", "jobmode": "LSCS", "runmode": "Single Run, Sweeps and Corners", "lib": "gmIdwl", "cell": "gmid", "view": "maestro", "icversion": "sub-version  IC6.1.8-64b.500.28 ", "runstart": "Mon Apr 13 00:32:27 2026\n", "timezonelocal": "+000", "spectreversion": "unknown", "jobpolicyname": "", "maxjobs": "unknown", "ncjobpolicyname": "", "ncmaxjobs": "unknown", "numtests": "1", "runfinished": "unknown", "runelapsed": "-1", "numcorners": "1"}
[2026-04-13 00:32:28.333 +0700] [INFO] [cadence.virtuoso.ade.gui] - Simulation will use spectre batch mode because the GCC version used by Spectre and Virtuoso are not compatible. {"history": "ExplorerRun.0", "point": 1, "testname": "gmIdwl_gmid_1", "detailed_message": "", "message_id": "EXPLORER-5024"}
[2026-04-13 00:32:28.352 +0700] [EVENT] [cadence.virtuoso.ade.pointevaluator] - NewPoint {"history": "ExplorerRun.0", "point": 1, "testname": "gmIdwl_gmid_1", "event": "NewPoint", "EventSource": "ADE GUI", "HistoryName": "ExplorerRun.0", "logFile": "/home/dtvt_13/duyDUT/logs_dtvt_13/logs0/virtuoso_ade_debug.log", "logFileSize": "23653"}
[2026-04-13 00:32:28.352 +0700] [INFO] [cadence.virtuoso.ade.pointevaluator] - Started netlisting {"history": "ExplorerRun.0", "point": 1, "testname": "gmIdwl_gmid_1"}
[2026-04-13 00:32:28.729 +0700] [INFO] [cadence.virtuoso.ade.pointevaluator] - Finished netlisting {"history": "ExplorerRun.0", "point": 1, "testname": "gmIdwl_gmid_1"}
[2026-04-13 00:32:28.730 +0700] [INFO] [cadence.virtuoso.ade.pointevaluator] - Submitted {"history": "ExplorerRun.0", "point": 1, "testname": "gmIdwl_gmid_1"}
[2026-04-13 00:32:33.339 +0700] [PROCESS] [cadence.virtuoso.ade.gui] - /home/dtvt_13/duyDUT/.tmp_dtvt_13/.cmddir0/swiftJob11 is starting {"logfile": "/home/dtvt_13/duyDUT/logs_dtvt_13/logs0/Job11.log"}
[2026-04-13 00:32:33.452 +0700] [PROCESS] [cadence.virtuoso.ade.gui] - Simulation Monitor process '32188' is starting up on host 'dtvt_13' {"logfile": "/home/dtvt_13/duyDUT/logs_dtvt_13/logs0/Job11.log"}
[2026-04-13 00:32:57.626 +0700] [PROCESS] [cadence.virtuoso.ade.gui] - ln: failed to create symbolic link '/home/dtvt_13/simulation/gmIdwl/gmid/maestro/results/maestro/ExplorerRun.0/1/gmIdwl_gmid_1/netlist/exprOutputs.log': File exists
 {"logfile": "/home/dtvt_13/duyDUT/logs_dtvt_13/logs0/Job11.log"}
[2026-04-13 00:32:57.632 +0700] [PROCESS] [cadence.virtuoso.ade.gui] - ln: failed to create symbolic link '/home/dtvt_13/simulation/gmIdwl/gmid/maestro/results/maestro/ExplorerRun.0/1/gmIdwl_gmid_1/netlist/amps_evaluator.log': File exists
 {"logfile": "/home/dtvt_13/duyDUT/logs_dtvt_13/logs0/Job11.log"}
[2026-04-13 00:32:58.383 +0700] [INFO] [cadence.virtuoso.ade.gui] - Point completed {"history": "ExplorerRun.0", "point": 1, "testname": "gmIdwl_gmid_1"}
[2026-04-13 00:32:58.393 +0700] [EVENT] [cadence.virtuoso.ade.gui] - HistoryFinished {"history": "ExplorerRun.0", "point": 1, "testname": "gmIdwl_gmid_1", "event": "HistoryFinished", "EventSource": "ADE GUI", "HistoryName": "ExplorerRun.0"}
[2026-04-13 00:41:38.421 +0700] [EVENT] [cadence.virtuoso.ade.gui] - NewHistoryCreated {"history": "ExplorerRun.0", "point": 1, "testname": "gmIdwl_gmid_1", "event": "NewHistoryCreated", "EventSource": "ADE GUI", "HistoryName": "ExplorerRun.0", "WorkDir": "/home/dtvt_13/duyDUT", "HistorySimDir": "/home/dtvt_13/simulation/gmIdwl/gmid/maestro/results/maestro/ExplorerRun.0", "HistoryResultsDir": "/home/dtvt_13/duyDUT/skywater130/gmIdwl/gmid/maestro/results/maestro"}
[2026-04-13 00:41:38.422 +0700] [PROCESS] [cadence.virtuoso.ade.gui] - History Setup {"hostname": "dtvt_13", "processid": 13079, "history": "ExplorerRun.0", "testname": "gmIdwl_gmid_1", "point": 1, "logfile": "/home/dtvt_13/duyDUT/logs_dtvt_13/logs0/virtuoso_ade_debug.log", "jobmode": "LSCS", "runmode": "Single Run, Sweeps and Corners", "lib": "gmIdwl", "cell": "gmid", "view": "maestro", "icversion": "sub-version  IC6.1.8-64b.500.28 ", "runstart": "Mon Apr 13 00:41:38 2026\n", "timezonelocal": "+000", "spectreversion": "unknown", "jobpolicyname": "", "maxjobs": "unknown", "ncjobpolicyname": "", "ncmaxjobs": "unknown", "numtests": "1", "runfinished": "unknown", "runelapsed": "-1", "numcorners": "1"}
[2026-04-13 00:41:38.934 +0700] [INFO] [cadence.virtuoso.ade.gui] - Simulation will use spectre batch mode because the GCC version used by Spectre and Virtuoso are not compatible. {"history": "ExplorerRun.0", "point": 1, "testname": "gmIdwl_gmid_1", "detailed_message": "", "message_id": "EXPLORER-5024"}
[2026-04-13 00:41:38.959 +0700] [EVENT] [cadence.virtuoso.ade.pointevaluator] - NewPoint {"history": "ExplorerRun.0", "point": 1, "testname": "gmIdwl_gmid_1", "event": "NewPoint", "EventSource": "ADE GUI", "HistoryName": "ExplorerRun.0", "logFile": "/home/dtvt_13/duyDUT/logs_dtvt_13/logs0/virtuoso_ade_debug.log", "logFileSize": "27377"}
[2026-04-13 00:41:38.960 +0700] [INFO] [cadence.virtuoso.ade.pointevaluator] - Started netlisting {"history": "ExplorerRun.0", "point": 1, "testname": "gmIdwl_gmid_1"}
[2026-04-13 00:41:39.361 +0700] [INFO] [cadence.virtuoso.ade.pointevaluator] - Finished netlisting {"history": "ExplorerRun.0", "point": 1, "testname": "gmIdwl_gmid_1"}
[2026-04-13 00:41:39.361 +0700] [INFO] [cadence.virtuoso.ade.pointevaluator] - Submitted {"history": "ExplorerRun.0", "point": 1, "testname": "gmIdwl_gmid_1"}
[2026-04-13 00:41:43.448 +0700] [PROCESS] [cadence.virtuoso.ade.gui] - /home/dtvt_13/duyDUT/.tmp_dtvt_13/.cmddir0/swiftJob12 is starting {"logfile": "/home/dtvt_13/duyDUT/logs_dtvt_13/logs0/Job12.log"}
[2026-04-13 00:41:43.556 +0700] [PROCESS] [cadence.virtuoso.ade.gui] - Simulation Monitor process '2046' is starting up on host 'dtvt_13' {"logfile": "/home/dtvt_13/duyDUT/logs_dtvt_13/logs0/Job12.log"}
[2026-04-13 00:42:06.760 +0700] [PROCESS] [cadence.virtuoso.ade.gui] - ln: failed to create symbolic link '/home/dtvt_13/simulation/gmIdwl/gmid/maestro/results/maestro/ExplorerRun.0/1/gmIdwl_gmid_1/netlist/exprOutputs.log': File exists
 {"logfile": "/home/dtvt_13/duyDUT/logs_dtvt_13/logs0/Job12.log"}
[2026-04-13 00:42:06.767 +0700] [PROCESS] [cadence.virtuoso.ade.gui] - ln: failed to create symbolic link '/home/dtvt_13/simulation/gmIdwl/gmid/maestro/results/maestro/ExplorerRun.0/1/gmIdwl_gmid_1/netlist/amps_evaluator.log': File exists
 {"logfile": "/home/dtvt_13/duyDUT/logs_dtvt_13/logs0/Job12.log"}
[2026-04-13 00:42:07.380 +0700] [INFO] [cadence.virtuoso.ade.gui] - Point completed {"history": "ExplorerRun.0", "point": 1, "testname": "gmIdwl_gmid_1"}
[2026-04-13 00:42:07.398 +0700] [EVENT] [cadence.virtuoso.ade.gui] - HistoryFinished {"history": "ExplorerRun.0", "point": 1, "testname": "gmIdwl_gmid_1", "event": "HistoryFinished", "EventSource": "ADE GUI", "HistoryName": "ExplorerRun.0"}
[2026-04-13 00:44:59.143 +0700] [EVENT] [cadence.virtuoso.ade.gui] - NewHistoryCreated {"history": "ExplorerRun.0", "point": 1, "testname": "gmIdwl_gmid_1", "event": "NewHistoryCreated", "EventSource": "ADE GUI", "HistoryName": "ExplorerRun.0", "WorkDir": "/home/dtvt_13/duyDUT", "HistorySimDir": "/home/dtvt_13/simulation/gmIdwl/gmid/maestro/results/maestro/ExplorerRun.0", "HistoryResultsDir": "/home/dtvt_13/duyDUT/skywater130/gmIdwl/gmid/maestro/results/maestro"}
[2026-04-13 00:44:59.146 +0700] [PROCESS] [cadence.virtuoso.ade.gui] - History Setup {"hostname": "dtvt_13", "processid": 13079, "history": "ExplorerRun.0", "testname": "gmIdwl_gmid_1", "point": 1, "logfile": "/home/dtvt_13/duyDUT/logs_dtvt_13/logs0/virtuoso_ade_debug.log", "jobmode": "LSCS", "runmode": "Single Run, Sweeps and Corners", "lib": "gmIdwl", "cell": "gmid", "view": "maestro", "icversion": "sub-version  IC6.1.8-64b.500.28 ", "runstart": "Mon Apr 13 00:44:59 2026\n", "timezonelocal": "+000", "spectreversion": "unknown", "jobpolicyname": "", "maxjobs": "unknown", "ncjobpolicyname": "", "ncmaxjobs": "unknown", "numtests": "1", "runfinished": "unknown", "runelapsed": "-1", "numcorners": "1"}
[2026-04-13 00:44:59.617 +0700] [INFO] [cadence.virtuoso.ade.gui] - Simulation will use spectre batch mode because the GCC version used by Spectre and Virtuoso are not compatible. {"history": "ExplorerRun.0", "point": 1, "testname": "gmIdwl_gmid_1", "detailed_message": "", "message_id": "EXPLORER-5024"}
[2026-04-13 00:44:59.641 +0700] [EVENT] [cadence.virtuoso.ade.pointevaluator] - NewPoint {"history": "ExplorerRun.0", "point": 1, "testname": "gmIdwl_gmid_1", "event": "NewPoint", "EventSource": "ADE GUI", "HistoryName": "ExplorerRun.0", "logFile": "/home/dtvt_13/duyDUT/logs_dtvt_13/logs0/virtuoso_ade_debug.log", "logFileSize": "31100"}
[2026-04-13 00:44:59.641 +0700] [INFO] [cadence.virtuoso.ade.pointevaluator] - Started netlisting {"history": "ExplorerRun.0", "point": 1, "testname": "gmIdwl_gmid_1"}
[2026-04-13 00:45:00.015 +0700] [INFO] [cadence.virtuoso.ade.pointevaluator] - Finished netlisting {"history": "ExplorerRun.0", "point": 1, "testname": "gmIdwl_gmid_1"}
[2026-04-13 00:45:00.016 +0700] [INFO] [cadence.virtuoso.ade.pointevaluator] - Submitted {"history": "ExplorerRun.0", "point": 1, "testname": "gmIdwl_gmid_1"}
[2026-04-13 00:45:22.662 +0700] [PROCESS] [cadence.virtuoso.ade.gui] - ln: failed to create symbolic link '/home/dtvt_13/simulation/gmIdwl/gmid/maestro/results/maestro/ExplorerRun.0/1/gmIdwl_gmid_1/netlist/exprOutputs.log': File exists
 {"logfile": "/home/dtvt_13/duyDUT/logs_dtvt_13/logs0/Job12.log"}
[2026-04-13 00:45:22.668 +0700] [PROCESS] [cadence.virtuoso.ade.gui] - ln: failed to create symbolic link '/home/dtvt_13/simulation/gmIdwl/gmid/maestro/results/maestro/ExplorerRun.0/1/gmIdwl_gmid_1/netlist/amps_evaluator.log': File exists
 {"logfile": "/home/dtvt_13/duyDUT/logs_dtvt_13/logs0/Job12.log"}
[2026-04-13 00:45:23.382 +0700] [INFO] [cadence.virtuoso.ade.gui] - Point completed {"history": "ExplorerRun.0", "point": 1, "testname": "gmIdwl_gmid_1"}
[2026-04-13 00:45:23.390 +0700] [EVENT] [cadence.virtuoso.ade.gui] - HistoryFinished {"history": "ExplorerRun.0", "point": 1, "testname": "gmIdwl_gmid_1", "event": "HistoryFinished", "EventSource": "ADE GUI", "HistoryName": "ExplorerRun.0"}
[2026-04-13 01:00:30.602 +0700] [PROCESS] [cadence.virtuoso.ade.gui] - Logging Service '25129' stopped with exit code '0' {"logfile": "/home/dtvt_13/duyDUT/logs_dtvt_13/logs0/LoggingService8.log"}
[2026-04-13 01:13:08.213 +0700] [EVENT] [cadence.virtuoso.ade.gui] - NewHistoryCreated {"history": "ExplorerRun.0", "point": 1, "testname": "gmIdwl_gmid_1", "event": "NewHistoryCreated", "EventSource": "ADE GUI", "HistoryName": "ExplorerRun.0", "WorkDir": "/home/dtvt_13/duyDUT", "HistorySimDir": "/home/dtvt_13/simulation/gmIdwl/gmid/maestro/results/maestro/ExplorerRun.0", "HistoryResultsDir": "/home/dtvt_13/duyDUT/skywater130/gmIdwl/gmid/maestro/results/maestro"}
[2026-04-13 01:13:08.215 +0700] [PROCESS] [cadence.virtuoso.ade.gui] - History Setup {"hostname": "dtvt_13", "processid": 13079, "history": "ExplorerRun.0", "testname": "gmIdwl_gmid_1", "point": 1, "logfile": "/home/dtvt_13/duyDUT/logs_dtvt_13/logs0/virtuoso_ade_debug.log", "jobmode": "LSCS", "runmode": "Single Run, Sweeps and Corners", "lib": "gmIdwl", "cell": "gmid", "view": "maestro", "icversion": "sub-version  IC6.1.8-64b.500.28 ", "runstart": "Mon Apr 13 01:13:08 2026\n", "timezonelocal": "+000", "spectreversion": "unknown", "jobpolicyname": "", "maxjobs": "unknown", "ncjobpolicyname": "", "ncmaxjobs": "unknown", "numtests": "1", "runfinished": "unknown", "runelapsed": "-1", "numcorners": "1"}
[2026-04-13 01:13:08.684 +0700] [INFO] [cadence.virtuoso.ade.gui] - Simulation will use spectre batch mode because the GCC version used by Spectre and Virtuoso are not compatible. {"history": "ExplorerRun.0", "point": 1, "testname": "gmIdwl_gmid_1", "detailed_message": "", "message_id": "EXPLORER-5024"}
[2026-04-13 01:13:08.712 +0700] [EVENT] [cadence.virtuoso.ade.pointevaluator] - NewPoint {"history": "ExplorerRun.0", "point": 1, "testname": "gmIdwl_gmid_1", "event": "NewPoint", "EventSource": "ADE GUI", "HistoryName": "ExplorerRun.0", "logFile": "/home/dtvt_13/duyDUT/logs_dtvt_13/logs0/virtuoso_ade_debug.log", "logFileSize": "34615"}
[2026-04-13 01:13:08.712 +0700] [INFO] [cadence.virtuoso.ade.pointevaluator] - Started netlisting {"history": "ExplorerRun.0", "point": 1, "testname": "gmIdwl_gmid_1"}
[2026-04-13 01:13:09.241 +0700] [INFO] [cadence.virtuoso.ade.pointevaluator] - Finished netlisting {"history": "ExplorerRun.0", "point": 1, "testname": "gmIdwl_gmid_1"}
[2026-04-13 01:13:09.241 +0700] [INFO] [cadence.virtuoso.ade.pointevaluator] - Submitted {"history": "ExplorerRun.0", "point": 1, "testname": "gmIdwl_gmid_1"}
[2026-04-13 01:13:13.377 +0700] [PROCESS] [cadence.virtuoso.ade.gui] - /home/dtvt_13/duyDUT/.tmp_dtvt_13/.cmddir0/swiftLoggingService13 is starting {"logfile": "/home/dtvt_13/duyDUT/logs_dtvt_13/logs0/LoggingService13.log"}
[2026-04-13 01:13:13.554 +0700] [PROCESS] [cadence.virtuoso.ade.gui] - /home/dtvt_13/duyDUT/.tmp_dtvt_13/.cmddir0/swiftJob14 is starting {"logfile": "/home/dtvt_13/duyDUT/logs_dtvt_13/logs0/Job14.log"}
[2026-04-13 01:13:13.554 +0700] [PROCESS] [cadence.virtuoso.ade.gui] - Logging Service '8023' is starting up on host 'dtvt_13' {"logfile": "/home/dtvt_13/duyDUT/logs_dtvt_13/logs0/LoggingService13.log"}
[2026-04-13 01:13:13.665 +0700] [PROCESS] [cadence.virtuoso.ade.gui] - Simulation Monitor process '8052' is starting up on host 'dtvt_13' {"logfile": "/home/dtvt_13/duyDUT/logs_dtvt_13/logs0/Job14.log"}
[2026-04-13 01:13:36.786 +0700] [PROCESS] [cadence.virtuoso.ade.gui] - ln: failed to create symbolic link '/home/dtvt_13/simulation/gmIdwl/gmid/maestro/results/maestro/ExplorerRun.0/1/gmIdwl_gmid_1/netlist/exprOutputs.log': File exists
 {"logfile": "/home/dtvt_13/duyDUT/logs_dtvt_13/logs0/Job14.log"}
[2026-04-13 01:13:36.791 +0700] [PROCESS] [cadence.virtuoso.ade.gui] - ln: failed to create symbolic link '/home/dtvt_13/simulation/gmIdwl/gmid/maestro/results/maestro/ExplorerRun.0/1/gmIdwl_gmid_1/netlist/amps_evaluator.log': File exists
 {"logfile": "/home/dtvt_13/duyDUT/logs_dtvt_13/logs0/Job14.log"}
[2026-04-13 01:13:37.381 +0700] [INFO] [cadence.virtuoso.ade.gui] - Point completed {"history": "ExplorerRun.0", "point": 1, "testname": "gmIdwl_gmid_1"}
[2026-04-13 01:13:37.388 +0700] [EVENT] [cadence.virtuoso.ade.gui] - HistoryFinished {"history": "ExplorerRun.0", "point": 1, "testname": "gmIdwl_gmid_1", "event": "HistoryFinished", "EventSource": "ADE GUI", "HistoryName": "ExplorerRun.0"}
[2026-04-13 01:14:19.827 +0700] [EVENT] [cadence.virtuoso.ade.gui] - NewHistoryCreated {"history": "ExplorerRun.0", "point": 1, "testname": "gmIdwl_gmid_1", "event": "NewHistoryCreated", "EventSource": "ADE GUI", "HistoryName": "ExplorerRun.0", "WorkDir": "/home/dtvt_13/duyDUT", "HistorySimDir": "/home/dtvt_13/simulation/gmIdwl/gmid/maestro/results/maestro/ExplorerRun.0", "HistoryResultsDir": "/home/dtvt_13/duyDUT/skywater130/gmIdwl/gmid/maestro/results/maestro"}
[2026-04-13 01:14:19.830 +0700] [PROCESS] [cadence.virtuoso.ade.gui] - History Setup {"hostname": "dtvt_13", "processid": 13079, "history": "ExplorerRun.0", "testname": "gmIdwl_gmid_1", "point": 1, "logfile": "/home/dtvt_13/duyDUT/logs_dtvt_13/logs0/virtuoso_ade_debug.log", "jobmode": "LSCS", "runmode": "Single Run, Sweeps and Corners", "lib": "gmIdwl", "cell": "gmid", "view": "maestro", "icversion": "sub-version  IC6.1.8-64b.500.28 ", "runstart": "Mon Apr 13 01:14:19 2026\n", "timezonelocal": "+000", "spectreversion": "unknown", "jobpolicyname": "", "maxjobs": "unknown", "ncjobpolicyname": "", "ncmaxjobs": "unknown", "numtests": "1", "runfinished": "unknown", "runelapsed": "-1", "numcorners": "1"}
[2026-04-13 01:14:20.357 +0700] [INFO] [cadence.virtuoso.ade.gui] - Simulation will use spectre batch mode because the GCC version used by Spectre and Virtuoso are not compatible. {"history": "ExplorerRun.0", "point": 1, "testname": "gmIdwl_gmid_1", "detailed_message": "", "message_id": "EXPLORER-5024"}
[2026-04-13 01:14:20.379 +0700] [EVENT] [cadence.virtuoso.ade.pointevaluator] - NewPoint {"history": "ExplorerRun.0", "point": 1, "testname": "gmIdwl_gmid_1", "event": "NewPoint", "EventSource": "ADE GUI", "HistoryName": "ExplorerRun.0", "logFile": "/home/dtvt_13/duyDUT/logs_dtvt_13/logs0/virtuoso_ade_debug.log", "logFileSize": "38765"}
[2026-04-13 01:14:20.380 +0700] [INFO] [cadence.virtuoso.ade.pointevaluator] - Started netlisting {"history": "ExplorerRun.0", "point": 1, "testname": "gmIdwl_gmid_1"}
[2026-04-13 01:14:20.706 +0700] [INFO] [cadence.virtuoso.ade.pointevaluator] - Finished netlisting {"history": "ExplorerRun.0", "point": 1, "testname": "gmIdwl_gmid_1"}
[2026-04-13 01:14:20.707 +0700] [INFO] [cadence.virtuoso.ade.pointevaluator] - Submitted {"history": "ExplorerRun.0", "point": 1, "testname": "gmIdwl_gmid_1"}
[2026-04-13 01:14:44.343 +0700] [PROCESS] [cadence.virtuoso.ade.gui] - ln: failed to create symbolic link '/home/dtvt_13/simulation/gmIdwl/gmid/maestro/results/maestro/ExplorerRun.0/1/gmIdwl_gmid_1/netlist/exprOutputs.log': File exists
 {"logfile": "/home/dtvt_13/duyDUT/logs_dtvt_13/logs0/Job14.log"}
[2026-04-13 01:14:44.349 +0700] [PROCESS] [cadence.virtuoso.ade.gui] - ln: failed to create symbolic link '/home/dtvt_13/simulation/gmIdwl/gmid/maestro/results/maestro/ExplorerRun.0/1/gmIdwl_gmid_1/netlist/amps_evaluator.log': File exists
 {"logfile": "/home/dtvt_13/duyDUT/logs_dtvt_13/logs0/Job14.log"}
[2026-04-13 01:14:45.383 +0700] [INFO] [cadence.virtuoso.ade.gui] - Point completed {"history": "ExplorerRun.0", "point": 1, "testname": "gmIdwl_gmid_1"}
[2026-04-13 01:14:45.399 +0700] [EVENT] [cadence.virtuoso.ade.gui] - HistoryFinished {"history": "ExplorerRun.0", "point": 1, "testname": "gmIdwl_gmid_1", "event": "HistoryFinished", "EventSource": "ADE GUI", "HistoryName": "ExplorerRun.0"}
[2026-04-13 01:14:53.594 +0700] [EVENT] [cadence.virtuoso.ade.gui] - NewHistoryCreated {"history": "ExplorerRun.0", "point": 1, "testname": "gmIdwl_gmid_1", "event": "NewHistoryCreated", "EventSource": "ADE GUI", "HistoryName": "ExplorerRun.0", "WorkDir": "/home/dtvt_13/duyDUT", "HistorySimDir": "/home/dtvt_13/simulation/gmIdwl/gmid/maestro/results/maestro/ExplorerRun.0", "HistoryResultsDir": "/home/dtvt_13/duyDUT/skywater130/gmIdwl/gmid/maestro/results/maestro"}
[2026-04-13 01:14:53.594 +0700] [PROCESS] [cadence.virtuoso.ade.gui] - History Setup {"hostname": "dtvt_13", "processid": 13079, "history": "ExplorerRun.0", "testname": "gmIdwl_gmid_1", "point": 1, "logfile": "/home/dtvt_13/duyDUT/logs_dtvt_13/logs0/virtuoso_ade_debug.log", "jobmode": "LSCS", "runmode": "Single Run, Sweeps and Corners", "lib": "gmIdwl", "cell": "gmid", "view": "maestro", "icversion": "sub-version  IC6.1.8-64b.500.28 ", "runstart": "Mon Apr 13 01:14:53 2026\n", "timezonelocal": "+000", "spectreversion": "unknown", "jobpolicyname": "", "maxjobs": "unknown", "ncjobpolicyname": "", "ncmaxjobs": "unknown", "numtests": "1", "runfinished": "unknown", "runelapsed": "-1", "numcorners": "1"}
[2026-04-13 01:14:54.283 +0700] [INFO] [cadence.virtuoso.ade.gui] - Simulation will use spectre batch mode because the GCC version used by Spectre and Virtuoso are not compatible. {"history": "ExplorerRun.0", "point": 1, "testname": "gmIdwl_gmid_1", "detailed_message": "", "message_id": "EXPLORER-5024"}
[2026-04-13 01:14:54.307 +0700] [EVENT] [cadence.virtuoso.ade.pointevaluator] - NewPoint {"history": "ExplorerRun.0", "point": 1, "testname": "gmIdwl_gmid_1", "event": "NewPoint", "EventSource": "ADE GUI", "HistoryName": "ExplorerRun.0", "logFile": "/home/dtvt_13/duyDUT/logs_dtvt_13/logs0/virtuoso_ade_debug.log", "logFileSize": "42083"}
[2026-04-13 01:14:54.308 +0700] [INFO] [cadence.virtuoso.ade.pointevaluator] - Started netlisting {"history": "ExplorerRun.0", "point": 1, "testname": "gmIdwl_gmid_1"}
[2026-04-13 01:14:54.653 +0700] [INFO] [cadence.virtuoso.ade.pointevaluator] - Finished netlisting {"history": "ExplorerRun.0", "point": 1, "testname": "gmIdwl_gmid_1"}
[2026-04-13 01:14:54.653 +0700] [INFO] [cadence.virtuoso.ade.pointevaluator] - Submitted {"history": "ExplorerRun.0", "point": 1, "testname": "gmIdwl_gmid_1"}
[2026-04-13 01:15:18.197 +0700] [PROCESS] [cadence.virtuoso.ade.gui] - ln: failed to create symbolic link '/home/dtvt_13/simulation/gmIdwl/gmid/maestro/results/maestro/ExplorerRun.0/1/gmIdwl_gmid_1/netlist/exprOutputs.log': File exists
 {"logfile": "/home/dtvt_13/duyDUT/logs_dtvt_13/logs0/Job14.log"}
[2026-04-13 01:15:18.202 +0700] [PROCESS] [cadence.virtuoso.ade.gui] - ln: failed to create symbolic link '/home/dtvt_13/simulation/gmIdwl/gmid/maestro/results/maestro/ExplorerRun.0/1/gmIdwl_gmid_1/netlist/amps_evaluator.log': File exists {"logfile": "/home/dtvt_13/duyDUT/logs_dtvt_13/logs0/Job14.log"}
[2026-04-13 01:15:18.203 +0700] [PROCESS] [cadence.virtuoso.ade.gui] - 
 {"logfile": "/home/dtvt_13/duyDUT/logs_dtvt_13/logs0/Job14.log"}
[2026-04-13 01:15:19.386 +0700] [INFO] [cadence.virtuoso.ade.gui] - Point completed {"history": "ExplorerRun.0", "point": 1, "testname": "gmIdwl_gmid_1"}
[2026-04-13 01:15:19.402 +0700] [EVENT] [cadence.virtuoso.ade.gui] - HistoryFinished {"history": "ExplorerRun.0", "point": 1, "testname": "gmIdwl_gmid_1", "event": "HistoryFinished", "EventSource": "ADE GUI", "HistoryName": "ExplorerRun.0"}
[2026-04-13 01:17:31.458 +0700] [EVENT] [cadence.virtuoso.ade.gui] - NewHistoryCreated {"history": "ExplorerRun.0", "point": 1, "testname": "gmIdwl_gmid_1", "event": "NewHistoryCreated", "EventSource": "ADE GUI", "HistoryName": "ExplorerRun.0", "WorkDir": "/home/dtvt_13/duyDUT", "HistorySimDir": "/home/dtvt_13/simulation/gmIdwl/gmid/maestro/results/maestro/ExplorerRun.0", "HistoryResultsDir": "/home/dtvt_13/duyDUT/skywater130/gmIdwl/gmid/maestro/results/maestro"}
[2026-04-13 01:17:31.460 +0700] [PROCESS] [cadence.virtuoso.ade.gui] - History Setup {"hostname": "dtvt_13", "processid": 13079, "history": "ExplorerRun.0", "testname": "gmIdwl_gmid_1", "point": 1, "logfile": "/home/dtvt_13/duyDUT/logs_dtvt_13/logs0/virtuoso_ade_debug.log", "jobmode": "LSCS", "runmode": "Single Run, Sweeps and Corners", "lib": "gmIdwl", "cell": "gmid", "view": "maestro", "icversion": "sub-version  IC6.1.8-64b.500.28 ", "runstart": "Mon Apr 13 01:17:31 2026\n", "timezonelocal": "+000", "spectreversion": "unknown", "jobpolicyname": "", "maxjobs": "unknown", "ncjobpolicyname": "", "ncmaxjobs": "unknown", "numtests": "1", "runfinished": "unknown", "runelapsed": "-1", "numcorners": "1"}
[2026-04-13 01:17:31.984 +0700] [INFO] [cadence.virtuoso.ade.gui] - Simulation will use spectre batch mode because the GCC version used by Spectre and Virtuoso are not compatible. {"history": "ExplorerRun.0", "point": 1, "testname": "gmIdwl_gmid_1", "detailed_message": "", "message_id": "EXPLORER-5024"}
[2026-04-13 01:17:32.011 +0700] [EVENT] [cadence.virtuoso.ade.pointevaluator] - NewPoint {"history": "ExplorerRun.0", "point": 1, "testname": "gmIdwl_gmid_1", "event": "NewPoint", "EventSource": "ADE GUI", "HistoryName": "ExplorerRun.0", "logFile": "/home/dtvt_13/duyDUT/logs_dtvt_13/logs0/virtuoso_ade_debug.log", "logFileSize": "45538"}
[2026-04-13 01:17:32.011 +0700] [INFO] [cadence.virtuoso.ade.pointevaluator] - Started netlisting {"history": "ExplorerRun.0", "point": 1, "testname": "gmIdwl_gmid_1"}
[2026-04-13 01:17:32.425 +0700] [INFO] [cadence.virtuoso.ade.pointevaluator] - Finished netlisting {"history": "ExplorerRun.0", "point": 1, "testname": "gmIdwl_gmid_1"}
[2026-04-13 01:17:32.426 +0700] [INFO] [cadence.virtuoso.ade.pointevaluator] - Submitted {"history": "ExplorerRun.0", "point": 1, "testname": "gmIdwl_gmid_1"}
[2026-04-13 01:17:55.534 +0700] [PROCESS] [cadence.virtuoso.ade.gui] - ln: failed to create symbolic link '/home/dtvt_13/simulation/gmIdwl/gmid/maestro/results/maestro/ExplorerRun.0/1/gmIdwl_gmid_1/netlist/exprOutputs.log': File exists
 {"logfile": "/home/dtvt_13/duyDUT/logs_dtvt_13/logs0/Job14.log"}
[2026-04-13 01:17:55.541 +0700] [PROCESS] [cadence.virtuoso.ade.gui] - ln: failed to create symbolic link '/home/dtvt_13/simulation/gmIdwl/gmid/maestro/results/maestro/ExplorerRun.0/1/gmIdwl_gmid_1/netlist/amps_evaluator.log': File exists
 {"logfile": "/home/dtvt_13/duyDUT/logs_dtvt_13/logs0/Job14.log"}
[2026-04-13 01:17:56.383 +0700] [INFO] [cadence.virtuoso.ade.gui] - Point completed {"history": "ExplorerRun.0", "point": 1, "testname": "gmIdwl_gmid_1"}
[2026-04-13 01:17:56.401 +0700] [EVENT] [cadence.virtuoso.ade.gui] - HistoryFinished {"history": "ExplorerRun.0", "point": 1, "testname": "gmIdwl_gmid_1", "event": "HistoryFinished", "EventSource": "ADE GUI", "HistoryName": "ExplorerRun.0"}
[2026-04-13 01:26:34.972 +0700] [PROCESS] [cadence.virtuoso.ade.gui] - /home/dtvt_13/duyDUT/.tmp_dtvt_13/.cmddir0/swiftLoggingService15 is starting {"logfile": "/home/dtvt_13/duyDUT/logs_dtvt_13/logs0/LoggingService15.log"}
[2026-04-13 01:26:35.077 +0700] [PROCESS] [cadence.virtuoso.ade.gui] - /home/dtvt_13/duyDUT/.tmp_dtvt_13/.cmddir0/swiftNetlistService16 is starting {"logfile": "/home/dtvt_13/duyDUT/logs_dtvt_13/logs0/Service16.log"}
[2026-04-13 01:26:35.078 +0700] [PROCESS] [cadence.virtuoso.ade.gui] - Logging Service '12748' is starting up on host 'dtvt_13' {"logfile": "/home/dtvt_13/duyDUT/logs_dtvt_13/logs0/LoggingService15.log"}
[2026-04-13 01:26:35.973 +0700] [PROCESS] [cadence.virtuoso.ade.gui] - Netlist Service '12776' is starting up on host 'dtvt_13' {"logfile": "/home/dtvt_13/duyDUT/logs_dtvt_13/logs0/Service16.log"}
[2026-04-13 01:26:37.973 +0700] [EVENT] [cadence.virtuoso.ade.gui] - NewHistoryCreated {"history": "ExplorerRun.0", "event": "NewHistoryCreated", "EventSource": "ADE GUI", "HistoryName": "ExplorerRun.0", "WorkDir": "/home/dtvt_13/duyDUT", "HistorySimDir": "/home/dtvt_13/simulation/gmIdwl/WL/maestro/results/maestro/ExplorerRun.0", "HistoryResultsDir": "/home/dtvt_13/duyDUT/skywater130/gmIdwl/WL/maestro/results/maestro"}
[2026-04-13 01:26:37.974 +0700] [PROCESS] [cadence.virtuoso.ade.gui] - History Setup {"hostname": "dtvt_13", "processid": 13079, "history": "ExplorerRun.0", "logfile": "/home/dtvt_13/duyDUT/logs_dtvt_13/logs0/virtuoso_ade_debug.log", "jobmode": "LSCS", "runmode": "Single Run, Sweeps and Corners", "lib": "gmIdwl", "cell": "WL", "view": "maestro", "icversion": "sub-version  IC6.1.8-64b.500.28 ", "runstart": "Mon Apr 13 01:26:37 2026\n", "timezonelocal": "+000", "spectreversion": "unknown", "jobpolicyname": "", "maxjobs": "unknown", "ncjobpolicyname": "", "ncmaxjobs": "unknown", "numtests": "1", "runfinished": "unknown", "runelapsed": "-1", "numcorners": "1"}
[2026-04-13 01:26:38.426 +0700] [INFO] [cadence.virtuoso.ade.gui] - Simulation will use spectre batch mode because the GCC version used by Spectre and Virtuoso are not compatible. {"history": "ExplorerRun.0", "testname": "gmIdwl_WL_1", "detailed_message": "", "message_id": "EXPLORER-5024"}
[2026-04-13 01:26:38.449 +0700] [EVENT] [cadence.virtuoso.ade.pointevaluator] - NewPoint {"history": "ExplorerRun.0", "point": 1, "testname": "gmIdwl_WL_1", "event": "NewPoint", "EventSource": "ADE GUI", "HistoryName": "ExplorerRun.0", "logFile": "/home/dtvt_13/duyDUT/logs_dtvt_13/logs0/virtuoso_ade_debug.log", "logFileSize": "49596"}
[2026-04-13 01:26:38.450 +0700] [INFO] [cadence.virtuoso.ade.pointevaluator] - Started netlisting {"history": "ExplorerRun.0", "point": 1, "testname": "gmIdwl_WL_1"}
[2026-04-13 01:26:38.891 +0700] [INFO] [cadence.virtuoso.ade.pointevaluator] - Finished netlisting {"history": "ExplorerRun.0", "point": 1, "testname": "gmIdwl_WL_1"}
[2026-04-13 01:26:38.892 +0700] [INFO] [cadence.virtuoso.ade.pointevaluator] - Submitted {"history": "ExplorerRun.0", "point": 1, "testname": "gmIdwl_WL_1"}
[2026-04-13 01:26:43.385 +0700] [PROCESS] [cadence.virtuoso.ade.gui] - /home/dtvt_13/duyDUT/.tmp_dtvt_13/.cmddir0/swiftJob17 is starting {"logfile": "/home/dtvt_13/duyDUT/logs_dtvt_13/logs0/Job17.log"}
[2026-04-13 01:26:43.492 +0700] [PROCESS] [cadence.virtuoso.ade.gui] - Simulation Monitor process '13346' is starting up on host 'dtvt_13' {"logfile": "/home/dtvt_13/duyDUT/logs_dtvt_13/logs0/Job17.log"}
[2026-04-13 01:27:06.588 +0700] [PROCESS] [cadence.virtuoso.ade.gui] - ln: failed to create symbolic link '/home/dtvt_13/simulation/gmIdwl/WL/maestro/results/maestro/ExplorerRun.0/1/gmIdwl_WL_1/netlist/exprOutputs.log': File exists
 {"logfile": "/home/dtvt_13/duyDUT/logs_dtvt_13/logs0/Job17.log"}
[2026-04-13 01:27:06.594 +0700] [PROCESS] [cadence.virtuoso.ade.gui] - ln: failed to create symbolic link '/home/dtvt_13/simulation/gmIdwl/WL/maestro/results/maestro/ExplorerRun.0/1/gmIdwl_WL_1/netlist/amps_evaluator.log': File exists
 {"logfile": "/home/dtvt_13/duyDUT/logs_dtvt_13/logs0/Job17.log"}
[2026-04-13 01:27:07.879 +0700] [INFO] [cadence.virtuoso.ade.gui] - Point completed {"history": "ExplorerRun.0", "point": 1, "testname": "gmIdwl_WL_1"}
[2026-04-13 01:27:07.888 +0700] [EVENT] [cadence.virtuoso.ade.gui] - HistoryFinished {"history": "ExplorerRun.0", "point": 1, "testname": "gmIdwl_WL_1", "event": "HistoryFinished", "EventSource": "ADE GUI", "HistoryName": "ExplorerRun.0"}
[2026-04-13 01:27:48.112 +0700] [EVENT] [cadence.virtuoso.ade.gui] - NewHistoryCreated {"history": "ExplorerRun.0", "point": 1, "testname": "gmIdwl_WL_1", "event": "NewHistoryCreated", "EventSource": "ADE GUI", "HistoryName": "ExplorerRun.0", "WorkDir": "/home/dtvt_13/duyDUT", "HistorySimDir": "/home/dtvt_13/simulation/gmIdwl/WL/maestro/results/maestro/ExplorerRun.0", "HistoryResultsDir": "/home/dtvt_13/duyDUT/skywater130/gmIdwl/WL/maestro/results/maestro"}
[2026-04-13 01:27:48.114 +0700] [PROCESS] [cadence.virtuoso.ade.gui] - History Setup {"hostname": "dtvt_13", "processid": 13079, "history": "ExplorerRun.0", "testname": "gmIdwl_WL_1", "point": 1, "logfile": "/home/dtvt_13/duyDUT/logs_dtvt_13/logs0/virtuoso_ade_debug.log", "jobmode": "LSCS", "runmode": "Single Run, Sweeps and Corners", "lib": "gmIdwl", "cell": "WL", "view": "maestro", "icversion": "sub-version  IC6.1.8-64b.500.28 ", "runstart": "Mon Apr 13 01:27:48 2026\n", "timezonelocal": "+000", "spectreversion": "unknown", "jobpolicyname": "", "maxjobs": "unknown", "ncjobpolicyname": "", "ncmaxjobs": "unknown", "numtests": "1", "runfinished": "unknown", "runelapsed": "-1", "numcorners": "1"}
[2026-04-13 01:27:48.908 +0700] [INFO] [cadence.virtuoso.ade.gui] - Simulation will use spectre batch mode because the GCC version used by Spectre and Virtuoso are not compatible. {"history": "ExplorerRun.0", "point": 1, "testname": "gmIdwl_WL_1", "detailed_message": "", "message_id": "EXPLORER-5024"}
[2026-04-13 01:27:48.934 +0700] [EVENT] [cadence.virtuoso.ade.pointevaluator] - NewPoint {"history": "ExplorerRun.0", "point": 1, "testname": "gmIdwl_WL_1", "event": "NewPoint", "EventSource": "ADE GUI", "HistoryName": "ExplorerRun.0", "logFile": "/home/dtvt_13/duyDUT/logs_dtvt_13/logs0/virtuoso_ade_debug.log", "logFileSize": "53288"}
[2026-04-13 01:27:48.934 +0700] [INFO] [cadence.virtuoso.ade.pointevaluator] - Started netlisting {"history": "ExplorerRun.0", "point": 1, "testname": "gmIdwl_WL_1"}
[2026-04-13 01:27:49.444 +0700] [INFO] [cadence.virtuoso.ade.pointevaluator] - Finished netlisting {"history": "ExplorerRun.0", "point": 1, "testname": "gmIdwl_WL_1"}
[2026-04-13 01:27:49.444 +0700] [INFO] [cadence.virtuoso.ade.pointevaluator] - Submitted {"history": "ExplorerRun.0", "point": 1, "testname": "gmIdwl_WL_1"}
[2026-04-13 01:28:11.986 +0700] [PROCESS] [cadence.virtuoso.ade.gui] - ln: failed to create symbolic link '/home/dtvt_13/simulation/gmIdwl/WL/maestro/results/maestro/ExplorerRun.0/1/gmIdwl_WL_1/netlist/exprOutputs.log': File exists
 {"logfile": "/home/dtvt_13/duyDUT/logs_dtvt_13/logs0/Job17.log"}
[2026-04-13 01:28:11.992 +0700] [PROCESS] [cadence.virtuoso.ade.gui] - ln: failed to create symbolic link '/home/dtvt_13/simulation/gmIdwl/WL/maestro/results/maestro/ExplorerRun.0/1/gmIdwl_WL_1/netlist/amps_evaluator.log': File exists
 {"logfile": "/home/dtvt_13/duyDUT/logs_dtvt_13/logs0/Job17.log"}
[2026-04-13 01:28:12.881 +0700] [INFO] [cadence.virtuoso.ade.gui] - Point completed {"history": "ExplorerRun.0", "point": 1, "testname": "gmIdwl_WL_1"}
[2026-04-13 01:28:12.889 +0700] [EVENT] [cadence.virtuoso.ade.gui] - HistoryFinished {"history": "ExplorerRun.0", "point": 1, "testname": "gmIdwl_WL_1", "event": "HistoryFinished", "EventSource": "ADE GUI", "HistoryName": "ExplorerRun.0"}
[2026-04-13 01:28:55.454 +0700] [EVENT] [cadence.virtuoso.ade.gui] - NewHistoryCreated {"history": "ExplorerRun.0", "point": 1, "testname": "gmIdwl_WL_1", "event": "NewHistoryCreated", "EventSource": "ADE GUI", "HistoryName": "ExplorerRun.0", "WorkDir": "/home/dtvt_13/duyDUT", "HistorySimDir": "/home/dtvt_13/simulation/gmIdwl/WL/maestro/results/maestro/ExplorerRun.0", "HistoryResultsDir": "/home/dtvt_13/duyDUT/skywater130/gmIdwl/WL/maestro/results/maestro"}
[2026-04-13 01:28:55.455 +0700] [PROCESS] [cadence.virtuoso.ade.gui] - History Setup {"hostname": "dtvt_13", "processid": 13079, "history": "ExplorerRun.0", "testname": "gmIdwl_WL_1", "point": 1, "logfile": "/home/dtvt_13/duyDUT/logs_dtvt_13/logs0/virtuoso_ade_debug.log", "jobmode": "LSCS", "runmode": "Single Run, Sweeps and Corners", "lib": "gmIdwl", "cell": "WL", "view": "maestro", "icversion": "sub-version  IC6.1.8-64b.500.28 ", "runstart": "Mon Apr 13 01:28:55 2026\n", "timezonelocal": "+000", "spectreversion": "unknown", "jobpolicyname": "", "maxjobs": "unknown", "ncjobpolicyname": "", "ncmaxjobs": "unknown", "numtests": "1", "runfinished": "unknown", "runelapsed": "-1", "numcorners": "1"}
[2026-04-13 01:28:56.279 +0700] [INFO] [cadence.virtuoso.ade.gui] - Simulation will use spectre batch mode because the GCC version used by Spectre and Virtuoso are not compatible. {"history": "ExplorerRun.0", "point": 1, "testname": "gmIdwl_WL_1", "detailed_message": "", "message_id": "EXPLORER-5024"}
[2026-04-13 01:28:56.307 +0700] [EVENT] [cadence.virtuoso.ade.pointevaluator] - NewPoint {"history": "ExplorerRun.0", "point": 1, "testname": "gmIdwl_WL_1", "event": "NewPoint", "EventSource": "ADE GUI", "HistoryName": "ExplorerRun.0", "logFile": "/home/dtvt_13/duyDUT/logs_dtvt_13/logs0/virtuoso_ade_debug.log", "logFileSize": "56574"}
[2026-04-13 01:28:56.308 +0700] [INFO] [cadence.virtuoso.ade.pointevaluator] - Started netlisting {"history": "ExplorerRun.0", "point": 1, "testname": "gmIdwl_WL_1"}
[2026-04-13 01:28:56.700 +0700] [INFO] [cadence.virtuoso.ade.pointevaluator] - Finished netlisting {"history": "ExplorerRun.0", "point": 1, "testname": "gmIdwl_WL_1"}
[2026-04-13 01:28:56.700 +0700] [INFO] [cadence.virtuoso.ade.pointevaluator] - Submitted {"history": "ExplorerRun.0", "point": 1, "testname": "gmIdwl_WL_1"}
[2026-04-13 01:29:19.879 +0700] [ERROR] [cadence.virtuoso.ade.gui] - Simulation error {"history": "ExplorerRun.0", "point": 1, "testname": "gmIdwl_WL_1"}
[2026-04-13 01:29:19.888 +0700] [EVENT] [cadence.virtuoso.ade.gui] - HistoryFinished {"history": "ExplorerRun.0", "point": 1, "testname": "gmIdwl_WL_1", "event": "HistoryFinished", "EventSource": "ADE GUI", "HistoryName": "ExplorerRun.0"}
[2026-04-13 01:30:51.955 +0700] [EVENT] [cadence.virtuoso.ade.gui] - NewHistoryCreated {"history": "ExplorerRun.0", "point": 1, "testname": "gmIdwl_WL_1", "event": "NewHistoryCreated", "EventSource": "ADE GUI", "HistoryName": "ExplorerRun.0", "WorkDir": "/home/dtvt_13/duyDUT", "HistorySimDir": "/home/dtvt_13/simulation/gmIdwl/WL/maestro/results/maestro/ExplorerRun.0", "HistoryResultsDir": "/home/dtvt_13/duyDUT/skywater130/gmIdwl/WL/maestro/results/maestro"}
[2026-04-13 01:30:51.958 +0700] [PROCESS] [cadence.virtuoso.ade.gui] - History Setup {"hostname": "dtvt_13", "processid": 13079, "history": "ExplorerRun.0", "testname": "gmIdwl_WL_1", "point": 1, "logfile": "/home/dtvt_13/duyDUT/logs_dtvt_13/logs0/virtuoso_ade_debug.log", "jobmode": "LSCS", "runmode": "Single Run, Sweeps and Corners", "lib": "gmIdwl", "cell": "WL", "view": "maestro", "icversion": "sub-version  IC6.1.8-64b.500.28 ", "runstart": "Mon Apr 13 01:30:51 2026\n", "timezonelocal": "+000", "spectreversion": "unknown", "jobpolicyname": "", "maxjobs": "unknown", "ncjobpolicyname": "", "ncmaxjobs": "unknown", "numtests": "1", "runfinished": "unknown", "runelapsed": "-1", "numcorners": "1"}
[2026-04-13 01:30:52.503 +0700] [INFO] [cadence.virtuoso.ade.gui] - Simulation will use spectre batch mode because the GCC version used by Spectre and Virtuoso are not compatible. {"history": "ExplorerRun.0", "point": 1, "testname": "gmIdwl_WL_1", "detailed_message": "", "message_id": "EXPLORER-5024"}
[2026-04-13 01:30:52.530 +0700] [EVENT] [cadence.virtuoso.ade.pointevaluator] - NewPoint {"history": "ExplorerRun.0", "point": 1, "testname": "gmIdwl_WL_1", "event": "NewPoint", "EventSource": "ADE GUI", "HistoryName": "ExplorerRun.0", "logFile": "/home/dtvt_13/duyDUT/logs_dtvt_13/logs0/virtuoso_ade_debug.log", "logFileSize": "59263"}
[2026-04-13 01:30:52.530 +0700] [INFO] [cadence.virtuoso.ade.pointevaluator] - Started netlisting {"history": "ExplorerRun.0", "point": 1, "testname": "gmIdwl_WL_1"}
[2026-04-13 01:30:53.049 +0700] [INFO] [cadence.virtuoso.ade.pointevaluator] - Finished netlisting {"history": "ExplorerRun.0", "point": 1, "testname": "gmIdwl_WL_1"}
[2026-04-13 01:30:53.049 +0700] [INFO] [cadence.virtuoso.ade.pointevaluator] - Submitted {"history": "ExplorerRun.0", "point": 1, "testname": "gmIdwl_WL_1"}
[2026-04-13 01:31:15.879 +0700] [ERROR] [cadence.virtuoso.ade.gui] - Simulation error {"history": "ExplorerRun.0", "point": 1, "testname": "gmIdwl_WL_1"}
[2026-04-13 01:31:15.888 +0700] [EVENT] [cadence.virtuoso.ade.gui] - HistoryFinished {"history": "ExplorerRun.0", "point": 1, "testname": "gmIdwl_WL_1", "event": "HistoryFinished", "EventSource": "ADE GUI", "HistoryName": "ExplorerRun.0"}
[2026-04-13 01:31:45.153 +0700] [PROCESS] [cadence.virtuoso.ade.gui] - Netlist Service '12776' stopped with exit code '0' {"logfile": "/home/dtvt_13/duyDUT/logs_dtvt_13/logs0/Service16.log"}
[2026-04-13 01:32:08.874 +0700] [EVENT] [cadence.virtuoso.ade.gui] - NewHistoryCreated {"history": "ExplorerRun.0", "point": 1, "testname": "gmIdwl_WL_1", "event": "NewHistoryCreated", "EventSource": "ADE GUI", "HistoryName": "ExplorerRun.0", "WorkDir": "/home/dtvt_13/duyDUT", "HistorySimDir": "/home/dtvt_13/simulation/gmIdwl/WL/maestro/results/maestro/ExplorerRun.0", "HistoryResultsDir": "/home/dtvt_13/duyDUT/skywater130/gmIdwl/WL/maestro/results/maestro"}
[2026-04-13 01:32:08.875 +0700] [PROCESS] [cadence.virtuoso.ade.gui] - History Setup {"hostname": "dtvt_13", "processid": 13079, "history": "ExplorerRun.0", "testname": "gmIdwl_WL_1", "point": 1, "logfile": "/home/dtvt_13/duyDUT/logs_dtvt_13/logs0/virtuoso_ade_debug.log", "jobmode": "LSCS", "runmode": "Single Run, Sweeps and Corners", "lib": "gmIdwl", "cell": "WL", "view": "maestro", "icversion": "sub-version  IC6.1.8-64b.500.28 ", "runstart": "Mon Apr 13 01:32:08 2026\n", "timezonelocal": "+000", "spectreversion": "unknown", "jobpolicyname": "", "maxjobs": "unknown", "ncjobpolicyname": "", "ncmaxjobs": "unknown", "numtests": "1", "runfinished": "unknown", "runelapsed": "-1", "numcorners": "1"}
[2026-04-13 01:32:09.362 +0700] [INFO] [cadence.virtuoso.ade.gui] - Simulation will use spectre batch mode because the GCC version used by Spectre and Virtuoso are not compatible. {"history": "ExplorerRun.0", "point": 1, "testname": "gmIdwl_WL_1", "detailed_message": "", "message_id": "EXPLORER-5024"}
[2026-04-13 01:32:09.384 +0700] [EVENT] [cadence.virtuoso.ade.pointevaluator] - NewPoint {"history": "ExplorerRun.0", "point": 1, "testname": "gmIdwl_WL_1", "event": "NewPoint", "EventSource": "ADE GUI", "HistoryName": "ExplorerRun.0", "logFile": "/home/dtvt_13/duyDUT/logs_dtvt_13/logs0/virtuoso_ade_debug.log", "logFileSize": "62143"}
[2026-04-13 01:32:09.384 +0700] [INFO] [cadence.virtuoso.ade.pointevaluator] - Started netlisting {"history": "ExplorerRun.0", "point": 1, "testname": "gmIdwl_WL_1"}
[2026-04-13 01:32:09.890 +0700] [INFO] [cadence.virtuoso.ade.pointevaluator] - Finished netlisting {"history": "ExplorerRun.0", "point": 1, "testname": "gmIdwl_WL_1"}
[2026-04-13 01:32:09.890 +0700] [INFO] [cadence.virtuoso.ade.pointevaluator] - Submitted {"history": "ExplorerRun.0", "point": 1, "testname": "gmIdwl_WL_1"}
[2026-04-13 01:32:31.879 +0700] [ERROR] [cadence.virtuoso.ade.gui] - Simulation error {"history": "ExplorerRun.0", "point": 1, "testname": "gmIdwl_WL_1"}
[2026-04-13 01:32:31.887 +0700] [EVENT] [cadence.virtuoso.ade.gui] - HistoryFinished {"history": "ExplorerRun.0", "point": 1, "testname": "gmIdwl_WL_1", "event": "HistoryFinished", "EventSource": "ADE GUI", "HistoryName": "ExplorerRun.0"}
[2026-04-13 01:32:45.592 +0700] [PROCESS] [cadence.virtuoso.ade.gui] - Logging Service '8023' stopped with exit code '0' {"logfile": "/home/dtvt_13/duyDUT/logs_dtvt_13/logs0/LoggingService13.log"}
[2026-04-13 01:32:54.507 +0700] [PROCESS] [cadence.virtuoso.ade.gui] - Logging Service '12748' stopped with exit code '0' {"logfile": "/home/dtvt_13/duyDUT/logs_dtvt_13/logs0/LoggingService15.log"}
[2026-04-15 22:41:35.591 +0700] [PROCESS] [cadence.virtuoso.ade.gui] - /home/dtvt_13/duyDUT/.tmp_dtvt_13/.cmddir0/swiftLoggingService18 is starting {"logfile": "/home/dtvt_13/duyDUT/logs_dtvt_13/logs0/LoggingService18.log"}
[2026-04-15 22:41:35.736 +0700] [PROCESS] [cadence.virtuoso.ade.gui] - /home/dtvt_13/duyDUT/.tmp_dtvt_13/.cmddir0/swiftNetlistService19 is starting {"logfile": "/home/dtvt_13/duyDUT/logs_dtvt_13/logs0/Service19.log"}
[2026-04-15 22:41:35.737 +0700] [PROCESS] [cadence.virtuoso.ade.gui] - Logging Service '978' is starting up on host 'dtvt_13' {"logfile": "/home/dtvt_13/duyDUT/logs_dtvt_13/logs0/LoggingService18.log"}
[2026-04-15 22:41:36.846 +0700] [PROCESS] [cadence.virtuoso.ade.gui] - Netlist Service '1005' is starting up on host 'dtvt_13' {"logfile": "/home/dtvt_13/duyDUT/logs_dtvt_13/logs0/Service19.log"}
[2026-04-15 22:46:47.726 +0700] [PROCESS] [cadence.virtuoso.ade.gui] - Netlist Service '1005' stopped with exit code '0' {"logfile": "/home/dtvt_13/duyDUT/logs_dtvt_13/logs0/Service19.log"}
[2026-04-15 22:47:57.318 +0700] [EVENT] [cadence.virtuoso.ade.gui] - NewHistoryCreated {"history": "ExplorerRun.0", "event": "NewHistoryCreated", "EventSource": "ADE GUI", "HistoryName": "ExplorerRun.0", "WorkDir": "/home/dtvt_13/duyDUT", "HistorySimDir": "/home/dtvt_13/simulation/gmIdwl/gmid/maestro/results/maestro/ExplorerRun.0", "HistoryResultsDir": "/home/dtvt_13/duyDUT/skywater130/gmIdwl/gmid/maestro/results/maestro"}
[2026-04-15 22:47:57.321 +0700] [PROCESS] [cadence.virtuoso.ade.gui] - History Setup {"hostname": "dtvt_13", "processid": 13079, "history": "ExplorerRun.0", "logfile": "/home/dtvt_13/duyDUT/logs_dtvt_13/logs0/virtuoso_ade_debug.log", "jobmode": "LSCS", "runmode": "Single Run, Sweeps and Corners", "lib": "gmIdwl", "cell": "gmid", "view": "maestro", "icversion": "sub-version  IC6.1.8-64b.500.28 ", "runstart": "Wed Apr 15 22:47:57 2026\n", "timezonelocal": "+000", "spectreversion": "unknown", "jobpolicyname": "", "maxjobs": "unknown", "ncjobpolicyname": "", "ncmaxjobs": "unknown", "numtests": "1", "runfinished": "unknown", "runelapsed": "-1", "numcorners": "1"}
[2026-04-15 22:47:57.863 +0700] [INFO] [cadence.virtuoso.ade.gui] - Simulation will use spectre batch mode because the GCC version used by Spectre and Virtuoso are not compatible. {"history": "ExplorerRun.0", "testname": "gmIdwl_gmid_1", "detailed_message": "", "message_id": "EXPLORER-5024"}
[2026-04-15 22:47:57.891 +0700] [EVENT] [cadence.virtuoso.ade.pointevaluator] - NewPoint {"history": "ExplorerRun.0", "point": 1, "testname": "gmIdwl_gmid_1", "event": "NewPoint", "EventSource": "ADE GUI", "HistoryName": "ExplorerRun.0", "logFile": "/home/dtvt_13/duyDUT/logs_dtvt_13/logs0/virtuoso_ade_debug.log", "logFileSize": "66174"}
[2026-04-15 22:47:57.891 +0700] [INFO] [cadence.virtuoso.ade.pointevaluator] - Started netlisting {"history": "ExplorerRun.0", "point": 1, "testname": "gmIdwl_gmid_1"}
[2026-04-15 22:47:58.286 +0700] [INFO] [cadence.virtuoso.ade.pointevaluator] - Finished netlisting {"history": "ExplorerRun.0", "point": 1, "testname": "gmIdwl_gmid_1"}
[2026-04-15 22:47:58.286 +0700] [INFO] [cadence.virtuoso.ade.pointevaluator] - Submitted {"history": "ExplorerRun.0", "point": 1, "testname": "gmIdwl_gmid_1"}
[2026-04-15 22:48:02.393 +0700] [PROCESS] [cadence.virtuoso.ade.gui] - /home/dtvt_13/duyDUT/.tmp_dtvt_13/.cmddir0/swiftJob20 is starting {"logfile": "/home/dtvt_13/duyDUT/logs_dtvt_13/logs0/Job20.log"}
[2026-04-15 22:48:02.500 +0700] [PROCESS] [cadence.virtuoso.ade.gui] - Simulation Monitor process '3173' is starting up on host 'dtvt_13' {"logfile": "/home/dtvt_13/duyDUT/logs_dtvt_13/logs0/Job20.log"}
[2026-04-15 22:48:16.013 +0700] [PROCESS] [cadence.virtuoso.ade.gui] - ln: failed to create symbolic link '/home/dtvt_13/simulation/gmIdwl/gmid/maestro/results/maestro/ExplorerRun.0/1/gmIdwl_gmid_1/netlist/exprOutputs.log': File exists
 {"logfile": "/home/dtvt_13/duyDUT/logs_dtvt_13/logs0/Job20.log"}
[2026-04-15 22:48:16.018 +0700] [PROCESS] [cadence.virtuoso.ade.gui] - ln: failed to create symbolic link '/home/dtvt_13/simulation/gmIdwl/gmid/maestro/results/maestro/ExplorerRun.0/1/gmIdwl_gmid_1/netlist/amps_evaluator.log': File exists
 {"logfile": "/home/dtvt_13/duyDUT/logs_dtvt_13/logs0/Job20.log"}
[2026-04-15 22:48:17.383 +0700] [INFO] [cadence.virtuoso.ade.gui] - Point completed {"history": "ExplorerRun.0", "point": 1, "testname": "gmIdwl_gmid_1"}
[2026-04-15 22:48:17.402 +0700] [EVENT] [cadence.virtuoso.ade.gui] - HistoryFinished {"history": "ExplorerRun.0", "point": 1, "testname": "gmIdwl_gmid_1", "event": "HistoryFinished", "EventSource": "ADE GUI", "HistoryName": "ExplorerRun.0"}
[2026-04-15 22:50:50.465 +0700] [EVENT] [cadence.virtuoso.ade.gui] - NewHistoryCreated {"history": "ExplorerRun.0", "point": 1, "testname": "gmIdwl_gmid_1", "event": "NewHistoryCreated", "EventSource": "ADE GUI", "HistoryName": "ExplorerRun.0", "WorkDir": "/home/dtvt_13/duyDUT", "HistorySimDir": "/home/dtvt_13/simulation/gmIdwl/gmid/maestro/results/maestro/ExplorerRun.0", "HistoryResultsDir": "/home/dtvt_13/duyDUT/skywater130/gmIdwl/gmid/maestro/results/maestro"}
[2026-04-15 22:50:50.467 +0700] [PROCESS] [cadence.virtuoso.ade.gui] - History Setup {"hostname": "dtvt_13", "processid": 13079, "history": "ExplorerRun.0", "testname": "gmIdwl_gmid_1", "point": 1, "logfile": "/home/dtvt_13/duyDUT/logs_dtvt_13/logs0/virtuoso_ade_debug.log", "jobmode": "LSCS", "runmode": "Single Run, Sweeps and Corners", "lib": "gmIdwl", "cell": "gmid", "view": "maestro", "icversion": "sub-version  IC6.1.8-64b.500.28 ", "runstart": "Wed Apr 15 22:50:50 2026\n", "timezonelocal": "+000", "spectreversion": "unknown", "jobpolicyname": "", "maxjobs": "unknown", "ncjobpolicyname": "", "ncmaxjobs": "unknown", "numtests": "1", "runfinished": "unknown", "runelapsed": "-1", "numcorners": "1"}
[2026-04-15 22:50:51.159 +0700] [INFO] [cadence.virtuoso.ade.gui] - Simulation will use spectre batch mode because the GCC version used by Spectre and Virtuoso are not compatible. {"history": "ExplorerRun.0", "point": 1, "testname": "gmIdwl_gmid_1", "detailed_message": "", "message_id": "EXPLORER-5024"}
[2026-04-15 22:50:51.187 +0700] [EVENT] [cadence.virtuoso.ade.pointevaluator] - NewPoint {"history": "ExplorerRun.0", "point": 1, "testname": "gmIdwl_gmid_1", "event": "NewPoint", "EventSource": "ADE GUI", "HistoryName": "ExplorerRun.0", "logFile": "/home/dtvt_13/duyDUT/logs_dtvt_13/logs0/virtuoso_ade_debug.log", "logFileSize": "69897"}
[2026-04-15 22:50:51.188 +0700] [INFO] [cadence.virtuoso.ade.pointevaluator] - Started netlisting {"history": "ExplorerRun.0", "point": 1, "testname": "gmIdwl_gmid_1"}
[2026-04-15 22:50:51.490 +0700] [INFO] [cadence.virtuoso.ade.pointevaluator] - Finished netlisting {"history": "ExplorerRun.0", "point": 1, "testname": "gmIdwl_gmid_1"}
[2026-04-15 22:50:51.490 +0700] [INFO] [cadence.virtuoso.ade.pointevaluator] - Submitted {"history": "ExplorerRun.0", "point": 1, "testname": "gmIdwl_gmid_1"}
[2026-04-15 22:51:14.618 +0700] [PROCESS] [cadence.virtuoso.ade.gui] - ln: failed to create symbolic link '/home/dtvt_13/simulation/gmIdwl/gmid/maestro/results/maestro/ExplorerRun.0/1/gmIdwl_gmid_1/netlist/exprOutputs.log': File exists
 {"logfile": "/home/dtvt_13/duyDUT/logs_dtvt_13/logs0/Job20.log"}
[2026-04-15 22:51:14.623 +0700] [PROCESS] [cadence.virtuoso.ade.gui] - ln: failed to create symbolic link '/home/dtvt_13/simulation/gmIdwl/gmid/maestro/results/maestro/ExplorerRun.0/1/gmIdwl_gmid_1/netlist/amps_evaluator.log': File exists
 {"logfile": "/home/dtvt_13/duyDUT/logs_dtvt_13/logs0/Job20.log"}
[2026-04-15 22:51:15.384 +0700] [INFO] [cadence.virtuoso.ade.gui] - Point completed {"history": "ExplorerRun.0", "point": 1, "testname": "gmIdwl_gmid_1"}
[2026-04-15 22:51:15.395 +0700] [EVENT] [cadence.virtuoso.ade.gui] - HistoryFinished {"history": "ExplorerRun.0", "point": 1, "testname": "gmIdwl_gmid_1", "event": "HistoryFinished", "EventSource": "ADE GUI", "HistoryName": "ExplorerRun.0"}
[2026-04-15 22:53:09.443 +0700] [EVENT] [cadence.virtuoso.ade.gui] - NewHistoryCreated {"history": "ExplorerRun.0", "point": 1, "testname": "gmIdwl_gmid_1", "event": "NewHistoryCreated", "EventSource": "ADE GUI", "HistoryName": "ExplorerRun.0", "WorkDir": "/home/dtvt_13/duyDUT", "HistorySimDir": "/home/dtvt_13/simulation/gmIdwl/gmid/maestro/results/maestro/ExplorerRun.0", "HistoryResultsDir": "/home/dtvt_13/duyDUT/skywater130/gmIdwl/gmid/maestro/results/maestro"}
[2026-04-15 22:53:09.444 +0700] [PROCESS] [cadence.virtuoso.ade.gui] - History Setup {"hostname": "dtvt_13", "processid": 13079, "history": "ExplorerRun.0", "testname": "gmIdwl_gmid_1", "point": 1, "logfile": "/home/dtvt_13/duyDUT/logs_dtvt_13/logs0/virtuoso_ade_debug.log", "jobmode": "LSCS", "runmode": "Single Run, Sweeps and Corners", "lib": "gmIdwl", "cell": "gmid", "view": "maestro", "icversion": "sub-version  IC6.1.8-64b.500.28 ", "runstart": "Wed Apr 15 22:53:09 2026\n", "timezonelocal": "+000", "spectreversion": "unknown", "jobpolicyname": "", "maxjobs": "unknown", "ncjobpolicyname": "", "ncmaxjobs": "unknown", "numtests": "1", "runfinished": "unknown", "runelapsed": "-1", "numcorners": "1"}
[2026-04-15 22:53:09.930 +0700] [INFO] [cadence.virtuoso.ade.gui] - Simulation will use spectre batch mode because the GCC version used by Spectre and Virtuoso are not compatible. {"history": "ExplorerRun.0", "point": 1, "testname": "gmIdwl_gmid_1", "detailed_message": "", "message_id": "EXPLORER-5024"}
[2026-04-15 22:53:09.951 +0700] [EVENT] [cadence.virtuoso.ade.pointevaluator] - NewPoint {"history": "ExplorerRun.0", "point": 1, "testname": "gmIdwl_gmid_1", "event": "NewPoint", "EventSource": "ADE GUI", "HistoryName": "ExplorerRun.0", "logFile": "/home/dtvt_13/duyDUT/logs_dtvt_13/logs0/virtuoso_ade_debug.log", "logFileSize": "73215"}
[2026-04-15 22:53:09.951 +0700] [INFO] [cadence.virtuoso.ade.pointevaluator] - Started netlisting {"history": "ExplorerRun.0", "point": 1, "testname": "gmIdwl_gmid_1"}
[2026-04-15 22:53:10.266 +0700] [INFO] [cadence.virtuoso.ade.pointevaluator] - Finished netlisting {"history": "ExplorerRun.0", "point": 1, "testname": "gmIdwl_gmid_1"}
[2026-04-15 22:53:10.266 +0700] [INFO] [cadence.virtuoso.ade.pointevaluator] - Submitted {"history": "ExplorerRun.0", "point": 1, "testname": "gmIdwl_gmid_1"}
[2026-04-15 22:53:33.846 +0700] [PROCESS] [cadence.virtuoso.ade.gui] - ln: failed to create symbolic link '/home/dtvt_13/simulation/gmIdwl/gmid/maestro/results/maestro/ExplorerRun.0/1/gmIdwl_gmid_1/netlist/exprOutputs.log': File exists
 {"logfile": "/home/dtvt_13/duyDUT/logs_dtvt_13/logs0/Job20.log"}
[2026-04-15 22:53:33.852 +0700] [PROCESS] [cadence.virtuoso.ade.gui] - ln: failed to create symbolic link '/home/dtvt_13/simulation/gmIdwl/gmid/maestro/results/maestro/ExplorerRun.0/1/gmIdwl_gmid_1/netlist/amps_evaluator.log': File exists
 {"logfile": "/home/dtvt_13/duyDUT/logs_dtvt_13/logs0/Job20.log"}
[2026-04-15 22:53:35.382 +0700] [INFO] [cadence.virtuoso.ade.gui] - Point completed {"history": "ExplorerRun.0", "point": 1, "testname": "gmIdwl_gmid_1"}
[2026-04-15 22:53:35.390 +0700] [EVENT] [cadence.virtuoso.ade.gui] - HistoryFinished {"history": "ExplorerRun.0", "point": 1, "testname": "gmIdwl_gmid_1", "event": "HistoryFinished", "EventSource": "ADE GUI", "HistoryName": "ExplorerRun.0"}
[2026-04-15 23:08:42.982 +0700] [PROCESS] [cadence.virtuoso.ade.gui] - Logging Service '978' stopped with exit code '0' {"logfile": "/home/dtvt_13/duyDUT/logs_dtvt_13/logs0/LoggingService18.log"}
[2026-04-15 23:55:31.904 +0700] [PROCESS] [cadence.virtuoso.ade.gui] - /home/dtvt_13/duyDUT/.tmp_dtvt_13/.cmddir0/swiftLoggingService21 is starting {"logfile": "/home/dtvt_13/duyDUT/logs_dtvt_13/logs0/LoggingService21.log"}
[2026-04-15 23:55:32.009 +0700] [PROCESS] [cadence.virtuoso.ade.gui] - /home/dtvt_13/duyDUT/.tmp_dtvt_13/.cmddir0/swiftNetlistService22 is starting {"logfile": "/home/dtvt_13/duyDUT/logs_dtvt_13/logs0/Service22.log"}
[2026-04-15 23:55:32.010 +0700] [PROCESS] [cadence.virtuoso.ade.gui] - Logging Service '13024' is starting up on host 'dtvt_13' {"logfile": "/home/dtvt_13/duyDUT/logs_dtvt_13/logs0/LoggingService21.log"}
[2026-04-15 23:55:32.597 +0700] [PROCESS] [cadence.virtuoso.ade.gui] - Netlist Service '13052' is starting up on host 'dtvt_13' {"logfile": "/home/dtvt_13/duyDUT/logs_dtvt_13/logs0/Service22.log"}
[2026-04-16 00:00:38.633 +0700] [WARN] [cadence.virtuoso.ade.gui] - Following tests do not have any outputs selected for plotting:
gmIdwl_gmid2_1
 {"detailed_message": "", "message_id": "EXPLORER-1617"}
[2026-04-16 00:00:38.694 +0700] [EVENT] [cadence.virtuoso.ade.gui] - NewHistoryCreated {"history": "ExplorerRun.0", "event": "NewHistoryCreated", "EventSource": "ADE GUI", "HistoryName": "ExplorerRun.0", "WorkDir": "/home/dtvt_13/duyDUT", "HistorySimDir": "/home/dtvt_13/simulation/gmIdwl/gmid2/maestro/results/maestro/ExplorerRun.0", "HistoryResultsDir": "/home/dtvt_13/duyDUT/skywater130/gmIdwl/gmid2/maestro/results/maestro"}
[2026-04-16 00:00:38.697 +0700] [PROCESS] [cadence.virtuoso.ade.gui] - History Setup {"hostname": "dtvt_13", "processid": 13079, "history": "ExplorerRun.0", "logfile": "/home/dtvt_13/duyDUT/logs_dtvt_13/logs0/virtuoso_ade_debug.log", "jobmode": "LSCS", "runmode": "Single Run, Sweeps and Corners", "lib": "gmIdwl", "cell": "gmid2", "view": "maestro", "icversion": "sub-version  IC6.1.8-64b.500.28 ", "runstart": "Thu Apr 16 00:00:38 2026\n", "timezonelocal": "+000", "spectreversion": "unknown", "jobpolicyname": "", "maxjobs": "unknown", "ncjobpolicyname": "", "ncmaxjobs": "unknown", "numtests": "1", "runfinished": "unknown", "runelapsed": "-1", "numcorners": "1"}
[2026-04-16 00:00:39.498 +0700] [INFO] [cadence.virtuoso.ade.gui] - Simulation will use spectre batch mode because the GCC version used by Spectre and Virtuoso are not compatible. {"history": "ExplorerRun.0", "testname": "gmIdwl_gmid2_1", "detailed_message": "", "message_id": "EXPLORER-5024"}
[2026-04-16 00:00:39.529 +0700] [EVENT] [cadence.virtuoso.ade.pointevaluator] - NewPoint {"history": "ExplorerRun.0", "point": 1, "testname": "gmIdwl_gmid2_1", "event": "NewPoint", "EventSource": "ADE GUI", "HistoryName": "ExplorerRun.0", "logFile": "/home/dtvt_13/duyDUT/logs_dtvt_13/logs0/virtuoso_ade_debug.log", "logFileSize": "77684"}
[2026-04-16 00:00:39.530 +0700] [INFO] [cadence.virtuoso.ade.pointevaluator] - Started netlisting {"history": "ExplorerRun.0", "point": 1, "testname": "gmIdwl_gmid2_1"}
[2026-04-16 00:00:40.056 +0700] [INFO] [cadence.virtuoso.ade.pointevaluator] - Finished netlisting {"history": "ExplorerRun.0", "point": 1, "testname": "gmIdwl_gmid2_1"}
[2026-04-16 00:00:40.057 +0700] [INFO] [cadence.virtuoso.ade.pointevaluator] - Submitted {"history": "ExplorerRun.0", "point": 1, "testname": "gmIdwl_gmid2_1"}
[2026-04-16 00:00:43.897 +0700] [PROCESS] [cadence.virtuoso.ade.gui] - Netlist Service '13052' stopped with exit code '0' {"logfile": "/home/dtvt_13/duyDUT/logs_dtvt_13/logs0/Service22.log"}
[2026-04-16 00:00:44.329 +0700] [PROCESS] [cadence.virtuoso.ade.gui] - /home/dtvt_13/duyDUT/.tmp_dtvt_13/.cmddir0/swiftJob23 is starting {"logfile": "/home/dtvt_13/duyDUT/logs_dtvt_13/logs0/Job23.log"}
[2026-04-16 00:00:44.436 +0700] [PROCESS] [cadence.virtuoso.ade.gui] - Simulation Monitor process '15495' is starting up on host 'dtvt_13' {"logfile": "/home/dtvt_13/duyDUT/logs_dtvt_13/logs0/Job23.log"}
[2026-04-16 00:00:47.878 +0700] [ERROR] [cadence.virtuoso.ade.gui] - Evaluation error {"history": "ExplorerRun.0", "point": 1, "testname": "gmIdwl_gmid2_1"}
[2026-04-16 00:00:47.899 +0700] [EVENT] [cadence.virtuoso.ade.gui] - HistoryFinished {"history": "ExplorerRun.0", "point": 1, "testname": "gmIdwl_gmid2_1", "event": "HistoryFinished", "EventSource": "ADE GUI", "HistoryName": "ExplorerRun.0"}
[2026-04-16 00:01:07.575 +0700] [PROCESS] [cadence.virtuoso.ade.gui] - ln: failed to create symbolic link '/home/dtvt_13/simulation/gmIdwl/gmid2/maestro/results/maestro/ExplorerRun.0/1/gmIdwl_gmid2_1/netlist/exprOutputs.log': File exists
 {"logfile": "/home/dtvt_13/duyDUT/logs_dtvt_13/logs0/Job23.log"}
[2026-04-16 00:01:07.581 +0700] [PROCESS] [cadence.virtuoso.ade.gui] - ln: failed to create symbolic link '/home/dtvt_13/simulation/gmIdwl/gmid2/maestro/results/maestro/ExplorerRun.0/1/gmIdwl_gmid2_1/netlist/amps_evaluator.log': File exists
 {"logfile": "/home/dtvt_13/duyDUT/logs_dtvt_13/logs0/Job23.log"}
[2026-04-16 00:01:07.879 +0700] [ERROR] [cadence.virtuoso.ade.gui] - Evaluation error {"history": "ExplorerRun.0", "point": 1, "testname": "gmIdwl_gmid2_1"}
[2026-04-16 00:01:08.091 +0700] [PROCESS] [cadence.virtuoso.ade.gui] - ln: failed to create symbolic link '/home/dtvt_13/simulation/gmIdwl/gmid2/maestro/results/maestro/ExplorerRun.0/1/gmIdwl_gmid2_1/netlist/exprOutputs.log': File exists
 {"logfile": "/home/dtvt_13/duyDUT/logs_dtvt_13/logs0/Job23.log"}
[2026-04-16 00:01:08.096 +0700] [PROCESS] [cadence.virtuoso.ade.gui] - ln: failed to create symbolic link '/home/dtvt_13/simulation/gmIdwl/gmid2/maestro/results/maestro/ExplorerRun.0/1/gmIdwl_gmid2_1/netlist/amps_evaluator.log': File exists
 {"logfile": "/home/dtvt_13/duyDUT/logs_dtvt_13/logs0/Job23.log"}
[2026-04-16 00:01:10.606 +0700] [PROCESS] [cadence.virtuoso.ade.gui] - ln: failed to create symbolic link '/home/dtvt_13/simulation/gmIdwl/gmid2/maestro/results/maestro/ExplorerRun.0/1/gmIdwl_gmid2_1/netlist/exprOutputs.log': File exists
 {"logfile": "/home/dtvt_13/duyDUT/logs_dtvt_13/logs0/Job23.log"}
[2026-04-16 00:01:10.612 +0700] [PROCESS] [cadence.virtuoso.ade.gui] - ln: failed to create symbolic link '/home/dtvt_13/simulation/gmIdwl/gmid2/maestro/results/maestro/ExplorerRun.0/1/gmIdwl_gmid2_1/netlist/amps_evaluator.log': File exists
 {"logfile": "/home/dtvt_13/duyDUT/logs_dtvt_13/logs0/Job23.log"}
[2026-04-16 00:01:10.879 +0700] [ERROR] [cadence.virtuoso.ade.gui] - Evaluation error {"history": "ExplorerRun.0", "point": 1, "testname": "gmIdwl_gmid2_1"}
[2026-04-16 00:01:10.881 +0700] [ERROR] [cadence.virtuoso.ade.gui] - Evaluation error {"history": "ExplorerRun.0", "point": 1, "testname": "gmIdwl_gmid2_1"}
[2026-04-16 00:01:12.875 +0700] [ERROR] [cadence.virtuoso.ade.gui] - Evaluation error {"history": "ExplorerRun.0", "point": 1, "testname": "gmIdwl_gmid2_1"}
[2026-04-16 00:01:12.876 +0700] [ERROR] [cadence.virtuoso.ade.gui] - Evaluation error {"history": "ExplorerRun.0", "point": 1, "testname": "gmIdwl_gmid2_1"}
[2026-04-16 00:01:13.123 +0700] [PROCESS] [cadence.virtuoso.ade.gui] - ln: failed to create symbolic link '/home/dtvt_13/simulation/gmIdwl/gmid2/maestro/results/maestro/ExplorerRun.0/1/gmIdwl_gmid2_1/netlist/exprOutputs.log': File exists
 {"logfile": "/home/dtvt_13/duyDUT/logs_dtvt_13/logs0/Job23.log"}
[2026-04-16 00:01:13.130 +0700] [PROCESS] [cadence.virtuoso.ade.gui] - ln: failed to create symbolic link '/home/dtvt_13/simulation/gmIdwl/gmid2/maestro/results/maestro/ExplorerRun.0/1/gmIdwl_gmid2_1/netlist/amps_evaluator.log': File exists
 {"logfile": "/home/dtvt_13/duyDUT/logs_dtvt_13/logs0/Job23.log"}
[2026-04-16 00:01:13.875 +0700] [ERROR] [cadence.virtuoso.ade.gui] - Evaluation error {"history": "ExplorerRun.0", "point": 1, "testname": "gmIdwl_gmid2_1"}
[2026-04-16 00:01:15.879 +0700] [ERROR] [cadence.virtuoso.ade.gui] - Evaluation error {"history": "ExplorerRun.0", "point": 1, "testname": "gmIdwl_gmid2_1"}
[2026-04-16 00:01:15.882 +0700] [ERROR] [cadence.virtuoso.ade.gui] - Evaluation error {"history": "ExplorerRun.0", "point": 1, "testname": "gmIdwl_gmid2_1"}
[2026-04-16 00:06:29.584 +0700] [WARN] [cadence.virtuoso.ade.gui] - Following tests do not have any outputs selected for plotting:
gmIdwl_gmid2_1
 {"history": "ExplorerRun.0", "point": 1, "testname": "gmIdwl_gmid2_1", "detailed_message": "", "message_id": "EXPLORER-1617"}
[2026-04-16 00:06:29.639 +0700] [EVENT] [cadence.virtuoso.ade.gui] - NewHistoryCreated {"history": "ExplorerRun.0", "point": 1, "testname": "gmIdwl_gmid2_1", "event": "NewHistoryCreated", "EventSource": "ADE GUI", "HistoryName": "ExplorerRun.0", "WorkDir": "/home/dtvt_13/duyDUT", "HistorySimDir": "/home/dtvt_13/simulation/gmIdwl/gmid2/maestro/results/maestro/ExplorerRun.0", "HistoryResultsDir": "/home/dtvt_13/duyDUT/skywater130/gmIdwl/gmid2/maestro/results/maestro"}
[2026-04-16 00:06:29.641 +0700] [PROCESS] [cadence.virtuoso.ade.gui] - History Setup {"hostname": "dtvt_13", "processid": 13079, "history": "ExplorerRun.0", "testname": "gmIdwl_gmid2_1", "point": 1, "logfile": "/home/dtvt_13/duyDUT/logs_dtvt_13/logs0/virtuoso_ade_debug.log", "jobmode": "LSCS", "runmode": "Single Run, Sweeps and Corners", "lib": "gmIdwl", "cell": "gmid2", "view": "maestro", "icversion": "sub-version  IC6.1.8-64b.500.28 ", "runstart": "Thu Apr 16 00:06:29 2026\n", "timezonelocal": "+000", "spectreversion": "unknown", "jobpolicyname": "", "maxjobs": "unknown", "ncjobpolicyname": "", "ncmaxjobs": "unknown", "numtests": "1", "runfinished": "unknown", "runelapsed": "-1", "numcorners": "1"}
[2026-04-16 00:06:30.274 +0700] [INFO] [cadence.virtuoso.ade.gui] - Simulation will use spectre batch mode because the GCC version used by Spectre and Virtuoso are not compatible. {"history": "ExplorerRun.0", "point": 1, "testname": "gmIdwl_gmid2_1", "detailed_message": "", "message_id": "EXPLORER-5024"}
[2026-04-16 00:06:30.300 +0700] [EVENT] [cadence.virtuoso.ade.pointevaluator] - NewPoint {"history": "ExplorerRun.0", "point": 1, "testname": "gmIdwl_gmid2_1", "event": "NewPoint", "EventSource": "ADE GUI", "HistoryName": "ExplorerRun.0", "logFile": "/home/dtvt_13/duyDUT/logs_dtvt_13/logs0/virtuoso_ade_debug.log", "logFileSize": "84979"}
[2026-04-16 00:06:30.301 +0700] [INFO] [cadence.virtuoso.ade.pointevaluator] - Started netlisting {"history": "ExplorerRun.0", "point": 1, "testname": "gmIdwl_gmid2_1"}
[2026-04-16 00:06:30.834 +0700] [INFO] [cadence.virtuoso.ade.pointevaluator] - Finished netlisting {"history": "ExplorerRun.0", "point": 1, "testname": "gmIdwl_gmid2_1"}
[2026-04-16 00:06:30.834 +0700] [INFO] [cadence.virtuoso.ade.pointevaluator] - Submitted {"history": "ExplorerRun.0", "point": 1, "testname": "gmIdwl_gmid2_1"}
[2026-04-16 00:06:35.198 +0700] [PROCESS] [cadence.virtuoso.ade.gui] - /home/dtvt_13/duyDUT/.tmp_dtvt_13/.cmddir0/swiftJob24 is starting {"logfile": "/home/dtvt_13/duyDUT/logs_dtvt_13/logs0/Job24.log"}
[2026-04-16 00:06:35.306 +0700] [PROCESS] [cadence.virtuoso.ade.gui] - Simulation Monitor process '17547' is starting up on host 'dtvt_13' {"logfile": "/home/dtvt_13/duyDUT/logs_dtvt_13/logs0/Job24.log"}
[2026-04-16 00:06:38.877 +0700] [ERROR] [cadence.virtuoso.ade.gui] - Evaluation error {"history": "ExplorerRun.0", "point": 1, "testname": "gmIdwl_gmid2_1"}
[2026-04-16 00:06:38.895 +0700] [EVENT] [cadence.virtuoso.ade.gui] - HistoryFinished {"history": "ExplorerRun.0", "point": 1, "testname": "gmIdwl_gmid2_1", "event": "HistoryFinished", "EventSource": "ADE GUI", "HistoryName": "ExplorerRun.0"}
[2026-04-16 00:06:58.486 +0700] [PROCESS] [cadence.virtuoso.ade.gui] - ln: failed to create symbolic link '/home/dtvt_13/simulation/gmIdwl/gmid2/maestro/results/maestro/ExplorerRun.0/1/gmIdwl_gmid2_1/netlist/exprOutputs.log': File exists
 {"logfile": "/home/dtvt_13/duyDUT/logs_dtvt_13/logs0/Job24.log"}
[2026-04-16 00:06:58.493 +0700] [PROCESS] [cadence.virtuoso.ade.gui] - ln: failed to create symbolic link '/home/dtvt_13/simulation/gmIdwl/gmid2/maestro/results/maestro/ExplorerRun.0/1/gmIdwl_gmid2_1/netlist/amps_evaluator.log': File exists
 {"logfile": "/home/dtvt_13/duyDUT/logs_dtvt_13/logs0/Job24.log"}
[2026-04-16 00:06:58.879 +0700] [ERROR] [cadence.virtuoso.ade.gui] - Evaluation error {"history": "ExplorerRun.0", "point": 1, "testname": "gmIdwl_gmid2_1"}
[2026-04-16 00:06:59.010 +0700] [PROCESS] [cadence.virtuoso.ade.gui] - ln: failed to create symbolic link '/home/dtvt_13/simulation/gmIdwl/gmid2/maestro/results/maestro/ExplorerRun.0/1/gmIdwl_gmid2_1/netlist/exprOutputs.log': File exists
 {"logfile": "/home/dtvt_13/duyDUT/logs_dtvt_13/logs0/Job24.log"}
[2026-04-16 00:06:59.016 +0700] [PROCESS] [cadence.virtuoso.ade.gui] - ln: failed to create symbolic link '/home/dtvt_13/simulation/gmIdwl/gmid2/maestro/results/maestro/ExplorerRun.0/1/gmIdwl_gmid2_1/netlist/amps_evaluator.log': File exists
 {"logfile": "/home/dtvt_13/duyDUT/logs_dtvt_13/logs0/Job24.log"}
[2026-04-16 00:07:01.879 +0700] [ERROR] [cadence.virtuoso.ade.gui] - Evaluation error {"history": "ExplorerRun.0", "point": 1, "testname": "gmIdwl_gmid2_1"}
[2026-04-16 00:07:01.881 +0700] [ERROR] [cadence.virtuoso.ade.gui] - Evaluation error {"history": "ExplorerRun.0", "point": 1, "testname": "gmIdwl_gmid2_1"}
[2026-04-16 00:07:02.028 +0700] [PROCESS] [cadence.virtuoso.ade.gui] - ln: failed to create symbolic link '/home/dtvt_13/simulation/gmIdwl/gmid2/maestro/results/maestro/ExplorerRun.0/1/gmIdwl_gmid2_1/netlist/exprOutputs.log': File exists
 {"logfile": "/home/dtvt_13/duyDUT/logs_dtvt_13/logs0/Job24.log"}
[2026-04-16 00:07:02.034 +0700] [PROCESS] [cadence.virtuoso.ade.gui] - ln: failed to create symbolic link '/home/dtvt_13/simulation/gmIdwl/gmid2/maestro/results/maestro/ExplorerRun.0/1/gmIdwl_gmid2_1/netlist/amps_evaluator.log': File exists
 {"logfile": "/home/dtvt_13/duyDUT/logs_dtvt_13/logs0/Job24.log"}
[2026-04-16 00:07:03.878 +0700] [ERROR] [cadence.virtuoso.ade.gui] - Evaluation error {"history": "ExplorerRun.0", "point": 1, "testname": "gmIdwl_gmid2_1"}
[2026-04-16 00:07:03.880 +0700] [ERROR] [cadence.virtuoso.ade.gui] - Evaluation error {"history": "ExplorerRun.0", "point": 1, "testname": "gmIdwl_gmid2_1"}
[2026-04-16 00:07:04.045 +0700] [PROCESS] [cadence.virtuoso.ade.gui] - ln: failed to create symbolic link '/home/dtvt_13/simulation/gmIdwl/gmid2/maestro/results/maestro/ExplorerRun.0/1/gmIdwl_gmid2_1/netlist/exprOutputs.log': File exists
 {"logfile": "/home/dtvt_13/duyDUT/logs_dtvt_13/logs0/Job24.log"}
[2026-04-16 00:07:04.052 +0700] [PROCESS] [cadence.virtuoso.ade.gui] - ln: failed to create symbolic link '/home/dtvt_13/simulation/gmIdwl/gmid2/maestro/results/maestro/ExplorerRun.0/1/gmIdwl_gmid2_1/netlist/amps_evaluator.log': File exists
 {"logfile": "/home/dtvt_13/duyDUT/logs_dtvt_13/logs0/Job24.log"}
[2026-04-16 00:07:04.876 +0700] [ERROR] [cadence.virtuoso.ade.gui] - Evaluation error {"history": "ExplorerRun.0", "point": 1, "testname": "gmIdwl_gmid2_1"}
[2026-04-16 00:07:05.876 +0700] [ERROR] [cadence.virtuoso.ade.gui] - Evaluation error {"history": "ExplorerRun.0", "point": 1, "testname": "gmIdwl_gmid2_1"}
[2026-04-16 00:07:05.876 +0700] [ERROR] [cadence.virtuoso.ade.gui] - Evaluation error {"history": "ExplorerRun.0", "point": 1, "testname": "gmIdwl_gmid2_1"}
[2026-04-16 00:07:26.926 +0700] [PROCESS] [cadence.virtuoso.ade.gui] - /home/dtvt_13/duyDUT/.tmp_dtvt_13/.cmddir0/swiftLoggingService25 is starting {"logfile": "/home/dtvt_13/duyDUT/logs_dtvt_13/logs0/LoggingService25.log"}
[2026-04-16 00:07:27.031 +0700] [PROCESS] [cadence.virtuoso.ade.gui] - /home/dtvt_13/duyDUT/.tmp_dtvt_13/.cmddir0/swiftNetlistService26 is starting {"logfile": "/home/dtvt_13/duyDUT/logs_dtvt_13/logs0/Service26.log"}
[2026-04-16 00:07:27.032 +0700] [PROCESS] [cadence.virtuoso.ade.gui] - Logging Service '18628' is starting up on host 'dtvt_13' {"logfile": "/home/dtvt_13/duyDUT/logs_dtvt_13/logs0/LoggingService25.log"}
[2026-04-16 00:07:27.760 +0700] [PROCESS] [cadence.virtuoso.ade.gui] - Netlist Service '18684' is starting up on host 'dtvt_13' {"logfile": "/home/dtvt_13/duyDUT/logs_dtvt_13/logs0/Service26.log"}
[2026-04-16 00:08:26.626 +0700] [PROCESS] [cadence.virtuoso.ade.gui] - Logging Service '18628' stopped with exit code '0' {"logfile": "/home/dtvt_13/duyDUT/logs_dtvt_13/logs0/LoggingService25.log"}
[2026-04-16 00:09:42.415 +0700] [EVENT] [cadence.virtuoso.ade.gui] - NewHistoryCreated {"history": "ExplorerRun.0", "point": 1, "testname": "gmIdwl_gmid2_1", "event": "NewHistoryCreated", "EventSource": "ADE GUI", "HistoryName": "ExplorerRun.0", "WorkDir": "/home/dtvt_13/duyDUT", "HistorySimDir": "/home/dtvt_13/simulation/gmIdwl/gmid2/maestro/results/maestro/ExplorerRun.0", "HistoryResultsDir": "/home/dtvt_13/duyDUT/skywater130/gmIdwl/gmid2/maestro/results/maestro"}
[2026-04-16 00:09:42.416 +0700] [PROCESS] [cadence.virtuoso.ade.gui] - History Setup {"hostname": "dtvt_13", "processid": 13079, "history": "ExplorerRun.0", "testname": "gmIdwl_gmid2_1", "point": 1, "logfile": "/home/dtvt_13/duyDUT/logs_dtvt_13/logs0/virtuoso_ade_debug.log", "jobmode": "LSCS", "runmode": "Single Run, Sweeps and Corners", "lib": "gmIdwl", "cell": "gmid2", "view": "maestro", "icversion": "sub-version  IC6.1.8-64b.500.28 ", "runstart": "Thu Apr 16 00:09:42 2026\n", "timezonelocal": "+000", "spectreversion": "unknown", "jobpolicyname": "", "maxjobs": "unknown", "ncjobpolicyname": "", "ncmaxjobs": "unknown", "numtests": "1", "runfinished": "unknown", "runelapsed": "-1", "numcorners": "1"}
[2026-04-16 00:09:42.963 +0700] [INFO] [cadence.virtuoso.ade.gui] - Simulation will use spectre batch mode because the GCC version used by Spectre and Virtuoso are not compatible. {"history": "ExplorerRun.0", "point": 1, "testname": "gmIdwl_gmid2_1", "detailed_message": "", "message_id": "EXPLORER-5024"}
[2026-04-16 00:09:42.987 +0700] [EVENT] [cadence.virtuoso.ade.pointevaluator] - NewPoint {"history": "ExplorerRun.0", "point": 1, "testname": "gmIdwl_gmid2_1", "event": "NewPoint", "EventSource": "ADE GUI", "HistoryName": "ExplorerRun.0", "logFile": "/home/dtvt_13/duyDUT/logs_dtvt_13/logs0/virtuoso_ade_debug.log", "logFileSize": "92850"}
[2026-04-16 00:09:42.987 +0700] [INFO] [cadence.virtuoso.ade.pointevaluator] - Started netlisting {"history": "ExplorerRun.0", "point": 1, "testname": "gmIdwl_gmid2_1"}
[2026-04-16 00:09:43.477 +0700] [INFO] [cadence.virtuoso.ade.pointevaluator] - Finished netlisting {"history": "ExplorerRun.0", "point": 1, "testname": "gmIdwl_gmid2_1"}
[2026-04-16 00:09:43.477 +0700] [INFO] [cadence.virtuoso.ade.pointevaluator] - Submitted {"history": "ExplorerRun.0", "point": 1, "testname": "gmIdwl_gmid2_1"}
[2026-04-16 00:10:06.434 +0700] [PROCESS] [cadence.virtuoso.ade.gui] - ln: failed to create symbolic link '/home/dtvt_13/simulation/gmIdwl/gmid2/maestro/results/maestro/ExplorerRun.0/1/gmIdwl_gmid2_1/netlist/exprOutputs.log': File exists
 {"logfile": "/home/dtvt_13/duyDUT/logs_dtvt_13/logs0/Job24.log"}
[2026-04-16 00:10:06.439 +0700] [PROCESS] [cadence.virtuoso.ade.gui] - ln: failed to create symbolic link '/home/dtvt_13/simulation/gmIdwl/gmid2/maestro/results/maestro/ExplorerRun.0/1/gmIdwl_gmid2_1/netlist/amps_evaluator.log': File exists
 {"logfile": "/home/dtvt_13/duyDUT/logs_dtvt_13/logs0/Job24.log"}
[2026-04-16 00:10:06.882 +0700] [INFO] [cadence.virtuoso.ade.gui] - Point completed {"history": "ExplorerRun.0", "point": 1, "testname": "gmIdwl_gmid2_1"}
[2026-04-16 00:10:06.902 +0700] [EVENT] [cadence.virtuoso.ade.gui] - HistoryFinished {"history": "ExplorerRun.0", "point": 1, "testname": "gmIdwl_gmid2_1", "event": "HistoryFinished", "EventSource": "ADE GUI", "HistoryName": "ExplorerRun.0"}
[2026-04-16 00:13:03.161 +0700] [EVENT] [cadence.virtuoso.ade.gui] - NewHistoryCreated {"history": "ExplorerRun.0", "point": 1, "testname": "gmIdwl_gmid2_1", "event": "NewHistoryCreated", "EventSource": "ADE GUI", "HistoryName": "ExplorerRun.0", "WorkDir": "/home/dtvt_13/duyDUT", "HistorySimDir": "/home/dtvt_13/simulation/gmIdwl/gmid2/maestro/results/maestro/ExplorerRun.0", "HistoryResultsDir": "/home/dtvt_13/duyDUT/skywater130/gmIdwl/gmid2/maestro/results/maestro"}
[2026-04-16 00:13:03.164 +0700] [PROCESS] [cadence.virtuoso.ade.gui] - History Setup {"hostname": "dtvt_13", "processid": 13079, "history": "ExplorerRun.0", "testname": "gmIdwl_gmid2_1", "point": 1, "logfile": "/home/dtvt_13/duyDUT/logs_dtvt_13/logs0/virtuoso_ade_debug.log", "jobmode": "LSCS", "runmode": "Single Run, Sweeps and Corners", "lib": "gmIdwl", "cell": "gmid2", "view": "maestro", "icversion": "sub-version  IC6.1.8-64b.500.28 ", "runstart": "Thu Apr 16 00:13:03 2026\n", "timezonelocal": "+000", "spectreversion": "unknown", "jobpolicyname": "", "maxjobs": "unknown", "ncjobpolicyname": "", "ncmaxjobs": "unknown", "numtests": "1", "runfinished": "unknown", "runelapsed": "-1", "numcorners": "1"}
[2026-04-16 00:13:03.725 +0700] [INFO] [cadence.virtuoso.ade.gui] - Simulation will use spectre batch mode because the GCC version used by Spectre and Virtuoso are not compatible. {"history": "ExplorerRun.0", "point": 1, "testname": "gmIdwl_gmid2_1", "detailed_message": "", "message_id": "EXPLORER-5024"}
[2026-04-16 00:13:03.745 +0700] [EVENT] [cadence.virtuoso.ade.pointevaluator] - NewPoint {"history": "ExplorerRun.0", "point": 1, "testname": "gmIdwl_gmid2_1", "event": "NewPoint", "EventSource": "ADE GUI", "HistoryName": "ExplorerRun.0", "logFile": "/home/dtvt_13/duyDUT/logs_dtvt_13/logs0/virtuoso_ade_debug.log", "logFileSize": "96184"}
[2026-04-16 00:13:03.745 +0700] [INFO] [cadence.virtuoso.ade.pointevaluator] - Started netlisting {"history": "ExplorerRun.0", "point": 1, "testname": "gmIdwl_gmid2_1"}
[2026-04-16 00:13:04.078 +0700] [INFO] [cadence.virtuoso.ade.pointevaluator] - Finished netlisting {"history": "ExplorerRun.0", "point": 1, "testname": "gmIdwl_gmid2_1"}
[2026-04-16 00:13:04.079 +0700] [INFO] [cadence.virtuoso.ade.pointevaluator] - Submitted {"history": "ExplorerRun.0", "point": 1, "testname": "gmIdwl_gmid2_1"}
[2026-04-16 00:13:27.220 +0700] [PROCESS] [cadence.virtuoso.ade.gui] - ln: failed to create symbolic link '/home/dtvt_13/simulation/gmIdwl/gmid2/maestro/results/maestro/ExplorerRun.0/1/gmIdwl_gmid2_1/netlist/exprOutputs.log': File exists
 {"logfile": "/home/dtvt_13/duyDUT/logs_dtvt_13/logs0/Job24.log"}
[2026-04-16 00:13:27.226 +0700] [PROCESS] [cadence.virtuoso.ade.gui] - ln: failed to create symbolic link '/home/dtvt_13/simulation/gmIdwl/gmid2/maestro/results/maestro/ExplorerRun.0/1/gmIdwl_gmid2_1/netlist/amps_evaluator.log': File exists
 {"logfile": "/home/dtvt_13/duyDUT/logs_dtvt_13/logs0/Job24.log"}
[2026-04-16 00:13:27.881 +0700] [INFO] [cadence.virtuoso.ade.gui] - Point completed {"history": "ExplorerRun.0", "point": 1, "testname": "gmIdwl_gmid2_1"}
[2026-04-16 00:13:27.900 +0700] [EVENT] [cadence.virtuoso.ade.gui] - HistoryFinished {"history": "ExplorerRun.0", "point": 1, "testname": "gmIdwl_gmid2_1", "event": "HistoryFinished", "EventSource": "ADE GUI", "HistoryName": "ExplorerRun.0"}
[2026-04-16 00:19:25.461 +0700] [EVENT] [cadence.virtuoso.ade.gui] - NewHistoryCreated {"history": "ExplorerRun.0", "point": 1, "testname": "gmIdwl_gmid2_1", "event": "NewHistoryCreated", "EventSource": "ADE GUI", "HistoryName": "ExplorerRun.0", "WorkDir": "/home/dtvt_13/duyDUT", "HistorySimDir": "/home/dtvt_13/simulation/gmIdwl/gmid2/maestro/results/maestro/ExplorerRun.0", "HistoryResultsDir": "/home/dtvt_13/duyDUT/skywater130/gmIdwl/gmid2/maestro/results/maestro"}
[2026-04-16 00:19:25.463 +0700] [PROCESS] [cadence.virtuoso.ade.gui] - History Setup {"hostname": "dtvt_13", "processid": 13079, "history": "ExplorerRun.0", "testname": "gmIdwl_gmid2_1", "point": 1, "logfile": "/home/dtvt_13/duyDUT/logs_dtvt_13/logs0/virtuoso_ade_debug.log", "jobmode": "LSCS", "runmode": "Single Run, Sweeps and Corners", "lib": "gmIdwl", "cell": "gmid2", "view": "maestro", "icversion": "sub-version  IC6.1.8-64b.500.28 ", "runstart": "Thu Apr 16 00:19:25 2026\n", "timezonelocal": "+000", "spectreversion": "unknown", "jobpolicyname": "", "maxjobs": "unknown", "ncjobpolicyname": "", "ncmaxjobs": "unknown", "numtests": "1", "runfinished": "unknown", "runelapsed": "-1", "numcorners": "1"}
[2026-04-16 00:19:26.355 +0700] [INFO] [cadence.virtuoso.ade.gui] - Simulation will use spectre batch mode because the GCC version used by Spectre and Virtuoso are not compatible. {"history": "ExplorerRun.0", "point": 1, "testname": "gmIdwl_gmid2_1", "detailed_message": "", "message_id": "EXPLORER-5024"}
[2026-04-16 00:19:26.381 +0700] [EVENT] [cadence.virtuoso.ade.pointevaluator] - NewPoint {"history": "ExplorerRun.0", "point": 1, "testname": "gmIdwl_gmid2_1", "event": "NewPoint", "EventSource": "ADE GUI", "HistoryName": "ExplorerRun.0", "logFile": "/home/dtvt_13/duyDUT/logs_dtvt_13/logs0/virtuoso_ade_debug.log", "logFileSize": "99518"}
[2026-04-16 00:19:26.382 +0700] [INFO] [cadence.virtuoso.ade.pointevaluator] - Started netlisting {"history": "ExplorerRun.0", "point": 1, "testname": "gmIdwl_gmid2_1"}
[2026-04-16 00:19:26.752 +0700] [INFO] [cadence.virtuoso.ade.pointevaluator] - Finished netlisting {"history": "ExplorerRun.0", "point": 1, "testname": "gmIdwl_gmid2_1"}
[2026-04-16 00:19:26.752 +0700] [INFO] [cadence.virtuoso.ade.pointevaluator] - Submitted {"history": "ExplorerRun.0", "point": 1, "testname": "gmIdwl_gmid2_1"}
[2026-04-16 00:19:31.177 +0700] [PROCESS] [cadence.virtuoso.ade.gui] - /home/dtvt_13/duyDUT/.tmp_dtvt_13/.cmddir0/swiftJob27 is starting {"logfile": "/home/dtvt_13/duyDUT/logs_dtvt_13/logs0/Job27.log"}
[2026-04-16 00:19:31.285 +0700] [PROCESS] [cadence.virtuoso.ade.gui] - Simulation Monitor process '23014' is starting up on host 'dtvt_13' {"logfile": "/home/dtvt_13/duyDUT/logs_dtvt_13/logs0/Job27.log"}
[2026-04-16 00:19:54.523 +0700] [PROCESS] [cadence.virtuoso.ade.gui] - ln: failed to create symbolic link '/home/dtvt_13/simulation/gmIdwl/gmid2/maestro/results/maestro/ExplorerRun.0/1/gmIdwl_gmid2_1/netlist/exprOutputs.log': File exists
 {"logfile": "/home/dtvt_13/duyDUT/logs_dtvt_13/logs0/Job27.log"}
[2026-04-16 00:19:54.530 +0700] [PROCESS] [cadence.virtuoso.ade.gui] - ln: failed to create symbolic link '/home/dtvt_13/simulation/gmIdwl/gmid2/maestro/results/maestro/ExplorerRun.0/1/gmIdwl_gmid2_1/netlist/amps_evaluator.log': File exists
 {"logfile": "/home/dtvt_13/duyDUT/logs_dtvt_13/logs0/Job27.log"}
[2026-04-16 00:19:55.878 +0700] [INFO] [cadence.virtuoso.ade.gui] - Point completed {"history": "ExplorerRun.0", "point": 1, "testname": "gmIdwl_gmid2_1"}
[2026-04-16 00:19:55.899 +0700] [EVENT] [cadence.virtuoso.ade.gui] - HistoryFinished {"history": "ExplorerRun.0", "point": 1, "testname": "gmIdwl_gmid2_1", "event": "HistoryFinished", "EventSource": "ADE GUI", "HistoryName": "ExplorerRun.0"}
[2026-04-16 00:24:48.339 +0700] [EVENT] [cadence.virtuoso.ade.gui] - NewHistoryCreated {"history": "ExplorerRun.0", "point": 1, "testname": "gmIdwl_gmid2_1", "event": "NewHistoryCreated", "EventSource": "ADE GUI", "HistoryName": "ExplorerRun.0", "WorkDir": "/home/dtvt_13/duyDUT", "HistorySimDir": "/home/dtvt_13/simulation/gmIdwl/gmid2/maestro/results/maestro/ExplorerRun.0", "HistoryResultsDir": "/home/dtvt_13/duyDUT/skywater130/gmIdwl/gmid2/maestro/results/maestro"}
[2026-04-16 00:24:48.342 +0700] [PROCESS] [cadence.virtuoso.ade.gui] - History Setup {"hostname": "dtvt_13", "processid": 13079, "history": "ExplorerRun.0", "testname": "gmIdwl_gmid2_1", "point": 1, "logfile": "/home/dtvt_13/duyDUT/logs_dtvt_13/logs0/virtuoso_ade_debug.log", "jobmode": "LSCS", "runmode": "Single Run, Sweeps and Corners", "lib": "gmIdwl", "cell": "gmid2", "view": "maestro", "icversion": "sub-version  IC6.1.8-64b.500.28 ", "runstart": "Thu Apr 16 00:24:48 2026\n", "timezonelocal": "+000", "spectreversion": "unknown", "jobpolicyname": "", "maxjobs": "unknown", "ncjobpolicyname": "", "ncmaxjobs": "unknown", "numtests": "1", "runfinished": "unknown", "runelapsed": "-1", "numcorners": "1"}
[2026-04-16 00:24:48.894 +0700] [INFO] [cadence.virtuoso.ade.gui] - Simulation will use spectre batch mode because the GCC version used by Spectre and Virtuoso are not compatible. {"history": "ExplorerRun.0", "point": 1, "testname": "gmIdwl_gmid2_1", "detailed_message": "", "message_id": "EXPLORER-5024"}
[2026-04-16 00:24:48.914 +0700] [EVENT] [cadence.virtuoso.ade.pointevaluator] - NewPoint {"history": "ExplorerRun.0", "point": 1, "testname": "gmIdwl_gmid2_1", "event": "NewPoint", "EventSource": "ADE GUI", "HistoryName": "ExplorerRun.0", "logFile": "/home/dtvt_13/duyDUT/logs_dtvt_13/logs0/virtuoso_ade_debug.log", "logFileSize": "103258"}
[2026-04-16 00:24:48.915 +0700] [INFO] [cadence.virtuoso.ade.pointevaluator] - Started netlisting {"history": "ExplorerRun.0", "point": 1, "testname": "gmIdwl_gmid2_1"}
[2026-04-16 00:24:49.293 +0700] [INFO] [cadence.virtuoso.ade.pointevaluator] - Finished netlisting {"history": "ExplorerRun.0", "point": 1, "testname": "gmIdwl_gmid2_1"}
[2026-04-16 00:24:49.293 +0700] [INFO] [cadence.virtuoso.ade.pointevaluator] - Submitted {"history": "ExplorerRun.0", "point": 1, "testname": "gmIdwl_gmid2_1"}
[2026-04-16 00:25:11.918 +0700] [PROCESS] [cadence.virtuoso.ade.gui] - ln: failed to create symbolic link '/home/dtvt_13/simulation/gmIdwl/gmid2/maestro/results/maestro/ExplorerRun.0/1/gmIdwl_gmid2_1/netlist/exprOutputs.log': File exists
 {"logfile": "/home/dtvt_13/duyDUT/logs_dtvt_13/logs0/Job27.log"}
[2026-04-16 00:25:11.924 +0700] [PROCESS] [cadence.virtuoso.ade.gui] - ln: failed to create symbolic link '/home/dtvt_13/simulation/gmIdwl/gmid2/maestro/results/maestro/ExplorerRun.0/1/gmIdwl_gmid2_1/netlist/amps_evaluator.log': File exists
 {"logfile": "/home/dtvt_13/duyDUT/logs_dtvt_13/logs0/Job27.log"}
[2026-04-16 00:25:12.880 +0700] [INFO] [cadence.virtuoso.ade.gui] - Point completed {"history": "ExplorerRun.0", "point": 1, "testname": "gmIdwl_gmid2_1"}
[2026-04-16 00:25:12.889 +0700] [EVENT] [cadence.virtuoso.ade.gui] - HistoryFinished {"history": "ExplorerRun.0", "point": 1, "testname": "gmIdwl_gmid2_1", "event": "HistoryFinished", "EventSource": "ADE GUI", "HistoryName": "ExplorerRun.0"}
[2026-04-16 00:25:49.928 +0700] [EVENT] [cadence.virtuoso.ade.gui] - NewHistoryCreated {"history": "ExplorerRun.0", "point": 1, "testname": "gmIdwl_gmid2_1", "event": "NewHistoryCreated", "EventSource": "ADE GUI", "HistoryName": "ExplorerRun.0", "WorkDir": "/home/dtvt_13/duyDUT", "HistorySimDir": "/home/dtvt_13/simulation/gmIdwl/gmid2/maestro/results/maestro/ExplorerRun.0", "HistoryResultsDir": "/home/dtvt_13/duyDUT/skywater130/gmIdwl/gmid2/maestro/results/maestro"}
[2026-04-16 00:25:49.929 +0700] [PROCESS] [cadence.virtuoso.ade.gui] - History Setup {"hostname": "dtvt_13", "processid": 13079, "history": "ExplorerRun.0", "testname": "gmIdwl_gmid2_1", "point": 1, "logfile": "/home/dtvt_13/duyDUT/logs_dtvt_13/logs0/virtuoso_ade_debug.log", "jobmode": "LSCS", "runmode": "Single Run, Sweeps and Corners", "lib": "gmIdwl", "cell": "gmid2", "view": "maestro", "icversion": "sub-version  IC6.1.8-64b.500.28 ", "runstart": "Thu Apr 16 00:25:49 2026\n", "timezonelocal": "+000", "spectreversion": "unknown", "jobpolicyname": "", "maxjobs": "unknown", "ncjobpolicyname": "", "ncmaxjobs": "unknown", "numtests": "1", "runfinished": "unknown", "runelapsed": "-1", "numcorners": "1"}
[2026-04-16 00:25:50.769 +0700] [INFO] [cadence.virtuoso.ade.gui] - Simulation will use spectre batch mode because the GCC version used by Spectre and Virtuoso are not compatible. {"history": "ExplorerRun.0", "point": 1, "testname": "gmIdwl_gmid2_1", "detailed_message": "", "message_id": "EXPLORER-5024"}
[2026-04-16 00:25:50.796 +0700] [EVENT] [cadence.virtuoso.ade.pointevaluator] - NewPoint {"history": "ExplorerRun.0", "point": 1, "testname": "gmIdwl_gmid2_1", "event": "NewPoint", "EventSource": "ADE GUI", "HistoryName": "ExplorerRun.0", "logFile": "/home/dtvt_13/duyDUT/logs_dtvt_13/logs0/virtuoso_ade_debug.log", "logFileSize": "106593"}
[2026-04-16 00:25:50.796 +0700] [INFO] [cadence.virtuoso.ade.pointevaluator] - Started netlisting {"history": "ExplorerRun.0", "point": 1, "testname": "gmIdwl_gmid2_1"}
[2026-04-16 00:25:51.171 +0700] [INFO] [cadence.virtuoso.ade.pointevaluator] - Finished netlisting {"history": "ExplorerRun.0", "point": 1, "testname": "gmIdwl_gmid2_1"}
[2026-04-16 00:25:51.172 +0700] [INFO] [cadence.virtuoso.ade.pointevaluator] - Submitted {"history": "ExplorerRun.0", "point": 1, "testname": "gmIdwl_gmid2_1"}
[2026-04-16 00:27:41.589 +0700] [PROCESS] [cadence.virtuoso.ade.gui] - ln: failed to create symbolic link '/home/dtvt_13/simulation/gmIdwl/gmid2/maestro/results/maestro/ExplorerRun.0/1/gmIdwl_gmid2_1/netlist/exprOutputs.log': File exists
 {"logfile": "/home/dtvt_13/duyDUT/logs_dtvt_13/logs0/Job27.log"}
[2026-04-16 00:27:41.594 +0700] [PROCESS] [cadence.virtuoso.ade.gui] - ln: failed to create symbolic link '/home/dtvt_13/simulation/gmIdwl/gmid2/maestro/results/maestro/ExplorerRun.0/1/gmIdwl_gmid2_1/netlist/amps_evaluator.log': File exists
 {"logfile": "/home/dtvt_13/duyDUT/logs_dtvt_13/logs0/Job27.log"}
[2026-04-16 00:27:42.879 +0700] [INFO] [cadence.virtuoso.ade.gui] - Point completed {"history": "ExplorerRun.0", "point": 1, "testname": "gmIdwl_gmid2_1"}
[2026-04-16 00:27:42.900 +0700] [EVENT] [cadence.virtuoso.ade.gui] - HistoryFinished {"history": "ExplorerRun.0", "point": 1, "testname": "gmIdwl_gmid2_1", "event": "HistoryFinished", "EventSource": "ADE GUI", "HistoryName": "ExplorerRun.0"}
[2026-04-16 00:28:30.434 +0700] [EVENT] [cadence.virtuoso.ade.gui] - NewHistoryCreated {"history": "ExplorerRun.0", "point": 1, "testname": "gmIdwl_gmid2_1", "event": "NewHistoryCreated", "EventSource": "ADE GUI", "HistoryName": "ExplorerRun.0", "WorkDir": "/home/dtvt_13/duyDUT", "HistorySimDir": "/home/dtvt_13/simulation/gmIdwl/gmid2/maestro/results/maestro/ExplorerRun.0", "HistoryResultsDir": "/home/dtvt_13/duyDUT/skywater130/gmIdwl/gmid2/maestro/results/maestro"}
[2026-04-16 00:28:30.436 +0700] [PROCESS] [cadence.virtuoso.ade.gui] - History Setup {"hostname": "dtvt_13", "processid": 13079, "history": "ExplorerRun.0", "testname": "gmIdwl_gmid2_1", "point": 1, "logfile": "/home/dtvt_13/duyDUT/logs_dtvt_13/logs0/virtuoso_ade_debug.log", "jobmode": "LSCS", "runmode": "Single Run, Sweeps and Corners", "lib": "gmIdwl", "cell": "gmid2", "view": "maestro", "icversion": "sub-version  IC6.1.8-64b.500.28 ", "runstart": "Thu Apr 16 00:28:30 2026\n", "timezonelocal": "+000", "spectreversion": "unknown", "jobpolicyname": "", "maxjobs": "unknown", "ncjobpolicyname": "", "ncmaxjobs": "unknown", "numtests": "1", "runfinished": "unknown", "runelapsed": "-1", "numcorners": "1"}
[2026-04-16 00:28:30.917 +0700] [INFO] [cadence.virtuoso.ade.gui] - Simulation will use spectre batch mode because the GCC version used by Spectre and Virtuoso are not compatible. {"history": "ExplorerRun.0", "point": 1, "testname": "gmIdwl_gmid2_1", "detailed_message": "", "message_id": "EXPLORER-5024"}
[2026-04-16 00:28:30.932 +0700] [EVENT] [cadence.virtuoso.ade.pointevaluator] - NewPoint {"history": "ExplorerRun.0", "point": 1, "testname": "gmIdwl_gmid2_1", "event": "NewPoint", "EventSource": "ADE GUI", "HistoryName": "ExplorerRun.0", "logFile": "/home/dtvt_13/duyDUT/logs_dtvt_13/logs0/virtuoso_ade_debug.log", "logFileSize": "109928"}
[2026-04-16 00:28:30.933 +0700] [INFO] [cadence.virtuoso.ade.pointevaluator] - Started netlisting {"history": "ExplorerRun.0", "point": 1, "testname": "gmIdwl_gmid2_1"}
[2026-04-16 00:28:31.248 +0700] [INFO] [cadence.virtuoso.ade.pointevaluator] - Finished netlisting {"history": "ExplorerRun.0", "point": 1, "testname": "gmIdwl_gmid2_1"}
[2026-04-16 00:28:31.248 +0700] [INFO] [cadence.virtuoso.ade.pointevaluator] - Submitted {"history": "ExplorerRun.0", "point": 1, "testname": "gmIdwl_gmid2_1"}
[2026-04-16 00:28:53.403 +0700] [PROCESS] [cadence.virtuoso.ade.gui] - ln: failed to create symbolic link '/home/dtvt_13/simulation/gmIdwl/gmid2/maestro/results/maestro/ExplorerRun.0/1/gmIdwl_gmid2_1/netlist/exprOutputs.log': File exists
 {"logfile": "/home/dtvt_13/duyDUT/logs_dtvt_13/logs0/Job27.log"}
[2026-04-16 00:28:53.405 +0700] [PROCESS] [cadence.virtuoso.ade.gui] - ln: failed to create symbolic link '/home/dtvt_13/simulation/gmIdwl/gmid2/maestro/results/maestro/ExplorerRun.0/1/gmIdwl_gmid2_1/netlist/amps_evaluator.log': File exists
 {"logfile": "/home/dtvt_13/duyDUT/logs_dtvt_13/logs0/Job27.log"}
[2026-04-16 00:28:53.881 +0700] [INFO] [cadence.virtuoso.ade.gui] - Point completed {"history": "ExplorerRun.0", "point": 1, "testname": "gmIdwl_gmid2_1"}
[2026-04-16 00:28:53.892 +0700] [EVENT] [cadence.virtuoso.ade.gui] - HistoryFinished {"history": "ExplorerRun.0", "point": 1, "testname": "gmIdwl_gmid2_1", "event": "HistoryFinished", "EventSource": "ADE GUI", "HistoryName": "ExplorerRun.0"}
[2026-04-16 00:31:02.916 +0700] [EVENT] [cadence.virtuoso.ade.gui] - NewHistoryCreated {"history": "ExplorerRun.0", "point": 1, "testname": "gmIdwl_gmid2_1", "event": "NewHistoryCreated", "EventSource": "ADE GUI", "HistoryName": "ExplorerRun.0", "WorkDir": "/home/dtvt_13/duyDUT", "HistorySimDir": "/home/dtvt_13/simulation/gmIdwl/gmid2/maestro/results/maestro/ExplorerRun.0", "HistoryResultsDir": "/home/dtvt_13/duyDUT/skywater130/gmIdwl/gmid2/maestro/results/maestro"}
[2026-04-16 00:31:02.917 +0700] [PROCESS] [cadence.virtuoso.ade.gui] - History Setup {"hostname": "dtvt_13", "processid": 13079, "history": "ExplorerRun.0", "testname": "gmIdwl_gmid2_1", "point": 1, "logfile": "/home/dtvt_13/duyDUT/logs_dtvt_13/logs0/virtuoso_ade_debug.log", "jobmode": "LSCS", "runmode": "Single Run, Sweeps and Corners", "lib": "gmIdwl", "cell": "gmid2", "view": "maestro", "icversion": "sub-version  IC6.1.8-64b.500.28 ", "runstart": "Thu Apr 16 00:31:02 2026\n", "timezonelocal": "+000", "spectreversion": "unknown", "jobpolicyname": "", "maxjobs": "unknown", "ncjobpolicyname": "", "ncmaxjobs": "unknown", "numtests": "1", "runfinished": "unknown", "runelapsed": "-1", "numcorners": "1"}
[2026-04-16 00:31:03.772 +0700] [INFO] [cadence.virtuoso.ade.gui] - Simulation will use spectre batch mode because the GCC version used by Spectre and Virtuoso are not compatible. {"history": "ExplorerRun.0", "point": 1, "testname": "gmIdwl_gmid2_1", "detailed_message": "", "message_id": "EXPLORER-5024"}
[2026-04-16 00:31:03.800 +0700] [EVENT] [cadence.virtuoso.ade.pointevaluator] - NewPoint {"history": "ExplorerRun.0", "point": 1, "testname": "gmIdwl_gmid2_1", "event": "NewPoint", "EventSource": "ADE GUI", "HistoryName": "ExplorerRun.0", "logFile": "/home/dtvt_13/duyDUT/logs_dtvt_13/logs0/virtuoso_ade_debug.log", "logFileSize": "113263"}
[2026-04-16 00:31:03.800 +0700] [INFO] [cadence.virtuoso.ade.pointevaluator] - Started netlisting {"history": "ExplorerRun.0", "point": 1, "testname": "gmIdwl_gmid2_1"}
[2026-04-16 00:31:04.174 +0700] [INFO] [cadence.virtuoso.ade.pointevaluator] - Finished netlisting {"history": "ExplorerRun.0", "point": 1, "testname": "gmIdwl_gmid2_1"}
[2026-04-16 00:31:04.174 +0700] [INFO] [cadence.virtuoso.ade.pointevaluator] - Submitted {"history": "ExplorerRun.0", "point": 1, "testname": "gmIdwl_gmid2_1"}
[2026-04-16 00:31:27.224 +0700] [PROCESS] [cadence.virtuoso.ade.gui] - ln: failed to create symbolic link '/home/dtvt_13/simulation/gmIdwl/gmid2/maestro/results/maestro/ExplorerRun.0/1/gmIdwl_gmid2_1/netlist/exprOutputs.log': File exists
 {"logfile": "/home/dtvt_13/duyDUT/logs_dtvt_13/logs0/Job27.log"}
[2026-04-16 00:31:27.231 +0700] [PROCESS] [cadence.virtuoso.ade.gui] - ln: failed to create symbolic link '/home/dtvt_13/simulation/gmIdwl/gmid2/maestro/results/maestro/ExplorerRun.0/1/gmIdwl_gmid2_1/netlist/amps_evaluator.log': File exists
 {"logfile": "/home/dtvt_13/duyDUT/logs_dtvt_13/logs0/Job27.log"}
[2026-04-16 00:31:27.881 +0700] [INFO] [cadence.virtuoso.ade.gui] - Point completed {"history": "ExplorerRun.0", "point": 1, "testname": "gmIdwl_gmid2_1"}
[2026-04-16 00:31:27.893 +0700] [EVENT] [cadence.virtuoso.ade.gui] - HistoryFinished {"history": "ExplorerRun.0", "point": 1, "testname": "gmIdwl_gmid2_1", "event": "HistoryFinished", "EventSource": "ADE GUI", "HistoryName": "ExplorerRun.0"}
[2026-04-16 00:46:34.172 +0700] [PROCESS] [cadence.virtuoso.ade.gui] - Logging Service '13024' stopped with exit code '0' {"logfile": "/home/dtvt_13/duyDUT/logs_dtvt_13/logs0/LoggingService21.log"}
[2026-04-16 00:48:44.733 +0700] [EVENT] [cadence.virtuoso.ade.gui] - NewHistoryCreated {"history": "ExplorerRun.0", "point": 1, "testname": "gmIdwl_gmid2_1", "event": "NewHistoryCreated", "EventSource": "ADE GUI", "HistoryName": "ExplorerRun.0", "WorkDir": "/home/dtvt_13/duyDUT", "HistorySimDir": "/home/dtvt_13/simulation/gmIdwl/gmid2/maestro/results/maestro/ExplorerRun.0", "HistoryResultsDir": "/home/dtvt_13/duyDUT/skywater130/gmIdwl/gmid2/maestro/results/maestro"}
[2026-04-16 00:48:44.736 +0700] [PROCESS] [cadence.virtuoso.ade.gui] - History Setup {"hostname": "dtvt_13", "processid": 13079, "history": "ExplorerRun.0", "testname": "gmIdwl_gmid2_1", "point": 1, "logfile": "/home/dtvt_13/duyDUT/logs_dtvt_13/logs0/virtuoso_ade_debug.log", "jobmode": "LSCS", "runmode": "Single Run, Sweeps and Corners", "lib": "gmIdwl", "cell": "gmid2", "view": "maestro", "icversion": "sub-version  IC6.1.8-64b.500.28 ", "runstart": "Thu Apr 16 00:48:44 2026\n", "timezonelocal": "+000", "spectreversion": "unknown", "jobpolicyname": "", "maxjobs": "unknown", "ncjobpolicyname": "", "ncmaxjobs": "unknown", "numtests": "1", "runfinished": "unknown", "runelapsed": "-1", "numcorners": "1"}
[2026-04-16 00:48:47.534 +0700] [INFO] [cadence.virtuoso.ade.pointevaluator] - Submitted {"history": "ExplorerRun.0", "point": 1, "testname": "gmIdwl_gmid2_1"}
[2026-04-16 00:48:50.378 +0700] [PROCESS] [cadence.virtuoso.ade.gui] - /home/dtvt_13/duyDUT/.tmp_dtvt_13/.cmddir0/swiftLoggingService28 is starting {"logfile": "/home/dtvt_13/duyDUT/logs_dtvt_13/logs0/LoggingService28.log"}
[2026-04-16 00:48:50.485 +0700] [PROCESS] [cadence.virtuoso.ade.gui] - /home/dtvt_13/duyDUT/.tmp_dtvt_13/.cmddir0/swiftNetlistService29 is starting {"logfile": "/home/dtvt_13/duyDUT/logs_dtvt_13/logs0/Service29.log"}
[2026-04-16 00:48:50.486 +0700] [PROCESS] [cadence.virtuoso.ade.gui] - Logging Service '30706' is starting up on host 'dtvt_13' {"logfile": "/home/dtvt_13/duyDUT/logs_dtvt_13/logs0/LoggingService28.log"}
[2026-04-16 00:48:50.592 +0700] [PROCESS] [cadence.virtuoso.ade.gui] - Netlist Service '30744' is starting up on host 'dtvt_13' {"logfile": "/home/dtvt_13/duyDUT/logs_dtvt_13/logs0/Service29.log"}
[2026-04-16 00:49:05.381 +0700] [PROCESS] [cadence.virtuoso.ade.gui] - /home/dtvt_13/duyDUT/.tmp_dtvt_13/.cmddir0/swiftJob30 is starting {"logfile": "/home/dtvt_13/duyDUT/logs_dtvt_13/logs0/Job30.log"}
[2026-04-16 00:49:05.484 +0700] [PROCESS] [cadence.virtuoso.ade.gui] - Simulation Monitor process '32574' is starting up on host 'dtvt_13' {"logfile": "/home/dtvt_13/duyDUT/logs_dtvt_13/logs0/Job30.log"}
[2026-04-16 00:49:28.050 +0700] [PROCESS] [cadence.virtuoso.ade.gui] - ln: failed to create symbolic link '/home/dtvt_13/simulation/gmIdwl/gmid2/maestro/results/maestro/ExplorerRun.0/1/gmIdwl_gmid2_1/netlist/exprOutputs.log': File exists
 {"logfile": "/home/dtvt_13/duyDUT/logs_dtvt_13/logs0/Job30.log"}
[2026-04-16 00:49:28.052 +0700] [PROCESS] [cadence.virtuoso.ade.gui] - ln: failed to create symbolic link '/home/dtvt_13/simulation/gmIdwl/gmid2/maestro/results/maestro/ExplorerRun.0/1/gmIdwl_gmid2_1/netlist/amps_evaluator.log': File exists
 {"logfile": "/home/dtvt_13/duyDUT/logs_dtvt_13/logs0/Job30.log"}
[2026-04-16 00:49:28.880 +0700] [INFO] [cadence.virtuoso.ade.gui] - Point completed {"history": "ExplorerRun.0", "point": 1, "testname": "gmIdwl_gmid2_1"}
[2026-04-16 00:49:51.883 +0700] [INFO] [cadence.virtuoso.ade.gui] - Point completed {"history": "ExplorerRun.0", "point": 2, "testname": "gmIdwl_gmid2_1"}
[2026-04-16 00:50:13.889 +0700] [INFO] [cadence.virtuoso.ade.gui] - Point completed {"history": "ExplorerRun.0", "point": 3, "testname": "gmIdwl_gmid2_1"}
[2026-04-16 00:50:35.885 +0700] [INFO] [cadence.virtuoso.ade.gui] - Point completed {"history": "ExplorerRun.0", "point": 4, "testname": "gmIdwl_gmid2_1"}
[2026-04-16 00:50:58.882 +0700] [INFO] [cadence.virtuoso.ade.gui] - Point completed {"history": "ExplorerRun.0", "point": 5, "testname": "gmIdwl_gmid2_1"}
[2026-04-16 00:51:21.891 +0700] [INFO] [cadence.virtuoso.ade.gui] - Point completed {"history": "ExplorerRun.0", "point": 6, "testname": "gmIdwl_gmid2_1"}
[2026-04-16 00:51:44.879 +0700] [INFO] [cadence.virtuoso.ade.gui] - Point completed {"history": "ExplorerRun.0", "point": 7, "testname": "gmIdwl_gmid2_1"}
[2026-04-16 00:52:08.879 +0700] [INFO] [cadence.virtuoso.ade.gui] - Point completed {"history": "ExplorerRun.0", "point": 8, "testname": "gmIdwl_gmid2_1"}
[2026-04-16 00:52:30.881 +0700] [INFO] [cadence.virtuoso.ade.gui] - Point completed {"history": "ExplorerRun.0", "point": 9, "testname": "gmIdwl_gmid2_1"}
[2026-04-16 00:52:53.882 +0700] [INFO] [cadence.virtuoso.ade.gui] - Point completed {"history": "ExplorerRun.0", "point": 10, "testname": "gmIdwl_gmid2_1"}
[2026-04-16 00:53:16.882 +0700] [INFO] [cadence.virtuoso.ade.gui] - Point completed {"history": "ExplorerRun.0", "point": 11, "testname": "gmIdwl_gmid2_1"}
[2026-04-16 00:53:40.881 +0700] [INFO] [cadence.virtuoso.ade.gui] - Point completed {"history": "ExplorerRun.0", "point": 12, "testname": "gmIdwl_gmid2_1"}
[2026-04-16 00:54:03.882 +0700] [INFO] [cadence.virtuoso.ade.gui] - Point completed {"history": "ExplorerRun.0", "point": 13, "testname": "gmIdwl_gmid2_1"}
[2026-04-16 00:54:26.881 +0700] [INFO] [cadence.virtuoso.ade.gui] - Point completed {"history": "ExplorerRun.0", "point": 14, "testname": "gmIdwl_gmid2_1"}
[2026-04-16 00:54:50.881 +0700] [INFO] [cadence.virtuoso.ade.gui] - Point completed {"history": "ExplorerRun.0", "point": 15, "testname": "gmIdwl_gmid2_1"}
[2026-04-16 00:55:13.877 +0700] [INFO] [cadence.virtuoso.ade.gui] - Point completed {"history": "ExplorerRun.0", "point": 16, "testname": "gmIdwl_gmid2_1"}
[2026-04-16 00:55:36.883 +0700] [INFO] [cadence.virtuoso.ade.gui] - Point completed {"history": "ExplorerRun.0", "point": 17, "testname": "gmIdwl_gmid2_1"}
[2026-04-16 00:55:58.877 +0700] [INFO] [cadence.virtuoso.ade.gui] - Point completed {"history": "ExplorerRun.0", "point": 18, "testname": "gmIdwl_gmid2_1"}
[2026-04-16 00:56:22.880 +0700] [INFO] [cadence.virtuoso.ade.gui] - Point completed {"history": "ExplorerRun.0", "point": 19, "testname": "gmIdwl_gmid2_1"}
[2026-04-16 00:56:35.177 +0700] [PROCESS] [cadence.virtuoso.ade.gui] - Netlist Service '30744' stopped with exit code '0' {"logfile": "/home/dtvt_13/duyDUT/logs_dtvt_13/logs0/Service29.log"}
[2026-04-16 00:56:45.880 +0700] [INFO] [cadence.virtuoso.ade.gui] - Point completed {"history": "ExplorerRun.0", "point": 20, "testname": "gmIdwl_gmid2_1"}
[2026-04-16 00:57:08.879 +0700] [INFO] [cadence.virtuoso.ade.gui] - Point completed {"history": "ExplorerRun.0", "point": 21, "testname": "gmIdwl_gmid2_1"}
[2026-04-16 00:57:31.881 +0700] [INFO] [cadence.virtuoso.ade.gui] - Point completed {"history": "ExplorerRun.0", "point": 22, "testname": "gmIdwl_gmid2_1"}
[2026-04-16 00:57:54.882 +0700] [INFO] [cadence.virtuoso.ade.gui] - Point completed {"history": "ExplorerRun.0", "point": 23, "testname": "gmIdwl_gmid2_1"}
[2026-04-16 00:58:17.880 +0700] [INFO] [cadence.virtuoso.ade.gui] - Point completed {"history": "ExplorerRun.0", "point": 24, "testname": "gmIdwl_gmid2_1"}
[2026-04-16 00:58:40.882 +0700] [INFO] [cadence.virtuoso.ade.gui] - Point completed {"history": "ExplorerRun.0", "point": 25, "testname": "gmIdwl_gmid2_1"}
[2026-04-16 00:59:03.880 +0700] [INFO] [cadence.virtuoso.ade.gui] - Point completed {"history": "ExplorerRun.0", "point": 26, "testname": "gmIdwl_gmid2_1"}
[2026-04-16 00:59:26.879 +0700] [INFO] [cadence.virtuoso.ade.gui] - Point completed {"history": "ExplorerRun.0", "point": 27, "testname": "gmIdwl_gmid2_1"}
[2026-04-16 00:59:30.777 +0700] [EVENT] [cadence.virtuoso.ade.gui] - HistoryFinished {"history": "ExplorerRun.0", "point": 1, "testname": "gmIdwl_gmid2_1", "event": "HistoryFinished", "EventSource": "ADE GUI", "HistoryName": "ExplorerRun.0"}
[2026-04-16 00:59:31.878 +0700] [INFO] [cadence.virtuoso.ade.gui] - Canceled simulation of points {"history": "ExplorerRun.0", "point": 28, "testname": "gmIdwl_gmid2_1"}
[2026-04-16 01:00:57.578 +0700] [EVENT] [cadence.virtuoso.ade.gui] - NewHistoryCreated {"history": "ExplorerRun.0", "point": 1, "testname": "gmIdwl_gmid2_1", "event": "NewHistoryCreated", "EventSource": "ADE GUI", "HistoryName": "ExplorerRun.0", "WorkDir": "/home/dtvt_13/duyDUT", "HistorySimDir": "/home/dtvt_13/simulation/gmIdwl/gmid2/maestro/results/maestro/ExplorerRun.0", "HistoryResultsDir": "/home/dtvt_13/duyDUT/skywater130/gmIdwl/gmid2/maestro/results/maestro"}
[2026-04-16 01:00:57.580 +0700] [PROCESS] [cadence.virtuoso.ade.gui] - History Setup {"hostname": "dtvt_13", "processid": 13079, "history": "ExplorerRun.0", "testname": "gmIdwl_gmid2_1", "point": 1, "logfile": "/home/dtvt_13/duyDUT/logs_dtvt_13/logs0/virtuoso_ade_debug.log", "jobmode": "LSCS", "runmode": "Single Run, Sweeps and Corners", "lib": "gmIdwl", "cell": "gmid2", "view": "maestro", "icversion": "sub-version  IC6.1.8-64b.500.28 ", "runstart": "Thu Apr 16 01:00:57 2026\n", "timezonelocal": "+000", "spectreversion": "unknown", "jobpolicyname": "", "maxjobs": "unknown", "ncjobpolicyname": "", "ncmaxjobs": "unknown", "numtests": "1", "runfinished": "unknown", "runelapsed": "-1", "numcorners": "1"}
[2026-04-16 01:00:58.106 +0700] [INFO] [cadence.virtuoso.ade.gui] - Simulation will use spectre batch mode because the GCC version used by Spectre and Virtuoso are not compatible. {"history": "ExplorerRun.0", "point": 1, "testname": "gmIdwl_gmid2_1", "detailed_message": "", "message_id": "EXPLORER-5024"}
[2026-04-16 01:00:58.148 +0700] [EVENT] [cadence.virtuoso.ade.pointevaluator] - NewPoint {"history": "ExplorerRun.0", "point": 1, "testname": "gmIdwl_gmid2_1", "event": "NewPoint", "EventSource": "ADE GUI", "HistoryName": "ExplorerRun.0", "logFile": "/home/dtvt_13/duyDUT/logs_dtvt_13/logs0/virtuoso_ade_debug.log", "logFileSize": "124802"}
[2026-04-16 01:00:58.149 +0700] [INFO] [cadence.virtuoso.ade.pointevaluator] - Started netlisting {"history": "ExplorerRun.0", "point": 1, "testname": "gmIdwl_gmid2_1"}
[2026-04-16 01:00:58.588 +0700] [INFO] [cadence.virtuoso.ade.pointevaluator] - Finished netlisting {"history": "ExplorerRun.0", "point": 1, "testname": "gmIdwl_gmid2_1"}
[2026-04-16 01:00:58.588 +0700] [INFO] [cadence.virtuoso.ade.pointevaluator] - Submitted {"history": "ExplorerRun.0", "point": 1, "testname": "gmIdwl_gmid2_1"}
[2026-04-16 01:01:21.740 +0700] [PROCESS] [cadence.virtuoso.ade.gui] - ln: failed to create symbolic link '/home/dtvt_13/simulation/gmIdwl/gmid2/maestro/results/maestro/ExplorerRun.0/1/gmIdwl_gmid2_1/netlist/exprOutputs.log': File exists
 {"logfile": "/home/dtvt_13/duyDUT/logs_dtvt_13/logs0/Job30.log"}
[2026-04-16 01:01:21.748 +0700] [PROCESS] [cadence.virtuoso.ade.gui] - ln: failed to create symbolic link '/home/dtvt_13/simulation/gmIdwl/gmid2/maestro/results/maestro/ExplorerRun.0/1/gmIdwl_gmid2_1/netlist/amps_evaluator.log': File exists
 {"logfile": "/home/dtvt_13/duyDUT/logs_dtvt_13/logs0/Job30.log"}
[2026-04-16 01:01:22.879 +0700] [INFO] [cadence.virtuoso.ade.gui] - Point completed {"history": "ExplorerRun.0", "point": 1, "testname": "gmIdwl_gmid2_1"}
[2026-04-16 01:01:22.898 +0700] [EVENT] [cadence.virtuoso.ade.gui] - HistoryFinished {"history": "ExplorerRun.0", "point": 1, "testname": "gmIdwl_gmid2_1", "event": "HistoryFinished", "EventSource": "ADE GUI", "HistoryName": "ExplorerRun.0"}
[2026-04-16 01:02:54.907 +0700] [EVENT] [cadence.virtuoso.ade.gui] - NewHistoryCreated {"history": "ExplorerRun.0", "point": 1, "testname": "gmIdwl_gmid2_1", "event": "NewHistoryCreated", "EventSource": "ADE GUI", "HistoryName": "ExplorerRun.0", "WorkDir": "/home/dtvt_13/duyDUT", "HistorySimDir": "/home/dtvt_13/simulation/gmIdwl/gmid2/maestro/results/maestro/ExplorerRun.0", "HistoryResultsDir": "/home/dtvt_13/duyDUT/skywater130/gmIdwl/gmid2/maestro/results/maestro"}
[2026-04-16 01:02:54.909 +0700] [PROCESS] [cadence.virtuoso.ade.gui] - History Setup {"hostname": "dtvt_13", "processid": 13079, "history": "ExplorerRun.0", "testname": "gmIdwl_gmid2_1", "point": 1, "logfile": "/home/dtvt_13/duyDUT/logs_dtvt_13/logs0/virtuoso_ade_debug.log", "jobmode": "LSCS", "runmode": "Single Run, Sweeps and Corners", "lib": "gmIdwl", "cell": "gmid2", "view": "maestro", "icversion": "sub-version  IC6.1.8-64b.500.28 ", "runstart": "Thu Apr 16 01:02:54 2026\n", "timezonelocal": "+000", "spectreversion": "unknown", "jobpolicyname": "", "maxjobs": "unknown", "ncjobpolicyname": "", "ncmaxjobs": "unknown", "numtests": "1", "runfinished": "unknown", "runelapsed": "-1", "numcorners": "1"}
[2026-04-16 01:02:55.786 +0700] [INFO] [cadence.virtuoso.ade.gui] - Simulation will use spectre batch mode because the GCC version used by Spectre and Virtuoso are not compatible. {"history": "ExplorerRun.0", "point": 1, "testname": "gmIdwl_gmid2_1", "detailed_message": "", "message_id": "EXPLORER-5024"}
[2026-04-16 01:02:55.814 +0700] [EVENT] [cadence.virtuoso.ade.pointevaluator] - NewPoint {"history": "ExplorerRun.0", "point": 1, "testname": "gmIdwl_gmid2_1", "event": "NewPoint", "EventSource": "ADE GUI", "HistoryName": "ExplorerRun.0", "logFile": "/home/dtvt_13/duyDUT/logs_dtvt_13/logs0/virtuoso_ade_debug.log", "logFileSize": "128137"}
[2026-04-16 01:02:55.815 +0700] [INFO] [cadence.virtuoso.ade.pointevaluator] - Started netlisting {"history": "ExplorerRun.0", "point": 1, "testname": "gmIdwl_gmid2_1"}
[2026-04-16 01:02:56.214 +0700] [INFO] [cadence.virtuoso.ade.pointevaluator] - Finished netlisting {"history": "ExplorerRun.0", "point": 1, "testname": "gmIdwl_gmid2_1"}
[2026-04-16 01:02:56.214 +0700] [INFO] [cadence.virtuoso.ade.pointevaluator] - Submitted {"history": "ExplorerRun.0", "point": 1, "testname": "gmIdwl_gmid2_1"}
[2026-04-16 01:02:59.834 +0700] [EVENT] [cadence.virtuoso.ade.gui] - HistoryFinished {"history": "ExplorerRun.0", "point": 1, "testname": "gmIdwl_gmid2_1", "event": "HistoryFinished", "EventSource": "ADE GUI", "HistoryName": "ExplorerRun.0"}
[2026-04-16 01:03:01.878 +0700] [INFO] [cadence.virtuoso.ade.gui] - Canceled simulation of points {"history": "ExplorerRun.0", "point": 1, "testname": "gmIdwl_gmid2_1"}
[2026-04-16 01:03:09.240 +0700] [EVENT] [cadence.virtuoso.ade.gui] - NewHistoryCreated {"history": "ExplorerRun.0", "point": 1, "testname": "gmIdwl_gmid2_1", "event": "NewHistoryCreated", "EventSource": "ADE GUI", "HistoryName": "ExplorerRun.0", "WorkDir": "/home/dtvt_13/duyDUT", "HistorySimDir": "/home/dtvt_13/simulation/gmIdwl/gmid2/maestro/results/maestro/ExplorerRun.0", "HistoryResultsDir": "/home/dtvt_13/duyDUT/skywater130/gmIdwl/gmid2/maestro/results/maestro"}
[2026-04-16 01:03:09.240 +0700] [PROCESS] [cadence.virtuoso.ade.gui] - History Setup {"hostname": "dtvt_13", "processid": 13079, "history": "ExplorerRun.0", "testname": "gmIdwl_gmid2_1", "point": 1, "logfile": "/home/dtvt_13/duyDUT/logs_dtvt_13/logs0/virtuoso_ade_debug.log", "jobmode": "LSCS", "runmode": "Single Run, Sweeps and Corners", "lib": "gmIdwl", "cell": "gmid2", "view": "maestro", "icversion": "sub-version  IC6.1.8-64b.500.28 ", "runstart": "Thu Apr 16 01:03:09 2026\n", "timezonelocal": "+000", "spectreversion": "unknown", "jobpolicyname": "", "maxjobs": "unknown", "ncjobpolicyname": "", "ncmaxjobs": "unknown", "numtests": "1", "runfinished": "unknown", "runelapsed": "-1", "numcorners": "1"}
[2026-04-16 01:03:09.721 +0700] [INFO] [cadence.virtuoso.ade.gui] - Simulation will use spectre batch mode because the GCC version used by Spectre and Virtuoso are not compatible. {"history": "ExplorerRun.0", "point": 1, "testname": "gmIdwl_gmid2_1", "detailed_message": "", "message_id": "EXPLORER-5024"}
[2026-04-16 01:03:09.738 +0700] [EVENT] [cadence.virtuoso.ade.pointevaluator] - NewPoint {"history": "ExplorerRun.0", "point": 1, "testname": "gmIdwl_gmid2_1", "event": "NewPoint", "EventSource": "ADE GUI", "HistoryName": "ExplorerRun.0", "logFile": "/home/dtvt_13/duyDUT/logs_dtvt_13/logs0/virtuoso_ade_debug.log", "logFileSize": "130875"}
[2026-04-16 01:03:09.738 +0700] [INFO] [cadence.virtuoso.ade.pointevaluator] - Started netlisting {"history": "ExplorerRun.0", "point": 1, "testname": "gmIdwl_gmid2_1"}
[2026-04-16 01:03:10.079 +0700] [INFO] [cadence.virtuoso.ade.pointevaluator] - Finished netlisting {"history": "ExplorerRun.0", "point": 1, "testname": "gmIdwl_gmid2_1"}
[2026-04-16 01:03:10.080 +0700] [INFO] [cadence.virtuoso.ade.pointevaluator] - Submitted {"history": "ExplorerRun.0", "point": 1, "testname": "gmIdwl_gmid2_1"}
[2026-04-16 01:03:32.683 +0700] [PROCESS] [cadence.virtuoso.ade.gui] - ln: failed to create symbolic link '/home/dtvt_13/simulation/gmIdwl/gmid2/maestro/results/maestro/ExplorerRun.0/1/gmIdwl_gmid2_1/netlist/exprOutputs.log': File exists
 {"logfile": "/home/dtvt_13/duyDUT/logs_dtvt_13/logs0/Job30.log"}
[2026-04-16 01:03:32.689 +0700] [PROCESS] [cadence.virtuoso.ade.gui] - ln: failed to create symbolic link '/home/dtvt_13/simulation/gmIdwl/gmid2/maestro/results/maestro/ExplorerRun.0/1/gmIdwl_gmid2_1/netlist/amps_evaluator.log': File exists
 {"logfile": "/home/dtvt_13/duyDUT/logs_dtvt_13/logs0/Job30.log"}
[2026-04-16 01:03:33.881 +0700] [INFO] [cadence.virtuoso.ade.gui] - Point completed {"history": "ExplorerRun.0", "point": 1, "testname": "gmIdwl_gmid2_1"}
[2026-04-16 01:03:33.904 +0700] [EVENT] [cadence.virtuoso.ade.gui] - HistoryFinished {"history": "ExplorerRun.0", "point": 1, "testname": "gmIdwl_gmid2_1", "event": "HistoryFinished", "EventSource": "ADE GUI", "HistoryName": "ExplorerRun.0"}
[2026-04-16 01:13:09.370 +0700] [EVENT] [cadence.virtuoso.ade.gui] - NewHistoryCreated {"history": "ExplorerRun.0", "point": 1, "testname": "gmIdwl_gmid2_1", "event": "NewHistoryCreated", "EventSource": "ADE GUI", "HistoryName": "ExplorerRun.0", "WorkDir": "/home/dtvt_13/duyDUT", "HistorySimDir": "/home/dtvt_13/simulation/gmIdwl/gmid2/maestro/results/maestro/ExplorerRun.0", "HistoryResultsDir": "/home/dtvt_13/duyDUT/skywater130/gmIdwl/gmid2/maestro/results/maestro"}
[2026-04-16 01:13:09.372 +0700] [PROCESS] [cadence.virtuoso.ade.gui] - History Setup {"hostname": "dtvt_13", "processid": 13079, "history": "ExplorerRun.0", "testname": "gmIdwl_gmid2_1", "point": 1, "logfile": "/home/dtvt_13/duyDUT/logs_dtvt_13/logs0/virtuoso_ade_debug.log", "jobmode": "LSCS", "runmode": "Single Run, Sweeps and Corners", "lib": "gmIdwl", "cell": "gmid2", "view": "maestro", "icversion": "sub-version  IC6.1.8-64b.500.28 ", "runstart": "Thu Apr 16 01:13:09 2026\n", "timezonelocal": "+000", "spectreversion": "unknown", "jobpolicyname": "", "maxjobs": "unknown", "ncjobpolicyname": "", "ncmaxjobs": "unknown", "numtests": "1", "runfinished": "unknown", "runelapsed": "-1", "numcorners": "1"}
[2026-04-16 01:13:10.155 +0700] [INFO] [cadence.virtuoso.ade.gui] - Simulation will use spectre batch mode because the GCC version used by Spectre and Virtuoso are not compatible. {"history": "ExplorerRun.0", "point": 1, "testname": "gmIdwl_gmid2_1", "detailed_message": "", "message_id": "EXPLORER-5024"}
[2026-04-16 01:13:10.179 +0700] [EVENT] [cadence.virtuoso.ade.pointevaluator] - NewPoint {"history": "ExplorerRun.0", "point": 1, "testname": "gmIdwl_gmid2_1", "event": "NewPoint", "EventSource": "ADE GUI", "HistoryName": "ExplorerRun.0", "logFile": "/home/dtvt_13/duyDUT/logs_dtvt_13/logs0/virtuoso_ade_debug.log", "logFileSize": "134210"}
[2026-04-16 01:13:10.180 +0700] [INFO] [cadence.virtuoso.ade.pointevaluator] - Started netlisting {"history": "ExplorerRun.0", "point": 1, "testname": "gmIdwl_gmid2_1"}
[2026-04-16 01:13:10.550 +0700] [INFO] [cadence.virtuoso.ade.pointevaluator] - Finished netlisting {"history": "ExplorerRun.0", "point": 1, "testname": "gmIdwl_gmid2_1"}
[2026-04-16 01:13:10.550 +0700] [INFO] [cadence.virtuoso.ade.pointevaluator] - Submitted {"history": "ExplorerRun.0", "point": 1, "testname": "gmIdwl_gmid2_1"}
[2026-04-16 01:13:14.462 +0700] [PROCESS] [cadence.virtuoso.ade.gui] - /home/dtvt_13/duyDUT/.tmp_dtvt_13/.cmddir0/swiftJob31 is starting {"logfile": "/home/dtvt_13/duyDUT/logs_dtvt_13/logs0/Job31.log"}
[2026-04-16 01:13:14.569 +0700] [PROCESS] [cadence.virtuoso.ade.gui] - Simulation Monitor process '8056' is starting up on host 'dtvt_13' {"logfile": "/home/dtvt_13/duyDUT/logs_dtvt_13/logs0/Job31.log"}
[2026-04-16 01:13:37.284 +0700] [PROCESS] [cadence.virtuoso.ade.gui] - ln: failed to create symbolic link '/home/dtvt_13/simulation/gmIdwl/gmid2/maestro/results/maestro/ExplorerRun.0/1/gmIdwl_gmid2_1/netlist/exprOutputs.log': File exists
 {"logfile": "/home/dtvt_13/duyDUT/logs_dtvt_13/logs0/Job31.log"}
[2026-04-16 01:13:37.291 +0700] [PROCESS] [cadence.virtuoso.ade.gui] - ln: failed to create symbolic link '/home/dtvt_13/simulation/gmIdwl/gmid2/maestro/results/maestro/ExplorerRun.0/1/gmIdwl_gmid2_1/netlist/amps_evaluator.log': File exists
 {"logfile": "/home/dtvt_13/duyDUT/logs_dtvt_13/logs0/Job31.log"}
[2026-04-16 01:13:37.882 +0700] [INFO] [cadence.virtuoso.ade.gui] - Point completed {"history": "ExplorerRun.0", "point": 1, "testname": "gmIdwl_gmid2_1"}
[2026-04-16 01:13:37.894 +0700] [EVENT] [cadence.virtuoso.ade.gui] - HistoryFinished {"history": "ExplorerRun.0", "point": 1, "testname": "gmIdwl_gmid2_1", "event": "HistoryFinished", "EventSource": "ADE GUI", "HistoryName": "ExplorerRun.0"}
[2026-04-16 01:15:08.599 +0700] [EVENT] [cadence.virtuoso.ade.gui] - NewHistoryCreated {"history": "ExplorerRun.0", "point": 1, "testname": "gmIdwl_gmid2_1", "event": "NewHistoryCreated", "EventSource": "ADE GUI", "HistoryName": "ExplorerRun.0", "WorkDir": "/home/dtvt_13/duyDUT", "HistorySimDir": "/home/dtvt_13/simulation/gmIdwl/gmid2/maestro/results/maestro/ExplorerRun.0", "HistoryResultsDir": "/home/dtvt_13/duyDUT/skywater130/gmIdwl/gmid2/maestro/results/maestro"}
[2026-04-16 01:15:08.602 +0700] [PROCESS] [cadence.virtuoso.ade.gui] - History Setup {"hostname": "dtvt_13", "processid": 13079, "history": "ExplorerRun.0", "testname": "gmIdwl_gmid2_1", "point": 1, "logfile": "/home/dtvt_13/duyDUT/logs_dtvt_13/logs0/virtuoso_ade_debug.log", "jobmode": "LSCS", "runmode": "Single Run, Sweeps and Corners", "lib": "gmIdwl", "cell": "gmid2", "view": "maestro", "icversion": "sub-version  IC6.1.8-64b.500.28 ", "runstart": "Thu Apr 16 01:15:08 2026\n", "timezonelocal": "+000", "spectreversion": "unknown", "jobpolicyname": "", "maxjobs": "unknown", "ncjobpolicyname": "", "ncmaxjobs": "unknown", "numtests": "1", "runfinished": "unknown", "runelapsed": "-1", "numcorners": "1"}
[2026-04-16 01:15:09.478 +0700] [INFO] [cadence.virtuoso.ade.gui] - Simulation will use spectre batch mode because the GCC version used by Spectre and Virtuoso are not compatible. {"history": "ExplorerRun.0", "point": 1, "testname": "gmIdwl_gmid2_1", "detailed_message": "", "message_id": "EXPLORER-5024"}
[2026-04-16 01:15:09.506 +0700] [EVENT] [cadence.virtuoso.ade.pointevaluator] - NewPoint {"history": "ExplorerRun.0", "point": 1, "testname": "gmIdwl_gmid2_1", "event": "NewPoint", "EventSource": "ADE GUI", "HistoryName": "ExplorerRun.0", "logFile": "/home/dtvt_13/duyDUT/logs_dtvt_13/logs0/virtuoso_ade_debug.log", "logFileSize": "137950"}
[2026-04-16 01:15:09.507 +0700] [INFO] [cadence.virtuoso.ade.pointevaluator] - Started netlisting {"history": "ExplorerRun.0", "point": 1, "testname": "gmIdwl_gmid2_1"}
[2026-04-16 01:15:09.893 +0700] [INFO] [cadence.virtuoso.ade.pointevaluator] - Finished netlisting {"history": "ExplorerRun.0", "point": 1, "testname": "gmIdwl_gmid2_1"}
[2026-04-16 01:15:09.894 +0700] [INFO] [cadence.virtuoso.ade.pointevaluator] - Submitted {"history": "ExplorerRun.0", "point": 1, "testname": "gmIdwl_gmid2_1"}
[2026-04-16 01:15:32.490 +0700] [PROCESS] [cadence.virtuoso.ade.gui] - ln: failed to create symbolic link '/home/dtvt_13/simulation/gmIdwl/gmid2/maestro/results/maestro/ExplorerRun.0/1/gmIdwl_gmid2_1/netlist/exprOutputs.log': File exists
 {"logfile": "/home/dtvt_13/duyDUT/logs_dtvt_13/logs0/Job31.log"}
[2026-04-16 01:15:32.496 +0700] [PROCESS] [cadence.virtuoso.ade.gui] - ln: failed to create symbolic link '/home/dtvt_13/simulation/gmIdwl/gmid2/maestro/results/maestro/ExplorerRun.0/1/gmIdwl_gmid2_1/netlist/amps_evaluator.log': File exists {"logfile": "/home/dtvt_13/duyDUT/logs_dtvt_13/logs0/Job31.log"}
[2026-04-16 01:15:32.496 +0700] [PROCESS] [cadence.virtuoso.ade.gui] - 
 {"logfile": "/home/dtvt_13/duyDUT/logs_dtvt_13/logs0/Job31.log"}
[2026-04-16 01:15:33.876 +0700] [INFO] [cadence.virtuoso.ade.gui] - Point completed {"history": "ExplorerRun.0", "point": 1, "testname": "gmIdwl_gmid2_1"}
[2026-04-16 01:15:33.890 +0700] [EVENT] [cadence.virtuoso.ade.gui] - HistoryFinished {"history": "ExplorerRun.0", "point": 1, "testname": "gmIdwl_gmid2_1", "event": "HistoryFinished", "EventSource": "ADE GUI", "HistoryName": "ExplorerRun.0"}
[2026-04-16 01:22:18.907 +0700] [EVENT] [cadence.virtuoso.ade.gui] - NewHistoryCreated {"history": "ExplorerRun.0", "point": 1, "testname": "gmIdwl_gmid2_1", "event": "NewHistoryCreated", "EventSource": "ADE GUI", "HistoryName": "ExplorerRun.0", "WorkDir": "/home/dtvt_13/duyDUT", "HistorySimDir": "/home/dtvt_13/simulation/gmIdwl/gmid2/maestro/results/maestro/ExplorerRun.0", "HistoryResultsDir": "/home/dtvt_13/duyDUT/skywater130/gmIdwl/gmid2/maestro/results/maestro"}
[2026-04-16 01:22:18.910 +0700] [PROCESS] [cadence.virtuoso.ade.gui] - History Setup {"hostname": "dtvt_13", "processid": 13079, "history": "ExplorerRun.0", "testname": "gmIdwl_gmid2_1", "point": 1, "logfile": "/home/dtvt_13/duyDUT/logs_dtvt_13/logs0/virtuoso_ade_debug.log", "jobmode": "LSCS", "runmode": "Single Run, Sweeps and Corners", "lib": "gmIdwl", "cell": "gmid2", "view": "maestro", "icversion": "sub-version  IC6.1.8-64b.500.28 ", "runstart": "Thu Apr 16 01:22:18 2026\n", "timezonelocal": "+000", "spectreversion": "unknown", "jobpolicyname": "", "maxjobs": "unknown", "ncjobpolicyname": "", "ncmaxjobs": "unknown", "numtests": "1", "runfinished": "unknown", "runelapsed": "-1", "numcorners": "1"}
[2026-04-16 01:22:19.499 +0700] [INFO] [cadence.virtuoso.ade.gui] - Simulation will use spectre batch mode because the GCC version used by Spectre and Virtuoso are not compatible. {"history": "ExplorerRun.0", "point": 1, "testname": "gmIdwl_gmid2_1", "detailed_message": "", "message_id": "EXPLORER-5024"}
[2026-04-16 01:22:19.520 +0700] [EVENT] [cadence.virtuoso.ade.pointevaluator] - NewPoint {"history": "ExplorerRun.0", "point": 1, "testname": "gmIdwl_gmid2_1", "event": "NewPoint", "EventSource": "ADE GUI", "HistoryName": "ExplorerRun.0", "logFile": "/home/dtvt_13/duyDUT/logs_dtvt_13/logs0/virtuoso_ade_debug.log", "logFileSize": "141422"}
[2026-04-16 01:22:19.520 +0700] [INFO] [cadence.virtuoso.ade.pointevaluator] - Started netlisting {"history": "ExplorerRun.0", "point": 1, "testname": "gmIdwl_gmid2_1"}
[2026-04-16 01:22:19.761 +0700] [INFO] [cadence.virtuoso.ade.pointevaluator] - Finished netlisting {"history": "ExplorerRun.0", "point": 1, "testname": "gmIdwl_gmid2_1"}
[2026-04-16 01:22:19.762 +0700] [INFO] [cadence.virtuoso.ade.pointevaluator] - Submitted {"history": "ExplorerRun.0", "point": 1, "testname": "gmIdwl_gmid2_1"}
[2026-04-16 01:22:24.390 +0700] [PROCESS] [cadence.virtuoso.ade.gui] - /home/dtvt_13/duyDUT/.tmp_dtvt_13/.cmddir0/swiftJob32 is starting {"logfile": "/home/dtvt_13/duyDUT/logs_dtvt_13/logs0/Job32.log"}
[2026-04-16 01:22:24.497 +0700] [PROCESS] [cadence.virtuoso.ade.gui] - Simulation Monitor process '11250' is starting up on host 'dtvt_13' {"logfile": "/home/dtvt_13/duyDUT/logs_dtvt_13/logs0/Job32.log"}
[2026-04-16 01:22:47.676 +0700] [PROCESS] [cadence.virtuoso.ade.gui] - ln: failed to create symbolic link '/home/dtvt_13/simulation/gmIdwl/gmid2/maestro/results/maestro/ExplorerRun.0/1/gmIdwl_gmid2_1/netlist/exprOutputs.log': File exists
 {"logfile": "/home/dtvt_13/duyDUT/logs_dtvt_13/logs0/Job32.log"}
[2026-04-16 01:22:47.682 +0700] [PROCESS] [cadence.virtuoso.ade.gui] - ln: failed to create symbolic link '/home/dtvt_13/simulation/gmIdwl/gmid2/maestro/results/maestro/ExplorerRun.0/1/gmIdwl_gmid2_1/netlist/amps_evaluator.log': File exists
 {"logfile": "/home/dtvt_13/duyDUT/logs_dtvt_13/logs0/Job32.log"}
[2026-04-16 01:22:48.880 +0700] [INFO] [cadence.virtuoso.ade.gui] - Point completed {"history": "ExplorerRun.0", "point": 1, "testname": "gmIdwl_gmid2_1"}
[2026-04-16 01:22:48.890 +0700] [EVENT] [cadence.virtuoso.ade.gui] - HistoryFinished {"history": "ExplorerRun.0", "point": 1, "testname": "gmIdwl_gmid2_1", "event": "HistoryFinished", "EventSource": "ADE GUI", "HistoryName": "ExplorerRun.0"}
[2026-04-16 01:23:12.372 +0700] [EVENT] [cadence.virtuoso.ade.gui] - NewHistoryCreated {"history": "ExplorerRun.0", "point": 1, "testname": "gmIdwl_gmid2_1", "event": "NewHistoryCreated", "EventSource": "ADE GUI", "HistoryName": "ExplorerRun.0", "WorkDir": "/home/dtvt_13/duyDUT", "HistorySimDir": "/home/dtvt_13/simulation/gmIdwl/gmid2/maestro/results/maestro/ExplorerRun.0", "HistoryResultsDir": "/home/dtvt_13/duyDUT/skywater130/gmIdwl/gmid2/maestro/results/maestro"}
[2026-04-16 01:23:12.372 +0700] [PROCESS] [cadence.virtuoso.ade.gui] - History Setup {"hostname": "dtvt_13", "processid": 13079, "history": "ExplorerRun.0", "testname": "gmIdwl_gmid2_1", "point": 1, "logfile": "/home/dtvt_13/duyDUT/logs_dtvt_13/logs0/virtuoso_ade_debug.log", "jobmode": "LSCS", "runmode": "Single Run, Sweeps and Corners", "lib": "gmIdwl", "cell": "gmid2", "view": "maestro", "icversion": "sub-version  IC6.1.8-64b.500.28 ", "runstart": "Thu Apr 16 01:23:12 2026\n", "timezonelocal": "+000", "spectreversion": "unknown", "jobpolicyname": "", "maxjobs": "unknown", "ncjobpolicyname": "", "ncmaxjobs": "unknown", "numtests": "1", "runfinished": "unknown", "runelapsed": "-1", "numcorners": "1"}
[2026-04-16 01:23:12.896 +0700] [INFO] [cadence.virtuoso.ade.gui] - Simulation will use spectre batch mode because the GCC version used by Spectre and Virtuoso are not compatible. {"history": "ExplorerRun.0", "point": 1, "testname": "gmIdwl_gmid2_1", "detailed_message": "", "message_id": "EXPLORER-5024"}
[2026-04-16 01:23:12.912 +0700] [EVENT] [cadence.virtuoso.ade.pointevaluator] - NewPoint {"history": "ExplorerRun.0", "point": 1, "testname": "gmIdwl_gmid2_1", "event": "NewPoint", "EventSource": "ADE GUI", "HistoryName": "ExplorerRun.0", "logFile": "/home/dtvt_13/duyDUT/logs_dtvt_13/logs0/virtuoso_ade_debug.log", "logFileSize": "145163"}
[2026-04-16 01:23:12.912 +0700] [INFO] [cadence.virtuoso.ade.pointevaluator] - Started netlisting {"history": "ExplorerRun.0", "point": 1, "testname": "gmIdwl_gmid2_1"}
[2026-04-16 01:23:13.205 +0700] [INFO] [cadence.virtuoso.ade.pointevaluator] - Finished netlisting {"history": "ExplorerRun.0", "point": 1, "testname": "gmIdwl_gmid2_1"}
[2026-04-16 01:23:13.205 +0700] [INFO] [cadence.virtuoso.ade.pointevaluator] - Submitted {"history": "ExplorerRun.0", "point": 1, "testname": "gmIdwl_gmid2_1"}
[2026-04-16 01:23:35.825 +0700] [PROCESS] [cadence.virtuoso.ade.gui] - ln: failed to create symbolic link '/home/dtvt_13/simulation/gmIdwl/gmid2/maestro/results/maestro/ExplorerRun.0/1/gmIdwl_gmid2_1/netlist/exprOutputs.log': File exists
 {"logfile": "/home/dtvt_13/duyDUT/logs_dtvt_13/logs0/Job32.log"}
[2026-04-16 01:23:35.832 +0700] [PROCESS] [cadence.virtuoso.ade.gui] - ln: failed to create symbolic link '/home/dtvt_13/simulation/gmIdwl/gmid2/maestro/results/maestro/ExplorerRun.0/1/gmIdwl_gmid2_1/netlist/amps_evaluator.log' {"logfile": "/home/dtvt_13/duyDUT/logs_dtvt_13/logs0/Job32.log"}
[2026-04-16 01:23:35.832 +0700] [PROCESS] [cadence.virtuoso.ade.gui] - : File exists
 {"logfile": "/home/dtvt_13/duyDUT/logs_dtvt_13/logs0/Job32.log"}
[2026-04-16 01:23:36.879 +0700] [INFO] [cadence.virtuoso.ade.gui] - Point completed {"history": "ExplorerRun.0", "point": 1, "testname": "gmIdwl_gmid2_1"}
[2026-04-16 01:23:36.898 +0700] [EVENT] [cadence.virtuoso.ade.gui] - HistoryFinished {"history": "ExplorerRun.0", "point": 1, "testname": "gmIdwl_gmid2_1", "event": "HistoryFinished", "EventSource": "ADE GUI", "HistoryName": "ExplorerRun.0"}
[2026-04-16 01:34:07.411 +0700] [PROCESS] [cadence.virtuoso.ade.gui] - /home/dtvt_13/duyDUT/.tmp_dtvt_13/.cmddir0/swiftLoggingService33 is starting {"logfile": "/home/dtvt_13/duyDUT/logs_dtvt_13/logs0/LoggingService33.log"}
[2026-04-16 01:34:07.521 +0700] [PROCESS] [cadence.virtuoso.ade.gui] - /home/dtvt_13/duyDUT/.tmp_dtvt_13/.cmddir0/swiftNetlistService34 is starting {"logfile": "/home/dtvt_13/duyDUT/logs_dtvt_13/logs0/Service34.log"}
[2026-04-16 01:34:07.522 +0700] [PROCESS] [cadence.virtuoso.ade.gui] - Logging Service '14694' is starting up on host 'dtvt_13' {"logfile": "/home/dtvt_13/duyDUT/logs_dtvt_13/logs0/LoggingService33.log"}
[2026-04-16 01:34:08.526 +0700] [PROCESS] [cadence.virtuoso.ade.gui] - Netlist Service '14718' is starting up on host 'dtvt_13' {"logfile": "/home/dtvt_13/duyDUT/logs_dtvt_13/logs0/Service34.log"}
[2026-04-16 01:34:37.328 +0700] [EVENT] [cadence.virtuoso.ade.gui] - NewHistoryCreated {"history": "ExplorerRun.0", "event": "NewHistoryCreated", "EventSource": "ADE GUI", "HistoryName": "ExplorerRun.0", "WorkDir": "/home/dtvt_13/duyDUT", "HistorySimDir": "/home/dtvt_13/simulation/gmIdwl/WL/maestro/results/maestro/ExplorerRun.0", "HistoryResultsDir": "/home/dtvt_13/duyDUT/skywater130/gmIdwl/WL/maestro/results/maestro"}
[2026-04-16 01:34:37.329 +0700] [PROCESS] [cadence.virtuoso.ade.gui] - History Setup {"hostname": "dtvt_13", "processid": 13079, "history": "ExplorerRun.0", "logfile": "/home/dtvt_13/duyDUT/logs_dtvt_13/logs0/virtuoso_ade_debug.log", "jobmode": "LSCS", "runmode": "Single Run, Sweeps and Corners", "lib": "gmIdwl", "cell": "WL", "view": "maestro", "icversion": "sub-version  IC6.1.8-64b.500.28 ", "runstart": "Thu Apr 16 01:34:37 2026\n", "timezonelocal": "+000", "spectreversion": "unknown", "jobpolicyname": "", "maxjobs": "unknown", "ncjobpolicyname": "", "ncmaxjobs": "unknown", "numtests": "1", "runfinished": "unknown", "runelapsed": "-1", "numcorners": "1"}
[2026-04-16 01:34:38.105 +0700] [INFO] [cadence.virtuoso.ade.gui] - Simulation will use spectre batch mode because the GCC version used by Spectre and Virtuoso are not compatible. {"history": "ExplorerRun.0", "testname": "gmIdwl_WL_1", "detailed_message": "", "message_id": "EXPLORER-5024"}
[2026-04-16 01:34:38.131 +0700] [EVENT] [cadence.virtuoso.ade.pointevaluator] - NewPoint {"history": "ExplorerRun.0", "point": 1, "testname": "gmIdwl_WL_1", "event": "NewPoint", "EventSource": "ADE GUI", "HistoryName": "ExplorerRun.0", "logFile": "/home/dtvt_13/duyDUT/logs_dtvt_13/logs0/virtuoso_ade_debug.log", "logFileSize": "149369"}
[2026-04-16 01:34:38.131 +0700] [INFO] [cadence.virtuoso.ade.pointevaluator] - Started netlisting {"history": "ExplorerRun.0", "point": 1, "testname": "gmIdwl_WL_1"}
[2026-04-16 01:34:38.576 +0700] [INFO] [cadence.virtuoso.ade.pointevaluator] - Finished netlisting {"history": "ExplorerRun.0", "point": 1, "testname": "gmIdwl_WL_1"}
[2026-04-16 01:34:38.576 +0700] [INFO] [cadence.virtuoso.ade.pointevaluator] - Submitted {"history": "ExplorerRun.0", "point": 1, "testname": "gmIdwl_WL_1"}
[2026-04-16 01:34:42.545 +0700] [PROCESS] [cadence.virtuoso.ade.gui] - /home/dtvt_13/duyDUT/.tmp_dtvt_13/.cmddir0/swiftJob35 is starting {"logfile": "/home/dtvt_13/duyDUT/logs_dtvt_13/logs0/Job35.log"}
[2026-04-16 01:34:42.652 +0700] [PROCESS] [cadence.virtuoso.ade.gui] - Simulation Monitor process '15475' is starting up on host 'dtvt_13' {"logfile": "/home/dtvt_13/duyDUT/logs_dtvt_13/logs0/Job35.log"}
[2026-04-16 01:35:05.379 +0700] [ERROR] [cadence.virtuoso.ade.gui] - Simulation error {"history": "ExplorerRun.0", "point": 1, "testname": "gmIdwl_WL_1"}
[2026-04-16 01:35:05.397 +0700] [EVENT] [cadence.virtuoso.ade.gui] - HistoryFinished {"history": "ExplorerRun.0", "point": 1, "testname": "gmIdwl_WL_1", "event": "HistoryFinished", "EventSource": "ADE GUI", "HistoryName": "ExplorerRun.0"}
[2026-04-16 01:36:04.150 +0700] [EVENT] [cadence.virtuoso.ade.gui] - NewHistoryCreated {"history": "ExplorerRun.0", "point": 1, "testname": "gmIdwl_gmid2_1", "event": "NewHistoryCreated", "EventSource": "ADE GUI", "HistoryName": "ExplorerRun.0", "WorkDir": "/home/dtvt_13/duyDUT", "HistorySimDir": "/home/dtvt_13/simulation/gmIdwl/gmid2/maestro/results/maestro/ExplorerRun.0", "HistoryResultsDir": "/home/dtvt_13/duyDUT/skywater130/gmIdwl/gmid2/maestro/results/maestro"}
[2026-04-16 01:36:04.152 +0700] [PROCESS] [cadence.virtuoso.ade.gui] - History Setup {"hostname": "dtvt_13", "processid": 13079, "history": "ExplorerRun.0", "testname": "gmIdwl_gmid2_1", "point": 1, "logfile": "/home/dtvt_13/duyDUT/logs_dtvt_13/logs0/virtuoso_ade_debug.log", "jobmode": "LSCS", "runmode": "Single Run, Sweeps and Corners", "lib": "gmIdwl", "cell": "gmid2", "view": "maestro", "icversion": "sub-version  IC6.1.8-64b.500.28 ", "runstart": "Thu Apr 16 01:36:04 2026\n", "timezonelocal": "+000", "spectreversion": "unknown", "jobpolicyname": "", "maxjobs": "unknown", "ncjobpolicyname": "", "ncmaxjobs": "unknown", "numtests": "1", "runfinished": "unknown", "runelapsed": "-1", "numcorners": "1"}
[2026-04-16 01:36:05.056 +0700] [INFO] [cadence.virtuoso.ade.gui] - Simulation will use spectre batch mode because the GCC version used by Spectre and Virtuoso are not compatible. {"history": "ExplorerRun.0", "point": 1, "testname": "gmIdwl_gmid2_1", "detailed_message": "", "message_id": "EXPLORER-5024"}
[2026-04-16 01:36:05.240 +0700] [EVENT] [cadence.virtuoso.ade.pointevaluator] - NewPoint {"history": "ExplorerRun.0", "point": 1, "testname": "gmIdwl_gmid2_1", "event": "NewPoint", "EventSource": "ADE GUI", "HistoryName": "ExplorerRun.0", "logFile": "/home/dtvt_13/duyDUT/logs_dtvt_13/logs0/virtuoso_ade_debug.log", "logFileSize": "152483"}
[2026-04-16 01:36:05.240 +0700] [INFO] [cadence.virtuoso.ade.pointevaluator] - Started netlisting {"history": "ExplorerRun.0", "point": 1, "testname": "gmIdwl_gmid2_1"}
[2026-04-16 01:36:05.577 +0700] [INFO] [cadence.virtuoso.ade.pointevaluator] - Finished netlisting {"history": "ExplorerRun.0", "point": 1, "testname": "gmIdwl_gmid2_1"}
[2026-04-16 01:36:05.577 +0700] [INFO] [cadence.virtuoso.ade.pointevaluator] - Submitted {"history": "ExplorerRun.0", "point": 1, "testname": "gmIdwl_gmid2_1"}
[2026-04-16 01:36:09.484 +0700] [PROCESS] [cadence.virtuoso.ade.gui] - /home/dtvt_13/duyDUT/.tmp_dtvt_13/.cmddir0/swiftJob36 is starting {"logfile": "/home/dtvt_13/duyDUT/logs_dtvt_13/logs0/Job36.log"}
[2026-04-16 01:36:09.591 +0700] [PROCESS] [cadence.virtuoso.ade.gui] - Simulation Monitor process '16535' is starting up on host 'dtvt_13' {"logfile": "/home/dtvt_13/duyDUT/logs_dtvt_13/logs0/Job36.log"}
[2026-04-16 01:36:32.761 +0700] [PROCESS] [cadence.virtuoso.ade.gui] - ln: failed to create symbolic link '/home/dtvt_13/simulation/gmIdwl/gmid2/maestro/results/maestro/ExplorerRun.0/1/gmIdwl_gmid2_1/netlist/exprOutputs.log': File exists
 {"logfile": "/home/dtvt_13/duyDUT/logs_dtvt_13/logs0/Job36.log"}
[2026-04-16 01:36:32.767 +0700] [PROCESS] [cadence.virtuoso.ade.gui] - ln: failed to create symbolic link '/home/dtvt_13/simulation/gmIdwl/gmid2/maestro/results/maestro/ExplorerRun.0/1/gmIdwl_gmid2_1/netlist/amps_evaluator.log': File exists
 {"logfile": "/home/dtvt_13/duyDUT/logs_dtvt_13/logs0/Job36.log"}
[2026-04-16 01:36:33.879 +0700] [INFO] [cadence.virtuoso.ade.gui] - Point completed {"history": "ExplorerRun.0", "point": 1, "testname": "gmIdwl_gmid2_1"}
[2026-04-16 01:36:33.898 +0700] [EVENT] [cadence.virtuoso.ade.gui] - HistoryFinished {"history": "ExplorerRun.0", "point": 1, "testname": "gmIdwl_gmid2_1", "event": "HistoryFinished", "EventSource": "ADE GUI", "HistoryName": "ExplorerRun.0"}
[2026-04-16 01:39:18.566 +0700] [PROCESS] [cadence.virtuoso.ade.gui] - Netlist Service '14718' stopped with exit code '0' {"logfile": "/home/dtvt_13/duyDUT/logs_dtvt_13/logs0/Service34.log"}
[2026-04-16 01:46:03.679 +0700] [EVENT] [cadence.virtuoso.ade.gui] - NewHistoryCreated {"history": "ExplorerRun.0", "point": 1, "testname": "gmIdwl_gmid2_1", "event": "NewHistoryCreated", "EventSource": "ADE GUI", "HistoryName": "ExplorerRun.0", "WorkDir": "/home/dtvt_13/duyDUT", "HistorySimDir": "/home/dtvt_13/simulation/gmIdwl/gmid2/maestro/results/maestro/ExplorerRun.0", "HistoryResultsDir": "/home/dtvt_13/duyDUT/skywater130/gmIdwl/gmid2/maestro/results/maestro"}
[2026-04-16 01:46:03.681 +0700] [PROCESS] [cadence.virtuoso.ade.gui] - History Setup {"hostname": "dtvt_13", "processid": 13079, "history": "ExplorerRun.0", "testname": "gmIdwl_gmid2_1", "point": 1, "logfile": "/home/dtvt_13/duyDUT/logs_dtvt_13/logs0/virtuoso_ade_debug.log", "jobmode": "LSCS", "runmode": "Single Run, Sweeps and Corners", "lib": "gmIdwl", "cell": "gmid2", "view": "maestro", "icversion": "sub-version  IC6.1.8-64b.500.28 ", "runstart": "Thu Apr 16 01:46:03 2026\n", "timezonelocal": "+000", "spectreversion": "unknown", "jobpolicyname": "", "maxjobs": "unknown", "ncjobpolicyname": "", "ncmaxjobs": "unknown", "numtests": "1", "runfinished": "unknown", "runelapsed": "-1", "numcorners": "1"}
[2026-04-16 01:46:04.284 +0700] [INFO] [cadence.virtuoso.ade.gui] - Simulation will use spectre batch mode because the GCC version used by Spectre and Virtuoso are not compatible. {"history": "ExplorerRun.0", "point": 1, "testname": "gmIdwl_gmid2_1", "detailed_message": "", "message_id": "EXPLORER-5024"}
[2026-04-16 01:46:04.365 +0700] [EVENT] [cadence.virtuoso.ade.pointevaluator] - NewPoint {"history": "ExplorerRun.0", "point": 1, "testname": "gmIdwl_gmid2_1", "event": "NewPoint", "EventSource": "ADE GUI", "HistoryName": "ExplorerRun.0", "logFile": "/home/dtvt_13/duyDUT/logs_dtvt_13/logs0/virtuoso_ade_debug.log", "logFileSize": "156415"}
[2026-04-16 01:46:04.366 +0700] [INFO] [cadence.virtuoso.ade.pointevaluator] - Started netlisting {"history": "ExplorerRun.0", "point": 1, "testname": "gmIdwl_gmid2_1"}
[2026-04-16 01:46:04.788 +0700] [INFO] [cadence.virtuoso.ade.pointevaluator] - Finished netlisting {"history": "ExplorerRun.0", "point": 1, "testname": "gmIdwl_gmid2_1"}
[2026-04-16 01:46:04.788 +0700] [INFO] [cadence.virtuoso.ade.pointevaluator] - Submitted {"history": "ExplorerRun.0", "point": 1, "testname": "gmIdwl_gmid2_1"}
[2026-04-16 01:46:09.237 +0700] [PROCESS] [cadence.virtuoso.ade.gui] - /home/dtvt_13/duyDUT/.tmp_dtvt_13/.cmddir0/swiftJob37 is starting {"logfile": "/home/dtvt_13/duyDUT/logs_dtvt_13/logs0/Job37.log"}
[2026-04-16 01:46:09.345 +0700] [PROCESS] [cadence.virtuoso.ade.gui] - Simulation Monitor process '20318' is starting up on host 'dtvt_13' {"logfile": "/home/dtvt_13/duyDUT/logs_dtvt_13/logs0/Job37.log"}
[2026-04-16 01:46:32.575 +0700] [PROCESS] [cadence.virtuoso.ade.gui] - ln: failed to create symbolic link '/home/dtvt_13/simulation/gmIdwl/gmid2/maestro/results/maestro/ExplorerRun.0/1/gmIdwl_gmid2_1/netlist/exprOutputs.log': File exists
 {"logfile": "/home/dtvt_13/duyDUT/logs_dtvt_13/logs0/Job37.log"}
[2026-04-16 01:46:32.581 +0700] [PROCESS] [cadence.virtuoso.ade.gui] - ln: failed to create symbolic link '/home/dtvt_13/simulation/gmIdwl/gmid2/maestro/results/maestro/ExplorerRun.0/1/gmIdwl_gmid2_1/netlist/amps_evaluator.log': File exists
 {"logfile": "/home/dtvt_13/duyDUT/logs_dtvt_13/logs0/Job37.log"}
[2026-04-16 01:46:33.880 +0700] [INFO] [cadence.virtuoso.ade.gui] - Point completed {"history": "ExplorerRun.0", "point": 1, "testname": "gmIdwl_gmid2_1"}
[2026-04-16 01:46:33.903 +0700] [EVENT] [cadence.virtuoso.ade.gui] - HistoryFinished {"history": "ExplorerRun.0", "point": 1, "testname": "gmIdwl_gmid2_1", "event": "HistoryFinished", "EventSource": "ADE GUI", "HistoryName": "ExplorerRun.0"}
[2026-04-16 01:56:40.085 +0700] [PROCESS] [cadence.virtuoso.ade.gui] - Logging Service '14694' stopped with exit code '0' {"logfile": "/home/dtvt_13/duyDUT/logs_dtvt_13/logs0/LoggingService33.log"}
[2026-04-16 02:01:40.461 +0700] [PROCESS] [cadence.virtuoso.ade.gui] - Logging Service '30706' stopped with exit code '0' {"logfile": "/home/dtvt_13/duyDUT/logs_dtvt_13/logs0/LoggingService28.log"}
[2026-04-18 01:07:37.079 +0700] [EVENT] [cadence.virtuoso.ade.gui] - NewHistoryCreated {"history": "ExplorerRun.0", "point": 1, "testname": "gmIdwl_WL_1", "event": "NewHistoryCreated", "EventSource": "ADE GUI", "HistoryName": "ExplorerRun.0", "WorkDir": "/home/dtvt_13/duyDUT", "HistorySimDir": "/home/dtvt_13/simulation/gmIdwl/WL/maestro/results/maestro/ExplorerRun.0", "HistoryResultsDir": "/home/dtvt_13/duyDUT/skywater130/gmIdwl/WL/maestro/results/maestro"}
[2026-04-18 01:07:37.082 +0700] [PROCESS] [cadence.virtuoso.ade.gui] - History Setup {"hostname": "dtvt_13", "processid": 13079, "history": "ExplorerRun.0", "testname": "gmIdwl_WL_1", "point": 1, "logfile": "/home/dtvt_13/duyDUT/logs_dtvt_13/logs0/virtuoso_ade_debug.log", "jobmode": "LSCS", "runmode": "Single Run, Sweeps and Corners", "lib": "gmIdwl", "cell": "WL", "view": "maestro", "icversion": "sub-version  IC6.1.8-64b.500.28 ", "runstart": "Sat Apr 18 01:07:37 2026\n", "timezonelocal": "+000", "spectreversion": "unknown", "jobpolicyname": "", "maxjobs": "unknown", "ncjobpolicyname": "", "ncmaxjobs": "unknown", "numtests": "1", "runfinished": "unknown", "runelapsed": "-1", "numcorners": "1"}
[2026-04-18 01:07:37.629 +0700] [INFO] [cadence.virtuoso.ade.gui] - Simulation will use spectre batch mode because the GCC version used by Spectre and Virtuoso are not compatible. {"history": "ExplorerRun.0", "point": 1, "testname": "gmIdwl_WL_1", "detailed_message": "", "message_id": "EXPLORER-5024"}
[2026-04-18 01:07:37.653 +0700] [EVENT] [cadence.virtuoso.ade.pointevaluator] - NewPoint {"history": "ExplorerRun.0", "point": 1, "testname": "gmIdwl_WL_1", "event": "NewPoint", "EventSource": "ADE GUI", "HistoryName": "ExplorerRun.0", "logFile": "/home/dtvt_13/duyDUT/logs_dtvt_13/logs0/virtuoso_ade_debug.log", "logFileSize": "160534"}
[2026-04-18 01:07:37.653 +0700] [INFO] [cadence.virtuoso.ade.pointevaluator] - Started netlisting {"history": "ExplorerRun.0", "point": 1, "testname": "gmIdwl_WL_1"}
[2026-04-18 01:07:38.181 +0700] [INFO] [cadence.virtuoso.ade.pointevaluator] - Finished netlisting {"history": "ExplorerRun.0", "point": 1, "testname": "gmIdwl_WL_1"}
[2026-04-18 01:07:38.182 +0700] [INFO] [cadence.virtuoso.ade.pointevaluator] - Submitted {"history": "ExplorerRun.0", "point": 1, "testname": "gmIdwl_WL_1"}
[2026-04-18 01:07:42.378 +0700] [PROCESS] [cadence.virtuoso.ade.gui] - /home/dtvt_13/duyDUT/.tmp_dtvt_13/.cmddir0/swiftLoggingService38 is starting {"logfile": "/home/dtvt_13/duyDUT/logs_dtvt_13/logs0/LoggingService38.log"}
[2026-04-18 01:07:42.499 +0700] [PROCESS] [cadence.virtuoso.ade.gui] - /home/dtvt_13/duyDUT/.tmp_dtvt_13/.cmddir0/swiftJob39 is starting {"logfile": "/home/dtvt_13/duyDUT/logs_dtvt_13/logs0/Job39.log"}
[2026-04-18 01:07:42.500 +0700] [PROCESS] [cadence.virtuoso.ade.gui] - Logging Service '6255' is starting up on host 'dtvt_13' {"logfile": "/home/dtvt_13/duyDUT/logs_dtvt_13/logs0/LoggingService38.log"}
[2026-04-18 01:07:42.606 +0700] [PROCESS] [cadence.virtuoso.ade.gui] - Simulation Monitor process '6280' is starting up on host 'dtvt_13' {"logfile": "/home/dtvt_13/duyDUT/logs_dtvt_13/logs0/Job39.log"}
[2026-04-18 01:08:05.232 +0700] [PROCESS] [cadence.virtuoso.ade.gui] - ln: failed to create symbolic link '/home/dtvt_13/simulation/gmIdwl/WL/maestro/results/maestro/ExplorerRun.0/1/gmIdwl_WL_1/netlist/exprOutputs.log': File exists
 {"logfile": "/home/dtvt_13/duyDUT/logs_dtvt_13/logs0/Job39.log"}
[2026-04-18 01:08:05.237 +0700] [PROCESS] [cadence.virtuoso.ade.gui] - ln: failed to create symbolic link '/home/dtvt_13/simulation/gmIdwl/WL/maestro/results/maestro/ExplorerRun.0/1/gmIdwl_WL_1/netlist/amps_evaluator.log': File exists
 {"logfile": "/home/dtvt_13/duyDUT/logs_dtvt_13/logs0/Job39.log"}
[2026-04-18 01:08:06.379 +0700] [INFO] [cadence.virtuoso.ade.gui] - Point completed {"history": "ExplorerRun.0", "point": 1, "testname": "gmIdwl_WL_1"}
[2026-04-18 01:08:06.398 +0700] [EVENT] [cadence.virtuoso.ade.gui] - HistoryFinished {"history": "ExplorerRun.0", "point": 1, "testname": "gmIdwl_WL_1", "event": "HistoryFinished", "EventSource": "ADE GUI", "HistoryName": "ExplorerRun.0"}
[2026-04-18 01:09:10.639 +0700] [EVENT] [cadence.virtuoso.ade.gui] - NewHistoryCreated {"history": "ExplorerRun.0", "point": 1, "testname": "gmIdwl_gmid2_1", "event": "NewHistoryCreated", "EventSource": "ADE GUI", "HistoryName": "ExplorerRun.0", "WorkDir": "/home/dtvt_13/duyDUT", "HistorySimDir": "/home/dtvt_13/simulation/gmIdwl/gmid2/maestro/results/maestro/ExplorerRun.0", "HistoryResultsDir": "/home/dtvt_13/duyDUT/skywater130/gmIdwl/gmid2/maestro/results/maestro"}
[2026-04-18 01:09:10.641 +0700] [PROCESS] [cadence.virtuoso.ade.gui] - History Setup {"hostname": "dtvt_13", "processid": 13079, "history": "ExplorerRun.0", "testname": "gmIdwl_gmid2_1", "point": 1, "logfile": "/home/dtvt_13/duyDUT/logs_dtvt_13/logs0/virtuoso_ade_debug.log", "jobmode": "LSCS", "runmode": "Single Run, Sweeps and Corners", "lib": "gmIdwl", "cell": "gmid2", "view": "maestro", "icversion": "sub-version  IC6.1.8-64b.500.28 ", "runstart": "Sat Apr 18 01:09:10 2026\n", "timezonelocal": "+000", "spectreversion": "unknown", "jobpolicyname": "", "maxjobs": "unknown", "ncjobpolicyname": "", "ncmaxjobs": "unknown", "numtests": "1", "runfinished": "unknown", "runelapsed": "-1", "numcorners": "1"}
[2026-04-18 01:09:11.484 +0700] [INFO] [cadence.virtuoso.ade.gui] - Simulation will use spectre batch mode because the GCC version used by Spectre and Virtuoso are not compatible. {"history": "ExplorerRun.0", "point": 1, "testname": "gmIdwl_gmid2_1", "detailed_message": "", "message_id": "EXPLORER-5024"}
[2026-04-18 01:09:11.560 +0700] [EVENT] [cadence.virtuoso.ade.pointevaluator] - NewPoint {"history": "ExplorerRun.0", "point": 1, "testname": "gmIdwl_gmid2_1", "event": "NewPoint", "EventSource": "ADE GUI", "HistoryName": "ExplorerRun.0", "logFile": "/home/dtvt_13/duyDUT/logs_dtvt_13/logs0/virtuoso_ade_debug.log", "logFileSize": "164671"}
[2026-04-18 01:09:11.561 +0700] [INFO] [cadence.virtuoso.ade.pointevaluator] - Started netlisting {"history": "ExplorerRun.0", "point": 1, "testname": "gmIdwl_gmid2_1"}
[2026-04-18 01:09:11.944 +0700] [INFO] [cadence.virtuoso.ade.pointevaluator] - Finished netlisting {"history": "ExplorerRun.0", "point": 1, "testname": "gmIdwl_gmid2_1"}
[2026-04-18 01:09:11.944 +0700] [INFO] [cadence.virtuoso.ade.pointevaluator] - Submitted {"history": "ExplorerRun.0", "point": 1, "testname": "gmIdwl_gmid2_1"}
[2026-04-18 01:09:16.377 +0700] [PROCESS] [cadence.virtuoso.ade.gui] - /home/dtvt_13/duyDUT/.tmp_dtvt_13/.cmddir0/swiftLoggingService40 is starting {"logfile": "/home/dtvt_13/duyDUT/logs_dtvt_13/logs0/LoggingService40.log"}
[2026-04-18 01:09:16.499 +0700] [PROCESS] [cadence.virtuoso.ade.gui] - /home/dtvt_13/duyDUT/.tmp_dtvt_13/.cmddir0/swiftJob41 is starting {"logfile": "/home/dtvt_13/duyDUT/logs_dtvt_13/logs0/Job41.log"}
[2026-04-18 01:09:16.500 +0700] [PROCESS] [cadence.virtuoso.ade.gui] - Logging Service '7433' is starting up on host 'dtvt_13' {"logfile": "/home/dtvt_13/duyDUT/logs_dtvt_13/logs0/LoggingService40.log"}
[2026-04-18 01:09:16.607 +0700] [PROCESS] [cadence.virtuoso.ade.gui] - Simulation Monitor process '7459' is starting up on host 'dtvt_13' {"logfile": "/home/dtvt_13/duyDUT/logs_dtvt_13/logs0/Job41.log"}
[2026-04-18 01:09:39.118 +0700] [PROCESS] [cadence.virtuoso.ade.gui] - ln: failed to create symbolic link '/home/dtvt_13/simulation/gmIdwl/gmid2/maestro/results/maestro/ExplorerRun.0/1/gmIdwl_gmid2_1/netlist/exprOutputs.log': File exists
 {"logfile": "/home/dtvt_13/duyDUT/logs_dtvt_13/logs0/Job41.log"}
[2026-04-18 01:09:39.123 +0700] [PROCESS] [cadence.virtuoso.ade.gui] - ln: failed to create symbolic link '/home/dtvt_13/simulation/gmIdwl/gmid2/maestro/results/maestro/ExplorerRun.0/1/gmIdwl_gmid2_1/netlist/amps_evaluator.log': File exists
 {"logfile": "/home/dtvt_13/duyDUT/logs_dtvt_13/logs0/Job41.log"}
[2026-04-18 01:09:39.880 +0700] [INFO] [cadence.virtuoso.ade.gui] - Point completed {"history": "ExplorerRun.0", "point": 1, "testname": "gmIdwl_gmid2_1"}
[2026-04-18 01:09:39.890 +0700] [EVENT] [cadence.virtuoso.ade.gui] - HistoryFinished {"history": "ExplorerRun.0", "point": 1, "testname": "gmIdwl_gmid2_1", "event": "HistoryFinished", "EventSource": "ADE GUI", "HistoryName": "ExplorerRun.0"}
[2026-04-18 01:12:30.554 +0700] [EVENT] [cadence.virtuoso.ade.gui] - NewHistoryCreated {"history": "ExplorerRun.0", "point": 1, "testname": "gmIdwl_gmid2_1", "event": "NewHistoryCreated", "EventSource": "ADE GUI", "HistoryName": "ExplorerRun.0", "WorkDir": "/home/dtvt_13/duyDUT", "HistorySimDir": "/home/dtvt_13/simulation/gmIdwl/gmid2/maestro/results/maestro/ExplorerRun.0", "HistoryResultsDir": "/home/dtvt_13/duyDUT/skywater130/gmIdwl/gmid2/maestro/results/maestro"}
[2026-04-18 01:12:30.557 +0700] [PROCESS] [cadence.virtuoso.ade.gui] - History Setup {"hostname": "dtvt_13", "processid": 13079, "history": "ExplorerRun.0", "testname": "gmIdwl_gmid2_1", "point": 1, "logfile": "/home/dtvt_13/duyDUT/logs_dtvt_13/logs0/virtuoso_ade_debug.log", "jobmode": "LSCS", "runmode": "Single Run, Sweeps and Corners", "lib": "gmIdwl", "cell": "gmid2", "view": "maestro", "icversion": "sub-version  IC6.1.8-64b.500.28 ", "runstart": "Sat Apr 18 01:12:30 2026\n", "timezonelocal": "+000", "spectreversion": "unknown", "jobpolicyname": "", "maxjobs": "unknown", "ncjobpolicyname": "", "ncmaxjobs": "unknown", "numtests": "1", "runfinished": "unknown", "runelapsed": "-1", "numcorners": "1"}
[2026-04-18 01:12:31.385 +0700] [INFO] [cadence.virtuoso.ade.gui] - Simulation will use spectre batch mode because the GCC version used by Spectre and Virtuoso are not compatible. {"history": "ExplorerRun.0", "point": 1, "testname": "gmIdwl_gmid2_1", "detailed_message": "", "message_id": "EXPLORER-5024"}
[2026-04-18 01:12:31.410 +0700] [EVENT] [cadence.virtuoso.ade.pointevaluator] - NewPoint {"history": "ExplorerRun.0", "point": 1, "testname": "gmIdwl_gmid2_1", "event": "NewPoint", "EventSource": "ADE GUI", "HistoryName": "ExplorerRun.0", "logFile": "/home/dtvt_13/duyDUT/logs_dtvt_13/logs0/virtuoso_ade_debug.log", "logFileSize": "168838"}
[2026-04-18 01:12:31.410 +0700] [INFO] [cadence.virtuoso.ade.pointevaluator] - Started netlisting {"history": "ExplorerRun.0", "point": 1, "testname": "gmIdwl_gmid2_1"}
[2026-04-18 01:12:31.783 +0700] [INFO] [cadence.virtuoso.ade.pointevaluator] - Finished netlisting {"history": "ExplorerRun.0", "point": 1, "testname": "gmIdwl_gmid2_1"}
[2026-04-18 01:12:31.784 +0700] [INFO] [cadence.virtuoso.ade.pointevaluator] - Submitted {"history": "ExplorerRun.0", "point": 1, "testname": "gmIdwl_gmid2_1"}
[2026-04-18 01:12:54.836 +0700] [PROCESS] [cadence.virtuoso.ade.gui] - ln: failed to create symbolic link '/home/dtvt_13/simulation/gmIdwl/gmid2/maestro/results/maestro/ExplorerRun.0/1/gmIdwl_gmid2_1/netlist/exprOutputs.log': File exists
 {"logfile": "/home/dtvt_13/duyDUT/logs_dtvt_13/logs0/Job41.log"}
[2026-04-18 01:12:54.842 +0700] [PROCESS] [cadence.virtuoso.ade.gui] - ln: failed to create symbolic link '/home/dtvt_13/simulation/gmIdwl/gmid2/maestro/results/maestro/ExplorerRun.0/1/gmIdwl_gmid2_1/netlist/amps_evaluator.log': File exists
 {"logfile": "/home/dtvt_13/duyDUT/logs_dtvt_13/logs0/Job41.log"}
[2026-04-18 01:12:55.879 +0700] [INFO] [cadence.virtuoso.ade.gui] - Point completed {"history": "ExplorerRun.0", "point": 1, "testname": "gmIdwl_gmid2_1"}
[2026-04-18 01:12:55.889 +0700] [EVENT] [cadence.virtuoso.ade.gui] - HistoryFinished {"history": "ExplorerRun.0", "point": 1, "testname": "gmIdwl_gmid2_1", "event": "HistoryFinished", "EventSource": "ADE GUI", "HistoryName": "ExplorerRun.0"}
[2026-04-18 01:22:34.228 +0700] [EVENT] [cadence.virtuoso.ade.gui] - NewHistoryCreated {"history": "ExplorerRun.0", "point": 1, "testname": "gmIdwl_WL_1", "event": "NewHistoryCreated", "EventSource": "ADE GUI", "HistoryName": "ExplorerRun.0", "WorkDir": "/home/dtvt_13/duyDUT", "HistorySimDir": "/home/dtvt_13/simulation/gmIdwl/WL/maestro/results/maestro/ExplorerRun.0", "HistoryResultsDir": "/home/dtvt_13/duyDUT/skywater130/gmIdwl/WL/maestro/results/maestro"}
[2026-04-18 01:22:34.230 +0700] [PROCESS] [cadence.virtuoso.ade.gui] - History Setup {"hostname": "dtvt_13", "processid": 13079, "history": "ExplorerRun.0", "testname": "gmIdwl_WL_1", "point": 1, "logfile": "/home/dtvt_13/duyDUT/logs_dtvt_13/logs0/virtuoso_ade_debug.log", "jobmode": "LSCS", "runmode": "Single Run, Sweeps and Corners", "lib": "gmIdwl", "cell": "WL", "view": "maestro", "icversion": "sub-version  IC6.1.8-64b.500.28 ", "runstart": "Sat Apr 18 01:22:34 2026\n", "timezonelocal": "+000", "spectreversion": "unknown", "jobpolicyname": "", "maxjobs": "unknown", "ncjobpolicyname": "", "ncmaxjobs": "unknown", "numtests": "1", "runfinished": "unknown", "runelapsed": "-1", "numcorners": "1"}
[2026-04-18 01:22:35.084 +0700] [INFO] [cadence.virtuoso.ade.gui] - Simulation will use spectre batch mode because the GCC version used by Spectre and Virtuoso are not compatible. {"history": "ExplorerRun.0", "point": 1, "testname": "gmIdwl_WL_1", "detailed_message": "", "message_id": "EXPLORER-5024"}
[2026-04-18 01:22:35.132 +0700] [EVENT] [cadence.virtuoso.ade.pointevaluator] - NewPoint {"history": "ExplorerRun.0", "point": 1, "testname": "gmIdwl_WL_1", "event": "NewPoint", "EventSource": "ADE GUI", "HistoryName": "ExplorerRun.0", "logFile": "/home/dtvt_13/duyDUT/logs_dtvt_13/logs0/virtuoso_ade_debug.log", "logFileSize": "172155"}
[2026-04-18 01:22:35.133 +0700] [INFO] [cadence.virtuoso.ade.pointevaluator] - Started netlisting {"history": "ExplorerRun.0", "point": 1, "testname": "gmIdwl_WL_1"}
[2026-04-18 01:22:35.699 +0700] [INFO] [cadence.virtuoso.ade.pointevaluator] - Finished netlisting {"history": "ExplorerRun.0", "point": 1, "testname": "gmIdwl_WL_1"}
[2026-04-18 01:22:35.699 +0700] [INFO] [cadence.virtuoso.ade.pointevaluator] - Submitted {"history": "ExplorerRun.0", "point": 1, "testname": "gmIdwl_WL_1"}
[2026-04-18 01:22:39.518 +0700] [PROCESS] [cadence.virtuoso.ade.gui] - /home/dtvt_13/duyDUT/.tmp_dtvt_13/.cmddir0/swiftJob42 is starting {"logfile": "/home/dtvt_13/duyDUT/logs_dtvt_13/logs0/Job42.log"}
[2026-04-18 01:22:39.629 +0700] [PROCESS] [cadence.virtuoso.ade.gui] - Simulation Monitor process '12562' is starting up on host 'dtvt_13' {"logfile": "/home/dtvt_13/duyDUT/logs_dtvt_13/logs0/Job42.log"}
[2026-04-18 01:23:02.483 +0700] [PROCESS] [cadence.virtuoso.ade.gui] - ln: failed to create symbolic link '/home/dtvt_13/simulation/gmIdwl/WL/maestro/results/maestro/ExplorerRun.0/1/gmIdwl_WL_1/netlist/exprOutputs.log': File exists
 {"logfile": "/home/dtvt_13/duyDUT/logs_dtvt_13/logs0/Job42.log"}
[2026-04-18 01:23:02.489 +0700] [PROCESS] [cadence.virtuoso.ade.gui] - ln: failed to create symbolic link '/home/dtvt_13/simulation/gmIdwl/WL/maestro/results/maestro/ExplorerRun.0/1/gmIdwl_WL_1/netlist/amps_evaluator.log': File exists
 {"logfile": "/home/dtvt_13/duyDUT/logs_dtvt_13/logs0/Job42.log"}
[2026-04-18 01:23:03.380 +0700] [INFO] [cadence.virtuoso.ade.gui] - Point completed {"history": "ExplorerRun.0", "point": 1, "testname": "gmIdwl_WL_1"}
[2026-04-18 01:23:03.389 +0700] [EVENT] [cadence.virtuoso.ade.gui] - HistoryFinished {"history": "ExplorerRun.0", "point": 1, "testname": "gmIdwl_WL_1", "event": "HistoryFinished", "EventSource": "ADE GUI", "HistoryName": "ExplorerRun.0"}
[2026-04-18 01:24:13.209 +0700] [EVENT] [cadence.virtuoso.ade.gui] - NewHistoryCreated {"history": "ExplorerRun.0", "point": 1, "testname": "gmIdwl_WL_1", "event": "NewHistoryCreated", "EventSource": "ADE GUI", "HistoryName": "ExplorerRun.0", "WorkDir": "/home/dtvt_13/duyDUT", "HistorySimDir": "/home/dtvt_13/simulation/gmIdwl/WL/maestro/results/maestro/ExplorerRun.0", "HistoryResultsDir": "/home/dtvt_13/duyDUT/skywater130/gmIdwl/WL/maestro/results/maestro"}
[2026-04-18 01:24:13.212 +0700] [PROCESS] [cadence.virtuoso.ade.gui] - History Setup {"hostname": "dtvt_13", "processid": 13079, "history": "ExplorerRun.0", "testname": "gmIdwl_WL_1", "point": 1, "logfile": "/home/dtvt_13/duyDUT/logs_dtvt_13/logs0/virtuoso_ade_debug.log", "jobmode": "LSCS", "runmode": "Single Run, Sweeps and Corners", "lib": "gmIdwl", "cell": "WL", "view": "maestro", "icversion": "sub-version  IC6.1.8-64b.500.28 ", "runstart": "Sat Apr 18 01:24:13 2026\n", "timezonelocal": "+000", "spectreversion": "unknown", "jobpolicyname": "", "maxjobs": "unknown", "ncjobpolicyname": "", "ncmaxjobs": "unknown", "numtests": "1", "runfinished": "unknown", "runelapsed": "-1", "numcorners": "1"}
[2026-04-18 01:24:13.840 +0700] [INFO] [cadence.virtuoso.ade.gui] - Simulation will use spectre batch mode because the GCC version used by Spectre and Virtuoso are not compatible. {"history": "ExplorerRun.0", "point": 1, "testname": "gmIdwl_WL_1", "detailed_message": "", "message_id": "EXPLORER-5024"}
[2026-04-18 01:24:13.867 +0700] [EVENT] [cadence.virtuoso.ade.pointevaluator] - NewPoint {"history": "ExplorerRun.0", "point": 1, "testname": "gmIdwl_WL_1", "event": "NewPoint", "EventSource": "ADE GUI", "HistoryName": "ExplorerRun.0", "logFile": "/home/dtvt_13/duyDUT/logs_dtvt_13/logs0/virtuoso_ade_debug.log", "logFileSize": "175848"}
[2026-04-18 01:24:13.867 +0700] [INFO] [cadence.virtuoso.ade.pointevaluator] - Started netlisting {"history": "ExplorerRun.0", "point": 1, "testname": "gmIdwl_WL_1"}
[2026-04-18 01:24:14.406 +0700] [INFO] [cadence.virtuoso.ade.pointevaluator] - Finished netlisting {"history": "ExplorerRun.0", "point": 1, "testname": "gmIdwl_WL_1"}
[2026-04-18 01:24:14.406 +0700] [INFO] [cadence.virtuoso.ade.pointevaluator] - Submitted {"history": "ExplorerRun.0", "point": 1, "testname": "gmIdwl_WL_1"}
[2026-04-18 01:24:37.538 +0700] [PROCESS] [cadence.virtuoso.ade.gui] - ln: failed to create symbolic link '/home/dtvt_13/simulation/gmIdwl/WL/maestro/results/maestro/ExplorerRun.0/1/gmIdwl_WL_1/netlist/exprOutputs.log': File exists
 {"logfile": "/home/dtvt_13/duyDUT/logs_dtvt_13/logs0/Job42.log"}
[2026-04-18 01:24:37.544 +0700] [PROCESS] [cadence.virtuoso.ade.gui] - ln: failed to create symbolic link '/home/dtvt_13/simulation/gmIdwl/WL/maestro/results/maestro/ExplorerRun.0/1/gmIdwl_WL_1/netlist/amps_evaluator.log': File exists
 {"logfile": "/home/dtvt_13/duyDUT/logs_dtvt_13/logs0/Job42.log"}
[2026-04-18 01:24:38.384 +0700] [INFO] [cadence.virtuoso.ade.gui] - Point completed {"history": "ExplorerRun.0", "point": 1, "testname": "gmIdwl_WL_1"}
[2026-04-18 01:24:38.393 +0700] [EVENT] [cadence.virtuoso.ade.gui] - HistoryFinished {"history": "ExplorerRun.0", "point": 1, "testname": "gmIdwl_WL_1", "event": "HistoryFinished", "EventSource": "ADE GUI", "HistoryName": "ExplorerRun.0"}
[2026-04-18 01:25:05.310 +0700] [EVENT] [cadence.virtuoso.ade.gui] - NewHistoryCreated {"history": "ExplorerRun.0", "point": 1, "testname": "gmIdwl_WL_1", "event": "NewHistoryCreated", "EventSource": "ADE GUI", "HistoryName": "ExplorerRun.0", "WorkDir": "/home/dtvt_13/duyDUT", "HistorySimDir": "/home/dtvt_13/simulation/gmIdwl/WL/maestro/results/maestro/ExplorerRun.0", "HistoryResultsDir": "/home/dtvt_13/duyDUT/skywater130/gmIdwl/WL/maestro/results/maestro"}
[2026-04-18 01:25:05.311 +0700] [PROCESS] [cadence.virtuoso.ade.gui] - History Setup {"hostname": "dtvt_13", "processid": 13079, "history": "ExplorerRun.0", "testname": "gmIdwl_WL_1", "point": 1, "logfile": "/home/dtvt_13/duyDUT/logs_dtvt_13/logs0/virtuoso_ade_debug.log", "jobmode": "LSCS", "runmode": "Single Run, Sweeps and Corners", "lib": "gmIdwl", "cell": "WL", "view": "maestro", "icversion": "sub-version  IC6.1.8-64b.500.28 ", "runstart": "Sat Apr 18 01:25:05 2026\n", "timezonelocal": "+000", "spectreversion": "unknown", "jobpolicyname": "", "maxjobs": "unknown", "ncjobpolicyname": "", "ncmaxjobs": "unknown", "numtests": "1", "runfinished": "unknown", "runelapsed": "-1", "numcorners": "1"}
[2026-04-18 01:25:06.131 +0700] [INFO] [cadence.virtuoso.ade.gui] - Simulation will use spectre batch mode because the GCC version used by Spectre and Virtuoso are not compatible. {"history": "ExplorerRun.0", "point": 1, "testname": "gmIdwl_WL_1", "detailed_message": "", "message_id": "EXPLORER-5024"}
[2026-04-18 01:25:06.150 +0700] [EVENT] [cadence.virtuoso.ade.pointevaluator] - NewPoint {"history": "ExplorerRun.0", "point": 1, "testname": "gmIdwl_WL_1", "event": "NewPoint", "EventSource": "ADE GUI", "HistoryName": "ExplorerRun.0", "logFile": "/home/dtvt_13/duyDUT/logs_dtvt_13/logs0/virtuoso_ade_debug.log", "logFileSize": "179135"}
[2026-04-18 01:25:06.151 +0700] [INFO] [cadence.virtuoso.ade.pointevaluator] - Started netlisting {"history": "ExplorerRun.0", "point": 1, "testname": "gmIdwl_WL_1"}
[2026-04-18 01:25:06.584 +0700] [INFO] [cadence.virtuoso.ade.pointevaluator] - Finished netlisting {"history": "ExplorerRun.0", "point": 1, "testname": "gmIdwl_WL_1"}
[2026-04-18 01:25:06.585 +0700] [INFO] [cadence.virtuoso.ade.pointevaluator] - Submitted {"history": "ExplorerRun.0", "point": 1, "testname": "gmIdwl_WL_1"}
[2026-04-18 01:25:31.249 +0700] [PROCESS] [cadence.virtuoso.ade.gui] - ln: failed to create symbolic link '/home/dtvt_13/simulation/gmIdwl/WL/maestro/results/maestro/ExplorerRun.0/1/gmIdwl_WL_1/netlist/exprOutputs.log': File exists
 {"logfile": "/home/dtvt_13/duyDUT/logs_dtvt_13/logs0/Job42.log"}
[2026-04-18 01:25:31.254 +0700] [PROCESS] [cadence.virtuoso.ade.gui] - ln: failed to create symbolic link '/home/dtvt_13/simulation/gmIdwl/WL/maestro/results/maestro/ExplorerRun.0/1/gmIdwl_WL_1/netlist/amps_evaluator.log': File exists
 {"logfile": "/home/dtvt_13/duyDUT/logs_dtvt_13/logs0/Job42.log"}
[2026-04-18 01:25:32.380 +0700] [INFO] [cadence.virtuoso.ade.gui] - Point completed {"history": "ExplorerRun.0", "point": 1, "testname": "gmIdwl_WL_1"}
[2026-04-18 01:25:32.388 +0700] [EVENT] [cadence.virtuoso.ade.gui] - HistoryFinished {"history": "ExplorerRun.0", "point": 1, "testname": "gmIdwl_WL_1", "event": "HistoryFinished", "EventSource": "ADE GUI", "HistoryName": "ExplorerRun.0"}
[2026-04-18 01:27:26.904 +0700] [EVENT] [cadence.virtuoso.ade.gui] - NewHistoryCreated {"history": "ExplorerRun.0", "point": 1, "testname": "gmIdwl_WL_1", "event": "NewHistoryCreated", "EventSource": "ADE GUI", "HistoryName": "ExplorerRun.0", "WorkDir": "/home/dtvt_13/duyDUT", "HistorySimDir": "/home/dtvt_13/simulation/gmIdwl/WL/maestro/results/maestro/ExplorerRun.0", "HistoryResultsDir": "/home/dtvt_13/duyDUT/skywater130/gmIdwl/WL/maestro/results/maestro"}
[2026-04-18 01:27:26.905 +0700] [PROCESS] [cadence.virtuoso.ade.gui] - History Setup {"hostname": "dtvt_13", "processid": 13079, "history": "ExplorerRun.0", "testname": "gmIdwl_WL_1", "point": 1, "logfile": "/home/dtvt_13/duyDUT/logs_dtvt_13/logs0/virtuoso_ade_debug.log", "jobmode": "LSCS", "runmode": "Single Run, Sweeps and Corners", "lib": "gmIdwl", "cell": "WL", "view": "maestro", "icversion": "sub-version  IC6.1.8-64b.500.28 ", "runstart": "Sat Apr 18 01:27:26 2026\n", "timezonelocal": "+000", "spectreversion": "unknown", "jobpolicyname": "", "maxjobs": "unknown", "ncjobpolicyname": "", "ncmaxjobs": "unknown", "numtests": "1", "runfinished": "unknown", "runelapsed": "-1", "numcorners": "1"}
[2026-04-18 01:27:27.452 +0700] [INFO] [cadence.virtuoso.ade.gui] - Simulation will use spectre batch mode because the GCC version used by Spectre and Virtuoso are not compatible. {"history": "ExplorerRun.0", "point": 1, "testname": "gmIdwl_WL_1", "detailed_message": "", "message_id": "EXPLORER-5024"}
[2026-04-18 01:27:27.515 +0700] [EVENT] [cadence.virtuoso.ade.pointevaluator] - NewPoint {"history": "ExplorerRun.0", "point": 1, "testname": "gmIdwl_WL_1", "event": "NewPoint", "EventSource": "ADE GUI", "HistoryName": "ExplorerRun.0", "logFile": "/home/dtvt_13/duyDUT/logs_dtvt_13/logs0/virtuoso_ade_debug.log", "logFileSize": "182422"}
[2026-04-18 01:27:27.517 +0700] [INFO] [cadence.virtuoso.ade.pointevaluator] - Started netlisting {"history": "ExplorerRun.0", "point": 1, "testname": "gmIdwl_WL_1"}
[2026-04-18 01:27:27.952 +0700] [INFO] [cadence.virtuoso.ade.pointevaluator] - Finished netlisting {"history": "ExplorerRun.0", "point": 1, "testname": "gmIdwl_WL_1"}
[2026-04-18 01:27:27.953 +0700] [INFO] [cadence.virtuoso.ade.pointevaluator] - Submitted {"history": "ExplorerRun.0", "point": 1, "testname": "gmIdwl_WL_1"}
[2026-04-18 01:27:50.494 +0700] [PROCESS] [cadence.virtuoso.ade.gui] - ln: failed to create symbolic link '/home/dtvt_13/simulation/gmIdwl/WL/maestro/results/maestro/ExplorerRun.0/1/gmIdwl_WL_1/netlist/exprOutputs.log': File exists
 {"logfile": "/home/dtvt_13/duyDUT/logs_dtvt_13/logs0/Job42.log"}
[2026-04-18 01:27:50.500 +0700] [PROCESS] [cadence.virtuoso.ade.gui] - ln: failed to create symbolic link '/home/dtvt_13/simulation/gmIdwl/WL/maestro/results/maestro/ExplorerRun.0/1/gmIdwl_WL_1/netlist/amps_evaluator.log': File exists
 {"logfile": "/home/dtvt_13/duyDUT/logs_dtvt_13/logs0/Job42.log"}
[2026-04-18 01:27:51.381 +0700] [INFO] [cadence.virtuoso.ade.gui] - Point completed {"history": "ExplorerRun.0", "point": 1, "testname": "gmIdwl_WL_1"}
[2026-04-18 01:27:51.399 +0700] [EVENT] [cadence.virtuoso.ade.gui] - HistoryFinished {"history": "ExplorerRun.0", "point": 1, "testname": "gmIdwl_WL_1", "event": "HistoryFinished", "EventSource": "ADE GUI", "HistoryName": "ExplorerRun.0"}
[2026-04-18 01:28:00.973 +0700] [PROCESS] [cadence.virtuoso.ade.gui] - Logging Service '7433' stopped with exit code '0' {"logfile": "/home/dtvt_13/duyDUT/logs_dtvt_13/logs0/LoggingService40.log"}
[2026-04-18 01:42:58.362 +0700] [PROCESS] [cadence.virtuoso.ade.gui] - Logging Service '6255' stopped with exit code '0' {"logfile": "/home/dtvt_13/duyDUT/logs_dtvt_13/logs0/LoggingService38.log"}
[2026-04-18 12:26:23.680 +0700] [EVENT] [cadence.virtuoso.ade.gui] - NewHistoryCreated {"history": "ExplorerRun.0", "point": 1, "testname": "gmIdwl_WL_1", "event": "NewHistoryCreated", "EventSource": "ADE GUI", "HistoryName": "ExplorerRun.0", "WorkDir": "/home/dtvt_13/duyDUT", "HistorySimDir": "/home/dtvt_13/simulation/gmIdwl/WL/maestro/results/maestro/ExplorerRun.0", "HistoryResultsDir": "/home/dtvt_13/duyDUT/skywater130/gmIdwl/WL/maestro/results/maestro"}
[2026-04-18 12:26:23.682 +0700] [PROCESS] [cadence.virtuoso.ade.gui] - History Setup {"hostname": "dtvt_13", "processid": 13079, "history": "ExplorerRun.0", "testname": "gmIdwl_WL_1", "point": 1, "logfile": "/home/dtvt_13/duyDUT/logs_dtvt_13/logs0/virtuoso_ade_debug.log", "jobmode": "LSCS", "runmode": "Single Run, Sweeps and Corners", "lib": "gmIdwl", "cell": "WL", "view": "maestro", "icversion": "sub-version  IC6.1.8-64b.500.28 ", "runstart": "Sat Apr 18 12:26:23 2026\n", "timezonelocal": "+000", "spectreversion": "unknown", "jobpolicyname": "", "maxjobs": "unknown", "ncjobpolicyname": "", "ncmaxjobs": "unknown", "numtests": "1", "runfinished": "unknown", "runelapsed": "-1", "numcorners": "1"}
[2026-04-18 12:26:24.277 +0700] [INFO] [cadence.virtuoso.ade.gui] - Simulation will use spectre batch mode because the GCC version used by Spectre and Virtuoso are not compatible. {"history": "ExplorerRun.0", "point": 1, "testname": "gmIdwl_WL_1", "detailed_message": "", "message_id": "EXPLORER-5024"}
[2026-04-18 12:26:24.301 +0700] [EVENT] [cadence.virtuoso.ade.pointevaluator] - NewPoint {"history": "ExplorerRun.0", "point": 1, "testname": "gmIdwl_WL_1", "event": "NewPoint", "EventSource": "ADE GUI", "HistoryName": "ExplorerRun.0", "logFile": "/home/dtvt_13/duyDUT/logs_dtvt_13/logs0/virtuoso_ade_debug.log", "logFileSize": "186103"}
[2026-04-18 12:26:24.302 +0700] [INFO] [cadence.virtuoso.ade.pointevaluator] - Started netlisting {"history": "ExplorerRun.0", "point": 1, "testname": "gmIdwl_WL_1"}
[2026-04-18 12:26:24.800 +0700] [INFO] [cadence.virtuoso.ade.pointevaluator] - Finished netlisting {"history": "ExplorerRun.0", "point": 1, "testname": "gmIdwl_WL_1"}
[2026-04-18 12:26:24.800 +0700] [INFO] [cadence.virtuoso.ade.pointevaluator] - Submitted {"history": "ExplorerRun.0", "point": 1, "testname": "gmIdwl_WL_1"}
[2026-04-18 12:26:29.214 +0700] [PROCESS] [cadence.virtuoso.ade.gui] - /home/dtvt_13/duyDUT/.tmp_dtvt_13/.cmddir0/swiftLoggingService43 is starting {"logfile": "/home/dtvt_13/duyDUT/logs_dtvt_13/logs0/LoggingService43.log"}
[2026-04-18 12:26:29.338 +0700] [PROCESS] [cadence.virtuoso.ade.gui] - /home/dtvt_13/duyDUT/.tmp_dtvt_13/.cmddir0/swiftJob44 is starting {"logfile": "/home/dtvt_13/duyDUT/logs_dtvt_13/logs0/Job44.log"}
[2026-04-18 12:26:29.338 +0700] [PROCESS] [cadence.virtuoso.ade.gui] - Logging Service '7713' is starting up on host 'dtvt_13' {"logfile": "/home/dtvt_13/duyDUT/logs_dtvt_13/logs0/LoggingService43.log"}
[2026-04-18 12:26:29.445 +0700] [PROCESS] [cadence.virtuoso.ade.gui] - Simulation Monitor process '7735' is starting up on host 'dtvt_13' {"logfile": "/home/dtvt_13/duyDUT/logs_dtvt_13/logs0/Job44.log"}
[2026-04-18 12:26:52.014 +0700] [PROCESS] [cadence.virtuoso.ade.gui] - ln: failed to create symbolic link '/home/dtvt_13/simulation/gmIdwl/WL/maestro/results/maestro/ExplorerRun.0/1/gmIdwl_WL_1/netlist/exprOutputs.log': File exists
 {"logfile": "/home/dtvt_13/duyDUT/logs_dtvt_13/logs0/Job44.log"}
[2026-04-18 12:26:52.020 +0700] [PROCESS] [cadence.virtuoso.ade.gui] - ln: failed to create symbolic link '/home/dtvt_13/simulation/gmIdwl/WL/maestro/results/maestro/ExplorerRun.0/1/gmIdwl_WL_1/netlist/amps_evaluator.log': File exists
 {"logfile": "/home/dtvt_13/duyDUT/logs_dtvt_13/logs0/Job44.log"}
[2026-04-18 12:26:52.377 +0700] [INFO] [cadence.virtuoso.ade.gui] - Point completed {"history": "ExplorerRun.0", "point": 1, "testname": "gmIdwl_WL_1"}
[2026-04-18 12:26:52.387 +0700] [EVENT] [cadence.virtuoso.ade.gui] - HistoryFinished {"history": "ExplorerRun.0", "point": 1, "testname": "gmIdwl_WL_1", "event": "HistoryFinished", "EventSource": "ADE GUI", "HistoryName": "ExplorerRun.0"}
[2026-04-18 12:27:20.610 +0700] [EVENT] [cadence.virtuoso.ade.gui] - NewHistoryCreated {"history": "ExplorerRun.0", "point": 1, "testname": "gmIdwl_WL_1", "event": "NewHistoryCreated", "EventSource": "ADE GUI", "HistoryName": "ExplorerRun.0", "WorkDir": "/home/dtvt_13/duyDUT", "HistorySimDir": "/home/dtvt_13/simulation/gmIdwl/WL/maestro/results/maestro/ExplorerRun.0", "HistoryResultsDir": "/home/dtvt_13/duyDUT/skywater130/gmIdwl/WL/maestro/results/maestro"}
[2026-04-18 12:27:20.610 +0700] [PROCESS] [cadence.virtuoso.ade.gui] - History Setup {"hostname": "dtvt_13", "processid": 13079, "history": "ExplorerRun.0", "testname": "gmIdwl_WL_1", "point": 1, "logfile": "/home/dtvt_13/duyDUT/logs_dtvt_13/logs0/virtuoso_ade_debug.log", "jobmode": "LSCS", "runmode": "Single Run, Sweeps and Corners", "lib": "gmIdwl", "cell": "WL", "view": "maestro", "icversion": "sub-version  IC6.1.8-64b.500.28 ", "runstart": "Sat Apr 18 12:27:20 2026\n", "timezonelocal": "+000", "spectreversion": "unknown", "jobpolicyname": "", "maxjobs": "unknown", "ncjobpolicyname": "", "ncmaxjobs": "unknown", "numtests": "1", "runfinished": "unknown", "runelapsed": "-1", "numcorners": "1"}
[2026-04-18 12:27:21.441 +0700] [INFO] [cadence.virtuoso.ade.gui] - Simulation will use spectre batch mode because the GCC version used by Spectre and Virtuoso are not compatible. {"history": "ExplorerRun.0", "point": 1, "testname": "gmIdwl_WL_1", "detailed_message": "", "message_id": "EXPLORER-5024"}
[2026-04-18 12:27:21.464 +0700] [EVENT] [cadence.virtuoso.ade.pointevaluator] - NewPoint {"history": "ExplorerRun.0", "point": 1, "testname": "gmIdwl_WL_1", "event": "NewPoint", "EventSource": "ADE GUI", "HistoryName": "ExplorerRun.0", "logFile": "/home/dtvt_13/duyDUT/logs_dtvt_13/logs0/virtuoso_ade_debug.log", "logFileSize": "190222"}
[2026-04-18 12:27:21.464 +0700] [INFO] [cadence.virtuoso.ade.pointevaluator] - Started netlisting {"history": "ExplorerRun.0", "point": 1, "testname": "gmIdwl_WL_1"}
[2026-04-18 12:27:21.935 +0700] [INFO] [cadence.virtuoso.ade.pointevaluator] - Finished netlisting {"history": "ExplorerRun.0", "point": 1, "testname": "gmIdwl_WL_1"}
[2026-04-18 12:27:21.935 +0700] [INFO] [cadence.virtuoso.ade.pointevaluator] - Submitted {"history": "ExplorerRun.0", "point": 1, "testname": "gmIdwl_WL_1"}
[2026-04-18 12:27:44.465 +0700] [PROCESS] [cadence.virtuoso.ade.gui] - ln: failed to create symbolic link '/home/dtvt_13/simulation/gmIdwl/WL/maestro/results/maestro/ExplorerRun.0/1/gmIdwl_WL_1/netlist/exprOutputs.log': File exists
 {"logfile": "/home/dtvt_13/duyDUT/logs_dtvt_13/logs0/Job44.log"}
[2026-04-18 12:27:44.470 +0700] [PROCESS] [cadence.virtuoso.ade.gui] - ln: failed to create symbolic link '/home/dtvt_13/simulation/gmIdwl/WL/maestro/results/maestro/ExplorerRun.0/1/gmIdwl_WL_1/netlist/amps_evaluator.log': File exists
 {"logfile": "/home/dtvt_13/duyDUT/logs_dtvt_13/logs0/Job44.log"}
[2026-04-18 12:27:45.381 +0700] [INFO] [cadence.virtuoso.ade.gui] - Point completed {"history": "ExplorerRun.0", "point": 1, "testname": "gmIdwl_WL_1"}
[2026-04-18 12:27:45.392 +0700] [EVENT] [cadence.virtuoso.ade.gui] - HistoryFinished {"history": "ExplorerRun.0", "point": 1, "testname": "gmIdwl_WL_1", "event": "HistoryFinished", "EventSource": "ADE GUI", "HistoryName": "ExplorerRun.0"}
[2026-04-18 12:28:57.853 +0700] [EVENT] [cadence.virtuoso.ade.gui] - NewHistoryCreated {"history": "ExplorerRun.0", "point": 1, "testname": "gmIdwl_WL_1", "event": "NewHistoryCreated", "EventSource": "ADE GUI", "HistoryName": "ExplorerRun.0", "WorkDir": "/home/dtvt_13/duyDUT", "HistorySimDir": "/home/dtvt_13/simulation/gmIdwl/WL/maestro/results/maestro/ExplorerRun.0", "HistoryResultsDir": "/home/dtvt_13/duyDUT/skywater130/gmIdwl/WL/maestro/results/maestro"}
[2026-04-18 12:28:57.854 +0700] [PROCESS] [cadence.virtuoso.ade.gui] - History Setup {"hostname": "dtvt_13", "processid": 13079, "history": "ExplorerRun.0", "testname": "gmIdwl_WL_1", "point": 1, "logfile": "/home/dtvt_13/duyDUT/logs_dtvt_13/logs0/virtuoso_ade_debug.log", "jobmode": "LSCS", "runmode": "Single Run, Sweeps and Corners", "lib": "gmIdwl", "cell": "WL", "view": "maestro", "icversion": "sub-version  IC6.1.8-64b.500.28 ", "runstart": "Sat Apr 18 12:28:57 2026\n", "timezonelocal": "+000", "spectreversion": "unknown", "jobpolicyname": "", "maxjobs": "unknown", "ncjobpolicyname": "", "ncmaxjobs": "unknown", "numtests": "1", "runfinished": "unknown", "runelapsed": "-1", "numcorners": "1"}
[2026-04-18 12:28:58.779 +0700] [INFO] [cadence.virtuoso.ade.gui] - Simulation will use spectre batch mode because the GCC version used by Spectre and Virtuoso are not compatible. {"history": "ExplorerRun.0", "point": 1, "testname": "gmIdwl_WL_1", "detailed_message": "", "message_id": "EXPLORER-5024"}
[2026-04-18 12:28:58.804 +0700] [EVENT] [cadence.virtuoso.ade.pointevaluator] - NewPoint {"history": "ExplorerRun.0", "point": 1, "testname": "gmIdwl_WL_1", "event": "NewPoint", "EventSource": "ADE GUI", "HistoryName": "ExplorerRun.0", "logFile": "/home/dtvt_13/duyDUT/logs_dtvt_13/logs0/virtuoso_ade_debug.log", "logFileSize": "193509"}
[2026-04-18 12:28:58.804 +0700] [INFO] [cadence.virtuoso.ade.pointevaluator] - Started netlisting {"history": "ExplorerRun.0", "point": 1, "testname": "gmIdwl_WL_1"}
[2026-04-18 12:28:59.176 +0700] [INFO] [cadence.virtuoso.ade.pointevaluator] - Finished netlisting {"history": "ExplorerRun.0", "point": 1, "testname": "gmIdwl_WL_1"}
[2026-04-18 12:28:59.176 +0700] [INFO] [cadence.virtuoso.ade.pointevaluator] - Submitted {"history": "ExplorerRun.0", "point": 1, "testname": "gmIdwl_WL_1"}
[2026-04-18 12:29:21.320 +0700] [PROCESS] [cadence.virtuoso.ade.gui] - ln: failed to create symbolic link '/home/dtvt_13/simulation/gmIdwl/WL/maestro/results/maestro/ExplorerRun.0/1/gmIdwl_WL_1/netlist/exprOutputs.log': File exists
 {"logfile": "/home/dtvt_13/duyDUT/logs_dtvt_13/logs0/Job44.log"}
[2026-04-18 12:29:21.326 +0700] [PROCESS] [cadence.virtuoso.ade.gui] - ln: failed to create symbolic link '/home/dtvt_13/simulation/gmIdwl/WL/maestro/results/maestro/ExplorerRun.0/1/gmIdwl_WL_1/netlist/amps_evaluator.log': File exists
 {"logfile": "/home/dtvt_13/duyDUT/logs_dtvt_13/logs0/Job44.log"}
[2026-04-18 12:29:22.380 +0700] [INFO] [cadence.virtuoso.ade.gui] - Point completed {"history": "ExplorerRun.0", "point": 1, "testname": "gmIdwl_WL_1"}
[2026-04-18 12:29:22.398 +0700] [EVENT] [cadence.virtuoso.ade.gui] - HistoryFinished {"history": "ExplorerRun.0", "point": 1, "testname": "gmIdwl_WL_1", "event": "HistoryFinished", "EventSource": "ADE GUI", "HistoryName": "ExplorerRun.0"}
[2026-04-18 12:30:08.885 +0700] [EVENT] [cadence.virtuoso.ade.gui] - NewHistoryCreated {"history": "ExplorerRun.0", "point": 1, "testname": "gmIdwl_WL_1", "event": "NewHistoryCreated", "EventSource": "ADE GUI", "HistoryName": "ExplorerRun.0", "WorkDir": "/home/dtvt_13/duyDUT", "HistorySimDir": "/home/dtvt_13/simulation/gmIdwl/WL/maestro/results/maestro/ExplorerRun.0", "HistoryResultsDir": "/home/dtvt_13/duyDUT/skywater130/gmIdwl/WL/maestro/results/maestro"}
[2026-04-18 12:30:08.887 +0700] [PROCESS] [cadence.virtuoso.ade.gui] - History Setup {"hostname": "dtvt_13", "processid": 13079, "history": "ExplorerRun.0", "testname": "gmIdwl_WL_1", "point": 1, "logfile": "/home/dtvt_13/duyDUT/logs_dtvt_13/logs0/virtuoso_ade_debug.log", "jobmode": "LSCS", "runmode": "Single Run, Sweeps and Corners", "lib": "gmIdwl", "cell": "WL", "view": "maestro", "icversion": "sub-version  IC6.1.8-64b.500.28 ", "runstart": "Sat Apr 18 12:30:08 2026\n", "timezonelocal": "+000", "spectreversion": "unknown", "jobpolicyname": "", "maxjobs": "unknown", "ncjobpolicyname": "", "ncmaxjobs": "unknown", "numtests": "1", "runfinished": "unknown", "runelapsed": "-1", "numcorners": "1"}
[2026-04-18 12:30:09.838 +0700] [INFO] [cadence.virtuoso.ade.gui] - Simulation will use spectre batch mode because the GCC version used by Spectre and Virtuoso are not compatible. {"history": "ExplorerRun.0", "point": 1, "testname": "gmIdwl_WL_1", "detailed_message": "", "message_id": "EXPLORER-5024"}
[2026-04-18 12:30:09.867 +0700] [EVENT] [cadence.virtuoso.ade.pointevaluator] - NewPoint {"history": "ExplorerRun.0", "point": 1, "testname": "gmIdwl_WL_1", "event": "NewPoint", "EventSource": "ADE GUI", "HistoryName": "ExplorerRun.0", "logFile": "/home/dtvt_13/duyDUT/logs_dtvt_13/logs0/virtuoso_ade_debug.log", "logFileSize": "196796"}
[2026-04-18 12:30:09.867 +0700] [INFO] [cadence.virtuoso.ade.pointevaluator] - Started netlisting {"history": "ExplorerRun.0", "point": 1, "testname": "gmIdwl_WL_1"}
[2026-04-18 12:30:10.497 +0700] [INFO] [cadence.virtuoso.ade.pointevaluator] - Finished netlisting {"history": "ExplorerRun.0", "point": 1, "testname": "gmIdwl_WL_1"}
[2026-04-18 12:30:10.498 +0700] [INFO] [cadence.virtuoso.ade.pointevaluator] - Submitted {"history": "ExplorerRun.0", "point": 1, "testname": "gmIdwl_WL_1"}
[2026-04-18 12:30:33.540 +0700] [PROCESS] [cadence.virtuoso.ade.gui] - ln: failed to create symbolic link '/home/dtvt_13/simulation/gmIdwl/WL/maestro/results/maestro/ExplorerRun.0/1/gmIdwl_WL_1/netlist/exprOutputs.log': File exists
 {"logfile": "/home/dtvt_13/duyDUT/logs_dtvt_13/logs0/Job44.log"}
[2026-04-18 12:30:33.546 +0700] [PROCESS] [cadence.virtuoso.ade.gui] - ln: failed to create symbolic link '/home/dtvt_13/simulation/gmIdwl/WL/maestro/results/maestro/ExplorerRun.0/1/gmIdwl_WL_1/netlist/amps_evaluator.log': File exists
 {"logfile": "/home/dtvt_13/duyDUT/logs_dtvt_13/logs0/Job44.log"}
[2026-04-18 12:30:34.381 +0700] [INFO] [cadence.virtuoso.ade.gui] - Point completed {"history": "ExplorerRun.0", "point": 1, "testname": "gmIdwl_WL_1"}
[2026-04-18 12:30:34.397 +0700] [EVENT] [cadence.virtuoso.ade.gui] - HistoryFinished {"history": "ExplorerRun.0", "point": 1, "testname": "gmIdwl_WL_1", "event": "HistoryFinished", "EventSource": "ADE GUI", "HistoryName": "ExplorerRun.0"}
[2026-04-18 12:45:40.427 +0700] [PROCESS] [cadence.virtuoso.ade.gui] - Logging Service '7713' stopped with exit code '0' {"logfile": "/home/dtvt_13/duyDUT/logs_dtvt_13/logs0/LoggingService43.log"}
[2026-04-18 14:06:08.234 +0700] [EVENT] [cadence.virtuoso.ade.gui] - NewHistoryCreated {"history": "ExplorerRun.0", "point": 1, "testname": "gmIdwl_WL_1", "event": "NewHistoryCreated", "EventSource": "ADE GUI", "HistoryName": "ExplorerRun.0", "WorkDir": "/home/dtvt_13/duyDUT", "HistorySimDir": "/home/dtvt_13/simulation/gmIdwl/WL/maestro/results/maestro/ExplorerRun.0", "HistoryResultsDir": "/home/dtvt_13/duyDUT/skywater130/gmIdwl/WL/maestro/results/maestro"}
[2026-04-18 14:06:08.236 +0700] [PROCESS] [cadence.virtuoso.ade.gui] - History Setup {"hostname": "dtvt_13", "processid": 13079, "history": "ExplorerRun.0", "testname": "gmIdwl_WL_1", "point": 1, "logfile": "/home/dtvt_13/duyDUT/logs_dtvt_13/logs0/virtuoso_ade_debug.log", "jobmode": "LSCS", "runmode": "Single Run, Sweeps and Corners", "lib": "gmIdwl", "cell": "WL", "view": "maestro", "icversion": "sub-version  IC6.1.8-64b.500.28 ", "runstart": "Sat Apr 18 14:06:08 2026\n", "timezonelocal": "+000", "spectreversion": "unknown", "jobpolicyname": "", "maxjobs": "unknown", "ncjobpolicyname": "", "ncmaxjobs": "unknown", "numtests": "1", "runfinished": "unknown", "runelapsed": "-1", "numcorners": "1"}
[2026-04-18 14:06:09.157 +0700] [INFO] [cadence.virtuoso.ade.gui] - Simulation will use spectre batch mode because the GCC version used by Spectre and Virtuoso are not compatible. {"history": "ExplorerRun.0", "point": 1, "testname": "gmIdwl_WL_1", "detailed_message": "", "message_id": "EXPLORER-5024"}
[2026-04-18 14:06:09.184 +0700] [EVENT] [cadence.virtuoso.ade.pointevaluator] - NewPoint {"history": "ExplorerRun.0", "point": 1, "testname": "gmIdwl_WL_1", "event": "NewPoint", "EventSource": "ADE GUI", "HistoryName": "ExplorerRun.0", "logFile": "/home/dtvt_13/duyDUT/logs_dtvt_13/logs0/virtuoso_ade_debug.log", "logFileSize": "200280"}
[2026-04-18 14:06:09.184 +0700] [INFO] [cadence.virtuoso.ade.pointevaluator] - Started netlisting {"history": "ExplorerRun.0", "point": 1, "testname": "gmIdwl_WL_1"}
[2026-04-18 14:06:09.708 +0700] [INFO] [cadence.virtuoso.ade.pointevaluator] - Finished netlisting {"history": "ExplorerRun.0", "point": 1, "testname": "gmIdwl_WL_1"}
[2026-04-18 14:06:09.709 +0700] [INFO] [cadence.virtuoso.ade.pointevaluator] - Submitted {"history": "ExplorerRun.0", "point": 1, "testname": "gmIdwl_WL_1"}
[2026-04-18 14:06:13.567 +0700] [PROCESS] [cadence.virtuoso.ade.gui] - /home/dtvt_13/duyDUT/.tmp_dtvt_13/.cmddir0/swiftLoggingService45 is starting {"logfile": "/home/dtvt_13/duyDUT/logs_dtvt_13/logs0/LoggingService45.log"}
[2026-04-18 14:06:13.690 +0700] [PROCESS] [cadence.virtuoso.ade.gui] - /home/dtvt_13/duyDUT/.tmp_dtvt_13/.cmddir0/swiftJob46 is starting {"logfile": "/home/dtvt_13/duyDUT/logs_dtvt_13/logs0/Job46.log"}
[2026-04-18 14:06:13.691 +0700] [PROCESS] [cadence.virtuoso.ade.gui] - Logging Service '20728' is starting up on host 'dtvt_13' {"logfile": "/home/dtvt_13/duyDUT/logs_dtvt_13/logs0/LoggingService45.log"}
[2026-04-18 14:06:13.797 +0700] [PROCESS] [cadence.virtuoso.ade.gui] - Simulation Monitor process '20760' is starting up on host 'dtvt_13' {"logfile": "/home/dtvt_13/duyDUT/logs_dtvt_13/logs0/Job46.log"}
[2026-04-18 14:06:36.320 +0700] [PROCESS] [cadence.virtuoso.ade.gui] - ln: failed to create symbolic link '/home/dtvt_13/simulation/gmIdwl/WL/maestro/results/maestro/ExplorerRun.0/1/gmIdwl_WL_1/netlist/exprOutputs.log': File exists
 {"logfile": "/home/dtvt_13/duyDUT/logs_dtvt_13/logs0/Job46.log"}
[2026-04-18 14:06:36.326 +0700] [PROCESS] [cadence.virtuoso.ade.gui] - ln: failed to create symbolic link '/home/dtvt_13/simulation/gmIdwl/WL/maestro/results/maestro/ExplorerRun.0/1/gmIdwl_WL_1/netlist/amps_evaluator.log': File exists
 {"logfile": "/home/dtvt_13/duyDUT/logs_dtvt_13/logs0/Job46.log"}
[2026-04-18 14:06:37.380 +0700] [INFO] [cadence.virtuoso.ade.gui] - Point completed {"history": "ExplorerRun.0", "point": 1, "testname": "gmIdwl_WL_1"}
[2026-04-18 14:06:37.400 +0700] [EVENT] [cadence.virtuoso.ade.gui] - HistoryFinished {"history": "ExplorerRun.0", "point": 1, "testname": "gmIdwl_WL_1", "event": "HistoryFinished", "EventSource": "ADE GUI", "HistoryName": "ExplorerRun.0"}
[2026-04-18 14:09:31.120 +0700] [PROCESS] [cadence.virtuoso.ade.gui] - /home/dtvt_13/duyDUT/.tmp_dtvt_13/.cmddir0/swiftLoggingService47 is starting {"logfile": "/home/dtvt_13/duyDUT/logs_dtvt_13/logs0/LoggingService47.log"}
[2026-04-18 14:09:31.227 +0700] [PROCESS] [cadence.virtuoso.ade.gui] - /home/dtvt_13/duyDUT/.tmp_dtvt_13/.cmddir0/swiftNetlistService48 is starting {"logfile": "/home/dtvt_13/duyDUT/logs_dtvt_13/logs0/Service48.log"}
[2026-04-18 14:09:31.227 +0700] [PROCESS] [cadence.virtuoso.ade.gui] - Logging Service '21870' is starting up on host 'dtvt_13' {"logfile": "/home/dtvt_13/duyDUT/logs_dtvt_13/logs0/LoggingService47.log"}
[2026-04-18 14:09:31.788 +0700] [PROCESS] [cadence.virtuoso.ade.gui] - Netlist Service '21906' is starting up on host 'dtvt_13' {"logfile": "/home/dtvt_13/duyDUT/logs_dtvt_13/logs0/Service48.log"}
[2026-04-18 14:10:14.975 +0700] [EVENT] [cadence.virtuoso.ade.gui] - NewHistoryCreated {"history": "ExplorerRun.0", "event": "NewHistoryCreated", "EventSource": "ADE GUI", "HistoryName": "ExplorerRun.0", "WorkDir": "/home/dtvt_13/duyDUT", "HistorySimDir": "/home/dtvt_13/simulation/mydesign/core/maestro/results/maestro/ExplorerRun.0", "HistoryResultsDir": "/home/dtvt_13/duyDUT/mydesign/core/maestro/results/maestro"}
[2026-04-18 14:10:14.976 +0700] [PROCESS] [cadence.virtuoso.ade.gui] - History Setup {"hostname": "dtvt_13", "processid": 13079, "history": "ExplorerRun.0", "logfile": "/home/dtvt_13/duyDUT/logs_dtvt_13/logs0/virtuoso_ade_debug.log", "jobmode": "LSCS", "runmode": "Single Run, Sweeps and Corners", "lib": "mydesign", "cell": "core", "view": "maestro", "icversion": "sub-version  IC6.1.8-64b.500.28 ", "runstart": "Sat Apr 18 14:10:14 2026\n", "timezonelocal": "+000", "spectreversion": "unknown", "jobpolicyname": "", "maxjobs": "unknown", "ncjobpolicyname": "", "ncmaxjobs": "unknown", "numtests": "1", "runfinished": "unknown", "runelapsed": "-1", "numcorners": "1"}
[2026-04-18 14:10:15.905 +0700] [INFO] [cadence.virtuoso.ade.gui] - Simulation will use spectre batch mode because the GCC version used by Spectre and Virtuoso are not compatible. {"history": "ExplorerRun.0", "testname": "mydesign_core_1", "detailed_message": "", "message_id": "EXPLORER-5024"}
[2026-04-18 14:10:15.928 +0700] [EVENT] [cadence.virtuoso.ade.pointevaluator] - NewPoint {"history": "ExplorerRun.0", "point": 1, "testname": "mydesign_core_1", "event": "NewPoint", "EventSource": "ADE GUI", "HistoryName": "ExplorerRun.0", "logFile": "/home/dtvt_13/duyDUT/logs_dtvt_13/logs0/virtuoso_ade_debug.log", "logFileSize": "205157"}
[2026-04-18 14:10:15.929 +0700] [INFO] [cadence.virtuoso.ade.pointevaluator] - Started netlisting {"history": "ExplorerRun.0", "point": 1, "testname": "mydesign_core_1"}
[2026-04-18 14:10:16.496 +0700] [INFO] [cadence.virtuoso.ade.pointevaluator] - Finished netlisting {"history": "ExplorerRun.0", "point": 1, "testname": "mydesign_core_1"}
[2026-04-18 14:10:16.496 +0700] [INFO] [cadence.virtuoso.ade.pointevaluator] - Submitted {"history": "ExplorerRun.0", "point": 1, "testname": "mydesign_core_1"}
[2026-04-18 14:10:20.419 +0700] [PROCESS] [cadence.virtuoso.ade.gui] - /home/dtvt_13/duyDUT/.tmp_dtvt_13/.cmddir0/swiftJob49 is starting {"logfile": "/home/dtvt_13/duyDUT/logs_dtvt_13/logs0/Job49.log"}
[2026-04-18 14:10:20.529 +0700] [PROCESS] [cadence.virtuoso.ade.gui] - Simulation Monitor process '22862' is starting up on host 'dtvt_13' {"logfile": "/home/dtvt_13/duyDUT/logs_dtvt_13/logs0/Job49.log"}
[2026-04-18 14:10:23.878 +0700] [ERROR] [cadence.virtuoso.ade.gui] - Evaluation error {"history": "ExplorerRun.0", "point": 1, "testname": "mydesign_core_1"}
[2026-04-18 14:10:23.895 +0700] [EVENT] [cadence.virtuoso.ade.gui] - HistoryFinished {"history": "ExplorerRun.0", "point": 1, "testname": "mydesign_core_1", "event": "HistoryFinished", "EventSource": "ADE GUI", "HistoryName": "ExplorerRun.0"}
[2026-04-18 14:10:42.881 +0700] [ERROR] [cadence.virtuoso.ade.gui] - Simulation error {"history": "ExplorerRun.0", "point": 1, "testname": "mydesign_core_1"}
[2026-04-18 14:11:18.787 +0700] [PROCESS] [cadence.virtuoso.ade.gui] - /home/dtvt_13/duyDUT/.tmp_dtvt_13/.cmddir0/swiftLoggingService50 is starting {"logfile": "/home/dtvt_13/duyDUT/logs_dtvt_13/logs0/LoggingService50.log"}
[2026-04-18 14:11:18.894 +0700] [PROCESS] [cadence.virtuoso.ade.gui] - /home/dtvt_13/duyDUT/.tmp_dtvt_13/.cmddir0/swiftNetlistService51 is starting {"logfile": "/home/dtvt_13/duyDUT/logs_dtvt_13/logs0/Service51.log"}
[2026-04-18 14:11:18.895 +0700] [PROCESS] [cadence.virtuoso.ade.gui] - Logging Service '23644' is starting up on host 'dtvt_13' {"logfile": "/home/dtvt_13/duyDUT/logs_dtvt_13/logs0/LoggingService50.log"}
[2026-04-18 14:11:20.013 +0700] [PROCESS] [cadence.virtuoso.ade.gui] - Netlist Service '23683' is starting up on host 'dtvt_13' {"logfile": "/home/dtvt_13/duyDUT/logs_dtvt_13/logs0/Service51.log"}
[2026-04-18 14:12:33.509 +0700] [EVENT] [cadence.virtuoso.ade.gui] - NewHistoryCreated {"history": "ExplorerRun.0", "point": 1, "testname": "mydesign_core_1", "event": "NewHistoryCreated", "EventSource": "ADE GUI", "HistoryName": "ExplorerRun.0", "WorkDir": "/home/dtvt_13/duyDUT", "HistorySimDir": "/home/dtvt_13/simulation/mydesign/core/maestro/results/maestro/ExplorerRun.0", "HistoryResultsDir": "/home/dtvt_13/duyDUT/mydesign/core/maestro/results/maestro"}
[2026-04-18 14:12:33.511 +0700] [PROCESS] [cadence.virtuoso.ade.gui] - History Setup {"hostname": "dtvt_13", "processid": 13079, "history": "ExplorerRun.0", "testname": "mydesign_core_1", "point": 1, "logfile": "/home/dtvt_13/duyDUT/logs_dtvt_13/logs0/virtuoso_ade_debug.log", "jobmode": "LSCS", "runmode": "Single Run, Sweeps and Corners", "lib": "mydesign", "cell": "core", "view": "maestro", "icversion": "sub-version  IC6.1.8-64b.500.28 ", "runstart": "Sat Apr 18 14:12:33 2026\n", "timezonelocal": "+000", "spectreversion": "unknown", "jobpolicyname": "", "maxjobs": "unknown", "ncjobpolicyname": "", "ncmaxjobs": "unknown", "numtests": "1", "runfinished": "unknown", "runelapsed": "-1", "numcorners": "1"}
[2026-04-18 14:12:34.364 +0700] [INFO] [cadence.virtuoso.ade.gui] - Simulation will use spectre batch mode because the GCC version used by Spectre and Virtuoso are not compatible. {"history": "ExplorerRun.0", "point": 1, "testname": "mydesign_core_1", "detailed_message": "", "message_id": "EXPLORER-5024"}
[2026-04-18 14:12:34.455 +0700] [EVENT] [cadence.virtuoso.ade.pointevaluator] - NewPoint {"history": "ExplorerRun.0", "point": 1, "testname": "mydesign_core_1", "event": "NewPoint", "EventSource": "ADE GUI", "HistoryName": "ExplorerRun.0", "logFile": "/home/dtvt_13/duyDUT/logs_dtvt_13/logs0/virtuoso_ade_debug.log", "logFileSize": "209289"}
[2026-04-18 14:12:34.456 +0700] [INFO] [cadence.virtuoso.ade.pointevaluator] - Started netlisting {"history": "ExplorerRun.0", "point": 1, "testname": "mydesign_core_1"}
[2026-04-18 14:12:34.696 +0700] [INFO] [cadence.virtuoso.ade.pointevaluator] - Finished netlisting {"history": "ExplorerRun.0", "point": 1, "testname": "mydesign_core_1"}
[2026-04-18 14:12:34.697 +0700] [INFO] [cadence.virtuoso.ade.pointevaluator] - Submitted {"history": "ExplorerRun.0", "point": 1, "testname": "mydesign_core_1"}
[2026-04-18 14:12:38.879 +0700] [ERROR] [cadence.virtuoso.ade.gui] - Evaluation error {"history": "ExplorerRun.0", "point": 1, "testname": "mydesign_core_1"}
[2026-04-18 14:12:38.896 +0700] [EVENT] [cadence.virtuoso.ade.gui] - HistoryFinished {"history": "ExplorerRun.0", "point": 1, "testname": "mydesign_core_1", "event": "HistoryFinished", "EventSource": "ADE GUI", "HistoryName": "ExplorerRun.0"}
[2026-04-18 14:12:57.876 +0700] [ERROR] [cadence.virtuoso.ade.gui] - Simulation error {"history": "ExplorerRun.0", "point": 1, "testname": "mydesign_core_1"}
[2026-04-18 14:14:46.754 +0700] [PROCESS] [cadence.virtuoso.ade.gui] - Netlist Service '21906' stopped with exit code '0' {"logfile": "/home/dtvt_13/duyDUT/logs_dtvt_13/logs0/Service48.log"}
[2026-04-18 14:16:34.609 +0700] [PROCESS] [cadence.virtuoso.ade.gui] - Netlist Service '23683' stopped with exit code '0' {"logfile": "/home/dtvt_13/duyDUT/logs_dtvt_13/logs0/Service51.log"}
[2026-04-18 14:17:14.091 +0700] [EVENT] [cadence.virtuoso.ade.gui] - NewHistoryCreated {"history": "ExplorerRun.0", "point": 1, "testname": "mydesign_core_1", "event": "NewHistoryCreated", "EventSource": "ADE GUI", "HistoryName": "ExplorerRun.0", "WorkDir": "/home/dtvt_13/duyDUT", "HistorySimDir": "/home/dtvt_13/simulation/mydesign/core/maestro/results/maestro/ExplorerRun.0", "HistoryResultsDir": "/home/dtvt_13/duyDUT/mydesign/core/maestro/results/maestro"}
[2026-04-18 14:17:14.093 +0700] [PROCESS] [cadence.virtuoso.ade.gui] - History Setup {"hostname": "dtvt_13", "processid": 13079, "history": "ExplorerRun.0", "testname": "mydesign_core_1", "point": 1, "logfile": "/home/dtvt_13/duyDUT/logs_dtvt_13/logs0/virtuoso_ade_debug.log", "jobmode": "LSCS", "runmode": "Single Run, Sweeps and Corners", "lib": "mydesign", "cell": "core", "view": "maestro", "icversion": "sub-version  IC6.1.8-64b.500.28 ", "runstart": "Sat Apr 18 14:17:14 2026\n", "timezonelocal": "+000", "spectreversion": "unknown", "jobpolicyname": "", "maxjobs": "unknown", "ncjobpolicyname": "", "ncmaxjobs": "unknown", "numtests": "1", "runfinished": "unknown", "runelapsed": "-1", "numcorners": "1"}
[2026-04-18 14:17:15.046 +0700] [INFO] [cadence.virtuoso.ade.gui] - Simulation will use spectre batch mode because the GCC version used by Spectre and Virtuoso are not compatible. {"history": "ExplorerRun.0", "point": 1, "testname": "mydesign_core_1", "detailed_message": "", "message_id": "EXPLORER-5024"}
[2026-04-18 14:17:15.130 +0700] [EVENT] [cadence.virtuoso.ade.pointevaluator] - NewPoint {"history": "ExplorerRun.0", "point": 1, "testname": "mydesign_core_1", "event": "NewPoint", "EventSource": "ADE GUI", "HistoryName": "ExplorerRun.0", "logFile": "/home/dtvt_13/duyDUT/logs_dtvt_13/logs0/virtuoso_ade_debug.log", "logFileSize": "212555"}
[2026-04-18 14:17:15.131 +0700] [INFO] [cadence.virtuoso.ade.pointevaluator] - Started netlisting {"history": "ExplorerRun.0", "point": 1, "testname": "mydesign_core_1"}
[2026-04-18 14:17:15.677 +0700] [INFO] [cadence.virtuoso.ade.pointevaluator] - Finished netlisting {"history": "ExplorerRun.0", "point": 1, "testname": "mydesign_core_1"}
[2026-04-18 14:17:15.677 +0700] [INFO] [cadence.virtuoso.ade.pointevaluator] - Submitted {"history": "ExplorerRun.0", "point": 1, "testname": "mydesign_core_1"}
[2026-04-18 14:17:54.623 +0700] [PROCESS] [cadence.virtuoso.ade.gui] - ln: failed to create symbolic link '/home/dtvt_13/simulation/mydesign/core/maestro/results/maestro/ExplorerRun.0/1/mydesign_core_1/netlist/exprOutputs.log': File exists
 {"logfile": "/home/dtvt_13/duyDUT/logs_dtvt_13/logs0/Job49.log"}
[2026-04-18 14:17:54.629 +0700] [PROCESS] [cadence.virtuoso.ade.gui] - ln: failed to create symbolic link '/home/dtvt_13/simulation/mydesign/core/maestro/results/maestro/ExplorerRun.0/1/mydesign_core_1/netlist/amps_evaluator.log': File exists
 {"logfile": "/home/dtvt_13/duyDUT/logs_dtvt_13/logs0/Job49.log"}
[2026-04-18 14:17:56.877 +0700] [INFO] [cadence.virtuoso.ade.gui] - Point completed {"history": "ExplorerRun.0", "point": 1, "testname": "mydesign_core_1"}
[2026-04-18 14:17:56.887 +0700] [EVENT] [cadence.virtuoso.ade.gui] - HistoryFinished {"history": "ExplorerRun.0", "point": 1, "testname": "mydesign_core_1", "event": "HistoryFinished", "EventSource": "ADE GUI", "HistoryName": "ExplorerRun.0"}
[2026-04-18 14:21:44.132 +0700] [PROCESS] [cadence.virtuoso.ade.gui] - Logging Service '20728' stopped with exit code '0' {"logfile": "/home/dtvt_13/duyDUT/logs_dtvt_13/logs0/LoggingService45.log"}
[2026-04-18 14:22:27.500 +0700] [EVENT] [cadence.virtuoso.ade.gui] - NewHistoryCreated {"history": "ExplorerRun.0", "point": 1, "testname": "mydesign_core_1", "event": "NewHistoryCreated", "EventSource": "ADE GUI", "HistoryName": "ExplorerRun.0", "WorkDir": "/home/dtvt_13/duyDUT", "HistorySimDir": "/home/dtvt_13/simulation/mydesign/core/maestro/results/maestro/ExplorerRun.0", "HistoryResultsDir": "/home/dtvt_13/duyDUT/mydesign/core/maestro/results/maestro"}
[2026-04-18 14:22:27.503 +0700] [PROCESS] [cadence.virtuoso.ade.gui] - History Setup {"hostname": "dtvt_13", "processid": 13079, "history": "ExplorerRun.0", "testname": "mydesign_core_1", "point": 1, "logfile": "/home/dtvt_13/duyDUT/logs_dtvt_13/logs0/virtuoso_ade_debug.log", "jobmode": "LSCS", "runmode": "Single Run, Sweeps and Corners", "lib": "mydesign", "cell": "core", "view": "maestro", "icversion": "sub-version  IC6.1.8-64b.500.28 ", "runstart": "Sat Apr 18 14:22:27 2026\n", "timezonelocal": "+000", "spectreversion": "unknown", "jobpolicyname": "", "maxjobs": "unknown", "ncjobpolicyname": "", "ncmaxjobs": "unknown", "numtests": "1", "runfinished": "unknown", "runelapsed": "-1", "numcorners": "1"}
[2026-04-18 14:22:28.482 +0700] [INFO] [cadence.virtuoso.ade.gui] - Simulation will use spectre batch mode because the GCC version used by Spectre and Virtuoso are not compatible. {"history": "ExplorerRun.0", "point": 1, "testname": "mydesign_core_1", "detailed_message": "", "message_id": "EXPLORER-5024"}
[2026-04-18 14:22:28.510 +0700] [EVENT] [cadence.virtuoso.ade.pointevaluator] - NewPoint {"history": "ExplorerRun.0", "point": 1, "testname": "mydesign_core_1", "event": "NewPoint", "EventSource": "ADE GUI", "HistoryName": "ExplorerRun.0", "logFile": "/home/dtvt_13/duyDUT/logs_dtvt_13/logs0/virtuoso_ade_debug.log", "logFileSize": "216092"}
[2026-04-18 14:22:28.510 +0700] [INFO] [cadence.virtuoso.ade.pointevaluator] - Started netlisting {"history": "ExplorerRun.0", "point": 1, "testname": "mydesign_core_1"}
[2026-04-18 14:22:29.014 +0700] [INFO] [cadence.virtuoso.ade.pointevaluator] - Finished netlisting {"history": "ExplorerRun.0", "point": 1, "testname": "mydesign_core_1"}
[2026-04-18 14:22:29.015 +0700] [INFO] [cadence.virtuoso.ade.pointevaluator] - Submitted {"history": "ExplorerRun.0", "point": 1, "testname": "mydesign_core_1"}
[2026-04-18 14:22:51.667 +0700] [PROCESS] [cadence.virtuoso.ade.gui] - ln: failed to create symbolic link '/home/dtvt_13/simulation/mydesign/core/maestro/results/maestro/ExplorerRun.0/1/mydesign_core_1/netlist/exprOutputs.log': File exists
 {"logfile": "/home/dtvt_13/duyDUT/logs_dtvt_13/logs0/Job49.log"}
[2026-04-18 14:22:51.673 +0700] [PROCESS] [cadence.virtuoso.ade.gui] - ln: failed to create symbolic link '/home/dtvt_13/simulation/mydesign/core/maestro/results/maestro/ExplorerRun.0/1/mydesign_core_1/netlist/amps_evaluator.log': File exists
 {"logfile": "/home/dtvt_13/duyDUT/logs_dtvt_13/logs0/Job49.log"}
[2026-04-18 14:22:52.881 +0700] [INFO] [cadence.virtuoso.ade.gui] - Point completed {"history": "ExplorerRun.0", "point": 1, "testname": "mydesign_core_1"}
[2026-04-18 14:22:52.892 +0700] [EVENT] [cadence.virtuoso.ade.gui] - HistoryFinished {"history": "ExplorerRun.0", "point": 1, "testname": "mydesign_core_1", "event": "HistoryFinished", "EventSource": "ADE GUI", "HistoryName": "ExplorerRun.0"}
[2026-04-18 14:23:51.987 +0700] [EVENT] [cadence.virtuoso.ade.gui] - NewHistoryCreated {"history": "ExplorerRun.0", "point": 1, "testname": "mydesign_core_1", "event": "NewHistoryCreated", "EventSource": "ADE GUI", "HistoryName": "ExplorerRun.0", "WorkDir": "/home/dtvt_13/duyDUT", "HistorySimDir": "/home/dtvt_13/simulation/mydesign/core/maestro/results/maestro/ExplorerRun.0", "HistoryResultsDir": "/home/dtvt_13/duyDUT/mydesign/core/maestro/results/maestro"}
[2026-04-18 14:23:51.990 +0700] [PROCESS] [cadence.virtuoso.ade.gui] - History Setup {"hostname": "dtvt_13", "processid": 13079, "history": "ExplorerRun.0", "testname": "mydesign_core_1", "point": 1, "logfile": "/home/dtvt_13/duyDUT/logs_dtvt_13/logs0/virtuoso_ade_debug.log", "jobmode": "LSCS", "runmode": "Single Run, Sweeps and Corners", "lib": "mydesign", "cell": "core", "view": "maestro", "icversion": "sub-version  IC6.1.8-64b.500.28 ", "runstart": "Sat Apr 18 14:23:51 2026\n", "timezonelocal": "+000", "spectreversion": "unknown", "jobpolicyname": "", "maxjobs": "unknown", "ncjobpolicyname": "", "ncmaxjobs": "unknown", "numtests": "1", "runfinished": "unknown", "runelapsed": "-1", "numcorners": "1"}
[2026-04-18 14:23:52.618 +0700] [INFO] [cadence.virtuoso.ade.gui] - Simulation will use spectre batch mode because the GCC version used by Spectre and Virtuoso are not compatible. {"history": "ExplorerRun.0", "point": 1, "testname": "mydesign_core_1", "detailed_message": "", "message_id": "EXPLORER-5024"}
[2026-04-18 14:23:52.639 +0700] [EVENT] [cadence.virtuoso.ade.pointevaluator] - NewPoint {"history": "ExplorerRun.0", "point": 1, "testname": "mydesign_core_1", "event": "NewPoint", "EventSource": "ADE GUI", "HistoryName": "ExplorerRun.0", "logFile": "/home/dtvt_13/duyDUT/logs_dtvt_13/logs0/virtuoso_ade_debug.log", "logFileSize": "219431"}
[2026-04-18 14:23:52.640 +0700] [INFO] [cadence.virtuoso.ade.pointevaluator] - Started netlisting {"history": "ExplorerRun.0", "point": 1, "testname": "mydesign_core_1"}
[2026-04-18 14:23:53.181 +0700] [INFO] [cadence.virtuoso.ade.pointevaluator] - Finished netlisting {"history": "ExplorerRun.0", "point": 1, "testname": "mydesign_core_1"}
[2026-04-18 14:23:53.181 +0700] [INFO] [cadence.virtuoso.ade.pointevaluator] - Submitted {"history": "ExplorerRun.0", "point": 1, "testname": "mydesign_core_1"}
[2026-04-18 14:24:15.726 +0700] [PROCESS] [cadence.virtuoso.ade.gui] - ln: failed to create symbolic link '/home/dtvt_13/simulation/mydesign/core/maestro/results/maestro/ExplorerRun.0/1/mydesign_core_1/netlist/exprOutputs.log': File exists
 {"logfile": "/home/dtvt_13/duyDUT/logs_dtvt_13/logs0/Job49.log"}
[2026-04-18 14:24:15.733 +0700] [PROCESS] [cadence.virtuoso.ade.gui] - ln: failed to create symbolic link '/home/dtvt_13/simulation/mydesign/core/maestro/results/maestro/ExplorerRun.0/1/mydesign_core_1/netlist/amps_evaluator.log': File exists
 {"logfile": "/home/dtvt_13/duyDUT/logs_dtvt_13/logs0/Job49.log"}
[2026-04-18 14:24:16.879 +0700] [INFO] [cadence.virtuoso.ade.gui] - Point completed {"history": "ExplorerRun.0", "point": 1, "testname": "mydesign_core_1"}
[2026-04-18 14:24:16.888 +0700] [EVENT] [cadence.virtuoso.ade.gui] - HistoryFinished {"history": "ExplorerRun.0", "point": 1, "testname": "mydesign_core_1", "event": "HistoryFinished", "EventSource": "ADE GUI", "HistoryName": "ExplorerRun.0"}
[2026-04-18 14:26:05.346 +0700] [EVENT] [cadence.virtuoso.ade.gui] - NewHistoryCreated {"history": "ExplorerRun.0", "point": 1, "testname": "mydesign_core_1", "event": "NewHistoryCreated", "EventSource": "ADE GUI", "HistoryName": "ExplorerRun.0", "WorkDir": "/home/dtvt_13/duyDUT", "HistorySimDir": "/home/dtvt_13/simulation/mydesign/core/maestro/results/maestro/ExplorerRun.0", "HistoryResultsDir": "/home/dtvt_13/duyDUT/mydesign/core/maestro/results/maestro"}
[2026-04-18 14:26:05.349 +0700] [PROCESS] [cadence.virtuoso.ade.gui] - History Setup {"hostname": "dtvt_13", "processid": 13079, "history": "ExplorerRun.0", "testname": "mydesign_core_1", "point": 1, "logfile": "/home/dtvt_13/duyDUT/logs_dtvt_13/logs0/virtuoso_ade_debug.log", "jobmode": "LSCS", "runmode": "Single Run, Sweeps and Corners", "lib": "mydesign", "cell": "core", "view": "maestro", "icversion": "sub-version  IC6.1.8-64b.500.28 ", "runstart": "Sat Apr 18 14:26:05 2026\n", "timezonelocal": "+000", "spectreversion": "unknown", "jobpolicyname": "", "maxjobs": "unknown", "ncjobpolicyname": "", "ncmaxjobs": "unknown", "numtests": "1", "runfinished": "unknown", "runelapsed": "-1", "numcorners": "1"}
[2026-04-18 14:26:05.994 +0700] [INFO] [cadence.virtuoso.ade.gui] - Simulation will use spectre batch mode because the GCC version used by Spectre and Virtuoso are not compatible. {"history": "ExplorerRun.0", "point": 1, "testname": "mydesign_core_1", "detailed_message": "", "message_id": "EXPLORER-5024"}
[2026-04-18 14:26:06.018 +0700] [EVENT] [cadence.virtuoso.ade.pointevaluator] - NewPoint {"history": "ExplorerRun.0", "point": 1, "testname": "mydesign_core_1", "event": "NewPoint", "EventSource": "ADE GUI", "HistoryName": "ExplorerRun.0", "logFile": "/home/dtvt_13/duyDUT/logs_dtvt_13/logs0/virtuoso_ade_debug.log", "logFileSize": "222770"}
[2026-04-18 14:26:06.019 +0700] [INFO] [cadence.virtuoso.ade.pointevaluator] - Started netlisting {"history": "ExplorerRun.0", "point": 1, "testname": "mydesign_core_1"}
[2026-04-18 14:26:06.539 +0700] [INFO] [cadence.virtuoso.ade.pointevaluator] - Finished netlisting {"history": "ExplorerRun.0", "point": 1, "testname": "mydesign_core_1"}
[2026-04-18 14:26:06.539 +0700] [INFO] [cadence.virtuoso.ade.pointevaluator] - Submitted {"history": "ExplorerRun.0", "point": 1, "testname": "mydesign_core_1"}
[2026-04-18 14:26:29.168 +0700] [PROCESS] [cadence.virtuoso.ade.gui] - ln: failed to create symbolic link '/home/dtvt_13/simulation/mydesign/core/maestro/results/maestro/ExplorerRun.0/1/mydesign_core_1/netlist/exprOutputs.log': File exists
 {"logfile": "/home/dtvt_13/duyDUT/logs_dtvt_13/logs0/Job49.log"}
[2026-04-18 14:26:29.174 +0700] [PROCESS] [cadence.virtuoso.ade.gui] - ln: failed to create symbolic link '/home/dtvt_13/simulation/mydesign/core/maestro/results/maestro/ExplorerRun.0/1/mydesign_core_1/netlist/amps_evaluator.log': File exists
 {"logfile": "/home/dtvt_13/duyDUT/logs_dtvt_13/logs0/Job49.log"}
[2026-04-18 14:26:29.882 +0700] [INFO] [cadence.virtuoso.ade.gui] - Point completed {"history": "ExplorerRun.0", "point": 1, "testname": "mydesign_core_1"}
[2026-04-18 14:26:29.900 +0700] [EVENT] [cadence.virtuoso.ade.gui] - HistoryFinished {"history": "ExplorerRun.0", "point": 1, "testname": "mydesign_core_1", "event": "HistoryFinished", "EventSource": "ADE GUI", "HistoryName": "ExplorerRun.0"}
[2026-04-18 14:27:10.077 +0700] [EVENT] [cadence.virtuoso.ade.gui] - NewHistoryCreated {"history": "ExplorerRun.0", "point": 1, "testname": "mydesign_core_1", "event": "NewHistoryCreated", "EventSource": "ADE GUI", "HistoryName": "ExplorerRun.0", "WorkDir": "/home/dtvt_13/duyDUT", "HistorySimDir": "/home/dtvt_13/simulation/mydesign/core/maestro/results/maestro/ExplorerRun.0", "HistoryResultsDir": "/home/dtvt_13/duyDUT/mydesign/core/maestro/results/maestro"}
[2026-04-18 14:27:10.079 +0700] [PROCESS] [cadence.virtuoso.ade.gui] - History Setup {"hostname": "dtvt_13", "processid": 13079, "history": "ExplorerRun.0", "testname": "mydesign_core_1", "point": 1, "logfile": "/home/dtvt_13/duyDUT/logs_dtvt_13/logs0/virtuoso_ade_debug.log", "jobmode": "LSCS", "runmode": "Single Run, Sweeps and Corners", "lib": "mydesign", "cell": "core", "view": "maestro", "icversion": "sub-version  IC6.1.8-64b.500.28 ", "runstart": "Sat Apr 18 14:27:10 2026\n", "timezonelocal": "+000", "spectreversion": "unknown", "jobpolicyname": "", "maxjobs": "unknown", "ncjobpolicyname": "", "ncmaxjobs": "unknown", "numtests": "1", "runfinished": "unknown", "runelapsed": "-1", "numcorners": "1"}
[2026-04-18 14:27:10.625 +0700] [INFO] [cadence.virtuoso.ade.gui] - Simulation will use spectre batch mode because the GCC version used by Spectre and Virtuoso are not compatible. {"history": "ExplorerRun.0", "point": 1, "testname": "mydesign_core_1", "detailed_message": "", "message_id": "EXPLORER-5024"}
[2026-04-18 14:27:10.645 +0700] [EVENT] [cadence.virtuoso.ade.pointevaluator] - NewPoint {"history": "ExplorerRun.0", "point": 1, "testname": "mydesign_core_1", "event": "NewPoint", "EventSource": "ADE GUI", "HistoryName": "ExplorerRun.0", "logFile": "/home/dtvt_13/duyDUT/logs_dtvt_13/logs0/virtuoso_ade_debug.log", "logFileSize": "226109"}
[2026-04-18 14:27:10.645 +0700] [INFO] [cadence.virtuoso.ade.pointevaluator] - Started netlisting {"history": "ExplorerRun.0", "point": 1, "testname": "mydesign_core_1"}
[2026-04-18 14:27:11.185 +0700] [INFO] [cadence.virtuoso.ade.pointevaluator] - Finished netlisting {"history": "ExplorerRun.0", "point": 1, "testname": "mydesign_core_1"}
[2026-04-18 14:27:11.185 +0700] [INFO] [cadence.virtuoso.ade.pointevaluator] - Submitted {"history": "ExplorerRun.0", "point": 1, "testname": "mydesign_core_1"}
[2026-04-18 14:27:32.723 +0700] [PROCESS] [cadence.virtuoso.ade.gui] - ln: failed to create symbolic link '/home/dtvt_13/simulation/mydesign/core/maestro/results/maestro/ExplorerRun.0/1/mydesign_core_1/netlist/exprOutputs.log': File exists
 {"logfile": "/home/dtvt_13/duyDUT/logs_dtvt_13/logs0/Job49.log"}
[2026-04-18 14:27:32.729 +0700] [PROCESS] [cadence.virtuoso.ade.gui] - ln: failed to create symbolic link '/home/dtvt_13/simulation/mydesign/core/maestro/results/maestro/ExplorerRun.0/1/mydesign_core_1/netlist/amps_evaluator.log': File exists
 {"logfile": "/home/dtvt_13/duyDUT/logs_dtvt_13/logs0/Job49.log"}
[2026-04-18 14:27:33.881 +0700] [INFO] [cadence.virtuoso.ade.gui] - Point completed {"history": "ExplorerRun.0", "point": 1, "testname": "mydesign_core_1"}
[2026-04-18 14:27:33.889 +0700] [EVENT] [cadence.virtuoso.ade.gui] - HistoryFinished {"history": "ExplorerRun.0", "point": 1, "testname": "mydesign_core_1", "event": "HistoryFinished", "EventSource": "ADE GUI", "HistoryName": "ExplorerRun.0"}
[2026-04-18 14:37:38.049 +0700] [PROCESS] [cadence.virtuoso.ade.gui] - Logging Service '23644' stopped with exit code '0' {"logfile": "/home/dtvt_13/duyDUT/logs_dtvt_13/logs0/LoggingService50.log"}
[2026-04-18 14:38:21.292 +0700] [EVENT] [cadence.virtuoso.ade.gui] - NewHistoryCreated {"history": "ExplorerRun.0", "point": 1, "testname": "mydesign_core_1", "event": "NewHistoryCreated", "EventSource": "ADE GUI", "HistoryName": "ExplorerRun.0", "WorkDir": "/home/dtvt_13/duyDUT", "HistorySimDir": "/home/dtvt_13/simulation/mydesign/core/maestro/results/maestro/ExplorerRun.0", "HistoryResultsDir": "/home/dtvt_13/duyDUT/mydesign/core/maestro/results/maestro"}
[2026-04-18 14:38:21.295 +0700] [PROCESS] [cadence.virtuoso.ade.gui] - History Setup {"hostname": "dtvt_13", "processid": 13079, "history": "ExplorerRun.0", "testname": "mydesign_core_1", "point": 1, "logfile": "/home/dtvt_13/duyDUT/logs_dtvt_13/logs0/virtuoso_ade_debug.log", "jobmode": "LSCS", "runmode": "Single Run, Sweeps and Corners", "lib": "mydesign", "cell": "core", "view": "maestro", "icversion": "sub-version  IC6.1.8-64b.500.28 ", "runstart": "Sat Apr 18 14:38:21 2026\n", "timezonelocal": "+000", "spectreversion": "unknown", "jobpolicyname": "", "maxjobs": "unknown", "ncjobpolicyname": "", "ncmaxjobs": "unknown", "numtests": "1", "runfinished": "unknown", "runelapsed": "-1", "numcorners": "1"}
[2026-04-18 14:38:22.224 +0700] [INFO] [cadence.virtuoso.ade.gui] - Simulation will use spectre batch mode because the GCC version used by Spectre and Virtuoso are not compatible. {"history": "ExplorerRun.0", "point": 1, "testname": "mydesign_core_1", "detailed_message": "", "message_id": "EXPLORER-5024"}
[2026-04-18 14:38:22.248 +0700] [EVENT] [cadence.virtuoso.ade.pointevaluator] - NewPoint {"history": "ExplorerRun.0", "point": 1, "testname": "mydesign_core_1", "event": "NewPoint", "EventSource": "ADE GUI", "HistoryName": "ExplorerRun.0", "logFile": "/home/dtvt_13/duyDUT/logs_dtvt_13/logs0/virtuoso_ade_debug.log", "logFileSize": "229646"}
[2026-04-18 14:38:22.248 +0700] [INFO] [cadence.virtuoso.ade.pointevaluator] - Started netlisting {"history": "ExplorerRun.0", "point": 1, "testname": "mydesign_core_1"}
[2026-04-18 14:38:22.746 +0700] [INFO] [cadence.virtuoso.ade.pointevaluator] - Finished netlisting {"history": "ExplorerRun.0", "point": 1, "testname": "mydesign_core_1"}
[2026-04-18 14:38:22.746 +0700] [INFO] [cadence.virtuoso.ade.pointevaluator] - Submitted {"history": "ExplorerRun.0", "point": 1, "testname": "mydesign_core_1"}
[2026-04-18 14:38:27.173 +0700] [PROCESS] [cadence.virtuoso.ade.gui] - /home/dtvt_13/duyDUT/.tmp_dtvt_13/.cmddir0/swiftJob52 is starting {"logfile": "/home/dtvt_13/duyDUT/logs_dtvt_13/logs0/Job52.log"}
[2026-04-18 14:38:27.282 +0700] [PROCESS] [cadence.virtuoso.ade.gui] - Simulation Monitor process '4348' is starting up on host 'dtvt_13' {"logfile": "/home/dtvt_13/duyDUT/logs_dtvt_13/logs0/Job52.log"}
[2026-04-18 14:38:50.038 +0700] [PROCESS] [cadence.virtuoso.ade.gui] - ln: failed to create symbolic link '/home/dtvt_13/simulation/mydesign/core/maestro/results/maestro/ExplorerRun.0/1/mydesign_core_1/netlist/exprOutputs.log': File exists
 {"logfile": "/home/dtvt_13/duyDUT/logs_dtvt_13/logs0/Job52.log"}
[2026-04-18 14:38:50.045 +0700] [PROCESS] [cadence.virtuoso.ade.gui] - ln: failed to create symbolic link '/home/dtvt_13/simulation/mydesign/core/maestro/results/maestro/ExplorerRun.0/1/mydesign_core_1/netlist/amps_evaluator.log': File exists
 {"logfile": "/home/dtvt_13/duyDUT/logs_dtvt_13/logs0/Job52.log"}
[2026-04-18 14:38:50.882 +0700] [INFO] [cadence.virtuoso.ade.gui] - Point completed {"history": "ExplorerRun.0", "point": 1, "testname": "mydesign_core_1"}
[2026-04-18 14:38:50.890 +0700] [EVENT] [cadence.virtuoso.ade.gui] - HistoryFinished {"history": "ExplorerRun.0", "point": 1, "testname": "mydesign_core_1", "event": "HistoryFinished", "EventSource": "ADE GUI", "HistoryName": "ExplorerRun.0"}
[2026-04-18 14:53:59.191 +0700] [PROCESS] [cadence.virtuoso.ade.gui] - Logging Service '21870' stopped with exit code '0' {"logfile": "/home/dtvt_13/duyDUT/logs_dtvt_13/logs0/LoggingService47.log"}
[2026-04-18 20:26:04.491 +0700] [EVENT] [cadence.virtuoso.ade.gui] - NewHistoryCreated {"history": "ExplorerRun.0", "point": 1, "testname": "mydesign_core_1", "event": "NewHistoryCreated", "EventSource": "ADE GUI", "HistoryName": "ExplorerRun.0", "WorkDir": "/home/dtvt_13/duyDUT", "HistorySimDir": "/home/dtvt_13/simulation/mydesign/core/maestro/results/maestro/ExplorerRun.0", "HistoryResultsDir": "/home/dtvt_13/duyDUT/mydesign/core/maestro/results/maestro"}
[2026-04-18 20:26:04.493 +0700] [PROCESS] [cadence.virtuoso.ade.gui] - History Setup {"hostname": "dtvt_13", "processid": 13079, "history": "ExplorerRun.0", "testname": "mydesign_core_1", "point": 1, "logfile": "/home/dtvt_13/duyDUT/logs_dtvt_13/logs0/virtuoso_ade_debug.log", "jobmode": "LSCS", "runmode": "Single Run, Sweeps and Corners", "lib": "mydesign", "cell": "core", "view": "maestro", "icversion": "sub-version  IC6.1.8-64b.500.28 ", "runstart": "Sat Apr 18 20:26:04 2026\n", "timezonelocal": "+000", "spectreversion": "unknown", "jobpolicyname": "", "maxjobs": "unknown", "ncjobpolicyname": "", "ncmaxjobs": "unknown", "numtests": "1", "runfinished": "unknown", "runelapsed": "-1", "numcorners": "1"}
[2026-04-18 20:26:05.436 +0700] [INFO] [cadence.virtuoso.ade.gui] - Simulation will use spectre batch mode because the GCC version used by Spectre and Virtuoso are not compatible. {"history": "ExplorerRun.0", "point": 1, "testname": "mydesign_core_1", "detailed_message": "", "message_id": "EXPLORER-5024"}
[2026-04-18 20:26:05.465 +0700] [EVENT] [cadence.virtuoso.ade.pointevaluator] - NewPoint {"history": "ExplorerRun.0", "point": 1, "testname": "mydesign_core_1", "event": "NewPoint", "EventSource": "ADE GUI", "HistoryName": "ExplorerRun.0", "logFile": "/home/dtvt_13/duyDUT/logs_dtvt_13/logs0/virtuoso_ade_debug.log", "logFileSize": "233588"}
[2026-04-18 20:26:05.466 +0700] [INFO] [cadence.virtuoso.ade.pointevaluator] - Started netlisting {"history": "ExplorerRun.0", "point": 1, "testname": "mydesign_core_1"}
[2026-04-18 20:26:05.968 +0700] [INFO] [cadence.virtuoso.ade.pointevaluator] - Finished netlisting {"history": "ExplorerRun.0", "point": 1, "testname": "mydesign_core_1"}
[2026-04-18 20:26:05.968 +0700] [INFO] [cadence.virtuoso.ade.pointevaluator] - Submitted {"history": "ExplorerRun.0", "point": 1, "testname": "mydesign_core_1"}
[2026-04-18 20:26:10.130 +0700] [PROCESS] [cadence.virtuoso.ade.gui] - /home/dtvt_13/duyDUT/.tmp_dtvt_13/.cmddir0/swiftLoggingService53 is starting {"logfile": "/home/dtvt_13/duyDUT/logs_dtvt_13/logs0/LoggingService53.log"}
[2026-04-18 20:26:10.251 +0700] [PROCESS] [cadence.virtuoso.ade.gui] - /home/dtvt_13/duyDUT/.tmp_dtvt_13/.cmddir0/swiftJob54 is starting {"logfile": "/home/dtvt_13/duyDUT/logs_dtvt_13/logs0/Job54.log"}
[2026-04-18 20:26:10.252 +0700] [PROCESS] [cadence.virtuoso.ade.gui] - Logging Service '22027' is starting up on host 'dtvt_13' {"logfile": "/home/dtvt_13/duyDUT/logs_dtvt_13/logs0/LoggingService53.log"}
[2026-04-18 20:26:10.358 +0700] [PROCESS] [cadence.virtuoso.ade.gui] - Simulation Monitor process '22052' is starting up on host 'dtvt_13' {"logfile": "/home/dtvt_13/duyDUT/logs_dtvt_13/logs0/Job54.log"}
[2026-04-18 20:26:22.793 +0700] [PROCESS] [cadence.virtuoso.ade.gui] - ln: failed to create symbolic link '/home/dtvt_13/simulation/mydesign/core/maestro/results/maestro/ExplorerRun.0/1/mydesign_core_1/netlist/exprOutputs.log': File exists
 {"logfile": "/home/dtvt_13/duyDUT/logs_dtvt_13/logs0/Job54.log"}
[2026-04-18 20:26:22.798 +0700] [PROCESS] [cadence.virtuoso.ade.gui] - ln: failed to create symbolic link '/home/dtvt_13/simulation/mydesign/core/maestro/results/maestro/ExplorerRun.0/1/mydesign_core_1/netlist/amps_evaluator.log': File exists
 {"logfile": "/home/dtvt_13/duyDUT/logs_dtvt_13/logs0/Job54.log"}
[2026-04-18 20:26:23.880 +0700] [INFO] [cadence.virtuoso.ade.gui] - Point completed {"history": "ExplorerRun.0", "point": 1, "testname": "mydesign_core_1"}
[2026-04-18 20:26:23.889 +0700] [EVENT] [cadence.virtuoso.ade.gui] - HistoryFinished {"history": "ExplorerRun.0", "point": 1, "testname": "mydesign_core_1", "event": "HistoryFinished", "EventSource": "ADE GUI", "HistoryName": "ExplorerRun.0"}
[2026-04-18 20:35:55.672 +0700] [EVENT] [cadence.virtuoso.ade.gui] - NewHistoryCreated {"history": "ExplorerRun.0", "point": 1, "testname": "mydesign_core_1", "event": "NewHistoryCreated", "EventSource": "ADE GUI", "HistoryName": "ExplorerRun.0", "WorkDir": "/home/dtvt_13/duyDUT", "HistorySimDir": "/home/dtvt_13/simulation/mydesign/core/maestro/results/maestro/ExplorerRun.0", "HistoryResultsDir": "/home/dtvt_13/duyDUT/mydesign/core/maestro/results/maestro"}
[2026-04-18 20:35:55.675 +0700] [PROCESS] [cadence.virtuoso.ade.gui] - History Setup {"hostname": "dtvt_13", "processid": 13079, "history": "ExplorerRun.0", "testname": "mydesign_core_1", "point": 1, "logfile": "/home/dtvt_13/duyDUT/logs_dtvt_13/logs0/virtuoso_ade_debug.log", "jobmode": "LSCS", "runmode": "Single Run, Sweeps and Corners", "lib": "mydesign", "cell": "core", "view": "maestro", "icversion": "sub-version  IC6.1.8-64b.500.28 ", "runstart": "Sat Apr 18 20:35:55 2026\n", "timezonelocal": "+000", "spectreversion": "unknown", "jobpolicyname": "", "maxjobs": "unknown", "ncjobpolicyname": "", "ncmaxjobs": "unknown", "numtests": "1", "runfinished": "unknown", "runelapsed": "-1", "numcorners": "1"}
[2026-04-18 20:35:56.329 +0700] [INFO] [cadence.virtuoso.ade.gui] - Simulation will use spectre batch mode because the GCC version used by Spectre and Virtuoso are not compatible. {"history": "ExplorerRun.0", "point": 1, "testname": "mydesign_core_1", "detailed_message": "", "message_id": "EXPLORER-5024"}
[2026-04-18 20:35:56.354 +0700] [EVENT] [cadence.virtuoso.ade.pointevaluator] - NewPoint {"history": "ExplorerRun.0", "point": 1, "testname": "mydesign_core_1", "event": "NewPoint", "EventSource": "ADE GUI", "HistoryName": "ExplorerRun.0", "logFile": "/home/dtvt_13/duyDUT/logs_dtvt_13/logs0/virtuoso_ade_debug.log", "logFileSize": "237761"}
[2026-04-18 20:35:56.354 +0700] [INFO] [cadence.virtuoso.ade.pointevaluator] - Started netlisting {"history": "ExplorerRun.0", "point": 1, "testname": "mydesign_core_1"}
[2026-04-18 20:35:56.971 +0700] [INFO] [cadence.virtuoso.ade.pointevaluator] - Finished netlisting {"history": "ExplorerRun.0", "point": 1, "testname": "mydesign_core_1"}
[2026-04-18 20:35:56.971 +0700] [INFO] [cadence.virtuoso.ade.pointevaluator] - Submitted {"history": "ExplorerRun.0", "point": 1, "testname": "mydesign_core_1"}
[2026-04-18 20:36:01.225 +0700] [PROCESS] [cadence.virtuoso.ade.gui] - /home/dtvt_13/duyDUT/.tmp_dtvt_13/.cmddir0/swiftJob55 is starting {"logfile": "/home/dtvt_13/duyDUT/logs_dtvt_13/logs0/Job55.log"}
[2026-04-18 20:36:01.334 +0700] [PROCESS] [cadence.virtuoso.ade.gui] - Simulation Monitor process '24361' is starting up on host 'dtvt_13' {"logfile": "/home/dtvt_13/duyDUT/logs_dtvt_13/logs0/Job55.log"}
[2026-04-18 20:36:24.486 +0700] [PROCESS] [cadence.virtuoso.ade.gui] - ln: failed to create symbolic link '/home/dtvt_13/simulation/mydesign/core/maestro/results/maestro/ExplorerRun.0/1/mydesign_core_1/netlist/exprOutputs.log': File exists
 {"logfile": "/home/dtvt_13/duyDUT/logs_dtvt_13/logs0/Job55.log"}
[2026-04-18 20:36:24.492 +0700] [PROCESS] [cadence.virtuoso.ade.gui] - ln: failed to create symbolic link '/home/dtvt_13/simulation/mydesign/core/maestro/results/maestro/ExplorerRun.0/1/mydesign_core_1/netlist/amps_evaluator.log': File exists
 {"logfile": "/home/dtvt_13/duyDUT/logs_dtvt_13/logs0/Job55.log"}
[2026-04-18 20:36:25.879 +0700] [INFO] [cadence.virtuoso.ade.gui] - Point completed {"history": "ExplorerRun.0", "point": 1, "testname": "mydesign_core_1"}
[2026-04-18 20:36:25.888 +0700] [EVENT] [cadence.virtuoso.ade.gui] - HistoryFinished {"history": "ExplorerRun.0", "point": 1, "testname": "mydesign_core_1", "event": "HistoryFinished", "EventSource": "ADE GUI", "HistoryName": "ExplorerRun.0"}
[2026-04-18 20:51:32.436 +0700] [PROCESS] [cadence.virtuoso.ade.gui] - Logging Service '22027' stopped with exit code '0' {"logfile": "/home/dtvt_13/duyDUT/logs_dtvt_13/logs0/LoggingService53.log"}
[2026-04-18 22:12:48.398 +0700] [EVENT] [cadence.virtuoso.ade.gui] - NewHistoryCreated {"history": "ExplorerRun.0", "point": 1, "testname": "gmIdwl_WL_1", "event": "NewHistoryCreated", "EventSource": "ADE GUI", "HistoryName": "ExplorerRun.0", "WorkDir": "/home/dtvt_13/duyDUT", "HistorySimDir": "/home/dtvt_13/simulation/gmIdwl/WL/maestro/results/maestro/ExplorerRun.0", "HistoryResultsDir": "/home/dtvt_13/duyDUT/skywater130/gmIdwl/WL/maestro/results/maestro"}
[2026-04-18 22:12:48.400 +0700] [PROCESS] [cadence.virtuoso.ade.gui] - History Setup {"hostname": "dtvt_13", "processid": 13079, "history": "ExplorerRun.0", "testname": "gmIdwl_WL_1", "point": 1, "logfile": "/home/dtvt_13/duyDUT/logs_dtvt_13/logs0/virtuoso_ade_debug.log", "jobmode": "LSCS", "runmode": "Single Run, Sweeps and Corners", "lib": "gmIdwl", "cell": "WL", "view": "maestro", "icversion": "sub-version  IC6.1.8-64b.500.28 ", "runstart": "Sat Apr 18 22:12:48 2026\n", "timezonelocal": "+000", "spectreversion": "unknown", "jobpolicyname": "", "maxjobs": "unknown", "ncjobpolicyname": "", "ncmaxjobs": "unknown", "numtests": "1", "runfinished": "unknown", "runelapsed": "-1", "numcorners": "1"}
[2026-04-18 22:12:49.027 +0700] [INFO] [cadence.virtuoso.ade.gui] - Simulation will use spectre batch mode because the GCC version used by Spectre and Virtuoso are not compatible. {"history": "ExplorerRun.0", "point": 1, "testname": "gmIdwl_WL_1", "detailed_message": "", "message_id": "EXPLORER-5024"}
[2026-04-18 22:12:49.052 +0700] [EVENT] [cadence.virtuoso.ade.pointevaluator] - NewPoint {"history": "ExplorerRun.0", "point": 1, "testname": "gmIdwl_WL_1", "event": "NewPoint", "EventSource": "ADE GUI", "HistoryName": "ExplorerRun.0", "logFile": "/home/dtvt_13/duyDUT/logs_dtvt_13/logs0/virtuoso_ade_debug.log", "logFileSize": "241692"}
[2026-04-18 22:12:49.052 +0700] [INFO] [cadence.virtuoso.ade.pointevaluator] - Started netlisting {"history": "ExplorerRun.0", "point": 1, "testname": "gmIdwl_WL_1"}
[2026-04-18 22:12:49.564 +0700] [INFO] [cadence.virtuoso.ade.pointevaluator] - Finished netlisting {"history": "ExplorerRun.0", "point": 1, "testname": "gmIdwl_WL_1"}
[2026-04-18 22:12:49.564 +0700] [INFO] [cadence.virtuoso.ade.pointevaluator] - Submitted {"history": "ExplorerRun.0", "point": 1, "testname": "gmIdwl_WL_1"}
[2026-04-18 22:12:53.559 +0700] [PROCESS] [cadence.virtuoso.ade.gui] - /home/dtvt_13/duyDUT/.tmp_dtvt_13/.cmddir0/swiftLoggingService56 is starting {"logfile": "/home/dtvt_13/duyDUT/logs_dtvt_13/logs0/LoggingService56.log"}
[2026-04-18 22:12:53.682 +0700] [PROCESS] [cadence.virtuoso.ade.gui] - /home/dtvt_13/duyDUT/.tmp_dtvt_13/.cmddir0/swiftJob57 is starting {"logfile": "/home/dtvt_13/duyDUT/logs_dtvt_13/logs0/Job57.log"}
[2026-04-18 22:12:53.683 +0700] [PROCESS] [cadence.virtuoso.ade.gui] - Logging Service '1587' is starting up on host 'dtvt_13' {"logfile": "/home/dtvt_13/duyDUT/logs_dtvt_13/logs0/LoggingService56.log"}
[2026-04-18 22:12:53.789 +0700] [PROCESS] [cadence.virtuoso.ade.gui] - Simulation Monitor process '1619' is starting up on host 'dtvt_13' {"logfile": "/home/dtvt_13/duyDUT/logs_dtvt_13/logs0/Job57.log"}
[2026-04-18 22:13:16.476 +0700] [PROCESS] [cadence.virtuoso.ade.gui] - ln: failed to create symbolic link '/home/dtvt_13/simulation/gmIdwl/WL/maestro/results/maestro/ExplorerRun.0/1/gmIdwl_WL_1/netlist/exprOutputs.log': File exists
 {"logfile": "/home/dtvt_13/duyDUT/logs_dtvt_13/logs0/Job57.log"}
[2026-04-18 22:13:16.483 +0700] [PROCESS] [cadence.virtuoso.ade.gui] - ln: failed to create symbolic link '/home/dtvt_13/simulation/gmIdwl/WL/maestro/results/maestro/ExplorerRun.0/1/gmIdwl_WL_1/netlist/amps_evaluator.log': File exists
 {"logfile": "/home/dtvt_13/duyDUT/logs_dtvt_13/logs0/Job57.log"}
[2026-04-18 22:13:17.381 +0700] [INFO] [cadence.virtuoso.ade.gui] - Point completed {"history": "ExplorerRun.0", "point": 1, "testname": "gmIdwl_WL_1"}
[2026-04-18 22:13:17.393 +0700] [EVENT] [cadence.virtuoso.ade.gui] - HistoryFinished {"history": "ExplorerRun.0", "point": 1, "testname": "gmIdwl_WL_1", "event": "HistoryFinished", "EventSource": "ADE GUI", "HistoryName": "ExplorerRun.0"}
[2026-04-18 22:28:26.217 +0700] [PROCESS] [cadence.virtuoso.ade.gui] - Logging Service '1587' stopped with exit code '0' {"logfile": "/home/dtvt_13/duyDUT/logs_dtvt_13/logs0/LoggingService56.log"}
